<?xml version="1.0" encoding="utf-8"?>
<Screenshot xmlns:xsd="http://www.w3.org/2001/XMLSchema" xmlns:xsi="http://www.w3.org/2001/XMLSchema-instance">
  <Cars />
  <MyCar>
    <Position>
      <X>-2345.42188</X>
      <Y>-285.302673</Y>
      <Z>13.6474028</Z>
    </Position>
    <Rotation>
      <X>0.6365609</X>
      <Y>0.140372977</Y>
      <Z>48.5384369</Z>
    </Rotation>
    <Handle>663810</Handle>
    <Bounds>
      <Vector3>
        <X>-2344.18872</X>
        <Y>-287.757477</Y>
        <Z>12.8935862</Z>
      </Vector3>
      <Vector3>
        <X>-2342.83618</X>
        <Y>-286.226654</Y>
        <Z>12.8885813</Z>
      </Vector3>
      <Vector3>
        <X>-2348.022</X>
        <Y>-284.370453</Y>
        <Z>12.9504194</Z>
      </Vector3>
      <Vector3>
        <X>-2344.174</X>
        <Y>-287.765533</Y>
        <Z>14.3493891</Z>
      </Vector3>
      <Vector3>
        <X>-2346.66943</X>
        <Y>-282.83963</Y>
        <Z>12.9454145</Z>
      </Vector3>
      <Vector3>
        <X>-2342.82153</X>
        <Y>-286.2347</Y>
        <Z>14.3443842</Z>
      </Vector3>
      <Vector3>
        <X>-2348.00757</X>
        <Y>-284.3785</Y>
        <Z>14.4062223</Z>
      </Vector3>
      <Vector3>
        <X>-2346.655</X>
        <Y>-282.8477</Y>
        <Z>14.4012184</Z>
      </Vector3>
    </Bounds>
    <CenterCamPosition>
      <X>0</X>
      <Y>0</Y>
    </CenterCamPosition>
    <ScreenBounds />
    <DistanceToCam>0</DistanceToCam>
    <Speed>3.5697422</Speed>
    <AccInput>0</AccInput>
    <RPM>1.35798967</RPM>
    <Gear>0</Gear>
    <SteeringAngle>5.853084E-41</SteeringAngle>
    <WheelSpeed>0</WheelSpeed>
    <CarType>Sports</CarType>
  </MyCar>
  <Peds />
  <Time>123867</Time>
  <LastFrameTime>0.0301701371</LastFrameTime>
  <MyProperty>0</MyProperty>
  <Weather>Clear</Weather>
  <Steering>120</Steering>
  <Acc>183</Acc>
  <Brake>169</Brake>
  <DayTime>15:16:13</DayTime>
  <Position>
    <X>-2346.22876</X>
    <Y>-284.580963</Y>
    <Z>14.5593472</Z>
  </Position>
  <Rotation>
    <X>0.12896955</X>
    <Y>0.639409363</Y>
    <Z>48.43863</Z>
  </Rotation>
</Screenshot>