<?xml version="1.0" encoding="utf-8"?>
<Screenshot xmlns:xsd="http://www.w3.org/2001/XMLSchema" xmlns:xsi="http://www.w3.org/2001/XMLSchema-instance">
  <Cars />
  <MyCar>
    <Position>
      <X>-2345.52075</X>
      <Y>-285.2193</Y>
      <Z>13.6488161</Z>
    </Position>
    <Rotation>
      <X>0.6464562</X>
      <Y>0.141989</Y>
      <Z>48.6602669</Z>
    </Rotation>
    <Handle>663810</Handle>
    <Bounds>
      <Vector3>
        <X>-2344.28247</X>
        <Y>-287.671417</Y>
        <Z>12.8945875</Z>
      </Vector3>
      <Vector3>
        <X>-2342.933</X>
        <Y>-286.137726</Y>
        <Z>12.8895254</Z>
      </Vector3>
      <Vector3>
        <X>-2348.1228</X>
        <Y>-284.292542</Y>
        <Z>12.9523048</Z>
      </Vector3>
      <Vector3>
        <X>-2344.26782</X>
        <Y>-287.679565</Y>
        <Z>14.3503885</Z>
      </Vector3>
      <Vector3>
        <X>-2346.77368</X>
        <Y>-282.75885</Y>
        <Z>12.9472427</Z>
      </Vector3>
      <Vector3>
        <X>-2342.91846</X>
        <Y>-286.145874</Y>
        <Z>14.3453255</Z>
      </Vector3>
      <Vector3>
        <X>-2348.10815</X>
        <Y>-284.3007</Y>
        <Z>14.4081049</Z>
      </Vector3>
      <Vector3>
        <X>-2346.759</X>
        <Y>-282.767</Y>
        <Z>14.4030428</Z>
      </Vector3>
    </Bounds>
    <CenterCamPosition>
      <X>0</X>
      <Y>0</Y>
    </CenterCamPosition>
    <ScreenBounds />
    <DistanceToCam>0</DistanceToCam>
    <Speed>3.59898543</Speed>
    <AccInput>0</AccInput>
    <RPM>1.35798967</RPM>
    <Gear>0</Gear>
    <SteeringAngle>5.853084E-41</SteeringAngle>
    <WheelSpeed>0</WheelSpeed>
    <CarType>Sports</CarType>
  </MyCar>
  <Peds />
  <Time>123903</Time>
  <LastFrameTime>0.035986457</LastFrameTime>
  <MyProperty>0</MyProperty>
  <Weather>Clear</Weather>
  <Steering>120</Steering>
  <Acc>183</Acc>
  <Brake>169</Brake>
  <DayTime>15:16:13</DayTime>
  <Position>
    <X>-2346.312</X>
    <Y>-284.513123</Y>
    <Z>14.5606766</Z>
  </Position>
  <Rotation>
    <X>0.136569411</X>
    <Y>0.6403712</Y>
    <Z>48.53996</Z>
  </Rotation>
</Screenshot>