<?xml version="1.0" encoding="utf-8"?>
<Screenshot xmlns:xsd="http://www.w3.org/2001/XMLSchema" xmlns:xsi="http://www.w3.org/2001/XMLSchema-instance">
  <Cars />
  <MyCar>
    <Position>
      <X>-2345.74243</X>
      <Y>-285.03302</Y>
      <Z>13.6519709</Z>
    </Position>
    <Rotation>
      <X>0.666862667</X>
      <Y>0.140633658</Y>
      <Z>48.91905</Z>
    </Rotation>
    <Handle>663810</Handle>
    <Bounds>
      <Vector3>
        <X>-2344.49316</X>
        <Y>-287.47934</Y>
        <Z>12.8968105</Z>
      </Vector3>
      <Vector3>
        <X>-2343.151</X>
        <Y>-285.939575</Y>
        <Z>12.8917971</Z>
      </Vector3>
      <Vector3>
        <X>-2348.34888</X>
        <Y>-284.117859</Y>
        <Z>12.9563494</Z>
      </Vector3>
      <Vector3>
        <X>-2344.478</X>
        <Y>-287.487762</Y>
        <Z>14.3526049</Z>
      </Vector3>
      <Vector3>
        <X>-2347.00659</X>
        <Y>-282.5781</Y>
        <Z>12.951335</Z>
      </Vector3>
      <Vector3>
        <X>-2343.13574</X>
        <Y>-285.948</Y>
        <Z>14.3475914</Z>
      </Vector3>
      <Vector3>
        <X>-2348.33374</X>
        <Y>-284.126282</Y>
        <Z>14.4121437</Z>
      </Vector3>
      <Vector3>
        <X>-2346.99146</X>
        <Y>-282.586517</Y>
        <Z>14.4071293</Z>
      </Vector3>
    </Bounds>
    <CenterCamPosition>
      <X>0</X>
      <Y>0</Y>
    </CenterCamPosition>
    <ScreenBounds />
    <DistanceToCam>0</DistanceToCam>
    <Speed>3.664023</Speed>
    <AccInput>0</AccInput>
    <RPM>1.35798967</RPM>
    <Gear>0</Gear>
    <SteeringAngle>5.853084E-41</SteeringAngle>
    <WheelSpeed>0</WheelSpeed>
    <CarType>Sports</CarType>
  </MyCar>
  <Peds />
  <Time>123983</Time>
  <LastFrameTime>0.048312</LastFrameTime>
  <MyProperty>0</MyProperty>
  <Weather>Clear</Weather>
  <Steering>123</Steering>
  <Acc>183</Acc>
  <Brake>169</Brake>
  <DayTime>15:16:13</DayTime>
  <Position>
    <X>-2346.50024</X>
    <Y>-284.360718</Y>
    <Z>14.5636826</Z>
  </Position>
  <Rotation>
    <X>0.1541059</X>
    <Y>0.642289937</Y>
    <Z>48.7671</Z>
  </Rotation>
</Screenshot>