<?xml version="1.0" encoding="utf-8"?>
<Screenshot xmlns:xsd="http://www.w3.org/2001/XMLSchema" xmlns:xsi="http://www.w3.org/2001/XMLSchema-instance">
  <Cars />
  <MyCar>
    <Position>
      <X>-2345.60718</X>
      <Y>-285.146576</Y>
      <Z>13.6500444</Z>
    </Position>
    <Rotation>
      <X>0.6540962</X>
      <Y>0.142292231</Y>
      <Z>48.765377</Z>
    </Rotation>
    <Handle>663810</Handle>
    <Bounds>
      <Vector3>
        <X>-2344.3645</X>
        <Y>-287.596344</Y>
        <Z>12.8954821</Z>
      </Vector3>
      <Vector3>
        <X>-2343.018</X>
        <Y>-286.060181</Y>
        <Z>12.8904085</Z>
      </Vector3>
      <Vector3>
        <X>-2348.21118</X>
        <Y>-284.224548</Y>
        <Z>12.95388</Z>
      </Vector3>
      <Vector3>
        <X>-2344.34961</X>
        <Y>-287.604584</Y>
        <Z>14.3512793</Z>
      </Vector3>
      <Vector3>
        <X>-2346.86475</X>
        <Y>-282.6884</Y>
        <Z>12.9488077</Z>
      </Vector3>
      <Vector3>
        <X>-2343.00317</X>
        <Y>-286.06842</Y>
        <Z>14.3462067</Z>
      </Vector3>
      <Vector3>
        <X>-2348.19629</X>
        <Y>-284.2328</Y>
        <Z>14.4096785</Z>
      </Vector3>
      <Vector3>
        <X>-2346.84985</X>
        <Y>-282.696625</Y>
        <Z>14.4046059</Z>
      </Vector3>
    </Bounds>
    <CenterCamPosition>
      <X>0</X>
      <Y>0</Y>
    </CenterCamPosition>
    <ScreenBounds />
    <DistanceToCam>0</DistanceToCam>
    <Speed>3.62418413</Speed>
    <AccInput>0</AccInput>
    <RPM>1.35798967</RPM>
    <Gear>0</Gear>
    <SteeringAngle>5.853084E-41</SteeringAngle>
    <WheelSpeed>0</WheelSpeed>
    <CarType>Sports</CarType>
  </MyCar>
  <Peds />
  <Time>123935</Time>
  <LastFrameTime>0.0312152375</LastFrameTime>
  <MyProperty>0</MyProperty>
  <Weather>Clear</Weather>
  <Steering>122</Steering>
  <Acc>183</Acc>
  <Brake>169</Brake>
  <DayTime>15:16:13</DayTime>
  <Position>
    <X>-2346.4126</X>
    <Y>-284.431732</Y>
    <Z>14.562295</Z>
  </Position>
  <Rotation>
    <X>0.146465376</X>
    <Y>0.641986966</Y>
    <Z>48.6619072</Z>
  </Rotation>
</Screenshot>