<?xml version="1.0" encoding="utf-8"?>
<Screenshot xmlns:xsd="http://www.w3.org/2001/XMLSchema" xmlns:xsi="http://www.w3.org/2001/XMLSchema-instance">
  <Cars />
  <MyCar>
    <Position>
      <X>-2345.88965</X>
      <Y>-284.909241</Y>
      <Z>13.6540718</Z>
    </Position>
    <Rotation>
      <X>0.6800039</X>
      <Y>0.1376724</Y>
      <Z>49.0693741</Z>
    </Rotation>
    <Handle>663810</Handle>
    <Bounds>
      <Vector3>
        <X>-2344.634</X>
        <Y>-287.3521</Y>
        <Z>12.8982735</Z>
      </Vector3>
      <Vector3>
        <X>-2343.296</X>
        <Y>-285.808838</Y>
        <Z>12.8933659</Z>
      </Vector3>
      <Vector3>
        <X>-2348.49854</X>
        <Y>-284.0008</Y>
        <Z>12.9589863</Z>
      </Vector3>
      <Vector3>
        <X>-2344.619</X>
        <Y>-287.3608</Y>
        <Z>14.3540649</Z>
      </Vector3>
      <Vector3>
        <X>-2347.1604</X>
        <Y>-282.4575</Y>
        <Z>12.9540777</Z>
      </Vector3>
      <Vector3>
        <X>-2343.28052</X>
        <Y>-285.8175</Y>
        <Z>14.3491564</Z>
      </Vector3>
      <Vector3>
        <X>-2348.4834</X>
        <Y>-284.00946</Y>
        <Z>14.4147768</Z>
      </Vector3>
      <Vector3>
        <X>-2347.145</X>
        <Y>-282.4662</Y>
        <Z>14.4098682</Z>
      </Vector3>
    </Bounds>
    <CenterCamPosition>
      <X>0</X>
      <Y>0</Y>
    </CenterCamPosition>
    <ScreenBounds />
    <DistanceToCam>0</DistanceToCam>
    <Speed>3.70654154</Speed>
    <AccInput>0</AccInput>
    <RPM>1.35798967</RPM>
    <Gear>0</Gear>
    <SteeringAngle>5.853084E-41</SteeringAngle>
    <WheelSpeed>0</WheelSpeed>
    <CarType>Sports</CarType>
  </MyCar>
  <Peds />
  <Time>124035</Time>
  <LastFrameTime>0.03286853</LastFrameTime>
  <MyProperty>0</MyProperty>
  <Weather>Clear</Weather>
  <Steering>126</Steering>
  <Acc>183</Acc>
  <Brake>169</Brake>
  <DayTime>15:16:13</DayTime>
  <Position>
    <X>-2346.69238</X>
    <Y>-284.205139</Y>
    <Z>14.5667477</Z>
  </Position>
  <Rotation>
    <X>0.171496376</X>
    <Y>0.640028059</Y>
    <Z>48.9796333</Z>
  </Rotation>
</Screenshot>