<?xml version="1.0" encoding="utf-8"?>
<Screenshot xmlns:xsd="http://www.w3.org/2001/XMLSchema" xmlns:xsi="http://www.w3.org/2001/XMLSchema-instance">
  <Cars />
  <MyCar>
    <Position>
      <X>-2345.98364</X>
      <Y>-284.830048</Y>
      <Z>13.6554127</Z>
    </Position>
    <Rotation>
      <X>0.6879543</X>
      <Y>0.134600163</Y>
      <Z>49.1489944</Z>
    </Rotation>
    <Handle>663810</Handle>
    <Bounds>
      <Vector3>
        <X>-2344.72485</X>
        <Y>-287.2711</Y>
        <Z>12.8992062</Z>
      </Vector3>
      <Vector3>
        <X>-2343.38867</X>
        <Y>-285.725952</Y>
        <Z>12.8944073</Z>
      </Vector3>
      <Vector3>
        <X>-2348.594</X>
        <Y>-283.9251</Y>
        <Z>12.9606276</Z>
      </Vector3>
      <Vector3>
        <X>-2344.70923</X>
        <Y>-287.279938</Y>
        <Z>14.3549948</Z>
      </Vector3>
      <Vector3>
        <X>-2347.25781</X>
        <Y>-282.379974</Y>
        <Z>12.95583</Z>
      </Vector3>
      <Vector3>
        <X>-2343.37329</X>
        <Y>-285.734772</Y>
        <Z>14.3501959</Z>
      </Vector3>
      <Vector3>
        <X>-2348.57837</X>
        <Y>-283.93396</Y>
        <Z>14.4164162</Z>
      </Vector3>
      <Vector3>
        <X>-2347.24243</X>
        <Y>-282.388824</Y>
        <Z>14.4116173</Z>
      </Vector3>
    </Bounds>
    <CenterCamPosition>
      <X>0</X>
      <Y>0</Y>
    </CenterCamPosition>
    <ScreenBounds />
    <DistanceToCam>0</DistanceToCam>
    <Speed>3.73323584</Speed>
    <AccInput>0</AccInput>
    <RPM>1.35798967</RPM>
    <Gear>0</Gear>
    <SteeringAngle>5.853084E-41</SteeringAngle>
    <WheelSpeed>0</WheelSpeed>
    <CarType>Sports</CarType>
  </MyCar>
  <Peds />
  <Time>124068</Time>
  <LastFrameTime>0.03299017</LastFrameTime>
  <MyProperty>0</MyProperty>
  <Weather>Clear</Weather>
  <Steering>127</Steering>
  <Acc>183</Acc>
  <Brake>169</Brake>
  <DayTime>15:16:13</DayTime>
  <Position>
    <X>-2346.78662</X>
    <Y>-284.128448</Y>
    <Z>14.5682478</Z>
  </Position>
  <Rotation>
    <X>0.180014983</X>
    <Y>0.6376693</Y>
    <Z>49.071373</Z>
  </Rotation>
</Screenshot>