<?xml version="1.0" encoding="utf-8"?>
<Screenshot xmlns:xsd="http://www.w3.org/2001/XMLSchema" xmlns:xsi="http://www.w3.org/2001/XMLSchema-instance">
  <Cars />
  <MyCar>
    <Position>
      <X>-2345.79663</X>
      <Y>-284.987457</Y>
      <Z>13.6527491</Z>
    </Position>
    <Rotation>
      <X>0.671485662</X>
      <Y>0.14003101</Y>
      <Z>48.97772</Z>
    </Rotation>
    <Handle>663810</Handle>
    <Bounds>
      <Vector3>
        <X>-2344.545</X>
        <Y>-287.432434</Y>
        <Z>12.8973722</Z>
      </Vector3>
      <Vector3>
        <X>-2343.204</X>
        <Y>-285.8913</Y>
        <Z>12.89238</Z>
      </Vector3>
      <Vector3>
        <X>-2348.404</X>
        <Y>-284.074921</Y>
        <Z>12.957324</Z>
      </Vector3>
      <Vector3>
        <X>-2344.52979</X>
        <Y>-287.440948</Y>
        <Z>14.3531656</Z>
      </Vector3>
      <Vector3>
        <X>-2347.06323</X>
        <Y>-282.533783</Y>
        <Z>12.9523315</Z>
      </Vector3>
      <Vector3>
        <X>-2343.189</X>
        <Y>-285.8998</Y>
        <Z>14.3481731</Z>
      </Vector3>
      <Vector3>
        <X>-2348.389</X>
        <Y>-284.083435</Y>
        <Z>14.4131165</Z>
      </Vector3>
      <Vector3>
        <X>-2347.048</X>
        <Y>-282.5423</Y>
        <Z>14.408124</Z>
      </Vector3>
    </Bounds>
    <CenterCamPosition>
      <X>0</X>
      <Y>0</Y>
    </CenterCamPosition>
    <ScreenBounds />
    <DistanceToCam>0</DistanceToCam>
    <Speed>3.67977929</Speed>
    <AccInput>0</AccInput>
    <RPM>1.35798967</RPM>
    <Gear>0</Gear>
    <SteeringAngle>5.853084E-41</SteeringAngle>
    <WheelSpeed>0</WheelSpeed>
    <CarType>Sports</CarType>
  </MyCar>
  <Peds />
  <Time>124002</Time>
  <LastFrameTime>0.0192825366</LastFrameTime>
  <MyProperty>0</MyProperty>
  <Weather>Clear</Weather>
  <Steering>124</Steering>
  <Acc>183</Acc>
  <Brake>169</Brake>
  <DayTime>15:16:13</DayTime>
  <Position>
    <X>-2346.63745</X>
    <Y>-284.249725</Y>
    <Z>14.5658741</Z>
  </Position>
  <Rotation>
    <X>0.166873068</X>
    <Y>0.64063096</Y>
    <Z>48.92091</Z>
  </Rotation>
</Screenshot>