<?xml version="1.0" encoding="utf-8"?>
<Screenshot xmlns:xsd="http://www.w3.org/2001/XMLSchema" xmlns:xsi="http://www.w3.org/2001/XMLSchema-instance">
  <Cars />
  <MyCar>
    <Position>
      <X>-2346.18</X>
      <Y>-284.663971</Y>
      <Z>13.6582212</Z>
    </Position>
    <Rotation>
      <X>0.705279768</X>
      <Y>0.128158554</Y>
      <Z>49.2670135</Z>
    </Rotation>
    <Handle>663810</Handle>
    <Bounds>
      <Vector3>
        <X>-2344.91626</X>
        <Y>-287.1022</Y>
        <Z>12.9011288</Z>
      </Vector3>
      <Vector3>
        <X>-2343.58325</X>
        <Y>-285.5543</Y>
        <Z>12.89656</Z>
      </Vector3>
      <Vector3>
        <X>-2348.79224</X>
        <Y>-283.764221</Y>
        <Z>12.964098</Z>
      </Vector3>
      <Vector3>
        <X>-2344.90039</X>
        <Y>-287.11142</Y>
        <Z>14.3569126</Z>
      </Vector3>
      <Vector3>
        <X>-2347.45923</X>
        <Y>-282.216339</Y>
        <Z>12.9595289</Z>
      </Vector3>
      <Vector3>
        <X>-2343.56763</X>
        <Y>-285.563538</Y>
        <Z>14.3523436</Z>
      </Vector3>
      <Vector3>
        <X>-2348.77637</X>
        <Y>-283.773468</Y>
        <Z>14.4198809</Z>
      </Vector3>
      <Vector3>
        <X>-2347.4436</X>
        <Y>-282.225555</Y>
        <Z>14.4153118</Z>
      </Vector3>
    </Bounds>
    <CenterCamPosition>
      <X>0</X>
      <Y>0</Y>
    </CenterCamPosition>
    <ScreenBounds />
    <DistanceToCam>0</DistanceToCam>
    <Speed>3.78768468</Speed>
    <AccInput>0</AccInput>
    <RPM>1.35798967</RPM>
    <Gear>0</Gear>
    <SteeringAngle>5.853084E-41</SteeringAngle>
    <WheelSpeed>0</WheelSpeed>
    <CarType>Sports</CarType>
  </MyCar>
  <Peds />
  <Time>124136</Time>
  <LastFrameTime>0.0195717383</LastFrameTime>
  <MyProperty>0</MyProperty>
  <Weather>Clear</Weather>
  <Steering>127</Steering>
  <Acc>182</Acc>
  <Brake>169</Brake>
  <DayTime>15:16:13</DayTime>
  <Position>
    <X>-2347.02246</X>
    <Y>-283.934052</Y>
    <Z>14.5720158</Z>
  </Position>
  <Rotation>
    <X>0.200902745</X>
    <Y>0.6290441</Y>
    <Z>49.23966</Z>
  </Rotation>
</Screenshot>