<?xml version="1.0" encoding="utf-8"?>
<Screenshot xmlns:xsd="http://www.w3.org/2001/XMLSchema" xmlns:xsi="http://www.w3.org/2001/XMLSchema-instance">
  <Cars />
  <MyCar>
    <Position>
      <X>-2346.12329</X>
      <Y>-284.711884</Y>
      <Z>13.6574059</Z>
    </Position>
    <Rotation>
      <X>0.70089066</X>
      <Y>0.12904796</Y>
      <Z>49.2374573</Z>
    </Rotation>
    <Handle>663810</Handle>
    <Bounds>
      <Vector3>
        <X>-2344.86084</X>
        <Y>-287.1508</Y>
        <Z>12.9005251</Z>
      </Vector3>
      <Vector3>
        <X>-2343.527</X>
        <Y>-285.6036</Y>
        <Z>12.8959236</Z>
      </Vector3>
      <Vector3>
        <X>-2348.735</X>
        <Y>-283.810822</Y>
        <Z>12.9631014</Z>
      </Vector3>
      <Vector3>
        <X>-2344.84521</X>
        <Y>-287.159943</Y>
        <Z>14.35631</Z>
      </Vector3>
      <Vector3>
        <X>-2347.40137</X>
        <Y>-282.263641</Y>
        <Z>12.9585009</Z>
      </Vector3>
      <Vector3>
        <X>-2343.51147</X>
        <Y>-285.612732</Y>
        <Z>14.3517084</Z>
      </Vector3>
      <Vector3>
        <X>-2348.71948</X>
        <Y>-283.819977</Y>
        <Z>14.4188862</Z>
      </Vector3>
      <Vector3>
        <X>-2347.38574</X>
        <Y>-282.272766</Y>
        <Z>14.4142857</Z>
      </Vector3>
    </Bounds>
    <CenterCamPosition>
      <X>0</X>
      <Y>0</Y>
    </CenterCamPosition>
    <ScreenBounds />
    <DistanceToCam>0</DistanceToCam>
    <Speed>3.77227044</Speed>
    <AccInput>0</AccInput>
    <RPM>1.35798967</RPM>
    <Gear>0</Gear>
    <SteeringAngle>5.853084E-41</SteeringAngle>
    <WheelSpeed>0</WheelSpeed>
    <CarType>Sports</CarType>
  </MyCar>
  <Peds />
  <Time>124117</Time>
  <LastFrameTime>0.0486257151</LastFrameTime>
  <MyProperty>0</MyProperty>
  <Weather>Clear</Weather>
  <Steering>127</Steering>
  <Acc>182</Acc>
  <Brake>169</Brake>
  <DayTime>15:16:13</DayTime>
  <Position>
    <X>-2346.88159</X>
    <Y>-284.050629</Y>
    <Z>14.5697536</Z>
  </Position>
  <Rotation>
    <X>0.187965855</X>
    <Y>0.6345967</Y>
    <Z>49.15107</Z>
  </Rotation>
</Screenshot>