<?xml version="1.0" encoding="utf-8"?>
<Screenshot xmlns:xsd="http://www.w3.org/2001/XMLSchema" xmlns:xsi="http://www.w3.org/2001/XMLSchema-instance">
  <Cars />
  <MyCar>
    <Position>
      <X>-2346.27</X>
      <Y>-284.587433</Y>
      <Z>13.6594658</Z>
    </Position>
    <Rotation>
      <X>0.71478647</X>
      <Y>0.12151441</Y>
      <Z>49.30506</Z>
    </Rotation>
    <Handle>663810</Handle>
    <Bounds>
      <Vector3>
        <X>-2345.00464</X>
        <Y>-287.024658</Y>
        <Z>12.9018326</Z>
      </Vector3>
      <Vector3>
        <X>-2343.67285</X>
        <Y>-285.4759</Y>
        <Z>12.8975</Z>
      </Vector3>
      <Vector3>
        <X>-2348.88281</X>
        <Y>-283.6893</Y>
        <Z>12.96565</Z>
      </Vector3>
      <Vector3>
        <X>-2344.989</X>
        <Y>-287.03418</Y>
        <Z>14.3576126</Z>
      </Vector3>
      <Vector3>
        <X>-2347.551</X>
        <Y>-282.1405</Y>
        <Z>12.9613171</Z>
      </Vector3>
      <Vector3>
        <X>-2343.657</X>
        <Y>-285.485382</Y>
        <Z>14.353281</Z>
      </Vector3>
      <Vector3>
        <X>-2348.86719</X>
        <Y>-283.6988</Y>
        <Z>14.4214306</Z>
      </Vector3>
      <Vector3>
        <X>-2347.53516</X>
        <Y>-282.150024</Y>
        <Z>14.417098</Z>
      </Vector3>
    </Bounds>
    <CenterCamPosition>
      <X>0</X>
      <Y>0</Y>
    </CenterCamPosition>
    <ScreenBounds />
    <DistanceToCam>0</DistanceToCam>
    <Speed>3.8125248</Speed>
    <AccInput>0</AccInput>
    <RPM>1.35798967</RPM>
    <Gear>0</Gear>
    <SteeringAngle>5.853084E-41</SteeringAngle>
    <WheelSpeed>0</WheelSpeed>
    <CarType>Sports</CarType>
  </MyCar>
  <Peds />
  <Time>124167</Time>
  <LastFrameTime>0.0310461223</LastFrameTime>
  <MyProperty>0</MyProperty>
  <Weather>Clear</Weather>
  <Steering>127</Steering>
  <Acc>182</Acc>
  <Brake>169</Brake>
  <DayTime>15:16:13</DayTime>
  <Position>
    <X>-2347.07935</X>
    <Y>-283.886658</Y>
    <Z>14.5729218</Z>
  </Position>
  <Rotation>
    <X>0.205292121</X>
    <Y>0.628154457</Y>
    <Z>49.26926</Z>
  </Rotation>
</Screenshot>