<?xml version="1.0" encoding="utf-8"?>
<Screenshot xmlns:xsd="http://www.w3.org/2001/XMLSchema" xmlns:xsi="http://www.w3.org/2001/XMLSchema-instance">
  <Cars />
  <MyCar>
    <Position>
      <X>-2346.469</X>
      <Y>-284.4176</Y>
      <Z>13.662324</Z>
    </Position>
    <Rotation>
      <X>0.7316298</X>
      <Y>0.118589781</Y>
      <Z>49.3578758</Z>
    </Rotation>
    <Handle>663810</Handle>
    <Bounds>
      <Vector3>
        <X>-2345.20166</X>
        <Y>-286.8535</Y>
        <Z>12.9038887</Z>
      </Vector3>
      <Vector3>
        <X>-2343.871</X>
        <Y>-285.3035</Y>
        <Z>12.8996611</Z>
      </Vector3>
      <Vector3>
        <X>-2349.08276</X>
        <Y>-283.5217</Y>
        <Z>12.96921</Z>
      </Vector3>
      <Vector3>
        <X>-2345.18555</X>
        <Y>-286.8633</Y>
        <Z>14.3596649</Z>
      </Vector3>
      <Vector3>
        <X>-2347.75244</X>
        <Y>-281.9717</Y>
        <Z>12.964982</Z>
      </Vector3>
      <Vector3>
        <X>-2343.855</X>
        <Y>-285.313324</Y>
        <Z>14.3554363</Z>
      </Vector3>
      <Vector3>
        <X>-2349.06665</X>
        <Y>-283.531525</Y>
        <Z>14.4249859</Z>
      </Vector3>
      <Vector3>
        <X>-2347.73633</X>
        <Y>-281.981537</Y>
        <Z>14.4207573</Z>
      </Vector3>
    </Bounds>
    <CenterCamPosition>
      <X>0</X>
      <Y>0</Y>
    </CenterCamPosition>
    <ScreenBounds />
    <DistanceToCam>0</DistanceToCam>
    <Speed>3.865036</Speed>
    <AccInput>0</AccInput>
    <RPM>1.35798967</RPM>
    <Gear>0</Gear>
    <SteeringAngle>5.853084E-41</SteeringAngle>
    <WheelSpeed>0</WheelSpeed>
    <CarType>Sports</CarType>
  </MyCar>
  <Peds />
  <Time>124235</Time>
  <LastFrameTime>0.0195081271</LastFrameTime>
  <MyProperty>0</MyProperty>
  <Weather>Clear</Weather>
  <Steering>127</Steering>
  <Acc>181</Acc>
  <Brake>169</Brake>
  <DayTime>15:16:13</DayTime>
  <Position>
    <X>-2347.31226</X>
    <Y>-283.690765</Y>
    <Z>14.5766611</Z>
  </Position>
  <Rotation>
    <X>0.227457613</X>
    <Y>0.619357169</Y>
    <Z>49.3477821</Z>
  </Rotation>
</Screenshot>