<?xml version="1.0" encoding="utf-8"?>
<Screenshot xmlns:xsd="http://www.w3.org/2001/XMLSchema" xmlns:xsi="http://www.w3.org/2001/XMLSchema-instance">
  <Cars />
  <MyCar>
    <Position>
      <X>-2346.60913</X>
      <Y>-284.297882</Y>
      <Z>13.6643362</Z>
    </Position>
    <Rotation>
      <X>0.744007945</X>
      <Y>0.117309161</Y>
      <Z>49.37792</Z>
    </Rotation>
    <Handle>663810</Handle>
    <Bounds>
      <Vector3>
        <X>-2345.341</X>
        <Y>-286.733215</Y>
        <Z>12.9053278</Z>
      </Vector3>
      <Vector3>
        <X>-2344.011</X>
        <Y>-285.182739</Y>
        <Z>12.9011459</Z>
      </Vector3>
      <Vector3>
        <X>-2349.22339</X>
        <Y>-283.4028</Y>
        <Z>12.9717541</Z>
      </Vector3>
      <Vector3>
        <X>-2345.32471</X>
        <Y>-286.743256</Y>
        <Z>14.3610992</Z>
      </Vector3>
      <Vector3>
        <X>-2347.89355</X>
        <Y>-281.852325</Y>
        <Z>12.9675713</Z>
      </Vector3>
      <Vector3>
        <X>-2343.99463</X>
        <Y>-285.19278</Y>
        <Z>14.3569174</Z>
      </Vector3>
      <Vector3>
        <X>-2349.207</X>
        <Y>-283.412842</Y>
        <Z>14.4275255</Z>
      </Vector3>
      <Vector3>
        <X>-2347.8772</X>
        <Y>-281.862366</Y>
        <Z>14.4233427</Z>
      </Vector3>
    </Bounds>
    <CenterCamPosition>
      <X>0</X>
      <Y>0</Y>
    </CenterCamPosition>
    <ScreenBounds />
    <DistanceToCam>0</DistanceToCam>
    <Speed>3.9006238</Speed>
    <AccInput>0</AccInput>
    <RPM>1.35798967</RPM>
    <Gear>0</Gear>
    <SteeringAngle>5.853084E-41</SteeringAngle>
    <WheelSpeed>0</WheelSpeed>
    <CarType>Sports</CarType>
  </MyCar>
  <Peds />
  <Time>124283</Time>
  <LastFrameTime>0.0473531634</LastFrameTime>
  <MyProperty>0</MyProperty>
  <Weather>Clear</Weather>
  <Steering>127</Steering>
  <Acc>181</Acc>
  <Brake>169</Brake>
  <DayTime>15:16:13</DayTime>
  <Position>
    <X>-2347.36963</X>
    <Y>-283.64212</Y>
    <Z>14.5775719</Z>
  </Position>
  <Rotation>
    <X>0.231643245</X>
    <Y>0.618584633</Y>
    <Z>49.36037</Z>
  </Rotation>
</Screenshot>