<?xml version="1.0" encoding="utf-8"?>
<Screenshot xmlns:xsd="http://www.w3.org/2001/XMLSchema" xmlns:xsi="http://www.w3.org/2001/XMLSchema-instance">
  <Cars />
  <MyCar>
    <Position>
      <X>-2346.41187</X>
      <Y>-284.4665</Y>
      <Z>13.6615</Z>
    </Position>
    <Rotation>
      <X>0.727444351</X>
      <Y>0.119362041</Y>
      <Z>49.3453255</Z>
    </Rotation>
    <Handle>663810</Handle>
    <Bounds>
      <Vector3>
        <X>-2345.145</X>
        <Y>-286.9027</Y>
        <Z>12.903265</Z>
      </Vector3>
      <Vector3>
        <X>-2343.81421</X>
        <Y>-285.353</Y>
        <Z>12.89901</Z>
      </Vector3>
      <Vector3>
        <X>-2349.02539</X>
        <Y>-283.570068</Y>
        <Z>12.9682121</Z>
      </Vector3>
      <Vector3>
        <X>-2345.129</X>
        <Y>-286.912445</Y>
        <Z>14.3590422</Z>
      </Vector3>
      <Vector3>
        <X>-2347.69458</X>
        <Y>-282.020355</Y>
        <Z>12.9639568</Z>
      </Vector3>
      <Vector3>
        <X>-2343.798</X>
        <Y>-285.362732</Y>
        <Z>14.3547859</Z>
      </Vector3>
      <Vector3>
        <X>-2349.00952</X>
        <Y>-283.5798</Y>
        <Z>14.4239893</Z>
      </Vector3>
      <Vector3>
        <X>-2347.67871</X>
        <Y>-282.0301</Y>
        <Z>14.419734</Z>
      </Vector3>
    </Bounds>
    <CenterCamPosition>
      <X>0</X>
      <Y>0</Y>
    </CenterCamPosition>
    <ScreenBounds />
    <DistanceToCam>0</DistanceToCam>
    <Speed>3.85019422</Speed>
    <AccInput>0</AccInput>
    <RPM>1.35798967</RPM>
    <Gear>0</Gear>
    <SteeringAngle>5.853084E-41</SteeringAngle>
    <WheelSpeed>0</WheelSpeed>
    <CarType>Sports</CarType>
  </MyCar>
  <Peds />
  <Time>124216</Time>
  <LastFrameTime>0.0485546552</LastFrameTime>
  <MyProperty>0</MyProperty>
  <Weather>Clear</Weather>
  <Steering>127</Steering>
  <Acc>182</Acc>
  <Brake>169</Brake>
  <DayTime>15:16:13</DayTime>
  <Position>
    <X>-2347.17</X>
    <Y>-283.8109</Y>
    <Z>14.5743637</Z>
  </Position>
  <Rotation>
    <X>0.2147991</X>
    <Y>0.62151</Y>
    <Z>49.3073921</Z>
  </Rotation>
</Screenshot>