<?xml version="1.0" encoding="utf-8"?>
<Screenshot xmlns:xsd="http://www.w3.org/2001/XMLSchema" xmlns:xsi="http://www.w3.org/2001/XMLSchema-instance">
  <Cars />
  <MyCar>
    <Position>
      <X>-2346.9082</X>
      <Y>-284.04184</Y>
      <Z>13.6686172</Z>
    </Position>
    <Rotation>
      <X>0.7682085</X>
      <Y>0.115190305</Y>
      <Z>49.39638</Z>
    </Rotation>
    <Handle>663810</Handle>
    <Bounds>
      <Vector3>
        <X>-2345.6394</X>
        <Y>-286.476532</Y>
        <Z>12.9084949</Z>
      </Vector3>
      <Vector3>
        <X>-2344.31</X>
        <Y>-284.925629</Y>
        <Z>12.9043884</Z>
      </Vector3>
      <Vector3>
        <X>-2349.523</X>
        <Y>-283.147369</Y>
        <Z>12.9770813</Z>
      </Vector3>
      <Vector3>
        <X>-2345.6228</X>
        <Y>-286.487</Y>
        <Z>14.3642588</Z>
      </Vector3>
      <Vector3>
        <X>-2348.1936</X>
        <Y>-281.5965</Y>
        <Z>12.9729748</Z>
      </Vector3>
      <Vector3>
        <X>-2344.29321</X>
        <Y>-284.936127</Y>
        <Z>14.3601513</Z>
      </Vector3>
      <Vector3>
        <X>-2349.506</X>
        <Y>-283.157867</Y>
        <Z>14.4328451</Z>
      </Vector3>
      <Vector3>
        <X>-2348.17676</X>
        <Y>-281.606964</Y>
        <Z>14.4287386</Z>
      </Vector3>
    </Bounds>
    <CenterCamPosition>
      <X>0</X>
      <Y>0</Y>
    </CenterCamPosition>
    <ScreenBounds />
    <DistanceToCam>0</DistanceToCam>
    <Speed>3.97338414</Speed>
    <AccInput>0</AccInput>
    <RPM>1.35798967</RPM>
    <Gear>0</Gear>
    <SteeringAngle>5.853084E-41</SteeringAngle>
    <WheelSpeed>0</WheelSpeed>
    <CarType>Sports</CarType>
  </MyCar>
  <Peds />
  <Time>124383</Time>
  <LastFrameTime>0.0485959277</LastFrameTime>
  <MyProperty>0</MyProperty>
  <Weather>Clear</Weather>
  <Steering>127</Steering>
  <Acc>181</Acc>
  <Brake>169</Brake>
  <DayTime>15:16:13</DayTime>
  <Position>
    <X>-2347.6626</X>
    <Y>-283.3925</Y>
    <Z>14.5822639</Z>
  </Position>
  <Rotation>
    <X>0.255827665</X>
    <Y>0.616052747</Y>
    <Z>49.3939247</Z>
  </Rotation>
</Screenshot>