<?xml version="1.0" encoding="utf-8"?>
<Screenshot xmlns:xsd="http://www.w3.org/2001/XMLSchema" xmlns:xsi="http://www.w3.org/2001/XMLSchema-instance">
  <Cars />
  <MyCar>
    <Position>
      <X>-2346.762</X>
      <Y>-284.167175</Y>
      <Z>13.6665144</Z>
    </Position>
    <Rotation>
      <X>0.7558129</X>
      <Y>0.116058916</Y>
      <Z>49.39118</Z>
    </Rotation>
    <Handle>663810</Handle>
    <Bounds>
      <Vector3>
        <X>-2345.49341</X>
        <Y>-286.602081</Y>
        <Z>12.9069586</Z>
      </Vector3>
      <Vector3>
        <X>-2344.16382</X>
        <Y>-285.051331</Y>
        <Z>12.9028206</Z>
      </Vector3>
      <Vector3>
        <X>-2349.37646</X>
        <Y>-283.272583</Y>
        <Z>12.9744387</Z>
      </Vector3>
      <Vector3>
        <X>-2345.47681</X>
        <Y>-286.612366</Y>
        <Z>14.3627262</Z>
      </Vector3>
      <Vector3>
        <X>-2348.04688</X>
        <Y>-281.7218</Y>
        <Z>12.9703007</Z>
      </Vector3>
      <Vector3>
        <X>-2344.14722</X>
        <Y>-285.061584</Y>
        <Z>14.3585882</Z>
      </Vector3>
      <Vector3>
        <X>-2349.36</X>
        <Y>-283.282837</Y>
        <Z>14.4302063</Z>
      </Vector3>
      <Vector3>
        <X>-2348.03052</X>
        <Y>-281.732056</Y>
        <Z>14.4260683</Z>
      </Vector3>
    </Bounds>
    <CenterCamPosition>
      <X>0</X>
      <Y>0</Y>
    </CenterCamPosition>
    <ScreenBounds />
    <DistanceToCam>0</DistanceToCam>
    <Speed>3.93813181</Speed>
    <AccInput>0</AccInput>
    <RPM>1.35798967</RPM>
    <Gear>0</Gear>
    <SteeringAngle>5.853084E-41</SteeringAngle>
    <WheelSpeed>0</WheelSpeed>
    <CarType>Sports</CarType>
  </MyCar>
  <Peds />
  <Time>124334</Time>
  <LastFrameTime>0.0307705738</LastFrameTime>
  <MyProperty>0</MyProperty>
  <Weather>Clear</Weather>
  <Steering>127</Steering>
  <Acc>181</Acc>
  <Brake>169</Brake>
  <DayTime>15:16:13</DayTime>
  <Position>
    <X>-2347.57056</X>
    <Y>-283.470978</Y>
    <Z>14.5807991</Z>
  </Position>
  <Rotation>
    <X>0.24840644</X>
    <Y>0.6168449</Y>
    <Z>49.386982</Z>
  </Rotation>
</Screenshot>