<?xml version="1.0" encoding="utf-8"?>
<Screenshot xmlns:xsd="http://www.w3.org/2001/XMLSchema" xmlns:xsi="http://www.w3.org/2001/XMLSchema-instance">
  <Cars />
  <MyCar>
    <Position>
      <X>-2346.67</X>
      <Y>-284.24585</Y>
      <Z>13.665204</Z>
    </Position>
    <Rotation>
      <X>0.748392</X>
      <Y>0.116850816</Y>
      <Z>49.3843079</Z>
    </Rotation>
    <Handle>663810</Handle>
    <Bounds>
      <Vector3>
        <X>-2345.40161</X>
        <Y>-286.681</Y>
        <Z>12.9059925</Z>
      </Vector3>
      <Vector3>
        <X>-2344.07178</X>
        <Y>-285.130371</Y>
        <Z>12.9018269</Z>
      </Vector3>
      <Vector3>
        <X>-2349.28442</X>
        <Y>-283.351</Y>
        <Z>12.97281</Z>
      </Vector3>
      <Vector3>
        <X>-2345.38525</X>
        <Y>-286.691132</Y>
        <Z>14.361763</Z>
      </Vector3>
      <Vector3>
        <X>-2347.95459</X>
        <Y>-281.800385</Y>
        <Z>12.9686441</Z>
      </Vector3>
      <Vector3>
        <X>-2344.05542</X>
        <Y>-285.1405</Y>
        <Z>14.3575964</Z>
      </Vector3>
      <Vector3>
        <X>-2349.268</X>
        <Y>-283.361145</Y>
        <Z>14.42858</Z>
      </Vector3>
      <Vector3>
        <X>-2347.93823</X>
        <Y>-281.810516</Y>
        <Z>14.4244137</Z>
      </Vector3>
    </Bounds>
    <CenterCamPosition>
      <X>0</X>
      <Y>0</Y>
    </CenterCamPosition>
    <ScreenBounds />
    <DistanceToCam>0</DistanceToCam>
    <Speed>3.91572452</Speed>
    <AccInput>0</AccInput>
    <RPM>1.35798967</RPM>
    <Gear>0</Gear>
    <SteeringAngle>5.853084E-41</SteeringAngle>
    <WheelSpeed>0</WheelSpeed>
    <CarType>Sports</CarType>
  </MyCar>
  <Peds />
  <Time>124303</Time>
  <LastFrameTime>0.0204660315</LastFrameTime>
  <MyProperty>0</MyProperty>
  <Weather>Clear</Weather>
  <Steering>127</Steering>
  <Acc>181</Acc>
  <Brake>169</Brake>
  <DayTime>15:16:13</DayTime>
  <Position>
    <X>-2347.50977</X>
    <Y>-283.522858</Y>
    <Z>14.5798407</Z>
  </Position>
  <Rotation>
    <X>0.244022161</X>
    <Y>0.61730355</Y>
    <Z>49.38054</Z>
  </Rotation>
</Screenshot>