<?xml version="1.0" encoding="utf-8"?>
<Screenshot xmlns:xsd="http://www.w3.org/2001/XMLSchema" xmlns:xsi="http://www.w3.org/2001/XMLSchema-instance">
  <Cars />
  <MyCar>
    <Position>
      <X>-2347.24561</X>
      <Y>-283.752533</Y>
      <Z>13.6734486</Z>
    </Position>
    <Rotation>
      <X>0.7948124</X>
      <Y>0.115760855</Y>
      <Z>49.3988571</Z>
    </Rotation>
    <Handle>663810</Handle>
    <Bounds>
      <Vector3>
        <X>-2345.977</X>
        <Y>-286.186951</Y>
        <Z>12.9121532</Z>
      </Vector3>
      <Vector3>
        <X>-2344.64771</X>
        <Y>-284.636</Y>
        <Z>12.9080267</Z>
      </Vector3>
      <Vector3>
        <X>-2349.8606</X>
        <Y>-282.857971</Y>
        <Z>12.9831152</Z>
      </Vector3>
      <Vector3>
        <X>-2345.95972</X>
        <Y>-286.197845</Y>
        <Z>14.3679075</Z>
      </Vector3>
      <Vector3>
        <X>-2348.53125</X>
        <Y>-281.307037</Y>
        <Z>12.9789877</Z>
      </Vector3>
      <Vector3>
        <X>-2344.63037</X>
        <Y>-284.6469</Y>
        <Z>14.363781</Z>
      </Vector3>
      <Vector3>
        <X>-2349.84351</X>
        <Y>-282.8689</Y>
        <Z>14.4388695</Z>
      </Vector3>
      <Vector3>
        <X>-2348.514</X>
        <Y>-281.317932</Y>
        <Z>14.434742</Z>
      </Vector3>
    </Bounds>
    <CenterCamPosition>
      <X>0</X>
      <Y>0</Y>
    </CenterCamPosition>
    <ScreenBounds />
    <DistanceToCam>0</DistanceToCam>
    <Speed>4.05272</Speed>
    <AccInput>0</AccInput>
    <RPM>1.35798967</RPM>
    <Gear>0</Gear>
    <SteeringAngle>5.853084E-41</SteeringAngle>
    <WheelSpeed>0</WheelSpeed>
    <CarType>Sports</CarType>
  </MyCar>
  <Peds />
  <Time>124493</Time>
  <LastFrameTime>0.0415765643</LastFrameTime>
  <MyProperty>0</MyProperty>
  <Weather>Clear</Weather>
  <Steering>127</Steering>
  <Acc>181</Acc>
  <Brake>169</Brake>
  <DayTime>15:16:13</DayTime>
  <Position>
    <X>-2348.01831</X>
    <Y>-283.087738</Y>
    <Z>14.5879822</Z>
  </Position>
  <Rotation>
    <X>0.2848973</X>
    <Y>0.615066051</Y>
    <Z>49.40163</Z>
  </Rotation>
</Screenshot>