<?xml version="1.0" encoding="utf-8"?>
<Screenshot xmlns:xsd="http://www.w3.org/2001/XMLSchema" xmlns:xsi="http://www.w3.org/2001/XMLSchema-instance">
  <Cars />
  <MyCar>
    <Position>
      <X>-2346.96631</X>
      <Y>-283.992126</Y>
      <Z>13.6694479</Z>
    </Position>
    <Rotation>
      <X>0.7721394</X>
      <Y>0.115146473</Y>
      <Z>49.3975029</Z>
    </Rotation>
    <Handle>663810</Handle>
    <Bounds>
      <Vector3>
        <X>-2345.69751</X>
        <Y>-286.426758</Y>
        <Z>12.90915</Z>
      </Vector3>
      <Vector3>
        <X>-2344.36816</X>
        <Y>-284.875824</Y>
        <Z>12.9050446</Z>
      </Vector3>
      <Vector3>
        <X>-2349.581</X>
        <Y>-283.0977</Y>
        <Z>12.9780874</Z>
      </Vector3>
      <Vector3>
        <X>-2345.68066</X>
        <Y>-286.437317</Y>
        <Z>14.364912</Z>
      </Vector3>
      <Vector3>
        <X>-2348.25171</X>
        <Y>-281.546753</Y>
        <Z>12.9739819</Z>
      </Vector3>
      <Vector3>
        <X>-2344.35132</X>
        <Y>-284.886383</Y>
        <Z>14.3608065</Z>
      </Vector3>
      <Vector3>
        <X>-2349.56421</X>
        <Y>-283.108246</Y>
        <Z>14.4338493</Z>
      </Vector3>
      <Vector3>
        <X>-2348.23486</X>
        <Y>-281.5573</Y>
        <Z>14.4297447</Z>
      </Vector3>
    </Bounds>
    <CenterCamPosition>
      <X>0</X>
      <Y>0</Y>
    </CenterCamPosition>
    <ScreenBounds />
    <DistanceToCam>0</DistanceToCam>
    <Speed>3.98710346</Speed>
    <AccInput>0</AccInput>
    <RPM>1.35798967</RPM>
    <Gear>0</Gear>
    <SteeringAngle>5.853084E-41</SteeringAngle>
    <WheelSpeed>0</WheelSpeed>
    <CarType>Sports</CarType>
  </MyCar>
  <Peds />
  <Time>124402</Time>
  <LastFrameTime>0.0191767234</LastFrameTime>
  <MyProperty>0</MyProperty>
  <Weather>Clear</Weather>
  <Steering>127</Steering>
  <Acc>181</Acc>
  <Brake>169</Brake>
  <DayTime>15:16:13</DayTime>
  <Position>
    <X>-2347.80884</X>
    <Y>-283.267365</Y>
    <Z>14.5846233</Z>
  </Position>
  <Rotation>
    <X>0.2682239</X>
    <Y>0.6151836</Y>
    <Z>49.3992577</Z>
  </Rotation>
</Screenshot>