<?xml version="1.0" encoding="utf-8"?>
<Screenshot xmlns:xsd="http://www.w3.org/2001/XMLSchema" xmlns:xsi="http://www.w3.org/2001/XMLSchema-instance">
  <Cars />
  <MyCar>
    <Position>
      <X>-2347.118</X>
      <Y>-283.862</Y>
      <Z>13.67163</Z>
    </Position>
    <Rotation>
      <X>0.7848809</X>
      <Y>0.115073621</Y>
      <Z>49.39857</Z>
    </Rotation>
    <Handle>663810</Handle>
    <Bounds>
      <Vector3>
        <X>-2345.84937</X>
        <Y>-286.2965</Y>
        <Z>12.9107637</Z>
      </Vector3>
      <Vector3>
        <X>-2344.51978</X>
        <Y>-284.745544</Y>
        <Z>12.906661</Z>
      </Vector3>
      <Vector3>
        <X>-2349.733</X>
        <Y>-282.9675</Y>
        <Z>12.9808388</Z>
      </Vector3>
      <Vector3>
        <X>-2345.83228</X>
        <Y>-286.307251</Y>
        <Z>14.3665218</Z>
      </Vector3>
      <Vector3>
        <X>-2348.40356</X>
        <Y>-281.416565</Y>
        <Z>12.9767361</Z>
      </Vector3>
      <Vector3>
        <X>-2344.503</X>
        <Y>-284.756317</Y>
        <Z>14.3624191</Z>
      </Vector3>
      <Vector3>
        <X>-2349.71582</X>
        <Y>-282.978271</Y>
        <Z>14.4365969</Z>
      </Vector3>
      <Vector3>
        <X>-2348.38647</X>
        <Y>-281.4273</Y>
        <Z>14.4324942</Z>
      </Vector3>
    </Bounds>
    <CenterCamPosition>
      <X>0</X>
      <Y>0</Y>
    </CenterCamPosition>
    <ScreenBounds />
    <DistanceToCam>0</DistanceToCam>
    <Speed>4.0228343</Speed>
    <AccInput>0</AccInput>
    <RPM>1.35798967</RPM>
    <Gear>0</Gear>
    <SteeringAngle>5.853084E-41</SteeringAngle>
    <WheelSpeed>0</WheelSpeed>
    <CarType>Sports</CarType>
  </MyCar>
  <Peds />
  <Time>124452</Time>
  <LastFrameTime>0.04980673</LastFrameTime>
  <MyProperty>0</MyProperty>
  <Weather>Clear</Weather>
  <Steering>127</Steering>
  <Acc>181</Acc>
  <Brake>169</Brake>
  <DayTime>15:16:13</DayTime>
  <Position>
    <X>-2347.867</X>
    <Y>-283.2177</Y>
    <Z>14.585536</Z>
  </Position>
  <Rotation>
    <X>0.272155076</X>
    <Y>0.6151395</Y>
    <Z>49.40042</Z>
  </Rotation>
</Screenshot>