<?xml version="1.0" encoding="utf-8"?>
<Screenshot xmlns:xsd="http://www.w3.org/2001/XMLSchema" xmlns:xsi="http://www.w3.org/2001/XMLSchema-instance">
  <Cars />
  <MyCar>
    <Position>
      <X>-2347.45239</X>
      <Y>-283.575073</Y>
      <Z>13.6764088</Z>
    </Position>
    <Rotation>
      <X>0.810370147</X>
      <Y>0.11682947</Y>
      <Z>49.39885</Z>
    </Rotation>
    <Handle>663810</Handle>
    <Bounds>
      <Vector3>
        <X>-2346.184</X>
        <Y>-286.009369</Y>
        <Z>12.9144411</Z>
      </Vector3>
      <Vector3>
        <X>-2344.85474</X>
        <Y>-284.4584</Y>
        <Z>12.9102755</Z>
      </Vector3>
      <Vector3>
        <X>-2350.06763</X>
        <Y>-282.68042</Y>
        <Z>12.9867916</Z>
      </Vector3>
      <Vector3>
        <X>-2346.1665</X>
        <Y>-286.0205</Y>
        <Z>14.37019</Z>
      </Vector3>
      <Vector3>
        <X>-2348.73828</X>
        <Y>-281.129456</Y>
        <Z>12.982626</Z>
      </Vector3>
      <Vector3>
        <X>-2344.83716</X>
        <Y>-284.469543</Y>
        <Z>14.366024</Z>
      </Vector3>
      <Vector3>
        <X>-2350.05</X>
        <Y>-282.691559</Y>
        <Z>14.44254</Z>
      </Vector3>
      <Vector3>
        <X>-2348.7207</X>
        <Y>-281.1406</Y>
        <Z>14.4383755</Z>
      </Vector3>
    </Bounds>
    <CenterCamPosition>
      <X>0</X>
      <Y>0</Y>
    </CenterCamPosition>
    <ScreenBounds />
    <DistanceToCam>0</DistanceToCam>
    <Speed>4.10065746</Speed>
    <AccInput>0</AccInput>
    <RPM>1.35798967</RPM>
    <Gear>0</Gear>
    <SteeringAngle>5.853084E-41</SteeringAngle>
    <WheelSpeed>0</WheelSpeed>
    <CarType>Sports</CarType>
  </MyCar>
  <Peds />
  <Time>124559</Time>
  <LastFrameTime>0.06666667</LastFrameTime>
  <MyProperty>0</MyProperty>
  <Weather>Clear</Weather>
  <Steering>127</Steering>
  <Acc>181</Acc>
  <Brake>169</Brake>
  <DayTime>15:16:13</DayTime>
  <Position>
    <X>-2348.146</X>
    <Y>-282.9784</Y>
    <Z>14.5900059</Z>
  </Position>
  <Rotation>
    <X>0.2948293</X>
    <Y>0.6157527</Y>
    <Z>49.40202</Z>
  </Rotation>
</Screenshot>