<?xml version="1.0" encoding="utf-8"?>
<Screenshot xmlns:xsd="http://www.w3.org/2001/XMLSchema" xmlns:xsi="http://www.w3.org/2001/XMLSchema-instance">
  <Cars />
  <MyCar>
    <Position>
      <X>-2347.689</X>
      <Y>-283.37204</Y>
      <Z>13.68024</Z>
    </Position>
    <Rotation>
      <X>0.804851234</X>
      <Y>0.124760285</Y>
      <Z>49.3989449</Z>
    </Rotation>
    <Handle>663810</Handle>
    <Bounds>
      <Vector3>
        <X>-2346.42065</X>
        <Y>-285.806458</Y>
        <Z>12.9186592</Z>
      </Vector3>
      <Vector3>
        <X>-2345.09131</X>
        <Y>-284.2555</Y>
        <Z>12.9142113</Z>
      </Vector3>
      <Vector3>
        <X>-2350.3042</X>
        <Y>-282.477478</Y>
        <Z>12.9905167</Z>
      </Vector3>
      <Vector3>
        <X>-2346.403</X>
        <Y>-285.817352</Y>
        <Z>14.3744087</Z>
      </Vector3>
      <Vector3>
        <X>-2348.97485</X>
        <Y>-280.926544</Y>
        <Z>12.9860687</Z>
      </Vector3>
      <Vector3>
        <X>-2345.07373</X>
        <Y>-284.2664</Y>
        <Z>14.3699608</Z>
      </Vector3>
      <Vector3>
        <X>-2350.28662</X>
        <Y>-282.4884</Y>
        <Z>14.4462671</Z>
      </Vector3>
      <Vector3>
        <X>-2348.95728</X>
        <Y>-280.937439</Y>
        <Z>14.4418192</Z>
      </Vector3>
    </Bounds>
    <CenterCamPosition>
      <X>0</X>
      <Y>0</Y>
    </CenterCamPosition>
    <ScreenBounds />
    <DistanceToCam>0</DistanceToCam>
    <Speed>4.1537447</Speed>
    <AccInput>0</AccInput>
    <RPM>1.35798967</RPM>
    <Gear>0</Gear>
    <SteeringAngle>5.853084E-41</SteeringAngle>
    <WheelSpeed>0</WheelSpeed>
    <CarType>Sports</CarType>
  </MyCar>
  <Peds />
  <Time>124635</Time>
  <LastFrameTime>0.030995233</LastFrameTime>
  <MyProperty>0</MyProperty>
  <Weather>Clear</Weather>
  <Steering>127</Steering>
  <Acc>181</Acc>
  <Brake>169</Brake>
  <DayTime>15:16:13</DayTime>
  <Position>
    <X>-2348.49146</X>
    <Y>-282.681641</Y>
    <Z>14.5954647</Z>
  </Position>
  <Rotation>
    <X>0.307619035</X>
    <Y>0.623800933</Y>
    <Z>49.40231</Z>
  </Rotation>
</Screenshot>