<?xml version="1.0" encoding="utf-8"?>
<Screenshot xmlns:xsd="http://www.w3.org/2001/XMLSchema" xmlns:xsi="http://www.w3.org/2001/XMLSchema-instance">
  <Cars />
  <MyCar>
    <Position>
      <X>-2347.84155</X>
      <Y>-283.241119</Y>
      <Z>13.6827068</Z>
    </Position>
    <Rotation>
      <X>0.8009502</X>
      <Y>0.126316443</Y>
      <Z>49.3988647</Z>
    </Rotation>
    <Handle>663810</Handle>
    <Bounds>
      <Vector3>
        <X>-2346.57324</X>
        <Y>-285.6756</Y>
        <Z>12.9213276</Z>
      </Vector3>
      <Vector3>
        <X>-2345.24365</X>
        <Y>-284.124634</Y>
        <Z>12.9168234</Z>
      </Vector3>
      <Vector3>
        <X>-2350.45679</X>
        <Y>-282.346619</Y>
        <Z>12.992837</Z>
      </Vector3>
      <Vector3>
        <X>-2346.55566</X>
        <Y>-285.6864</Y>
        <Z>14.377079</Z>
      </Vector3>
      <Vector3>
        <X>-2349.12744</X>
        <Y>-280.795654</Y>
        <Z>12.9883337</Z>
      </Vector3>
      <Vector3>
        <X>-2345.22632</X>
        <Y>-284.135437</Y>
        <Z>14.3725748</Z>
      </Vector3>
      <Vector3>
        <X>-2350.43921</X>
        <Y>-282.357422</Y>
        <Z>14.4485884</Z>
      </Vector3>
      <Vector3>
        <X>-2349.10986</X>
        <Y>-280.806458</Y>
        <Z>14.4440851</Z>
      </Vector3>
    </Bounds>
    <CenterCamPosition>
      <X>0</X>
      <Y>0</Y>
    </CenterCamPosition>
    <ScreenBounds />
    <DistanceToCam>0</DistanceToCam>
    <Speed>4.18749762</Speed>
    <AccInput>0</AccInput>
    <RPM>1.35798967</RPM>
    <Gear>0</Gear>
    <SteeringAngle>5.853084E-41</SteeringAngle>
    <WheelSpeed>0</WheelSpeed>
    <CarType>Sports</CarType>
  </MyCar>
  <Peds />
  <Time>124683</Time>
  <LastFrameTime>0.04811992</LastFrameTime>
  <MyProperty>0</MyProperty>
  <Weather>Clear</Weather>
  <Steering>127</Steering>
  <Acc>181</Acc>
  <Brake>169</Brake>
  <DayTime>15:16:13</DayTime>
  <Position>
    <X>-2348.589</X>
    <Y>-282.59787</Y>
    <Z>14.5970049</Z>
  </Position>
  <Rotation>
    <X>0.304869354</X>
    <Y>0.6247514</Y>
    <Z>49.4022636</Z>
  </Rotation>
</Screenshot>