<?xml version="1.0" encoding="utf-8"?>
<Screenshot xmlns:xsd="http://www.w3.org/2001/XMLSchema" xmlns:xsi="http://www.w3.org/2001/XMLSchema-instance">
  <Cars />
  <MyCar>
    <Position>
      <X>-2347.59131</X>
      <Y>-283.45575</Y>
      <Z>13.6786423</Z>
    </Position>
    <Rotation>
      <X>0.8076008</X>
      <Y>0.123809949</Y>
      <Z>49.3989639</Z>
    </Rotation>
    <Handle>663810</Handle>
    <Bounds>
      <Vector3>
        <X>-2346.323</X>
        <Y>-285.890137</Y>
        <Z>12.9169226</Z>
      </Vector3>
      <Vector3>
        <X>-2344.99365</X>
        <Y>-284.339172</Y>
        <Z>12.912508</Z>
      </Vector3>
      <Vector3>
        <X>-2350.20654</X>
        <Y>-282.561157</Y>
        <Z>12.9890261</Z>
      </Vector3>
      <Vector3>
        <X>-2346.30542</X>
        <Y>-285.9011</Y>
        <Z>14.3726711</Z>
      </Vector3>
      <Vector3>
        <X>-2348.8772</X>
        <Y>-281.010223</Y>
        <Z>12.9846115</Z>
      </Vector3>
      <Vector3>
        <X>-2344.97583</X>
        <Y>-284.350128</Y>
        <Z>14.3682575</Z>
      </Vector3>
      <Vector3>
        <X>-2350.189</X>
        <Y>-282.572144</Y>
        <Z>14.4447746</Z>
      </Vector3>
      <Vector3>
        <X>-2348.85962</X>
        <Y>-281.021179</Y>
        <Z>14.440361</Z>
      </Vector3>
    </Bounds>
    <CenterCamPosition>
      <X>0</X>
      <Y>0</Y>
    </CenterCamPosition>
    <ScreenBounds />
    <DistanceToCam>0</DistanceToCam>
    <Speed>4.13218832</Speed>
    <AccInput>0</AccInput>
    <RPM>1.35798967</RPM>
    <Gear>0</Gear>
    <SteeringAngle>5.853084E-41</SteeringAngle>
    <WheelSpeed>0</WheelSpeed>
    <CarType>Sports</CarType>
  </MyCar>
  <Peds />
  <Time>124604</Time>
  <LastFrameTime>0.0444322824</LastFrameTime>
  <MyProperty>0</MyProperty>
  <Weather>Clear</Weather>
  <Steering>127</Steering>
  <Acc>181</Acc>
  <Brake>169</Brake>
  <DayTime>15:16:13</DayTime>
  <Position>
    <X>-2348.35254</X>
    <Y>-282.801056</Y>
    <Z>14.5932884</Z>
  </Position>
  <Rotation>
    <X>0.3103881</X>
    <Y>0.6168204</Y>
    <Z>49.4021835</Z>
  </Rotation>
</Screenshot>