<?xml version="1.0" encoding="utf-8"?>
<Screenshot xmlns:xsd="http://www.w3.org/2001/XMLSchema" xmlns:xsi="http://www.w3.org/2001/XMLSchema-instance">
  <Cars />
  <MyCar>
    <Position>
      <X>-2347.90942</X>
      <Y>-283.1828</Y>
      <Z>13.6838112</Z>
    </Position>
    <Rotation>
      <X>0.799791455</X>
      <Y>0.126636982</Y>
      <Z>49.39882</Z>
    </Rotation>
    <Handle>663810</Handle>
    <Bounds>
      <Vector3>
        <X>-2346.641</X>
        <Y>-285.617279</Y>
        <Z>12.9224892</Z>
      </Vector3>
      <Vector3>
        <X>-2345.31152</X>
        <Y>-284.0663</Y>
        <Z>12.9179735</Z>
      </Vector3>
      <Vector3>
        <X>-2350.52466</X>
        <Y>-282.2883</Y>
        <Z>12.9938946</Z>
      </Vector3>
      <Vector3>
        <X>-2346.62354</X>
        <Y>-285.628052</Y>
        <Z>14.3782406</Z>
      </Vector3>
      <Vector3>
        <X>-2349.19531</X>
        <Y>-280.737366</Y>
        <Z>12.98938</Z>
      </Vector3>
      <Vector3>
        <X>-2345.29419</X>
        <Y>-284.077118</Y>
        <Z>14.3737259</Z>
      </Vector3>
      <Vector3>
        <X>-2350.507</X>
        <Y>-282.299072</Y>
        <Z>14.4496469</Z>
      </Vector3>
      <Vector3>
        <X>-2349.17773</X>
        <Y>-280.748138</Y>
        <Z>14.4451323</Z>
      </Vector3>
    </Bounds>
    <CenterCamPosition>
      <X>0</X>
      <Y>0</Y>
    </CenterCamPosition>
    <ScreenBounds />
    <DistanceToCam>0</DistanceToCam>
    <Speed>4.20228958</Speed>
    <AccInput>0</AccInput>
    <RPM>1.35798967</RPM>
    <Gear>0</Gear>
    <SteeringAngle>5.853084E-41</SteeringAngle>
    <WheelSpeed>0</WheelSpeed>
    <CarType>Sports</CarType>
  </MyCar>
  <Peds />
  <Time>124704</Time>
  <LastFrameTime>0.021337362</LastFrameTime>
  <MyProperty>0</MyProperty>
  <Weather>Clear</Weather>
  <Steering>127</Steering>
  <Acc>181</Acc>
  <Brake>169</Brake>
  <DayTime>15:16:13</DayTime>
  <Position>
    <X>-2348.7417</X>
    <Y>-282.4669</Y>
    <Z>14.5993919</Z>
  </Position>
  <Rotation>
    <X>0.30096817</X>
    <Y>0.6263078</Y>
    <Z>49.40215</Z>
  </Rotation>
</Screenshot>