<?xml version="1.0" encoding="utf-8"?>
<Screenshot xmlns:xsd="http://www.w3.org/2001/XMLSchema" xmlns:xsi="http://www.w3.org/2001/XMLSchema-instance">
  <Cars />
  <MyCar>
    <Position>
      <X>-2348.163</X>
      <Y>-282.965332</Y>
      <Z>13.68793</Z>
    </Position>
    <Rotation>
      <X>0.792964339</X>
      <Y>0.129319817</Y>
      <Z>49.3986473</Z>
    </Rotation>
    <Handle>663810</Handle>
    <Bounds>
      <Vector3>
        <X>-2346.89453</X>
        <Y>-285.3999</Y>
        <Z>12.926959</Z>
      </Vector3>
      <Vector3>
        <X>-2345.56519</X>
        <Y>-283.848969</Y>
        <Z>12.922349</Z>
      </Vector3>
      <Vector3>
        <X>-2350.77832</X>
        <Y>-282.0709</Y>
        <Z>12.997756</Z>
      </Vector3>
      <Vector3>
        <X>-2346.8772</X>
        <Y>-285.410522</Y>
        <Z>14.3827133</Z>
      </Vector3>
      <Vector3>
        <X>-2349.44873</X>
        <Y>-280.519958</Y>
        <Z>12.993145</Z>
      </Vector3>
      <Vector3>
        <X>-2345.54785</X>
        <Y>-283.859558</Y>
        <Z>14.3781033</Z>
      </Vector3>
      <Vector3>
        <X>-2350.76074</X>
        <Y>-282.0815</Y>
        <Z>14.45351</Z>
      </Vector3>
      <Vector3>
        <X>-2349.4314</X>
        <Y>-280.530579</Y>
        <Z>14.4488993</Z>
      </Vector3>
    </Bounds>
    <CenterCamPosition>
      <X>0</X>
      <Y>0</Y>
    </CenterCamPosition>
    <ScreenBounds />
    <DistanceToCam>0</DistanceToCam>
    <Speed>4.2569766</Speed>
    <AccInput>0</AccInput>
    <RPM>1.35798967</RPM>
    <Gear>0</Gear>
    <SteeringAngle>5.853084E-41</SteeringAngle>
    <WheelSpeed>0</WheelSpeed>
    <CarType>Sports</CarType>
  </MyCar>
  <Peds />
  <Time>124783</Time>
  <LastFrameTime>0.0483653732</LastFrameTime>
  <MyProperty>0</MyProperty>
  <Weather>Clear</Weather>
  <Steering>127</Steering>
  <Acc>181</Acc>
  <Brake>169</Brake>
  <DayTime>15:16:13</DayTime>
  <Position>
    <X>-2348.90723</X>
    <Y>-282.324829</Y>
    <Z>14.6019983</Z>
  </Position>
  <Rotation>
    <X>0.297388345</X>
    <Y>0.6273809</Y>
    <Z>49.4020042</Z>
  </Rotation>
</Screenshot>