<?xml version="1.0" encoding="utf-8"?>
<Screenshot xmlns:xsd="http://www.w3.org/2001/XMLSchema" xmlns:xsi="http://www.w3.org/2001/XMLSchema-instance">
  <Cars />
  <MyCar>
    <Position>
      <X>-2348.007</X>
      <Y>-283.0991</Y>
      <Z>13.6853876</Z>
    </Position>
    <Rotation>
      <X>0.797370553</X>
      <Y>0.127389431</Y>
      <Z>49.3987541</Z>
    </Rotation>
    <Handle>663810</Handle>
    <Bounds>
      <Vector3>
        <X>-2346.73877</X>
        <Y>-285.5336</Y>
        <Z>12.9241867</Z>
      </Vector3>
      <Vector3>
        <X>-2345.40918</X>
        <Y>-283.982635</Y>
        <Z>12.9196444</Z>
      </Vector3>
      <Vector3>
        <X>-2350.62231</X>
        <Y>-282.20462</Y>
        <Z>12.9953766</Z>
      </Vector3>
      <Vector3>
        <X>-2346.72119</X>
        <Y>-285.544342</Y>
        <Z>14.3799391</Z>
      </Vector3>
      <Vector3>
        <X>-2349.29272</X>
        <Y>-280.653656</Y>
        <Z>12.9908342</Z>
      </Vector3>
      <Vector3>
        <X>-2345.39185</X>
        <Y>-283.993378</Y>
        <Z>14.3753977</Z>
      </Vector3>
      <Vector3>
        <X>-2350.60474</X>
        <Y>-282.215332</Y>
        <Z>14.451129</Z>
      </Vector3>
      <Vector3>
        <X>-2349.27539</X>
        <Y>-280.6644</Y>
        <Z>14.4465876</Z>
      </Vector3>
    </Bounds>
    <CenterCamPosition>
      <X>0</X>
      <Y>0</Y>
    </CenterCamPosition>
    <ScreenBounds />
    <DistanceToCam>0</DistanceToCam>
    <Speed>4.22322</Speed>
    <AccInput>0</AccInput>
    <RPM>1.35798967</RPM>
    <Gear>0</Gear>
    <SteeringAngle>5.853084E-41</SteeringAngle>
    <WheelSpeed>0</WheelSpeed>
    <CarType>Sports</CarType>
  </MyCar>
  <Peds />
  <Time>124735</Time>
  <LastFrameTime>0.0304826126</LastFrameTime>
  <MyProperty>0</MyProperty>
  <Weather>Clear</Weather>
  <Steering>127</Steering>
  <Acc>181</Acc>
  <Brake>169</Brake>
  <DayTime>15:16:13</DayTime>
  <Position>
    <X>-2348.80957</X>
    <Y>-282.408569</Y>
    <Z>14.6004715</Z>
  </Position>
  <Rotation>
    <X>0.299809366</X>
    <Y>0.6266283</Y>
    <Z>49.402092</Z>
  </Rotation>
</Screenshot>