<?xml version="1.0" encoding="utf-8"?>
<Screenshot xmlns:xsd="http://www.w3.org/2001/XMLSchema" xmlns:xsi="http://www.w3.org/2001/XMLSchema-instance">
  <Cars />
  <MyCar>
    <Position>
      <X>-2348.44141</X>
      <Y>-282.727</Y>
      <Z>13.6924114</Z>
    </Position>
    <Rotation>
      <X>0.7853754</X>
      <Y>0.131143034</Y>
      <Z>49.4110832</Z>
    </Rotation>
    <Handle>663810</Handle>
    <Bounds>
      <Vector3>
        <X>-2347.17236</X>
        <Y>-285.161377</Y>
        <Z>12.93181</Z>
      </Vector3>
      <Vector3>
        <X>-2345.84326</X>
        <Y>-283.610138</Y>
        <Z>12.9271345</Z>
      </Vector3>
      <Vector3>
        <X>-2351.05664</X>
        <Y>-281.833221</Y>
        <Z>13.0019293</Z>
      </Vector3>
      <Vector3>
        <X>-2347.155</X>
        <Y>-285.1718</Y>
        <Z>14.3875675</Z>
      </Vector3>
      <Vector3>
        <X>-2349.72754</X>
        <Y>-280.281982</Y>
        <Z>12.9972544</Z>
      </Vector3>
      <Vector3>
        <X>-2345.826</X>
        <Y>-283.620575</Y>
        <Z>14.3828917</Z>
      </Vector3>
      <Vector3>
        <X>-2351.03931</X>
        <Y>-281.843658</Y>
        <Z>14.4576864</Z>
      </Vector3>
      <Vector3>
        <X>-2349.71021</X>
        <Y>-280.292419</Y>
        <Z>14.4530106</Z>
      </Vector3>
    </Bounds>
    <CenterCamPosition>
      <X>0</X>
      <Y>0</Y>
    </CenterCamPosition>
    <ScreenBounds />
    <DistanceToCam>0</DistanceToCam>
    <Speed>4.31572056</Speed>
    <AccInput>0</AccInput>
    <RPM>1.35798967</RPM>
    <Gear>0</Gear>
    <SteeringAngle>5.853084E-41</SteeringAngle>
    <WheelSpeed>0</WheelSpeed>
    <CarType>Sports</CarType>
  </MyCar>
  <Peds />
  <Time>124868</Time>
  <LastFrameTime>0.03120779</LastFrameTime>
  <MyProperty>0</MyProperty>
  <Weather>Clear</Weather>
  <Steering>124</Steering>
  <Acc>181</Acc>
  <Brake>169</Brake>
  <DayTime>15:16:13</DayTime>
  <Position>
    <X>-2349.2395</X>
    <Y>-282.040039</Y>
    <Z>14.60717</Z>
  </Position>
  <Rotation>
    <X>0.2877817</X>
    <Y>0.6295169</Y>
    <Z>49.405983</Z>
  </Rotation>
</Screenshot>