<?xml version="1.0" encoding="utf-8"?>
<Screenshot xmlns:xsd="http://www.w3.org/2001/XMLSchema" xmlns:xsi="http://www.w3.org/2001/XMLSchema-instance">
  <Cars />
  <MyCar>
    <Position>
      <X>-2348.339</X>
      <Y>-282.814362</Y>
      <Z>13.6907587</Z>
    </Position>
    <Rotation>
      <X>0.7877643</X>
      <Y>0.129524842</Y>
      <Z>49.4028244</Z>
    </Rotation>
    <Handle>663810</Handle>
    <Bounds>
      <Vector3>
        <X>-2347.07031</X>
        <Y>-285.248871</Y>
        <Z>12.9300222</Z>
      </Vector3>
      <Vector3>
        <X>-2345.74121</X>
        <Y>-283.697845</Y>
        <Z>12.9254045</Z>
      </Vector3>
      <Vector3>
        <X>-2350.95435</X>
        <Y>-281.920166</Y>
        <Z>13.0003548</Z>
      </Vector3>
      <Vector3>
        <X>-2347.053</X>
        <Y>-285.2594</Y>
        <Z>14.3857784</Z>
      </Vector3>
      <Vector3>
        <X>-2349.625</X>
        <Y>-280.369141</Y>
        <Z>12.9957371</Z>
      </Vector3>
      <Vector3>
        <X>-2345.72388</X>
        <Y>-283.708374</Y>
        <Z>14.3811607</Z>
      </Vector3>
      <Vector3>
        <X>-2350.937</X>
        <Y>-281.9307</Y>
        <Z>14.456111</Z>
      </Vector3>
      <Vector3>
        <X>-2349.60767</X>
        <Y>-280.379639</Y>
        <Z>14.4514933</Z>
      </Vector3>
    </Bounds>
    <CenterCamPosition>
      <X>0</X>
      <Y>0</Y>
    </CenterCamPosition>
    <ScreenBounds />
    <DistanceToCam>0</DistanceToCam>
    <Speed>4.29452229</Speed>
    <AccInput>0</AccInput>
    <RPM>1.35798967</RPM>
    <Gear>0</Gear>
    <SteeringAngle>5.853084E-41</SteeringAngle>
    <WheelSpeed>0</WheelSpeed>
    <CarType>Sports</CarType>
  </MyCar>
  <Peds />
  <Time>124837</Time>
  <LastFrameTime>0.0333740152</LastFrameTime>
  <MyProperty>0</MyProperty>
  <Weather>Clear</Weather>
  <Steering>126</Steering>
  <Acc>181</Acc>
  <Brake>169</Brake>
  <DayTime>15:16:13</DayTime>
  <Position>
    <X>-2349.13062</X>
    <Y>-282.1331</Y>
    <Z>14.6055155</Z>
  </Position>
  <Rotation>
    <X>0.291829735</X>
    <Y>0.629789054</Y>
    <Z>49.4023476</Z>
  </Rotation>
</Screenshot>