<?xml version="1.0" encoding="utf-8"?>
<Screenshot xmlns:xsd="http://www.w3.org/2001/XMLSchema" xmlns:xsi="http://www.w3.org/2001/XMLSchema-instance">
  <Cars />
  <MyCar>
    <Position>
      <X>-2348.23047</X>
      <Y>-282.90744</Y>
      <Z>13.68902</Z>
    </Position>
    <Rotation>
      <X>0.7918122</X>
      <Y>0.1297973</Y>
      <Z>49.3991432</Z>
    </Rotation>
    <Handle>663810</Handle>
    <Bounds>
      <Vector3>
        <X>-2346.962</X>
        <Y>-285.342</Y>
        <Z>12.9281092</Z>
      </Vector3>
      <Vector3>
        <X>-2345.63257</X>
        <Y>-283.791046</Y>
        <Z>12.923481</Z>
      </Vector3>
      <Vector3>
        <X>-2350.8457</X>
        <Y>-282.013062</Y>
        <Z>12.9988031</Z>
      </Vector3>
      <Vector3>
        <X>-2346.94458</X>
        <Y>-285.3526</Y>
        <Z>14.3838634</Z>
      </Vector3>
      <Vector3>
        <X>-2349.516</X>
        <Y>-280.4621</Y>
        <Z>12.994175</Z>
      </Vector3>
      <Vector3>
        <X>-2345.61523</X>
        <Y>-283.801636</Y>
        <Z>14.3792362</Z>
      </Vector3>
      <Vector3>
        <X>-2350.82813</X>
        <Y>-282.023651</Y>
        <Z>14.4545574</Z>
      </Vector3>
      <Vector3>
        <X>-2349.49878</X>
        <Y>-280.4727</Y>
        <Z>14.44993</Z>
      </Vector3>
    </Bounds>
    <CenterCamPosition>
      <X>0</X>
      <Y>0</Y>
    </CenterCamPosition>
    <ScreenBounds />
    <DistanceToCam>0</DistanceToCam>
    <Speed>4.27159834</Speed>
    <AccInput>0</AccInput>
    <RPM>1.35798967</RPM>
    <Gear>0</Gear>
    <SteeringAngle>5.853084E-41</SteeringAngle>
    <WheelSpeed>0</WheelSpeed>
    <CarType>Sports</CarType>
  </MyCar>
  <Peds />
  <Time>124804</Time>
  <LastFrameTime>0.0208383948</LastFrameTime>
  <MyProperty>0</MyProperty>
  <Weather>Clear</Weather>
  <Steering>126</Steering>
  <Acc>181</Acc>
  <Brake>169</Brake>
  <DayTime>15:16:13</DayTime>
  <Position>
    <X>-2349.06323</X>
    <Y>-282.190979</Y>
    <Z>14.6044493</Z>
  </Position>
  <Rotation>
    <X>0.292982</X>
    <Y>0.629311562</Y>
    <Z>49.40186</Z>
  </Rotation>
</Screenshot>