<?xml version="1.0" encoding="utf-8"?>
<Screenshot xmlns:xsd="http://www.w3.org/2001/XMLSchema" xmlns:xsi="http://www.w3.org/2001/XMLSchema-instance">
  <Cars />
  <MyCar>
    <Position>
      <X>-2348.772</X>
      <Y>-282.4465</Y>
      <Z>13.6977358</Z>
    </Position>
    <Rotation>
      <X>0.777523756</X>
      <Y>0.140095025</Y>
      <Z>49.48111</Z>
    </Rotation>
    <Handle>663810</Handle>
    <Bounds>
      <Vector3>
        <X>-2347.5</X>
        <Y>-284.8795</Y>
        <Z>12.937644</Z>
      </Vector3>
      <Vector3>
        <X>-2346.17285</X>
        <Y>-283.32663</Y>
        <Z>12.9326487</Z>
      </Vector3>
      <Vector3>
        <X>-2351.38843</X>
        <Y>-281.556061</Y>
        <Z>13.007062</Z>
      </Vector3>
      <Vector3>
        <X>-2347.48267</X>
        <Y>-284.889618</Y>
        <Z>14.3934031</Z>
      </Vector3>
      <Vector3>
        <X>-2350.06128</X>
        <Y>-280.0032</Y>
        <Z>13.0020676</Z>
      </Vector3>
      <Vector3>
        <X>-2346.15552</X>
        <Y>-283.336761</Y>
        <Z>14.3884077</Z>
      </Vector3>
      <Vector3>
        <X>-2351.371</X>
        <Y>-281.5662</Y>
        <Z>14.462821</Z>
      </Vector3>
      <Vector3>
        <X>-2350.044</X>
        <Y>-280.013336</Y>
        <Z>14.4578266</Z>
      </Vector3>
    </Bounds>
    <CenterCamPosition>
      <X>0</X>
      <Y>0</Y>
    </CenterCamPosition>
    <ScreenBounds />
    <DistanceToCam>0</DistanceToCam>
    <Speed>4.38418</Speed>
    <AccInput>0</AccInput>
    <RPM>1.35798967</RPM>
    <Gear>0</Gear>
    <SteeringAngle>5.853084E-41</SteeringAngle>
    <WheelSpeed>0</WheelSpeed>
    <CarType>Sports</CarType>
  </MyCar>
  <Peds />
  <Time>124968</Time>
  <LastFrameTime>0.03152709</LastFrameTime>
  <MyProperty>0</MyProperty>
  <Weather>Clear</Weather>
  <Steering>123</Steering>
  <Acc>181</Acc>
  <Brake>169</Brake>
  <DayTime>15:16:13</DayTime>
  <Position>
    <X>-2349.56738</X>
    <Y>-281.761871</Y>
    <Z>14.6122952</Z>
  </Position>
  <Rotation>
    <X>0.279922783</X>
    <Y>0.63797617</Y>
    <Z>49.4543381</Z>
  </Rotation>
</Screenshot>