<?xml version="1.0" encoding="utf-8"?>
<Screenshot xmlns:xsd="http://www.w3.org/2001/XMLSchema" xmlns:xsi="http://www.w3.org/2001/XMLSchema-instance">
  <Cars />
  <MyCar>
    <Position>
      <X>-2348.6665</X>
      <Y>-282.5356</Y>
      <Z>13.6960478</Z>
    </Position>
    <Rotation>
      <X>0.779905438</X>
      <Y>0.1379839</Y>
      <Z>49.45122</Z>
    </Rotation>
    <Handle>663810</Handle>
    <Bounds>
      <Vector3>
        <X>-2347.39575</X>
        <Y>-284.9692</Y>
        <Z>12.935812</Z>
      </Vector3>
      <Vector3>
        <X>-2346.06787</X>
        <Y>-283.417053</Y>
        <Z>12.9308929</Z>
      </Vector3>
      <Vector3>
        <X>-2351.28247</X>
        <Y>-281.643768</Y>
        <Z>13.0054426</Z>
      </Vector3>
      <Vector3>
        <X>-2347.37842</X>
        <Y>-284.979431</Y>
        <Z>14.39157</Z>
      </Vector3>
      <Vector3>
        <X>-2349.95435</X>
        <Y>-280.0916</Y>
        <Z>13.0005236</Z>
      </Vector3>
      <Vector3>
        <X>-2346.05054</X>
        <Y>-283.427277</Y>
        <Z>14.386651</Z>
      </Vector3>
      <Vector3>
        <X>-2351.26514</X>
        <Y>-281.654</Y>
        <Z>14.4612017</Z>
      </Vector3>
      <Vector3>
        <X>-2349.937</X>
        <Y>-280.101837</Y>
        <Z>14.4562817</Z>
      </Vector3>
    </Bounds>
    <CenterCamPosition>
      <X>0</X>
      <Y>0</Y>
    </CenterCamPosition>
    <ScreenBounds />
    <DistanceToCam>0</DistanceToCam>
    <Speed>4.362734</Speed>
    <AccInput>0</AccInput>
    <RPM>1.35798967</RPM>
    <Gear>0</Gear>
    <SteeringAngle>5.853084E-41</SteeringAngle>
    <WheelSpeed>0</WheelSpeed>
    <CarType>Sports</CarType>
  </MyCar>
  <Peds />
  <Time>124936</Time>
  <LastFrameTime>0.0197492316</LastFrameTime>
  <MyProperty>0</MyProperty>
  <Weather>Clear</Weather>
  <Steering>123</Steering>
  <Acc>181</Acc>
  <Brake>169</Brake>
  <DayTime>15:16:13</DayTime>
  <Position>
    <X>-2349.50171</X>
    <Y>-281.817352</Y>
    <Z>14.6112633</Z>
  </Position>
  <Rotation>
    <X>0.28122434</X>
    <Y>0.6374988</Y>
    <Z>49.4402237</Z>
  </Rotation>
</Screenshot>