<?xml version="1.0" encoding="utf-8"?>
<Screenshot xmlns:xsd="http://www.w3.org/2001/XMLSchema" xmlns:xsi="http://www.w3.org/2001/XMLSchema-instance">
  <Cars />
  <MyCar>
    <Position>
      <X>-2348.60083</X>
      <Y>-282.5913</Y>
      <Z>13.6949883</Z>
    </Position>
    <Rotation>
      <X>0.781206965</X>
      <Y>0.1375066</Y>
      <Z>49.4370956</Z>
    </Rotation>
    <Handle>663810</Handle>
    <Bounds>
      <Vector3>
        <X>-2347.33081</X>
        <Y>-285.0252</Y>
        <Z>12.9346867</Z>
      </Vector3>
      <Vector3>
        <X>-2346.00244</X>
        <Y>-283.473358</Y>
        <Z>12.9297838</Z>
      </Vector3>
      <Vector3>
        <X>-2351.21655</X>
        <Y>-281.6988</Y>
        <Z>13.0044336</Z>
      </Vector3>
      <Vector3>
        <X>-2347.31323</X>
        <Y>-285.035461</Y>
        <Z>14.3904438</Z>
      </Vector3>
      <Vector3>
        <X>-2349.88818</X>
        <Y>-280.146973</Y>
        <Z>12.9995308</Z>
      </Vector3>
      <Vector3>
        <X>-2345.985</X>
        <Y>-283.4836</Y>
        <Z>14.3855419</Z>
      </Vector3>
      <Vector3>
        <X>-2351.19922</X>
        <Y>-281.709045</Y>
        <Z>14.4601908</Z>
      </Vector3>
      <Vector3>
        <X>-2349.87085</X>
        <Y>-280.157227</Y>
        <Z>14.4552889</Z>
      </Vector3>
    </Bounds>
    <CenterCamPosition>
      <X>0</X>
      <Y>0</Y>
    </CenterCamPosition>
    <ScreenBounds />
    <DistanceToCam>0</DistanceToCam>
    <Speed>4.349167</Speed>
    <AccInput>0</AccInput>
    <RPM>1.35798967</RPM>
    <Gear>0</Gear>
    <SteeringAngle>5.853084E-41</SteeringAngle>
    <WheelSpeed>0</WheelSpeed>
    <CarType>Sports</CarType>
  </MyCar>
  <Peds />
  <Time>124917</Time>
  <LastFrameTime>0.0482359752</LastFrameTime>
  <MyProperty>0</MyProperty>
  <Weather>Clear</Weather>
  <Steering>124</Steering>
  <Acc>181</Acc>
  <Brake>169</Brake>
  <DayTime>15:16:13</DayTime>
  <Position>
    <X>-2349.3418</X>
    <Y>-281.952759</Y>
    <Z>14.6087732</Z>
  </Position>
  <Rotation>
    <X>0.2853927</X>
    <Y>0.631135166</Y>
    <Z>49.4142265</Z>
  </Rotation>
</Screenshot>