<?xml version="1.0" encoding="utf-8"?>
<Screenshot xmlns:xsd="http://www.w3.org/2001/XMLSchema" xmlns:xsi="http://www.w3.org/2001/XMLSchema-instance">
  <Cars />
  <MyCar>
    <Position>
      <X>-2349.00049</X>
      <Y>-282.254974</Y>
      <Z>13.7014046</Z>
    </Position>
    <Rotation>
      <X>0.7727354</X>
      <Y>0.145386264</Y>
      <Z>49.5817528</Z>
    </Rotation>
    <Handle>663810</Handle>
    <Bounds>
      <Vector3>
        <X>-2347.724</X>
        <Y>-284.685822</Y>
        <Z>12.94162</Z>
      </Vector3>
      <Vector3>
        <X>-2346.39966</X>
        <Y>-283.1306</Y>
        <Z>12.9364367</Z>
      </Vector3>
      <Vector3>
        <X>-2351.61841</X>
        <Y>-281.369232</Y>
        <Z>13.0106106</Z>
      </Vector3>
      <Vector3>
        <X>-2347.70679</X>
        <Y>-284.69574</Y>
        <Z>14.39738</Z>
      </Vector3>
      <Vector3>
        <X>-2350.294</X>
        <Y>-279.814026</Y>
        <Z>13.0054274</Z>
      </Vector3>
      <Vector3>
        <X>-2346.38232</X>
        <Y>-283.140533</Y>
        <Z>14.3921967</Z>
      </Vector3>
      <Vector3>
        <X>-2351.601</X>
        <Y>-281.37915</Y>
        <Z>14.4663706</Z>
      </Vector3>
      <Vector3>
        <X>-2350.27661</X>
        <Y>-279.823944</Y>
        <Z>14.4611874</Z>
      </Vector3>
    </Bounds>
    <CenterCamPosition>
      <X>0</X>
      <Y>0</Y>
    </CenterCamPosition>
    <ScreenBounds />
    <DistanceToCam>0</DistanceToCam>
    <Speed>4.43047047</Speed>
    <AccInput>0</AccInput>
    <RPM>1.35798967</RPM>
    <Gear>0</Gear>
    <SteeringAngle>5.853084E-41</SteeringAngle>
    <WheelSpeed>0</WheelSpeed>
    <CarType>Sports</CarType>
  </MyCar>
  <Peds />
  <Time>125035</Time>
  <LastFrameTime>0.0192595739</LastFrameTime>
  <MyProperty>0</MyProperty>
  <Weather>Clear</Weather>
  <Steering>122</Steering>
  <Acc>181</Acc>
  <Brake>169</Brake>
  <DayTime>15:16:13</DayTime>
  <Position>
    <X>-2349.8374</X>
    <Y>-281.537323</Y>
    <Z>14.6164742</Z>
  </Position>
  <Rotation>
    <X>0.273617923</X>
    <Y>0.6444254</Y>
    <Z>49.5524864</Z>
  </Rotation>
</Screenshot>