<?xml version="1.0" encoding="utf-8"?>
<Screenshot xmlns:xsd="http://www.w3.org/2001/XMLSchema" xmlns:xsi="http://www.w3.org/2001/XMLSchema-instance">
  <Cars />
  <MyCar>
    <Position>
      <X>-2349.113</X>
      <Y>-282.16153</Y>
      <Z>13.7031975</Z>
    </Position>
    <Rotation>
      <X>0.7696655</X>
      <Y>0.148925066</Y>
      <Z>49.64796</Z>
    </Rotation>
    <Handle>663810</Handle>
    <Bounds>
      <Vector3>
        <X>-2347.834</X>
        <Y>-284.590942</Y>
        <Z>12.9436131</Z>
      </Vector3>
      <Vector3>
        <X>-2346.51123</X>
        <Y>-283.034241</Y>
        <Z>12.938303</Z>
      </Vector3>
      <Vector3>
        <X>-2351.732</X>
        <Y>-281.27887</Y>
        <Z>13.0123291</Z>
      </Vector3>
      <Vector3>
        <X>-2347.81665</X>
        <Y>-284.600739</Y>
        <Z>14.399374</Z>
      </Vector3>
      <Vector3>
        <X>-2350.40942</X>
        <Y>-279.722137</Y>
        <Z>13.00702</Z>
      </Vector3>
      <Vector3>
        <X>-2346.494</X>
        <Y>-283.044</Y>
        <Z>14.3940639</Z>
      </Vector3>
      <Vector3>
        <X>-2351.7146</X>
        <Y>-281.288635</Y>
        <Z>14.46809</Z>
      </Vector3>
      <Vector3>
        <X>-2350.392</X>
        <Y>-279.731934</Y>
        <Z>14.462781</Z>
      </Vector3>
    </Bounds>
    <CenterCamPosition>
      <X>0</X>
      <Y>0</Y>
    </CenterCamPosition>
    <ScreenBounds />
    <DistanceToCam>0</DistanceToCam>
    <Speed>4.452577</Speed>
    <AccInput>0</AccInput>
    <RPM>1.35798967</RPM>
    <Gear>0</Gear>
    <SteeringAngle>5.853084E-41</SteeringAngle>
    <WheelSpeed>0</WheelSpeed>
    <CarType>Sports</CarType>
  </MyCar>
  <Peds />
  <Time>125068</Time>
  <LastFrameTime>0.0328632556</LastFrameTime>
  <MyProperty>0</MyProperty>
  <Weather>Clear</Weather>
  <Steering>120</Steering>
  <Acc>181</Acc>
  <Brake>169</Brake>
  <DayTime>15:16:13</DayTime>
  <Position>
    <X>-2349.90332</X>
    <Y>-281.483124</Y>
    <Z>14.6175032</Z>
  </Position>
  <Rotation>
    <X>0.272752672</X>
    <Y>0.645379</Y>
    <Z>49.58482</Z>
  </Rotation>
</Screenshot>