<?xml version="1.0" encoding="utf-8"?>
<Screenshot xmlns:xsd="http://www.w3.org/2001/XMLSchema" xmlns:xsi="http://www.w3.org/2001/XMLSchema-instance">
  <Cars />
  <MyCar>
    <Position>
      <X>-2348.935</X>
      <Y>-282.309662</Y>
      <Z>13.7003574</Z>
    </Position>
    <Rotation>
      <X>0.773600638</X>
      <Y>0.144432768</Y>
      <Z>49.54941</Z>
    </Rotation>
    <Handle>663810</Handle>
    <Bounds>
      <Vector3>
        <X>-2347.66016</X>
        <Y>-284.7412</Y>
        <Z>12.9405174</Z>
      </Vector3>
      <Vector3>
        <X>-2346.33472</X>
        <Y>-283.186768</Y>
        <Z>12.9353676</Z>
      </Vector3>
      <Vector3>
        <X>-2351.55249</X>
        <Y>-281.422424</Y>
        <Z>13.0095854</Z>
      </Vector3>
      <Vector3>
        <X>-2347.64282</X>
        <Y>-284.75116</Y>
        <Z>14.3962774</Z>
      </Vector3>
      <Vector3>
        <X>-2350.227</X>
        <Y>-279.867981</Y>
        <Z>13.0044355</Z>
      </Vector3>
      <Vector3>
        <X>-2346.31738</X>
        <Y>-283.196716</Y>
        <Z>14.3911276</Z>
      </Vector3>
      <Vector3>
        <X>-2351.53516</X>
        <Y>-281.432373</Y>
        <Z>14.4653454</Z>
      </Vector3>
      <Vector3>
        <X>-2350.20972</X>
        <Y>-279.87793</Y>
        <Z>14.4601955</Z>
      </Vector3>
    </Bounds>
    <CenterCamPosition>
      <X>0</X>
      <Y>0</Y>
    </CenterCamPosition>
    <ScreenBounds />
    <DistanceToCam>0</DistanceToCam>
    <Speed>4.417366</Speed>
    <AccInput>0</AccInput>
    <RPM>1.35798967</RPM>
    <Gear>0</Gear>
    <SteeringAngle>5.853084E-41</SteeringAngle>
    <WheelSpeed>0</WheelSpeed>
    <CarType>Sports</CarType>
  </MyCar>
  <Peds />
  <Time>125016</Time>
  <LastFrameTime>0.0482573844</LastFrameTime>
  <MyProperty>0</MyProperty>
  <Weather>Clear</Weather>
  <Steering>122</Steering>
  <Acc>181</Acc>
  <Brake>169</Brake>
  <DayTime>15:16:13</DayTime>
  <Position>
    <X>-2349.67334</X>
    <Y>-281.673157</Y>
    <Z>14.6139345</Z>
  </Position>
  <Rotation>
    <X>0.277541</X>
    <Y>0.6400874</Y>
    <Z>49.4842072</Z>
  </Rotation>
</Screenshot>