<?xml version="1.0" encoding="utf-8"?>
<Screenshot xmlns:xsd="http://www.w3.org/2001/XMLSchema" xmlns:xsi="http://www.w3.org/2001/XMLSchema-instance">
  <Cars />
  <MyCar>
    <Position>
      <X>-2349.46387</X>
      <Y>-281.873535</Y>
      <Z>13.7088451</Z>
    </Position>
    <Rotation>
      <X>0.7601439</X>
      <Y>0.150939062</Y>
      <Z>49.92493</Z>
    </Rotation>
    <Handle>663810</Handle>
    <Bounds>
      <Vector3>
        <X>-2348.17285</X>
        <Y>-284.296844</Y>
        <Z>12.9497194</Z>
      </Vector3>
      <Vector3>
        <X>-2346.858</X>
        <Y>-282.733765</Y>
        <Z>12.9443378</Z>
      </Vector3>
      <Vector3>
        <X>-2352.087</X>
        <Y>-281.003632</Y>
        <Z>13.0175858</Z>
      </Vector3>
      <Vector3>
        <X>-2348.15576</X>
        <Y>-284.306335</Y>
        <Z>14.4054842</Z>
      </Vector3>
      <Vector3>
        <X>-2350.772</X>
        <Y>-279.440521</Y>
        <Z>13.0122051</Z>
      </Vector3>
      <Vector3>
        <X>-2346.84058</X>
        <Y>-282.743256</Y>
        <Z>14.4001026</Z>
      </Vector3>
      <Vector3>
        <X>-2352.06982</X>
        <Y>-281.013123</Y>
        <Z>14.4733505</Z>
      </Vector3>
      <Vector3>
        <X>-2350.75464</X>
        <Y>-279.450043</Y>
        <Z>14.4679689</Z>
      </Vector3>
    </Bounds>
    <CenterCamPosition>
      <X>0</X>
      <Y>0</Y>
    </CenterCamPosition>
    <ScreenBounds />
    <DistanceToCam>0</DistanceToCam>
    <Speed>4.52067757</Speed>
    <AccInput>0</AccInput>
    <RPM>1.35798967</RPM>
    <Gear>0</Gear>
    <SteeringAngle>5.853084E-41</SteeringAngle>
    <WheelSpeed>0</WheelSpeed>
    <CarType>Sports</CarType>
  </MyCar>
  <Peds />
  <Time>125169</Time>
  <LastFrameTime>0.019636903</LastFrameTime>
  <MyProperty>0</MyProperty>
  <Weather>Clear</Weather>
  <Steering>120</Steering>
  <Acc>181</Acc>
  <Brake>169</Brake>
  <DayTime>15:16:13</DayTime>
  <Position>
    <X>-2350.30151</X>
    <Y>-281.162</Y>
    <Z>14.6236124</Z>
  </Position>
  <Rotation>
    <X>0.263931483</X>
    <Y>0.6543966</Y>
    <Z>49.8676872</Z>
  </Rotation>
</Screenshot>