<?xml version="1.0" encoding="utf-8"?>
<Screenshot xmlns:xsd="http://www.w3.org/2001/XMLSchema" xmlns:xsi="http://www.w3.org/2001/XMLSchema-instance">
  <Cars />
  <MyCar>
    <Position>
      <X>-2349.22852</X>
      <Y>-282.066223</Y>
      <Z>13.7050371</Z>
    </Position>
    <Rotation>
      <X>0.7671385</X>
      <Y>0.151026323</Y>
      <Z>49.7279663</Z>
    </Rotation>
    <Handle>663810</Handle>
    <Bounds>
      <Vector3>
        <X>-2347.946</X>
        <Y>-284.4939</Y>
        <Z>12.9456024</Z>
      </Vector3>
      <Vector3>
        <X>-2346.62549</X>
        <Y>-282.935333</Y>
        <Z>12.940218</Z>
      </Vector3>
      <Vector3>
        <X>-2351.84863</X>
        <Y>-281.187256</Y>
        <Z>13.0140934</Z>
      </Vector3>
      <Vector3>
        <X>-2347.92871</X>
        <Y>-284.503571</Y>
        <Z>14.4013643</Z>
      </Vector3>
      <Vector3>
        <X>-2350.52832</X>
        <Y>-279.6287</Y>
        <Z>13.008709</Z>
      </Vector3>
      <Vector3>
        <X>-2346.60815</X>
        <Y>-282.945</Y>
        <Z>14.39598</Z>
      </Vector3>
      <Vector3>
        <X>-2351.8313</X>
        <Y>-281.19693</Y>
        <Z>14.4698553</Z>
      </Vector3>
      <Vector3>
        <X>-2350.51074</X>
        <Y>-279.638367</Y>
        <Z>14.4644709</Z>
      </Vector3>
    </Bounds>
    <CenterCamPosition>
      <X>0</X>
      <Y>0</Y>
    </CenterCamPosition>
    <ScreenBounds />
    <DistanceToCam>0</DistanceToCam>
    <Speed>4.47491932</Speed>
    <AccInput>0</AccInput>
    <RPM>1.35798967</RPM>
    <Gear>0</Gear>
    <SteeringAngle>5.853084E-41</SteeringAngle>
    <WheelSpeed>0</WheelSpeed>
    <CarType>Sports</CarType>
  </MyCar>
  <Peds />
  <Time>125102</Time>
  <LastFrameTime>0.0334661752</LastFrameTime>
  <MyProperty>0</MyProperty>
  <Weather>Clear</Weather>
  <Steering>120</Steering>
  <Acc>181</Acc>
  <Brake>169</Brake>
  <DayTime>15:16:13</DayTime>
  <Position>
    <X>-2350.0166</X>
    <Y>-281.390625</Y>
    <Z>14.6192322</Z>
  </Position>
  <Rotation>
    <X>0.269682735</X>
    <Y>0.648917854</Y>
    <Z>49.65101</Z>
  </Rotation>
</Screenshot>