<?xml version="1.0" encoding="utf-8"?>
<Screenshot xmlns:xsd="http://www.w3.org/2001/XMLSchema" xmlns:xsi="http://www.w3.org/2001/XMLSchema-instance">
  <Cars />
  <MyCar>
    <Position>
      <X>-2349.395</X>
      <Y>-281.9296</Y>
      <Z>13.7076969</Z>
    </Position>
    <Rotation>
      <X>0.7639143</X>
      <Y>0.154403552</Y>
      <Z>49.86467</Z>
    </Rotation>
    <Handle>663810</Handle>
    <Bounds>
      <Vector3>
        <X>-2348.10669</X>
        <Y>-284.354279</Y>
        <Z>12.9484653</Z>
      </Vector3>
      <Vector3>
        <X>-2346.79</X>
        <Y>-282.792572</Y>
        <Z>12.9429607</Z>
      </Vector3>
      <Vector3>
        <X>-2352.01733</X>
        <Y>-281.056915</Y>
        <Z>13.0166693</Z>
      </Vector3>
      <Vector3>
        <X>-2348.08936</X>
        <Y>-284.36377</Y>
        <Z>14.4042282</Z>
      </Vector3>
      <Vector3>
        <X>-2350.70044</X>
        <Y>-279.4952</Y>
        <Z>13.0111637</Z>
      </Vector3>
      <Vector3>
        <X>-2346.77271</X>
        <Y>-282.802063</Y>
        <Z>14.3987236</Z>
      </Vector3>
      <Vector3>
        <X>-2352</X>
        <Y>-281.066437</Y>
        <Z>14.4724312</Z>
      </Vector3>
      <Vector3>
        <X>-2350.683</X>
        <Y>-279.50473</Y>
        <Z>14.4669266</Z>
      </Vector3>
    </Bounds>
    <CenterCamPosition>
      <X>0</X>
      <Y>0</Y>
    </CenterCamPosition>
    <ScreenBounds />
    <DistanceToCam>0</DistanceToCam>
    <Speed>4.507524</Speed>
    <AccInput>0</AccInput>
    <RPM>1.35798967</RPM>
    <Gear>0</Gear>
    <SteeringAngle>5.853084E-41</SteeringAngle>
    <WheelSpeed>0</WheelSpeed>
    <CarType>Sports</CarType>
  </MyCar>
  <Peds />
  <Time>125150</Time>
  <LastFrameTime>0.04789278</LastFrameTime>
  <MyProperty>0</MyProperty>
  <Weather>Clear</Weather>
  <Steering>120</Steering>
  <Acc>181</Acc>
  <Brake>169</Brake>
  <DayTime>15:16:13</DayTime>
  <Position>
    <X>-2350.1333</X>
    <Y>-281.296539</Y>
    <Z>14.6210194</Z>
  </Position>
  <Rotation>
    <X>0.267155766</X>
    <Y>0.6510193</Y>
    <Z>49.731</Z>
  </Rotation>
</Screenshot>