<?xml version="1.0" encoding="utf-8"?>
<Screenshot xmlns:xsd="http://www.w3.org/2001/XMLSchema" xmlns:xsi="http://www.w3.org/2001/XMLSchema-instance">
  <Cars />
  <MyCar>
    <Position>
      <X>-2349.578</X>
      <Y>-281.780975</Y>
      <Z>13.7106562</Z>
    </Position>
    <Rotation>
      <X>0.7580735</X>
      <Y>0.152883515</Y>
      <Z>50.0320778</Z>
    </Rotation>
    <Handle>663810</Handle>
    <Bounds>
      <Vector3>
        <X>-2348.28247</X>
        <Y>-284.2019</Y>
        <Z>12.9516573</Z>
      </Vector3>
      <Vector3>
        <X>-2346.97021</X>
        <Y>-282.636353</Y>
        <Z>12.946207</Z>
      </Vector3>
      <Vector3>
        <X>-2352.20264</X>
        <Y>-280.916016</Y>
        <Z>13.01934</Z>
      </Vector3>
      <Vector3>
        <X>-2348.26514</X>
        <Y>-284.2113</Y>
        <Z>14.4074221</Z>
      </Vector3>
      <Vector3>
        <X>-2350.89038</X>
        <Y>-279.350464</Y>
        <Z>13.0138884</Z>
      </Vector3>
      <Vector3>
        <X>-2346.95313</X>
        <Y>-282.645752</Y>
        <Z>14.4019718</Z>
      </Vector3>
      <Vector3>
        <X>-2352.1853</X>
        <Y>-280.9254</Y>
        <Z>14.4751043</Z>
      </Vector3>
      <Vector3>
        <X>-2350.87329</X>
        <Y>-279.359863</Y>
        <Z>14.4696531</Z>
      </Vector3>
    </Bounds>
    <CenterCamPosition>
      <X>0</X>
      <Y>0</Y>
    </CenterCamPosition>
    <ScreenBounds />
    <DistanceToCam>0</DistanceToCam>
    <Speed>4.54238224</Speed>
    <AccInput>0</AccInput>
    <RPM>1.35798967</RPM>
    <Gear>0</Gear>
    <SteeringAngle>5.853084E-41</SteeringAngle>
    <WheelSpeed>0</WheelSpeed>
    <CarType>Sports</CarType>
  </MyCar>
  <Peds />
  <Time>125202</Time>
  <LastFrameTime>0.03238322</LastFrameTime>
  <MyProperty>0</MyProperty>
  <Weather>Clear</Weather>
  <Steering>120</Steering>
  <Acc>181</Acc>
  <Brake>169</Brake>
  <DayTime>15:16:13</DayTime>
  <Position>
    <X>-2350.37134</X>
    <Y>-281.1069</Y>
    <Z>14.6246824</Z>
  </Position>
  <Rotation>
    <X>0.260160625</X>
    <Y>0.6509323</Y>
    <Z>49.92788</Z>
  </Rotation>
</Screenshot>