<?xml version="1.0" encoding="utf-8"?>
<Screenshot xmlns:xsd="http://www.w3.org/2001/XMLSchema" xmlns:xsi="http://www.w3.org/2001/XMLSchema-instance">
  <Cars />
  <MyCar>
    <Position>
      <X>-2349.846</X>
      <Y>-281.565277</Y>
      <Z>13.7148962</Z>
    </Position>
    <Rotation>
      <X>0.7583417</X>
      <Y>0.1616313</Y>
      <Z>50.3068047</Z>
    </Rotation>
    <Handle>663810</Handle>
    <Bounds>
      <Vector3>
        <X>-2348.539</X>
        <Y>-283.980072</Y>
        <Z>12.9560413</Z>
      </Vector3>
      <Vector3>
        <X>-2347.23438</X>
        <Y>-282.408234</Y>
        <Z>12.9502792</Z>
      </Vector3>
      <Vector3>
        <X>-2352.47485</X>
        <Y>-280.712982</Y>
        <Z>13.0237474</Z>
      </Vector3>
      <Vector3>
        <X>-2348.52148</X>
        <Y>-283.9892</Y>
        <Z>14.4118061</Z>
      </Vector3>
      <Vector3>
        <X>-2351.17017</X>
        <Y>-279.141174</Y>
        <Z>13.0179853</Z>
      </Vector3>
      <Vector3>
        <X>-2347.2168</X>
        <Y>-282.4174</Y>
        <Z>14.4060431</Z>
      </Vector3>
      <Vector3>
        <X>-2352.45728</X>
        <Y>-280.722137</Y>
        <Z>14.4795113</Z>
      </Vector3>
      <Vector3>
        <X>-2351.15283</X>
        <Y>-279.1503</Y>
        <Z>14.4737492</Z>
      </Vector3>
    </Bounds>
    <CenterCamPosition>
      <X>0</X>
      <Y>0</Y>
    </CenterCamPosition>
    <ScreenBounds />
    <DistanceToCam>0</DistanceToCam>
    <Speed>4.593734</Speed>
    <AccInput>0</AccInput>
    <RPM>1.35798967</RPM>
    <Gear>0</Gear>
    <SteeringAngle>5.853084E-41</SteeringAngle>
    <WheelSpeed>0</WheelSpeed>
    <CarType>Sports</CarType>
  </MyCar>
  <Peds />
  <Time>125277</Time>
  <LastFrameTime>0.0274242666</LastFrameTime>
  <MyProperty>0</MyProperty>
  <Weather>Clear</Weather>
  <Steering>120</Steering>
  <Acc>181</Acc>
  <Brake>169</Brake>
  <DayTime>15:16:13</DayTime>
  <Position>
    <X>-2350.659</X>
    <Y>-280.881683</Y>
    <Z>14.6290855</Z>
  </Position>
  <Rotation>
    <X>0.257029355</X>
    <Y>0.6563265</Y>
    <Z>50.20684</Z>
  </Rotation>
</Screenshot>