<?xml version="1.0" encoding="utf-8"?>
<Screenshot xmlns:xsd="http://www.w3.org/2001/XMLSchema" xmlns:xsi="http://www.w3.org/2001/XMLSchema-instance">
  <Cars />
  <MyCar>
    <Position>
      <X>-2349.7478</X>
      <Y>-281.643982</Y>
      <Z>13.7133131</Z>
    </Position>
    <Rotation>
      <X>0.757012546</X>
      <Y>0.156333134</Y>
      <Z>50.2039032</Z>
    </Rotation>
    <Handle>663810</Handle>
    <Bounds>
      <Vector3>
        <X>-2348.445</X>
        <Y>-284.061066</Y>
        <Z>12.954423</Z>
      </Vector3>
      <Vector3>
        <X>-2347.1377</X>
        <Y>-282.491577</Y>
        <Z>12.94885</Z>
      </Vector3>
      <Vector3>
        <X>-2352.375</X>
        <Y>-280.786926</Y>
        <Z>13.02201</Z>
      </Vector3>
      <Vector3>
        <X>-2348.42773</X>
        <Y>-284.0703</Y>
        <Z>14.4101877</Z>
      </Vector3>
      <Vector3>
        <X>-2351.06763</X>
        <Y>-279.217468</Y>
        <Z>13.0164366</Z>
      </Vector3>
      <Vector3>
        <X>-2347.12036</X>
        <Y>-282.500854</Y>
        <Z>14.4046144</Z>
      </Vector3>
      <Vector3>
        <X>-2352.358</X>
        <Y>-280.796173</Y>
        <Z>14.4777746</Z>
      </Vector3>
      <Vector3>
        <X>-2351.05029</X>
        <Y>-279.2267</Y>
        <Z>14.4722013</Z>
      </Vector3>
    </Bounds>
    <CenterCamPosition>
      <X>0</X>
      <Y>0</Y>
    </CenterCamPosition>
    <ScreenBounds />
    <DistanceToCam>0</DistanceToCam>
    <Speed>4.57508945</Speed>
    <AccInput>0</AccInput>
    <RPM>1.35798967</RPM>
    <Gear>0</Gear>
    <SteeringAngle>5.853084E-41</SteeringAngle>
    <WheelSpeed>0</WheelSpeed>
    <CarType>Sports</CarType>
  </MyCar>
  <Peds />
  <Time>125249</Time>
  <LastFrameTime>0.04782234</LastFrameTime>
  <MyProperty>0</MyProperty>
  <Weather>Clear</Weather>
  <Steering>120</Steering>
  <Acc>181</Acc>
  <Brake>169</Brake>
  <DayTime>15:16:13</DayTime>
  <Position>
    <X>-2350.48682</X>
    <Y>-281.016</Y>
    <Z>14.6264505</Z>
  </Position>
  <Rotation>
    <X>0.2580902</X>
    <Y>0.652876854</Y>
    <Z>50.0350151</Z>
  </Rotation>
</Screenshot>