<?xml version="1.0" encoding="utf-8"?>
<Screenshot xmlns:xsd="http://www.w3.org/2001/XMLSchema" xmlns:xsi="http://www.w3.org/2001/XMLSchema-instance">
  <Cars />
  <MyCar>
    <Position>
      <X>-2350.18</X>
      <Y>-281.300018</Y>
      <Z>13.7205544</Z>
    </Position>
    <Rotation>
      <X>0.7831388</X>
      <Y>0.166557148</Y>
      <Z>50.66924</Z>
    </Rotation>
    <Handle>663810</Handle>
    <Bounds>
      <Vector3>
        <X>-2348.858</X>
        <Y>-283.706329</Y>
        <Z>12.9606848</Z>
      </Vector3>
      <Vector3>
        <X>-2347.56323</X>
        <Y>-282.126282</Y>
        <Z>12.9547472</Z>
      </Vector3>
      <Vector3>
        <X>-2352.81445</X>
        <Y>-280.464233</Y>
        <Z>13.0306044</Z>
      </Vector3>
      <Vector3>
        <X>-2348.83984</X>
        <Y>-283.715668</Y>
        <Z>14.41644</Z>
      </Vector3>
      <Vector3>
        <X>-2351.51978</X>
        <Y>-278.8842</Y>
        <Z>13.0246668</Z>
      </Vector3>
      <Vector3>
        <X>-2347.54517</X>
        <Y>-282.13562</Y>
        <Z>14.4105024</Z>
      </Vector3>
      <Vector3>
        <X>-2352.79639</X>
        <Y>-280.473572</Y>
        <Z>14.48636</Z>
      </Vector3>
      <Vector3>
        <X>-2351.50171</X>
        <Y>-278.893524</Y>
        <Z>14.480422</Z>
      </Vector3>
    </Bounds>
    <CenterCamPosition>
      <X>0</X>
      <Y>0</Y>
    </CenterCamPosition>
    <ScreenBounds />
    <DistanceToCam>0</DistanceToCam>
    <Speed>4.65517139</Speed>
    <AccInput>0</AccInput>
    <RPM>1.35798967</RPM>
    <Gear>0</Gear>
    <SteeringAngle>5.853084E-41</SteeringAngle>
    <WheelSpeed>0</WheelSpeed>
    <CarType>Sports</CarType>
  </MyCar>
  <Peds />
  <Time>125369</Time>
  <LastFrameTime>0.0333470181</LastFrameTime>
  <MyProperty>0</MyProperty>
  <Weather>Clear</Weather>
  <Steering>122</Steering>
  <Acc>181</Acc>
  <Brake>169</Brake>
  <DayTime>15:16:13</DayTime>
  <Position>
    <X>-2350.97363</X>
    <Y>-280.639252</Y>
    <Z>14.6346054</Z>
  </Position>
  <Rotation>
    <X>0.27366972</X>
    <Y>0.66645813</Y>
    <Z>50.5396347</Z>
  </Rotation>
</Screenshot>