<?xml version="1.0" encoding="utf-8"?>
<Screenshot xmlns:xsd="http://www.w3.org/2001/XMLSchema" xmlns:xsi="http://www.w3.org/2001/XMLSchema-instance">
  <Cars />
  <MyCar>
    <Position>
      <X>-2349.936</X>
      <Y>-281.4934</Y>
      <Z>13.7164106</Z>
    </Position>
    <Rotation>
      <X>0.7634958</X>
      <Y>0.164925963</Y>
      <Z>50.4031067</Z>
    </Rotation>
    <Handle>663810</Handle>
    <Bounds>
      <Vector3>
        <X>-2348.625</X>
        <Y>-283.905975</Y>
        <Z>12.957386</Z>
      </Vector3>
      <Vector3>
        <X>-2347.323</X>
        <Y>-282.33197</Y>
        <Z>12.9515057</Z>
      </Vector3>
      <Vector3>
        <X>-2352.56641</X>
        <Y>-280.645538</Y>
        <Z>13.0255518</Z>
      </Vector3>
      <Vector3>
        <X>-2348.60742</X>
        <Y>-283.9151</Y>
        <Z>14.4131479</Z>
      </Vector3>
      <Vector3>
        <X>-2351.2644</X>
        <Y>-279.0715</Y>
        <Z>13.0196714</Z>
      </Vector3>
      <Vector3>
        <X>-2347.30542</X>
        <Y>-282.3411</Y>
        <Z>14.4072676</Z>
      </Vector3>
      <Vector3>
        <X>-2352.54883</X>
        <Y>-280.654663</Y>
        <Z>14.4813137</Z>
      </Vector3>
      <Vector3>
        <X>-2351.24683</X>
        <Y>-279.080658</Y>
        <Z>14.4754333</Z>
      </Vector3>
    </Bounds>
    <CenterCamPosition>
      <X>0</X>
      <Y>0</Y>
    </CenterCamPosition>
    <ScreenBounds />
    <DistanceToCam>0</DistanceToCam>
    <Speed>4.61047268</Speed>
    <AccInput>0</AccInput>
    <RPM>1.35798967</RPM>
    <Gear>0</Gear>
    <SteeringAngle>5.853084E-41</SteeringAngle>
    <WheelSpeed>0</WheelSpeed>
    <CarType>Sports</CarType>
  </MyCar>
  <Peds />
  <Time>125302</Time>
  <LastFrameTime>0.0250035916</LastFrameTime>
  <MyProperty>0</MyProperty>
  <Weather>Clear</Weather>
  <Steering>120</Steering>
  <Acc>181</Acc>
  <Brake>169</Brake>
  <DayTime>15:16:13</DayTime>
  <Position>
    <X>-2350.7583</X>
    <Y>-280.804565</Y>
    <Z>14.6306963</Z>
  </Position>
  <Rotation>
    <X>0.258358836</X>
    <Y>0.6616246</Y>
    <Z>50.3097839</Z>
  </Rotation>
</Screenshot>