<?xml version="1.0" encoding="utf-8"?>
<Screenshot xmlns:xsd="http://www.w3.org/2001/XMLSchema" xmlns:xsi="http://www.w3.org/2001/XMLSchema-instance">
  <Cars />
  <MyCar>
    <Position>
      <X>-2350.05835</X>
      <Y>-281.3962</Y>
      <Z>13.7184887</Z>
    </Position>
    <Rotation>
      <X>0.773651242</X>
      <Y>0.166465774</Y>
      <Z>50.5364532</Z>
    </Rotation>
    <Handle>663810</Handle>
    <Bounds>
      <Vector3>
        <X>-2348.742</X>
        <Y>-283.805664</Y>
        <Z>12.95904</Z>
      </Vector3>
      <Vector3>
        <X>-2347.4436</X>
        <Y>-282.2286</Y>
        <Z>12.953105</Z>
      </Vector3>
      <Vector3>
        <X>-2352.691</X>
        <Y>-280.554382</Y>
        <Z>13.0281124</Z>
      </Vector3>
      <Vector3>
        <X>-2348.724</X>
        <Y>-283.81488</Y>
        <Z>14.4147987</Z>
      </Vector3>
      <Vector3>
        <X>-2351.39258</X>
        <Y>-278.977356</Y>
        <Z>13.0221777</Z>
      </Vector3>
      <Vector3>
        <X>-2347.42578</X>
        <Y>-282.237854</Y>
        <Z>14.4088631</Z>
      </Vector3>
      <Vector3>
        <X>-2352.67285</X>
        <Y>-280.5636</Y>
        <Z>14.4838705</Z>
      </Vector3>
      <Vector3>
        <X>-2351.37451</X>
        <Y>-278.986572</Y>
        <Z>14.4779358</Z>
      </Vector3>
    </Bounds>
    <CenterCamPosition>
      <X>0</X>
      <Y>0</Y>
    </CenterCamPosition>
    <ScreenBounds />
    <DistanceToCam>0</DistanceToCam>
    <Speed>4.63297129</Speed>
    <AccInput>0</AccInput>
    <RPM>1.35798967</RPM>
    <Gear>0</Gear>
    <SteeringAngle>5.853084E-41</SteeringAngle>
    <WheelSpeed>0</WheelSpeed>
    <CarType>Sports</CarType>
  </MyCar>
  <Peds />
  <Time>125336</Time>
  <LastFrameTime>0.0337649956</LastFrameTime>
  <MyProperty>0</MyProperty>
  <Weather>Clear</Weather>
  <Steering>120</Steering>
  <Acc>181</Acc>
  <Brake>169</Brake>
  <DayTime>15:16:13</DayTime>
  <Position>
    <X>-2350.84961</X>
    <Y>-280.734222</Y>
    <Z>14.6323175</Z>
  </Position>
  <Rotation>
    <X>0.263513625</X>
    <Y>0.6649189</Y>
    <Z>50.4061661</Z>
  </Rotation>
</Screenshot>