<?xml version="1.0" encoding="utf-8"?>
<Screenshot xmlns:xsd="http://www.w3.org/2001/XMLSchema" xmlns:xsi="http://www.w3.org/2001/XMLSchema-instance">
  <Cars />
  <MyCar>
    <Position>
      <X>-2350.49951</X>
      <Y>-281.04718</Y>
      <Z>13.7259865</Z>
    </Position>
    <Rotation>
      <X>0.807992756</X>
      <Y>0.154744178</Y>
      <Z>50.9630623</Z>
    </Rotation>
    <Handle>663810</Handle>
    <Bounds>
      <Vector3>
        <X>-2349.16553</X>
        <Y>-283.44635</Y>
        <Z>12.9648018</Z>
      </Vector3>
      <Vector3>
        <X>-2347.879</X>
        <Y>-281.85968</Y>
        <Z>12.9592848</Z>
      </Vector3>
      <Vector3>
        <X>-2353.13843</X>
        <Y>-280.2246</Y>
        <Z>13.03694</Z>
      </Vector3>
      <Vector3>
        <X>-2349.147</X>
        <Y>-283.456238</Y>
        <Z>14.4205484</Z>
      </Vector3>
      <Vector3>
        <X>-2351.85181</X>
        <Y>-278.637939</Y>
        <Z>13.0314226</Z>
      </Vector3>
      <Vector3>
        <X>-2347.86035</X>
        <Y>-281.869568</Y>
        <Z>14.4150314</Z>
      </Vector3>
      <Vector3>
        <X>-2353.11987</X>
        <Y>-280.234467</Y>
        <Z>14.4926872</Z>
      </Vector3>
      <Vector3>
        <X>-2351.8335</X>
        <Y>-278.647827</Y>
        <Z>14.48717</Z>
      </Vector3>
    </Bounds>
    <CenterCamPosition>
      <X>0</X>
      <Y>0</Y>
    </CenterCamPosition>
    <ScreenBounds />
    <DistanceToCam>0</DistanceToCam>
    <Speed>4.715166</Speed>
    <AccInput>0</AccInput>
    <RPM>1.35798967</RPM>
    <Gear>0</Gear>
    <SteeringAngle>5.853084E-41</SteeringAngle>
    <WheelSpeed>0</WheelSpeed>
    <CarType>Sports</CarType>
  </MyCar>
  <Peds />
  <Time>125456</Time>
  <LastFrameTime>0.03738406</LastFrameTime>
  <MyProperty>0</MyProperty>
  <Weather>Clear</Weather>
  <Steering>127</Steering>
  <Acc>181</Acc>
  <Brake>169</Brake>
  <DayTime>15:16:13</DayTime>
  <Position>
    <X>-2351.28076</X>
    <Y>-280.404724</Y>
    <Z>14.6402483</Z>
  </Position>
  <Rotation>
    <X>0.2977627</X>
    <Y>0.660565853</Y>
    <Z>50.8512459</Z>
  </Rotation>
</Screenshot>