<?xml version="1.0" encoding="utf-8"?>
<Screenshot xmlns:xsd="http://www.w3.org/2001/XMLSchema" xmlns:xsi="http://www.w3.org/2001/XMLSchema-instance">
  <Cars />
  <MyCar>
    <Position>
      <X>-2350.36157</X>
      <Y>-281.1564</Y>
      <Z>13.7236319</Z>
    </Position>
    <Rotation>
      <X>0.797742963</X>
      <Y>0.160574764</Y>
      <Z>50.84782</Z>
    </Rotation>
    <Handle>663810</Handle>
    <Bounds>
      <Vector3>
        <X>-2349.03223</X>
        <Y>-283.5584</Y>
        <Z>12.963007</Z>
      </Vector3>
      <Vector3>
        <X>-2347.74243</X>
        <Y>-281.974335</Y>
        <Z>12.9572821</Z>
      </Vector3>
      <Vector3>
        <X>-2352.99878</X>
        <Y>-280.328644</Y>
        <Z>13.03423</Z>
      </Vector3>
      <Vector3>
        <X>-2349.014</X>
        <Y>-283.568024</Y>
        <Z>14.4187574</Z>
      </Vector3>
      <Vector3>
        <X>-2351.709</X>
        <Y>-278.7446</Y>
        <Z>13.0285053</Z>
      </Vector3>
      <Vector3>
        <X>-2347.724</X>
        <Y>-281.983948</Y>
        <Z>14.4130325</Z>
      </Vector3>
      <Vector3>
        <X>-2352.98047</X>
        <Y>-280.3383</Y>
        <Z>14.4899807</Z>
      </Vector3>
      <Vector3>
        <X>-2351.69067</X>
        <Y>-278.7542</Y>
        <Z>14.4842558</Z>
      </Vector3>
    </Bounds>
    <CenterCamPosition>
      <X>0</X>
      <Y>0</Y>
    </CenterCamPosition>
    <ScreenBounds />
    <DistanceToCam>0</DistanceToCam>
    <Speed>4.68925476</Speed>
    <AccInput>0</AccInput>
    <RPM>1.35798967</RPM>
    <Gear>0</Gear>
    <SteeringAngle>5.853084E-41</SteeringAngle>
    <WheelSpeed>0</WheelSpeed>
    <CarType>Sports</CarType>
  </MyCar>
  <Peds />
  <Time>125418</Time>
  <LastFrameTime>0.0494861864</LastFrameTime>
  <MyProperty>0</MyProperty>
  <Weather>Clear</Weather>
  <Steering>126</Steering>
  <Acc>181</Acc>
  <Brake>169</Brake>
  <DayTime>15:16:13</DayTime>
  <Position>
    <X>-2351.097</X>
    <Y>-280.545258</Y>
    <Z>14.6368685</Z>
  </Position>
  <Rotation>
    <X>0.283158</X>
    <Y>0.666548967</Y>
    <Z>50.67253</Z>
  </Rotation>
</Screenshot>