<?xml version="1.0" encoding="utf-8"?>
<Screenshot xmlns:xsd="http://www.w3.org/2001/XMLSchema" xmlns:xsi="http://www.w3.org/2001/XMLSchema-instance">
  <Cars />
  <MyCar>
    <Position>
      <X>-2350.617</X>
      <Y>-280.9541</Y>
      <Z>13.7279863</Z>
    </Position>
    <Rotation>
      <X>0.815460861</X>
      <Y>0.150362611</Y>
      <Z>51.0451965</Z>
    </Rotation>
    <Handle>663810</Handle>
    <Bounds>
      <Vector3>
        <X>-2349.27954</X>
        <Y>-283.351257</Y>
        <Z>12.9663906</Z>
      </Vector3>
      <Vector3>
        <X>-2347.995</X>
        <Y>-281.762756</Y>
        <Z>12.96103</Z>
      </Vector3>
      <Vector3>
        <X>-2353.257</X>
        <Y>-280.135223</Y>
        <Z>13.039196</Z>
      </Vector3>
      <Vector3>
        <X>-2349.261</X>
        <Y>-283.3613</Y>
        <Z>14.4221363</Z>
      </Vector3>
      <Vector3>
        <X>-2351.973</X>
        <Y>-278.546722</Y>
        <Z>13.0338354</Z>
      </Vector3>
      <Vector3>
        <X>-2347.97656</X>
        <Y>-281.7728</Y>
        <Z>14.4167747</Z>
      </Vector3>
      <Vector3>
        <X>-2353.23853</X>
        <Y>-280.145264</Y>
        <Z>14.4949408</Z>
      </Vector3>
      <Vector3>
        <X>-2351.95435</X>
        <Y>-278.556763</Y>
        <Z>14.48958</Z>
      </Vector3>
    </Bounds>
    <CenterCamPosition>
      <X>0</X>
      <Y>0</Y>
    </CenterCamPosition>
    <ScreenBounds />
    <DistanceToCam>0</DistanceToCam>
    <Speed>4.73701572</Speed>
    <AccInput>0</AccInput>
    <RPM>1.35798967</RPM>
    <Gear>0</Gear>
    <SteeringAngle>5.853084E-41</SteeringAngle>
    <WheelSpeed>0</WheelSpeed>
    <CarType>Sports</CarType>
  </MyCar>
  <Peds />
  <Time>125487</Time>
  <LastFrameTime>0.0316633135</LastFrameTime>
  <MyProperty>0</MyProperty>
  <Weather>Clear</Weather>
  <Steering>127</Steering>
  <Acc>181</Acc>
  <Brake>169</Brake>
  <DayTime>15:16:13</DayTime>
  <Position>
    <X>-2351.42017</X>
    <Y>-280.297546</Y>
    <Z>14.6428156</Z>
  </Position>
  <Rotation>
    <X>0.308012873</X>
    <Y>0.6547346</Y>
    <Z>50.9665756</Z>
  </Rotation>
</Screenshot>