<?xml version="1.0" encoding="utf-8"?>
<Screenshot xmlns:xsd="http://www.w3.org/2001/XMLSchema" xmlns:xsi="http://www.w3.org/2001/XMLSchema-instance">
  <Cars />
  <MyCar>
    <Position>
      <X>-2350.91357</X>
      <Y>-280.71817</Y>
      <Z>13.7330208</Z>
    </Position>
    <Rotation>
      <X>0.8374243</X>
      <Y>0.137692869</Y>
      <Z>51.18708</Z>
    </Rotation>
    <Handle>663810</Handle>
    <Bounds>
      <Vector3>
        <X>-2349.57031</X>
        <Y>-283.1117</Y>
        <Z>12.9702225</Z>
      </Vector3>
      <Vector3>
        <X>-2348.29</X>
        <Y>-281.52002</Y>
        <Z>12.9653139</Z>
      </Vector3>
      <Vector3>
        <X>-2353.556</X>
        <Y>-279.905548</Y>
        <Z>13.0449886</Z>
      </Vector3>
      <Vector3>
        <X>-2349.55151</X>
        <Y>-283.122284</Y>
        <Z>14.4259605</Z>
      </Vector3>
      <Vector3>
        <X>-2352.27539</X>
        <Y>-278.313843</Y>
        <Z>13.0400791</Z>
      </Vector3>
      <Vector3>
        <X>-2348.27124</X>
        <Y>-281.5306</Y>
        <Z>14.421051</Z>
      </Vector3>
      <Vector3>
        <X>-2353.537</X>
        <Y>-279.916138</Y>
        <Z>14.5007267</Z>
      </Vector3>
      <Vector3>
        <X>-2352.25659</X>
        <Y>-278.324463</Y>
        <Z>14.4958172</Z>
      </Vector3>
    </Bounds>
    <CenterCamPosition>
      <X>0</X>
      <Y>0</Y>
    </CenterCamPosition>
    <ScreenBounds />
    <DistanceToCam>0</DistanceToCam>
    <Speed>4.79157</Speed>
    <AccInput>0</AccInput>
    <RPM>1.35798967</RPM>
    <Gear>0</Gear>
    <SteeringAngle>5.853084E-41</SteeringAngle>
    <WheelSpeed>0</WheelSpeed>
    <CarType>Sports</CarType>
  </MyCar>
  <Peds />
  <Time>125567</Time>
  <LastFrameTime>0.0464005321</LastFrameTime>
  <MyProperty>0</MyProperty>
  <Weather>Clear</Weather>
  <Steering>127</Steering>
  <Acc>181</Acc>
  <Brake>169</Brake>
  <DayTime>15:16:13</DayTime>
  <Position>
    <X>-2351.66235</X>
    <Y>-280.109467</Y>
    <Z>14.6472378</Z>
  </Position>
  <Rotation>
    <X>0.3239582</X>
    <Y>0.644982159</Y>
    <Z>51.1188431</Z>
  </Rotation>
</Screenshot>