<?xml version="1.0" encoding="utf-8"?>
<Screenshot xmlns:xsd="http://www.w3.org/2001/XMLSchema" xmlns:xsi="http://www.w3.org/2001/XMLSchema-instance">
  <Cars />
  <MyCar>
    <Position>
      <X>-2350.74</X>
      <Y>-280.856384</Y>
      <Z>13.7300777</Z>
    </Position>
    <Rotation>
      <X>0.823937654</X>
      <Y>0.1449925</Y>
      <Z>51.1152</Z>
    </Rotation>
    <Handle>663810</Handle>
    <Bounds>
      <Vector3>
        <X>-2349.39966</X>
        <Y>-283.25177</Y>
        <Z>12.96801</Z>
      </Vector3>
      <Vector3>
        <X>-2348.11719</X>
        <Y>-281.6617</Y>
        <Z>12.96284</Z>
      </Vector3>
      <Vector3>
        <X>-2353.381</X>
        <Y>-280.040619</Y>
        <Z>13.0415716</Z>
      </Vector3>
      <Vector3>
        <X>-2349.381</X>
        <Y>-283.262054</Y>
        <Z>14.4237518</Z>
      </Vector3>
      <Vector3>
        <X>-2352.09888</X>
        <Y>-278.450531</Y>
        <Z>13.0364017</Z>
      </Vector3>
      <Vector3>
        <X>-2348.09863</X>
        <Y>-281.671967</Y>
        <Z>14.4185829</Z>
      </Vector3>
      <Vector3>
        <X>-2353.36255</X>
        <Y>-280.050873</Y>
        <Z>14.4973135</Z>
      </Vector3>
      <Vector3>
        <X>-2352.08</X>
        <Y>-278.460815</Y>
        <Z>14.4921446</Z>
      </Vector3>
    </Bounds>
    <CenterCamPosition>
      <X>0</X>
      <Y>0</Y>
    </CenterCamPosition>
    <ScreenBounds />
    <DistanceToCam>0</DistanceToCam>
    <Speed>4.759721</Speed>
    <AccInput>0</AccInput>
    <RPM>1.35798967</RPM>
    <Gear>0</Gear>
    <SteeringAngle>5.853084E-41</SteeringAngle>
    <WheelSpeed>0</WheelSpeed>
    <CarType>Sports</CarType>
  </MyCar>
  <Peds />
  <Time>125521</Time>
  <LastFrameTime>0.03305254</LastFrameTime>
  <MyProperty>0</MyProperty>
  <Weather>Clear</Weather>
  <Steering>127</Steering>
  <Acc>181</Acc>
  <Brake>169</Brake>
  <DayTime>15:16:13</DayTime>
  <Position>
    <X>-2351.53857</X>
    <Y>-280.2059</Y>
    <Z>14.6449709</Z>
  </Position>
  <Rotation>
    <X>0.3154811</X>
    <Y>0.6503527</Y>
    <Z>51.0487747</Z>
  </Rotation>
</Screenshot>