<?xml version="1.0" encoding="utf-8"?>
<Screenshot xmlns:xsd="http://www.w3.org/2001/XMLSchema" xmlns:xsi="http://www.w3.org/2001/XMLSchema-instance">
  <Cars />
  <MyCar>
    <Position>
      <X>-2350.99219</X>
      <Y>-280.655426</Y>
      <Z>13.7343578</Z>
    </Position>
    <Rotation>
      <X>0.8421846</X>
      <Y>0.13634865</Y>
      <Z>51.2133255</Z>
    </Rotation>
    <Handle>663810</Handle>
    <Bounds>
      <Vector3>
        <X>-2349.648</X>
        <Y>-283.048279</Y>
        <Z>12.971324</Z>
      </Vector3>
      <Vector3>
        <X>-2348.36816</X>
        <Y>-281.456</Y>
        <Z>12.9664631</Z>
      </Vector3>
      <Vector3>
        <X>-2353.63477</X>
        <Y>-279.843964</Y>
        <Z>13.0465155</Z>
      </Vector3>
      <Vector3>
        <X>-2349.629</X>
        <Y>-283.059</Y>
        <Z>14.42706</Z>
      </Vector3>
      <Vector3>
        <X>-2352.35522</X>
        <Y>-278.251678</Y>
        <Z>13.0416536</Z>
      </Vector3>
      <Vector3>
        <X>-2348.34937</X>
        <Y>-281.4667</Y>
        <Z>14.4221992</Z>
      </Vector3>
      <Vector3>
        <X>-2353.616</X>
        <Y>-279.854645</Y>
        <Z>14.5022507</Z>
      </Vector3>
      <Vector3>
        <X>-2352.33643</X>
        <Y>-278.2624</Y>
        <Z>14.49739</Z>
      </Vector3>
    </Bounds>
    <CenterCamPosition>
      <X>0</X>
      <Y>0</Y>
    </CenterCamPosition>
    <ScreenBounds />
    <DistanceToCam>0</DistanceToCam>
    <Speed>4.80587244</Speed>
    <AccInput>0</AccInput>
    <RPM>1.35798967</RPM>
    <Gear>0</Gear>
    <SteeringAngle>5.853084E-41</SteeringAngle>
    <WheelSpeed>0</WheelSpeed>
    <CarType>Sports</CarType>
  </MyCar>
  <Peds />
  <Time>125588</Time>
  <LastFrameTime>0.0209615864</LastFrameTime>
  <MyProperty>0</MyProperty>
  <Weather>Clear</Weather>
  <Steering>127</Steering>
  <Acc>181</Acc>
  <Brake>169</Brake>
  <DayTime>15:16:13</DayTime>
  <Position>
    <X>-2351.837</X>
    <Y>-279.972656</Y>
    <Z>14.65046</Z>
  </Position>
  <Rotation>
    <X>0.337445259</X>
    <Y>0.6376819</Y>
    <Z>51.190834</Z>
  </Rotation>
</Screenshot>