<?xml version="1.0" encoding="utf-8"?>
<Screenshot xmlns:xsd="http://www.w3.org/2001/XMLSchema" xmlns:xsi="http://www.w3.org/2001/XMLSchema-instance">
  <Cars />
  <MyCar>
    <Position>
      <X>-2351.29077</X>
      <Y>-280.417023</Y>
      <Z>13.7394342</Z>
    </Position>
    <Rotation>
      <X>0.8632684</X>
      <Y>0.1301895</Y>
      <Z>51.2754745</Z>
    </Rotation>
    <Handle>663810</Handle>
    <Bounds>
      <Vector3>
        <X>-2349.944</X>
        <Y>-282.808167</Y>
        <Z>12.9753532</Z>
      </Vector3>
      <Vector3>
        <X>-2348.666</X>
        <Y>-281.2145</Y>
        <Z>12.9707117</Z>
      </Vector3>
      <Vector3>
        <X>-2353.93433</X>
        <Y>-279.6082</Y>
        <Z>13.0524263</Z>
      </Vector3>
      <Vector3>
        <X>-2349.9248</X>
        <Y>-282.8193</Y>
        <Z>14.4310818</Z>
      </Vector3>
      <Vector3>
        <X>-2352.65649</X>
        <Y>-278.014557</Y>
        <Z>13.0477848</Z>
      </Vector3>
      <Vector3>
        <X>-2348.647</X>
        <Y>-281.225647</Y>
        <Z>14.42644</Z>
      </Vector3>
      <Vector3>
        <X>-2353.91528</X>
        <Y>-279.619324</Y>
        <Z>14.5081549</Z>
      </Vector3>
      <Vector3>
        <X>-2352.63745</X>
        <Y>-278.0257</Y>
        <Z>14.5035133</Z>
      </Vector3>
    </Bounds>
    <CenterCamPosition>
      <X>0</X>
      <Y>0</Y>
    </CenterCamPosition>
    <ScreenBounds />
    <DistanceToCam>0</DistanceToCam>
    <Speed>4.859603</Speed>
    <AccInput>0</AccInput>
    <RPM>1.35798967</RPM>
    <Gear>0</Gear>
    <SteeringAngle>5.853084E-41</SteeringAngle>
    <WheelSpeed>0</WheelSpeed>
    <CarType>Sports</CarType>
  </MyCar>
  <Peds />
  <Time>125667</Time>
  <LastFrameTime>0.04873246</LastFrameTime>
  <MyProperty>0</MyProperty>
  <Weather>Clear</Weather>
  <Steering>127</Steering>
  <Acc>181</Acc>
  <Brake>169</Brake>
  <DayTime>15:16:13</DayTime>
  <Position>
    <X>-2352.02979</X>
    <Y>-279.820129</Y>
    <Z>14.6539869</Z>
  </Position>
  <Rotation>
    <X>0.349991977</X>
    <Y>0.633362949</Y>
    <Z>51.2471542</Z>
  </Rotation>
</Screenshot>