<?xml version="1.0" encoding="utf-8"?>
<Screenshot xmlns:xsd="http://www.w3.org/2001/XMLSchema" xmlns:xsi="http://www.w3.org/2001/XMLSchema-instance">
  <Cars />
  <MyCar>
    <Position>
      <X>-2351.106</X>
      <Y>-280.564575</Y>
      <Z>13.7362871</Z>
    </Position>
    <Rotation>
      <X>0.8499705</X>
      <Y>0.13337484</Y>
      <Z>51.2432823</Z>
    </Rotation>
    <Handle>663810</Handle>
    <Bounds>
      <Vector3>
        <X>-2349.7605</X>
        <Y>-282.956635</Y>
        <Z>12.9728546</Z>
      </Vector3>
      <Vector3>
        <X>-2348.48169</X>
        <Y>-281.363678</Y>
        <Z>12.9681</Z>
      </Vector3>
      <Vector3>
        <X>-2353.749</X>
        <Y>-279.7544</Y>
        <Z>13.04874</Z>
      </Vector3>
      <Vector3>
        <X>-2349.74146</X>
        <Y>-282.9675</Y>
        <Z>14.4285879</Z>
      </Vector3>
      <Vector3>
        <X>-2352.47021</X>
        <Y>-278.161469</Y>
        <Z>13.0439854</Z>
      </Vector3>
      <Vector3>
        <X>-2348.46265</X>
        <Y>-281.374573</Y>
        <Z>14.4238329</Z>
      </Vector3>
      <Vector3>
        <X>-2353.73022</X>
        <Y>-279.765259</Y>
        <Z>14.5044737</Z>
      </Vector3>
      <Vector3>
        <X>-2352.45142</X>
        <Y>-278.172333</Y>
        <Z>14.4997187</Z>
      </Vector3>
    </Bounds>
    <CenterCamPosition>
      <X>0</X>
      <Y>0</Y>
    </CenterCamPosition>
    <ScreenBounds />
    <DistanceToCam>0</DistanceToCam>
    <Speed>4.826382</Speed>
    <AccInput>0</AccInput>
    <RPM>1.35798967</RPM>
    <Gear>0</Gear>
    <SteeringAngle>5.853084E-41</SteeringAngle>
    <WheelSpeed>0</WheelSpeed>
    <CarType>Sports</CarType>
  </MyCar>
  <Peds />
  <Time>125618</Time>
  <LastFrameTime>0.0302191637</LastFrameTime>
  <MyProperty>0</MyProperty>
  <Weather>Clear</Weather>
  <Steering>127</Steering>
  <Acc>181</Acc>
  <Brake>169</Brake>
  <DayTime>15:16:13</DayTime>
  <Position>
    <X>-2351.91577</X>
    <Y>-279.91037</Y>
    <Z>14.6518965</Z>
  </Position>
  <Rotation>
    <X>0.342205763</X>
    <Y>0.63633734</Y>
    <Z>51.21713</Z>
  </Rotation>
</Screenshot>