<?xml version="1.0" encoding="utf-8"?>
<Screenshot xmlns:xsd="http://www.w3.org/2001/XMLSchema" xmlns:xsi="http://www.w3.org/2001/XMLSchema-instance">
  <Cars />
  <MyCar>
    <Position>
      <X>-2351.36743</X>
      <Y>-280.355621</Y>
      <Z>13.7407351</Z>
    </Position>
    <Rotation>
      <X>0.867793441</X>
      <Y>0.129230544</Y>
      <Z>51.2856369</Z>
    </Rotation>
    <Handle>663810</Handle>
    <Bounds>
      <Vector3>
        <X>-2350.02026</X>
        <Y>-282.7465</Y>
        <Z>12.9764366</Z>
      </Vector3>
      <Vector3>
        <X>-2348.74268</X>
        <Y>-281.1526</Y>
        <Z>12.9718285</Z>
      </Vector3>
      <Vector3>
        <X>-2354.01123</X>
        <Y>-279.5472</Y>
        <Z>13.0539131</Z>
      </Vector3>
      <Vector3>
        <X>-2350.001</X>
        <Y>-282.757721</Y>
        <Z>14.4321632</Z>
      </Vector3>
      <Vector3>
        <X>-2352.73364</X>
        <Y>-277.953339</Y>
        <Z>13.0493059</Z>
      </Vector3>
      <Vector3>
        <X>-2348.72339</X>
        <Y>-281.163818</Y>
        <Z>14.4275551</Z>
      </Vector3>
      <Vector3>
        <X>-2353.992</X>
        <Y>-279.558441</Y>
        <Z>14.50964</Z>
      </Vector3>
      <Vector3>
        <X>-2352.71436</X>
        <Y>-277.964569</Y>
        <Z>14.5050325</Z>
      </Vector3>
    </Bounds>
    <CenterCamPosition>
      <X>0</X>
      <Y>0</Y>
    </CenterCamPosition>
    <ScreenBounds />
    <DistanceToCam>0</DistanceToCam>
    <Speed>4.87333536</Speed>
    <AccInput>0</AccInput>
    <RPM>1.35798967</RPM>
    <Gear>0</Gear>
    <SteeringAngle>5.853084E-41</SteeringAngle>
    <WheelSpeed>0</WheelSpeed>
    <CarType>Sports</CarType>
  </MyCar>
  <Peds />
  <Time>125687</Time>
  <LastFrameTime>0.0202007238</LastFrameTime>
  <MyProperty>0</MyProperty>
  <Weather>Clear</Weather>
  <Steering>127</Steering>
  <Acc>181</Acc>
  <Brake>169</Brake>
  <DayTime>15:16:13</DayTime>
  <Position>
    <X>-2352.215</X>
    <Y>-279.673279</Y>
    <Z>14.65741</Z>
  </Position>
  <Rotation>
    <X>0.36329034</X>
    <Y>0.630176842</Y>
    <Z>51.27947</Z>
  </Rotation>
</Screenshot>