<?xml version="1.0" encoding="utf-8"?>
<Screenshot xmlns:xsd="http://www.w3.org/2001/XMLSchema" xmlns:xsi="http://www.w3.org/2001/XMLSchema-instance">
  <Cars />
  <MyCar>
    <Position>
      <X>-2351.67017</X>
      <Y>-280.113373</Y>
      <Z>13.7458725</Z>
    </Position>
    <Rotation>
      <X>0.888038754</X>
      <Y>0.126767084</Y>
      <Z>51.30771</Z>
    </Rotation>
    <Handle>663810</Handle>
    <Bounds>
      <Vector3>
        <X>-2350.32227</X>
        <Y>-282.5035</Y>
        <Z>12.98063</Z>
      </Vector3>
      <Vector3>
        <X>-2349.04541</X>
        <Y>-280.909149</Y>
        <Z>12.97611</Z>
      </Vector3>
      <Vector3>
        <X>-2354.31445</X>
        <Y>-279.305817</Y>
        <Z>13.0599146</Z>
      </Vector3>
      <Vector3>
        <X>-2350.30273</X>
        <Y>-282.5151</Y>
        <Z>14.4363489</Z>
      </Vector3>
      <Vector3>
        <X>-2353.0376</X>
        <Y>-277.711456</Y>
        <Z>13.0553951</Z>
      </Vector3>
      <Vector3>
        <X>-2349.02563</X>
        <Y>-280.920746</Y>
        <Z>14.4318295</Z>
      </Vector3>
      <Vector3>
        <X>-2354.295</X>
        <Y>-279.3174</Y>
        <Z>14.5156336</Z>
      </Vector3>
      <Vector3>
        <X>-2353.01782</X>
        <Y>-277.723022</Y>
        <Z>14.5111132</Z>
      </Vector3>
    </Bounds>
    <CenterCamPosition>
      <X>0</X>
      <Y>0</Y>
    </CenterCamPosition>
    <ScreenBounds />
    <DistanceToCam>0</DistanceToCam>
    <Speed>4.92714643</Speed>
    <AccInput>0</AccInput>
    <RPM>1.35798967</RPM>
    <Gear>0</Gear>
    <SteeringAngle>5.853084E-41</SteeringAngle>
    <WheelSpeed>0</WheelSpeed>
    <CarType>Sports</CarType>
  </MyCar>
  <Peds />
  <Time>125766</Time>
  <LastFrameTime>0.04751576</LastFrameTime>
  <MyProperty>0</MyProperty>
  <Weather>Clear</Weather>
  <Steering>127</Steering>
  <Acc>181</Acc>
  <Brake>169</Brake>
  <DayTime>15:16:13</DayTime>
  <Position>
    <X>-2352.412</X>
    <Y>-279.516174</Y>
    <Z>14.6610107</Z>
  </Position>
  <Rotation>
    <X>0.3758235</X>
    <Y>0.627498448</Y>
    <Z>51.301445</Z>
  </Rotation>
</Screenshot>