<?xml version="1.0" encoding="utf-8"?>
<Screenshot xmlns:xsd="http://www.w3.org/2001/XMLSchema" xmlns:xsi="http://www.w3.org/2001/XMLSchema-instance">
  <Cars />
  <MyCar>
    <Position>
      <X>-2351.48779</X>
      <Y>-280.2594</Y>
      <Z>13.7427759</Z>
    </Position>
    <Rotation>
      <X>0.875801</X>
      <Y>0.127511978</Y>
      <Z>51.2973328</Z>
    </Rotation>
    <Handle>663810</Handle>
    <Bounds>
      <Vector3>
        <X>-2350.14014</X>
        <Y>-282.6499</Y>
        <Z>12.97809</Z>
      </Vector3>
      <Vector3>
        <X>-2348.863</X>
        <Y>-281.055756</Y>
        <Z>12.9735441</Z>
      </Vector3>
      <Vector3>
        <X>-2354.13184</X>
        <Y>-279.451447</Y>
        <Z>13.056282</Z>
      </Vector3>
      <Vector3>
        <X>-2350.12085</X>
        <Y>-282.6613</Y>
        <Z>14.433814</Z>
      </Vector3>
      <Vector3>
        <X>-2352.85449</X>
        <Y>-277.85733</Y>
        <Z>13.0517359</Z>
      </Vector3>
      <Vector3>
        <X>-2348.84351</X>
        <Y>-281.067139</Y>
        <Z>14.4292679</Z>
      </Vector3>
      <Vector3>
        <X>-2354.11255</X>
        <Y>-279.46286</Y>
        <Z>14.5120058</Z>
      </Vector3>
      <Vector3>
        <X>-2352.83521</X>
        <Y>-277.8687</Y>
        <Z>14.50746</Z>
      </Vector3>
    </Bounds>
    <CenterCamPosition>
      <X>0</X>
      <Y>0</Y>
    </CenterCamPosition>
    <ScreenBounds />
    <DistanceToCam>0</DistanceToCam>
    <Speed>4.89475536</Speed>
    <AccInput>0</AccInput>
    <RPM>1.35798967</RPM>
    <Gear>0</Gear>
    <SteeringAngle>5.853084E-41</SteeringAngle>
    <WheelSpeed>0</WheelSpeed>
    <CarType>Sports</CarType>
  </MyCar>
  <Peds />
  <Time>125719</Time>
  <LastFrameTime>0.0315121971</LastFrameTime>
  <MyProperty>0</MyProperty>
  <Weather>Clear</Weather>
  <Steering>127</Steering>
  <Acc>181</Acc>
  <Brake>169</Brake>
  <DayTime>15:16:13</DayTime>
  <Position>
    <X>-2352.29175</X>
    <Y>-279.6121</Y>
    <Z>14.6588039</Z>
  </Position>
  <Rotation>
    <X>0.367815584</X>
    <Y>0.629217565</Y>
    <Z>51.28967</Z>
  </Rotation>
</Screenshot>