<?xml version="1.0" encoding="utf-8"?>
<Screenshot xmlns:xsd="http://www.w3.org/2001/XMLSchema" xmlns:xsi="http://www.w3.org/2001/XMLSchema-instance">
  <Cars />
  <MyCar>
    <Position>
      <X>-2351.74438</X>
      <Y>-280.053833</Y>
      <Z>13.7471342</Z>
    </Position>
    <Rotation>
      <X>0.8921953</X>
      <Y>0.126430526</Y>
      <Z>51.31041</Z>
    </Rotation>
    <Handle>663810</Handle>
    <Bounds>
      <Vector3>
        <X>-2350.39648</X>
        <Y>-282.443878</Y>
        <Z>12.9817009</Z>
      </Vector3>
      <Vector3>
        <X>-2349.11963</X>
        <Y>-280.849457</Y>
        <Z>12.9771929</Z>
      </Vector3>
      <Vector3>
        <X>-2354.38867</X>
        <Y>-279.246368</Y>
        <Z>13.0613565</Z>
      </Vector3>
      <Vector3>
        <X>-2350.37671</X>
        <Y>-282.455536</Y>
        <Z>14.437418</Z>
      </Vector3>
      <Vector3>
        <X>-2353.11182</X>
        <Y>-277.651917</Y>
        <Z>13.0568485</Z>
      </Vector3>
      <Vector3>
        <X>-2349.09985</X>
        <Y>-280.8611</Y>
        <Z>14.4329109</Z>
      </Vector3>
      <Vector3>
        <X>-2354.36914</X>
        <Y>-279.258026</Y>
        <Z>14.5170736</Z>
      </Vector3>
      <Vector3>
        <X>-2353.09229</X>
        <Y>-277.6636</Y>
        <Z>14.5125656</Z>
      </Vector3>
    </Bounds>
    <CenterCamPosition>
      <X>0</X>
      <Y>0</Y>
    </CenterCamPosition>
    <ScreenBounds />
    <DistanceToCam>0</DistanceToCam>
    <Speed>4.94029045</Speed>
    <AccInput>0</AccInput>
    <RPM>1.35798967</RPM>
    <Gear>0</Gear>
    <SteeringAngle>5.853084E-41</SteeringAngle>
    <WheelSpeed>0</WheelSpeed>
    <CarType>Sports</CarType>
  </MyCar>
  <Peds />
  <Time>125785</Time>
  <LastFrameTime>0.0193045679</LastFrameTime>
  <MyProperty>0</MyProperty>
  <Weather>Clear</Weather>
  <Steering>127</Steering>
  <Acc>181</Acc>
  <Brake>169</Brake>
  <DayTime>15:16:13</DayTime>
  <Position>
    <X>-2352.59448</X>
    <Y>-279.370422</Y>
    <Z>14.664361</Z>
  </Position>
  <Rotation>
    <X>0.38806203</X>
    <Y>0.6267527</Y>
    <Z>51.3119545</Z>
  </Rotation>
</Screenshot>