<?xml version="1.0" encoding="utf-8"?>
<Screenshot xmlns:xsd="http://www.w3.org/2001/XMLSchema" xmlns:xsi="http://www.w3.org/2001/XMLSchema-instance">
  <Cars />
  <MyCar>
    <Position>
      <X>-2352.00073</X>
      <Y>-279.84845</Y>
      <Z>13.7514582</Z>
    </Position>
    <Rotation>
      <X>0.9082344</X>
      <Y>0.125948086</Y>
      <Z>51.31437</Z>
    </Rotation>
    <Handle>663810</Handle>
    <Bounds>
      <Vector3>
        <X>-2350.65283</X>
        <Y>-282.238251</Y>
        <Z>12.9853039</Z>
      </Vector3>
      <Vector3>
        <X>-2349.376</X>
        <Y>-280.643738</Y>
        <Z>12.980813</Z>
      </Vector3>
      <Vector3>
        <X>-2354.64526</X>
        <Y>-279.041046</Y>
        <Z>13.066391</Z>
      </Vector3>
      <Vector3>
        <X>-2350.63281</X>
        <Y>-282.250183</Y>
        <Z>14.4410143</Z>
      </Vector3>
      <Vector3>
        <X>-2353.36865</X>
        <Y>-277.4465</Y>
        <Z>13.0619</Z>
      </Vector3>
      <Vector3>
        <X>-2349.356</X>
        <Y>-280.65567</Y>
        <Z>14.4365244</Z>
      </Vector3>
      <Vector3>
        <X>-2354.62524</X>
        <Y>-279.052979</Y>
        <Z>14.5221014</Z>
      </Vector3>
      <Vector3>
        <X>-2353.34863</X>
        <Y>-277.458435</Y>
        <Z>14.5176115</Z>
      </Vector3>
    </Bounds>
    <CenterCamPosition>
      <X>0</X>
      <Y>0</Y>
    </CenterCamPosition>
    <ScreenBounds />
    <DistanceToCam>0</DistanceToCam>
    <Speed>4.985385</Speed>
    <AccInput>0</AccInput>
    <RPM>1.35798967</RPM>
    <Gear>0</Gear>
    <SteeringAngle>5.853084E-41</SteeringAngle>
    <WheelSpeed>0</WheelSpeed>
    <CarType>Sports</CarType>
  </MyCar>
  <Peds />
  <Time>125852</Time>
  <LastFrameTime>0.03382116</LastFrameTime>
  <MyProperty>0</MyProperty>
  <Weather>Clear</Weather>
  <Steering>127</Steering>
  <Acc>181</Acc>
  <Brake>169</Brake>
  <DayTime>15:16:13</DayTime>
  <Position>
    <X>-2352.7937</X>
    <Y>-279.211</Y>
    <Z>14.6679649</Z>
  </Position>
  <Rotation>
    <X>0.3995971</X>
    <Y>0.626037657</Y>
    <Z>51.31735</Z>
  </Rotation>
</Screenshot>