<?xml version="1.0" encoding="utf-8"?>
<Screenshot xmlns:xsd="http://www.w3.org/2001/XMLSchema" xmlns:xsi="http://www.w3.org/2001/XMLSchema-instance">
  <Cars />
  <MyCar>
    <Position>
      <X>-2351.86938</X>
      <Y>-279.953735</Y>
      <Z>13.749238</Z>
    </Position>
    <Rotation>
      <X>0.8995732</X>
      <Y>0.126052842</Y>
      <Z>51.31299</Z>
    </Rotation>
    <Handle>663810</Handle>
    <Bounds>
      <Vector3>
        <X>-2350.52148</X>
        <Y>-282.343658</Y>
        <Z>12.98347</Z>
      </Vector3>
      <Vector3>
        <X>-2349.24463</X>
        <Y>-280.749176</Y>
        <Z>12.9789762</Z>
      </Vector3>
      <Vector3>
        <X>-2354.514</X>
        <Y>-279.146332</Y>
        <Z>13.0637846</Z>
      </Vector3>
      <Vector3>
        <X>-2350.50146</X>
        <Y>-282.355438</Y>
        <Z>14.4391842</Z>
      </Vector3>
      <Vector3>
        <X>-2353.237</X>
        <Y>-277.551849</Y>
        <Z>13.05929</Z>
      </Vector3>
      <Vector3>
        <X>-2349.22461</X>
        <Y>-280.760956</Y>
        <Z>14.43469</Z>
      </Vector3>
      <Vector3>
        <X>-2354.49414</X>
        <Y>-279.1581</Y>
        <Z>14.5194988</Z>
      </Vector3>
      <Vector3>
        <X>-2353.21729</X>
        <Y>-277.563629</Y>
        <Z>14.5150042</Z>
      </Vector3>
    </Bounds>
    <CenterCamPosition>
      <X>0</X>
      <Y>0</Y>
    </CenterCamPosition>
    <ScreenBounds />
    <DistanceToCam>0</DistanceToCam>
    <Speed>4.96232128</Speed>
    <AccInput>0</AccInput>
    <RPM>1.35798967</RPM>
    <Gear>0</Gear>
    <SteeringAngle>5.853084E-41</SteeringAngle>
    <WheelSpeed>0</WheelSpeed>
    <CarType>Sports</CarType>
  </MyCar>
  <Peds />
  <Time>125818</Time>
  <LastFrameTime>0.0323093645</LastFrameTime>
  <MyProperty>0</MyProperty>
  <Weather>Clear</Weather>
  <Steering>127</Steering>
  <Acc>181</Acc>
  <Brake>169</Brake>
  <DayTime>15:16:13</DayTime>
  <Position>
    <X>-2352.6687</X>
    <Y>-279.310974</Y>
    <Z>14.6657085</Z>
  </Position>
  <Rotation>
    <X>0.392218679</X>
    <Y>0.626415849</Y>
    <Z>51.3146935</Z>
  </Rotation>
</Screenshot>