<?xml version="1.0" encoding="utf-8"?>
<Screenshot xmlns:xsd="http://www.w3.org/2001/XMLSchema" xmlns:xsi="http://www.w3.org/2001/XMLSchema-instance">
  <Cars />
  <MyCar>
    <Position>
      <X>-2352.52124</X>
      <Y>-279.431732</Y>
      <Z>13.76075</Z>
    </Position>
    <Rotation>
      <X>0.9145877</X>
      <Y>0.128997266</Y>
      <Z>51.3154755</Z>
    </Rotation>
    <Handle>663810</Handle>
    <Bounds>
      <Vector3>
        <X>-2351.17334</X>
        <Y>-281.8215</Y>
        <Z>12.9943676</Z>
      </Vector3>
      <Vector3>
        <X>-2349.89648</X>
        <Y>-280.226959</Y>
        <Z>12.989768</Z>
      </Vector3>
      <Vector3>
        <X>-2355.166</X>
        <Y>-278.624359</Y>
        <Z>13.0760221</Z>
      </Vector3>
      <Vector3>
        <X>-2351.153</X>
        <Y>-281.833466</Y>
        <Z>14.4500751</Z>
      </Vector3>
      <Vector3>
        <X>-2353.88916</X>
        <Y>-277.029816</Y>
        <Z>13.0714226</Z>
      </Vector3>
      <Vector3>
        <X>-2349.87646</X>
        <Y>-280.238922</Y>
        <Z>14.4454765</Z>
      </Vector3>
      <Vector3>
        <X>-2355.14575</X>
        <Y>-278.636322</Y>
        <Z>14.53173</Z>
      </Vector3>
      <Vector3>
        <X>-2353.869</X>
        <Y>-277.041779</Y>
        <Z>14.5271311</Z>
      </Vector3>
    </Bounds>
    <CenterCamPosition>
      <X>0</X>
      <Y>0</Y>
    </CenterCamPosition>
    <ScreenBounds />
    <DistanceToCam>0</DistanceToCam>
    <Speed>5.07460737</Speed>
    <AccInput>0</AccInput>
    <RPM>1.35798967</RPM>
    <Gear>0</Gear>
    <SteeringAngle>5.853084E-41</SteeringAngle>
    <WheelSpeed>0</WheelSpeed>
    <CarType>Sports</CarType>
  </MyCar>
  <Peds />
  <Time>125984</Time>
  <LastFrameTime>0.0443680473</LastFrameTime>
  <MyProperty>0</MyProperty>
  <Weather>Clear</Weather>
  <Steering>127</Steering>
  <Acc>181</Acc>
  <Brake>169</Brake>
  <DayTime>15:16:13</DayTime>
  <Position>
    <X>-2353.26978</X>
    <Y>-278.829742</Y>
    <Z>14.6766176</Z>
  </Position>
  <Rotation>
    <X>0.4176845</X>
    <Y>0.6280505</Y>
    <Z>51.3199577</Z>
  </Rotation>
</Screenshot>