<?xml version="1.0" encoding="utf-8"?>
<Screenshot xmlns:xsd="http://www.w3.org/2001/XMLSchema" xmlns:xsi="http://www.w3.org/2001/XMLSchema-instance">
  <Cars />
  <MyCar>
    <Position>
      <X>-2352.196</X>
      <Y>-279.692047</Y>
      <Z>13.75476</Z>
    </Position>
    <Rotation>
      <X>0.9208057</X>
      <Y>0.126289487</Y>
      <Z>51.315136</Z>
    </Rotation>
    <Handle>663810</Handle>
    <Bounds>
      <Vector3>
        <X>-2350.84814</X>
        <Y>-282.081757</Y>
        <Z>12.9880524</Z>
      </Vector3>
      <Vector3>
        <X>-2349.57153</X>
        <Y>-280.4872</Y>
        <Z>12.98355</Z>
      </Vector3>
      <Vector3>
        <X>-2354.84082</X>
        <Y>-278.884583</Y>
        <Z>13.070262</Z>
      </Vector3>
      <Vector3>
        <X>-2350.828</X>
        <Y>-282.093872</Y>
        <Z>14.443758</Z>
      </Vector3>
      <Vector3>
        <X>-2353.564</X>
        <Y>-277.290039</Y>
        <Z>13.06576</Z>
      </Vector3>
      <Vector3>
        <X>-2349.55127</X>
        <Y>-280.499329</Y>
        <Z>14.4392557</Z>
      </Vector3>
      <Vector3>
        <X>-2354.82056</X>
        <Y>-278.8967</Y>
        <Z>14.5259676</Z>
      </Vector3>
      <Vector3>
        <X>-2353.5437</X>
        <Y>-277.302155</Y>
        <Z>14.5214653</Z>
      </Vector3>
    </Bounds>
    <CenterCamPosition>
      <X>0</X>
      <Y>0</Y>
    </CenterCamPosition>
    <ScreenBounds />
    <DistanceToCam>0</DistanceToCam>
    <Speed>5.01942968</Speed>
    <AccInput>0</AccInput>
    <RPM>1.35798967</RPM>
    <Gear>0</Gear>
    <SteeringAngle>5.853084E-41</SteeringAngle>
    <WheelSpeed>0</WheelSpeed>
    <CarType>Sports</CarType>
  </MyCar>
  <Peds />
  <Time>125901</Time>
  <LastFrameTime>0.0499364361</LastFrameTime>
  <MyProperty>0</MyProperty>
  <Weather>Clear</Weather>
  <Steering>127</Steering>
  <Acc>181</Acc>
  <Brake>169</Brake>
  <DayTime>15:16:13</DayTime>
  <Position>
    <X>-2352.9248</X>
    <Y>-279.105835</Y>
    <Z>14.6703644</Z>
  </Position>
  <Rotation>
    <X>0.408258855</X>
    <Y>0.625932157</Y>
    <Z>51.3188248</Z>
  </Rotation>
</Screenshot>