<?xml version="1.0" encoding="utf-8"?>
<Screenshot xmlns:xsd="http://www.w3.org/2001/XMLSchema" xmlns:xsi="http://www.w3.org/2001/XMLSchema-instance">
  <Cars />
  <MyCar>
    <Position>
      <X>-2352.3457</X>
      <Y>-279.572266</Y>
      <Z>13.7575169</Z>
    </Position>
    <Rotation>
      <X>0.917659461</X>
      <Y>0.1280673</Y>
      <Z>51.31538</Z>
    </Rotation>
    <Handle>663810</Handle>
    <Bounds>
      <Vector3>
        <X>-2350.9978</X>
        <Y>-281.962</Y>
        <Z>12.9909811</Z>
      </Vector3>
      <Vector3>
        <X>-2349.721</X>
        <Y>-280.367462</Y>
        <Z>12.9864149</Z>
      </Vector3>
      <Vector3>
        <X>-2354.99048</X>
        <Y>-278.764862</Y>
        <Z>13.07291</Z>
      </Vector3>
      <Vector3>
        <X>-2350.97754</X>
        <Y>-281.97403</Y>
        <Z>14.4466887</Z>
      </Vector3>
      <Vector3>
        <X>-2353.71362</X>
        <Y>-277.170319</Y>
        <Z>13.0683441</Z>
      </Vector3>
      <Vector3>
        <X>-2349.701</X>
        <Y>-280.3795</Y>
        <Z>14.4421225</Z>
      </Vector3>
      <Vector3>
        <X>-2354.97021</X>
        <Y>-278.7769</Y>
        <Z>14.5286169</Z>
      </Vector3>
      <Vector3>
        <X>-2353.69336</X>
        <Y>-277.182343</Y>
        <Z>14.5240507</Z>
      </Vector3>
    </Bounds>
    <CenterCamPosition>
      <X>0</X>
      <Y>0</Y>
    </CenterCamPosition>
    <ScreenBounds />
    <DistanceToCam>0</DistanceToCam>
    <Speed>5.044924</Speed>
    <AccInput>0</AccInput>
    <RPM>1.35798967</RPM>
    <Gear>0</Gear>
    <SteeringAngle>5.853084E-41</SteeringAngle>
    <WheelSpeed>0</WheelSpeed>
    <CarType>Sports</CarType>
  </MyCar>
  <Peds />
  <Time>125939</Time>
  <LastFrameTime>0.03802639</LastFrameTime>
  <MyProperty>0</MyProperty>
  <Weather>Clear</Weather>
  <Steering>127</Steering>
  <Acc>181</Acc>
  <Brake>169</Brake>
  <DayTime>15:16:13</DayTime>
  <Position>
    <X>-2353.12</X>
    <Y>-278.949554</Y>
    <Z>14.6739264</Z>
  </Position>
  <Rotation>
    <X>0.420830846</X>
    <Y>0.6262726</Y>
    <Z>51.3197327</Z>
  </Rotation>
</Screenshot>