<?xml version="1.0" encoding="utf-8"?>
<Screenshot xmlns:xsd="http://www.w3.org/2001/XMLSchema" xmlns:xsi="http://www.w3.org/2001/XMLSchema-instance">
  <Cars />
  <MyCar>
    <Position>
      <X>-2352.65381</X>
      <Y>-279.325531</Y>
      <Z>13.7631969</Z>
    </Position>
    <Rotation>
      <X>0.912345767</X>
      <Y>0.129608512</Y>
      <Z>51.3154755</Z>
    </Rotation>
    <Handle>663810</Handle>
    <Bounds>
      <Vector3>
        <X>-2351.306</X>
        <Y>-281.715332</Y>
        <Z>12.9969254</Z>
      </Vector3>
      <Vector3>
        <X>-2350.029</X>
        <Y>-280.1208</Y>
        <Z>12.9923038</Z>
      </Vector3>
      <Vector3>
        <X>-2355.29858</X>
        <Y>-278.518158</Y>
        <Z>13.07838</Z>
      </Vector3>
      <Vector3>
        <X>-2351.28564</X>
        <Y>-281.727234</Y>
        <Z>14.4526339</Z>
      </Vector3>
      <Vector3>
        <X>-2354.02173</X>
        <Y>-276.9236</Y>
        <Z>13.0737581</Z>
      </Vector3>
      <Vector3>
        <X>-2350.009</X>
        <Y>-280.1327</Y>
        <Z>14.4480133</Z>
      </Vector3>
      <Vector3>
        <X>-2355.27832</X>
        <Y>-278.5301</Y>
        <Z>14.5340881</Z>
      </Vector3>
      <Vector3>
        <X>-2354.00146</X>
        <Y>-276.935547</Y>
        <Z>14.5294676</Z>
      </Vector3>
    </Bounds>
    <CenterCamPosition>
      <X>0</X>
      <Y>0</Y>
    </CenterCamPosition>
    <ScreenBounds />
    <DistanceToCam>0</DistanceToCam>
    <Speed>5.096908</Speed>
    <AccInput>0</AccInput>
    <RPM>1.35798967</RPM>
    <Gear>0</Gear>
    <SteeringAngle>5.853084E-41</SteeringAngle>
    <WheelSpeed>0</WheelSpeed>
    <CarType>Sports</CarType>
  </MyCar>
  <Peds />
  <Time>126017</Time>
  <LastFrameTime>0.0333625339</LastFrameTime>
  <MyProperty>0</MyProperty>
  <Weather>Clear</Weather>
  <Steering>127</Steering>
  <Acc>181</Acc>
  <Brake>169</Brake>
  <DayTime>15:16:13</DayTime>
  <Position>
    <X>-2353.44531</X>
    <Y>-278.689148</Y>
    <Z>14.6797876</Z>
  </Position>
  <Rotation>
    <X>0.4146126</X>
    <Y>0.6289807</Y>
    <Z>51.32002</Z>
  </Rotation>
</Screenshot>