<?xml version="1.0" encoding="utf-8"?>
<Screenshot xmlns:xsd="http://www.w3.org/2001/XMLSchema" xmlns:xsi="http://www.w3.org/2001/XMLSchema-instance">
  <Cars />
  <MyCar>
    <Position>
      <X>-2352.7854</X>
      <Y>-279.22</Y>
      <Z>13.765605</Z>
    </Position>
    <Rotation>
      <X>0.909266531</X>
      <Y>0.128734842</Y>
      <Z>51.31524</Z>
    </Rotation>
    <Handle>663810</Handle>
    <Bounds>
      <Vector3>
        <X>-2351.4375</X>
        <Y>-281.6098</Y>
        <Z>12.9994545</Z>
      </Vector3>
      <Vector3>
        <X>-2350.16064</X>
        <Y>-280.0153</Y>
        <Z>12.9948645</Z>
      </Vector3>
      <Vector3>
        <X>-2355.43</X>
        <Y>-278.412659</Y>
        <Z>13.0806332</Z>
      </Vector3>
      <Vector3>
        <X>-2351.41748</X>
        <Y>-281.6217</Y>
        <Z>14.4551649</Z>
      </Vector3>
      <Vector3>
        <X>-2354.15332</X>
        <Y>-276.8181</Y>
        <Z>13.0760441</Z>
      </Vector3>
      <Vector3>
        <X>-2350.14063</X>
        <Y>-280.027161</Y>
        <Z>14.4505749</Z>
      </Vector3>
      <Vector3>
        <X>-2355.41</X>
        <Y>-278.42453</Y>
        <Z>14.5363436</Z>
      </Vector3>
      <Vector3>
        <X>-2354.1333</X>
        <Y>-276.83</Y>
        <Z>14.5317545</Z>
      </Vector3>
    </Bounds>
    <CenterCamPosition>
      <X>0</X>
      <Y>0</Y>
    </CenterCamPosition>
    <ScreenBounds />
    <DistanceToCam>0</DistanceToCam>
    <Speed>5.11920071</Speed>
    <AccInput>0</AccInput>
    <RPM>1.35798967</RPM>
    <Gear>0</Gear>
    <SteeringAngle>5.853084E-41</SteeringAngle>
    <WheelSpeed>0</WheelSpeed>
    <CarType>Sports</CarType>
  </MyCar>
  <Peds />
  <Time>126050</Time>
  <LastFrameTime>0.0330053754</LastFrameTime>
  <MyProperty>0</MyProperty>
  <Weather>Clear</Weather>
  <Steering>127</Steering>
  <Acc>181</Acc>
  <Brake>169</Brake>
  <DayTime>15:16:13</DayTime>
  <Position>
    <X>-2353.578</X>
    <Y>-278.582916</Y>
    <Z>14.682188</Z>
  </Position>
  <Rotation>
    <X>0.412370682</X>
    <Y>0.6295921</Y>
    <Z>51.3200035</Z>
  </Rotation>
</Screenshot>