<?xml version="1.0" encoding="utf-8"?>
<Screenshot xmlns:xsd="http://www.w3.org/2001/XMLSchema" xmlns:xsi="http://www.w3.org/2001/XMLSchema-instance">
  <Cars />
  <MyCar>
    <Position>
      <X>-2352.86377</X>
      <Y>-279.1572</Y>
      <Z>13.7670336</Z>
    </Position>
    <Rotation>
      <X>0.90691483</X>
      <Y>0.126803115</Y>
      <Z>51.3149757</Z>
    </Rotation>
    <Handle>663810</Handle>
    <Bounds>
      <Vector3>
        <X>-2351.51587</X>
        <Y>-281.547028</Y>
        <Z>13.0009527</Z>
      </Vector3>
      <Vector3>
        <X>-2350.239</X>
        <Y>-279.952484</Y>
        <Z>12.9964323</Z>
      </Vector3>
      <Vector3>
        <X>-2355.5083</X>
        <Y>-278.349823</Y>
        <Z>13.0819225</Z>
      </Vector3>
      <Vector3>
        <X>-2351.49585</X>
        <Y>-281.5589</Y>
        <Z>14.4566641</Z>
      </Vector3>
      <Vector3>
        <X>-2354.23169</X>
        <Y>-276.7553</Y>
        <Z>13.0774012</Z>
      </Vector3>
      <Vector3>
        <X>-2350.219</X>
        <Y>-279.9644</Y>
        <Z>14.4521437</Z>
      </Vector3>
      <Vector3>
        <X>-2355.48828</X>
        <Y>-278.361725</Y>
        <Z>14.5376339</Z>
      </Vector3>
      <Vector3>
        <X>-2354.21167</X>
        <Y>-276.767181</Y>
        <Z>14.5331125</Z>
      </Vector3>
    </Bounds>
    <CenterCamPosition>
      <X>0</X>
      <Y>0</Y>
    </CenterCamPosition>
    <ScreenBounds />
    <DistanceToCam>0</DistanceToCam>
    <Speed>5.13227654</Speed>
    <AccInput>0</AccInput>
    <RPM>1.35798967</RPM>
    <Gear>0</Gear>
    <SteeringAngle>5.853084E-41</SteeringAngle>
    <WheelSpeed>0</WheelSpeed>
    <CarType>Sports</CarType>
  </MyCar>
  <Peds />
  <Time>126070</Time>
  <LastFrameTime>0.0195881855</LastFrameTime>
  <MyProperty>0</MyProperty>
  <Weather>Clear</Weather>
  <Steering>127</Steering>
  <Acc>181</Acc>
  <Brake>169</Brake>
  <DayTime>15:16:13</DayTime>
  <Position>
    <X>-2353.70947</X>
    <Y>-278.477356</Y>
    <Z>14.6845322</Z>
  </Position>
  <Rotation>
    <X>0.4092912</X>
    <Y>0.628718734</Y>
    <Z>51.3197327</Z>
  </Rotation>
</Screenshot>