<?xml version="1.0" encoding="utf-8"?>
<Screenshot xmlns:xsd="http://www.w3.org/2001/XMLSchema" xmlns:xsi="http://www.w3.org/2001/XMLSchema-instance">
  <Cars />
  <MyCar>
    <Position>
      <X>-2353.12573</X>
      <Y>-278.947449</Y>
      <Z>13.771842</Z>
    </Position>
    <Rotation>
      <X>0.9014813</X>
      <Y>0.12675409</Y>
      <Z>51.31443</Z>
    </Rotation>
    <Handle>663810</Handle>
    <Bounds>
      <Vector3>
        <X>-2351.77783</X>
        <Y>-281.337341</Y>
        <Z>13.0060015</Z>
      </Vector3>
      <Vector3>
        <X>-2350.501</X>
        <Y>-279.7428</Y>
        <Z>13.001483</Z>
      </Vector3>
      <Vector3>
        <X>-2355.77026</X>
        <Y>-278.1401</Y>
        <Z>13.0864859</Z>
      </Vector3>
      <Vector3>
        <X>-2351.75781</X>
        <Y>-281.349121</Y>
        <Z>14.4617157</Z>
      </Vector3>
      <Vector3>
        <X>-2354.49341</X>
        <Y>-276.545563</Y>
        <Z>13.0819674</Z>
      </Vector3>
      <Vector3>
        <X>-2350.481</X>
        <Y>-279.7546</Y>
        <Z>14.4571962</Z>
      </Vector3>
      <Vector3>
        <X>-2355.75049</X>
        <Y>-278.151917</Y>
        <Z>14.5422</Z>
      </Vector3>
      <Vector3>
        <X>-2354.47363</X>
        <Y>-276.557373</Y>
        <Z>14.5376806</Z>
      </Vector3>
    </Bounds>
    <CenterCamPosition>
      <X>0</X>
      <Y>0</Y>
    </CenterCamPosition>
    <ScreenBounds />
    <DistanceToCam>0</DistanceToCam>
    <Speed>5.17566</Speed>
    <AccInput>0</AccInput>
    <RPM>1.35798967</RPM>
    <Gear>0</Gear>
    <SteeringAngle>5.853084E-41</SteeringAngle>
    <WheelSpeed>0</WheelSpeed>
    <CarType>Sports</CarType>
  </MyCar>
  <Peds />
  <Time>126135</Time>
  <LastFrameTime>0.03296038</LastFrameTime>
  <MyProperty>0</MyProperty>
  <Weather>Clear</Weather>
  <Steering>127</Steering>
  <Acc>181</Acc>
  <Brake>169</Brake>
  <DayTime>15:16:13</DayTime>
  <Position>
    <X>-2353.917</X>
    <Y>-278.3113</Y>
    <Z>14.6882191</Z>
  </Position>
  <Rotation>
    <X>0.404057324</X>
    <Y>0.626683652</Y>
    <Z>51.31909</Z>
  </Rotation>
</Screenshot>