<?xml version="1.0" encoding="utf-8"?>
<Screenshot xmlns:xsd="http://www.w3.org/2001/XMLSchema" xmlns:xsi="http://www.w3.org/2001/XMLSchema-instance">
  <Cars />
  <MyCar>
    <Position>
      <X>-2352.99268</X>
      <Y>-279.054</Y>
      <Z>13.7694</Z>
    </Position>
    <Rotation>
      <X>0.9040331</X>
      <Y>0.126699209</Y>
      <Z>51.3146744</Z>
    </Rotation>
    <Handle>663810</Handle>
    <Bounds>
      <Vector3>
        <X>-2351.64478</X>
        <Y>-281.443848</Y>
        <Z>13.0034447</Z>
      </Vector3>
      <Vector3>
        <X>-2350.368</X>
        <Y>-279.8493</Y>
        <Z>12.9989281</Z>
      </Vector3>
      <Vector3>
        <X>-2355.63721</X>
        <Y>-278.2466</Y>
        <Z>13.084157</Z>
      </Vector3>
      <Vector3>
        <X>-2351.62476</X>
        <Y>-281.4557</Y>
        <Z>14.4591579</Z>
      </Vector3>
      <Vector3>
        <X>-2354.36035</X>
        <Y>-276.6521</Y>
        <Z>13.07964</Z>
      </Vector3>
      <Vector3>
        <X>-2350.348</X>
        <Y>-279.861145</Y>
        <Z>14.45464</Z>
      </Vector3>
      <Vector3>
        <X>-2355.61743</X>
        <Y>-278.258484</Y>
        <Z>14.53987</Z>
      </Vector3>
      <Vector3>
        <X>-2354.34058</X>
        <Y>-276.66394</Y>
        <Z>14.5353527</Z>
      </Vector3>
    </Bounds>
    <CenterCamPosition>
      <X>0</X>
      <Y>0</Y>
    </CenterCamPosition>
    <ScreenBounds />
    <DistanceToCam>0</DistanceToCam>
    <Speed>5.15368032</Speed>
    <AccInput>0</AccInput>
    <RPM>1.35798967</RPM>
    <Gear>0</Gear>
    <SteeringAngle>5.853084E-41</SteeringAngle>
    <WheelSpeed>0</WheelSpeed>
    <CarType>Sports</CarType>
  </MyCar>
  <Peds />
  <Time>126102</Time>
  <LastFrameTime>0.0320701227</LastFrameTime>
  <MyProperty>0</MyProperty>
  <Weather>Clear</Weather>
  <Steering>127</Steering>
  <Acc>181</Acc>
  <Brake>169</Brake>
  <DayTime>15:16:13</DayTime>
  <Position>
    <X>-2353.788</X>
    <Y>-278.414551</Y>
    <Z>14.6859121</Z>
  </Position>
  <Rotation>
    <X>0.406939149</X>
    <Y>0.626787245</Y>
    <Z>51.3194275</Z>
  </Rotation>
</Screenshot>