<?xml version="1.0" encoding="utf-8"?>
<Screenshot xmlns:xsd="http://www.w3.org/2001/XMLSchema" xmlns:xsi="http://www.w3.org/2001/XMLSchema-instance">
  <Cars />
  <MyCar>
    <Position>
      <X>-2353.321</X>
      <Y>-278.791</Y>
      <Z>13.7754517</Z>
    </Position>
    <Rotation>
      <X>0.8965436</X>
      <Y>0.126687273</Y>
      <Z>51.3141174</Z>
    </Rotation>
    <Handle>663810</Handle>
    <Bounds>
      <Vector3>
        <X>-2351.973</X>
        <Y>-281.1809</Y>
        <Z>13.0098295</Z>
      </Vector3>
      <Vector3>
        <X>-2350.69629</X>
        <Y>-279.5864</Y>
        <Z>13.0053129</Z>
      </Vector3>
      <Vector3>
        <X>-2355.96558</X>
        <Y>-277.983643</Y>
        <Z>13.0898733</Z>
      </Vector3>
      <Vector3>
        <X>-2351.95313</X>
        <Y>-281.192627</Y>
        <Z>14.4655457</Z>
      </Vector3>
      <Vector3>
        <X>-2354.68872</X>
        <Y>-276.38913</Y>
        <Z>13.0853567</Z>
      </Vector3>
      <Vector3>
        <X>-2350.67627</X>
        <Y>-279.5981</Y>
        <Z>14.4610281</Z>
      </Vector3>
      <Vector3>
        <X>-2355.9458</X>
        <Y>-277.9954</Y>
        <Z>14.5455885</Z>
      </Vector3>
      <Vector3>
        <X>-2354.669</X>
        <Y>-276.400879</Y>
        <Z>14.5410719</Z>
      </Vector3>
    </Bounds>
    <CenterCamPosition>
      <X>0</X>
      <Y>0</Y>
    </CenterCamPosition>
    <ScreenBounds />
    <DistanceToCam>0</DistanceToCam>
    <Speed>5.207728</Speed>
    <AccInput>0</AccInput>
    <RPM>1.35798967</RPM>
    <Gear>0</Gear>
    <SteeringAngle>5.853084E-41</SteeringAngle>
    <WheelSpeed>0</WheelSpeed>
    <CarType>Sports</CarType>
  </MyCar>
  <Peds />
  <Time>126183</Time>
  <LastFrameTime>0.048132956</LastFrameTime>
  <MyProperty>0</MyProperty>
  <Weather>Clear</Weather>
  <Steering>127</Steering>
  <Acc>181</Acc>
  <Brake>169</Brake>
  <DayTime>15:16:13</DayTime>
  <Position>
    <X>-2354.05</X>
    <Y>-278.204742</Y>
    <Z>14.690608</Z>
  </Position>
  <Rotation>
    <X>0.401505351</X>
    <Y>0.6267388</Y>
    <Z>51.31882</Z>
  </Rotation>
</Screenshot>