<?xml version="1.0" encoding="utf-8"?>
<Screenshot xmlns:xsd="http://www.w3.org/2001/XMLSchema" xmlns:xsi="http://www.w3.org/2001/XMLSchema-instance">
  <Cars />
  <MyCar>
    <Position>
      <X>-2353.53247</X>
      <Y>-278.6217</Y>
      <Z>13.7793341</Z>
    </Position>
    <Rotation>
      <X>0.8929744</X>
      <Y>0.12659952</Y>
      <Z>51.31382</Z>
    </Rotation>
    <Handle>663810</Handle>
    <Bounds>
      <Vector3>
        <X>-2352.18433</X>
        <Y>-281.011658</Y>
        <Z>13.0138693</Z>
      </Vector3>
      <Vector3>
        <X>-2350.90747</X>
        <Y>-279.417145</Y>
        <Z>13.0093555</Z>
      </Vector3>
      <Vector3>
        <X>-2356.177</X>
        <Y>-277.8144</Y>
        <Z>13.0935946</Z>
      </Vector3>
      <Vector3>
        <X>-2352.16455</X>
        <Y>-281.023346</Y>
        <Z>14.4695864</Z>
      </Vector3>
      <Vector3>
        <X>-2354.90015</X>
        <Y>-276.219879</Y>
        <Z>13.0890808</Z>
      </Vector3>
      <Vector3>
        <X>-2350.888</X>
        <Y>-279.428833</Y>
        <Z>14.4650726</Z>
      </Vector3>
      <Vector3>
        <X>-2356.15723</X>
        <Y>-277.82605</Y>
        <Z>14.5493107</Z>
      </Vector3>
      <Vector3>
        <X>-2354.88037</X>
        <Y>-276.231537</Y>
        <Z>14.5447979</Z>
      </Vector3>
    </Bounds>
    <CenterCamPosition>
      <X>0</X>
      <Y>0</Y>
    </CenterCamPosition>
    <ScreenBounds />
    <DistanceToCam>0</DistanceToCam>
    <Speed>5.24221468</Speed>
    <AccInput>0</AccInput>
    <RPM>1.35798967</RPM>
    <Gear>0</Gear>
    <SteeringAngle>5.853084E-41</SteeringAngle>
    <WheelSpeed>0</WheelSpeed>
    <CarType>Sports</CarType>
  </MyCar>
  <Peds />
  <Time>126235</Time>
  <LastFrameTime>0.032738205</LastFrameTime>
  <MyProperty>0</MyProperty>
  <Weather>Clear</Weather>
  <Steering>127</Steering>
  <Acc>181</Acc>
  <Brake>169</Brake>
  <DayTime>15:16:13</DayTime>
  <Position>
    <X>-2354.323</X>
    <Y>-277.9861</Y>
    <Z>14.69552</Z>
  </Position>
  <Rotation>
    <X>0.395560682</X>
    <Y>0.6266559</Y>
    <Z>51.318325</Z>
  </Rotation>
</Screenshot>