<?xml version="1.0" encoding="utf-8"?>
<Screenshot xmlns:xsd="http://www.w3.org/2001/XMLSchema" xmlns:xsi="http://www.w3.org/2001/XMLSchema-instance">
  <Cars />
  <MyCar>
    <Position>
      <X>-2353.72852</X>
      <Y>-278.464539</Y>
      <Z>13.7829485</Z>
    </Position>
    <Rotation>
      <X>0.888964236</X>
      <Y>0.126610145</Y>
      <Z>51.31356</Z>
    </Rotation>
    <Handle>663810</Handle>
    <Bounds>
      <Vector3>
        <X>-2352.38037</X>
        <Y>-280.854553</Y>
        <Z>13.017662</Z>
      </Vector3>
      <Vector3>
        <X>-2351.10352</X>
        <Y>-279.26004</Y>
        <Z>13.0131483</Z>
      </Vector3>
      <Vector3>
        <X>-2356.373</X>
        <Y>-277.657257</Y>
        <Z>13.0970287</Z>
      </Vector3>
      <Vector3>
        <X>-2352.36084</X>
        <Y>-280.86615</Y>
        <Z>14.47338</Z>
      </Vector3>
      <Vector3>
        <X>-2355.09619</X>
        <Y>-276.062744</Y>
        <Z>13.092515</Z>
      </Vector3>
      <Vector3>
        <X>-2351.084</X>
        <Y>-279.271637</Y>
        <Z>14.4688663</Z>
      </Vector3>
      <Vector3>
        <X>-2356.35327</X>
        <Y>-277.668854</Y>
        <Z>14.5527477</Z>
      </Vector3>
      <Vector3>
        <X>-2355.07642</X>
        <Y>-276.074341</Y>
        <Z>14.548234</Z>
      </Vector3>
    </Bounds>
    <CenterCamPosition>
      <X>0</X>
      <Y>0</Y>
    </CenterCamPosition>
    <ScreenBounds />
    <DistanceToCam>0</DistanceToCam>
    <Speed>5.273961</Speed>
    <AccInput>0</AccInput>
    <RPM>1.35798967</RPM>
    <Gear>0</Gear>
    <SteeringAngle>5.853084E-41</SteeringAngle>
    <WheelSpeed>0</WheelSpeed>
    <CarType>Sports</CarType>
  </MyCar>
  <Peds />
  <Time>126282</Time>
  <LastFrameTime>0.047732044</LastFrameTime>
  <MyProperty>0</MyProperty>
  <Weather>Clear</Weather>
  <Steering>127</Steering>
  <Acc>181</Acc>
  <Brake>169</Brake>
  <DayTime>15:16:13</DayTime>
  <Position>
    <X>-2354.45679</X>
    <Y>-277.8789</Y>
    <Z>14.6979246</Z>
  </Position>
  <Rotation>
    <X>0.392997861</X>
    <Y>0.626584768</Y>
    <Z>51.3181152</Z>
  </Rotation>
</Screenshot>