<?xml version="1.0" encoding="utf-8"?>
<Screenshot xmlns:xsd="http://www.w3.org/2001/XMLSchema" xmlns:xsi="http://www.w3.org/2001/XMLSchema-instance">
  <Cars />
  <MyCar>
    <Position>
      <X>-2353.39868</X>
      <Y>-278.728882</Y>
      <Z>13.7768774</Z>
    </Position>
    <Rotation>
      <X>0.895537</X>
      <Y>0.126670852</Y>
      <Z>51.314003</Z>
    </Rotation>
    <Handle>663810</Handle>
    <Bounds>
      <Vector3>
        <X>-2352.05054</X>
        <Y>-281.1188</Y>
        <Z>13.0113</Z>
      </Vector3>
      <Vector3>
        <X>-2350.774</X>
        <Y>-279.5243</Y>
        <Z>13.0067835</Z>
      </Vector3>
      <Vector3>
        <X>-2356.04321</X>
        <Y>-277.92157</Y>
        <Z>13.0912533</Z>
      </Vector3>
      <Vector3>
        <X>-2352.03076</X>
        <Y>-281.130524</Y>
        <Z>14.4670162</Z>
      </Vector3>
      <Vector3>
        <X>-2354.76636</X>
        <Y>-276.327057</Y>
        <Z>13.0867376</Z>
      </Vector3>
      <Vector3>
        <X>-2350.75415</X>
        <Y>-279.536</Y>
        <Z>14.4625</Z>
      </Vector3>
      <Vector3>
        <X>-2356.02344</X>
        <Y>-277.933258</Y>
        <Z>14.5469694</Z>
      </Vector3>
      <Vector3>
        <X>-2354.74658</X>
        <Y>-276.338745</Y>
        <Z>14.5424538</Z>
      </Vector3>
    </Bounds>
    <CenterCamPosition>
      <X>0</X>
      <Y>0</Y>
    </CenterCamPosition>
    <ScreenBounds />
    <DistanceToCam>0</DistanceToCam>
    <Speed>5.220416</Speed>
    <AccInput>0</AccInput>
    <RPM>1.35798967</RPM>
    <Gear>0</Gear>
    <SteeringAngle>5.853084E-41</SteeringAngle>
    <WheelSpeed>0</WheelSpeed>
    <CarType>Sports</CarType>
  </MyCar>
  <Peds />
  <Time>126202</Time>
  <LastFrameTime>0.0190426726</LastFrameTime>
  <MyProperty>0</MyProperty>
  <Weather>Clear</Weather>
  <Steering>127</Steering>
  <Acc>181</Acc>
  <Brake>169</Brake>
  <DayTime>15:16:13</DayTime>
  <Position>
    <X>-2354.24536</X>
    <Y>-278.048248</Y>
    <Z>14.6941156</Z>
  </Position>
  <Rotation>
    <X>0.396567374</X>
    <Y>0.626672268</Y>
    <Z>51.31845</Z>
  </Rotation>
</Screenshot>