<?xml version="1.0" encoding="utf-8"?>
<Screenshot xmlns:xsd="http://www.w3.org/2001/XMLSchema" xmlns:xsi="http://www.w3.org/2001/XMLSchema-instance">
  <Cars />
  <MyCar>
    <Position>
      <X>-2353.94434</X>
      <Y>-278.2916</Y>
      <Z>13.7869167</Z>
    </Position>
    <Rotation>
      <X>0.8854759</X>
      <Y>0.126682311</Y>
      <Z>51.3132973</Z>
    </Rotation>
    <Handle>663810</Handle>
    <Bounds>
      <Vector3>
        <X>-2352.59619</X>
        <Y>-280.681641</Y>
        <Z>13.0217867</Z>
      </Vector3>
      <Vector3>
        <X>-2351.31934</X>
        <Y>-279.087128</Y>
        <Z>13.01727</Z>
      </Vector3>
      <Vector3>
        <X>-2356.58862</X>
        <Y>-277.4843</Y>
        <Z>13.1008425</Z>
      </Vector3>
      <Vector3>
        <X>-2352.57666</X>
        <Y>-280.693176</Y>
        <Z>14.4775066</Z>
      </Vector3>
      <Vector3>
        <X>-2355.312</X>
        <Y>-275.889832</Y>
        <Z>13.0963259</Z>
      </Vector3>
      <Vector3>
        <X>-2351.2998</X>
        <Y>-279.0987</Y>
        <Z>14.47299</Z>
      </Vector3>
      <Vector3>
        <X>-2356.569</X>
        <Y>-277.49585</Y>
        <Z>14.5565624</Z>
      </Vector3>
      <Vector3>
        <X>-2355.29224</X>
        <Y>-275.901367</Y>
        <Z>14.5520458</Z>
      </Vector3>
    </Bounds>
    <CenterCamPosition>
      <X>0</X>
      <Y>0</Y>
    </CenterCamPosition>
    <ScreenBounds />
    <DistanceToCam>0</DistanceToCam>
    <Speed>5.308681</Speed>
    <AccInput>0</AccInput>
    <RPM>1.35798967</RPM>
    <Gear>0</Gear>
    <SteeringAngle>5.853084E-41</SteeringAngle>
    <WheelSpeed>0</WheelSpeed>
    <CarType>Sports</CarType>
  </MyCar>
  <Peds />
  <Time>126335</Time>
  <LastFrameTime>0.0319506563</LastFrameTime>
  <MyProperty>0</MyProperty>
  <Weather>Clear</Weather>
  <Steering>127</Steering>
  <Acc>181</Acc>
  <Brake>169</Brake>
  <DayTime>15:16:13</DayTime>
  <Position>
    <X>-2354.73633</X>
    <Y>-277.654663</Y>
    <Z>14.7029705</Z>
  </Position>
  <Rotation>
    <X>0.387839854</X>
    <Y>0.6266902</Y>
    <Z>51.31769</Z>
  </Rotation>
</Screenshot>