<?xml version="1.0" encoding="utf-8"?>
<Screenshot xmlns:xsd="http://www.w3.org/2001/XMLSchema" xmlns:xsi="http://www.w3.org/2001/XMLSchema-instance">
  <Cars />
  <MyCar>
    <Position>
      <X>-2353.812</X>
      <Y>-278.397522</Y>
      <Z>13.7844868</Z>
    </Position>
    <Rotation>
      <X>0.887816668</X>
      <Y>0.126704589</Y>
      <Z>51.3134537</Z>
    </Rotation>
    <Handle>663810</Handle>
    <Bounds>
      <Vector3>
        <X>-2352.46387</X>
        <Y>-280.787537</Y>
        <Z>13.0192528</Z>
      </Vector3>
      <Vector3>
        <X>-2351.187</X>
        <Y>-279.193024</Y>
        <Z>13.0147352</Z>
      </Vector3>
      <Vector3>
        <X>-2356.45654</X>
        <Y>-277.59024</Y>
        <Z>13.0985174</Z>
      </Vector3>
      <Vector3>
        <X>-2352.44434</X>
        <Y>-280.799133</Y>
        <Z>14.4749718</Z>
      </Vector3>
      <Vector3>
        <X>-2355.17969</X>
        <Y>-275.995728</Y>
        <Z>13.094</Z>
      </Vector3>
      <Vector3>
        <X>-2351.16748</X>
        <Y>-279.20462</Y>
        <Z>14.4704542</Z>
      </Vector3>
      <Vector3>
        <X>-2356.43677</X>
        <Y>-277.6018</Y>
        <Z>14.5542364</Z>
      </Vector3>
      <Vector3>
        <X>-2355.16</X>
        <Y>-276.007324</Y>
        <Z>14.5497189</Z>
      </Vector3>
    </Bounds>
    <CenterCamPosition>
      <X>0</X>
      <Y>0</Y>
    </CenterCamPosition>
    <ScreenBounds />
    <DistanceToCam>0</DistanceToCam>
    <Speed>5.28745365</Speed>
    <AccInput>0</AccInput>
    <RPM>1.35798967</RPM>
    <Gear>0</Gear>
    <SteeringAngle>5.853084E-41</SteeringAngle>
    <WheelSpeed>0</WheelSpeed>
    <CarType>Sports</CarType>
  </MyCar>
  <Peds />
  <Time>126303</Time>
  <LastFrameTime>0.0202879179</LastFrameTime>
  <MyProperty>0</MyProperty>
  <Weather>Clear</Weather>
  <Steering>127</Steering>
  <Acc>181</Acc>
  <Brake>169</Brake>
  <DayTime>15:16:13</DayTime>
  <Position>
    <X>-2354.65283</X>
    <Y>-277.7217</Y>
    <Z>14.7014561</Z>
  </Position>
  <Rotation>
    <X>0.3889875</X>
    <Y>0.6265957</Y>
    <Z>51.3178139</Z>
  </Rotation>
</Screenshot>