<?xml version="1.0" encoding="utf-8"?>
<Screenshot xmlns:xsd="http://www.w3.org/2001/XMLSchema" xmlns:xsi="http://www.w3.org/2001/XMLSchema-instance">
  <Cars />
  <MyCar>
    <Position>
      <X>-2354.14478</X>
      <Y>-278.130981</Y>
      <Z>13.7905951</Z>
    </Position>
    <Rotation>
      <X>0.8827581</X>
      <Y>0.127886474</Y>
      <Z>51.3131065</Z>
    </Rotation>
    <Handle>663810</Handle>
    <Bounds>
      <Vector3>
        <X>-2352.79663</X>
        <Y>-280.521057</Y>
        <Z>13.0256071</Z>
      </Vector3>
      <Vector3>
        <X>-2351.51978</X>
        <Y>-278.926575</Y>
        <Z>13.0210476</Z>
      </Vector3>
      <Vector3>
        <X>-2356.789</X>
        <Y>-277.32373</Y>
        <Z>13.10442</Z>
      </Vector3>
      <Vector3>
        <X>-2352.777</X>
        <Y>-280.532532</Y>
        <Z>14.481328</Z>
      </Vector3>
      <Vector3>
        <X>-2355.51221</X>
        <Y>-275.729218</Y>
        <Z>13.09986</Z>
      </Vector3>
      <Vector3>
        <X>-2351.50024</X>
        <Y>-278.938049</Y>
        <Z>14.4767685</Z>
      </Vector3>
      <Vector3>
        <X>-2356.76953</X>
        <Y>-277.3352</Y>
        <Z>14.5601406</Z>
      </Vector3>
      <Vector3>
        <X>-2355.49268</X>
        <Y>-275.740723</Y>
        <Z>14.5555811</Z>
      </Vector3>
    </Bounds>
    <CenterCamPosition>
      <X>0</X>
      <Y>0</Y>
    </CenterCamPosition>
    <ScreenBounds />
    <DistanceToCam>0</DistanceToCam>
    <Speed>5.340689</Speed>
    <AccInput>0</AccInput>
    <RPM>1.35798967</RPM>
    <Gear>0</Gear>
    <SteeringAngle>5.853084E-41</SteeringAngle>
    <WheelSpeed>0</WheelSpeed>
    <CarType>Sports</CarType>
  </MyCar>
  <Peds />
  <Time>126383</Time>
  <LastFrameTime>0.0481739156</LastFrameTime>
  <MyProperty>0</MyProperty>
  <Weather>Clear</Weather>
  <Steering>127</Steering>
  <Acc>181</Acc>
  <Brake>169</Brake>
  <DayTime>15:16:13</DayTime>
  <Position>
    <X>-2354.869</X>
    <Y>-277.5487</Y>
    <Z>14.7053518</Z>
  </Position>
  <Rotation>
    <X>0.385498941</X>
    <Y>0.626668155</Y>
    <Z>51.3175049</Z>
  </Rotation>
</Screenshot>