<?xml version="1.0" encoding="utf-8"?>
<Screenshot xmlns:xsd="http://www.w3.org/2001/XMLSchema" xmlns:xsi="http://www.w3.org/2001/XMLSchema-instance">
  <Cars />
  <MyCar>
    <Position>
      <X>-2354.24219</X>
      <Y>-278.052979</Y>
      <Z>13.7923765</Z>
    </Position>
    <Rotation>
      <X>0.881603658</X>
      <Y>0.129067525</Y>
      <Z>51.31304</Z>
    </Rotation>
    <Handle>663810</Handle>
    <Bounds>
      <Vector3>
        <X>-2352.894</X>
        <Y>-280.443085</Y>
        <Z>13.0274611</Z>
      </Vector3>
      <Vector3>
        <X>-2351.61719</X>
        <Y>-278.8486</Y>
        <Z>13.02286</Z>
      </Vector3>
      <Vector3>
        <X>-2356.88647</X>
        <Y>-277.245728</Y>
        <Z>13.1061707</Z>
      </Vector3>
      <Vector3>
        <X>-2352.87451</X>
        <Y>-280.454529</Y>
        <Z>14.483182</Z>
      </Vector3>
      <Vector3>
        <X>-2355.60962</X>
        <Y>-275.651245</Y>
        <Z>13.1015692</Z>
      </Vector3>
      <Vector3>
        <X>-2351.59766</X>
        <Y>-278.860016</Y>
        <Z>14.47858</Z>
      </Vector3>
      <Vector3>
        <X>-2356.867</X>
        <Y>-277.257172</Y>
        <Z>14.5618925</Z>
      </Vector3>
      <Vector3>
        <X>-2355.59</X>
        <Y>-275.6627</Y>
        <Z>14.557291</Z>
      </Vector3>
    </Bounds>
    <CenterCamPosition>
      <X>0</X>
      <Y>0</Y>
    </CenterCamPosition>
    <ScreenBounds />
    <DistanceToCam>0</DistanceToCam>
    <Speed>5.356181</Speed>
    <AccInput>0</AccInput>
    <RPM>1.35798967</RPM>
    <Gear>0</Gear>
    <SteeringAngle>5.853084E-41</SteeringAngle>
    <WheelSpeed>0</WheelSpeed>
    <CarType>Sports</CarType>
  </MyCar>
  <Peds />
  <Time>126406</Time>
  <LastFrameTime>0.0233152341</LastFrameTime>
  <MyProperty>0</MyProperty>
  <Weather>Clear</Weather>
  <Steering>127</Steering>
  <Acc>181</Acc>
  <Brake>169</Brake>
  <DayTime>15:16:13</DayTime>
  <Position>
    <X>-2355.06934</X>
    <Y>-277.388062</Y>
    <Z>14.7089739</Z>
  </Position>
  <Rotation>
    <X>0.382781059</X>
    <Y>0.6278724</Y>
    <Z>51.3173027</Z>
  </Rotation>
</Screenshot>