<?xml version="1.0" encoding="utf-8"?>
<Screenshot xmlns:xsd="http://www.w3.org/2001/XMLSchema" xmlns:xsi="http://www.w3.org/2001/XMLSchema-instance">
  <Cars />
  <MyCar>
    <Position>
      <X>-2354.43335</X>
      <Y>-277.899841</Y>
      <Z>13.7958794</Z>
    </Position>
    <Rotation>
      <X>0.879266262</X>
      <Y>0.130674392</Y>
      <Z>51.31291</Z>
    </Rotation>
    <Handle>663810</Handle>
    <Bounds>
      <Vector3>
        <X>-2353.08521</X>
        <Y>-280.289978</Y>
        <Z>13.0310965</Z>
      </Vector3>
      <Vector3>
        <X>-2351.80835</X>
        <Y>-278.6955</Y>
        <Z>13.0264378</Z>
      </Vector3>
      <Vector3>
        <X>-2357.07764</X>
        <Y>-277.092621</Y>
        <Z>13.1095972</Z>
      </Vector3>
      <Vector3>
        <X>-2353.06567</X>
        <Y>-280.301361</Y>
        <Z>14.4868183</Z>
      </Vector3>
      <Vector3>
        <X>-2355.80078</X>
        <Y>-275.498138</Y>
        <Z>13.1049385</Z>
      </Vector3>
      <Vector3>
        <X>-2351.78882</X>
        <Y>-278.706879</Y>
        <Z>14.48216</Z>
      </Vector3>
      <Vector3>
        <X>-2357.058</X>
        <Y>-277.104</Y>
        <Z>14.56532</Z>
      </Vector3>
      <Vector3>
        <X>-2355.78125</X>
        <Y>-275.509521</Y>
        <Z>14.5606613</Z>
      </Vector3>
    </Bounds>
    <CenterCamPosition>
      <X>0</X>
      <Y>0</Y>
    </CenterCamPosition>
    <ScreenBounds />
    <DistanceToCam>0</DistanceToCam>
    <Speed>5.38610649</Speed>
    <AccInput>0</AccInput>
    <RPM>1.35798967</RPM>
    <Gear>0</Gear>
    <SteeringAngle>5.853084E-41</SteeringAngle>
    <WheelSpeed>0</WheelSpeed>
    <CarType>Sports</CarType>
  </MyCar>
  <Peds />
  <Time>126452</Time>
  <LastFrameTime>0.04553634</LastFrameTime>
  <MyProperty>0</MyProperty>
  <Weather>Clear</Weather>
  <Steering>127</Steering>
  <Acc>181</Acc>
  <Brake>169</Brake>
  <DayTime>15:16:13</DayTime>
  <Position>
    <X>-2355.16675</X>
    <Y>-277.310028</Y>
    <Z>14.7107315</Z>
  </Position>
  <Rotation>
    <X>0.381626636</X>
    <Y>0.629053533</Y>
    <Z>51.31723</Z>
  </Rotation>
</Screenshot>