<?xml version="1.0" encoding="utf-8"?>
<Screenshot xmlns:xsd="http://www.w3.org/2001/XMLSchema" xmlns:xsi="http://www.w3.org/2001/XMLSchema-instance">
  <Cars />
  <MyCar>
    <Position>
      <X>-2354.58057</X>
      <Y>-277.78186</Y>
      <Z>13.7985783</Z>
    </Position>
    <Rotation>
      <X>0.87728107</X>
      <Y>0.131804541</Y>
      <Z>51.3128166</Z>
    </Rotation>
    <Handle>663810</Handle>
    <Bounds>
      <Vector3>
        <X>-2353.23242</X>
        <Y>-280.172028</Y>
        <Z>13.0339041</Z>
      </Vector3>
      <Vector3>
        <X>-2351.95557</X>
        <Y>-278.577545</Y>
        <Z>13.0292044</Z>
      </Vector3>
      <Vector3>
        <X>-2357.22485</X>
        <Y>-276.97467</Y>
        <Z>13.1122274</Z>
      </Vector3>
      <Vector3>
        <X>-2353.213</X>
        <Y>-280.18335</Y>
        <Z>14.4896269</Z>
      </Vector3>
      <Vector3>
        <X>-2355.948</X>
        <Y>-275.3802</Y>
        <Z>13.1075287</Z>
      </Vector3>
      <Vector3>
        <X>-2351.936</X>
        <Y>-278.588867</Y>
        <Z>14.4849272</Z>
      </Vector3>
      <Vector3>
        <X>-2357.20532</X>
        <Y>-276.986</Y>
        <Z>14.56795</Z>
      </Vector3>
      <Vector3>
        <X>-2355.92847</X>
        <Y>-275.3915</Y>
        <Z>14.5632515</Z>
      </Vector3>
    </Bounds>
    <CenterCamPosition>
      <X>0</X>
      <Y>0</Y>
    </CenterCamPosition>
    <ScreenBounds />
    <DistanceToCam>0</DistanceToCam>
    <Speed>5.40876865</Speed>
    <AccInput>0</AccInput>
    <RPM>1.35798967</RPM>
    <Gear>0</Gear>
    <SteeringAngle>5.853084E-41</SteeringAngle>
    <WheelSpeed>0</WheelSpeed>
    <CarType>Sports</CarType>
  </MyCar>
  <Peds />
  <Time>126487</Time>
  <LastFrameTime>0.0349211842</LastFrameTime>
  <MyProperty>0</MyProperty>
  <Weather>Clear</Weather>
  <Steering>127</Steering>
  <Acc>181</Acc>
  <Brake>169</Brake>
  <DayTime>15:16:13</DayTime>
  <Position>
    <X>-2355.358</X>
    <Y>-277.15686</Y>
    <Z>14.7141857</Z>
  </Position>
  <Rotation>
    <X>0.3792892</X>
    <Y>0.630660534</Y>
    <Z>51.31708</Z>
  </Rotation>
</Screenshot>