<?xml version="1.0" encoding="utf-8"?>
<Screenshot xmlns:xsd="http://www.w3.org/2001/XMLSchema" xmlns:xsi="http://www.w3.org/2001/XMLSchema-instance">
  <Cars />
  <MyCar>
    <Position>
      <X>-2354.77637</X>
      <Y>-277.625122</Y>
      <Z>13.80237</Z>
    </Position>
    <Rotation>
      <X>0.8855552</X>
      <Y>0.142852336</Y>
      <Z>51.3178</Z>
    </Rotation>
    <Handle>663810</Handle>
    <Bounds>
      <Vector3>
        <X>-2353.42822</X>
        <Y>-280.015228</Y>
        <Z>13.0375252</Z>
      </Vector3>
      <Vector3>
        <X>-2352.15137</X>
        <Y>-278.420624</Y>
        <Z>13.0324316</Z>
      </Vector3>
      <Vector3>
        <X>-2357.421</X>
        <Y>-276.8182</Y>
        <Z>13.1165876</Z>
      </Vector3>
      <Vector3>
        <X>-2353.40845</X>
        <Y>-280.026459</Y>
        <Z>14.4932442</Z>
      </Vector3>
      <Vector3>
        <X>-2356.14429</X>
        <Y>-275.2236</Y>
        <Z>13.111495</Z>
      </Vector3>
      <Vector3>
        <X>-2352.13159</X>
        <Y>-278.431854</Y>
        <Z>14.4881506</Z>
      </Vector3>
      <Vector3>
        <X>-2357.40112</X>
        <Y>-276.829437</Y>
        <Z>14.5723066</Z>
      </Vector3>
      <Vector3>
        <X>-2356.12451</X>
        <Y>-275.234833</Y>
        <Z>14.567214</Z>
      </Vector3>
    </Bounds>
    <CenterCamPosition>
      <X>0</X>
      <Y>0</Y>
    </CenterCamPosition>
    <ScreenBounds />
    <DistanceToCam>0</DistanceToCam>
    <Speed>5.438201</Speed>
    <AccInput>0</AccInput>
    <RPM>1.35798967</RPM>
    <Gear>0</Gear>
    <SteeringAngle>5.853084E-41</SteeringAngle>
    <WheelSpeed>0</WheelSpeed>
    <CarType>Sports</CarType>
  </MyCar>
  <Peds />
  <Time>126533</Time>
  <LastFrameTime>0.0461842529</LastFrameTime>
  <MyProperty>0</MyProperty>
  <Weather>Clear</Weather>
  <Steering>126</Steering>
  <Acc>181</Acc>
  <Brake>169</Brake>
  <DayTime>15:16:13</DayTime>
  <Position>
    <X>-2355.50513</X>
    <Y>-277.038818</Y>
    <Z>14.7168436</Z>
  </Position>
  <Rotation>
    <X>0.377304018</X>
    <Y>0.6317909</Y>
    <Z>51.3169746</Z>
  </Rotation>
</Screenshot>