<?xml version="1.0" encoding="utf-8"?>
<Screenshot xmlns:xsd="http://www.w3.org/2001/XMLSchema" xmlns:xsi="http://www.w3.org/2001/XMLSchema-instance">
  <Cars />
  <MyCar>
    <Position>
      <X>-2354.857</X>
      <Y>-277.5607</Y>
      <Z>13.80394</Z>
    </Position>
    <Rotation>
      <X>0.8900965</X>
      <Y>0.144250289</Y>
      <Z>51.32113</Z>
    </Rotation>
    <Handle>663810</Handle>
    <Bounds>
      <Vector3>
        <X>-2353.50854</X>
        <Y>-279.950684</Y>
        <Z>13.0389175</Z>
      </Vector3>
      <Vector3>
        <X>-2352.232</X>
        <Y>-278.356018</Y>
        <Z>13.0337753</Z>
      </Vector3>
      <Vector3>
        <X>-2357.50171</X>
        <Y>-276.7539</Y>
        <Z>13.1183863</Z>
      </Vector3>
      <Vector3>
        <X>-2353.48877</X>
        <Y>-279.961975</Y>
        <Z>14.4946346</Z>
      </Vector3>
      <Vector3>
        <X>-2356.225</X>
        <Y>-275.159241</Y>
        <Z>13.1132431</Z>
      </Vector3>
      <Vector3>
        <X>-2352.21216</X>
        <Y>-278.3673</Y>
        <Z>14.4894924</Z>
      </Vector3>
      <Vector3>
        <X>-2357.48169</X>
        <Y>-276.765167</Y>
        <Z>14.5741034</Z>
      </Vector3>
      <Vector3>
        <X>-2356.205</X>
        <Y>-275.1705</Y>
        <Z>14.56896</Z>
      </Vector3>
    </Bounds>
    <CenterCamPosition>
      <X>0</X>
      <Y>0</Y>
    </CenterCamPosition>
    <ScreenBounds />
    <DistanceToCam>0</DistanceToCam>
    <Speed>5.450145</Speed>
    <AccInput>0</AccInput>
    <RPM>1.35798967</RPM>
    <Gear>0</Gear>
    <SteeringAngle>5.853084E-41</SteeringAngle>
    <WheelSpeed>0</WheelSpeed>
    <CarType>Sports</CarType>
  </MyCar>
  <Peds />
  <Time>126552</Time>
  <LastFrameTime>0.0189359281</LastFrameTime>
  <MyProperty>0</MyProperty>
  <Weather>Clear</Weather>
  <Steering>126</Steering>
  <Acc>181</Acc>
  <Brake>169</Brake>
  <DayTime>15:16:13</DayTime>
  <Position>
    <X>-2355.70068</X>
    <Y>-276.8821</Y>
    <Z>14.7208061</Z>
  </Position>
  <Rotation>
    <X>0.385579437</X>
    <Y>0.642837644</Y>
    <Z>51.3221245</Z>
  </Rotation>
</Screenshot>