<?xml version="1.0" encoding="utf-8"?>
<Screenshot xmlns:xsd="http://www.w3.org/2001/XMLSchema" xmlns:xsi="http://www.w3.org/2001/XMLSchema-instance">
  <Cars />
  <MyCar>
    <Position>
      <X>-2355.149</X>
      <Y>-277.328522</Y>
      <Z>13.8096266</Z>
    </Position>
    <Rotation>
      <X>0.90989</X>
      <Y>0.151339635</Y>
      <Z>51.3621979</Z>
    </Rotation>
    <Handle>663810</Handle>
    <Bounds>
      <Vector3>
        <X>-2353.79932</X>
        <Y>-279.717468</Y>
        <Z>13.0438519</Z>
      </Vector3>
      <Vector3>
        <X>-2352.52368</X>
        <Y>-278.1219</Y>
        <Z>13.038456</Z>
      </Vector3>
      <Vector3>
        <X>-2357.79443</X>
        <Y>-276.523529</Y>
        <Z>13.1250868</Z>
      </Vector3>
      <Vector3>
        <X>-2353.77881</X>
        <Y>-279.728882</Y>
        <Z>14.49956</Z>
      </Vector3>
      <Vector3>
        <X>-2356.519</X>
        <Y>-274.927948</Y>
        <Z>13.1196909</Z>
      </Vector3>
      <Vector3>
        <X>-2352.50317</X>
        <Y>-278.1333</Y>
        <Z>14.4941645</Z>
      </Vector3>
      <Vector3>
        <X>-2357.774</X>
        <Y>-276.534973</Y>
        <Z>14.5807953</Z>
      </Vector3>
      <Vector3>
        <X>-2356.49854</X>
        <Y>-274.9394</Y>
        <Z>14.5753994</Z>
      </Vector3>
    </Bounds>
    <CenterCamPosition>
      <X>0</X>
      <Y>0</Y>
    </CenterCamPosition>
    <ScreenBounds />
    <DistanceToCam>0</DistanceToCam>
    <Speed>5.493371</Speed>
    <AccInput>0</AccInput>
    <RPM>1.35798967</RPM>
    <Gear>0</Gear>
    <SteeringAngle>5.853084E-41</SteeringAngle>
    <WheelSpeed>0</WheelSpeed>
    <CarType>Sports</CarType>
  </MyCar>
  <Peds />
  <Time>126620</Time>
  <LastFrameTime>0.0202004127</LastFrameTime>
  <MyProperty>0</MyProperty>
  <Weather>Clear</Weather>
  <Steering>123</Steering>
  <Acc>181</Acc>
  <Brake>169</Brake>
  <DayTime>15:16:13</DayTime>
  <Position>
    <X>-2355.98633</X>
    <Y>-276.655</Y>
    <Z>14.7267742</Z>
  </Position>
  <Rotation>
    <X>0.404391468</X>
    <Y>0.6506417</Y>
    <Z>51.351017</Z>
  </Rotation>
</Screenshot>