<?xml version="1.0" encoding="utf-8"?>
<Screenshot xmlns:xsd="http://www.w3.org/2001/XMLSchema" xmlns:xsi="http://www.w3.org/2001/XMLSchema-instance">
  <Cars />
  <MyCar>
    <Position>
      <X>-2355.062</X>
      <Y>-277.397461</Y>
      <Z>13.8079491</Z>
    </Position>
    <Rotation>
      <X>0.904365361</X>
      <Y>0.150657877</Y>
      <Z>51.3464241</Z>
    </Rotation>
    <Handle>663810</Handle>
    <Bounds>
      <Vector3>
        <X>-2353.713</X>
        <Y>-279.7868</Y>
        <Z>13.042408</Z>
      </Vector3>
      <Vector3>
        <X>-2352.437</X>
        <Y>-278.1916</Y>
        <Z>13.0370359</Z>
      </Vector3>
      <Vector3>
        <X>-2357.70728</X>
        <Y>-276.5918</Y>
        <Z>13.1231489</Z>
      </Vector3>
      <Vector3>
        <X>-2353.69263</X>
        <Y>-279.7982</Y>
        <Z>14.4981184</Z>
      </Vector3>
      <Vector3>
        <X>-2356.4314</X>
        <Y>-274.996552</Y>
        <Z>13.1177778</Z>
      </Vector3>
      <Vector3>
        <X>-2352.41675</X>
        <Y>-278.202942</Y>
        <Z>14.4927473</Z>
      </Vector3>
      <Vector3>
        <X>-2357.68677</X>
        <Y>-276.603149</Y>
        <Z>14.57886</Z>
      </Vector3>
      <Vector3>
        <X>-2356.411</X>
        <Y>-275.0079</Y>
        <Z>14.5734892</Z>
      </Vector3>
    </Bounds>
    <CenterCamPosition>
      <X>0</X>
      <Y>0</Y>
    </CenterCamPosition>
    <ScreenBounds />
    <DistanceToCam>0</DistanceToCam>
    <Speed>5.48001</Speed>
    <AccInput>0</AccInput>
    <RPM>1.35798967</RPM>
    <Gear>0</Gear>
    <SteeringAngle>5.853084E-41</SteeringAngle>
    <WheelSpeed>0</WheelSpeed>
    <CarType>Sports</CarType>
  </MyCar>
  <Peds />
  <Time>126600</Time>
  <LastFrameTime>0.04789092</LastFrameTime>
  <MyProperty>0</MyProperty>
  <Weather>Clear</Weather>
  <Steering>123</Steering>
  <Acc>181</Acc>
  <Brake>169</Brake>
  <DayTime>15:16:13</DayTime>
  <Position>
    <X>-2355.78125</X>
    <Y>-276.81778</Y>
    <Z>14.72247</Z>
  </Position>
  <Rotation>
    <X>0.390121132</X>
    <Y>0.6442354</Y>
    <Z>51.3255119</Z>
  </Rotation>
</Screenshot>