<?xml version="1.0" encoding="utf-8"?>
<Screenshot xmlns:xsd="http://www.w3.org/2001/XMLSchema" xmlns:xsi="http://www.w3.org/2001/XMLSchema-instance">
  <Cars />
  <MyCar>
    <Position>
      <X>-2355.494</X>
      <Y>-277.056946</Y>
      <Z>13.81631</Z>
    </Position>
    <Rotation>
      <X>0.933504939</X>
      <Y>0.160358161</Y>
      <Z>51.47752</Z>
    </Rotation>
    <Handle>663810</Handle>
    <Bounds>
      <Vector3>
        <X>-2354.13965</X>
        <Y>-279.443054</Y>
        <Z>13.0496473</Z>
      </Vector3>
      <Vector3>
        <X>-2352.86743</X>
        <Y>-277.8449</Y>
        <Z>13.04393</Z>
      </Vector3>
      <Vector3>
        <X>-2358.14136</X>
        <Y>-276.2572</Y>
        <Z>13.13299</Z>
      </Vector3>
      <Vector3>
        <X>-2354.11865</X>
        <Y>-279.454651</Y>
        <Z>14.5053453</Z>
      </Vector3>
      <Vector3>
        <X>-2356.86914</X>
        <Y>-274.659058</Y>
        <Z>13.1272726</Z>
      </Vector3>
      <Vector3>
        <X>-2352.84644</X>
        <Y>-277.8565</Y>
        <Z>14.4996281</Z>
      </Vector3>
      <Vector3>
        <X>-2358.12</X>
        <Y>-276.268768</Y>
        <Z>14.5886889</Z>
      </Vector3>
      <Vector3>
        <X>-2356.848</X>
        <Y>-274.670624</Y>
        <Z>14.5829716</Z>
      </Vector3>
    </Bounds>
    <CenterCamPosition>
      <X>0</X>
      <Y>0</Y>
    </CenterCamPosition>
    <ScreenBounds />
    <DistanceToCam>0</DistanceToCam>
    <Speed>5.54258251</Speed>
    <AccInput>0</AccInput>
    <RPM>1.35798967</RPM>
    <Gear>0</Gear>
    <SteeringAngle>5.853084E-41</SteeringAngle>
    <WheelSpeed>0</WheelSpeed>
    <CarType>Sports</CarType>
  </MyCar>
  <Peds />
  <Time>126699</Time>
  <LastFrameTime>0.04847584</LastFrameTime>
  <MyProperty>0</MyProperty>
  <Weather>Clear</Weather>
  <Steering>122</Steering>
  <Acc>181</Acc>
  <Brake>169</Brake>
  <DayTime>15:16:13</DayTime>
  <Position>
    <X>-2356.20776</X>
    <Y>-276.48114</Y>
    <Z>14.73135</Z>
  </Position>
  <Rotation>
    <X>0.419453</X>
    <Y>0.652863443</Y>
    <Z>51.4012527</Z>
  </Rotation>
</Screenshot>