<?xml version="1.0" encoding="utf-8"?>
<Screenshot xmlns:xsd="http://www.w3.org/2001/XMLSchema" xmlns:xsi="http://www.w3.org/2001/XMLSchema-instance">
  <Cars />
  <MyCar>
    <Position>
      <X>-2355.283</X>
      <Y>-277.222656</Y>
      <Z>13.8122139</Z>
    </Position>
    <Rotation>
      <X>0.9194256</X>
      <Y>0.152880847</Y>
      <Z>51.3964729</Z>
    </Rotation>
    <Handle>663810</Handle>
    <Bounds>
      <Vector3>
        <X>-2353.932</X>
        <Y>-279.610718</Y>
        <Z>13.0460424</Z>
      </Vector3>
      <Vector3>
        <X>-2352.65747</X>
        <Y>-278.014374</Y>
        <Z>13.0405922</Z>
      </Vector3>
      <Vector3>
        <X>-2357.929</X>
        <Y>-276.4192</Y>
        <Z>13.128129</Z>
      </Vector3>
      <Vector3>
        <X>-2353.91113</X>
        <Y>-279.622253</Y>
        <Z>14.5017471</Z>
      </Vector3>
      <Vector3>
        <X>-2356.65454</X>
        <Y>-274.822845</Y>
        <Z>13.1226788</Z>
      </Vector3>
      <Vector3>
        <X>-2352.63672</X>
        <Y>-278.0259</Y>
        <Z>14.4962969</Z>
      </Vector3>
      <Vector3>
        <X>-2357.90845</X>
        <Y>-276.430756</Y>
        <Z>14.5838337</Z>
      </Vector3>
      <Vector3>
        <X>-2356.63379</X>
        <Y>-274.834381</Y>
        <Z>14.5783834</Z>
      </Vector3>
    </Bounds>
    <CenterCamPosition>
      <X>0</X>
      <Y>0</Y>
    </CenterCamPosition>
    <ScreenBounds />
    <DistanceToCam>0</DistanceToCam>
    <Speed>5.51267338</Speed>
    <AccInput>0</AccInput>
    <RPM>1.35798967</RPM>
    <Gear>0</Gear>
    <SteeringAngle>5.853084E-41</SteeringAngle>
    <WheelSpeed>0</WheelSpeed>
    <CarType>Sports</CarType>
  </MyCar>
  <Peds />
  <Time>126651</Time>
  <LastFrameTime>0.0309902672</LastFrameTime>
  <MyProperty>0</MyProperty>
  <Weather>Clear</Weather>
  <Steering>122</Steering>
  <Acc>181</Acc>
  <Brake>169</Brake>
  <DayTime>15:16:13</DayTime>
  <Position>
    <X>-2356.07349</X>
    <Y>-276.586365</Y>
    <Z>14.7285662</Z>
  </Position>
  <Rotation>
    <X>0.40991652</X>
    <Y>0.651323</Y>
    <Z>51.3668556</Z>
  </Rotation>
</Screenshot>