<?xml version="1.0" encoding="utf-8"?>
<Screenshot xmlns:xsd="http://www.w3.org/2001/XMLSchema" xmlns:xsi="http://www.w3.org/2001/XMLSchema-instance">
  <Cars />
  <MyCar>
    <Position>
      <X>-2355.787</X>
      <Y>-276.828857</Y>
      <Z>13.8219986</Z>
    </Position>
    <Rotation>
      <X>0.9539965</X>
      <Y>0.165828049</Y>
      <Z>51.6371231</Z>
    </Rotation>
    <Handle>663810</Handle>
    <Bounds>
      <Vector3>
        <X>-2354.42651</X>
        <Y>-279.2111</Y>
        <Z>13.0545225</Z>
      </Vector3>
      <Vector3>
        <X>-2353.15869</X>
        <Y>-277.6094</Y>
        <Z>13.0486107</Z>
      </Vector3>
      <Vector3>
        <X>-2358.437</X>
        <Y>-276.036377</Y>
        <Z>13.1396952</Z>
      </Vector3>
      <Vector3>
        <X>-2354.405</X>
        <Y>-279.2228</Y>
        <Z>14.5102119</Z>
      </Vector3>
      <Vector3>
        <X>-2357.16919</X>
        <Y>-274.4347</Y>
        <Z>13.1337833</Z>
      </Vector3>
      <Vector3>
        <X>-2353.13721</X>
        <Y>-277.621124</Y>
        <Z>14.5043</Z>
      </Vector3>
      <Vector3>
        <X>-2358.41528</X>
        <Y>-276.048126</Y>
        <Z>14.5953846</Z>
      </Vector3>
      <Vector3>
        <X>-2357.14746</X>
        <Y>-274.446442</Y>
        <Z>14.5894728</Z>
      </Vector3>
    </Bounds>
    <CenterCamPosition>
      <X>0</X>
      <Y>0</Y>
    </CenterCamPosition>
    <ScreenBounds />
    <DistanceToCam>0</DistanceToCam>
    <Speed>5.583215</Speed>
    <AccInput>0</AccInput>
    <RPM>1.35798967</RPM>
    <Gear>0</Gear>
    <SteeringAngle>5.853084E-41</SteeringAngle>
    <WheelSpeed>0</WheelSpeed>
    <CarType>Sports</CarType>
  </MyCar>
  <Peds />
  <Time>126765</Time>
  <LastFrameTime>0.06666667</LastFrameTime>
  <MyProperty>0</MyProperty>
  <Weather>Clear</Weather>
  <Steering>122</Steering>
  <Acc>181</Acc>
  <Brake>169</Brake>
  <DayTime>15:16:13</DayTime>
  <Position>
    <X>-2356.41943</X>
    <Y>-276.316772</Y>
    <Z>14.7357368</Z>
  </Position>
  <Rotation>
    <X>0.433533758</X>
    <Y>0.6603392</Y>
    <Z>51.4825134</Z>
  </Rotation>
</Screenshot>