<?xml version="1.0" encoding="utf-8"?>
<Screenshot xmlns:xsd="http://www.w3.org/2001/XMLSchema" xmlns:xsi="http://www.w3.org/2001/XMLSchema-instance">
  <Cars />
  <MyCar>
    <Position>
      <X>-2356.08374</X>
      <Y>-276.60083</Y>
      <Z>13.8277235</Z>
    </Position>
    <Rotation>
      <X>0.973111749</X>
      <Y>0.171182066</Y>
      <Z>51.8461266</Z>
    </Rotation>
    <Handle>663810</Handle>
    <Bounds>
      <Vector3>
        <X>-2354.71484</X>
        <Y>-278.977966</Y>
        <Z>13.059494</Z>
      </Vector3>
      <Vector3>
        <X>-2353.453</X>
        <Y>-277.371674</Y>
        <Z>13.0533915</Z>
      </Vector3>
      <Vector3>
        <X>-2358.73657</X>
        <Y>-275.817932</Y>
        <Z>13.1463728</Z>
      </Vector3>
      <Vector3>
        <X>-2354.69263</X>
        <Y>-278.989838</Y>
        <Z>14.5151749</Z>
      </Vector3>
      <Vector3>
        <X>-2357.47461</X>
        <Y>-274.211639</Y>
        <Z>13.14027</Z>
      </Vector3>
      <Vector3>
        <X>-2353.43066</X>
        <Y>-277.383545</Y>
        <Z>14.5090723</Z>
      </Vector3>
      <Vector3>
        <X>-2358.7146</X>
        <Y>-275.8298</Y>
        <Z>14.6020536</Z>
      </Vector3>
      <Vector3>
        <X>-2357.45264</X>
        <Y>-274.22348</Y>
        <Z>14.5959511</Z>
      </Vector3>
    </Bounds>
    <CenterCamPosition>
      <X>0</X>
      <Y>0</Y>
    </CenterCamPosition>
    <ScreenBounds />
    <DistanceToCam>0</DistanceToCam>
    <Speed>5.62325335</Speed>
    <AccInput>0</AccInput>
    <RPM>1.35798967</RPM>
    <Gear>0</Gear>
    <SteeringAngle>5.853084E-41</SteeringAngle>
    <WheelSpeed>0</WheelSpeed>
    <CarType>Sports</CarType>
  </MyCar>
  <Peds />
  <Time>126831</Time>
  <LastFrameTime>0.06666667</LastFrameTime>
  <MyProperty>0</MyProperty>
  <Weather>Clear</Weather>
  <Steering>120</Steering>
  <Acc>181</Acc>
  <Brake>169</Brake>
  <DayTime>15:16:13</DayTime>
  <Position>
    <X>-2356.7146</X>
    <Y>-276.0914</Y>
    <Z>14.74185</Z>
  </Position>
  <Rotation>
    <X>0.4540272</X>
    <Y>0.6658072</Y>
    <Z>51.642395</Z>
  </Rotation>
</Screenshot>