<?xml version="1.0" encoding="utf-8"?>
<Screenshot xmlns:xsd="http://www.w3.org/2001/XMLSchema" xmlns:xsi="http://www.w3.org/2001/XMLSchema-instance">
  <Cars />
  <MyCar>
    <Position>
      <X>-2356.24072</X>
      <Y>-276.480957</Y>
      <Z>13.83073</Z>
    </Position>
    <Rotation>
      <X>0.98295027</X>
      <Y>0.174864978</Y>
      <Z>51.9699</Z>
    </Rotation>
    <Handle>663810</Handle>
    <Bounds>
      <Vector3>
        <X>-2354.8667</X>
        <Y>-278.8551</Y>
        <Z>13.06213</Z>
      </Vector3>
      <Vector3>
        <X>-2353.60815</X>
        <Y>-277.246063</Y>
        <Z>13.0558958</Z>
      </Vector3>
      <Vector3>
        <X>-2358.89551</X>
        <Y>-275.703766</Y>
        <Z>13.1498871</Z>
      </Vector3>
      <Vector3>
        <X>-2354.84424</X>
        <Y>-278.866974</Y>
        <Z>14.5178061</Z>
      </Vector3>
      <Vector3>
        <X>-2357.637</X>
        <Y>-274.094727</Y>
        <Z>13.1436529</Z>
      </Vector3>
      <Vector3>
        <X>-2353.586</X>
        <Y>-277.257965</Y>
        <Z>14.5115719</Z>
      </Vector3>
      <Vector3>
        <X>-2358.873</X>
        <Y>-275.715637</Y>
        <Z>14.6055632</Z>
      </Vector3>
      <Vector3>
        <X>-2357.6145</X>
        <Y>-274.106628</Y>
        <Z>14.599329</Z>
      </Vector3>
    </Bounds>
    <CenterCamPosition>
      <X>0</X>
      <Y>0</Y>
    </CenterCamPosition>
    <ScreenBounds />
    <DistanceToCam>0</DistanceToCam>
    <Speed>5.644223</Speed>
    <AccInput>0</AccInput>
    <RPM>1.35798967</RPM>
    <Gear>0</Gear>
    <SteeringAngle>5.853084E-41</SteeringAngle>
    <WheelSpeed>0</WheelSpeed>
    <CarType>Sports</CarType>
  </MyCar>
  <Peds />
  <Time>126866</Time>
  <LastFrameTime>0.0350549258</LastFrameTime>
  <MyProperty>0</MyProperty>
  <Weather>Clear</Weather>
  <Steering>120</Steering>
  <Acc>181</Acc>
  <Brake>169</Brake>
  <DayTime>15:16:13</DayTime>
  <Position>
    <X>-2357.01343</X>
    <Y>-275.866882</Y>
    <Z>14.74797</Z>
  </Position>
  <Rotation>
    <X>0.473144144</X>
    <Y>0.671159148</Y>
    <Z>51.85166</Z>
  </Rotation>
</Screenshot>