<?xml version="1.0" encoding="utf-8"?>
<Screenshot xmlns:xsd="http://www.w3.org/2001/XMLSchema" xmlns:xsi="http://www.w3.org/2001/XMLSchema-instance">
  <Cars />
  <MyCar>
    <Position>
      <X>-2356.40259</X>
      <Y>-276.3583</Y>
      <Z>13.83383</Z>
    </Position>
    <Rotation>
      <X>0.9924751</X>
      <Y>0.179033369</Y>
      <Z>52.1086578</Z>
    </Rotation>
    <Handle>663810</Handle>
    <Bounds>
      <Vector3>
        <X>-2355.023</X>
        <Y>-278.7291</Y>
        <Z>13.0648813</Z>
      </Vector3>
      <Vector3>
        <X>-2353.76831</X>
        <Y>-277.117</Y>
        <Z>13.0584984</Z>
      </Vector3>
      <Vector3>
        <X>-2359.05933</X>
        <Y>-275.5875</Y>
        <Z>13.1534882</Z>
      </Vector3>
      <Vector3>
        <X>-2355.00024</X>
        <Y>-278.740967</Y>
        <Z>14.5205526</Z>
      </Vector3>
      <Vector3>
        <X>-2357.80469</X>
        <Y>-273.975433</Y>
        <Z>13.1471052</Z>
      </Vector3>
      <Vector3>
        <X>-2353.74561</X>
        <Y>-277.1289</Y>
        <Z>14.51417</Z>
      </Vector3>
      <Vector3>
        <X>-2359.03662</X>
        <Y>-275.5994</Y>
        <Z>14.60916</Z>
      </Vector3>
      <Vector3>
        <X>-2357.782</X>
        <Y>-273.987335</Y>
        <Z>14.6027775</Z>
      </Vector3>
    </Bounds>
    <CenterCamPosition>
      <X>0</X>
      <Y>0</Y>
    </CenterCamPosition>
    <ScreenBounds />
    <DistanceToCam>0</DistanceToCam>
    <Speed>5.66558075</Speed>
    <AccInput>0</AccInput>
    <RPM>1.35798967</RPM>
    <Gear>0</Gear>
    <SteeringAngle>5.853084E-41</SteeringAngle>
    <WheelSpeed>0</WheelSpeed>
    <CarType>Sports</CarType>
  </MyCar>
  <Peds />
  <Time>126902</Time>
  <LastFrameTime>0.03589771</LastFrameTime>
  <MyProperty>0</MyProperty>
  <Weather>Clear</Weather>
  <Steering>119</Steering>
  <Acc>181</Acc>
  <Brake>169</Brake>
  <DayTime>15:16:13</DayTime>
  <Position>
    <X>-2357.17188</X>
    <Y>-275.749084</Y>
    <Z>14.75118</Z>
  </Position>
  <Rotation>
    <X>0.482983679</X>
    <Y>0.6748409</Y>
    <Z>51.9755821</Z>
  </Rotation>
</Screenshot>