<?xml version="1.0" encoding="utf-8"?>
<Screenshot xmlns:xsd="http://www.w3.org/2001/XMLSchema" xmlns:xsi="http://www.w3.org/2001/XMLSchema-instance">
  <Cars />
  <MyCar>
    <Position>
      <X>-2356.60669</X>
      <Y>-276.205017</Y>
      <Z>13.8377113</Z>
    </Position>
    <Rotation>
      <X>1.00402534</X>
      <Y>0.184364721</Y>
      <Z>52.30031</Z>
    </Rotation>
    <Handle>663810</Handle>
    <Bounds>
      <Vector3>
        <X>-2355.21924</X>
        <Y>-278.571136</Y>
        <Z>13.0683451</Z>
      </Vector3>
      <Vector3>
        <X>-2353.97021</X>
        <Y>-276.954865</Y>
        <Z>13.0617714</Z>
      </Vector3>
      <Vector3>
        <X>-2359.266</X>
        <Y>-275.443085</Y>
        <Z>13.1579828</Z>
      </Vector3>
      <Vector3>
        <X>-2355.19629</X>
        <Y>-278.583</Y>
        <Z>14.5240107</Z>
      </Vector3>
      <Vector3>
        <X>-2358.01685</X>
        <Y>-273.8268</Y>
        <Z>13.15141</Z>
      </Vector3>
      <Vector3>
        <X>-2353.947</X>
        <Y>-276.966766</Y>
        <Z>14.5174379</Z>
      </Vector3>
      <Vector3>
        <X>-2359.24316</X>
        <Y>-275.454956</Y>
        <Z>14.6136494</Z>
      </Vector3>
      <Vector3>
        <X>-2357.994</X>
        <Y>-273.8387</Y>
        <Z>14.6070766</Z>
      </Vector3>
    </Bounds>
    <CenterCamPosition>
      <X>0</X>
      <Y>0</Y>
    </CenterCamPosition>
    <ScreenBounds />
    <DistanceToCam>0</DistanceToCam>
    <Speed>5.692179</Speed>
    <AccInput>0</AccInput>
    <RPM>1.35798967</RPM>
    <Gear>0</Gear>
    <SteeringAngle>5.853084E-41</SteeringAngle>
    <WheelSpeed>0</WheelSpeed>
    <CarType>Sports</CarType>
  </MyCar>
  <Peds />
  <Time>126947</Time>
  <LastFrameTime>0.0449197665</LastFrameTime>
  <MyProperty>0</MyProperty>
  <Weather>Clear</Weather>
  <Steering>119</Steering>
  <Acc>181</Acc>
  <Brake>169</Brake>
  <DayTime>15:16:13</DayTime>
  <Position>
    <X>-2357.33545</X>
    <Y>-275.628723</Y>
    <Z>14.7544756</Z>
  </Position>
  <Rotation>
    <X>0.492509663</X>
    <Y>0.679008245</Y>
    <Z>52.11449</Z>
  </Rotation>
</Screenshot>