<?xml version="1.0" encoding="utf-8"?>
<Screenshot xmlns:xsd="http://www.w3.org/2001/XMLSchema" xmlns:xsi="http://www.w3.org/2001/XMLSchema-instance">
  <Cars />
  <MyCar>
    <Position>
      <X>-2356.7666</X>
      <Y>-276.086029</Y>
      <Z>13.8407555</Z>
    </Position>
    <Rotation>
      <X>1.01339936</X>
      <Y>0.187916592</Y>
      <Z>52.4599</Z>
    </Rotation>
    <Handle>663810</Handle>
    <Bounds>
      <Vector3>
        <X>-2355.3728</X>
        <Y>-278.4482</Y>
        <Z>13.0710363</Z>
      </Vector3>
      <Vector3>
        <X>-2354.12817</X>
        <Y>-276.8285</Y>
        <Z>13.0643358</Z>
      </Vector3>
      <Vector3>
        <X>-2359.42822</X>
        <Y>-275.331451</Y>
        <Z>13.1615114</Z>
      </Vector3>
      <Vector3>
        <X>-2355.34937</X>
        <Y>-278.460144</Y>
        <Z>14.5266981</Z>
      </Vector3>
      <Vector3>
        <X>-2358.18359</X>
        <Y>-273.711731</Y>
        <Z>13.1548119</Z>
      </Vector3>
      <Vector3>
        <X>-2354.10474</X>
        <Y>-276.8404</Y>
        <Z>14.5199976</Z>
      </Vector3>
      <Vector3>
        <X>-2359.405</X>
        <Y>-275.343353</Y>
        <Z>14.6171732</Z>
      </Vector3>
      <Vector3>
        <X>-2358.16016</X>
        <Y>-273.723633</Y>
        <Z>14.6104736</Z>
      </Vector3>
    </Bounds>
    <CenterCamPosition>
      <X>0</X>
      <Y>0</Y>
    </CenterCamPosition>
    <ScreenBounds />
    <DistanceToCam>0</DistanceToCam>
    <Speed>5.712802</Speed>
    <AccInput>0</AccInput>
    <RPM>1.35798967</RPM>
    <Gear>0</Gear>
    <SteeringAngle>5.853084E-41</SteeringAngle>
    <WheelSpeed>0</WheelSpeed>
    <CarType>Sports</CarType>
  </MyCar>
  <Peds />
  <Time>126982</Time>
  <LastFrameTime>0.03491684</LastFrameTime>
  <MyProperty>0</MyProperty>
  <Weather>Clear</Weather>
  <Steering>119</Steering>
  <Acc>181</Acc>
  <Brake>169</Brake>
  <DayTime>15:16:13</DayTime>
  <Position>
    <X>-2357.54175</X>
    <Y>-275.4786</Y>
    <Z>14.7585955</Z>
  </Position>
  <Rotation>
    <X>0.504061341</X>
    <Y>0.684338331</Y>
    <Z>52.306324</Z>
  </Rotation>
</Screenshot>