<?xml version="1.0" encoding="utf-8"?>
<Screenshot xmlns:xsd="http://www.w3.org/2001/XMLSchema" xmlns:xsi="http://www.w3.org/2001/XMLSchema-instance">
  <Cars />
  <MyCar>
    <Position>
      <X>-2357.07861</X>
      <Y>-275.856</Y>
      <Z>13.8467293</Z>
    </Position>
    <Rotation>
      <X>1.0240556</X>
      <Y>0.190471634</Y>
      <Z>52.7922821</Z>
    </Rotation>
    <Handle>663810</Handle>
    <Bounds>
      <Vector3>
        <X>-2355.67114</X>
        <Y>-278.21</Y>
        <Z>13.076582</Z>
      </Vector3>
      <Vector3>
        <X>-2354.436</X>
        <Y>-276.5831</Y>
        <Z>13.0697918</Z>
      </Vector3>
      <Vector3>
        <X>-2359.74463</X>
        <Y>-275.116821</Y>
        <Z>13.1680088</Z>
      </Vector3>
      <Vector3>
        <X>-2355.64771</X>
        <Y>-278.2219</Y>
        <Z>14.532239</Z>
      </Vector3>
      <Vector3>
        <X>-2358.50952</X>
        <Y>-273.4899</Y>
        <Z>13.1612177</Z>
      </Vector3>
      <Vector3>
        <X>-2354.41235</X>
        <Y>-276.594971</Y>
        <Z>14.5254478</Z>
      </Vector3>
      <Vector3>
        <X>-2359.72119</X>
        <Y>-275.1287</Y>
        <Z>14.6236658</Z>
      </Vector3>
      <Vector3>
        <X>-2358.48584</X>
        <Y>-273.50177</Y>
        <Z>14.6168747</Z>
      </Vector3>
    </Bounds>
    <CenterCamPosition>
      <X>0</X>
      <Y>0</Y>
    </CenterCamPosition>
    <ScreenBounds />
    <DistanceToCam>0</DistanceToCam>
    <Speed>5.75194263</Speed>
    <AccInput>0</AccInput>
    <RPM>1.35798967</RPM>
    <Gear>0</Gear>
    <SteeringAngle>5.853084E-41</SteeringAngle>
    <WheelSpeed>0</WheelSpeed>
    <CarType>Sports</CarType>
  </MyCar>
  <Peds />
  <Time>127050</Time>
  <LastFrameTime>0.0203595981</LastFrameTime>
  <MyProperty>0</MyProperty>
  <Weather>Clear</Weather>
  <Steering>119</Steering>
  <Acc>180</Acc>
  <Brake>169</Brake>
  <DayTime>15:16:13</DayTime>
  <Position>
    <X>-2357.924</X>
    <Y>-275.2053</Y>
    <Z>14.7661457</Z>
  </Position>
  <Rotation>
    <X>0.523194969</X>
    <Y>0.6883929</Y>
    <Z>52.69634</Z>
  </Rotation>
</Screenshot>