<?xml version="1.0" encoding="utf-8"?>
<Screenshot xmlns:xsd="http://www.w3.org/2001/XMLSchema" xmlns:xsi="http://www.w3.org/2001/XMLSchema-instance">
  <Cars />
  <MyCar>
    <Position>
      <X>-2356.98438</X>
      <Y>-275.9252</Y>
      <Z>13.8448668</Z>
    </Position>
    <Rotation>
      <X>1.02315724</X>
      <Y>0.188421637</Y>
      <Z>52.690052</Z>
    </Rotation>
    <Handle>663810</Handle>
    <Bounds>
      <Vector3>
        <X>-2355.5813</X>
        <Y>-278.2817</Y>
        <Z>13.0747232</Z>
      </Vector3>
      <Vector3>
        <X>-2354.343</X>
        <Y>-276.656982</Y>
        <Z>13.0680056</Z>
      </Vector3>
      <Vector3>
        <X>-2359.64917</X>
        <Y>-275.181274</Y>
        <Z>13.166069</Z>
      </Vector3>
      <Vector3>
        <X>-2355.55762</X>
        <Y>-278.293671</Y>
        <Z>14.53038</Z>
      </Vector3>
      <Vector3>
        <X>-2358.411</X>
        <Y>-273.556549</Y>
        <Z>13.1593513</Z>
      </Vector3>
      <Vector3>
        <X>-2354.31958</X>
        <Y>-276.668945</Y>
        <Z>14.5236626</Z>
      </Vector3>
      <Vector3>
        <X>-2359.62549</X>
        <Y>-275.1932</Y>
        <Z>14.621726</Z>
      </Vector3>
      <Vector3>
        <X>-2358.38745</X>
        <Y>-273.5685</Y>
        <Z>14.6150093</Z>
      </Vector3>
    </Bounds>
    <CenterCamPosition>
      <X>0</X>
      <Y>0</Y>
    </CenterCamPosition>
    <ScreenBounds />
    <DistanceToCam>0</DistanceToCam>
    <Speed>5.74040174</Speed>
    <AccInput>0</AccInput>
    <RPM>1.35798967</RPM>
    <Gear>0</Gear>
    <SteeringAngle>5.853084E-41</SteeringAngle>
    <WheelSpeed>0</WheelSpeed>
    <CarType>Sports</CarType>
  </MyCar>
  <Peds />
  <Time>127029</Time>
  <LastFrameTime>0.0472454876</LastFrameTime>
  <MyProperty>0</MyProperty>
  <Weather>Clear</Weather>
  <Steering>119</Steering>
  <Acc>180</Acc>
  <Brake>169</Brake>
  <DayTime>15:16:13</DayTime>
  <Position>
    <X>-2357.70361</X>
    <Y>-275.362274</Y>
    <Z>14.7618332</Z>
  </Position>
  <Rotation>
    <X>0.5134363</X>
    <Y>0.687888861</Y>
    <Z>52.46606</Z>
  </Rotation>
</Screenshot>