<?xml version="1.0" encoding="utf-8"?>
<Screenshot xmlns:xsd="http://www.w3.org/2001/XMLSchema" xmlns:xsi="http://www.w3.org/2001/XMLSchema-instance">
  <Cars />
  <MyCar>
    <Position>
      <X>-2357.30029</X>
      <Y>-275.6948</Y>
      <Z>13.8511992</Z>
    </Position>
    <Rotation>
      <X>1.02121353</X>
      <Y>0.1912496</Y>
      <Z>53.0395241</Z>
    </Rotation>
    <Handle>663810</Handle>
    <Bounds>
      <Vector3>
        <X>-2355.88281</X>
        <Y>-278.042755</Y>
        <Z>13.081192</Z>
      </Vector3>
      <Vector3>
        <X>-2354.65454</X>
        <Y>-276.410522</Y>
        <Z>13.0743732</Z>
      </Vector3>
      <Vector3>
        <X>-2359.96948</X>
        <Y>-274.967163</Y>
        <Z>13.1723652</Z>
      </Vector3>
      <Vector3>
        <X>-2355.85913</X>
        <Y>-278.054474</Y>
        <Z>14.53685</Z>
      </Vector3>
      <Vector3>
        <X>-2358.74146</X>
        <Y>-273.33493</Y>
        <Z>13.1655464</Z>
      </Vector3>
      <Vector3>
        <X>-2354.63086</X>
        <Y>-276.422241</Y>
        <Z>14.5300312</Z>
      </Vector3>
      <Vector3>
        <X>-2359.9458</X>
        <Y>-274.978882</Y>
        <Z>14.6280231</Z>
      </Vector3>
      <Vector3>
        <X>-2358.71777</X>
        <Y>-273.346649</Y>
        <Z>14.6212044</Z>
      </Vector3>
    </Bounds>
    <CenterCamPosition>
      <X>0</X>
      <Y>0</Y>
    </CenterCamPosition>
    <ScreenBounds />
    <DistanceToCam>0</DistanceToCam>
    <Speed>5.77857876</Speed>
    <AccInput>0</AccInput>
    <RPM>1.35798967</RPM>
    <Gear>0</Gear>
    <SteeringAngle>5.853084E-41</SteeringAngle>
    <WheelSpeed>0</WheelSpeed>
    <CarType>Sports</CarType>
  </MyCar>
  <Peds />
  <Time>127097</Time>
  <LastFrameTime>0.0474847332</LastFrameTime>
  <MyProperty>0</MyProperty>
  <Weather>Clear</Weather>
  <Steering>119</Steering>
  <Acc>180</Acc>
  <Brake>169</Brake>
  <DayTime>15:16:13</DayTime>
  <Position>
    <X>-2358.01953</X>
    <Y>-275.137756</Y>
    <Z>14.7680273</Z>
  </Position>
  <Rotation>
    <X>0.5240936</X>
    <Y>0.6904427</Y>
    <Z>52.7985954</Z>
  </Rotation>
</Screenshot>