<?xml version="1.0" encoding="utf-8"?>
<Screenshot xmlns:xsd="http://www.w3.org/2001/XMLSchema" xmlns:xsi="http://www.w3.org/2001/XMLSchema-instance">
  <Cars />
  <MyCar>
    <Position>
      <X>-2357.38818</X>
      <Y>-275.6311</Y>
      <Z>13.8529711</Z>
    </Position>
    <Rotation>
      <X>1.01993954</X>
      <Y>0.1908458</Y>
      <Z>53.1390572</Z>
    </Rotation>
    <Handle>663810</Handle>
    <Bounds>
      <Vector3>
        <X>-2355.96655</X>
        <Y>-277.9766</Y>
        <Z>13.0830135</Z>
      </Vector3>
      <Vector3>
        <X>-2354.74121</X>
        <Y>-276.342224</Y>
        <Z>13.0762091</Z>
      </Vector3>
      <Vector3>
        <X>-2360.05859</X>
        <Y>-274.9081</Y>
        <Z>13.1740723</Z>
      </Vector3>
      <Vector3>
        <X>-2355.94287</X>
        <Y>-277.988251</Y>
        <Z>14.5386724</Z>
      </Vector3>
      <Vector3>
        <X>-2358.83325</X>
        <Y>-273.273743</Y>
        <Z>13.1672688</Z>
      </Vector3>
      <Vector3>
        <X>-2354.71753</X>
        <Y>-276.353882</Y>
        <Z>14.531868</Z>
      </Vector3>
      <Vector3>
        <X>-2360.03516</X>
        <Y>-274.919769</Y>
        <Z>14.6297312</Z>
      </Vector3>
      <Vector3>
        <X>-2358.80957</X>
        <Y>-273.285431</Y>
        <Z>14.6229267</Z>
      </Vector3>
    </Bounds>
    <CenterCamPosition>
      <X>0</X>
      <Y>0</Y>
    </CenterCamPosition>
    <ScreenBounds />
    <DistanceToCam>0</DistanceToCam>
    <Speed>5.789029</Speed>
    <AccInput>0</AccInput>
    <RPM>1.35798967</RPM>
    <Gear>0</Gear>
    <SteeringAngle>5.853084E-41</SteeringAngle>
    <WheelSpeed>0</WheelSpeed>
    <CarType>Sports</CarType>
  </MyCar>
  <Peds />
  <Time>127116</Time>
  <LastFrameTime>0.0187860522</LastFrameTime>
  <MyProperty>0</MyProperty>
  <Weather>Clear</Weather>
  <Steering>119</Steering>
  <Acc>180</Acc>
  <Brake>169</Brake>
  <DayTime>15:16:13</DayTime>
  <Position>
    <X>-2358.24438</X>
    <Y>-274.9806</Y>
    <Z>14.772438</Z>
  </Position>
  <Rotation>
    <X>0.5212515</X>
    <Y>0.691221</Y>
    <Z>53.0458031</Z>
  </Rotation>
</Screenshot>