<?xml version="1.0" encoding="utf-8"?>
<Screenshot xmlns:xsd="http://www.w3.org/2001/XMLSchema" xmlns:xsi="http://www.w3.org/2001/XMLSchema-instance">
  <Cars />
  <MyCar>
    <Position>
      <X>-2357.61279</X>
      <Y>-275.4699</Y>
      <Z>13.8574581</Z>
    </Position>
    <Rotation>
      <X>1.01715779</X>
      <Y>0.188560039</Y>
      <Z>53.396904</Z>
    </Rotation>
    <Handle>663810</Handle>
    <Bounds>
      <Vector3>
        <X>-2356.18066</X>
        <Y>-277.80896</Y>
        <Z>13.0875835</Z>
      </Vector3>
      <Vector3>
        <X>-2354.96265</X>
        <Y>-276.169128</Y>
        <Z>13.08086</Z>
      </Vector3>
      <Vector3>
        <X>-2360.28638</X>
        <Y>-274.758942</Y>
        <Z>13.1783943</Z>
      </Vector3>
      <Vector3>
        <X>-2356.157</X>
        <Y>-277.820526</Y>
        <Z>14.5432434</Z>
      </Vector3>
      <Vector3>
        <X>-2359.06836</X>
        <Y>-273.11908</Y>
        <Z>13.1716709</Z>
      </Vector3>
      <Vector3>
        <X>-2354.939</X>
        <Y>-276.180664</Y>
        <Z>14.536521</Z>
      </Vector3>
      <Vector3>
        <X>-2360.263</X>
        <Y>-274.7705</Y>
        <Z>14.6340542</Z>
      </Vector3>
      <Vector3>
        <X>-2359.045</X>
        <Y>-273.130646</Y>
        <Z>14.6273317</Z>
      </Vector3>
    </Bounds>
    <CenterCamPosition>
      <X>0</X>
      <Y>0</Y>
    </CenterCamPosition>
    <ScreenBounds />
    <DistanceToCam>0</DistanceToCam>
    <Speed>5.81529951</Speed>
    <AccInput>0</AccInput>
    <RPM>1.35798967</RPM>
    <Gear>0</Gear>
    <SteeringAngle>5.853084E-41</SteeringAngle>
    <WheelSpeed>0</WheelSpeed>
    <CarType>Sports</CarType>
  </MyCar>
  <Peds />
  <Time>127163</Time>
  <LastFrameTime>0.0476073027</LastFrameTime>
  <MyProperty>0</MyProperty>
  <Weather>Clear</Weather>
  <Steering>119</Steering>
  <Acc>180</Acc>
  <Brake>169</Brake>
  <DayTime>15:16:13</DayTime>
  <Position>
    <X>-2358.3335</X>
    <Y>-274.918518</Y>
    <Z>14.7741842</Z>
  </Position>
  <Rotation>
    <X>0.519977331</X>
    <Y>0.690817356</Y>
    <Z>53.1453247</Z>
  </Rotation>
</Screenshot>