<?xml version="1.0" encoding="utf-8"?>
<Screenshot xmlns:xsd="http://www.w3.org/2001/XMLSchema" xmlns:xsi="http://www.w3.org/2001/XMLSchema-instance">
  <Cars />
  <MyCar>
    <Position>
      <X>-2357.705</X>
      <Y>-275.4041</Y>
      <Z>13.8593016</Z>
    </Position>
    <Rotation>
      <X>1.015783</X>
      <Y>0.187544912</Y>
      <Z>53.5030556</Z>
    </Rotation>
    <Handle>663810</Handle>
    <Bounds>
      <Vector3>
        <X>-2356.26855</X>
        <Y>-277.7405</Y>
        <Z>13.08947</Z>
      </Vector3>
      <Vector3>
        <X>-2355.05347</X>
        <Y>-276.098419</Y>
        <Z>13.0827827</Z>
      </Vector3>
      <Vector3>
        <X>-2360.38013</X>
        <Y>-274.6981</Y>
        <Z>13.1801577</Z>
      </Vector3>
      <Vector3>
        <X>-2356.24487</X>
        <Y>-277.752045</Y>
        <Z>14.54513</Z>
      </Vector3>
      <Vector3>
        <X>-2359.165</X>
        <Y>-273.056</Y>
        <Z>13.1734715</Z>
      </Vector3>
      <Vector3>
        <X>-2355.03</X>
        <Y>-276.109924</Y>
        <Z>14.5384436</Z>
      </Vector3>
      <Vector3>
        <X>-2360.35645</X>
        <Y>-274.709625</Y>
        <Z>14.6358185</Z>
      </Vector3>
      <Vector3>
        <X>-2359.1416</X>
        <Y>-273.0675</Y>
        <Z>14.6291323</Z>
      </Vector3>
    </Bounds>
    <CenterCamPosition>
      <X>0</X>
      <Y>0</Y>
    </CenterCamPosition>
    <ScreenBounds />
    <DistanceToCam>0</DistanceToCam>
    <Speed>5.82598734</Speed>
    <AccInput>0</AccInput>
    <RPM>1.35798967</RPM>
    <Gear>0</Gear>
    <SteeringAngle>5.853084E-41</SteeringAngle>
    <WheelSpeed>0</WheelSpeed>
    <CarType>Sports</CarType>
  </MyCar>
  <Peds />
  <Time>127183</Time>
  <LastFrameTime>0.0194528922</LastFrameTime>
  <MyProperty>0</MyProperty>
  <Weather>Clear</Weather>
  <Steering>120</Steering>
  <Acc>180</Acc>
  <Brake>169</Brake>
  <DayTime>15:16:13</DayTime>
  <Position>
    <X>-2358.56128</X>
    <Y>-274.7616</Y>
    <Z>14.7786131</Z>
  </Position>
  <Rotation>
    <X>0.517195</X>
    <Y>0.6885319</Y>
    <Z>53.40311</Z>
  </Rotation>
</Screenshot>