<?xml version="1.0" encoding="utf-8"?>
<Screenshot xmlns:xsd="http://www.w3.org/2001/XMLSchema" xmlns:xsi="http://www.w3.org/2001/XMLSchema-instance">
  <Cars />
  <MyCar>
    <Position>
      <X>-2357.926</X>
      <Y>-275.246948</Y>
      <Z>13.8637276</Z>
    </Position>
    <Rotation>
      <X>1.0123564</X>
      <Y>0.1787622</Y>
      <Z>53.74074</Z>
    </Rotation>
    <Handle>663810</Handle>
    <Bounds>
      <Vector3>
        <X>-2356.47974</X>
        <Y>-277.5773</Y>
        <Z>13.0938911</Z>
      </Vector3>
      <Vector3>
        <X>-2355.27148</X>
        <Y>-275.930176</Y>
        <Z>13.0875177</Z>
      </Vector3>
      <Vector3>
        <X>-2360.60376</X>
        <Y>-274.551971</Y>
        <Z>13.1842728</Z>
      </Vector3>
      <Vector3>
        <X>-2356.4563</X>
        <Y>-277.588867</Y>
        <Z>14.5495539</Z>
      </Vector3>
      <Vector3>
        <X>-2359.39575</X>
        <Y>-272.904846</Y>
        <Z>13.1778994</Z>
      </Vector3>
      <Vector3>
        <X>-2355.248</X>
        <Y>-275.9417</Y>
        <Z>14.54318</Z>
      </Vector3>
      <Vector3>
        <X>-2360.58032</X>
        <Y>-274.563538</Y>
        <Z>14.6399355</Z>
      </Vector3>
      <Vector3>
        <X>-2359.37231</X>
        <Y>-272.916382</Y>
        <Z>14.633563</Z>
      </Vector3>
    </Bounds>
    <CenterCamPosition>
      <X>0</X>
      <Y>0</Y>
    </CenterCamPosition>
    <ScreenBounds />
    <DistanceToCam>0</DistanceToCam>
    <Speed>5.85185862</Speed>
    <AccInput>0</AccInput>
    <RPM>1.35798967</RPM>
    <Gear>0</Gear>
    <SteeringAngle>5.853084E-41</SteeringAngle>
    <WheelSpeed>0</WheelSpeed>
    <CarType>Sports</CarType>
  </MyCar>
  <Peds />
  <Time>127229</Time>
  <LastFrameTime>0.0464117043</LastFrameTime>
  <MyProperty>0</MyProperty>
  <Weather>Clear</Weather>
  <Steering>124</Steering>
  <Acc>180</Acc>
  <Brake>169</Brake>
  <DayTime>15:16:13</DayTime>
  <Position>
    <X>-2358.655</X>
    <Y>-274.697571</Y>
    <Z>14.7804289</Z>
  </Position>
  <Rotation>
    <X>0.515820146</X>
    <Y>0.6875171</Y>
    <Z>53.50924</Z>
  </Rotation>
</Screenshot>