<?xml version="1.0" encoding="utf-8"?>
<Screenshot xmlns:xsd="http://www.w3.org/2001/XMLSchema" xmlns:xsi="http://www.w3.org/2001/XMLSchema-instance">
  <Cars />
  <MyCar>
    <Position>
      <X>-2358.24683</X>
      <Y>-275.0191</Y>
      <Z>13.8701458</Z>
    </Position>
    <Rotation>
      <X>1.00304878</X>
      <Y>0.159636408</Y>
      <Z>54.02512</Z>
    </Rotation>
    <Handle>663810</Handle>
    <Bounds>
      <Vector3>
        <X>-2356.78857</X>
        <Y>-277.342133</Y>
        <Z>13.1003809</Z>
      </Vector3>
      <Vector3>
        <X>-2355.58862</X>
        <Y>-275.689</Y>
        <Z>13.0946894</Z>
      </Vector3>
      <Vector3>
        <X>-2360.92773</X>
        <Y>-274.3373</Y>
        <Z>13.1899319</Z>
      </Vector3>
      <Vector3>
        <X>-2356.76563</X>
        <Y>-277.353821</Y>
        <Z>14.5560493</Z>
      </Vector3>
      <Vector3>
        <X>-2359.72778</X>
        <Y>-272.6842</Y>
        <Z>13.18424</Z>
      </Vector3>
      <Vector3>
        <X>-2355.56567</X>
        <Y>-275.700684</Y>
        <Z>14.5503578</Z>
      </Vector3>
      <Vector3>
        <X>-2360.90479</X>
        <Y>-274.349</Y>
        <Z>14.6456</Z>
      </Vector3>
      <Vector3>
        <X>-2359.70483</X>
        <Y>-272.6959</Y>
        <Z>14.6399088</Z>
      </Vector3>
    </Bounds>
    <CenterCamPosition>
      <X>0</X>
      <Y>0</Y>
    </CenterCamPosition>
    <ScreenBounds />
    <DistanceToCam>0</DistanceToCam>
    <Speed>5.88905048</Speed>
    <AccInput>0</AccInput>
    <RPM>1.35798967</RPM>
    <Gear>0</Gear>
    <SteeringAngle>5.853084E-41</SteeringAngle>
    <WheelSpeed>0</WheelSpeed>
    <CarType>Sports</CarType>
  </MyCar>
  <Peds />
  <Time>127296</Time>
  <LastFrameTime>0.04742236</LastFrameTime>
  <MyProperty>0</MyProperty>
  <Weather>Clear</Weather>
  <Steering>127</Steering>
  <Acc>180</Acc>
  <Brake>169</Brake>
  <DayTime>15:16:13</DayTime>
  <Position>
    <X>-2358.97363</X>
    <Y>-274.4797</Y>
    <Z>14.7866154</Z>
  </Position>
  <Rotation>
    <X>0.510998666</X>
    <Y>0.6759223</Y>
    <Z>53.8410339</Z>
  </Rotation>
</Screenshot>