<?xml version="1.0" encoding="utf-8"?>
<Screenshot xmlns:xsd="http://www.w3.org/2001/XMLSchema" xmlns:xsi="http://www.w3.org/2001/XMLSchema-instance">
  <Cars />
  <MyCar>
    <Position>
      <X>-2358.01953</X>
      <Y>-275.180634</Y>
      <Z>13.8655872</Z>
    </Position>
    <Rotation>
      <X>1.01096308</X>
      <Y>0.175949141</Y>
      <Z>53.8350067</Z>
    </Rotation>
    <Handle>663810</Handle>
    <Bounds>
      <Vector3>
        <X>-2356.56934</X>
        <Y>-277.508575</Y>
        <Z>13.0957623</Z>
      </Vector3>
      <Vector3>
        <X>-2355.36377</X>
        <Y>-275.859467</Y>
        <Z>13.089489</Z>
      </Vector3>
      <Vector3>
        <X>-2360.69849</X>
        <Y>-274.490051</Y>
        <Z>13.18602</Z>
      </Vector3>
      <Vector3>
        <X>-2356.546</X>
        <Y>-277.520142</Y>
        <Z>14.5514259</Z>
      </Vector3>
      <Vector3>
        <X>-2359.493</X>
        <Y>-272.840942</Y>
        <Z>13.1797466</Z>
      </Vector3>
      <Vector3>
        <X>-2355.34058</X>
        <Y>-275.871</Y>
        <Z>14.5451527</Z>
      </Vector3>
      <Vector3>
        <X>-2360.675</X>
        <Y>-274.501617</Y>
        <Z>14.6416836</Z>
      </Vector3>
      <Vector3>
        <X>-2359.46973</X>
        <Y>-272.852478</Y>
        <Z>14.63541</Z>
      </Vector3>
    </Bounds>
    <CenterCamPosition>
      <X>0</X>
      <Y>0</Y>
    </CenterCamPosition>
    <ScreenBounds />
    <DistanceToCam>0</DistanceToCam>
    <Speed>5.862743</Speed>
    <AccInput>0</AccInput>
    <RPM>1.35798967</RPM>
    <Gear>0</Gear>
    <SteeringAngle>5.853084E-41</SteeringAngle>
    <WheelSpeed>0</WheelSpeed>
    <CarType>Sports</CarType>
  </MyCar>
  <Peds />
  <Time>127249</Time>
  <LastFrameTime>0.0195583962</LastFrameTime>
  <MyProperty>0</MyProperty>
  <Weather>Clear</Weather>
  <Steering>127</Steering>
  <Acc>180</Acc>
  <Brake>169</Brake>
  <DayTime>15:16:13</DayTime>
  <Position>
    <X>-2358.879</X>
    <Y>-274.544434</Y>
    <Z>14.7847843</Z>
  </Position>
  <Rotation>
    <X>0.512392342</X>
    <Y>0.6787349</Y>
    <Z>53.74681</Z>
  </Rotation>
</Screenshot>