<?xml version="1.0" encoding="utf-8"?>
<Screenshot xmlns:xsd="http://www.w3.org/2001/XMLSchema" xmlns:xsi="http://www.w3.org/2001/XMLSchema-instance">
  <Cars />
  <MyCar>
    <Position>
      <X>-2358.57129</X>
      <Y>-274.788116</Y>
      <Z>13.8766508</Z>
    </Position>
    <Rotation>
      <X>0.9948627</X>
      <Y>0.140786171</Y>
      <Z>54.2227974</Z>
    </Rotation>
    <Handle>663810</Handle>
    <Bounds>
      <Vector3>
        <X>-2357.105</X>
        <Y>-277.105957</Y>
        <Z>13.1069126</Z>
      </Vector3>
      <Vector3>
        <X>-2355.91064</X>
        <Y>-275.4487</Y>
        <Z>13.1018934</Z>
      </Vector3>
      <Vector3>
        <X>-2361.25439</X>
        <Y>-274.115448</Y>
        <Z>13.1957331</Z>
      </Vector3>
      <Vector3>
        <X>-2357.08228</X>
        <Y>-277.117828</Y>
        <Z>14.5625858</Z>
      </Vector3>
      <Vector3>
        <X>-2360.06</X>
        <Y>-272.458221</Y>
        <Z>13.1907139</Z>
      </Vector3>
      <Vector3>
        <X>-2355.888</X>
        <Y>-275.460571</Y>
        <Z>14.5575666</Z>
      </Vector3>
      <Vector3>
        <X>-2361.23169</X>
        <Y>-274.12735</Y>
        <Z>14.6514072</Z>
      </Vector3>
      <Vector3>
        <X>-2360.0376</X>
        <Y>-272.4701</Y>
        <Z>14.6463871</Z>
      </Vector3>
    </Bounds>
    <CenterCamPosition>
      <X>0</X>
      <Y>0</Y>
    </CenterCamPosition>
    <ScreenBounds />
    <DistanceToCam>0</DistanceToCam>
    <Speed>5.92592049</Speed>
    <AccInput>0</AccInput>
    <RPM>1.35798967</RPM>
    <Gear>0</Gear>
    <SteeringAngle>5.853084E-41</SteeringAngle>
    <WheelSpeed>0</WheelSpeed>
    <CarType>Sports</CarType>
  </MyCar>
  <Peds />
  <Time>127364</Time>
  <LastFrameTime>0.04798556</LastFrameTime>
  <MyProperty>0</MyProperty>
  <Weather>Clear</Weather>
  <Steering>127</Steering>
  <Acc>180</Acc>
  <Brake>169</Brake>
  <DayTime>15:16:13</DayTime>
  <Position>
    <X>-2359.29761</X>
    <Y>-274.256348</Y>
    <Z>14.7928562</Z>
  </Position>
  <Rotation>
    <X>0.501301348</X>
    <Y>0.6550661</Y>
    <Z>54.0989265</Z>
  </Rotation>
</Screenshot>