<?xml version="1.0" encoding="utf-8"?>
<Screenshot xmlns:xsd="http://www.w3.org/2001/XMLSchema" xmlns:xsi="http://www.w3.org/2001/XMLSchema-instance">
  <Cars />
  <MyCar>
    <Position>
      <X>-2358.67358</X>
      <Y>-274.715271</Y>
      <Z>13.8787022</Z>
    </Position>
    <Rotation>
      <X>0.993585348</X>
      <Y>0.136498123</Y>
      <Z>54.2700157</Z>
    </Rotation>
    <Handle>663810</Handle>
    <Bounds>
      <Vector3>
        <X>-2357.20532</X>
        <Y>-277.03186</Y>
        <Z>13.1089439</Z>
      </Vector3>
      <Vector3>
        <X>-2356.01245</X>
        <Y>-275.373627</Y>
        <Z>13.1040773</Z>
      </Vector3>
      <Vector3>
        <X>-2361.35718</X>
        <Y>-274.0448</Y>
        <Z>13.1976509</Z>
      </Vector3>
      <Vector3>
        <X>-2357.18262</X>
        <Y>-277.0438</Y>
        <Z>14.5646181</Z>
      </Vector3>
      <Vector3>
        <X>-2360.16431</X>
        <Y>-272.386566</Y>
        <Z>13.1927843</Z>
      </Vector3>
      <Vector3>
        <X>-2355.98975</X>
        <Y>-275.385559</Y>
        <Z>14.5597515</Z>
      </Vector3>
      <Vector3>
        <X>-2361.33472</X>
        <Y>-274.056732</Y>
        <Z>14.6533251</Z>
      </Vector3>
      <Vector3>
        <X>-2360.14185</X>
        <Y>-272.3985</Y>
        <Z>14.6484585</Z>
      </Vector3>
    </Bounds>
    <CenterCamPosition>
      <X>0</X>
      <Y>0</Y>
    </CenterCamPosition>
    <ScreenBounds />
    <DistanceToCam>0</DistanceToCam>
    <Speed>5.937407</Speed>
    <AccInput>0</AccInput>
    <RPM>1.35798967</RPM>
    <Gear>0</Gear>
    <SteeringAngle>5.853084E-41</SteeringAngle>
    <WheelSpeed>0</WheelSpeed>
    <CarType>Sports</CarType>
  </MyCar>
  <Peds />
  <Time>127385</Time>
  <LastFrameTime>0.0211685579</LastFrameTime>
  <MyProperty>0</MyProperty>
  <Weather>Clear</Weather>
  <Steering>127</Steering>
  <Acc>180</Acc>
  <Brake>169</Brake>
  <DayTime>15:16:13</DayTime>
  <Position>
    <X>-2359.53076</X>
    <Y>-274.093964</Y>
    <Z>14.797348</Z>
  </Position>
  <Rotation>
    <X>0.49489367</X>
    <Y>0.64076215</Y>
    <Z>54.2283249</Z>
  </Rotation>
</Screenshot>