<?xml version="1.0" encoding="utf-8"?>
<Screenshot xmlns:xsd="http://www.w3.org/2001/XMLSchema" xmlns:xsi="http://www.w3.org/2001/XMLSchema-instance">
  <Cars />
  <MyCar>
    <Position>
      <X>-2358.34</X>
      <Y>-274.9528</Y>
      <Z>13.8720274</Z>
    </Position>
    <Rotation>
      <X>1.00126863</X>
      <Y>0.155091166</Y>
      <Z>54.0931969</Z>
    </Rotation>
    <Handle>663810</Handle>
    <Bounds>
      <Vector3>
        <X>-2356.87915</X>
        <Y>-277.274048</Y>
        <Z>13.1022606</Z>
      </Vector3>
      <Vector3>
        <X>-2355.68115</X>
        <Y>-275.6195</Y>
        <Z>13.0967312</Z>
      </Vector3>
      <Vector3>
        <X>-2361.02173</X>
        <Y>-274.27417</Y>
        <Z>13.1916523</Z>
      </Vector3>
      <Vector3>
        <X>-2356.8562</X>
        <Y>-277.285767</Y>
        <Z>14.55793</Z>
      </Vector3>
      <Vector3>
        <X>-2359.82373</X>
        <Y>-272.619629</Y>
        <Z>13.1861229</Z>
      </Vector3>
      <Vector3>
        <X>-2355.6582</X>
        <Y>-275.631226</Y>
        <Z>14.5524006</Z>
      </Vector3>
      <Vector3>
        <X>-2360.999</X>
        <Y>-274.2859</Y>
        <Z>14.6473227</Z>
      </Vector3>
      <Vector3>
        <X>-2359.801</X>
        <Y>-272.631348</Y>
        <Z>14.6417933</Z>
      </Vector3>
    </Bounds>
    <CenterCamPosition>
      <X>0</X>
      <Y>0</Y>
    </CenterCamPosition>
    <ScreenBounds />
    <DistanceToCam>0</DistanceToCam>
    <Speed>5.89968729</Speed>
    <AccInput>0</AccInput>
    <RPM>1.35798967</RPM>
    <Gear>0</Gear>
    <SteeringAngle>5.853084E-41</SteeringAngle>
    <WheelSpeed>0</WheelSpeed>
    <CarType>Sports</CarType>
  </MyCar>
  <Peds />
  <Time>127316</Time>
  <LastFrameTime>0.019423414</LastFrameTime>
  <MyProperty>0</MyProperty>
  <Weather>Clear</Weather>
  <Steering>127</Steering>
  <Acc>180</Acc>
  <Brake>169</Brake>
  <DayTime>15:16:13</DayTime>
  <Position>
    <X>-2359.20361</X>
    <Y>-274.321472</Y>
    <Z>14.7910109</Z>
  </Position>
  <Rotation>
    <X>0.5030821</X>
    <Y>0.659611046</Y>
    <Z>54.0309067</Z>
  </Rotation>
</Screenshot>