<?xml version="1.0" encoding="utf-8"?>
<Screenshot xmlns:xsd="http://www.w3.org/2001/XMLSchema" xmlns:xsi="http://www.w3.org/2001/XMLSchema-instance">
  <Cars />
  <MyCar>
    <Position>
      <X>-2359.1355</X>
      <Y>-274.3857</Y>
      <Z>13.8879185</Z>
    </Position>
    <Rotation>
      <X>0.986759961</X>
      <Y>0.12458954</Y>
      <Z>54.3988876</Z>
    </Rotation>
    <Handle>663810</Handle>
    <Bounds>
      <Vector3>
        <X>-2357.66187</X>
        <Y>-276.6989</Y>
        <Z>13.1182508</Z>
      </Vector3>
      <Vector3>
        <X>-2356.47266</X>
        <Y>-275.038</Y>
        <Z>13.1138086</Z>
      </Vector3>
      <Vector3>
        <X>-2361.82056</X>
        <Y>-273.721222</Y>
        <Z>13.2063484</Z>
      </Vector3>
      <Vector3>
        <X>-2357.63965</X>
        <Y>-276.710938</Y>
        <Z>14.5739288</Z>
      </Vector3>
      <Vector3>
        <X>-2360.63135</X>
        <Y>-272.0603</Y>
        <Z>13.2019062</Z>
      </Vector3>
      <Vector3>
        <X>-2356.45044</X>
        <Y>-275.050018</Y>
        <Z>14.5694866</Z>
      </Vector3>
      <Vector3>
        <X>-2361.79834</X>
        <Y>-273.733215</Y>
        <Z>14.6620264</Z>
      </Vector3>
      <Vector3>
        <X>-2360.60913</X>
        <Y>-272.072327</Y>
        <Z>14.6575842</Z>
      </Vector3>
    </Bounds>
    <CenterCamPosition>
      <X>0</X>
      <Y>0</Y>
    </CenterCamPosition>
    <ScreenBounds />
    <DistanceToCam>0</DistanceToCam>
    <Speed>5.988802</Speed>
    <AccInput>0</AccInput>
    <RPM>1.35798967</RPM>
    <Gear>0</Gear>
    <SteeringAngle>5.853084E-41</SteeringAngle>
    <WheelSpeed>0</WheelSpeed>
    <CarType>Sports</CarType>
  </MyCar>
  <Peds />
  <Time>127480</Time>
  <LastFrameTime>0.0492317379</LastFrameTime>
  <MyProperty>0</MyProperty>
  <Weather>Clear</Weather>
  <Steering>127</Steering>
  <Acc>180</Acc>
  <Brake>169</Brake>
  <DayTime>15:16:13</DayTime>
  <Position>
    <X>-2359.85718</X>
    <Y>-273.864746</Y>
    <Z>14.8037338</Z>
  </Position>
  <Rotation>
    <X>0.489574224</X>
    <Y>0.6297469</Y>
    <Z>54.35083</Z>
  </Rotation>
</Screenshot>