<?xml version="1.0" encoding="utf-8"?>
<Screenshot xmlns:xsd="http://www.w3.org/2001/XMLSchema" xmlns:xsi="http://www.w3.org/2001/XMLSchema-instance">
  <Cars />
  <MyCar>
    <Position>
      <X>-2358.896</X>
      <Y>-274.556763</Y>
      <Z>13.8831463</Z>
    </Position>
    <Rotation>
      <X>0.989544749</X>
      <Y>0.129770041</Y>
      <Z>54.3454552</Z>
    </Rotation>
    <Handle>663810</Handle>
    <Bounds>
      <Vector3>
        <X>-2357.42456</X>
        <Y>-276.871368</Y>
        <Z>13.1134472</Z>
      </Vector3>
      <Vector3>
        <X>-2356.234</X>
        <Y>-275.211578</Y>
        <Z>13.1088209</Z>
      </Vector3>
      <Vector3>
        <X>-2361.58032</X>
        <Y>-273.889771</Y>
        <Z>13.2017937</Z>
      </Vector3>
      <Vector3>
        <X>-2357.402</X>
        <Y>-276.883331</Y>
        <Z>14.5691242</Z>
      </Vector3>
      <Vector3>
        <X>-2360.38965</X>
        <Y>-272.22998</Y>
        <Z>13.1971674</Z>
      </Vector3>
      <Vector3>
        <X>-2356.21143</X>
        <Y>-275.223541</Y>
        <Z>14.5644979</Z>
      </Vector3>
      <Vector3>
        <X>-2361.558</X>
        <Y>-273.901764</Y>
        <Z>14.65747</Z>
      </Vector3>
      <Vector3>
        <X>-2360.36743</X>
        <Y>-272.241943</Y>
        <Z>14.6528435</Z>
      </Vector3>
    </Bounds>
    <CenterCamPosition>
      <X>0</X>
      <Y>0</Y>
    </CenterCamPosition>
    <ScreenBounds />
    <DistanceToCam>0</DistanceToCam>
    <Speed>5.96226025</Speed>
    <AccInput>0</AccInput>
    <RPM>1.35798967</RPM>
    <Gear>0</Gear>
    <SteeringAngle>5.853084E-41</SteeringAngle>
    <WheelSpeed>0</WheelSpeed>
    <CarType>Sports</CarType>
  </MyCar>
  <Peds />
  <Time>127431</Time>
  <LastFrameTime>0.0458500572</LastFrameTime>
  <MyProperty>0</MyProperty>
  <Weather>Clear</Weather>
  <Steering>127</Steering>
  <Acc>180</Acc>
  <Brake>169</Brake>
  <DayTime>15:16:13</DayTime>
  <Position>
    <X>-2359.63354</X>
    <Y>-274.021942</Y>
    <Z>14.7993727</Z>
  </Position>
  <Rotation>
    <X>0.493615776</X>
    <Y>0.6364745</Y>
    <Z>54.2754936</Z>
  </Rotation>
</Screenshot>