<?xml version="1.0" encoding="utf-8"?>
<Screenshot xmlns:xsd="http://www.w3.org/2001/XMLSchema" xmlns:xsi="http://www.w3.org/2001/XMLSchema-instance">
  <Cars />
  <MyCar>
    <Position>
      <X>-2359.46045</X>
      <Y>-274.153717</Y>
      <Z>13.8943958</Z>
    </Position>
    <Rotation>
      <X>0.9834876</X>
      <Y>0.123671651</Y>
      <Z>54.442173</Z>
    </Rotation>
    <Handle>663810</Handle>
    <Bounds>
      <Vector3>
        <X>-2357.98486</X>
        <Y>-276.46582</Y>
        <Z>13.1248569</Z>
      </Vector3>
      <Vector3>
        <X>-2356.797</X>
        <Y>-274.804016</Y>
        <Z>13.1204481</Z>
      </Vector3>
      <Vector3>
        <X>-2362.146</X>
        <Y>-273.491241</Y>
        <Z>13.2126627</Z>
      </Vector3>
      <Vector3>
        <X>-2357.96265</X>
        <Y>-276.477783</Y>
        <Z>14.5805368</Z>
      </Vector3>
      <Vector3>
        <X>-2360.958</X>
        <Y>-271.829437</Y>
        <Z>13.2082539</Z>
      </Vector3>
      <Vector3>
        <X>-2356.775</X>
        <Y>-274.815979</Y>
        <Z>14.576128</Z>
      </Vector3>
      <Vector3>
        <X>-2362.12378</X>
        <Y>-273.503235</Y>
        <Z>14.6683416</Z>
      </Vector3>
      <Vector3>
        <X>-2360.93579</X>
        <Y>-271.841431</Y>
        <Z>14.6639328</Z>
      </Vector3>
    </Bounds>
    <CenterCamPosition>
      <X>0</X>
      <Y>0</Y>
    </CenterCamPosition>
    <ScreenBounds />
    <DistanceToCam>0</DistanceToCam>
    <Speed>6.024495</Speed>
    <AccInput>0</AccInput>
    <RPM>1.35798967</RPM>
    <Gear>0</Gear>
    <SteeringAngle>5.853084E-41</SteeringAngle>
    <WheelSpeed>0</WheelSpeed>
    <CarType>Sports</CarType>
  </MyCar>
  <Peds />
  <Time>127546</Time>
  <LastFrameTime>0.0336473919</LastFrameTime>
  <MyProperty>0</MyProperty>
  <Weather>Clear</Weather>
  <Steering>127</Steering>
  <Acc>180</Acc>
  <Brake>169</Brake>
  <DayTime>15:16:13</DayTime>
  <Position>
    <X>-2360.25781</X>
    <Y>-273.58078</Y>
    <Z>14.8116169</Z>
  </Position>
  <Rotation>
    <X>0.48533234</X>
    <Y>0.6237527</Y>
    <Z>54.4292374</Z>
  </Rotation>
</Screenshot>