<?xml version="1.0" encoding="utf-8"?>
<Screenshot xmlns:xsd="http://www.w3.org/2001/XMLSchema" xmlns:xsi="http://www.w3.org/2001/XMLSchema-instance">
  <Cars />
  <MyCar>
    <Position>
      <X>-2359.55835</X>
      <Y>-274.0838</Y>
      <Z>13.8964043</Z>
    </Position>
    <Rotation>
      <X>0.9858259</X>
      <Y>0.123534814</Y>
      <Z>54.4502945</Z>
    </Rotation>
    <Handle>663810</Handle>
    <Bounds>
      <Vector3>
        <X>-2358.08252</X>
        <Y>-276.39566</Y>
        <Z>13.12676</Z>
      </Vector3>
      <Vector3>
        <X>-2356.89478</X>
        <Y>-274.7337</Y>
        <Z>13.1223555</Z>
      </Vector3>
      <Vector3>
        <X>-2362.244</X>
        <Y>-273.4217</Y>
        <Z>13.2147732</Z>
      </Vector3>
      <Vector3>
        <X>-2358.0603</X>
        <Y>-276.407684</Y>
        <Z>14.5824375</Z>
      </Vector3>
      <Vector3>
        <X>-2361.05615</X>
        <Y>-271.759735</Y>
        <Z>13.2103691</Z>
      </Vector3>
      <Vector3>
        <X>-2356.87256</X>
        <Y>-274.7457</Y>
        <Z>14.5780334</Z>
      </Vector3>
      <Vector3>
        <X>-2362.22168</X>
        <Y>-273.433716</Y>
        <Z>14.6704521</Z>
      </Vector3>
      <Vector3>
        <X>-2361.034</X>
        <Y>-271.771729</Y>
        <Z>14.666048</Z>
      </Vector3>
    </Bounds>
    <CenterCamPosition>
      <X>0</X>
      <Y>0</Y>
    </CenterCamPosition>
    <ScreenBounds />
    <DistanceToCam>0</DistanceToCam>
    <Speed>6.035101</Speed>
    <AccInput>0</AccInput>
    <RPM>1.35798967</RPM>
    <Gear>0</Gear>
    <SteeringAngle>5.853084E-41</SteeringAngle>
    <WheelSpeed>0</WheelSpeed>
    <CarType>Sports</CarType>
  </MyCar>
  <Peds />
  <Time>127566</Time>
  <LastFrameTime>0.0199441034</LastFrameTime>
  <MyProperty>0</MyProperty>
  <Weather>Clear</Weather>
  <Steering>127</Steering>
  <Acc>180</Acc>
  <Brake>169</Brake>
  <DayTime>15:16:13</DayTime>
  <Position>
    <X>-2360.42285</X>
    <Y>-273.463348</Y>
    <Z>14.8148584</Z>
  </Position>
  <Rotation>
    <X>0.4835161</X>
    <Y>0.6236494</Y>
    <Z>54.4474335</Z>
  </Rotation>
</Screenshot>