<?xml version="1.0" encoding="utf-8"?>
<Screenshot xmlns:xsd="http://www.w3.org/2001/XMLSchema" xmlns:xsi="http://www.w3.org/2001/XMLSchema-instance">
  <Cars />
  <MyCar>
    <Position>
      <X>-2359.29565</X>
      <Y>-274.271423</Y>
      <Z>13.8911171</Z>
    </Position>
    <Rotation>
      <X>0.9853037</X>
      <Y>0.123775147</Y>
      <Z>54.42396</Z>
    </Rotation>
    <Handle>663810</Handle>
    <Bounds>
      <Vector3>
        <X>-2357.8208</X>
        <Y>-276.583984</Y>
        <Z>13.1215</Z>
      </Vector3>
      <Vector3>
        <X>-2356.63257</X>
        <Y>-274.922546</Y>
        <Z>13.1170874</Z>
      </Vector3>
      <Vector3>
        <X>-2361.981</X>
        <Y>-273.6081</Y>
        <Z>13.2094669</Z>
      </Vector3>
      <Vector3>
        <X>-2357.79858</X>
        <Y>-276.595978</Y>
        <Z>14.577178</Z>
      </Vector3>
      <Vector3>
        <X>-2360.79248</X>
        <Y>-271.946655</Y>
        <Z>13.2050543</Z>
      </Vector3>
      <Vector3>
        <X>-2356.61035</X>
        <Y>-274.93454</Y>
        <Z>14.5727654</Z>
      </Vector3>
      <Vector3>
        <X>-2361.95874</X>
        <Y>-273.620117</Y>
        <Z>14.6651459</Z>
      </Vector3>
      <Vector3>
        <X>-2360.77026</X>
        <Y>-271.958679</Y>
        <Z>14.6607332</Z>
      </Vector3>
    </Bounds>
    <CenterCamPosition>
      <X>0</X>
      <Y>0</Y>
    </CenterCamPosition>
    <ScreenBounds />
    <DistanceToCam>0</DistanceToCam>
    <Speed>6.00643349</Speed>
    <AccInput>0</AccInput>
    <RPM>1.35798967</RPM>
    <Gear>0</Gear>
    <SteeringAngle>5.853084E-41</SteeringAngle>
    <WheelSpeed>0</WheelSpeed>
    <CarType>Sports</CarType>
  </MyCar>
  <Peds />
  <Time>127513</Time>
  <LastFrameTime>0.03278475</LastFrameTime>
  <MyProperty>0</MyProperty>
  <Weather>Clear</Weather>
  <Steering>127</Steering>
  <Acc>180</Acc>
  <Brake>169</Brake>
  <DayTime>15:16:13</DayTime>
  <Position>
    <X>-2360.09741</X>
    <Y>-273.694641</Y>
    <Z>14.8084488</Z>
  </Position>
  <Rotation>
    <X>0.486788839</X>
    <Y>0.6245671</Y>
    <Z>54.40419</Z>
  </Rotation>
</Screenshot>