<?xml version="1.0" encoding="utf-8"?>
<Screenshot xmlns:xsd="http://www.w3.org/2001/XMLSchema" xmlns:xsi="http://www.w3.org/2001/XMLSchema-instance">
  <Cars />
  <MyCar>
    <Position>
      <X>-2360.209</X>
      <Y>-273.618866</Y>
      <Z>13.9099989</Z>
    </Position>
    <Rotation>
      <X>1.02229</X>
      <Y>0.113990277</Y>
      <Z>54.46886</Z>
    </Rotation>
    <Handle>663810</Handle>
    <Bounds>
      <Vector3>
        <X>-2358.73267</X>
        <Y>-275.929871</Y>
        <Z>13.1385641</Z>
      </Vector3>
      <Vector3>
        <X>-2357.54565</X>
        <Y>-274.267517</Y>
        <Z>13.1345005</Z>
      </Vector3>
      <Vector3>
        <X>-2362.895</X>
        <Y>-272.957275</Y>
        <Z>13.2298336</Z>
      </Vector3>
      <Vector3>
        <X>-2358.71</X>
        <Y>-275.9426</Y>
        <Z>14.5942268</Z>
      </Vector3>
      <Vector3>
        <X>-2361.708</X>
        <Y>-271.294922</Y>
        <Z>13.225769</Z>
      </Vector3>
      <Vector3>
        <X>-2357.52271</X>
        <Y>-274.280243</Y>
        <Z>14.5901632</Z>
      </Vector3>
      <Vector3>
        <X>-2362.87231</X>
        <Y>-272.970032</Y>
        <Z>14.6854963</Z>
      </Vector3>
      <Vector3>
        <X>-2361.685</X>
        <Y>-271.307648</Y>
        <Z>14.6814318</Z>
      </Vector3>
    </Bounds>
    <CenterCamPosition>
      <X>0</X>
      <Y>0</Y>
    </CenterCamPosition>
    <ScreenBounds />
    <DistanceToCam>0</DistanceToCam>
    <Speed>6.106635</Speed>
    <AccInput>0</AccInput>
    <RPM>1.35798967</RPM>
    <Gear>0</Gear>
    <SteeringAngle>5.853084E-41</SteeringAngle>
    <WheelSpeed>0</WheelSpeed>
    <CarType>Sports</CarType>
  </MyCar>
  <Peds />
  <Time>127698</Time>
  <LastFrameTime>0.0330239944</LastFrameTime>
  <MyProperty>0</MyProperty>
  <Weather>Clear</Weather>
  <Steering>127</Steering>
  <Acc>180</Acc>
  <Brake>169</Brake>
  <DayTime>15:16:13</DayTime>
  <Position>
    <X>-2361.00732</X>
    <Y>-273.046448</Y>
    <Z>14.82765</Z>
  </Position>
  <Rotation>
    <X>0.513617635</X>
    <Y>0.615447938</Y>
    <Z>54.4725571</Z>
  </Rotation>
</Screenshot>