<?xml version="1.0" encoding="utf-8"?>
<Screenshot xmlns:xsd="http://www.w3.org/2001/XMLSchema" xmlns:xsi="http://www.w3.org/2001/XMLSchema-instance">
  <Cars />
  <MyCar>
    <Position>
      <X>-2360.045</X>
      <Y>-273.736</Y>
      <Z>13.9065647</Z>
    </Position>
    <Rotation>
      <X>1.013588</X>
      <Y>0.115472689</Y>
      <Z>54.4670448</Z>
    </Rotation>
    <Handle>663810</Handle>
    <Bounds>
      <Vector3>
        <X>-2358.5686</X>
        <Y>-276.047119</Y>
        <Z>13.1355429</Z>
      </Vector3>
      <Vector3>
        <X>-2357.38159</X>
        <Y>-274.3848</Y>
        <Z>13.1314259</Z>
      </Vector3>
      <Vector3>
        <X>-2362.731</X>
        <Y>-273.0744</Y>
        <Z>13.2260351</Z>
      </Vector3>
      <Vector3>
        <X>-2358.546</X>
        <Y>-276.059723</Y>
        <Z>14.5912094</Z>
      </Vector3>
      <Vector3>
        <X>-2361.5437</X>
        <Y>-271.412079</Y>
        <Z>13.2219181</Z>
      </Vector3>
      <Vector3>
        <X>-2357.359</X>
        <Y>-274.397369</Y>
        <Z>14.5870924</Z>
      </Vector3>
      <Vector3>
        <X>-2362.70825</X>
        <Y>-273.086975</Y>
        <Z>14.6817017</Z>
      </Vector3>
      <Vector3>
        <X>-2361.521</X>
        <Y>-271.424652</Y>
        <Z>14.6775846</Z>
      </Vector3>
    </Bounds>
    <CenterCamPosition>
      <X>0</X>
      <Y>0</Y>
    </CenterCamPosition>
    <ScreenBounds />
    <DistanceToCam>0</DistanceToCam>
    <Speed>6.08876133</Speed>
    <AccInput>0</AccInput>
    <RPM>1.35798967</RPM>
    <Gear>0</Gear>
    <SteeringAngle>5.853084E-41</SteeringAngle>
    <WheelSpeed>0</WheelSpeed>
    <CarType>Sports</CarType>
  </MyCar>
  <Peds />
  <Time>127665</Time>
  <LastFrameTime>0.0292860828</LastFrameTime>
  <MyProperty>0</MyProperty>
  <Weather>Clear</Weather>
  <Steering>127</Steering>
  <Acc>180</Acc>
  <Brake>169</Brake>
  <DayTime>15:16:13</DayTime>
  <Position>
    <X>-2360.8623</X>
    <Y>-273.1498</Y>
    <Z>14.8244486</Z>
  </Position>
  <Rotation>
    <X>0.5041103</X>
    <Y>0.6202344</Y>
    <Z>54.46951</Z>
  </Rotation>
</Screenshot>