<?xml version="1.0" encoding="utf-8"?>
<Screenshot xmlns:xsd="http://www.w3.org/2001/XMLSchema" xmlns:xsi="http://www.w3.org/2001/XMLSchema-instance">
  <Cars />
  <MyCar>
    <Position>
      <X>-2359.9</X>
      <Y>-273.839569</Y>
      <Z>13.9035606</Z>
    </Position>
    <Rotation>
      <X>1.00408077</X>
      <Y>0.120258428</Y>
      <Z>54.4640541</Z>
    </Rotation>
    <Handle>663810</Handle>
    <Bounds>
      <Vector3>
        <X>-2358.42358</X>
        <Y>-276.1509</Y>
        <Z>13.1330462</Z>
      </Vector3>
      <Vector3>
        <X>-2357.23633</X>
        <Y>-274.488647</Y>
        <Z>13.1287594</Z>
      </Vector3>
      <Vector3>
        <X>-2362.58569</X>
        <Y>-273.177948</Y>
        <Z>13.2226906</Z>
      </Vector3>
      <Vector3>
        <X>-2358.40112</X>
        <Y>-276.163239</Y>
        <Z>14.5887175</Z>
      </Vector3>
      <Vector3>
        <X>-2361.39844</X>
        <Y>-271.5157</Y>
        <Z>13.2184029</Z>
      </Vector3>
      <Vector3>
        <X>-2357.21387</X>
        <Y>-274.500977</Y>
        <Z>14.58443</Z>
      </Vector3>
      <Vector3>
        <X>-2362.56323</X>
        <Y>-273.1903</Y>
        <Z>14.6783609</Z>
      </Vector3>
      <Vector3>
        <X>-2361.376</X>
        <Y>-271.528046</Y>
        <Z>14.6740732</Z>
      </Vector3>
    </Bounds>
    <CenterCamPosition>
      <X>0</X>
      <Y>0</Y>
    </CenterCamPosition>
    <ScreenBounds />
    <DistanceToCam>0</DistanceToCam>
    <Speed>6.072968</Speed>
    <AccInput>0</AccInput>
    <RPM>1.35798967</RPM>
    <Gear>0</Gear>
    <SteeringAngle>5.853084E-41</SteeringAngle>
    <WheelSpeed>0</WheelSpeed>
    <CarType>Sports</CarType>
  </MyCar>
  <Peds />
  <Time>127636</Time>
  <LastFrameTime>0.0231706332</LastFrameTime>
  <MyProperty>0</MyProperty>
  <Weather>Clear</Weather>
  <Steering>127</Steering>
  <Acc>180</Acc>
  <Brake>169</Brake>
  <DayTime>15:16:13</DayTime>
  <Position>
    <X>-2360.748</X>
    <Y>-273.231445</Y>
    <Z>14.8219433</Z>
  </Position>
  <Rotation>
    <X>0.498159438</X>
    <Y>0.622124732</Y>
    <Z>54.4660034</Z>
  </Rotation>
</Screenshot>