<?xml version="1.0" encoding="utf-8"?>
<Screenshot xmlns:xsd="http://www.w3.org/2001/XMLSchema" xmlns:xsi="http://www.w3.org/2001/XMLSchema-instance">
  <Cars />
  <MyCar>
    <Position>
      <X>-2359.78564</X>
      <Y>-273.921326</Y>
      <Z>13.9011784</Z>
    </Position>
    <Rotation>
      <X>0.9981301</X>
      <Y>0.122148216</Y>
      <Z>54.4605942</Z>
    </Rotation>
    <Handle>663810</Handle>
    <Bounds>
      <Vector3>
        <X>-2358.30957</X>
        <Y>-276.232819</Y>
        <Z>13.1309624</Z>
      </Vector3>
      <Vector3>
        <X>-2357.122</X>
        <Y>-274.570618</Y>
        <Z>13.1266069</Z>
      </Vector3>
      <Vector3>
        <X>-2362.47144</X>
        <Y>-273.2596</Y>
        <Z>13.2200747</Z>
      </Vector3>
      <Vector3>
        <X>-2358.287</X>
        <Y>-276.245026</Y>
        <Z>14.5866356</Z>
      </Vector3>
      <Vector3>
        <X>-2361.28418</X>
        <Y>-271.5974</Y>
        <Z>13.21572</Z>
      </Vector3>
      <Vector3>
        <X>-2357.09961</X>
        <Y>-274.582855</Y>
        <Z>14.58228</Z>
      </Vector3>
      <Vector3>
        <X>-2362.449</X>
        <Y>-273.27182</Y>
        <Z>14.6757479</Z>
      </Vector3>
      <Vector3>
        <X>-2361.26172</X>
        <Y>-271.609619</Y>
        <Z>14.6713934</Z>
      </Vector3>
    </Bounds>
    <CenterCamPosition>
      <X>0</X>
      <Y>0</Y>
    </CenterCamPosition>
    <ScreenBounds />
    <DistanceToCam>0</DistanceToCam>
    <Speed>6.059615</Speed>
    <AccInput>0</AccInput>
    <RPM>1.35798967</RPM>
    <Gear>0</Gear>
    <SteeringAngle>5.853084E-41</SteeringAngle>
    <WheelSpeed>0</WheelSpeed>
    <CarType>Sports</CarType>
  </MyCar>
  <Peds />
  <Time>127613</Time>
  <LastFrameTime>0.04618487</LastFrameTime>
  <MyProperty>0</MyProperty>
  <Weather>Clear</Weather>
  <Steering>127</Steering>
  <Acc>180</Acc>
  <Brake>169</Brake>
  <DayTime>15:16:13</DayTime>
  <Position>
    <X>-2360.52075</X>
    <Y>-273.393616</Y>
    <Z>14.8169155</Z>
  </Position>
  <Rotation>
    <X>0.485854656</X>
    <Y>0.6235123</Y>
    <Z>54.4555779</Z>
  </Rotation>
</Screenshot>