<?xml version="1.0" encoding="utf-8"?>
<Screenshot xmlns:xsd="http://www.w3.org/2001/XMLSchema" xmlns:xsi="http://www.w3.org/2001/XMLSchema-instance">
  <Cars />
  <MyCar>
    <Position>
      <X>-2360.5437</X>
      <Y>-273.3797</Y>
      <Z>13.9170113</Z>
    </Position>
    <Rotation>
      <X>1.03994656</X>
      <Y>0.111962549</Y>
      <Z>54.46995</Z>
    </Rotation>
    <Handle>663810</Handle>
    <Bounds>
      <Vector3>
        <X>-2359.06763</X>
        <Y>-275.690521</Y>
        <Z>13.1447563</Z>
      </Vector3>
      <Vector3>
        <X>-2357.88062</X>
        <Y>-274.028137</Y>
        <Z>13.1407642</Z>
      </Vector3>
      <Vector3>
        <X>-2363.23</X>
        <Y>-272.718018</Y>
        <Z>13.2376022</Z>
      </Vector3>
      <Vector3>
        <X>-2359.04443</X>
        <Y>-275.703552</Y>
        <Z>14.6004114</Z>
      </Vector3>
      <Vector3>
        <X>-2362.04272</X>
        <Y>-271.055634</Y>
        <Z>13.23361</Z>
      </Vector3>
      <Vector3>
        <X>-2357.85742</X>
        <Y>-274.041168</Y>
        <Z>14.5964193</Z>
      </Vector3>
      <Vector3>
        <X>-2363.20679</X>
        <Y>-272.731079</Y>
        <Z>14.6932564</Z>
      </Vector3>
      <Vector3>
        <X>-2362.01978</X>
        <Y>-271.0687</Y>
        <Z>14.6892653</Z>
      </Vector3>
    </Bounds>
    <CenterCamPosition>
      <X>0</X>
      <Y>0</Y>
    </CenterCamPosition>
    <ScreenBounds />
    <DistanceToCam>0</DistanceToCam>
    <Speed>6.142691</Speed>
    <AccInput>0</AccInput>
    <RPM>1.35798967</RPM>
    <Gear>0</Gear>
    <SteeringAngle>5.853084E-41</SteeringAngle>
    <WheelSpeed>0</WheelSpeed>
    <CarType>Sports</CarType>
  </MyCar>
  <Peds />
  <Time>127765</Time>
  <LastFrameTime>0.0192890521</LastFrameTime>
  <MyProperty>0</MyProperty>
  <Weather>Clear</Weather>
  <Steering>127</Steering>
  <Acc>180</Acc>
  <Brake>169</Brake>
  <DayTime>15:16:13</DayTime>
  <Position>
    <X>-2361.40967</X>
    <Y>-272.759247</Y>
    <Z>14.8365307</Z>
  </Position>
  <Rotation>
    <X>0.5359344</X>
    <Y>0.612381935</Y>
    <Z>54.4755135</Z>
  </Rotation>
</Screenshot>