<?xml version="1.0" encoding="utf-8"?>
<Screenshot xmlns:xsd="http://www.w3.org/2001/XMLSchema" xmlns:xsi="http://www.w3.org/2001/XMLSchema-instance">
  <Cars />
  <MyCar>
    <Position>
      <X>-2360.44751</X>
      <Y>-273.448517</Y>
      <Z>13.9149847</Z>
    </Position>
    <Rotation>
      <X>1.03590369</X>
      <Y>0.112408809</Y>
      <Z>54.4697876</Z>
    </Rotation>
    <Handle>663810</Handle>
    <Bounds>
      <Vector3>
        <X>-2358.97144</X>
        <Y>-275.759369</Y>
        <Z>13.1429176</Z>
      </Vector3>
      <Vector3>
        <X>-2357.78418</X>
        <Y>-274.097</Y>
        <Z>13.1389093</Z>
      </Vector3>
      <Vector3>
        <X>-2363.13379</X>
        <Y>-272.786865</Y>
        <Z>13.2354021</Z>
      </Vector3>
      <Vector3>
        <X>-2358.94824</X>
        <Y>-275.772339</Y>
        <Z>14.5985737</Z>
      </Vector3>
      <Vector3>
        <X>-2361.94653</X>
        <Y>-271.124481</Y>
        <Z>13.2313938</Z>
      </Vector3>
      <Vector3>
        <X>-2357.76123</X>
        <Y>-274.109955</Y>
        <Z>14.5945663</Z>
      </Vector3>
      <Vector3>
        <X>-2363.1106</X>
        <Y>-272.799835</Y>
        <Z>14.6910582</Z>
      </Vector3>
      <Vector3>
        <X>-2361.92358</X>
        <Y>-271.137451</Y>
        <Z>14.6870508</Z>
      </Vector3>
    </Bounds>
    <CenterCamPosition>
      <X>0</X>
      <Y>0</Y>
    </CenterCamPosition>
    <ScreenBounds />
    <DistanceToCam>0</DistanceToCam>
    <Speed>6.132374</Speed>
    <AccInput>0</AccInput>
    <RPM>1.35798967</RPM>
    <Gear>0</Gear>
    <SteeringAngle>5.853084E-41</SteeringAngle>
    <WheelSpeed>0</WheelSpeed>
    <CarType>Sports</CarType>
  </MyCar>
  <Peds />
  <Time>127746</Time>
  <LastFrameTime>0.04785182</LastFrameTime>
  <MyProperty>0</MyProperty>
  <Weather>Clear</Weather>
  <Steering>127</Steering>
  <Acc>180</Acc>
  <Brake>169</Brake>
  <DayTime>15:16:13</DayTime>
  <Position>
    <X>-2361.17114</X>
    <Y>-272.929443</Y>
    <Z>14.8312635</Z>
  </Position>
  <Rotation>
    <X>0.5223199</X>
    <Y>0.6139648</Y>
    <Z>54.4744568</Z>
  </Rotation>
</Screenshot>