<?xml version="1.0" encoding="utf-8"?>
<Screenshot xmlns:xsd="http://www.w3.org/2001/XMLSchema" xmlns:xsi="http://www.w3.org/2001/XMLSchema-instance">
  <Cars />
  <MyCar>
    <Position>
      <X>-2360.78467</X>
      <Y>-273.20752</Y>
      <Z>13.9220438</Z>
    </Position>
    <Rotation>
      <X>1.05289578</X>
      <Y>0.109335072</Y>
      <Z>54.469902</Z>
    </Rotation>
    <Handle>663810</Handle>
    <Bounds>
      <Vector3>
        <X>-2359.30859</X>
        <Y>-275.518219</Y>
        <Z>13.1491671</Z>
      </Vector3>
      <Vector3>
        <X>-2358.12158</X>
        <Y>-273.855835</Y>
        <Z>13.1452694</Z>
      </Vector3>
      <Vector3>
        <X>-2363.471</X>
        <Y>-272.545746</Y>
        <Z>13.2431688</Z>
      </Vector3>
      <Vector3>
        <X>-2359.2854</X>
        <Y>-275.5315</Y>
        <Z>14.6048155</Z>
      </Vector3>
      <Vector3>
        <X>-2362.284</X>
        <Y>-270.883331</Y>
        <Z>13.23927</Z>
      </Vector3>
      <Vector3>
        <X>-2358.09814</X>
        <Y>-273.8691</Y>
        <Z>14.6009178</Z>
      </Vector3>
      <Vector3>
        <X>-2363.44751</X>
        <Y>-272.559021</Y>
        <Z>14.6988173</Z>
      </Vector3>
      <Vector3>
        <X>-2362.2605</X>
        <Y>-270.896637</Y>
        <Z>14.69492</Z>
      </Vector3>
    </Bounds>
    <CenterCamPosition>
      <X>0</X>
      <Y>0</Y>
    </CenterCamPosition>
    <ScreenBounds />
    <DistanceToCam>0</DistanceToCam>
    <Speed>6.168294</Speed>
    <AccInput>0</AccInput>
    <RPM>1.35798967</RPM>
    <Gear>0</Gear>
    <SteeringAngle>5.853084E-41</SteeringAngle>
    <WheelSpeed>0</WheelSpeed>
    <CarType>Sports</CarType>
  </MyCar>
  <Peds />
  <Time>127813</Time>
  <LastFrameTime>0.04807679</LastFrameTime>
  <MyProperty>0</MyProperty>
  <Weather>Clear</Weather>
  <Steering>127</Steering>
  <Acc>180</Acc>
  <Brake>169</Brake>
  <DayTime>15:16:13</DayTime>
  <Position>
    <X>-2361.50586</X>
    <Y>-272.6905</Y>
    <Z>14.8386412</Z>
  </Position>
  <Rotation>
    <X>0.5399774</X>
    <Y>0.6119353</Y>
    <Z>54.47572</Z>
  </Rotation>
</Screenshot>