<?xml version="1.0" encoding="utf-8"?>
<Screenshot xmlns:xsd="http://www.w3.org/2001/XMLSchema" xmlns:xsi="http://www.w3.org/2001/XMLSchema-instance">
  <Cars />
  <MyCar>
    <Position>
      <X>-2361.12134</X>
      <Y>-272.9674</Y>
      <Z>13.9294338</Z>
    </Position>
    <Rotation>
      <X>1.083291</X>
      <Y>0.08588379</Y>
      <Z>54.47081</Z>
    </Rotation>
    <Handle>663810</Handle>
    <Bounds>
      <Vector3>
        <X>-2359.64551</X>
        <Y>-275.2776</Y>
        <Z>13.154789</Z>
      </Vector3>
      <Vector3>
        <X>-2358.4585</X>
        <Y>-273.615173</Y>
        <Z>13.1517267</Z>
      </Vector3>
      <Vector3>
        <X>-2363.80786</X>
        <Y>-272.305237</Y>
        <Z>13.2515039</Z>
      </Vector3>
      <Vector3>
        <X>-2359.62183</X>
        <Y>-275.2918</Y>
        <Z>14.610424</Z>
      </Vector3>
      <Vector3>
        <X>-2362.62085</X>
        <Y>-270.642822</Y>
        <Z>13.2484417</Z>
      </Vector3>
      <Vector3>
        <X>-2358.43481</X>
        <Y>-273.6294</Y>
        <Z>14.6073627</Z>
      </Vector3>
      <Vector3>
        <X>-2363.78418</X>
        <Y>-272.319458</Y>
        <Z>14.707139</Z>
      </Vector3>
      <Vector3>
        <X>-2362.59717</X>
        <Y>-270.657043</Y>
        <Z>14.7040777</Z>
      </Vector3>
    </Bounds>
    <CenterCamPosition>
      <X>0</X>
      <Y>0</Y>
    </CenterCamPosition>
    <ScreenBounds />
    <DistanceToCam>0</DistanceToCam>
    <Speed>6.20367146</Speed>
    <AccInput>0</AccInput>
    <RPM>1.35798967</RPM>
    <Gear>0</Gear>
    <SteeringAngle>5.853084E-41</SteeringAngle>
    <WheelSpeed>0</WheelSpeed>
    <CarType>Sports</CarType>
  </MyCar>
  <Peds />
  <Time>127880</Time>
  <LastFrameTime>0.0481338874</LastFrameTime>
  <MyProperty>0</MyProperty>
  <Weather>Clear</Weather>
  <Steering>127</Steering>
  <Acc>180</Acc>
  <Brake>169</Brake>
  <DayTime>15:16:13</DayTime>
  <Position>
    <X>-2361.84033</X>
    <Y>-272.45163</Y>
    <Z>14.8459911</Z>
  </Position>
  <Rotation>
    <X>0.556815445</X>
    <Y>0.609117866</Y>
    <Z>54.4757538</Z>
  </Rotation>
</Screenshot>