<?xml version="1.0" encoding="utf-8"?>
<Screenshot xmlns:xsd="http://www.w3.org/2001/XMLSchema" xmlns:xsi="http://www.w3.org/2001/XMLSchema-instance">
  <Cars />
  <MyCar>
    <Position>
      <X>-2360.87842</X>
      <Y>-273.140656</Y>
      <Z>13.9240141</Z>
    </Position>
    <Rotation>
      <X>1.056784</X>
      <Y>0.109146655</Y>
      <Z>54.46984</Z>
    </Rotation>
    <Handle>663810</Handle>
    <Bounds>
      <Vector3>
        <X>-2359.40259</X>
        <Y>-275.451324</Y>
        <Z>13.1509609</Z>
      </Vector3>
      <Vector3>
        <X>-2358.21533</X>
        <Y>-273.78894</Y>
        <Z>13.14707</Z>
      </Vector3>
      <Vector3>
        <X>-2363.5647</X>
        <Y>-272.478851</Y>
        <Z>13.24531</Z>
      </Vector3>
      <Vector3>
        <X>-2359.379</X>
        <Y>-275.464661</Y>
        <Z>14.6066084</Z>
      </Vector3>
      <Vector3>
        <X>-2362.37769</X>
        <Y>-270.816437</Y>
        <Z>13.2414188</Z>
      </Vector3>
      <Vector3>
        <X>-2358.192</X>
        <Y>-273.802277</Y>
        <Z>14.6027174</Z>
      </Vector3>
      <Vector3>
        <X>-2363.54126</X>
        <Y>-272.4922</Y>
        <Z>14.7009563</Z>
      </Vector3>
      <Vector3>
        <X>-2362.35425</X>
        <Y>-270.8298</Y>
        <Z>14.6970654</Z>
      </Vector3>
    </Bounds>
    <CenterCamPosition>
      <X>0</X>
      <Y>0</Y>
    </CenterCamPosition>
    <ScreenBounds />
    <DistanceToCam>0</DistanceToCam>
    <Speed>6.17818975</Speed>
    <AccInput>0</AccInput>
    <RPM>1.35798967</RPM>
    <Gear>0</Gear>
    <SteeringAngle>5.853084E-41</SteeringAngle>
    <WheelSpeed>0</WheelSpeed>
    <CarType>Sports</CarType>
  </MyCar>
  <Peds />
  <Time>127832</Time>
  <LastFrameTime>0.0186240729</LastFrameTime>
  <MyProperty>0</MyProperty>
  <Weather>Clear</Weather>
  <Steering>127</Steering>
  <Acc>180</Acc>
  <Brake>169</Brake>
  <DayTime>15:16:13</DayTime>
  <Position>
    <X>-2361.74658</X>
    <Y>-272.518463</Y>
    <Z>14.8439407</Z>
  </Position>
  <Rotation>
    <X>0.5529271</X>
    <Y>0.6093067</Y>
    <Z>54.4757767</Z>
  </Rotation>
</Screenshot>