<?xml version="1.0" encoding="utf-8"?>
<Screenshot xmlns:xsd="http://www.w3.org/2001/XMLSchema" xmlns:xsi="http://www.w3.org/2001/XMLSchema-instance">
  <Cars />
  <MyCar>
    <Position>
      <X>-2361.253</X>
      <Y>-272.873535</Y>
      <Z>13.9322052</Z>
    </Position>
    <Rotation>
      <X>1.088015</X>
      <Y>0.08437634</Y>
      <Z>54.4711723</Z>
    </Rotation>
    <Handle>663810</Handle>
    <Bounds>
      <Vector3>
        <X>-2359.777</X>
        <Y>-275.183655</Y>
        <Z>13.1573238</Z>
      </Vector3>
      <Vector3>
        <X>-2358.59</X>
        <Y>-273.52124</Y>
        <Z>13.1543159</Z>
      </Vector3>
      <Vector3>
        <X>-2363.93945</X>
        <Y>-272.211334</Y>
        <Z>13.25446</Z>
      </Vector3>
      <Vector3>
        <X>-2359.75342</X>
        <Y>-275.197968</Y>
        <Z>14.612957</Z>
      </Vector3>
      <Vector3>
        <X>-2362.75244</X>
        <Y>-270.54892</Y>
        <Z>13.2514524</Z>
      </Vector3>
      <Vector3>
        <X>-2358.56616</X>
        <Y>-273.535553</Y>
        <Z>14.6099491</Z>
      </Vector3>
      <Vector3>
        <X>-2363.91577</X>
        <Y>-272.225647</Y>
        <Z>14.7100935</Z>
      </Vector3>
      <Vector3>
        <X>-2362.72876</X>
        <Y>-270.563232</Y>
        <Z>14.7070856</Z>
      </Vector3>
    </Bounds>
    <CenterCamPosition>
      <X>0</X>
      <Y>0</Y>
    </CenterCamPosition>
    <ScreenBounds />
    <DistanceToCam>0</DistanceToCam>
    <Speed>6.217471</Speed>
    <AccInput>0</AccInput>
    <RPM>1.35798967</RPM>
    <Gear>0</Gear>
    <SteeringAngle>5.853084E-41</SteeringAngle>
    <WheelSpeed>0</WheelSpeed>
    <CarType>Sports</CarType>
  </MyCar>
  <Peds />
  <Time>127906</Time>
  <LastFrameTime>0.0260064919</LastFrameTime>
  <MyProperty>0</MyProperty>
  <Weather>Clear</Weather>
  <Steering>127</Steering>
  <Acc>180</Acc>
  <Brake>169</Brake>
  <DayTime>15:16:13</DayTime>
  <Position>
    <X>-2362.083</X>
    <Y>-272.278961</Y>
    <Z>14.8519592</Z>
  </Position>
  <Rotation>
    <X>0.5833216</X>
    <Y>0.5858534</Y>
    <Z>54.4767723</Z>
  </Rotation>
</Screenshot>