<?xml version="1.0" encoding="utf-8"?>
<Screenshot xmlns:xsd="http://www.w3.org/2001/XMLSchema" xmlns:xsi="http://www.w3.org/2001/XMLSchema-instance">
  <Cars />
  <MyCar>
    <Position>
      <X>-2361.40137</X>
      <Y>-272.767456</Y>
      <Z>13.9353008</Z>
    </Position>
    <Rotation>
      <X>1.0936203</X>
      <Y>0.08637204</Y>
      <Z>54.4714851</Z>
    </Rotation>
    <Handle>663810</Handle>
    <Bounds>
      <Vector3>
        <X>-2359.92554</X>
        <Y>-275.077545</Y>
        <Z>13.1602058</Z>
      </Vector3>
      <Vector3>
        <X>-2358.73853</X>
        <Y>-273.4151</Y>
        <Z>13.1571264</Z>
      </Vector3>
      <Vector3>
        <X>-2364.088</X>
        <Y>-272.105225</Y>
        <Z>13.257843</Z>
      </Vector3>
      <Vector3>
        <X>-2359.90161</X>
        <Y>-275.0919</Y>
        <Z>14.6158371</Z>
      </Vector3>
      <Vector3>
        <X>-2362.901</X>
        <Y>-270.4428</Y>
        <Z>13.2547636</Z>
      </Vector3>
      <Vector3>
        <X>-2358.7146</X>
        <Y>-273.429474</Y>
        <Z>14.6127577</Z>
      </Vector3>
      <Vector3>
        <X>-2364.064</X>
        <Y>-272.1196</Y>
        <Z>14.7134733</Z>
      </Vector3>
      <Vector3>
        <X>-2362.877</X>
        <Y>-270.457184</Y>
        <Z>14.7103939</Z>
      </Vector3>
    </Bounds>
    <CenterCamPosition>
      <X>0</X>
      <Y>0</Y>
    </CenterCamPosition>
    <ScreenBounds />
    <DistanceToCam>0</DistanceToCam>
    <Speed>6.2330246</Speed>
    <AccInput>0</AccInput>
    <RPM>1.35798967</RPM>
    <Gear>0</Gear>
    <SteeringAngle>5.853084E-41</SteeringAngle>
    <WheelSpeed>0</WheelSpeed>
    <CarType>Sports</CarType>
  </MyCar>
  <Peds />
  <Time>127935</Time>
  <LastFrameTime>0.0293105971</LastFrameTime>
  <MyProperty>0</MyProperty>
  <Weather>Clear</Weather>
  <Steering>127</Steering>
  <Acc>180</Acc>
  <Brake>169</Brake>
  <DayTime>15:16:13</DayTime>
  <Position>
    <X>-2362.2146</X>
    <Y>-272.18515</Y>
    <Z>14.8548279</Z>
  </Position>
  <Rotation>
    <X>0.5880456</X>
    <Y>0.5843455</Y>
    <Z>54.4771652</Z>
  </Rotation>
</Screenshot>