<?xml version="1.0" encoding="utf-8"?>
<Screenshot xmlns:xsd="http://www.w3.org/2001/XMLSchema" xmlns:xsi="http://www.w3.org/2001/XMLSchema-instance">
  <Cars />
  <MyCar>
    <Position>
      <X>-2361.63086</X>
      <Y>-272.603546</Y>
      <Z>13.9400816</Z>
    </Position>
    <Rotation>
      <X>1.103535</X>
      <Y>0.0909654945</Y>
      <Z>54.47173</Z>
    </Rotation>
    <Handle>663810</Handle>
    <Bounds>
      <Vector3>
        <X>-2360.15527</X>
        <Y>-274.9136</Y>
        <Z>13.164629</Z>
      </Vector3>
      <Vector3>
        <X>-2358.96826</X>
        <Y>-273.25116</Y>
        <Z>13.1613855</Z>
      </Vector3>
      <Vector3>
        <X>-2364.31763</X>
        <Y>-271.9413</Y>
        <Z>13.2631512</Z>
      </Vector3>
      <Vector3>
        <X>-2360.131</X>
        <Y>-274.928</Y>
        <Z>14.6202545</Z>
      </Vector3>
      <Vector3>
        <X>-2363.13062</X>
        <Y>-270.2789</Y>
        <Z>13.2599077</Z>
      </Vector3>
      <Vector3>
        <X>-2358.944</X>
        <Y>-273.265564</Y>
        <Z>14.6170111</Z>
      </Vector3>
      <Vector3>
        <X>-2364.29346</X>
        <Y>-271.955719</Y>
        <Z>14.7187757</Z>
      </Vector3>
      <Vector3>
        <X>-2363.10645</X>
        <Y>-270.2933</Y>
        <Z>14.7155333</Z>
      </Vector3>
    </Bounds>
    <CenterCamPosition>
      <X>0</X>
      <Y>0</Y>
    </CenterCamPosition>
    <ScreenBounds />
    <DistanceToCam>0</DistanceToCam>
    <Speed>6.256911</Speed>
    <AccInput>0</AccInput>
    <RPM>1.35798967</RPM>
    <Gear>0</Gear>
    <SteeringAngle>5.853084E-41</SteeringAngle>
    <WheelSpeed>0</WheelSpeed>
    <CarType>Sports</CarType>
  </MyCar>
  <Peds />
  <Time>127980</Time>
  <LastFrameTime>0.045119293</LastFrameTime>
  <MyProperty>0</MyProperty>
  <Weather>Clear</Weather>
  <Steering>127</Steering>
  <Acc>180</Acc>
  <Brake>169</Brake>
  <DayTime>15:16:13</DayTime>
  <Position>
    <X>-2362.363</X>
    <Y>-272.0791</Y>
    <Z>14.8580389</Z>
  </Position>
  <Rotation>
    <X>0.5936514</X>
    <Y>0.5863406</Y>
    <Z>54.47756</Z>
  </Rotation>
</Screenshot>