<?xml version="1.0" encoding="utf-8"?>
<Screenshot xmlns:xsd="http://www.w3.org/2001/XMLSchema" xmlns:xsi="http://www.w3.org/2001/XMLSchema-instance">
  <Cars />
  <MyCar>
    <Position>
      <X>-2362.15015</X>
      <Y>-272.2328</Y>
      <Z>13.9511356</Z>
    </Position>
    <Rotation>
      <X>1.11358511</X>
      <Y>0.103685185</Y>
      <Z>54.481144</Z>
    </Rotation>
    <Handle>663810</Handle>
    <Bounds>
      <Vector3>
        <X>-2360.67432</X>
        <Y>-274.542664</Y>
        <Z>13.1754637</Z>
      </Vector3>
      <Vector3>
        <X>-2359.48755</X>
        <Y>-272.880035</Y>
        <Z>13.1717672</Z>
      </Vector3>
      <Vector3>
        <X>-2364.83716</X>
        <Y>-271.571045</Y>
        <Z>13.2748823</Z>
      </Vector3>
      <Vector3>
        <X>-2360.64966</X>
        <Y>-274.556946</Y>
        <Z>14.6310835</Z>
      </Vector3>
      <Vector3>
        <X>-2363.65039</X>
        <Y>-269.908417</Y>
        <Z>13.2711859</Z>
      </Vector3>
      <Vector3>
        <X>-2359.463</X>
        <Y>-272.894318</Y>
        <Z>14.627387</Z>
      </Vector3>
      <Vector3>
        <X>-2364.8125</X>
        <Y>-271.585358</Y>
        <Z>14.7305031</Z>
      </Vector3>
      <Vector3>
        <X>-2363.62573</X>
        <Y>-269.922729</Y>
        <Z>14.7268057</Z>
      </Vector3>
    </Bounds>
    <CenterCamPosition>
      <X>0</X>
      <Y>0</Y>
    </CenterCamPosition>
    <ScreenBounds />
    <DistanceToCam>0</DistanceToCam>
    <Speed>6.309926</Speed>
    <AccInput>0</AccInput>
    <RPM>1.35798967</RPM>
    <Gear>0</Gear>
    <SteeringAngle>5.853084E-41</SteeringAngle>
    <WheelSpeed>0</WheelSpeed>
    <CarType>Sports</CarType>
  </MyCar>
  <Peds />
  <Time>128082</Time>
  <LastFrameTime>0.0195096787</LastFrameTime>
  <MyProperty>0</MyProperty>
  <Weather>Clear</Weather>
  <Steering>126</Steering>
  <Acc>180</Acc>
  <Brake>169</Brake>
  <DayTime>15:16:13</DayTime>
  <Position>
    <X>-2363.01123</X>
    <Y>-271.615967</Y>
    <Z>14.8721228</Z>
  </Position>
  <Rotation>
    <X>0.6155745</X>
    <Y>0.602685869</Y>
    <Z>54.48385</Z>
  </Rotation>
</Screenshot>