<?xml version="1.0" encoding="utf-8"?>
<Screenshot xmlns:xsd="http://www.w3.org/2001/XMLSchema" xmlns:xsi="http://www.w3.org/2001/XMLSchema-instance">
  <Cars />
  <MyCar>
    <Position>
      <X>-2362.05</X>
      <Y>-272.30423</Y>
      <Z>13.9489326</Z>
    </Position>
    <Rotation>
      <X>1.1155405</X>
      <Y>0.102720693</Y>
      <Z>54.47738</Z>
    </Rotation>
    <Handle>663810</Handle>
    <Bounds>
      <Vector3>
        <X>-2360.57446</X>
        <Y>-274.614166</Y>
        <Z>13.1731567</Z>
      </Vector3>
      <Vector3>
        <X>-2359.38745</X>
        <Y>-272.95163</Y>
        <Z>13.1694946</Z>
      </Vector3>
      <Vector3>
        <X>-2364.737</X>
        <Y>-271.6423</Y>
        <Z>13.27275</Z>
      </Vector3>
      <Vector3>
        <X>-2360.5498</X>
        <Y>-274.6285</Y>
        <Z>14.6287756</Z>
      </Vector3>
      <Vector3>
        <X>-2363.55</X>
        <Y>-269.979736</Y>
        <Z>13.2690878</Z>
      </Vector3>
      <Vector3>
        <X>-2359.363</X>
        <Y>-272.965973</Y>
        <Z>14.6251135</Z>
      </Vector3>
      <Vector3>
        <X>-2364.7124</X>
        <Y>-271.656647</Y>
        <Z>14.72837</Z>
      </Vector3>
      <Vector3>
        <X>-2363.52563</X>
        <Y>-269.9941</Y>
        <Z>14.7247066</Z>
      </Vector3>
    </Bounds>
    <CenterCamPosition>
      <X>0</X>
      <Y>0</Y>
    </CenterCamPosition>
    <ScreenBounds />
    <DistanceToCam>0</DistanceToCam>
    <Speed>6.299884</Speed>
    <AccInput>0</AccInput>
    <RPM>1.35798967</RPM>
    <Gear>0</Gear>
    <SteeringAngle>5.853084E-41</SteeringAngle>
    <WheelSpeed>0</WheelSpeed>
    <CarType>Sports</CarType>
  </MyCar>
  <Peds />
  <Time>128062</Time>
  <LastFrameTime>0.0464042574</LastFrameTime>
  <MyProperty>0</MyProperty>
  <Weather>Clear</Weather>
  <Steering>126</Steering>
  <Acc>180</Acc>
  <Brake>169</Brake>
  <DayTime>15:16:13</DayTime>
  <Position>
    <X>-2362.774</X>
    <Y>-271.785553</Y>
    <Z>14.86696</Z>
  </Position>
  <Rotation>
    <X>0.6109862</X>
    <Y>0.594243348</Y>
    <Z>54.478157</Z>
  </Rotation>
</Screenshot>