<?xml version="1.0" encoding="utf-8"?>
<Screenshot xmlns:xsd="http://www.w3.org/2001/XMLSchema" xmlns:xsi="http://www.w3.org/2001/XMLSchema-instance">
  <Cars />
  <MyCar>
    <Position>
      <X>-2361.8125</X>
      <Y>-272.473846</Y>
      <Z>13.9438639</Z>
    </Position>
    <Rotation>
      <X>1.11095321</X>
      <Y>0.09427711</Y>
      <Z>54.47182</Z>
    </Rotation>
    <Handle>663810</Handle>
    <Bounds>
      <Vector3>
        <X>-2360.337</X>
        <Y>-274.783875</Y>
        <Z>13.1681414</Z>
      </Vector3>
      <Vector3>
        <X>-2359.15</X>
        <Y>-273.121429</Y>
        <Z>13.16478</Z>
      </Vector3>
      <Vector3>
        <X>-2364.49927</X>
        <Y>-271.8116</Y>
        <Z>13.2673254</Z>
      </Vector3>
      <Vector3>
        <X>-2360.3125</X>
        <Y>-274.7983</Y>
        <Z>14.6237621</Z>
      </Vector3>
      <Vector3>
        <X>-2363.31226</X>
        <Y>-270.14917</Y>
        <Z>13.2639637</Z>
      </Vector3>
      <Vector3>
        <X>-2359.12549</X>
        <Y>-273.1359</Y>
        <Z>14.6204014</Z>
      </Vector3>
      <Vector3>
        <X>-2364.47485</X>
        <Y>-271.82605</Y>
        <Z>14.7229471</Z>
      </Vector3>
      <Vector3>
        <X>-2363.28784</X>
        <Y>-270.163635</Y>
        <Z>14.7195854</Z>
      </Vector3>
    </Bounds>
    <CenterCamPosition>
      <X>0</X>
      <Y>0</Y>
    </CenterCamPosition>
    <ScreenBounds />
    <DistanceToCam>0</DistanceToCam>
    <Speed>6.27568769</Speed>
    <AccInput>0</AccInput>
    <RPM>1.35798967</RPM>
    <Gear>0</Gear>
    <SteeringAngle>5.853084E-41</SteeringAngle>
    <WheelSpeed>0</WheelSpeed>
    <CarType>Sports</CarType>
  </MyCar>
  <Peds />
  <Time>128016</Time>
  <LastFrameTime>0.0355864763</LastFrameTime>
  <MyProperty>0</MyProperty>
  <Weather>Clear</Weather>
  <Steering>127</Steering>
  <Acc>180</Acc>
  <Brake>169</Brake>
  <DayTime>15:16:13</DayTime>
  <Position>
    <X>-2362.59229</X>
    <Y>-271.915222</Y>
    <Z>14.8630247</Z>
  </Position>
  <Rotation>
    <X>0.6035672</X>
    <Y>0.5909327</Y>
    <Z>54.47795</Z>
  </Rotation>
</Screenshot>