<?xml version="1.0" encoding="utf-8"?>
<Screenshot xmlns:xsd="http://www.w3.org/2001/XMLSchema" xmlns:xsi="http://www.w3.org/2001/XMLSchema-instance">
  <Cars />
  <MyCar>
    <Position>
      <X>-2362.73926</X>
      <Y>-271.813843</Y>
      <Z>13.9640465</Z>
    </Position>
    <Rotation>
      <X>1.09820437</X>
      <Y>0.119477771</Y>
      <Z>54.5328751</Z>
    </Rotation>
    <Handle>663810</Handle>
    <Bounds>
      <Vector3>
        <X>-2361.26123</X>
        <Y>-274.122681</Y>
        <Z>13.18934</Z>
      </Vector3>
      <Vector3>
        <X>-2360.076</X>
        <Y>-272.458984</Y>
        <Z>13.18508</Z>
      </Vector3>
      <Vector3>
        <X>-2365.42676</X>
        <Y>-271.1548</Y>
        <Z>13.287385</Z>
      </Vector3>
      <Vector3>
        <X>-2361.23682</X>
        <Y>-274.136383</Y>
        <Z>14.6449661</Z>
      </Vector3>
      <Vector3>
        <X>-2364.24146</X>
        <Y>-269.4911</Y>
        <Z>13.2831259</Z>
      </Vector3>
      <Vector3>
        <X>-2360.05151</X>
        <Y>-272.4727</Y>
        <Z>14.6407061</Z>
      </Vector3>
      <Vector3>
        <X>-2365.40234</X>
        <Y>-271.168518</Y>
        <Z>14.7430115</Z>
      </Vector3>
      <Vector3>
        <X>-2364.217</X>
        <Y>-269.504822</Y>
        <Z>14.7387524</Z>
      </Vector3>
    </Bounds>
    <CenterCamPosition>
      <X>0</X>
      <Y>0</Y>
    </CenterCamPosition>
    <ScreenBounds />
    <DistanceToCam>0</DistanceToCam>
    <Speed>6.36834764</Speed>
    <AccInput>0</AccInput>
    <RPM>1.35798967</RPM>
    <Gear>0</Gear>
    <SteeringAngle>5.853084E-41</SteeringAngle>
    <WheelSpeed>0</WheelSpeed>
    <CarType>Sports</CarType>
  </MyCar>
  <Peds />
  <Time>128196</Time>
  <LastFrameTime>0.0468734354</LastFrameTime>
  <MyProperty>0</MyProperty>
  <Weather>Clear</Weather>
  <Steering>126</Steering>
  <Acc>180</Acc>
  <Brake>169</Brake>
  <DayTime>15:16:13</DayTime>
  <Position>
    <X>-2363.45776</X>
    <Y>-271.298431</Y>
    <Z>14.8817034</Z>
  </Position>
  <Rotation>
    <X>0.6052393</X>
    <Y>0.6113037</Y>
    <Z>54.51244</Z>
  </Rotation>
</Screenshot>