<?xml version="1.0" encoding="utf-8"?>
<Screenshot xmlns:xsd="http://www.w3.org/2001/XMLSchema" xmlns:xsi="http://www.w3.org/2001/XMLSchema-instance">
  <Cars />
  <MyCar>
    <Position>
      <X>-2362.396</X>
      <Y>-272.057678</Y>
      <Z>13.9565315</Z>
    </Position>
    <Rotation>
      <X>1.107138</X>
      <Y>0.110909939</Y>
      <Z>54.4975624</Z>
    </Rotation>
    <Handle>663810</Handle>
    <Bounds>
      <Vector3>
        <X>-2360.91943</X>
        <Y>-274.367249</Y>
        <Z>13.1812744</Z>
      </Vector3>
      <Vector3>
        <X>-2359.73315</X>
        <Y>-272.704285</Y>
        <Z>13.1773205</Z>
      </Vector3>
      <Vector3>
        <X>-2365.08325</X>
        <Y>-271.39682</Y>
        <Z>13.280118</Z>
      </Vector3>
      <Vector3>
        <X>-2360.895</X>
        <Y>-274.3813</Y>
        <Z>14.636898</Z>
      </Vector3>
      <Vector3>
        <X>-2363.897</X>
        <Y>-269.733856</Y>
        <Z>13.2761641</Z>
      </Vector3>
      <Vector3>
        <X>-2359.70874</X>
        <Y>-272.718323</Y>
        <Z>14.6329432</Z>
      </Vector3>
      <Vector3>
        <X>-2365.05859</X>
        <Y>-271.410858</Y>
        <Z>14.7357407</Z>
      </Vector3>
      <Vector3>
        <X>-2363.87231</X>
        <Y>-269.7479</Y>
        <Z>14.7317867</Z>
      </Vector3>
    </Bounds>
    <CenterCamPosition>
      <X>0</X>
      <Y>0</Y>
    </CenterCamPosition>
    <ScreenBounds />
    <DistanceToCam>0</DistanceToCam>
    <Speed>6.33444071</Speed>
    <AccInput>0</AccInput>
    <RPM>1.35798967</RPM>
    <Gear>0</Gear>
    <SteeringAngle>5.853084E-41</SteeringAngle>
    <WheelSpeed>0</WheelSpeed>
    <CarType>Sports</CarType>
  </MyCar>
  <Peds />
  <Time>128130</Time>
  <LastFrameTime>0.0477233566</LastFrameTime>
  <MyProperty>0</MyProperty>
  <Weather>Clear</Weather>
  <Steering>126</Steering>
  <Acc>180</Acc>
  <Brake>169</Brake>
  <DayTime>15:16:13</DayTime>
  <Position>
    <X>-2363.11157</X>
    <Y>-271.544556</Y>
    <Z>14.8742857</Z>
  </Position>
  <Rotation>
    <X>0.613619268</X>
    <Y>0.60365057</Y>
    <Z>54.48761</Z>
  </Rotation>
</Screenshot>