<?xml version="1.0" encoding="utf-8"?>
<Screenshot xmlns:xsd="http://www.w3.org/2001/XMLSchema" xmlns:xsi="http://www.w3.org/2001/XMLSchema-instance">
  <Cars />
  <MyCar>
    <Position>
      <X>-2362.496</X>
      <Y>-271.98642</Y>
      <Z>13.9587269</Z>
    </Position>
    <Rotation>
      <X>1.10520482</X>
      <Y>0.111337796</Y>
      <Z>54.5059853</Z>
    </Rotation>
    <Handle>663810</Handle>
    <Bounds>
      <Vector3>
        <X>-2361.01929</X>
        <Y>-274.2958</Y>
        <Z>13.1835632</Z>
      </Vector3>
      <Vector3>
        <X>-2359.83325</X>
        <Y>-272.63266</Y>
        <Z>13.179594</Z>
      </Vector3>
      <Vector3>
        <X>-2365.18335</X>
        <Y>-271.326</Y>
        <Z>13.2822342</Z>
      </Vector3>
      <Vector3>
        <X>-2360.99463</X>
        <Y>-274.309784</Y>
        <Z>14.6391878</Z>
      </Vector3>
      <Vector3>
        <X>-2363.99731</X>
        <Y>-269.662842</Y>
        <Z>13.278265</Z>
      </Vector3>
      <Vector3>
        <X>-2359.80859</X>
        <Y>-272.646667</Y>
        <Z>14.6352177</Z>
      </Vector3>
      <Vector3>
        <X>-2365.159</X>
        <Y>-271.34</Y>
        <Z>14.7378578</Z>
      </Vector3>
      <Vector3>
        <X>-2363.973</X>
        <Y>-269.676849</Y>
        <Z>14.7338886</Z>
      </Vector3>
    </Bounds>
    <CenterCamPosition>
      <X>0</X>
      <Y>0</Y>
    </CenterCamPosition>
    <ScreenBounds />
    <DistanceToCam>0</DistanceToCam>
    <Speed>6.34436941</Speed>
    <AccInput>0</AccInput>
    <RPM>1.35798967</RPM>
    <Gear>0</Gear>
    <SteeringAngle>5.853084E-41</SteeringAngle>
    <WheelSpeed>0</WheelSpeed>
    <CarType>Sports</CarType>
  </MyCar>
  <Peds />
  <Time>128149</Time>
  <LastFrameTime>0.0193948671</LastFrameTime>
  <MyProperty>0</MyProperty>
  <Weather>Clear</Weather>
  <Steering>126</Steering>
  <Acc>180</Acc>
  <Brake>169</Brake>
  <DayTime>15:16:13</DayTime>
  <Position>
    <X>-2363.35742</X>
    <Y>-271.369568</Y>
    <Z>14.8795481</Z>
  </Position>
  <Rotation>
    <X>0.607172549</X>
    <Y>0.6108757</Y>
    <Z>54.50403</Z>
  </Rotation>
</Screenshot>