<?xml version="1.0" encoding="utf-8"?>
<Screenshot xmlns:xsd="http://www.w3.org/2001/XMLSchema" xmlns:xsi="http://www.w3.org/2001/XMLSchema-instance">
  <Cars />
  <MyCar>
    <Position>
      <X>-2362.83838</X>
      <Y>-271.743469</Y>
      <Z>13.9662256</Z>
    </Position>
    <Rotation>
      <X>1.09627521</X>
      <Y>0.119461857</Y>
      <Z>54.5455856</Z>
    </Rotation>
    <Handle>663810</Handle>
    <Bounds>
      <Vector3>
        <X>-2361.35986</X>
        <Y>-274.051971</Y>
        <Z>13.1916037</Z>
      </Vector3>
      <Vector3>
        <X>-2360.175</X>
        <Y>-272.388031</Y>
        <Z>13.1873446</Z>
      </Vector3>
      <Vector3>
        <X>-2365.52612</X>
        <Y>-271.085022</Y>
        <Z>13.2894773</Z>
      </Vector3>
      <Vector3>
        <X>-2361.33545</X>
        <Y>-274.065674</Y>
        <Z>14.6472311</Z>
      </Vector3>
      <Vector3>
        <X>-2364.341</X>
        <Y>-269.421082</Y>
        <Z>13.2852182</Z>
      </Vector3>
      <Vector3>
        <X>-2360.15063</X>
        <Y>-272.4017</Y>
        <Z>14.642972</Z>
      </Vector3>
      <Vector3>
        <X>-2365.50171</X>
        <Y>-271.098724</Y>
        <Z>14.7451048</Z>
      </Vector3>
      <Vector3>
        <X>-2364.31665</X>
        <Y>-269.434753</Y>
        <Z>14.7408457</Z>
      </Vector3>
    </Bounds>
    <CenterCamPosition>
      <X>0</X>
      <Y>0</Y>
    </CenterCamPosition>
    <ScreenBounds />
    <DistanceToCam>0</DistanceToCam>
    <Speed>6.378078</Speed>
    <AccInput>0</AccInput>
    <RPM>1.35798967</RPM>
    <Gear>0</Gear>
    <SteeringAngle>5.853084E-41</SteeringAngle>
    <WheelSpeed>0</WheelSpeed>
    <CarType>Sports</CarType>
  </MyCar>
  <Peds />
  <Time>128215</Time>
  <LastFrameTime>0.019088598</LastFrameTime>
  <MyProperty>0</MyProperty>
  <Weather>Clear</Weather>
  <Steering>124</Steering>
  <Acc>180</Acc>
  <Brake>169</Brake>
  <DayTime>15:16:13</DayTime>
  <Position>
    <X>-2363.70117</X>
    <Y>-271.126129</Y>
    <Z>14.886878</Z>
  </Position>
  <Rotation>
    <X>0.5982393</X>
    <Y>0.619443953</Y>
    <Z>54.5393372</Z>
  </Rotation>
</Screenshot>