<?xml version="1.0" encoding="utf-8"?>
<Screenshot xmlns:xsd="http://www.w3.org/2001/XMLSchema" xmlns:xsi="http://www.w3.org/2001/XMLSchema-instance">
  <Cars />
  <MyCar>
    <Position>
      <X>-2363.08716</X>
      <Y>-271.567566</Y>
      <Z>13.9716673</Z>
    </Position>
    <Rotation>
      <X>1.0896368</X>
      <Y>0.126324639</Y>
      <Z>54.58833</Z>
    </Rotation>
    <Handle>663810</Handle>
    <Bounds>
      <Vector3>
        <X>-2361.607</X>
        <Y>-273.8751</Y>
        <Z>13.197463</Z>
      </Vector3>
      <Vector3>
        <X>-2360.42334</X>
        <Y>-272.210266</Y>
        <Z>13.1929588</Z>
      </Vector3>
      <Vector3>
        <X>-2365.77539</X>
        <Y>-270.911255</Y>
        <Z>13.2947435</Z>
      </Vector3>
      <Vector3>
        <X>-2361.58252</X>
        <Y>-273.888519</Y>
        <Z>14.6530933</Z>
      </Vector3>
      <Vector3>
        <X>-2364.59155</X>
        <Y>-269.2464</Y>
        <Z>13.29024</Z>
      </Vector3>
      <Vector3>
        <X>-2360.399</X>
        <Y>-272.2237</Y>
        <Z>14.6485891</Z>
      </Vector3>
      <Vector3>
        <X>-2365.751</X>
        <Y>-270.924683</Y>
        <Z>14.7503738</Z>
      </Vector3>
      <Vector3>
        <X>-2364.56714</X>
        <Y>-269.259827</Y>
        <Z>14.7458706</Z>
      </Vector3>
    </Bounds>
    <CenterCamPosition>
      <X>0</X>
      <Y>0</Y>
    </CenterCamPosition>
    <ScreenBounds />
    <DistanceToCam>0</DistanceToCam>
    <Speed>6.40232468</Speed>
    <AccInput>0</AccInput>
    <RPM>1.35798967</RPM>
    <Gear>0</Gear>
    <SteeringAngle>5.853084E-41</SteeringAngle>
    <WheelSpeed>0</WheelSpeed>
    <CarType>Sports</CarType>
  </MyCar>
  <Peds />
  <Time>128263</Time>
  <LastFrameTime>0.04765788</LastFrameTime>
  <MyProperty>0</MyProperty>
  <Weather>Clear</Weather>
  <Steering>124</Steering>
  <Acc>180</Acc>
  <Brake>169</Brake>
  <DayTime>15:16:13</DayTime>
  <Position>
    <X>-2363.80054</X>
    <Y>-271.055939</Y>
    <Z>14.8890181</Z>
  </Position>
  <Rotation>
    <X>0.596310139</X>
    <Y>0.619428337</Y>
    <Z>54.55203</Z>
  </Rotation>
</Screenshot>