<?xml version="1.0" encoding="utf-8"?>
<Screenshot xmlns:xsd="http://www.w3.org/2001/XMLSchema" xmlns:xsi="http://www.w3.org/2001/XMLSchema-instance">
  <Cars />
  <MyCar>
    <Position>
      <X>-2363.2146</X>
      <Y>-271.4776</Y>
      <Z>13.9744549</Z>
    </Position>
    <Rotation>
      <X>1.08720183</X>
      <Y>0.126518369</Y>
      <Z>54.6140747</Z>
    </Rotation>
    <Handle>663810</Handle>
    <Bounds>
      <Vector3>
        <X>-2361.7334</X>
        <Y>-273.7845</Y>
        <Z>13.2003622</Z>
      </Vector3>
      <Vector3>
        <X>-2360.55029</X>
        <Y>-272.1191</Y>
        <Z>13.1958513</Z>
      </Vector3>
      <Vector3>
        <X>-2365.903</X>
        <Y>-270.8225</Y>
        <Z>13.2974253</Z>
      </Vector3>
      <Vector3>
        <X>-2361.709</X>
        <Y>-273.797852</Y>
        <Z>14.6559935</Z>
      </Vector3>
      <Vector3>
        <X>-2364.72021</X>
        <Y>-269.157135</Y>
        <Z>13.2929144</Z>
      </Vector3>
      <Vector3>
        <X>-2360.52612</X>
        <Y>-272.1325</Y>
        <Z>14.6514826</Z>
      </Vector3>
      <Vector3>
        <X>-2365.87866</X>
        <Y>-270.835876</Y>
        <Z>14.7530575</Z>
      </Vector3>
      <Vector3>
        <X>-2364.6958</X>
        <Y>-269.1705</Y>
        <Z>14.7485466</Z>
      </Vector3>
    </Bounds>
    <CenterCamPosition>
      <X>0</X>
      <Y>0</Y>
    </CenterCamPosition>
    <ScreenBounds />
    <DistanceToCam>0</DistanceToCam>
    <Speed>6.4146924</Speed>
    <AccInput>0</AccInput>
    <RPM>1.35798967</RPM>
    <Gear>0</Gear>
    <SteeringAngle>5.853084E-41</SteeringAngle>
    <WheelSpeed>0</WheelSpeed>
    <CarType>Sports</CarType>
  </MyCar>
  <Peds />
  <Time>128287</Time>
  <LastFrameTime>0.0243507158</LastFrameTime>
  <MyProperty>0</MyProperty>
  <Weather>Clear</Weather>
  <Steering>124</Steering>
  <Acc>180</Acc>
  <Brake>169</Brake>
  <DayTime>15:16:13</DayTime>
  <Position>
    <X>-2364.0498</X>
    <Y>-270.8806</Y>
    <Z>14.8943224</Z>
  </Position>
  <Rotation>
    <X>0.589672</X>
    <Y>0.626291454</Y>
    <Z>54.5947762</Z>
  </Rotation>
</Screenshot>