<?xml version="1.0" encoding="utf-8"?>
<Screenshot xmlns:xsd="http://www.w3.org/2001/XMLSchema" xmlns:xsi="http://www.w3.org/2001/XMLSchema-instance">
  <Cars />
  <MyCar>
    <Position>
      <X>-2363.37231</X>
      <Y>-271.366638</Y>
      <Z>13.9778938</Z>
    </Position>
    <Rotation>
      <X>1.08443546</X>
      <Y>0.127743587</Y>
      <Z>54.6503525</Z>
    </Rotation>
    <Handle>663810</Handle>
    <Bounds>
      <Vector3>
        <X>-2361.88965</X>
        <Y>-273.672638</Y>
        <Z>13.2039452</Z>
      </Vector3>
      <Vector3>
        <X>-2360.70776</X>
        <Y>-272.0065</Y>
        <Z>13.1993914</Z>
      </Vector3>
      <Vector3>
        <X>-2366.061</X>
        <Y>-270.7133</Y>
        <Z>13.3007622</Z>
      </Vector3>
      <Vector3>
        <X>-2361.86523</X>
        <Y>-273.6859</Y>
        <Z>14.6595783</Z>
      </Vector3>
      <Vector3>
        <X>-2364.87939</X>
        <Y>-269.04715</Y>
        <Z>13.2962074</Z>
      </Vector3>
      <Vector3>
        <X>-2360.68335</X>
        <Y>-272.0198</Y>
        <Z>14.6550236</Z>
      </Vector3>
      <Vector3>
        <X>-2366.03687</X>
        <Y>-270.726563</Y>
        <Z>14.7563953</Z>
      </Vector3>
      <Vector3>
        <X>-2364.855</X>
        <Y>-269.060455</Y>
        <Z>14.7518406</Z>
      </Vector3>
    </Bounds>
    <CenterCamPosition>
      <X>0</X>
      <Y>0</Y>
    </CenterCamPosition>
    <ScreenBounds />
    <DistanceToCam>0</DistanceToCam>
    <Speed>6.42993546</Speed>
    <AccInput>0</AccInput>
    <RPM>1.35798967</RPM>
    <Gear>0</Gear>
    <SteeringAngle>5.853084E-41</SteeringAngle>
    <WheelSpeed>0</WheelSpeed>
    <CarType>Sports</CarType>
  </MyCar>
  <Peds />
  <Time>128317</Time>
  <LastFrameTime>0.0300159156</LastFrameTime>
  <MyProperty>0</MyProperty>
  <Weather>Clear</Weather>
  <Steering>124</Steering>
  <Acc>180</Acc>
  <Brake>169</Brake>
  <DayTime>15:16:13</DayTime>
  <Position>
    <X>-2364.17773</X>
    <Y>-270.791046</Y>
    <Z>14.8970594</Z>
  </Position>
  <Rotation>
    <X>0.5872368</X>
    <Y>0.626485467</Y>
    <Z>54.62049</Z>
  </Rotation>
</Screenshot>