<?xml version="1.0" encoding="utf-8"?>
<Screenshot xmlns:xsd="http://www.w3.org/2001/XMLSchema" xmlns:xsi="http://www.w3.org/2001/XMLSchema-instance">
  <Cars />
  <MyCar>
    <Position>
      <X>-2363.61279</X>
      <Y>-271.19812</Y>
      <Z>13.9831085</Z>
    </Position>
    <Rotation>
      <X>1.081452</X>
      <Y>0.129515857</Y>
      <Z>54.71459</Z>
    </Rotation>
    <Handle>663810</Handle>
    <Bounds>
      <Vector3>
        <X>-2362.12744</X>
        <Y>-273.502472</Y>
        <Z>13.2093239</Z>
      </Vector3>
      <Vector3>
        <X>-2360.94751</X>
        <Y>-271.835052</Y>
        <Z>13.2047062</Z>
      </Vector3>
      <Vector3>
        <X>-2366.30225</X>
        <Y>-270.547821</Y>
        <Z>13.3058748</Z>
      </Vector3>
      <Vector3>
        <X>-2362.103</X>
        <Y>-273.5157</Y>
        <Z>14.664958</Z>
      </Vector3>
      <Vector3>
        <X>-2365.12231</X>
        <Y>-268.880371</Y>
        <Z>13.3012571</Z>
      </Vector3>
      <Vector3>
        <X>-2360.923</X>
        <Y>-271.848236</Y>
        <Z>14.6603413</Z>
      </Vector3>
      <Vector3>
        <X>-2366.278</X>
        <Y>-270.561</Y>
        <Z>14.7615089</Z>
      </Vector3>
      <Vector3>
        <X>-2365.09814</X>
        <Y>-268.893555</Y>
        <Z>14.7568913</Z>
      </Vector3>
    </Bounds>
    <CenterCamPosition>
      <X>0</X>
      <Y>0</Y>
    </CenterCamPosition>
    <ScreenBounds />
    <DistanceToCam>0</DistanceToCam>
    <Speed>6.45275068</Speed>
    <AccInput>0</AccInput>
    <RPM>1.35798967</RPM>
    <Gear>0</Gear>
    <SteeringAngle>5.853084E-41</SteeringAngle>
    <WheelSpeed>0</WheelSpeed>
    <CarType>Sports</CarType>
  </MyCar>
  <Peds />
  <Time>128363</Time>
  <LastFrameTime>0.0455304421</LastFrameTime>
  <MyProperty>0</MyProperty>
  <Weather>Clear</Weather>
  <Steering>124</Steering>
  <Acc>179</Acc>
  <Brake>169</Brake>
  <DayTime>15:16:13</DayTime>
  <Position>
    <X>-2364.336</X>
    <Y>-270.680664</Y>
    <Z>14.9004412</Z>
  </Position>
  <Rotation>
    <X>0.5844704</X>
    <Y>0.627711</Y>
    <Z>54.65675</Z>
  </Rotation>
</Screenshot>