<?xml version="1.0" encoding="utf-8"?>
<Screenshot xmlns:xsd="http://www.w3.org/2001/XMLSchema" xmlns:xsi="http://www.w3.org/2001/XMLSchema-instance">
  <Cars />
  <MyCar>
    <Position>
      <X>-2363.71338</X>
      <Y>-271.127747</Y>
      <Z>13.9852915</Z>
    </Position>
    <Rotation>
      <X>1.08019507</X>
      <Y>0.1306391</Y>
      <Z>54.7434044</Z>
    </Rotation>
    <Handle>663810</Handle>
    <Bounds>
      <Vector3>
        <X>-2362.22681</X>
        <Y>-273.4314</Y>
        <Z>13.2115831</Z>
      </Vector3>
      <Vector3>
        <X>-2361.04761</X>
        <Y>-271.763367</Y>
        <Z>13.2069254</Z>
      </Vector3>
      <Vector3>
        <X>-2366.40332</X>
        <Y>-270.478821</Y>
        <Z>13.3080215</Z>
      </Vector3>
      <Vector3>
        <X>-2362.20239</X>
        <Y>-273.444519</Y>
        <Z>14.6672182</Z>
      </Vector3>
      <Vector3>
        <X>-2365.224</X>
        <Y>-268.81076</Y>
        <Z>13.3033638</Z>
      </Vector3>
      <Vector3>
        <X>-2361.02344</X>
        <Y>-271.7765</Y>
        <Z>14.66256</Z>
      </Vector3>
      <Vector3>
        <X>-2366.379</X>
        <Y>-270.491943</Y>
        <Z>14.7636557</Z>
      </Vector3>
      <Vector3>
        <X>-2365.19971</X>
        <Y>-268.8239</Y>
        <Z>14.7589989</Z>
      </Vector3>
    </Bounds>
    <CenterCamPosition>
      <X>0</X>
      <Y>0</Y>
    </CenterCamPosition>
    <ScreenBounds />
    <DistanceToCam>0</DistanceToCam>
    <Speed>6.462146</Speed>
    <AccInput>0</AccInput>
    <RPM>1.35798967</RPM>
    <Gear>0</Gear>
    <SteeringAngle>5.853084E-41</SteeringAngle>
    <WheelSpeed>0</WheelSpeed>
    <CarType>Sports</CarType>
  </MyCar>
  <Peds />
  <Time>128382</Time>
  <LastFrameTime>0.01899923</LastFrameTime>
  <MyProperty>0</MyProperty>
  <Weather>Clear</Weather>
  <Steering>124</Steering>
  <Acc>179</Acc>
  <Brake>169</Brake>
  <DayTime>15:16:13</DayTime>
  <Position>
    <X>-2364.57715</X>
    <Y>-270.513184</Y>
    <Z>14.9055939</Z>
  </Position>
  <Rotation>
    <X>0.5814871</X>
    <Y>0.629483461</Y>
    <Z>54.720974</Z>
  </Rotation>
</Screenshot>