<?xml version="1.0" encoding="utf-8"?>
<Screenshot xmlns:xsd="http://www.w3.org/2001/XMLSchema" xmlns:xsi="http://www.w3.org/2001/XMLSchema-instance">
  <Cars />
  <MyCar>
    <Position>
      <X>-2363.97681</X>
      <Y>-270.944031</Y>
      <Z>13.9909849</Z>
    </Position>
    <Rotation>
      <X>1.07806265</X>
      <Y>0.136611655</Y>
      <Z>54.8258438</Z>
    </Rotation>
    <Handle>663810</Handle>
    <Bounds>
      <Vector3>
        <X>-2362.487</X>
        <Y>-273.2456</Y>
        <Z>13.2174778</Z>
      </Vector3>
      <Vector3>
        <X>-2361.3103</X>
        <Y>-271.5759</Y>
        <Z>13.2126074</Z>
      </Vector3>
      <Vector3>
        <X>-2366.66772</X>
        <Y>-270.299042</Y>
        <Z>13.3137255</Z>
      </Vector3>
      <Vector3>
        <X>-2362.46265</X>
        <Y>-273.258545</Y>
        <Z>14.6731129</Z>
      </Vector3>
      <Vector3>
        <X>-2365.491</X>
        <Y>-268.6293</Y>
        <Z>13.3088551</Z>
      </Vector3>
      <Vector3>
        <X>-2361.286</X>
        <Y>-271.588837</Y>
        <Z>14.6682425</Z>
      </Vector3>
      <Vector3>
        <X>-2366.64331</X>
        <Y>-270.311981</Y>
        <Z>14.7693615</Z>
      </Vector3>
      <Vector3>
        <X>-2365.46655</X>
        <Y>-268.642242</Y>
        <Z>14.76449</Z>
      </Vector3>
    </Bounds>
    <CenterCamPosition>
      <X>0</X>
      <Y>0</Y>
    </CenterCamPosition>
    <ScreenBounds />
    <DistanceToCam>0</DistanceToCam>
    <Speed>6.48632145</Speed>
    <AccInput>0</AccInput>
    <RPM>1.35798967</RPM>
    <Gear>0</Gear>
    <SteeringAngle>5.853084E-41</SteeringAngle>
    <WheelSpeed>0</WheelSpeed>
    <CarType>Sports</CarType>
  </MyCar>
  <Peds />
  <Time>128431</Time>
  <LastFrameTime>0.0495498</LastFrameTime>
  <MyProperty>0</MyProperty>
  <Weather>Clear</Weather>
  <Steering>124</Steering>
  <Acc>179</Acc>
  <Brake>169</Brake>
  <DayTime>15:16:13</DayTime>
  <Position>
    <X>-2364.678</X>
    <Y>-270.443268</Y>
    <Z>14.9077511</Z>
  </Position>
  <Rotation>
    <X>0.5802302</X>
    <Y>0.630606651</Y>
    <Z>54.7497864</Z>
  </Rotation>
</Screenshot>