<?xml version="1.0" encoding="utf-8"?>
<Screenshot xmlns:xsd="http://www.w3.org/2001/XMLSchema" xmlns:xsi="http://www.w3.org/2001/XMLSchema-instance">
  <Cars />
  <MyCar>
    <Position>
      <X>-2364.24048</X>
      <Y>-270.760681</Y>
      <Z>13.996727</Z>
    </Position>
    <Rotation>
      <X>1.07319987</X>
      <Y>0.136537239</Y>
      <Z>54.9139977</Z>
    </Rotation>
    <Handle>663810</Handle>
    <Bounds>
      <Vector3>
        <X>-2362.747</X>
        <Y>-273.06</Y>
        <Z>13.2234344</Z>
      </Vector3>
      <Vector3>
        <X>-2361.573</X>
        <Y>-271.388458</Y>
        <Z>13.2185669</Z>
      </Vector3>
      <Vector3>
        <X>-2366.93213</X>
        <Y>-270.119873</Y>
        <Z>13.3192482</Z>
      </Vector3>
      <Vector3>
        <X>-2362.72266</X>
        <Y>-273.072845</Y>
        <Z>14.6790724</Z>
      </Vector3>
      <Vector3>
        <X>-2365.758</X>
        <Y>-268.448334</Y>
        <Z>13.3143806</Z>
      </Vector3>
      <Vector3>
        <X>-2361.54858</X>
        <Y>-271.4013</Y>
        <Z>14.6742039</Z>
      </Vector3>
      <Vector3>
        <X>-2366.908</X>
        <Y>-270.1327</Y>
        <Z>14.7748861</Z>
      </Vector3>
      <Vector3>
        <X>-2365.73364</X>
        <Y>-268.461151</Y>
        <Z>14.7700186</Z>
      </Vector3>
    </Bounds>
    <CenterCamPosition>
      <X>0</X>
      <Y>0</Y>
    </CenterCamPosition>
    <ScreenBounds />
    <DistanceToCam>0</DistanceToCam>
    <Speed>6.51000547</Speed>
    <AccInput>0</AccInput>
    <RPM>1.35798967</RPM>
    <Gear>0</Gear>
    <SteeringAngle>5.853084E-41</SteeringAngle>
    <WheelSpeed>0</WheelSpeed>
    <CarType>Sports</CarType>
  </MyCar>
  <Peds />
  <Time>128480</Time>
  <LastFrameTime>0.0493828543</LastFrameTime>
  <MyProperty>0</MyProperty>
  <Weather>Clear</Weather>
  <Steering>124</Steering>
  <Acc>179</Acc>
  <Brake>169</Brake>
  <DayTime>15:16:13</DayTime>
  <Position>
    <X>-2364.94238</X>
    <Y>-270.260834</Y>
    <Z>14.9134007</Z>
  </Position>
  <Rotation>
    <X>0.5780984</X>
    <Y>0.636579335</Y>
    <Z>54.8322639</Z>
  </Rotation>
</Screenshot>