<?xml version="1.0" encoding="utf-8"?>
<Screenshot xmlns:xsd="http://www.w3.org/2001/XMLSchema" xmlns:xsi="http://www.w3.org/2001/XMLSchema-instance">
  <Cars />
  <MyCar>
    <Position>
      <X>-2364.78931</X>
      <Y>-270.38092</Y>
      <Z>14.008853</Z>
    </Position>
    <Rotation>
      <X>1.087681</X>
      <Y>0.135277167</Y>
      <Z>55.1089668</Z>
    </Rotation>
    <Handle>663810</Handle>
    <Bounds>
      <Vector3>
        <X>-2363.28833</X>
        <Y>-272.675018</Y>
        <Z>13.2348948</Z>
      </Vector3>
      <Vector3>
        <X>-2362.11963</X>
        <Y>-270.9995</Y>
        <Z>13.230072</Z>
      </Vector3>
      <Vector3>
        <X>-2367.4834</X>
        <Y>-269.749146</Y>
        <Z>13.3320017</Z>
      </Vector3>
      <Vector3>
        <X>-2363.26367</X>
        <Y>-272.688019</Y>
        <Z>14.690526</Z>
      </Vector3>
      <Vector3>
        <X>-2366.315</X>
        <Y>-268.073639</Y>
        <Z>13.327179</Z>
      </Vector3>
      <Vector3>
        <X>-2362.09521</X>
        <Y>-271.012482</Y>
        <Z>14.6857033</Z>
      </Vector3>
      <Vector3>
        <X>-2367.45874</X>
        <Y>-269.762146</Y>
        <Z>14.787632</Z>
      </Vector3>
      <Vector3>
        <X>-2366.29028</X>
        <Y>-268.0866</Y>
        <Z>14.7828093</Z>
      </Vector3>
    </Bounds>
    <CenterCamPosition>
      <X>0</X>
      <Y>0</Y>
    </CenterCamPosition>
    <ScreenBounds />
    <DistanceToCam>0</DistanceToCam>
    <Speed>6.559423</Speed>
    <AccInput>0</AccInput>
    <RPM>1.35798967</RPM>
    <Gear>0</Gear>
    <SteeringAngle>5.853084E-41</SteeringAngle>
    <WheelSpeed>0</WheelSpeed>
    <CarType>Sports</CarType>
  </MyCar>
  <Peds />
  <Time>128583</Time>
  <LastFrameTime>0.0197113752</LastFrameTime>
  <MyProperty>0</MyProperty>
  <Weather>Clear</Weather>
  <Steering>124</Steering>
  <Acc>179</Acc>
  <Brake>169</Brake>
  <DayTime>15:16:13</DayTime>
  <Position>
    <X>-2365.65137</X>
    <Y>-269.775238</Y>
    <Z>14.92898</Z>
  </Position>
  <Rotation>
    <X>0.5804482</X>
    <Y>0.6404107</Y>
    <Z>55.076355</Z>
  </Rotation>
</Screenshot>