<?xml version="1.0" encoding="utf-8"?>
<Screenshot xmlns:xsd="http://www.w3.org/2001/XMLSchema" xmlns:xsi="http://www.w3.org/2001/XMLSchema-instance">
  <Cars />
  <MyCar>
    <Position>
      <X>-2364.42578</X>
      <Y>-270.632141</Y>
      <Z>14.00074</Z>
    </Position>
    <Rotation>
      <X>1.07058859</X>
      <Y>0.137672648</Y>
      <Z>54.97822</Z>
    </Rotation>
    <Handle>663810</Handle>
    <Bounds>
      <Vector3>
        <X>-2362.92969</X>
        <Y>-272.9298</Y>
        <Z>13.2275839</Z>
      </Vector3>
      <Vector3>
        <X>-2361.75757</X>
        <Y>-271.256958</Y>
        <Z>13.2226753</Z>
      </Vector3>
      <Vector3>
        <X>-2367.11816</X>
        <Y>-269.994354</Y>
        <Z>13.323164</Z>
      </Vector3>
      <Vector3>
        <X>-2362.90552</X>
        <Y>-272.942566</Y>
        <Z>14.6832228</Z>
      </Vector3>
      <Vector3>
        <X>-2365.946</X>
        <Y>-268.3215</Y>
        <Z>13.3182564</Z>
      </Vector3>
      <Vector3>
        <X>-2361.73315</X>
        <Y>-271.2697</Y>
        <Z>14.6783142</Z>
      </Vector3>
      <Vector3>
        <X>-2367.094</X>
        <Y>-270.0071</Y>
        <Z>14.7788029</Z>
      </Vector3>
      <Vector3>
        <X>-2365.92163</X>
        <Y>-268.334259</Y>
        <Z>14.7738953</Z>
      </Vector3>
    </Bounds>
    <CenterCamPosition>
      <X>0</X>
      <Y>0</Y>
    </CenterCamPosition>
    <ScreenBounds />
    <DistanceToCam>0</DistanceToCam>
    <Speed>6.52647161</Speed>
    <AccInput>0</AccInput>
    <RPM>1.35798967</RPM>
    <Gear>0</Gear>
    <SteeringAngle>5.853084E-41</SteeringAngle>
    <WheelSpeed>0</WheelSpeed>
    <CarType>Sports</CarType>
  </MyCar>
  <Peds />
  <Time>128515</Time>
  <LastFrameTime>0.0345922634</LastFrameTime>
  <MyProperty>0</MyProperty>
  <Weather>Clear</Weather>
  <Steering>124</Steering>
  <Acc>179</Acc>
  <Brake>169</Brake>
  <DayTime>15:16:13</DayTime>
  <Position>
    <X>-2365.20728</X>
    <Y>-270.078918</Y>
    <Z>14.9190426</Z>
  </Position>
  <Rotation>
    <X>0.5732353</X>
    <Y>0.636505365</Y>
    <Z>54.92037</Z>
  </Rotation>
</Screenshot>