<?xml version="1.0" encoding="utf-8"?>
<Screenshot xmlns:xsd="http://www.w3.org/2001/XMLSchema" xmlns:xsi="http://www.w3.org/2001/XMLSchema-instance">
  <Cars />
  <MyCar>
    <Position>
      <X>-2364.68286</X>
      <Y>-270.454346</Y>
      <Z>14.0065155</Z>
    </Position>
    <Rotation>
      <X>1.08041191</X>
      <Y>0.140443549</Y>
      <Z>55.06987</Z>
    </Rotation>
    <Handle>663810</Handle>
    <Bounds>
      <Vector3>
        <X>-2363.18335</X>
        <Y>-272.749573</Y>
        <Z>13.2329721</Z>
      </Vector3>
      <Vector3>
        <X>-2362.01367</X>
        <Y>-271.07486</Y>
        <Z>13.2279654</Z>
      </Vector3>
      <Vector3>
        <X>-2367.37646</X>
        <Y>-269.820831</Y>
        <Z>13.32943</Z>
      </Vector3>
      <Vector3>
        <X>-2363.15869</X>
        <Y>-272.7624</Y>
        <Z>14.6886063</Z>
      </Vector3>
      <Vector3>
        <X>-2366.20679</X>
        <Y>-268.146118</Y>
        <Z>13.3244228</Z>
      </Vector3>
      <Vector3>
        <X>-2361.989</X>
        <Y>-271.087646</Y>
        <Z>14.6835995</Z>
      </Vector3>
      <Vector3>
        <X>-2367.35181</X>
        <Y>-269.833618</Y>
        <Z>14.7850637</Z>
      </Vector3>
      <Vector3>
        <X>-2366.18237</X>
        <Y>-268.1589</Y>
        <Z>14.780057</Z>
      </Vector3>
    </Bounds>
    <CenterCamPosition>
      <X>0</X>
      <Y>0</Y>
    </CenterCamPosition>
    <ScreenBounds />
    <DistanceToCam>0</DistanceToCam>
    <Speed>6.5488224</Speed>
    <AccInput>0</AccInput>
    <RPM>1.35798967</RPM>
    <Gear>0</Gear>
    <SteeringAngle>5.853084E-41</SteeringAngle>
    <WheelSpeed>0</WheelSpeed>
    <CarType>Sports</CarType>
  </MyCar>
  <Peds />
  <Time>128563</Time>
  <LastFrameTime>0.04780124</LastFrameTime>
  <MyProperty>0</MyProperty>
  <Weather>Clear</Weather>
  <Steering>124</Steering>
  <Acc>179</Acc>
  <Brake>169</Brake>
  <DayTime>15:16:13</DayTime>
  <Position>
    <X>-2365.39331</X>
    <Y>-269.951447</Y>
    <Z>14.9230013</Z>
  </Position>
  <Rotation>
    <X>0.570623934</X>
    <Y>0.637641</Y>
    <Z>54.98457</Z>
  </Rotation>
</Screenshot>