<?xml version="1.0" encoding="utf-8"?>
<Screenshot xmlns:xsd="http://www.w3.org/2001/XMLSchema" xmlns:xsi="http://www.w3.org/2001/XMLSchema-instance">
  <Cars />
  <MyCar>
    <Position>
      <X>-2365.0415</X>
      <Y>-270.2075</Y>
      <Z>14.0145206</Z>
    </Position>
    <Rotation>
      <X>1.10012281</X>
      <Y>0.134711877</Y>
      <Z>55.201355</Z>
    </Rotation>
    <Handle>663810</Handle>
    <Bounds>
      <Vector3>
        <X>-2363.53687</X>
        <Y>-272.499054</Y>
        <Z>13.24</Z>
      </Vector3>
      <Vector3>
        <X>-2362.371</X>
        <Y>-270.821655</Y>
        <Z>13.2351971</Z>
      </Vector3>
      <Vector3>
        <X>-2367.73657</X>
        <Y>-269.58</Y>
        <Z>13.3382177</Z>
      </Vector3>
      <Vector3>
        <X>-2363.512</X>
        <Y>-272.5122</Y>
        <Z>14.6956253</Z>
      </Vector3>
      <Vector3>
        <X>-2366.5708</X>
        <Y>-267.902557</Y>
        <Z>13.333415</Z>
      </Vector3>
      <Vector3>
        <X>-2362.34619</X>
        <Y>-270.8348</Y>
        <Z>14.6908226</Z>
      </Vector3>
      <Vector3>
        <X>-2367.71167</X>
        <Y>-269.5931</Y>
        <Z>14.7938423</Z>
      </Vector3>
      <Vector3>
        <X>-2366.546</X>
        <Y>-267.9157</Y>
        <Z>14.78904</Z>
      </Vector3>
    </Bounds>
    <CenterCamPosition>
      <X>0</X>
      <Y>0</Y>
    </CenterCamPosition>
    <ScreenBounds />
    <DistanceToCam>0</DistanceToCam>
    <Speed>6.58187628</Speed>
    <AccInput>0</AccInput>
    <RPM>1.35798967</RPM>
    <Gear>0</Gear>
    <SteeringAngle>5.853084E-41</SteeringAngle>
    <WheelSpeed>0</WheelSpeed>
    <CarType>Sports</CarType>
  </MyCar>
  <Peds />
  <Time>128629</Time>
  <LastFrameTime>0.0465463772</LastFrameTime>
  <MyProperty>0</MyProperty>
  <Weather>Clear</Weather>
  <Steering>124</Steering>
  <Acc>179</Acc>
  <Brake>169</Brake>
  <DayTime>15:16:13</DayTime>
  <Position>
    <X>-2365.758</X>
    <Y>-269.7026</Y>
    <Z>14.9314671</Z>
  </Position>
  <Rotation>
    <X>0.5877172</X>
    <Y>0.635243654</Y>
    <Z>55.1154823</Z>
  </Rotation>
</Screenshot>