<?xml version="1.0" encoding="utf-8"?>
<Screenshot xmlns:xsd="http://www.w3.org/2001/XMLSchema" xmlns:xsi="http://www.w3.org/2001/XMLSchema-instance">
  <Cars />
  <MyCar>
    <Position>
      <X>-2365.324</X>
      <Y>-270.014</Y>
      <Z>14.0208426</Z>
    </Position>
    <Rotation>
      <X>1.11200213</X>
      <Y>0.135559738</Y>
      <Z>55.30487</Z>
    </Rotation>
    <Handle>663810</Handle>
    <Bounds>
      <Vector3>
        <X>-2363.81543</X>
        <Y>-272.3028</Y>
        <Z>13.24581</Z>
      </Vector3>
      <Vector3>
        <X>-2362.65259</X>
        <Y>-270.62326</Y>
        <Z>13.2409773</Z>
      </Vector3>
      <Vector3>
        <X>-2368.02051</X>
        <Y>-269.3913</Y>
        <Z>13.345088</Z>
      </Vector3>
      <Vector3>
        <X>-2363.79</X>
        <Y>-272.31604</Y>
        <Z>14.7014294</Z>
      </Vector3>
      <Vector3>
        <X>-2366.85767</X>
        <Y>-267.7118</Y>
        <Z>13.3402548</Z>
      </Vector3>
      <Vector3>
        <X>-2362.62744</X>
        <Y>-270.636536</Y>
        <Z>14.6965961</Z>
      </Vector3>
      <Vector3>
        <X>-2367.995</X>
        <Y>-269.404541</Y>
        <Z>14.8007069</Z>
      </Vector3>
      <Vector3>
        <X>-2366.83252</X>
        <Y>-267.725037</Y>
        <Z>14.7958736</Z>
      </Vector3>
    </Bounds>
    <CenterCamPosition>
      <X>0</X>
      <Y>0</Y>
    </CenterCamPosition>
    <ScreenBounds />
    <DistanceToCam>0</DistanceToCam>
    <Speed>6.60583353</Speed>
    <AccInput>0</AccInput>
    <RPM>1.35798967</RPM>
    <Gear>0</Gear>
    <SteeringAngle>5.853084E-41</SteeringAngle>
    <WheelSpeed>0</WheelSpeed>
    <CarType>Sports</CarType>
  </MyCar>
  <Peds />
  <Time>128681</Time>
  <LastFrameTime>0.0282726344</LastFrameTime>
  <MyProperty>0</MyProperty>
  <Weather>Clear</Weather>
  <Steering>124</Steering>
  <Acc>179</Acc>
  <Brake>169</Brake>
  <DayTime>15:16:13</DayTime>
  <Position>
    <X>-2366.14014</X>
    <Y>-269.4437</Y>
    <Z>14.9403687</Z>
  </Position>
  <Rotation>
    <X>0.6051227</X>
    <Y>0.63456</Y>
    <Z>55.25505</Z>
  </Rotation>
</Screenshot>