<?xml version="1.0" encoding="utf-8"?>
<Screenshot xmlns:xsd="http://www.w3.org/2001/XMLSchema" xmlns:xsi="http://www.w3.org/2001/XMLSchema-instance">
  <Cars />
  <MyCar>
    <Position>
      <X>-2365.17</X>
      <Y>-270.119476</Y>
      <Z>14.017395</Z>
    </Position>
    <Rotation>
      <X>1.10508561</X>
      <Y>0.134595379</Y>
      <Z>55.24835</Z>
    </Rotation>
    <Handle>663810</Handle>
    <Bounds>
      <Vector3>
        <X>-2363.66333</X>
        <Y>-272.4098</Y>
        <Z>13.2426519</Z>
      </Vector3>
      <Vector3>
        <X>-2362.499</X>
        <Y>-270.7314</Y>
        <Z>13.237854</Z>
      </Vector3>
      <Vector3>
        <X>-2367.86572</X>
        <Y>-269.494141</Y>
        <Z>13.3413124</Z>
      </Vector3>
      <Vector3>
        <X>-2363.63843</X>
        <Y>-272.422974</Y>
        <Z>14.6982746</Z>
      </Vector3>
      <Vector3>
        <X>-2366.70117</X>
        <Y>-267.815765</Y>
        <Z>13.3365135</Z>
      </Vector3>
      <Vector3>
        <X>-2362.474</X>
        <Y>-270.744629</Y>
        <Z>14.6934757</Z>
      </Vector3>
      <Vector3>
        <X>-2367.84058</X>
        <Y>-269.507324</Y>
        <Z>14.7969351</Z>
      </Vector3>
      <Vector3>
        <X>-2366.67627</X>
        <Y>-267.828979</Y>
        <Z>14.7921362</Z>
      </Vector3>
    </Bounds>
    <CenterCamPosition>
      <X>0</X>
      <Y>0</Y>
    </CenterCamPosition>
    <ScreenBounds />
    <DistanceToCam>0</DistanceToCam>
    <Speed>6.592887</Speed>
    <AccInput>0</AccInput>
    <RPM>1.35798967</RPM>
    <Gear>0</Gear>
    <SteeringAngle>5.853084E-41</SteeringAngle>
    <WheelSpeed>0</WheelSpeed>
    <CarType>Sports</CarType>
  </MyCar>
  <Peds />
  <Time>128653</Time>
  <LastFrameTime>0.0236106422</LastFrameTime>
  <MyProperty>0</MyProperty>
  <Weather>Clear</Weather>
  <Steering>124</Steering>
  <Acc>179</Acc>
  <Brake>169</Brake>
  <DayTime>15:16:13</DayTime>
  <Position>
    <X>-2366.01123</X>
    <Y>-269.530853</Y>
    <Z>14.9373922</Z>
  </Position>
  <Rotation>
    <X>0.600159466</X>
    <Y>0.634677</Y>
    <Z>55.208</Z>
  </Rotation>
</Screenshot>