<?xml version="1.0" encoding="utf-8"?>
<Screenshot xmlns:xsd="http://www.w3.org/2001/XMLSchema" xmlns:xsi="http://www.w3.org/2001/XMLSchema-instance">
  <Cars />
  <MyCar>
    <Position>
      <X>-2365.6958</X>
      <Y>-269.7603</Y>
      <Z>14.0291653</Z>
    </Position>
    <Rotation>
      <X>1.12890041</X>
      <Y>0.13462916</Y>
      <Z>55.4416046</Z>
    </Rotation>
    <Handle>663810</Handle>
    <Bounds>
      <Vector3>
        <X>-2364.182</X>
        <Y>-272.045349</Y>
        <Z>13.2533665</Z>
      </Vector3>
      <Vector3>
        <X>-2363.02319</X>
        <Y>-270.363068</Y>
        <Z>13.2485666</Z>
      </Vector3>
      <Vector3>
        <X>-2368.3938</X>
        <Y>-269.143921</Y>
        <Z>13.3541517</Z>
      </Vector3>
      <Vector3>
        <X>-2364.15625</X>
        <Y>-272.0588</Y>
        <Z>14.7089767</Z>
      </Vector3>
      <Vector3>
        <X>-2367.235</X>
        <Y>-267.461639</Y>
        <Z>13.3493519</Z>
      </Vector3>
      <Vector3>
        <X>-2362.99756</X>
        <Y>-270.376526</Y>
        <Z>14.7041769</Z>
      </Vector3>
      <Vector3>
        <X>-2368.36841</X>
        <Y>-269.157349</Y>
        <Z>14.809763</Z>
      </Vector3>
      <Vector3>
        <X>-2367.20947</X>
        <Y>-267.4751</Y>
        <Z>14.8049631</Z>
      </Vector3>
    </Bounds>
    <CenterCamPosition>
      <X>0</X>
      <Y>0</Y>
    </CenterCamPosition>
    <ScreenBounds />
    <DistanceToCam>0</DistanceToCam>
    <Speed>6.63496637</Speed>
    <AccInput>0</AccInput>
    <RPM>1.35798967</RPM>
    <Gear>0</Gear>
    <SteeringAngle>5.853084E-41</SteeringAngle>
    <WheelSpeed>0</WheelSpeed>
    <CarType>Sports</CarType>
  </MyCar>
  <Peds />
  <Time>128749</Time>
  <LastFrameTime>0.0196210779</LastFrameTime>
  <MyProperty>0</MyProperty>
  <Weather>Clear</Weather>
  <Steering>124</Steering>
  <Acc>177</Acc>
  <Brake>169</Brake>
  <DayTime>15:16:13</DayTime>
  <Position>
    <X>-2366.5603</X>
    <Y>-269.160553</Y>
    <Z>14.9501572</Z>
  </Position>
  <Rotation>
    <X>0.6257398</X>
    <Y>0.6350868</Y>
    <Z>55.40898</Z>
  </Rotation>
</Screenshot>