<?xml version="1.0" encoding="utf-8"?>
<Screenshot xmlns:xsd="http://www.w3.org/2001/XMLSchema" xmlns:xsi="http://www.w3.org/2001/XMLSchema-instance">
  <Cars />
  <MyCar>
    <Position>
      <X>-2365.95825</X>
      <Y>-269.582367</Y>
      <Z>14.0356255</Z>
    </Position>
    <Rotation>
      <X>1.168984</X>
      <Y>0.0917968154</Y>
      <Z>55.54038</Z>
    </Rotation>
    <Handle>663810</Handle>
    <Bounds>
      <Vector3>
        <X>-2364.44043</X>
        <Y>-271.864</Y>
        <Z>13.2572832</Z>
      </Vector3>
      <Vector3>
        <X>-2363.28467</X>
        <Y>-270.179718</Y>
        <Z>13.25401</Z>
      </Vector3>
      <Vector3>
        <X>-2368.65747</X>
        <Y>-268.96994</Y>
        <Z>13.3616467</Z>
      </Vector3>
      <Vector3>
        <X>-2364.41479</X>
        <Y>-271.878876</Y>
        <Z>14.7128754</Z>
      </Vector3>
      <Vector3>
        <X>-2367.50171</X>
        <Y>-267.285645</Y>
        <Z>13.3583746</Z>
      </Vector3>
      <Vector3>
        <X>-2363.25879</X>
        <Y>-270.1946</Y>
        <Z>14.7096024</Z>
      </Vector3>
      <Vector3>
        <X>-2368.63159</X>
        <Y>-268.9848</Y>
        <Z>14.81724</Z>
      </Vector3>
      <Vector3>
        <X>-2367.47583</X>
        <Y>-267.300537</Y>
        <Z>14.8139668</Z>
      </Vector3>
    </Bounds>
    <CenterCamPosition>
      <X>0</X>
      <Y>0</Y>
    </CenterCamPosition>
    <ScreenBounds />
    <DistanceToCam>0</DistanceToCam>
    <Speed>6.65345764</Speed>
    <AccInput>0</AccInput>
    <RPM>1.35798967</RPM>
    <Gear>0</Gear>
    <SteeringAngle>5.853084E-41</SteeringAngle>
    <WheelSpeed>0</WheelSpeed>
    <CarType>Sports</CarType>
  </MyCar>
  <Peds />
  <Time>128797</Time>
  <LastFrameTime>0.0477031842</LastFrameTime>
  <MyProperty>0</MyProperty>
  <Weather>Clear</Weather>
  <Steering>124</Steering>
  <Acc>177</Acc>
  <Brake>169</Brake>
  <DayTime>15:16:13</DayTime>
  <Position>
    <X>-2366.668</X>
    <Y>-269.088</Y>
    <Z>14.95263</Z>
  </Position>
  <Rotation>
    <X>0.6289389</X>
    <Y>0.634591</Y>
    <Z>55.4485664</Z>
  </Rotation>
</Screenshot>