<?xml version="1.0" encoding="utf-8"?>
<Screenshot xmlns:xsd="http://www.w3.org/2001/XMLSchema" xmlns:xsi="http://www.w3.org/2001/XMLSchema-instance">
  <Cars />
  <MyCar>
    <Position>
      <X>-2365.58838</X>
      <Y>-269.833557</Y>
      <Z>14.0267582</Z>
    </Position>
    <Rotation>
      <X>1.12570143</X>
      <Y>0.135124728</Y>
      <Z>55.40205</Z>
    </Rotation>
    <Handle>663810</Handle>
    <Bounds>
      <Vector3>
        <X>-2364.076</X>
        <Y>-272.119659</Y>
        <Z>13.25111</Z>
      </Vector3>
      <Vector3>
        <X>-2362.916</X>
        <Y>-270.438171</Y>
        <Z>13.2462921</Z>
      </Vector3>
      <Vector3>
        <X>-2368.286</X>
        <Y>-269.2153</Y>
        <Z>13.35161</Z>
      </Vector3>
      <Vector3>
        <X>-2364.05054</X>
        <Y>-272.1331</Y>
        <Z>14.7067223</Z>
      </Vector3>
      <Vector3>
        <X>-2367.12622</X>
        <Y>-267.533844</Y>
        <Z>13.3467932</Z>
      </Vector3>
      <Vector3>
        <X>-2362.89063</X>
        <Y>-270.4516</Y>
        <Z>14.7019043</Z>
      </Vector3>
      <Vector3>
        <X>-2368.2605</X>
        <Y>-269.228729</Y>
        <Z>14.8072224</Z>
      </Vector3>
      <Vector3>
        <X>-2367.10059</X>
        <Y>-267.547241</Y>
        <Z>14.8024054</Z>
      </Vector3>
    </Bounds>
    <CenterCamPosition>
      <X>0</X>
      <Y>0</Y>
    </CenterCamPosition>
    <ScreenBounds />
    <DistanceToCam>0</DistanceToCam>
    <Speed>6.62684631</Speed>
    <AccInput>0</AccInput>
    <RPM>1.35798967</RPM>
    <Gear>0</Gear>
    <SteeringAngle>5.853084E-41</SteeringAngle>
    <WheelSpeed>0</WheelSpeed>
    <CarType>Sports</CarType>
  </MyCar>
  <Peds />
  <Time>128729</Time>
  <LastFrameTime>0.0483473726</LastFrameTime>
  <MyProperty>0</MyProperty>
  <Weather>Clear</Weather>
  <Steering>124</Steering>
  <Acc>177</Acc>
  <Brake>169</Brake>
  <DayTime>15:16:13</DayTime>
  <Position>
    <X>-2366.295</X>
    <Y>-269.339233</Y>
    <Z>14.9439592</Z>
  </Position>
  <Rotation>
    <X>0.6120398</X>
    <Y>0.6355234</Y>
    <Z>55.311657</Z>
  </Rotation>
</Screenshot>