<?xml version="1.0" encoding="utf-8"?>
<Screenshot xmlns:xsd="http://www.w3.org/2001/XMLSchema" xmlns:xsi="http://www.w3.org/2001/XMLSchema-instance">
  <Cars />
  <MyCar>
    <Position>
      <X>-2366.06616</X>
      <Y>-269.5095</Y>
      <Z>14.0381241</Z>
    </Position>
    <Rotation>
      <X>1.17394972</X>
      <Y>0.0881501958</Y>
      <Z>55.5809059</Z>
    </Rotation>
    <Handle>663810</Handle>
    <Bounds>
      <Vector3>
        <X>-2364.54688</X>
        <Y>-271.789978</Y>
        <Z>13.2594957</Z>
      </Vector3>
      <Vector3>
        <X>-2363.392</X>
        <Y>-270.1049</Y>
        <Z>13.2563534</Z>
      </Vector3>
      <Vector3>
        <X>-2368.76587</X>
        <Y>-268.8989</Y>
        <Z>13.3643036</Z>
      </Vector3>
      <Vector3>
        <X>-2364.521</X>
        <Y>-271.805</Y>
        <Z>14.715086</Z>
      </Vector3>
      <Vector3>
        <X>-2367.61133</X>
        <Y>-267.2138</Y>
        <Z>13.3611612</Z>
      </Vector3>
      <Vector3>
        <X>-2363.36646</X>
        <Y>-270.1199</Y>
        <Z>14.7119436</Z>
      </Vector3>
      <Vector3>
        <X>-2368.74</X>
        <Y>-268.9139</Y>
        <Z>14.8198938</Z>
      </Vector3>
      <Vector3>
        <X>-2367.58545</X>
        <Y>-267.228821</Y>
        <Z>14.8167505</Z>
      </Vector3>
    </Bounds>
    <CenterCamPosition>
      <X>0</X>
      <Y>0</Y>
    </CenterCamPosition>
    <ScreenBounds />
    <DistanceToCam>0</DistanceToCam>
    <Speed>6.660545</Speed>
    <AccInput>0</AccInput>
    <RPM>1.35798967</RPM>
    <Gear>0</Gear>
    <SteeringAngle>5.853084E-41</SteeringAngle>
    <WheelSpeed>0</WheelSpeed>
    <CarType>Sports</CarType>
  </MyCar>
  <Peds />
  <Time>128816</Time>
  <LastFrameTime>0.0195379164</LastFrameTime>
  <MyProperty>0</MyProperty>
  <Weather>Clear</Weather>
  <Steering>126</Steering>
  <Acc>176</Acc>
  <Brake>169</Brake>
  <DayTime>15:16:13</DayTime>
  <Position>
    <X>-2366.9314</X>
    <Y>-268.9127</Y>
    <Z>14.959918</Z>
  </Position>
  <Rotation>
    <X>0.6690197</X>
    <Y>0.5917565</Y>
    <Z>55.5472832</Z>
  </Rotation>
</Screenshot>