<?xml version="1.0" encoding="utf-8"?>
<Screenshot xmlns:xsd="http://www.w3.org/2001/XMLSchema" xmlns:xsi="http://www.w3.org/2001/XMLSchema-instance">
  <Cars />
  <MyCar>
    <Position>
      <X>-2366.42969</X>
      <Y>-269.263916</Y>
      <Z>14.0462093</Z>
    </Position>
    <Rotation>
      <X>1.18286824</X>
      <Y>0.08895243</Y>
      <Z>55.70141</Z>
    </Rotation>
    <Handle>663810</Handle>
    <Bounds>
      <Vector3>
        <X>-2364.90576</X>
        <Y>-271.541138</Y>
        <Z>13.2671995</Z>
      </Vector3>
      <Vector3>
        <X>-2363.75464</X>
        <Y>-269.8536</Y>
        <Z>13.2640285</Z>
      </Vector3>
      <Vector3>
        <X>-2369.13086</X>
        <Y>-268.658936</Y>
        <Z>13.3728037</Z>
      </Vector3>
      <Vector3>
        <X>-2364.87964</X>
        <Y>-271.5562</Y>
        <Z>14.722785</Z>
      </Vector3>
      <Vector3>
        <X>-2367.97974</X>
        <Y>-266.971436</Y>
        <Z>13.3696318</Z>
      </Vector3>
      <Vector3>
        <X>-2363.72852</X>
        <Y>-269.868683</Y>
        <Z>14.719614</Z>
      </Vector3>
      <Vector3>
        <X>-2369.10474</X>
        <Y>-268.674</Y>
        <Z>14.8283892</Z>
      </Vector3>
      <Vector3>
        <X>-2367.95361</X>
        <Y>-266.986481</Y>
        <Z>14.8252172</Z>
      </Vector3>
    </Bounds>
    <CenterCamPosition>
      <X>0</X>
      <Y>0</Y>
    </CenterCamPosition>
    <ScreenBounds />
    <DistanceToCam>0</DistanceToCam>
    <Speed>6.68253374</Speed>
    <AccInput>0</AccInput>
    <RPM>1.35798967</RPM>
    <Gear>0</Gear>
    <SteeringAngle>5.853084E-41</SteeringAngle>
    <WheelSpeed>0</WheelSpeed>
    <CarType>Sports</CarType>
  </MyCar>
  <Peds />
  <Time>128882</Time>
  <LastFrameTime>0.0194631331</LastFrameTime>
  <MyProperty>0</MyProperty>
  <Weather>Clear</Weather>
  <Steering>127</Steering>
  <Acc>176</Acc>
  <Brake>169</Brake>
  <DayTime>15:16:13</DayTime>
  <Position>
    <X>-2367.29639</X>
    <Y>-268.669342</Y>
    <Z>14.9683294</Z>
  </Position>
  <Rotation>
    <X>0.679951668</X>
    <Y>0.588700354</Y>
    <Z>55.6748047</Z>
  </Rotation>
</Screenshot>