<?xml version="1.0" encoding="utf-8"?>
<Screenshot xmlns:xsd="http://www.w3.org/2001/XMLSchema" xmlns:xsi="http://www.w3.org/2001/XMLSchema-instance">
  <Cars />
  <MyCar>
    <Position>
      <X>-2366.32178</X>
      <Y>-269.336731</Y>
      <Z>14.0438108</Z>
    </Position>
    <Rotation>
      <X>1.17991579</X>
      <Y>0.08874192</Y>
      <Z>55.66782</Z>
    </Rotation>
    <Handle>663810</Handle>
    <Bounds>
      <Vector3>
        <X>-2364.799</X>
        <Y>-271.614868</Y>
        <Z>13.2649288</Z>
      </Vector3>
      <Vector3>
        <X>-2363.647</X>
        <Y>-269.928</Y>
        <Z>13.2617645</Z>
      </Vector3>
      <Vector3>
        <X>-2369.02246</X>
        <Y>-268.7302</Y>
        <Z>13.3702688</Z>
      </Vector3>
      <Vector3>
        <X>-2364.773</X>
        <Y>-271.6299</Y>
        <Z>14.7205153</Z>
      </Vector3>
      <Vector3>
        <X>-2367.87036</X>
        <Y>-267.043365</Y>
        <Z>13.3671045</Z>
      </Vector3>
      <Vector3>
        <X>-2363.62085</X>
        <Y>-269.943054</Y>
        <Z>14.7173519</Z>
      </Vector3>
      <Vector3>
        <X>-2368.99634</X>
        <Y>-268.745239</Y>
        <Z>14.8258553</Z>
      </Vector3>
      <Vector3>
        <X>-2367.84424</X>
        <Y>-267.0584</Y>
        <Z>14.8226919</Z>
      </Vector3>
    </Bounds>
    <CenterCamPosition>
      <X>0</X>
      <Y>0</Y>
    </CenterCamPosition>
    <ScreenBounds />
    <DistanceToCam>0</DistanceToCam>
    <Speed>6.67628241</Speed>
    <AccInput>0</AccInput>
    <RPM>1.35798967</RPM>
    <Gear>0</Gear>
    <SteeringAngle>5.853084E-41</SteeringAngle>
    <WheelSpeed>0</WheelSpeed>
    <CarType>Sports</CarType>
  </MyCar>
  <Peds />
  <Time>128862</Time>
  <LastFrameTime>0.04623111</LastFrameTime>
  <MyProperty>0</MyProperty>
  <Weather>Clear</Weather>
  <Steering>127</Steering>
  <Acc>176</Acc>
  <Brake>169</Brake>
  <DayTime>15:16:13</DayTime>
  <Position>
    <X>-2367.03979</X>
    <Y>-268.8406</Y>
    <Z>14.96252</Z>
  </Position>
  <Rotation>
    <X>0.6739852</X>
    <Y>0.588109434</Y>
    <Z>55.587822</Z>
  </Rotation>
</Screenshot>