<?xml version="1.0" encoding="utf-8"?>
<Screenshot xmlns:xsd="http://www.w3.org/2001/XMLSchema" xmlns:xsi="http://www.w3.org/2001/XMLSchema-instance">
  <Cars />
  <MyCar>
    <Position>
      <X>-2366.70483</X>
      <Y>-269.077759</Y>
      <Z>14.0523052</Z>
    </Position>
    <Rotation>
      <X>1.19171262</X>
      <Y>0.0910566449</Y>
      <Z>55.7700539</Z>
    </Rotation>
    <Handle>663810</Handle>
    <Bounds>
      <Vector3>
        <X>-2365.17822</X>
        <Y>-271.353119</Y>
        <Z>13.2729406</Z>
      </Vector3>
      <Vector3>
        <X>-2364.029</X>
        <Y>-269.6642</Y>
        <Z>13.2696943</Z>
      </Vector3>
      <Vector3>
        <X>-2369.40674</X>
        <Y>-268.475983</Y>
        <Z>13.3793344</Z>
      </Vector3>
      <Vector3>
        <X>-2365.15186</X>
        <Y>-271.368225</Y>
        <Z>14.7285213</Z>
      </Vector3>
      <Vector3>
        <X>-2368.25757</X>
        <Y>-266.787079</Y>
        <Z>13.3760872</Z>
      </Vector3>
      <Vector3>
        <X>-2364.003</X>
        <Y>-269.679321</Y>
        <Z>14.725275</Z>
      </Vector3>
      <Vector3>
        <X>-2369.38037</X>
        <Y>-268.4911</Y>
        <Z>14.8349142</Z>
      </Vector3>
      <Vector3>
        <X>-2368.2312</X>
        <Y>-266.802216</Y>
        <Z>14.8316679</Z>
      </Vector3>
    </Bounds>
    <CenterCamPosition>
      <X>0</X>
      <Y>0</Y>
    </CenterCamPosition>
    <ScreenBounds />
    <DistanceToCam>0</DistanceToCam>
    <Speed>6.697467</Speed>
    <AccInput>0</AccInput>
    <RPM>1.35798967</RPM>
    <Gear>0</Gear>
    <SteeringAngle>5.853084E-41</SteeringAngle>
    <WheelSpeed>0</WheelSpeed>
    <CarType>Sports</CarType>
  </MyCar>
  <Peds />
  <Time>128932</Time>
  <LastFrameTime>0.04964227</LastFrameTime>
  <MyProperty>0</MyProperty>
  <Weather>Clear</Weather>
  <Steering>127</Steering>
  <Acc>176</Acc>
  <Brake>169</Brake>
  <DayTime>15:16:13</DayTime>
  <Position>
    <X>-2367.40454</X>
    <Y>-268.597137</Y>
    <Z>14.970789</Z>
  </Position>
  <Rotation>
    <X>0.6829044</X>
    <Y>0.5889107</Y>
    <Z>55.7084236</Z>
  </Rotation>
</Screenshot>