<?xml version="1.0" encoding="utf-8"?>
<Screenshot xmlns:xsd="http://www.w3.org/2001/XMLSchema" xmlns:xsi="http://www.w3.org/2001/XMLSchema-instance">
  <Cars />
  <MyCar>
    <Position>
      <X>-2366.97437</X>
      <Y>-268.8953</Y>
      <Z>14.0582991</Z>
    </Position>
    <Rotation>
      <X>1.19889426</X>
      <Y>0.0901918858</Y>
      <Z>55.818367</Z>
    </Rotation>
    <Handle>663810</Handle>
    <Bounds>
      <Vector3>
        <X>-2365.4458</X>
        <Y>-271.169281</Y>
        <Z>13.2786007</Z>
      </Vector3>
      <Vector3>
        <X>-2364.29834</X>
        <Y>-269.479431</Y>
        <Z>13.2753849</Z>
      </Vector3>
      <Vector3>
        <X>-2369.67676</X>
        <Y>-268.295746</Y>
        <Z>13.3856344</Z>
      </Vector3>
      <Vector3>
        <X>-2365.41943</X>
        <Y>-271.1845</Y>
        <Z>14.7341776</Z>
      </Vector3>
      <Vector3>
        <X>-2368.5293</X>
        <Y>-266.605865</Y>
        <Z>13.38242</Z>
      </Vector3>
      <Vector3>
        <X>-2364.27173</X>
        <Y>-269.494659</Y>
        <Z>14.7309618</Z>
      </Vector3>
      <Vector3>
        <X>-2369.65039</X>
        <Y>-268.310974</Y>
        <Z>14.8412113</Z>
      </Vector3>
      <Vector3>
        <X>-2368.50269</X>
        <Y>-266.6211</Y>
        <Z>14.8379965</Z>
      </Vector3>
    </Bounds>
    <CenterCamPosition>
      <X>0</X>
      <Y>0</Y>
    </CenterCamPosition>
    <ScreenBounds />
    <DistanceToCam>0</DistanceToCam>
    <Speed>6.710671</Speed>
    <AccInput>0</AccInput>
    <RPM>1.35798967</RPM>
    <Gear>0</Gear>
    <SteeringAngle>5.853084E-41</SteeringAngle>
    <WheelSpeed>0</WheelSpeed>
    <CarType>Sports</CarType>
  </MyCar>
  <Peds />
  <Time>128980</Time>
  <LastFrameTime>0.0485307649</LastFrameTime>
  <MyProperty>0</MyProperty>
  <Weather>Clear</Weather>
  <Steering>127</Steering>
  <Acc>175</Acc>
  <Brake>169</Brake>
  <DayTime>15:16:13</DayTime>
  <Position>
    <X>-2367.68042</X>
    <Y>-268.4122</Y>
    <Z>14.977067</Z>
  </Position>
  <Rotation>
    <X>0.6917495</X>
    <Y>0.5910136</Y>
    <Z>55.7771835</Z>
  </Rotation>
</Screenshot>