<?xml version="1.0" encoding="utf-8"?>
<Screenshot xmlns:xsd="http://www.w3.org/2001/XMLSchema" xmlns:xsi="http://www.w3.org/2001/XMLSchema-instance">
  <Cars />
  <MyCar>
    <Position>
      <X>-2367.54443</X>
      <Y>-268.509277</Y>
      <Z>14.0714083</Z>
    </Position>
    <Rotation>
      <X>1.173125</X>
      <Y>0.077778995</Y>
      <Z>55.8714752</Z>
    </Rotation>
    <Handle>663810</Handle>
    <Bounds>
      <Vector3>
        <X>-2366.01343</X>
        <Y>-270.781921</Y>
        <Z>13.2926321</Z>
      </Vector3>
      <Vector3>
        <X>-2364.86743</X>
        <Y>-269.090973</Y>
        <Z>13.2898588</Z>
      </Vector3>
      <Vector3>
        <X>-2370.247</X>
        <Y>-267.9123</Y>
        <Z>13.3973656</Z>
      </Vector3>
      <Vector3>
        <X>-2365.98779</X>
        <Y>-270.797</Y>
        <Z>14.7482224</Z>
      </Vector3>
      <Vector3>
        <X>-2369.101</X>
        <Y>-266.221344</Y>
        <Z>13.3945923</Z>
      </Vector3>
      <Vector3>
        <X>-2364.84155</X>
        <Y>-269.106079</Y>
        <Z>14.74545</Z>
      </Vector3>
      <Vector3>
        <X>-2370.22144</X>
        <Y>-267.927368</Y>
        <Z>14.8529568</Z>
      </Vector3>
      <Vector3>
        <X>-2369.0752</X>
        <Y>-266.23645</Y>
        <Z>14.8501835</Z>
      </Vector3>
    </Bounds>
    <CenterCamPosition>
      <X>0</X>
      <Y>0</Y>
    </CenterCamPosition>
    <ScreenBounds />
    <DistanceToCam>0</DistanceToCam>
    <Speed>6.734876</Speed>
    <AccInput>0</AccInput>
    <RPM>1.35798967</RPM>
    <Gear>0</Gear>
    <SteeringAngle>5.853084E-41</SteeringAngle>
    <WheelSpeed>0</WheelSpeed>
    <CarType>Sports</CarType>
  </MyCar>
  <Peds />
  <Time>129082</Time>
  <LastFrameTime>0.0201240778</LastFrameTime>
  <MyProperty>0</MyProperty>
  <Weather>Clear</Weather>
  <Steering>127</Steering>
  <Acc>175</Acc>
  <Brake>169</Brake>
  <DayTime>15:16:13</DayTime>
  <Position>
    <X>-2368.40918</X>
    <Y>-267.921326</Y>
    <Z>14.9932213</Z>
  </Position>
  <Rotation>
    <X>0.6755037</X>
    <Y>0.577515364</Y>
    <Z>55.87128</Z>
  </Rotation>
</Screenshot>