<?xml version="1.0" encoding="utf-8"?>
<Screenshot xmlns:xsd="http://www.w3.org/2001/XMLSchema" xmlns:xsi="http://www.w3.org/2001/XMLSchema-instance">
  <Cars />
  <MyCar>
    <Position>
      <X>-2367.43213</X>
      <Y>-268.585236</Y>
      <Z>14.0687943</Z>
    </Position>
    <Rotation>
      <X>1.17546928</X>
      <Y>0.07755553</Y>
      <Z>55.8644753</Z>
    </Rotation>
    <Handle>663810</Handle>
    <Bounds>
      <Vector3>
        <X>-2365.90137</X>
        <Y>-270.858032</Y>
        <Z>13.2899094</Z>
      </Vector3>
      <Vector3>
        <X>-2364.75513</X>
        <Y>-269.167236</Y>
        <Z>13.2871447</Z>
      </Vector3>
      <Vector3>
        <X>-2370.13477</X>
        <Y>-267.987885</Y>
        <Z>13.3948526</Z>
      </Vector3>
      <Vector3>
        <X>-2365.87573</X>
        <Y>-270.873169</Y>
        <Z>14.7455</Z>
      </Vector3>
      <Vector3>
        <X>-2368.98853</X>
        <Y>-266.297119</Y>
        <Z>13.3920879</Z>
      </Vector3>
      <Vector3>
        <X>-2364.72925</X>
        <Y>-269.182373</Y>
        <Z>14.742734</Z>
      </Vector3>
      <Vector3>
        <X>-2370.109</X>
        <Y>-268.003021</Y>
        <Z>14.8504429</Z>
      </Vector3>
      <Vector3>
        <X>-2368.96265</X>
        <Y>-266.312225</Y>
        <Z>14.8476772</Z>
      </Vector3>
    </Bounds>
    <CenterCamPosition>
      <X>0</X>
      <Y>0</Y>
    </CenterCamPosition>
    <ScreenBounds />
    <DistanceToCam>0</DistanceToCam>
    <Speed>6.73067045</Speed>
    <AccInput>0</AccInput>
    <RPM>1.35798967</RPM>
    <Gear>0</Gear>
    <SteeringAngle>5.853084E-41</SteeringAngle>
    <WheelSpeed>0</WheelSpeed>
    <CarType>Sports</CarType>
  </MyCar>
  <Peds />
  <Time>129062</Time>
  <LastFrameTime>0.0481708124</LastFrameTime>
  <MyProperty>0</MyProperty>
  <Weather>Clear</Weather>
  <Steering>127</Steering>
  <Acc>175</Acc>
  <Brake>169</Brake>
  <DayTime>15:16:13</DayTime>
  <Position>
    <X>-2368.14038</X>
    <Y>-268.102661</Y>
    <Z>14.9874115</Z>
  </Position>
  <Rotation>
    <X>0.6920047</X>
    <Y>0.5874267</Y>
    <Z>55.8497543</Z>
  </Rotation>
</Screenshot>