<?xml version="1.0" encoding="utf-8"?>
<Screenshot xmlns:xsd="http://www.w3.org/2001/XMLSchema" xmlns:xsi="http://www.w3.org/2001/XMLSchema-instance">
  <Cars />
  <MyCar>
    <Position>
      <X>-2367.16382</X>
      <Y>-268.766937</Y>
      <Z>14.062644</Z>
    </Position>
    <Rotation>
      <X>1.19196844</X>
      <Y>0.08746961</Y>
      <Z>55.8426628</Z>
    </Rotation>
    <Handle>663810</Handle>
    <Bounds>
      <Vector3>
        <X>-2365.63428</X>
        <Y>-271.0403</Y>
        <Z>13.2832041</Z>
      </Vector3>
      <Vector3>
        <X>-2364.4873</X>
        <Y>-269.349945</Y>
        <Z>13.2800856</Z>
      </Vector3>
      <Vector3>
        <X>-2369.86646</X>
        <Y>-268.168549</Y>
        <Z>13.38962</Z>
      </Vector3>
      <Vector3>
        <X>-2365.608</X>
        <Y>-271.055481</Y>
        <Z>14.7387848</Z>
      </Vector3>
      <Vector3>
        <X>-2368.71948</X>
        <Y>-266.4782</Y>
        <Z>13.3865023</Z>
      </Vector3>
      <Vector3>
        <X>-2364.46118</X>
        <Y>-269.3651</Y>
        <Z>14.7356663</Z>
      </Vector3>
      <Vector3>
        <X>-2369.84</X>
        <Y>-268.183716</Y>
        <Z>14.8452005</Z>
      </Vector3>
      <Vector3>
        <X>-2368.693</X>
        <Y>-266.493378</Y>
        <Z>14.842082</Z>
      </Vector3>
    </Bounds>
    <CenterCamPosition>
      <X>0</X>
      <Y>0</Y>
    </CenterCamPosition>
    <ScreenBounds />
    <DistanceToCam>0</DistanceToCam>
    <Speed>6.719969</Speed>
    <AccInput>0</AccInput>
    <RPM>1.35798967</RPM>
    <Gear>0</Gear>
    <SteeringAngle>5.853084E-41</SteeringAngle>
    <WheelSpeed>0</WheelSpeed>
    <CarType>Sports</CarType>
  </MyCar>
  <Peds />
  <Time>129014</Time>
  <LastFrameTime>0.0340787135</LastFrameTime>
  <MyProperty>0</MyProperty>
  <Weather>Clear</Weather>
  <Steering>127</Steering>
  <Acc>175</Acc>
  <Brake>169</Brake>
  <DayTime>15:16:13</DayTime>
  <Position>
    <X>-2367.95044</X>
    <Y>-268.230621</Y>
    <Z>14.9832087</Z>
  </Position>
  <Rotation>
    <X>0.6989314</X>
    <Y>0.590148032</Y>
    <Z>55.82556</Z>
  </Rotation>
</Screenshot>