<?xml version="1.0" encoding="utf-8"?>
<Screenshot xmlns:xsd="http://www.w3.org/2001/XMLSchema" xmlns:xsi="http://www.w3.org/2001/XMLSchema-instance">
  <Cars />
  <MyCar>
    <Position>
      <X>-2368.17944</X>
      <Y>-268.078766</Y>
      <Z>14.0861626</Z>
    </Position>
    <Rotation>
      <X>1.15855229</X>
      <Y>0.0838202</Y>
      <Z>55.8860626</Z>
    </Rotation>
    <Handle>663810</Handle>
    <Bounds>
      <Vector3>
        <X>-2366.64771</X>
        <Y>-270.3512</Y>
        <Z>13.3081408</Z>
      </Vector3>
      <Vector3>
        <X>-2365.5022</X>
        <Y>-268.659973</Y>
        <Z>13.3051519</Z>
      </Vector3>
      <Vector3>
        <X>-2370.882</X>
        <Y>-267.4826</Y>
        <Z>13.4115734</Z>
      </Vector3>
      <Vector3>
        <X>-2366.62231</X>
        <Y>-270.365936</Y>
        <Z>14.7637386</Z>
      </Vector3>
      <Vector3>
        <X>-2369.73657</X>
        <Y>-265.791382</Y>
        <Z>13.4085855</Z>
      </Vector3>
      <Vector3>
        <X>-2365.47656</X>
        <Y>-268.6747</Y>
        <Z>14.76075</Z>
      </Vector3>
      <Vector3>
        <X>-2370.85669</X>
        <Y>-267.497375</Y>
        <Z>14.8671713</Z>
      </Vector3>
      <Vector3>
        <X>-2369.711</X>
        <Y>-265.806152</Y>
        <Z>14.8641834</Z>
      </Vector3>
    </Bounds>
    <CenterCamPosition>
      <X>0</X>
      <Y>0</Y>
    </CenterCamPosition>
    <ScreenBounds />
    <DistanceToCam>0</DistanceToCam>
    <Speed>6.7565465</Speed>
    <AccInput>0</AccInput>
    <RPM>1.35798967</RPM>
    <Gear>0</Gear>
    <SteeringAngle>5.853084E-41</SteeringAngle>
    <WheelSpeed>0</WheelSpeed>
    <CarType>Sports</CarType>
  </MyCar>
  <Peds />
  <Time>129196</Time>
  <LastFrameTime>0.047732044</LastFrameTime>
  <MyProperty>0</MyProperty>
  <Weather>Clear</Weather>
  <Steering>127</Steering>
  <Acc>175</Acc>
  <Brake>169</Brake>
  <DayTime>15:16:13</DayTime>
  <Position>
    <X>-2368.89</X>
    <Y>-267.5959</Y>
    <Z>15.0041752</Z>
  </Position>
  <Rotation>
    <X>0.665284</X>
    <Y>0.5803087</Y>
    <Z>55.88938</Z>
  </Rotation>
</Screenshot>