<?xml version="1.0" encoding="utf-8"?>
<Screenshot xmlns:xsd="http://www.w3.org/2001/XMLSchema" xmlns:xsi="http://www.w3.org/2001/XMLSchema-instance">
  <Cars />
  <MyCar>
    <Position>
      <X>-2367.9126</X>
      <Y>-268.2596</Y>
      <Z>14.0799589</Z>
    </Position>
    <Rotation>
      <X>1.16524982</X>
      <Y>0.08034775</Y>
      <Z>55.88265</Z>
    </Rotation>
    <Handle>663810</Handle>
    <Bounds>
      <Vector3>
        <X>-2366.381</X>
        <Y>-270.532043</Y>
        <Z>13.3015776</Z>
      </Vector3>
      <Vector3>
        <X>-2365.23535</X>
        <Y>-268.840881</Y>
        <Z>13.2987127</Z>
      </Vector3>
      <Vector3>
        <X>-2370.61523</X>
        <Y>-267.6632</Y>
        <Z>13.4056082</Z>
      </Vector3>
      <Vector3>
        <X>-2366.35547</X>
        <Y>-270.546967</Y>
        <Z>14.7571726</Z>
      </Vector3>
      <Vector3>
        <X>-2369.46948</X>
        <Y>-265.972076</Y>
        <Z>13.4027443</Z>
      </Vector3>
      <Vector3>
        <X>-2365.20972</X>
        <Y>-268.8558</Y>
        <Z>14.7543077</Z>
      </Vector3>
      <Vector3>
        <X>-2370.5896</X>
        <Y>-267.678131</Y>
        <Z>14.8612032</Z>
      </Vector3>
      <Vector3>
        <X>-2369.44385</X>
        <Y>-265.987</Y>
        <Z>14.8583393</Z>
      </Vector3>
    </Bounds>
    <CenterCamPosition>
      <X>0</X>
      <Y>0</Y>
    </CenterCamPosition>
    <ScreenBounds />
    <DistanceToCam>0</DistanceToCam>
    <Speed>6.74784946</Speed>
    <AccInput>0</AccInput>
    <RPM>1.35798967</RPM>
    <Gear>0</Gear>
    <SteeringAngle>5.853084E-41</SteeringAngle>
    <WheelSpeed>0</WheelSpeed>
    <CarType>Sports</CarType>
  </MyCar>
  <Peds />
  <Time>129148</Time>
  <LastFrameTime>0.0181409325</LastFrameTime>
  <MyProperty>0</MyProperty>
  <Weather>Clear</Weather>
  <Steering>127</Steering>
  <Acc>175</Acc>
  <Brake>169</Brake>
  <DayTime>15:16:13</DayTime>
  <Position>
    <X>-2368.78882</X>
    <Y>-267.66452</Y>
    <Z>15.0018463</Z>
  </Position>
  <Rotation>
    <X>0.666602</X>
    <Y>0.579813063</Y>
    <Z>55.8872</Z>
  </Rotation>
</Screenshot>