<?xml version="1.0" encoding="utf-8"?>
<Screenshot xmlns:xsd="http://www.w3.org/2001/XMLSchema" xmlns:xsi="http://www.w3.org/2001/XMLSchema-instance">
  <Cars />
  <MyCar>
    <Position>
      <X>-2367.81152</X>
      <Y>-268.328278</Y>
      <Z>14.0776024</Z>
    </Position>
    <Rotation>
      <X>1.166568</X>
      <Y>0.07985234</Y>
      <Z>55.88046</Z>
    </Rotation>
    <Handle>663810</Handle>
    <Bounds>
      <Vector3>
        <X>-2366.28027</X>
        <Y>-270.600739</Y>
        <Z>13.2991533</Z>
      </Vector3>
      <Vector3>
        <X>-2365.13428</X>
        <Y>-268.909637</Y>
        <Z>13.2963066</Z>
      </Vector3>
      <Vector3>
        <X>-2370.51416</X>
        <Y>-267.731781</Y>
        <Z>13.4033022</Z>
      </Vector3>
      <Vector3>
        <X>-2366.25439</X>
        <Y>-270.6157</Y>
        <Z>14.7547483</Z>
      </Vector3>
      <Vector3>
        <X>-2369.36841</X>
        <Y>-266.040649</Y>
        <Z>13.4004555</Z>
      </Vector3>
      <Vector3>
        <X>-2365.10864</X>
        <Y>-268.9246</Y>
        <Z>14.7519007</Z>
      </Vector3>
      <Vector3>
        <X>-2370.48853</X>
        <Y>-267.7467</Y>
        <Z>14.8588963</Z>
      </Vector3>
      <Vector3>
        <X>-2369.34277</X>
        <Y>-266.0556</Y>
        <Z>14.85605</Z>
      </Vector3>
    </Bounds>
    <CenterCamPosition>
      <X>0</X>
      <Y>0</Y>
    </CenterCamPosition>
    <ScreenBounds />
    <DistanceToCam>0</DistanceToCam>
    <Speed>6.74439859</Speed>
    <AccInput>0</AccInput>
    <RPM>1.35798967</RPM>
    <Gear>0</Gear>
    <SteeringAngle>5.853084E-41</SteeringAngle>
    <WheelSpeed>0</WheelSpeed>
    <CarType>Sports</CarType>
  </MyCar>
  <Peds />
  <Time>129130</Time>
  <LastFrameTime>0.0478657857</LastFrameTime>
  <MyProperty>0</MyProperty>
  <Weather>Clear</Weather>
  <Steering>127</Steering>
  <Acc>175</Acc>
  <Brake>169</Brake>
  <DayTime>15:16:13</DayTime>
  <Position>
    <X>-2368.52148</X>
    <Y>-267.845459</Y>
    <Z>14.9957867</Z>
  </Position>
  <Rotation>
    <X>0.6731593</X>
    <Y>0.57773906</Y>
    <Z>55.8782578</Z>
  </Rotation>
</Screenshot>