<?xml version="1.0" encoding="utf-8"?>
<Screenshot xmlns:xsd="http://www.w3.org/2001/XMLSchema" xmlns:xsi="http://www.w3.org/2001/XMLSchema-instance">
  <Cars />
  <MyCar>
    <Position>
      <X>-2368.30859</X>
      <Y>-267.991241</Y>
      <Z>14.089241</Z>
    </Position>
    <Rotation>
      <X>1.15201724</X>
      <Y>0.0782012</Y>
      <Z>55.8866348</Z>
    </Rotation>
    <Handle>663810</Handle>
    <Bounds>
      <Vector3>
        <X>-2366.77686</X>
        <Y>-270.263641</Y>
        <Z>13.311409</Z>
      </Vector3>
      <Vector3>
        <X>-2365.631</X>
        <Y>-268.572418</Y>
        <Z>13.30862</Z>
      </Vector3>
      <Vector3>
        <X>-2371.01123</X>
        <Y>-267.3951</Y>
        <Z>13.414258</Z>
      </Vector3>
      <Vector3>
        <X>-2366.75146</X>
        <Y>-270.2784</Y>
        <Z>14.7670107</Z>
      </Vector3>
      <Vector3>
        <X>-2369.86548</X>
        <Y>-265.7039</Y>
        <Z>13.41147</Z>
      </Vector3>
      <Vector3>
        <X>-2365.60571</X>
        <Y>-268.5872</Y>
        <Z>14.7642221</Z>
      </Vector3>
      <Vector3>
        <X>-2370.98584</X>
        <Y>-267.409882</Y>
        <Z>14.86986</Z>
      </Vector3>
      <Vector3>
        <X>-2369.84033</X>
        <Y>-265.718658</Y>
        <Z>14.8670721</Z>
      </Vector3>
    </Bounds>
    <CenterCamPosition>
      <X>0</X>
      <Y>0</Y>
    </CenterCamPosition>
    <ScreenBounds />
    <DistanceToCam>0</DistanceToCam>
    <Speed>6.760566</Speed>
    <AccInput>0</AccInput>
    <RPM>1.35798967</RPM>
    <Gear>0</Gear>
    <SteeringAngle>5.853084E-41</SteeringAngle>
    <WheelSpeed>0</WheelSpeed>
    <CarType>Sports</CarType>
  </MyCar>
  <Peds />
  <Time>129219</Time>
  <LastFrameTime>0.0230837483</LastFrameTime>
  <MyProperty>0</MyProperty>
  <Weather>Clear</Weather>
  <Steering>127</Steering>
  <Acc>175</Acc>
  <Brake>169</Brake>
  <DayTime>15:16:13</DayTime>
  <Position>
    <X>-2369.157</X>
    <Y>-267.414978</Y>
    <Z>15.0102406</Z>
  </Position>
  <Rotation>
    <X>0.6585864</X>
    <Y>0.58378166</Y>
    <Z>55.89277</Z>
  </Rotation>
</Screenshot>