<?xml version="1.0" encoding="utf-8"?>
<Screenshot xmlns:xsd="http://www.w3.org/2001/XMLSchema" xmlns:xsi="http://www.w3.org/2001/XMLSchema-instance">
  <Cars />
  <MyCar>
    <Position>
      <X>-2368.74829</X>
      <Y>-267.6934</Y>
      <Z>14.0995159</Z>
    </Position>
    <Rotation>
      <X>1.13816452</X>
      <Y>0.08161571</Y>
      <Z>55.886982</Z>
    </Rotation>
    <Handle>663810</Handle>
    <Bounds>
      <Vector3>
        <X>-2367.21631</X>
        <Y>-269.9659</Y>
        <Z>13.3223591</Z>
      </Vector3>
      <Vector3>
        <X>-2366.0708</X>
        <Y>-268.2747</Y>
        <Z>13.3194494</Z>
      </Vector3>
      <Vector3>
        <X>-2371.451</X>
        <Y>-267.097382</Y>
        <Z>13.4239721</Z>
      </Vector3>
      <Vector3>
        <X>-2367.19116</X>
        <Y>-269.9804</Y>
        <Z>14.7779675</Z>
      </Vector3>
      <Vector3>
        <X>-2370.30518</X>
        <Y>-265.406158</Y>
        <Z>13.4210625</Z>
      </Vector3>
      <Vector3>
        <X>-2366.04565</X>
        <Y>-268.289185</Y>
        <Z>14.7750578</Z>
      </Vector3>
      <Vector3>
        <X>-2371.42578</X>
        <Y>-267.1119</Y>
        <Z>14.8795815</Z>
      </Vector3>
      <Vector3>
        <X>-2370.28</X>
        <Y>-265.420654</Y>
        <Z>14.8766708</Z>
      </Vector3>
    </Bounds>
    <CenterCamPosition>
      <X>0</X>
      <Y>0</Y>
    </CenterCamPosition>
    <ScreenBounds />
    <DistanceToCam>0</DistanceToCam>
    <Speed>6.772667</Speed>
    <AccInput>0</AccInput>
    <RPM>1.35798967</RPM>
    <Gear>0</Gear>
    <SteeringAngle>5.853084E-41</SteeringAngle>
    <WheelSpeed>0</WheelSpeed>
    <CarType>Sports</CarType>
  </MyCar>
  <Peds />
  <Time>129298</Time>
  <LastFrameTime>0.0185722522</LastFrameTime>
  <MyProperty>0</MyProperty>
  <Weather>Clear</Weather>
  <Steering>127</Steering>
  <Acc>175</Acc>
  <Brake>169</Brake>
  <DayTime>15:16:13</DayTime>
  <Position>
    <X>-2369.622</X>
    <Y>-267.1</Y>
    <Z>15.0207767</Z>
  </Position>
  <Rotation>
    <X>0.639111757</X>
    <Y>0.5803737</Y>
    <Z>55.893383</Z>
  </Rotation>
</Screenshot>