<?xml version="1.0" encoding="utf-8"?>
<Screenshot xmlns:xsd="http://www.w3.org/2001/XMLSchema" xmlns:xsi="http://www.w3.org/2001/XMLSchema-instance">
  <Cars />
  <MyCar>
    <Position>
      <X>-2368.64429</X>
      <Y>-267.763916</Y>
      <Z>14.0971</Z>
    </Position>
    <Rotation>
      <X>1.139079</X>
      <Y>0.08040985</Y>
      <Z>55.88691</Z>
    </Rotation>
    <Handle>663810</Handle>
    <Bounds>
      <Vector3>
        <X>-2367.1123</X>
        <Y>-270.036438</Y>
        <Z>13.3198814</Z>
      </Vector3>
      <Vector3>
        <X>-2365.9668</X>
        <Y>-268.345184</Y>
        <Z>13.3170147</Z>
      </Vector3>
      <Vector3>
        <X>-2371.347</X>
        <Y>-267.1679</Y>
        <Z>13.4215765</Z>
      </Vector3>
      <Vector3>
        <X>-2367.08716</X>
        <Y>-270.050964</Y>
        <Z>14.77549</Z>
      </Vector3>
      <Vector3>
        <X>-2370.20117</X>
        <Y>-265.476654</Y>
        <Z>13.41871</Z>
      </Vector3>
      <Vector3>
        <X>-2365.94165</X>
        <Y>-268.359741</Y>
        <Z>14.7726231</Z>
      </Vector3>
      <Vector3>
        <X>-2371.32178</X>
        <Y>-267.182434</Y>
        <Z>14.8771849</Z>
      </Vector3>
      <Vector3>
        <X>-2370.176</X>
        <Y>-265.4912</Y>
        <Z>14.8743181</Z>
      </Vector3>
    </Bounds>
    <CenterCamPosition>
      <X>0</X>
      <Y>0</Y>
    </CenterCamPosition>
    <ScreenBounds />
    <DistanceToCam>0</DistanceToCam>
    <Speed>6.769905</Speed>
    <AccInput>0</AccInput>
    <RPM>1.35798967</RPM>
    <Gear>0</Gear>
    <SteeringAngle>5.853084E-41</SteeringAngle>
    <WheelSpeed>0</WheelSpeed>
    <CarType>Sports</CarType>
  </MyCar>
  <Peds />
  <Time>129279</Time>
  <LastFrameTime>0.05990616</LastFrameTime>
  <MyProperty>0</MyProperty>
  <Weather>Clear</Weather>
  <Steering>127</Steering>
  <Acc>175</Acc>
  <Brake>169</Brake>
  <DayTime>15:16:13</DayTime>
  <Position>
    <X>-2369.28613</X>
    <Y>-267.327484</Y>
    <Z>15.0131845</Z>
  </Position>
  <Rotation>
    <X>0.6520503</X>
    <Y>0.578163743</Y>
    <Z>55.89321</Z>
  </Rotation>
</Screenshot>