<?xml version="1.0" encoding="utf-8"?>
<Screenshot xmlns:xsd="http://www.w3.org/2001/XMLSchema" xmlns:xsi="http://www.w3.org/2001/XMLSchema-instance">
  <Cars />
  <MyCar>
    <Position>
      <X>-2369.12329</X>
      <Y>-267.4393</Y>
      <Z>14.108201</Z>
    </Position>
    <Rotation>
      <X>1.13370168</X>
      <Y>0.0874627456</Y>
      <Z>55.8871574</Z>
    </Rotation>
    <Handle>663810</Handle>
    <Bounds>
      <Vector3>
        <X>-2367.59131</X>
        <Y>-269.7119</Y>
        <Z>13.3313465</Z>
      </Vector3>
      <Vector3>
        <X>-2366.4458</X>
        <Y>-268.0207</Y>
        <Z>13.328229</Z>
      </Vector3>
      <Vector3>
        <X>-2371.826</X>
        <Y>-266.8434</Y>
        <Z>13.4325619</Z>
      </Vector3>
      <Vector3>
        <X>-2367.56616</X>
        <Y>-269.726227</Y>
        <Z>14.7869577</Z>
      </Vector3>
      <Vector3>
        <X>-2370.68018</X>
        <Y>-265.152161</Y>
        <Z>13.4294434</Z>
      </Vector3>
      <Vector3>
        <X>-2366.42065</X>
        <Y>-268.035</Y>
        <Z>14.7838392</Z>
      </Vector3>
      <Vector3>
        <X>-2371.80078</X>
        <Y>-266.857727</Y>
        <Z>14.8881721</Z>
      </Vector3>
      <Vector3>
        <X>-2370.655</X>
        <Y>-265.166473</Y>
        <Z>14.8850536</Z>
      </Vector3>
    </Bounds>
    <CenterCamPosition>
      <X>0</X>
      <Y>0</Y>
    </CenterCamPosition>
    <ScreenBounds />
    <DistanceToCam>0</DistanceToCam>
    <Speed>6.78189373</Speed>
    <AccInput>0</AccInput>
    <RPM>1.35798967</RPM>
    <Gear>0</Gear>
    <SteeringAngle>5.853084E-41</SteeringAngle>
    <WheelSpeed>0</WheelSpeed>
    <CarType>Sports</CarType>
  </MyCar>
  <Peds />
  <Time>129365</Time>
  <LastFrameTime>0.03250672</LastFrameTime>
  <MyProperty>0</MyProperty>
  <Weather>Clear</Weather>
  <Steering>127</Steering>
  <Acc>175</Acc>
  <Brake>169</Brake>
  <DayTime>15:16:13</DayTime>
  <Position>
    <X>-2369.91846</X>
    <Y>-266.898926</Y>
    <Z>15.0275831</Z>
  </Position>
  <Rotation>
    <X>0.635902166</X>
    <Y>0.585563838</Y>
    <Z>55.89361</Z>
  </Rotation>
</Screenshot>