<?xml version="1.0" encoding="utf-8"?>
<Screenshot xmlns:xsd="http://www.w3.org/2001/XMLSchema" xmlns:xsi="http://www.w3.org/2001/XMLSchema-instance">
  <Cars />
  <MyCar>
    <Position>
      <X>-2368.94067</X>
      <Y>-267.562927</Y>
      <Z>14.1039724</Z>
    </Position>
    <Rotation>
      <X>1.13586891</X>
      <Y>0.0855999738</Y>
      <Z>55.8871078</Z>
    </Rotation>
    <Handle>663810</Handle>
    <Bounds>
      <Vector3>
        <X>-2367.40869</X>
        <Y>-269.8355</Y>
        <Z>13.3269892</Z>
      </Vector3>
      <Vector3>
        <X>-2366.26318</X>
        <Y>-268.1443</Y>
        <Z>13.3239374</Z>
      </Vector3>
      <Vector3>
        <X>-2371.64331</X>
        <Y>-266.96698</Y>
        <Z>13.4283972</Z>
      </Vector3>
      <Vector3>
        <X>-2367.38354</X>
        <Y>-269.849884</Y>
        <Z>14.7825985</Z>
      </Vector3>
      <Vector3>
        <X>-2370.49756</X>
        <Y>-265.275757</Y>
        <Z>13.4253454</Z>
      </Vector3>
      <Vector3>
        <X>-2366.238</X>
        <Y>-268.158661</Y>
        <Z>14.7795467</Z>
      </Vector3>
      <Vector3>
        <X>-2371.61816</X>
        <Y>-266.981384</Y>
        <Z>14.8840065</Z>
      </Vector3>
      <Vector3>
        <X>-2370.47241</X>
        <Y>-265.290131</Y>
        <Z>14.8809547</Z>
      </Vector3>
    </Bounds>
    <CenterCamPosition>
      <X>0</X>
      <Y>0</Y>
    </CenterCamPosition>
    <ScreenBounds />
    <DistanceToCam>0</DistanceToCam>
    <Speed>6.777567</Speed>
    <AccInput>0</AccInput>
    <RPM>1.35798967</RPM>
    <Gear>0</Gear>
    <SteeringAngle>5.853084E-41</SteeringAngle>
    <WheelSpeed>0</WheelSpeed>
    <CarType>Sports</CarType>
  </MyCar>
  <Peds />
  <Time>129332</Time>
  <LastFrameTime>0.0343238525</LastFrameTime>
  <MyProperty>0</MyProperty>
  <Weather>Clear</Weather>
  <Steering>127</Steering>
  <Acc>175</Acc>
  <Brake>169</Brake>
  <DayTime>15:16:13</DayTime>
  <Position>
    <X>-2369.726</X>
    <Y>-267.02948</Y>
    <Z>15.0231733</Z>
  </Position>
  <Rotation>
    <X>0.6381974</X>
    <Y>0.5815795</Y>
    <Z>55.8934555</Z>
  </Rotation>
</Screenshot>