<?xml version="1.0" encoding="utf-8"?>
<Screenshot xmlns:xsd="http://www.w3.org/2001/XMLSchema" xmlns:xsi="http://www.w3.org/2001/XMLSchema-instance">
  <Cars />
  <MyCar>
    <Position>
      <X>-2369.77319</X>
      <Y>-266.999054</Y>
      <Z>14.1234913</Z>
    </Position>
    <Rotation>
      <X>1.14027083</X>
      <Y>0.09530455</Y>
      <Z>55.88717</Z>
    </Rotation>
    <Handle>663810</Handle>
    <Bounds>
      <Vector3>
        <X>-2368.24146</X>
        <Y>-269.271729</Y>
        <Z>13.3464851</Z>
      </Vector3>
      <Vector3>
        <X>-2367.0957</X>
        <Y>-267.580475</Y>
        <Z>13.3430872</Z>
      </Vector3>
      <Vector3>
        <X>-2372.47583</X>
        <Y>-266.4032</Y>
        <Z>13.448287</Z>
      </Vector3>
      <Vector3>
        <X>-2368.216</X>
        <Y>-269.28595</Y>
        <Z>14.8020926</Z>
      </Vector3>
      <Vector3>
        <X>-2371.33032</X>
        <Y>-264.711945</Y>
        <Z>13.4448891</Z>
      </Vector3>
      <Vector3>
        <X>-2367.07031</X>
        <Y>-267.594727</Y>
        <Z>14.7986946</Z>
      </Vector3>
      <Vector3>
        <X>-2372.45044</X>
        <Y>-266.417419</Y>
        <Z>14.9038935</Z>
      </Vector3>
      <Vector3>
        <X>-2371.305</X>
        <Y>-264.7262</Y>
        <Z>14.9004955</Z>
      </Vector3>
    </Bounds>
    <CenterCamPosition>
      <X>0</X>
      <Y>0</Y>
    </CenterCamPosition>
    <ScreenBounds />
    <DistanceToCam>0</DistanceToCam>
    <Speed>6.79578543</Speed>
    <AccInput>0</AccInput>
    <RPM>1.35798967</RPM>
    <Gear>0</Gear>
    <SteeringAngle>5.853084E-41</SteeringAngle>
    <WheelSpeed>0</WheelSpeed>
    <CarType>Sports</CarType>
  </MyCar>
  <Peds />
  <Time>129480</Time>
  <LastFrameTime>0.0405441858</LastFrameTime>
  <MyProperty>0</MyProperty>
  <Weather>Clear</Weather>
  <Steering>127</Steering>
  <Acc>175</Acc>
  <Brake>169</Brake>
  <DayTime>15:16:13</DayTime>
  <Position>
    <X>-2370.523</X>
    <Y>-266.489441</Y>
    <Z>15.04153</Z>
  </Position>
  <Rotation>
    <X>0.630812943</X>
    <Y>0.5935967</Y>
    <Z>55.89374</Z>
  </Rotation>
</Screenshot>