<?xml version="1.0" encoding="utf-8"?>
<Screenshot xmlns:xsd="http://www.w3.org/2001/XMLSchema" xmlns:xsi="http://www.w3.org/2001/XMLSchema-instance">
  <Cars />
  <MyCar>
    <Position>
      <X>-2369.54517</X>
      <Y>-267.1536</Y>
      <Z>14.1180248</Z>
    </Position>
    <Rotation>
      <X>1.130779</X>
      <Y>0.0936326459</Y>
      <Z>55.887207</Z>
    </Rotation>
    <Handle>663810</Handle>
    <Bounds>
      <Vector3>
        <X>-2368.01318</X>
        <Y>-269.4263</Y>
        <Z>13.3414106</Z>
      </Vector3>
      <Vector3>
        <X>-2366.86768</X>
        <Y>-267.735077</Y>
        <Z>13.3380718</Z>
      </Vector3>
      <Vector3>
        <X>-2372.2478</X>
        <Y>-266.55777</Y>
        <Z>13.4423647</Z>
      </Vector3>
      <Vector3>
        <X>-2367.988</X>
        <Y>-269.44046</Y>
        <Z>14.7970219</Z>
      </Vector3>
      <Vector3>
        <X>-2371.102</X>
        <Y>-264.866547</Y>
        <Z>13.4390259</Z>
      </Vector3>
      <Vector3>
        <X>-2366.84253</X>
        <Y>-267.7492</Y>
        <Z>14.793684</Z>
      </Vector3>
      <Vector3>
        <X>-2372.22266</X>
        <Y>-266.57193</Y>
        <Z>14.8979759</Z>
      </Vector3>
      <Vector3>
        <X>-2371.077</X>
        <Y>-264.880676</Y>
        <Z>14.8946381</Z>
      </Vector3>
    </Bounds>
    <CenterCamPosition>
      <X>0</X>
      <Y>0</Y>
    </CenterCamPosition>
    <ScreenBounds />
    <DistanceToCam>0</DistanceToCam>
    <Speed>6.7911644</Speed>
    <AccInput>0</AccInput>
    <RPM>1.35798967</RPM>
    <Gear>0</Gear>
    <SteeringAngle>5.853084E-41</SteeringAngle>
    <WheelSpeed>0</WheelSpeed>
    <CarType>Sports</CarType>
  </MyCar>
  <Peds />
  <Time>129440</Time>
  <LastFrameTime>0.02672112</LastFrameTime>
  <MyProperty>0</MyProperty>
  <Weather>Clear</Weather>
  <Steering>127</Steering>
  <Acc>175</Acc>
  <Brake>169</Brake>
  <DayTime>15:16:13</DayTime>
  <Position>
    <X>-2370.37256</X>
    <Y>-266.591248</Y>
    <Z>15.0379963</Z>
  </Position>
  <Rotation>
    <X>0.630593</X>
    <Y>0.591602564</Y>
    <Z>55.8937073</Z>
  </Rotation>
</Screenshot>