<?xml version="1.0" encoding="utf-8"?>
<Screenshot xmlns:xsd="http://www.w3.org/2001/XMLSchema" xmlns:xsi="http://www.w3.org/2001/XMLSchema-instance">
  <Cars />
  <MyCar>
    <Position>
      <X>-2369.39478</X>
      <Y>-267.255371</Y>
      <Z>14.1144953</Z>
    </Position>
    <Rotation>
      <X>1.13055956</X>
      <Y>0.09163844</Y>
      <Z>55.8872</Z>
    </Rotation>
    <Handle>663810</Handle>
    <Bounds>
      <Vector3>
        <X>-2367.86279</X>
        <Y>-269.528076</Y>
        <Z>13.3378553</Z>
      </Vector3>
      <Vector3>
        <X>-2366.71729</X>
        <Y>-267.836823</Y>
        <Z>13.3345881</Z>
      </Vector3>
      <Vector3>
        <X>-2372.09741</X>
        <Y>-266.659546</Y>
        <Z>13.4387894</Z>
      </Vector3>
      <Vector3>
        <X>-2367.83765</X>
        <Y>-269.542236</Y>
        <Z>14.7934666</Z>
      </Vector3>
      <Vector3>
        <X>-2370.95166</X>
        <Y>-264.9683</Y>
        <Z>13.4355221</Z>
      </Vector3>
      <Vector3>
        <X>-2366.69214</X>
        <Y>-267.851</Y>
        <Z>14.7902</Z>
      </Vector3>
      <Vector3>
        <X>-2372.07227</X>
        <Y>-266.6737</Y>
        <Z>14.8944016</Z>
      </Vector3>
      <Vector3>
        <X>-2370.92651</X>
        <Y>-264.982483</Y>
        <Z>14.8911343</Z>
      </Vector3>
    </Bounds>
    <CenterCamPosition>
      <X>0</X>
      <Y>0</Y>
    </CenterCamPosition>
    <ScreenBounds />
    <DistanceToCam>0</DistanceToCam>
    <Speed>6.787988</Speed>
    <AccInput>0</AccInput>
    <RPM>1.35798967</RPM>
    <Gear>0</Gear>
    <SteeringAngle>5.853084E-41</SteeringAngle>
    <WheelSpeed>0</WheelSpeed>
    <CarType>Sports</CarType>
  </MyCar>
  <Peds />
  <Time>129413</Time>
  <LastFrameTime>0.04831386</LastFrameTime>
  <MyProperty>0</MyProperty>
  <Weather>Clear</Weather>
  <Steering>127</Steering>
  <Acc>175</Acc>
  <Brake>169</Brake>
  <DayTime>15:16:13</DayTime>
  <Position>
    <X>-2370.101</X>
    <Y>-266.775269</Y>
    <Z>15.0317669</Z>
  </Position>
  <Rotation>
    <X>0.633735</X>
    <Y>0.5874268</Y>
    <Z>55.8936462</Z>
  </Rotation>
</Screenshot>