<?xml version="1.0" encoding="utf-8"?>
<Screenshot xmlns:xsd="http://www.w3.org/2001/XMLSchema" xmlns:xsi="http://www.w3.org/2001/XMLSchema-instance">
  <Cars />
  <MyCar>
    <Position>
      <X>-2370.235</X>
      <Y>-266.685883</Y>
      <Z>14.1345644</Z>
    </Position>
    <Rotation>
      <X>1.15905631</X>
      <Y>0.09675062</Y>
      <Z>55.8870354</Z>
    </Rotation>
    <Handle>663810</Handle>
    <Bounds>
      <Vector3>
        <X>-2368.70361</X>
        <Y>-268.958435</Y>
        <Z>13.3567505</Z>
      </Vector3>
      <Vector3>
        <X>-2367.55786</X>
        <Y>-267.267181</Y>
        <Z>13.353301</Z>
      </Vector3>
      <Vector3>
        <X>-2372.938</X>
        <Y>-266.0899</Y>
        <Z>13.4602289</Z>
      </Vector3>
      <Vector3>
        <X>-2368.67773</X>
        <Y>-268.9729</Y>
        <Z>14.8123484</Z>
      </Vector3>
      <Vector3>
        <X>-2371.79224</X>
        <Y>-264.398651</Y>
        <Z>13.4567795</Z>
      </Vector3>
      <Vector3>
        <X>-2367.53223</X>
        <Y>-267.281677</Y>
        <Z>14.8088989</Z>
      </Vector3>
      <Vector3>
        <X>-2372.912</X>
        <Y>-266.10437</Y>
        <Z>14.9158258</Z>
      </Vector3>
      <Vector3>
        <X>-2371.7666</X>
        <Y>-264.413147</Y>
        <Z>14.9123764</Z>
      </Vector3>
    </Bounds>
    <CenterCamPosition>
      <X>0</X>
      <Y>0</Y>
    </CenterCamPosition>
    <ScreenBounds />
    <DistanceToCam>0</DistanceToCam>
    <Speed>6.80455351</Speed>
    <AccInput>0</AccInput>
    <RPM>1.35798967</RPM>
    <Gear>0</Gear>
    <SteeringAngle>5.853084E-41</SteeringAngle>
    <WheelSpeed>0</WheelSpeed>
    <CarType>Sports</CarType>
  </MyCar>
  <Peds />
  <Time>129562</Time>
  <LastFrameTime>0.04675552</LastFrameTime>
  <MyProperty>0</MyProperty>
  <Weather>Clear</Weather>
  <Steering>127</Steering>
  <Acc>175</Acc>
  <Brake>169</Brake>
  <DayTime>15:16:13</DayTime>
  <Position>
    <X>-2370.94946</X>
    <Y>-266.2003</Y>
    <Z>15.0521173</Z>
  </Position>
  <Rotation>
    <X>0.6483688</X>
    <Y>0.596349657</Y>
    <Z>55.8938637</Z>
  </Rotation>
</Screenshot>