<?xml version="1.0" encoding="utf-8"?>
<Screenshot xmlns:xsd="http://www.w3.org/2001/XMLSchema" xmlns:xsi="http://www.w3.org/2001/XMLSchema-instance">
  <Cars />
  <MyCar>
    <Position>
      <X>-2370.37671</X>
      <Y>-266.5898</Y>
      <Z>14.1379681</Z>
    </Position>
    <Rotation>
      <X>1.16371858</X>
      <Y>0.09783242</Y>
      <Z>55.88702</Z>
    </Rotation>
    <Handle>663810</Handle>
    <Bounds>
      <Vector3>
        <X>-2368.84521</X>
        <Y>-268.862335</Y>
        <Z>13.3599672</Z>
      </Vector3>
      <Vector3>
        <X>-2367.69946</X>
        <Y>-267.171082</Y>
        <Z>13.3564787</Z>
      </Vector3>
      <Vector3>
        <X>-2373.07959</X>
        <Y>-265.9938</Y>
        <Z>13.4638615</Z>
      </Vector3>
      <Vector3>
        <X>-2368.81934</X>
        <Y>-268.876862</Y>
        <Z>14.8155613</Z>
      </Vector3>
      <Vector3>
        <X>-2371.934</X>
        <Y>-264.302582</Y>
        <Z>13.4603729</Z>
      </Vector3>
      <Vector3>
        <X>-2367.67358</X>
        <Y>-267.1856</Y>
        <Z>14.8120737</Z>
      </Vector3>
      <Vector3>
        <X>-2373.05371</X>
        <Y>-266.008331</Y>
        <Z>14.9194555</Z>
      </Vector3>
      <Vector3>
        <X>-2371.9082</X>
        <Y>-264.3171</Y>
        <Z>14.9159679</Z>
      </Vector3>
    </Bounds>
    <CenterCamPosition>
      <X>0</X>
      <Y>0</Y>
    </CenterCamPosition>
    <ScreenBounds />
    <DistanceToCam>0</DistanceToCam>
    <Speed>6.807102</Speed>
    <AccInput>0</AccInput>
    <RPM>1.35798967</RPM>
    <Gear>0</Gear>
    <SteeringAngle>5.853084E-41</SteeringAngle>
    <WheelSpeed>0</WheelSpeed>
    <CarType>Sports</CarType>
  </MyCar>
  <Peds />
  <Time>129587</Time>
  <LastFrameTime>0.0251680538</LastFrameTime>
  <MyProperty>0</MyProperty>
  <Weather>Clear</Weather>
  <Steering>127</Steering>
  <Acc>175</Acc>
  <Brake>169</Brake>
  <DayTime>15:16:13</DayTime>
  <Position>
    <X>-2371.2124</X>
    <Y>-266.021942</Y>
    <Z>15.0586529</Z>
  </Position>
  <Rotation>
    <X>0.6590921</X>
    <Y>0.5967111</Y>
    <Z>55.893898</Z>
  </Rotation>
</Screenshot>