<?xml version="1.0" encoding="utf-8"?>
<Screenshot xmlns:xsd="http://www.w3.org/2001/XMLSchema" xmlns:xsi="http://www.w3.org/2001/XMLSchema-instance">
  <Cars />
  <MyCar>
    <Position>
      <X>-2369.972</X>
      <Y>-266.864319</Y>
      <Z>14.12825</Z>
    </Position>
    <Rotation>
      <X>1.14833367</X>
      <Y>0.09638783</Y>
      <Z>55.88712</Z>
    </Rotation>
    <Handle>663810</Handle>
    <Bounds>
      <Vector3>
        <X>-2368.44019</X>
        <Y>-269.136932</Y>
        <Z>13.3509054</Z>
      </Vector3>
      <Vector3>
        <X>-2367.29468</X>
        <Y>-267.445679</Y>
        <Z>13.3474693</Z>
      </Vector3>
      <Vector3>
        <X>-2372.67456</X>
        <Y>-266.2684</Y>
        <Z>13.4534264</Z>
      </Vector3>
      <Vector3>
        <X>-2368.41479</X>
        <Y>-269.151276</Y>
        <Z>14.806509</Z>
      </Vector3>
      <Vector3>
        <X>-2371.529</X>
        <Y>-264.577179</Y>
        <Z>13.44999</Z>
      </Vector3>
      <Vector3>
        <X>-2367.269</X>
        <Y>-267.460022</Y>
        <Z>14.803072</Z>
      </Vector3>
      <Vector3>
        <X>-2372.64917</X>
        <Y>-266.282745</Y>
        <Z>14.90903</Z>
      </Vector3>
      <Vector3>
        <X>-2371.50342</X>
        <Y>-264.5915</Y>
        <Z>14.9055929</Z>
      </Vector3>
    </Bounds>
    <CenterCamPosition>
      <X>0</X>
      <Y>0</Y>
    </CenterCamPosition>
    <ScreenBounds />
    <DistanceToCam>0</DistanceToCam>
    <Speed>6.79964972</Speed>
    <AccInput>0</AccInput>
    <RPM>1.35798967</RPM>
    <Gear>0</Gear>
    <SteeringAngle>5.853084E-41</SteeringAngle>
    <WheelSpeed>0</WheelSpeed>
    <CarType>Sports</CarType>
  </MyCar>
  <Peds />
  <Time>129515</Time>
  <LastFrameTime>0.0353292339</LastFrameTime>
  <MyProperty>0</MyProperty>
  <Weather>Clear</Weather>
  <Steering>127</Steering>
  <Acc>175</Acc>
  <Brake>169</Brake>
  <DayTime>15:16:13</DayTime>
  <Position>
    <X>-2370.75073</X>
    <Y>-266.334961</Y>
    <Z>15.0471926</Z>
  </Position>
  <Rotation>
    <X>0.640305459</X>
    <Y>0.595267355</Y>
    <Z>55.89382</Z>
  </Rotation>
</Screenshot>