<?xml version="1.0" encoding="utf-8"?>
<Screenshot xmlns:xsd="http://www.w3.org/2001/XMLSchema" xmlns:xsi="http://www.w3.org/2001/XMLSchema-instance">
  <Cars />
  <MyCar>
    <Position>
      <X>-2370.90747</X>
      <Y>-266.230835</Y>
      <Z>14.1506653</Z>
    </Position>
    <Rotation>
      <X>1.182901</X>
      <Y>0.10428305</Y>
      <Z>55.9030342</Z>
    </Rotation>
    <Handle>663810</Handle>
    <Bounds>
      <Vector3>
        <X>-2369.37549</X>
        <Y>-268.502838</Y>
        <Z>13.3719282</Z>
      </Vector3>
      <Vector3>
        <X>-2368.23047</X>
        <Y>-266.811279</Y>
        <Z>13.36821</Z>
      </Vector3>
      <Vector3>
        <X>-2373.61084</X>
        <Y>-265.635529</Y>
        <Z>13.4775343</Z>
      </Vector3>
      <Vector3>
        <X>-2369.349</X>
        <Y>-268.517517</Y>
        <Z>14.8275127</Z>
      </Vector3>
      <Vector3>
        <X>-2372.46558</X>
        <Y>-263.94397</Y>
        <Z>13.4738169</Z>
      </Vector3>
      <Vector3>
        <X>-2368.204</X>
        <Y>-266.825958</Y>
        <Z>14.8237944</Z>
      </Vector3>
      <Vector3>
        <X>-2373.58447</X>
        <Y>-265.650177</Y>
        <Z>14.9331188</Z>
      </Vector3>
      <Vector3>
        <X>-2372.43921</X>
        <Y>-263.958618</Y>
        <Z>14.9294014</Z>
      </Vector3>
    </Bounds>
    <CenterCamPosition>
      <X>0</X>
      <Y>0</Y>
    </CenterCamPosition>
    <ScreenBounds />
    <DistanceToCam>0</DistanceToCam>
    <Speed>6.816201</Speed>
    <AccInput>0</AccInput>
    <RPM>1.35798967</RPM>
    <Gear>0</Gear>
    <SteeringAngle>5.853084E-41</SteeringAngle>
    <WheelSpeed>0</WheelSpeed>
    <CarType>Sports</CarType>
  </MyCar>
  <Peds />
  <Time>129681</Time>
  <LastFrameTime>0.0190870464</LastFrameTime>
  <MyProperty>0</MyProperty>
  <Weather>Clear</Weather>
  <Steering>126</Steering>
  <Acc>175</Acc>
  <Brake>169</Brake>
  <DayTime>15:16:13</DayTime>
  <Position>
    <X>-2371.77661</X>
    <Y>-265.639984</Y>
    <Z>15.0725985</Z>
  </Position>
  <Rotation>
    <X>0.6794937</X>
    <Y>0.602746</Y>
    <Z>55.9047</Z>
  </Rotation>
</Screenshot>