<?xml version="1.0" encoding="utf-8"?>
<Screenshot xmlns:xsd="http://www.w3.org/2001/XMLSchema" xmlns:xsi="http://www.w3.org/2001/XMLSchema-instance">
  <Cars />
  <MyCar>
    <Position>
      <X>-2370.53979</X>
      <Y>-266.479462</Y>
      <Z>14.1418724</Z>
    </Position>
    <Rotation>
      <X>1.17000985</X>
      <Y>0.09935292</Y>
      <Z>55.88841</Z>
    </Rotation>
    <Handle>663810</Handle>
    <Bounds>
      <Vector3>
        <X>-2369.0083</X>
        <Y>-268.751923</Y>
        <Z>13.3636189</Z>
      </Vector3>
      <Vector3>
        <X>-2367.86279</X>
        <Y>-267.060638</Y>
        <Z>13.3600769</Z>
      </Vector3>
      <Vector3>
        <X>-2373.24268</X>
        <Y>-265.883484</Y>
        <Z>13.4680748</Z>
      </Vector3>
      <Vector3>
        <X>-2368.98218</X>
        <Y>-268.766479</Y>
        <Z>14.819211</Z>
      </Vector3>
      <Vector3>
        <X>-2372.09717</X>
        <Y>-264.19223</Y>
        <Z>13.4645329</Z>
      </Vector3>
      <Vector3>
        <X>-2367.83667</X>
        <Y>-267.075226</Y>
        <Z>14.8156681</Z>
      </Vector3>
      <Vector3>
        <X>-2373.2168</X>
        <Y>-265.898071</Y>
        <Z>14.923667</Z>
      </Vector3>
      <Vector3>
        <X>-2372.071</X>
        <Y>-264.206818</Y>
        <Z>14.9201241</Z>
      </Vector3>
    </Bounds>
    <CenterCamPosition>
      <X>0</X>
      <Y>0</Y>
    </CenterCamPosition>
    <ScreenBounds />
    <DistanceToCam>0</DistanceToCam>
    <Speed>6.809966</Speed>
    <AccInput>0</AccInput>
    <RPM>1.35798967</RPM>
    <Gear>0</Gear>
    <SteeringAngle>5.853084E-41</SteeringAngle>
    <WheelSpeed>0</WheelSpeed>
    <CarType>Sports</CarType>
  </MyCar>
  <Peds />
  <Time>129616</Time>
  <LastFrameTime>0.0288954116</LastFrameTime>
  <MyProperty>0</MyProperty>
  <Weather>Clear</Weather>
  <Steering>126</Steering>
  <Acc>175</Acc>
  <Brake>169</Brake>
  <DayTime>15:16:13</DayTime>
  <Position>
    <X>-2371.354</X>
    <Y>-265.9259</Y>
    <Z>15.0621519</Z>
  </Position>
  <Rotation>
    <X>0.663754642</X>
    <Y>0.5977924</Y>
    <Z>55.89394</Z>
  </Rotation>
</Screenshot>