<?xml version="1.0" encoding="utf-8"?>
<Screenshot xmlns:xsd="http://www.w3.org/2001/XMLSchema" xmlns:xsi="http://www.w3.org/2001/XMLSchema-instance">
  <Cars />
  <MyCar>
    <Position>
      <X>-2370.79956</X>
      <Y>-266.30365</Y>
      <Z>14.1480894</Z>
    </Position>
    <Rotation>
      <X>1.179456</X>
      <Y>0.102788471</Y>
      <Z>55.8975563</Z>
    </Rotation>
    <Handle>663810</Handle>
    <Bounds>
      <Vector3>
        <X>-2369.26782</X>
        <Y>-268.5758</Y>
        <Z>13.3694782</Z>
      </Vector3>
      <Vector3>
        <X>-2368.12256</X>
        <Y>-266.884369</Y>
        <Z>13.3658133</Z>
      </Vector3>
      <Vector3>
        <X>-2373.50269</X>
        <Y>-265.7081</Y>
        <Z>13.4747772</Z>
      </Vector3>
      <Vector3>
        <X>-2369.24146</X>
        <Y>-268.590454</Y>
        <Z>14.8250647</Z>
      </Vector3>
      <Vector3>
        <X>-2372.35742</X>
        <Y>-264.016632</Y>
        <Z>13.4711123</Z>
      </Vector3>
      <Vector3>
        <X>-2368.09619</X>
        <Y>-266.899017</Y>
        <Z>14.8214</Z>
      </Vector3>
      <Vector3>
        <X>-2373.47656</X>
        <Y>-265.722717</Y>
        <Z>14.9303637</Z>
      </Vector3>
      <Vector3>
        <X>-2372.331</X>
        <Y>-264.031281</Y>
        <Z>14.9267</Z>
      </Vector3>
    </Bounds>
    <CenterCamPosition>
      <X>0</X>
      <Y>0</Y>
    </CenterCamPosition>
    <ScreenBounds />
    <DistanceToCam>0</DistanceToCam>
    <Speed>6.81440353</Speed>
    <AccInput>0</AccInput>
    <RPM>1.35798967</RPM>
    <Gear>0</Gear>
    <SteeringAngle>5.853084E-41</SteeringAngle>
    <WheelSpeed>0</WheelSpeed>
    <CarType>Sports</CarType>
  </MyCar>
  <Peds />
  <Time>129662</Time>
  <LastFrameTime>0.0460626148</LastFrameTime>
  <MyProperty>0</MyProperty>
  <Weather>Clear</Weather>
  <Steering>126</Steering>
  <Acc>175</Acc>
  <Brake>169</Brake>
  <DayTime>15:16:13</DayTime>
  <Position>
    <X>-2371.517</X>
    <Y>-265.8156</Y>
    <Z>15.066186</Z>
  </Position>
  <Rotation>
    <X>0.6700465</X>
    <Y>0.599311948</Y>
    <Z>55.8954124</Z>
  </Rotation>
</Screenshot>