<?xml version="1.0" encoding="utf-8"?>
<Screenshot xmlns:xsd="http://www.w3.org/2001/XMLSchema" xmlns:xsi="http://www.w3.org/2001/XMLSchema-instance">
  <Cars />
  <MyCar>
    <Position>
      <X>-2371.28345</X>
      <Y>-265.977448</Y>
      <Z>14.1596479</Z>
    </Position>
    <Rotation>
      <X>1.19613171</X>
      <Y>0.1105427</Y>
      <Z>55.93421</Z>
    </Rotation>
    <Handle>663810</Handle>
    <Bounds>
      <Vector3>
        <X>-2369.75049</X>
        <Y>-268.2486</Y>
        <Z>13.380435</Z>
      </Vector3>
      <Vector3>
        <X>-2368.6062</X>
        <Y>-266.556427</Y>
        <Z>13.3764944</Z>
      </Vector3>
      <Vector3>
        <X>-2373.9873</X>
        <Y>-265.383575</Y>
        <Z>13.4872227</Z>
      </Vector3>
      <Vector3>
        <X>-2369.72388</X>
        <Y>-268.2633</Y>
        <Z>14.8360128</Z>
      </Vector3>
      <Vector3>
        <X>-2372.843</X>
        <Y>-263.6914</Y>
        <Z>13.4832821</Z>
      </Vector3>
      <Vector3>
        <X>-2368.57959</X>
        <Y>-266.5711</Y>
        <Z>14.8320713</Z>
      </Vector3>
      <Vector3>
        <X>-2373.96045</X>
        <Y>-265.3983</Y>
        <Z>14.9428005</Z>
      </Vector3>
      <Vector3>
        <X>-2372.81616</X>
        <Y>-263.7061</Y>
        <Z>14.938859</Z>
      </Vector3>
    </Bounds>
    <CenterCamPosition>
      <X>0</X>
      <Y>0</Y>
    </CenterCamPosition>
    <ScreenBounds />
    <DistanceToCam>0</DistanceToCam>
    <Speed>6.822328</Speed>
    <AccInput>0</AccInput>
    <RPM>1.35798967</RPM>
    <Gear>0</Gear>
    <SteeringAngle>5.853084E-41</SteeringAngle>
    <WheelSpeed>0</WheelSpeed>
    <CarType>Sports</CarType>
  </MyCar>
  <Peds />
  <Time>129748</Time>
  <LastFrameTime>0.0190616</LastFrameTime>
  <MyProperty>0</MyProperty>
  <Weather>Clear</Weather>
  <Steering>126</Steering>
  <Acc>175</Acc>
  <Brake>169</Brake>
  <DayTime>15:16:13</DayTime>
  <Position>
    <X>-2372.15283</X>
    <Y>-265.3869</Y>
    <Z>15.08187</Z>
  </Position>
  <Rotation>
    <X>0.6931728</X>
    <Y>0.6093163</Y>
    <Z>55.93142</Z>
  </Rotation>
</Screenshot>