<?xml version="1.0" encoding="utf-8"?>
<Screenshot xmlns:xsd="http://www.w3.org/2001/XMLSchema" xmlns:xsi="http://www.w3.org/2001/XMLSchema-instance">
  <Cars />
  <MyCar>
    <Position>
      <X>-2371.17554</X>
      <Y>-266.050079</Y>
      <Z>14.15708</Z>
    </Position>
    <Rotation>
      <X>1.19313371</X>
      <Y>0.109360911</Y>
      <Z>55.9240532</Z>
    </Rotation>
    <Handle>663810</Handle>
    <Bounds>
      <Vector3>
        <X>-2369.643</X>
        <Y>-268.3215</Y>
        <Z>13.3779793</Z>
      </Vector3>
      <Vector3>
        <X>-2368.49854</X>
        <Y>-266.629547</Y>
        <Z>13.37408</Z>
      </Vector3>
      <Vector3>
        <X>-2373.87915</X>
        <Y>-265.45575</Y>
        <Z>13.484499</Z>
      </Vector3>
      <Vector3>
        <X>-2369.61621</X>
        <Y>-268.336182</Y>
        <Z>14.8335581</Z>
      </Vector3>
      <Vector3>
        <X>-2372.73462</X>
        <Y>-263.763763</Y>
        <Z>13.4806</Z>
      </Vector3>
      <Vector3>
        <X>-2368.47168</X>
        <Y>-266.644226</Y>
        <Z>14.8296595</Z>
      </Vector3>
      <Vector3>
        <X>-2373.85254</X>
        <Y>-265.470428</Y>
        <Z>14.9400778</Z>
      </Vector3>
      <Vector3>
        <X>-2372.708</X>
        <Y>-263.778442</Y>
        <Z>14.9361792</Z>
      </Vector3>
    </Bounds>
    <CenterCamPosition>
      <X>0</X>
      <Y>0</Y>
    </CenterCamPosition>
    <ScreenBounds />
    <DistanceToCam>0</DistanceToCam>
    <Speed>6.82059</Speed>
    <AccInput>0</AccInput>
    <RPM>1.35798967</RPM>
    <Gear>0</Gear>
    <SteeringAngle>5.853084E-41</SteeringAngle>
    <WheelSpeed>0</WheelSpeed>
    <CarType>Sports</CarType>
  </MyCar>
  <Peds />
  <Time>129729</Time>
  <LastFrameTime>0.0474146046</LastFrameTime>
  <MyProperty>0</MyProperty>
  <Weather>Clear</Weather>
  <Steering>126</Steering>
  <Acc>175</Acc>
  <Brake>169</Brake>
  <DayTime>15:16:13</DayTime>
  <Position>
    <X>-2371.88452</X>
    <Y>-265.5673</Y>
    <Z>15.0752449</Z>
  </Position>
  <Rotation>
    <X>0.682938933</X>
    <Y>0.6042401</Y>
    <Z>55.9102325</Z>
  </Rotation>
</Screenshot>