<?xml version="1.0" encoding="utf-8"?>
<Screenshot xmlns:xsd="http://www.w3.org/2001/XMLSchema" xmlns:xsi="http://www.w3.org/2001/XMLSchema-instance">
  <Cars />
  <MyCar>
    <Position>
      <X>-2371.55444</X>
      <Y>-265.795044</Y>
      <Z>14.1661339</Z>
    </Position>
    <Rotation>
      <X>1.20653677</X>
      <Y>0.114323944</Y>
      <Z>55.9660225</Z>
    </Rotation>
    <Handle>663810</Handle>
    <Bounds>
      <Vector3>
        <X>-2370.02051</X>
        <Y>-268.0653</Y>
        <Z>13.3865271</Z>
      </Vector3>
      <Vector3>
        <X>-2368.8772</X>
        <Y>-266.3725</Y>
        <Z>13.3824511</Z>
      </Vector3>
      <Vector3>
        <X>-2374.25854</X>
        <Y>-265.202637</Y>
        <Z>13.4942436</Z>
      </Vector3>
      <Vector3>
        <X>-2369.99341</X>
        <Y>-268.080048</Y>
        <Z>14.8420992</Z>
      </Vector3>
      <Vector3>
        <X>-2373.11548</X>
        <Y>-263.509827</Y>
        <Z>13.4901676</Z>
      </Vector3>
      <Vector3>
        <X>-2368.85</X>
        <Y>-266.387238</Y>
        <Z>14.8380232</Z>
      </Vector3>
      <Vector3>
        <X>-2374.23169</X>
        <Y>-265.2174</Y>
        <Z>14.9498148</Z>
      </Vector3>
      <Vector3>
        <X>-2373.08838</X>
        <Y>-263.524567</Y>
        <Z>14.9457388</Z>
      </Vector3>
    </Bounds>
    <CenterCamPosition>
      <X>0</X>
      <Y>0</Y>
    </CenterCamPosition>
    <ScreenBounds />
    <DistanceToCam>0</DistanceToCam>
    <Speed>6.82666349</Speed>
    <AccInput>0</AccInput>
    <RPM>1.35798967</RPM>
    <Gear>0</Gear>
    <SteeringAngle>5.853084E-41</SteeringAngle>
    <WheelSpeed>0</WheelSpeed>
    <CarType>Sports</CarType>
  </MyCar>
  <Peds />
  <Time>129796</Time>
  <LastFrameTime>0.0478859544</LastFrameTime>
  <MyProperty>0</MyProperty>
  <Weather>Clear</Weather>
  <Steering>126</Steering>
  <Acc>175</Acc>
  <Brake>169</Brake>
  <DayTime>15:16:13</DayTime>
  <Position>
    <X>-2372.26074</X>
    <Y>-265.314453</Y>
    <Z>15.0845</Z>
  </Position>
  <Rotation>
    <X>0.696171165</X>
    <Y>0.6104976</Y>
    <Z>55.9416237</Z>
  </Rotation>
</Screenshot>