<?xml version="1.0" encoding="utf-8"?>
<Screenshot xmlns:xsd="http://www.w3.org/2001/XMLSchema" xmlns:xsi="http://www.w3.org/2001/XMLSchema-instance">
  <Cars />
  <MyCar>
    <Position>
      <X>-2372.02686</X>
      <Y>-265.478638</Y>
      <Z>14.17738</Z>
    </Position>
    <Rotation>
      <X>1.22113478</X>
      <Y>0.123086393</Y>
      <Z>56.0441437</Z>
    </Rotation>
    <Handle>663810</Handle>
    <Bounds>
      <Vector3>
        <X>-2370.49</X>
        <Y>-267.7468</Y>
        <Z>13.3972816</Z>
      </Vector3>
      <Vector3>
        <X>-2369.34888</X>
        <Y>-266.052429</Y>
        <Z>13.3928928</Z>
      </Vector3>
      <Vector3>
        <X>-2374.73218</X>
        <Y>-264.889923</Y>
        <Z>13.5063009</Z>
      </Vector3>
      <Vector3>
        <X>-2370.4624</X>
        <Y>-267.761536</Y>
        <Z>14.8528452</Z>
      </Vector3>
      <Vector3>
        <X>-2373.591</X>
        <Y>-263.195526</Y>
        <Z>13.5019131</Z>
      </Vector3>
      <Vector3>
        <X>-2369.32153</X>
        <Y>-266.067169</Y>
        <Z>14.8484564</Z>
      </Vector3>
      <Vector3>
        <X>-2374.70459</X>
        <Y>-264.904663</Y>
        <Z>14.9618645</Z>
      </Vector3>
      <Vector3>
        <X>-2373.56372</X>
        <Y>-263.210266</Y>
        <Z>14.9574757</Z>
      </Vector3>
    </Bounds>
    <CenterCamPosition>
      <X>0</X>
      <Y>0</Y>
    </CenterCamPosition>
    <ScreenBounds />
    <DistanceToCam>0</DistanceToCam>
    <Speed>6.83399534</Speed>
    <AccInput>0</AccInput>
    <RPM>1.35798967</RPM>
    <Gear>0</Gear>
    <SteeringAngle>5.853084E-41</SteeringAngle>
    <WheelSpeed>0</WheelSpeed>
    <CarType>Sports</CarType>
  </MyCar>
  <Peds />
  <Time>129879</Time>
  <LastFrameTime>0.0606688857</LastFrameTime>
  <MyProperty>0</MyProperty>
  <Weather>Clear</Weather>
  <Steering>124</Steering>
  <Acc>175</Acc>
  <Brake>169</Brake>
  <DayTime>15:16:13</DayTime>
  <Position>
    <X>-2372.66</X>
    <Y>-265.047119</Y>
    <Z>15.0943193</Z>
  </Position>
  <Rotation>
    <X>0.710456</X>
    <Y>0.6157423</Y>
    <Z>55.990406</Z>
  </Rotation>
</Screenshot>