<?xml version="1.0" encoding="utf-8"?>
<Screenshot xmlns:xsd="http://www.w3.org/2001/XMLSchema" xmlns:xsi="http://www.w3.org/2001/XMLSchema-instance">
  <Cars />
  <MyCar>
    <Position>
      <X>-2371.68237</X>
      <Y>-265.709229</Y>
      <Z>14.1691732</Z>
    </Position>
    <Rotation>
      <X>1.210415</X>
      <Y>0.115789711</Y>
      <Z>55.9827766</Z>
    </Rotation>
    <Handle>663810</Handle>
    <Bounds>
      <Vector3>
        <X>-2370.14771</X>
        <Y>-267.979034</Y>
        <Z>13.3894205</Z>
      </Vector3>
      <Vector3>
        <X>-2369.005</X>
        <Y>-266.2859</Y>
        <Z>13.3852921</Z>
      </Vector3>
      <Vector3>
        <X>-2374.38672</X>
        <Y>-265.1176</Y>
        <Z>13.4974833</Z>
      </Vector3>
      <Vector3>
        <X>-2370.12061</X>
        <Y>-267.9938</Y>
        <Z>14.84499</Z>
      </Vector3>
      <Vector3>
        <X>-2373.24414</X>
        <Y>-263.424469</Y>
        <Z>13.4933548</Z>
      </Vector3>
      <Vector3>
        <X>-2368.97778</X>
        <Y>-266.300659</Y>
        <Z>14.8408623</Z>
      </Vector3>
      <Vector3>
        <X>-2374.35962</X>
        <Y>-265.1324</Y>
        <Z>14.9530525</Z>
      </Vector3>
      <Vector3>
        <X>-2373.2168</X>
        <Y>-263.43924</Y>
        <Z>14.9489241</Z>
      </Vector3>
    </Bounds>
    <CenterCamPosition>
      <X>0</X>
      <Y>0</Y>
    </CenterCamPosition>
    <ScreenBounds />
    <DistanceToCam>0</DistanceToCam>
    <Speed>6.82868052</Speed>
    <AccInput>0</AccInput>
    <RPM>1.35798967</RPM>
    <Gear>0</Gear>
    <SteeringAngle>5.853084E-41</SteeringAngle>
    <WheelSpeed>0</WheelSpeed>
    <CarType>Sports</CarType>
  </MyCar>
  <Peds />
  <Time>129818</Time>
  <LastFrameTime>0.0225469247</LastFrameTime>
  <MyProperty>0</MyProperty>
  <Weather>Clear</Weather>
  <Steering>126</Steering>
  <Acc>175</Acc>
  <Brake>169</Brake>
  <DayTime>15:16:13</DayTime>
  <Position>
    <X>-2372.532</X>
    <Y>-265.13266</Y>
    <Z>15.0912</Z>
  </Position>
  <Rotation>
    <X>0.7065772</X>
    <Y>0.614277244</Y>
    <Z>55.97359</Z>
  </Rotation>
</Screenshot>