<?xml version="1.0" encoding="utf-8"?>
<Screenshot xmlns:xsd="http://www.w3.org/2001/XMLSchema" xmlns:xsi="http://www.w3.org/2001/XMLSchema-instance">
  <Cars />
  <MyCar>
    <Position>
      <X>-2372.60767</X>
      <Y>-265.0922</Y>
      <Z>14.1916761</Z>
    </Position>
    <Rotation>
      <X>1.21146464</X>
      <Y>0.127788424</Y>
      <Z>56.18325</Z>
    </Rotation>
    <Handle>663810</Handle>
    <Bounds>
      <Vector3>
        <X>-2371.06519</X>
        <Y>-267.35675</Y>
        <Z>13.4120913</Z>
      </Vector3>
      <Vector3>
        <X>-2369.92822</X>
        <Y>-265.6596</Y>
        <Z>13.4075356</Z>
      </Vector3>
      <Vector3>
        <X>-2375.31421</X>
        <Y>-264.510132</Y>
        <Z>13.5202475</Z>
      </Vector3>
      <Vector3>
        <X>-2371.03784</X>
        <Y>-267.3712</Y>
        <Z>14.86766</Z>
      </Vector3>
      <Vector3>
        <X>-2374.17749</X>
        <Y>-262.813019</Y>
        <Z>13.5156918</Z>
      </Vector3>
      <Vector3>
        <X>-2369.901</X>
        <Y>-265.674042</Y>
        <Z>14.8631039</Z>
      </Vector3>
      <Vector3>
        <X>-2375.28687</X>
        <Y>-264.524567</Y>
        <Z>14.9758158</Z>
      </Vector3>
      <Vector3>
        <X>-2374.15</X>
        <Y>-262.827454</Y>
        <Z>14.97126</Z>
      </Vector3>
    </Bounds>
    <CenterCamPosition>
      <X>0</X>
      <Y>0</Y>
    </CenterCamPosition>
    <ScreenBounds />
    <DistanceToCam>0</DistanceToCam>
    <Speed>6.842074</Speed>
    <AccInput>0</AccInput>
    <RPM>1.35798967</RPM>
    <Gear>0</Gear>
    <SteeringAngle>5.853084E-41</SteeringAngle>
    <WheelSpeed>0</WheelSpeed>
    <CarType>Sports</CarType>
  </MyCar>
  <Peds />
  <Time>129981</Time>
  <LastFrameTime>0.04815002</LastFrameTime>
  <MyProperty>0</MyProperty>
  <Weather>Clear</Weather>
  <Steering>124</Steering>
  <Acc>175</Acc>
  <Brake>169</Brake>
  <DayTime>15:16:13</DayTime>
  <Position>
    <X>-2373.31226</X>
    <Y>-264.614441</Y>
    <Z>15.1102009</Z>
  </Position>
  <Rotation>
    <X>0.7167884</X>
    <Y>0.625217855</Y>
    <Z>56.119</Z>
  </Rotation>
</Screenshot>