<?xml version="1.0" encoding="utf-8"?>
<Screenshot xmlns:xsd="http://www.w3.org/2001/XMLSchema" xmlns:xsi="http://www.w3.org/2001/XMLSchema-instance">
  <Cars />
  <MyCar>
    <Position>
      <X>-2372.33325</X>
      <Y>-265.2744</Y>
      <Z>14.1849241</Z>
    </Position>
    <Rotation>
      <X>1.21674573</X>
      <Y>0.12526679</Y>
      <Z>56.1111832</Z>
    </Rotation>
    <Handle>663810</Handle>
    <Bounds>
      <Vector3>
        <X>-2370.7937</X>
        <Y>-267.540833</Y>
        <Z>13.40506</Z>
      </Vector3>
      <Vector3>
        <X>-2369.65479</X>
        <Y>-265.845123</Y>
        <Z>13.4005938</Z>
      </Vector3>
      <Vector3>
        <X>-2375.039</X>
        <Y>-264.6889</Y>
        <Z>13.5136871</Z>
      </Vector3>
      <Vector3>
        <X>-2370.766</X>
        <Y>-267.55542</Y>
        <Z>14.8606253</Z>
      </Vector3>
      <Vector3>
        <X>-2373.90015</X>
        <Y>-262.9932</Y>
        <Z>13.5092211</Z>
      </Vector3>
      <Vector3>
        <X>-2369.6272</X>
        <Y>-265.8597</Y>
        <Z>14.8561592</Z>
      </Vector3>
      <Vector3>
        <X>-2375.01172</X>
        <Y>-264.7035</Y>
        <Z>14.9692526</Z>
      </Vector3>
      <Vector3>
        <X>-2373.8728</X>
        <Y>-263.007782</Y>
        <Z>14.9647865</Z>
      </Vector3>
    </Bounds>
    <CenterCamPosition>
      <X>0</X>
      <Y>0</Y>
    </CenterCamPosition>
    <ScreenBounds />
    <DistanceToCam>0</DistanceToCam>
    <Speed>6.838287</Speed>
    <AccInput>0</AccInput>
    <RPM>1.35798967</RPM>
    <Gear>0</Gear>
    <SteeringAngle>5.853084E-41</SteeringAngle>
    <WheelSpeed>0</WheelSpeed>
    <CarType>Sports</CarType>
  </MyCar>
  <Peds />
  <Time>129933</Time>
  <LastFrameTime>0.0292330217</LastFrameTime>
  <MyProperty>0</MyProperty>
  <Weather>Clear</Weather>
  <Steering>124</Steering>
  <Acc>175</Acc>
  <Brake>169</Brake>
  <DayTime>15:16:13</DayTime>
  <Position>
    <X>-2373.14526</X>
    <Y>-264.72464</Y>
    <Z>15.1061611</Z>
  </Position>
  <Rotation>
    <X>0.719611943</X>
    <Y>0.623992741</Y>
    <Z>56.0808449</Z>
  </Rotation>
</Screenshot>