<?xml version="1.0" encoding="utf-8"?>
<Screenshot xmlns:xsd="http://www.w3.org/2001/XMLSchema" xmlns:xsi="http://www.w3.org/2001/XMLSchema-instance">
  <Cars />
  <MyCar>
    <Position>
      <X>-2372.16675</X>
      <Y>-265.385223</Y>
      <Z>14.1808262</Z>
    </Position>
    <Rotation>
      <X>1.21956933</X>
      <Y>0.124042034</Y>
      <Z>56.0730133</Z>
    </Rotation>
    <Handle>663810</Handle>
    <Bounds>
      <Vector3>
        <X>-2370.62866</X>
        <Y>-267.652618</Y>
        <Z>13.400815</Z>
      </Vector3>
      <Vector3>
        <X>-2369.48853</X>
        <Y>-265.957672</Y>
        <Z>13.3963919</Z>
      </Vector3>
      <Vector3>
        <X>-2374.87231</X>
        <Y>-264.797882</Y>
        <Z>13.5096941</Z>
      </Vector3>
      <Vector3>
        <X>-2370.60132</X>
        <Y>-267.6673</Y>
        <Z>14.8563786</Z>
      </Vector3>
      <Vector3>
        <X>-2373.73218</X>
        <Y>-263.102936</Y>
        <Z>13.5052719</Z>
      </Vector3>
      <Vector3>
        <X>-2369.46118</X>
        <Y>-265.972351</Y>
        <Z>14.8519564</Z>
      </Vector3>
      <Vector3>
        <X>-2374.84473</X>
        <Y>-264.812561</Y>
        <Z>14.9652586</Z>
      </Vector3>
      <Vector3>
        <X>-2373.70459</X>
        <Y>-263.1176</Y>
        <Z>14.9608364</Z>
      </Vector3>
    </Bounds>
    <CenterCamPosition>
      <X>0</X>
      <Y>0</Y>
    </CenterCamPosition>
    <ScreenBounds />
    <DistanceToCam>0</DistanceToCam>
    <Speed>6.83596659</Speed>
    <AccInput>0</AccInput>
    <RPM>1.35798967</RPM>
    <Gear>0</Gear>
    <SteeringAngle>5.853084E-41</SteeringAngle>
    <WheelSpeed>0</WheelSpeed>
    <CarType>Sports</CarType>
  </MyCar>
  <Peds />
  <Time>129904</Time>
  <LastFrameTime>0.0246169548</LastFrameTime>
  <MyProperty>0</MyProperty>
  <Weather>Clear</Weather>
  <Steering>124</Steering>
  <Acc>175</Acc>
  <Brake>169</Brake>
  <DayTime>15:16:13</DayTime>
  <Position>
    <X>-2373.005</X>
    <Y>-264.8176</Y>
    <Z>15.102747</Z>
  </Position>
  <Rotation>
    <X>0.7211774</X>
    <Y>0.62303704</Y>
    <Z>56.0519829</Z>
  </Rotation>
</Screenshot>