<?xml version="1.0" encoding="utf-8"?>
<Screenshot xmlns:xsd="http://www.w3.org/2001/XMLSchema" xmlns:xsi="http://www.w3.org/2001/XMLSchema-instance">
  <Cars />
  <MyCar>
    <Position>
      <X>-2373.08765</X>
      <Y>-264.775024</Y>
      <Z>14.2034922</Z>
    </Position>
    <Rotation>
      <X>1.20451462</X>
      <Y>0.129585236</Y>
      <Z>56.32913</Z>
    </Rotation>
    <Handle>663810</Handle>
    <Bounds>
      <Vector3>
        <X>-2371.53931</X>
        <Y>-267.0357</Y>
        <Z>13.4242477</Z>
      </Vector3>
      <Vector3>
        <X>-2370.40674</X>
        <Y>-265.3357</Y>
        <Z>13.4196272</Z>
      </Vector3>
      <Vector3>
        <X>-2375.79565</X>
        <Y>-264.199921</Y>
        <Z>13.5317831</Z>
      </Vector3>
      <Vector3>
        <X>-2371.512</X>
        <Y>-267.049927</Y>
        <Z>14.87982</Z>
      </Vector3>
      <Vector3>
        <X>-2374.663</X>
        <Y>-262.4999</Y>
        <Z>13.5271635</Z>
      </Vector3>
      <Vector3>
        <X>-2370.37939</X>
        <Y>-265.3499</Y>
        <Z>14.8751993</Z>
      </Vector3>
      <Vector3>
        <X>-2375.76831</X>
        <Y>-264.214172</Y>
        <Z>14.9873552</Z>
      </Vector3>
      <Vector3>
        <X>-2374.63574</X>
        <Y>-262.51413</Y>
        <Z>14.9827356</Z>
      </Vector3>
    </Bounds>
    <CenterCamPosition>
      <X>0</X>
      <Y>0</Y>
    </CenterCamPosition>
    <ScreenBounds />
    <DistanceToCam>0</DistanceToCam>
    <Speed>6.848563</Speed>
    <AccInput>0</AccInput>
    <RPM>1.35798967</RPM>
    <Gear>0</Gear>
    <SteeringAngle>5.853084E-41</SteeringAngle>
    <WheelSpeed>0</WheelSpeed>
    <CarType>Sports</CarType>
  </MyCar>
  <Peds />
  <Time>130065</Time>
  <LastFrameTime>0.0352919959</LastFrameTime>
  <MyProperty>0</MyProperty>
  <Weather>Clear</Weather>
  <Steering>123</Steering>
  <Acc>175</Acc>
  <Brake>169</Brake>
  <DayTime>15:16:13</DayTime>
  <Position>
    <X>-2373.8667</X>
    <Y>-264.250549</Y>
    <Z>15.1236219</Z>
  </Position>
  <Rotation>
    <X>0.708301246</X>
    <Y>0.6287928</Y>
    <Z>56.272316</Z>
  </Rotation>
</Screenshot>