<?xml version="1.0" encoding="utf-8"?>
<Screenshot xmlns:xsd="http://www.w3.org/2001/XMLSchema" xmlns:xsi="http://www.w3.org/2001/XMLSchema-instance">
  <Cars />
  <MyCar>
    <Position>
      <X>-2372.886</X>
      <Y>-264.90802</Y>
      <Z>14.1985207</Z>
    </Position>
    <Rotation>
      <X>1.20825863</X>
      <Y>0.128840923</Y>
      <Z>56.26455</Z>
    </Rotation>
    <Handle>663810</Handle>
    <Bounds>
      <Vector3>
        <X>-2371.34033</X>
        <Y>-267.1704</Y>
        <Z>13.4190969</Z>
      </Vector3>
      <Vector3>
        <X>-2370.20581</X>
        <Y>-265.471649</Y>
        <Z>13.4145031</Z>
      </Vector3>
      <Vector3>
        <X>-2375.59326</X>
        <Y>-264.329834</Y>
        <Z>13.526967</Z>
      </Vector3>
      <Vector3>
        <X>-2371.313</X>
        <Y>-267.184753</Y>
        <Z>14.8746662</Z>
      </Vector3>
      <Vector3>
        <X>-2374.459</X>
        <Y>-262.6311</Y>
        <Z>13.5223732</Z>
      </Vector3>
      <Vector3>
        <X>-2370.17847</X>
        <Y>-265.486</Y>
        <Z>14.8700733</Z>
      </Vector3>
      <Vector3>
        <X>-2375.566</X>
        <Y>-264.344177</Y>
        <Z>14.9825363</Z>
      </Vector3>
      <Vector3>
        <X>-2374.43164</X>
        <Y>-262.645416</Y>
        <Z>14.9779434</Z>
      </Vector3>
    </Bounds>
    <CenterCamPosition>
      <X>0</X>
      <Y>0</Y>
    </CenterCamPosition>
    <ScreenBounds />
    <DistanceToCam>0</DistanceToCam>
    <Speed>6.845876</Speed>
    <AccInput>0</AccInput>
    <RPM>1.35798967</RPM>
    <Gear>0</Gear>
    <SteeringAngle>5.853084E-41</SteeringAngle>
    <WheelSpeed>0</WheelSpeed>
    <CarType>Sports</CarType>
  </MyCar>
  <Peds />
  <Time>130030</Time>
  <LastFrameTime>0.04876473</LastFrameTime>
  <MyProperty>0</MyProperty>
  <Weather>Clear</Weather>
  <Steering>124</Steering>
  <Acc>175</Acc>
  <Brake>169</Brake>
  <DayTime>15:16:13</DayTime>
  <Position>
    <X>-2373.5874</X>
    <Y>-264.43338</Y>
    <Z>15.1168432</Z>
  </Position>
  <Rotation>
    <X>0.7115073</X>
    <Y>0.62774</Y>
    <Z>56.1910439</Z>
  </Rotation>
</Screenshot>