<?xml version="1.0" encoding="utf-8"?>
<Screenshot xmlns:xsd="http://www.w3.org/2001/XMLSchema" xmlns:xsi="http://www.w3.org/2001/XMLSchema-instance">
  <Cars />
  <MyCar>
    <Position>
      <X>-2373.35864</X>
      <Y>-264.5972</Y>
      <Z>14.21015</Z>
    </Position>
    <Rotation>
      <X>1.20099616</X>
      <Y>0.131925449</Y>
      <Z>56.42705</Z>
    </Rotation>
    <Handle>663810</Handle>
    <Bounds>
      <Vector3>
        <X>-2371.8064</X>
        <Y>-266.8553</Y>
        <Z>13.4311028</Z>
      </Vector3>
      <Vector3>
        <X>-2370.67676</X>
        <Y>-265.15332</Y>
        <Z>13.4263992</Z>
      </Vector3>
      <Vector3>
        <X>-2376.06763</X>
        <Y>-264.0268</Y>
        <Z>13.5383244</Z>
      </Vector3>
      <Vector3>
        <X>-2371.779</X>
        <Y>-266.869354</Y>
        <Z>14.8866768</Z>
      </Vector3>
      <Vector3>
        <X>-2374.938</X>
        <Y>-262.324829</Y>
        <Z>13.5336208</Z>
      </Vector3>
      <Vector3>
        <X>-2370.64966</X>
        <Y>-265.167419</Y>
        <Z>14.8819733</Z>
      </Vector3>
      <Vector3>
        <X>-2376.04028</X>
        <Y>-264.040863</Y>
        <Z>14.9938984</Z>
      </Vector3>
      <Vector3>
        <X>-2374.91064</X>
        <Y>-262.3389</Y>
        <Z>14.9891949</Z>
      </Vector3>
    </Bounds>
    <CenterCamPosition>
      <X>0</X>
      <Y>0</Y>
    </CenterCamPosition>
    <ScreenBounds />
    <DistanceToCam>0</DistanceToCam>
    <Speed>6.85211849</Speed>
    <AccInput>0</AccInput>
    <RPM>1.35798967</RPM>
    <Gear>0</Gear>
    <SteeringAngle>5.853084E-41</SteeringAngle>
    <WheelSpeed>0</WheelSpeed>
    <CarType>Sports</CarType>
  </MyCar>
  <Peds />
  <Time>130112</Time>
  <LastFrameTime>0.04732089</LastFrameTime>
  <MyProperty>0</MyProperty>
  <Weather>Clear</Weather>
  <Steering>123</Steering>
  <Acc>175</Acc>
  <Brake>169</Brake>
  <DayTime>15:16:13</DayTime>
  <Position>
    <X>-2374.069</X>
    <Y>-264.118622</Y>
    <Z>15.1285162</Z>
  </Position>
  <Rotation>
    <X>0.7045572</X>
    <Y>0.629537642</Y>
    <Z>56.3368645</Z>
  </Rotation>
</Screenshot>