<?xml version="1.0" encoding="utf-8"?>
<Screenshot xmlns:xsd="http://www.w3.org/2001/XMLSchema" xmlns:xsi="http://www.w3.org/2001/XMLSchema-instance">
  <Cars />
  <MyCar>
    <Position>
      <X>-2373.7417</X>
      <Y>-264.347565</Y>
      <Z>14.2195091</Z>
    </Position>
    <Rotation>
      <X>1.195931</X>
      <Y>0.138943568</Y>
      <Z>56.5879</Z>
    </Rotation>
    <Handle>663810</Handle>
    <Bounds>
      <Vector3>
        <X>-2372.183</X>
        <Y>-266.6014</Y>
        <Z>13.4408121</Z>
      </Vector3>
      <Vector3>
        <X>-2371.05835</X>
        <Y>-264.896271</Y>
        <Z>13.4358587</Z>
      </Vector3>
      <Vector3>
        <X>-2376.45215</X>
        <Y>-263.784851</Y>
        <Z>13.5475817</Z>
      </Vector3>
      <Vector3>
        <X>-2372.15576</X>
        <Y>-266.6152</Y>
        <Z>14.8963881</Z>
      </Vector3>
      <Vector3>
        <X>-2375.32739</X>
        <Y>-262.079742</Y>
        <Z>13.5426283</Z>
      </Vector3>
      <Vector3>
        <X>-2371.031</X>
        <Y>-264.910065</Y>
        <Z>14.8914347</Z>
      </Vector3>
      <Vector3>
        <X>-2376.425</X>
        <Y>-263.798645</Y>
        <Z>15.0031576</Z>
      </Vector3>
      <Vector3>
        <X>-2375.3</X>
        <Y>-262.093536</Y>
        <Z>14.9982042</Z>
      </Vector3>
    </Bounds>
    <CenterCamPosition>
      <X>0</X>
      <Y>0</Y>
    </CenterCamPosition>
    <ScreenBounds />
    <DistanceToCam>0</DistanceToCam>
    <Speed>6.857021</Speed>
    <AccInput>0</AccInput>
    <RPM>1.35798967</RPM>
    <Gear>0</Gear>
    <SteeringAngle>5.853084E-41</SteeringAngle>
    <WheelSpeed>0</WheelSpeed>
    <CarType>Sports</CarType>
  </MyCar>
  <Peds />
  <Time>130179</Time>
  <LastFrameTime>0.0471896343</LastFrameTime>
  <MyProperty>0</MyProperty>
  <Weather>Clear</Weather>
  <Steering>122</Steering>
  <Acc>175</Acc>
  <Brake>169</Brake>
  <DayTime>15:16:13</DayTime>
  <Position>
    <X>-2374.45361</X>
    <Y>-263.8699</Y>
    <Z>15.1378136</Z>
  </Position>
  <Rotation>
    <X>0.6997827</X>
    <Y>0.6320494</Y>
    <Z>56.47773</Z>
  </Rotation>
</Screenshot>