<?xml version="1.0" encoding="utf-8"?>
<Screenshot xmlns:xsd="http://www.w3.org/2001/XMLSchema" xmlns:xsi="http://www.w3.org/2001/XMLSchema-instance">
  <Cars />
  <MyCar>
    <Position>
      <X>-2373.47046</X>
      <Y>-264.524</Y>
      <Z>14.2128878</Z>
    </Position>
    <Rotation>
      <X>1.19974029</X>
      <Y>0.132096529</Y>
      <Z>56.4700165</Z>
    </Rotation>
    <Handle>663810</Handle>
    <Bounds>
      <Vector3>
        <X>-2371.9165</X>
        <Y>-266.7809</Y>
        <Z>13.4339</Z>
      </Vector3>
      <Vector3>
        <X>-2370.78833</X>
        <Y>-265.078125</Y>
        <Z>13.4291906</Z>
      </Vector3>
      <Vector3>
        <X>-2376.18</X>
        <Y>-263.955627</Y>
        <Z>13.54101</Z>
      </Vector3>
      <Vector3>
        <X>-2371.8894</X>
        <Y>-266.794952</Y>
        <Z>14.8894739</Z>
      </Vector3>
      <Vector3>
        <X>-2375.05151</X>
        <Y>-262.2528</Y>
        <Z>13.5363</Z>
      </Vector3>
      <Vector3>
        <X>-2370.761</X>
        <Y>-265.092163</Y>
        <Z>14.8847647</Z>
      </Vector3>
      <Vector3>
        <X>-2376.15259</X>
        <Y>-263.969666</Y>
        <Z>14.9965839</Z>
      </Vector3>
      <Vector3>
        <X>-2375.02417</X>
        <Y>-262.266846</Y>
        <Z>14.9918737</Z>
      </Vector3>
    </Bounds>
    <CenterCamPosition>
      <X>0</X>
      <Y>0</Y>
    </CenterCamPosition>
    <ScreenBounds />
    <DistanceToCam>0</DistanceToCam>
    <Speed>6.85358667</Speed>
    <AccInput>0</AccInput>
    <RPM>1.35798967</RPM>
    <Gear>0</Gear>
    <SteeringAngle>5.853084E-41</SteeringAngle>
    <WheelSpeed>0</WheelSpeed>
    <CarType>Sports</CarType>
  </MyCar>
  <Peds />
  <Time>130132</Time>
  <LastFrameTime>0.0195186771</LastFrameTime>
  <MyProperty>0</MyProperty>
  <Weather>Clear</Weather>
  <Steering>123</Steering>
  <Acc>175</Acc>
  <Brake>169</Brake>
  <DayTime>15:16:13</DayTime>
  <Position>
    <X>-2374.34131</X>
    <Y>-263.9424</Y>
    <Z>15.1351013</Z>
  </Position>
  <Rotation>
    <X>0.7010388</X>
    <Y>0.6318781</Y>
    <Z>56.4347839</Z>
  </Rotation>
</Screenshot>