<?xml version="1.0" encoding="utf-8"?>
<Screenshot xmlns:xsd="http://www.w3.org/2001/XMLSchema" xmlns:xsi="http://www.w3.org/2001/XMLSchema-instance">
  <Cars />
  <MyCar>
    <Position>
      <X>-2374.316</X>
      <Y>-263.977844</Y>
      <Z>14.23348</Z>
    </Position>
    <Rotation>
      <X>1.18994188</X>
      <Y>0.146442309</Y>
      <Z>56.8842964</Z>
    </Rotation>
    <Handle>663810</Handle>
    <Bounds>
      <Vector3>
        <X>-2372.74585</X>
        <Y>-266.223724</Y>
        <Z>13.455183</Z>
      </Vector3>
      <Vector3>
        <X>-2371.62964</X>
        <Y>-264.5128</Y>
        <Z>13.4499626</Z>
      </Vector3>
      <Vector3>
        <X>-2377.0293</X>
        <Y>-263.4293</Y>
        <Z>13.5614185</Z>
      </Vector3>
      <Vector3>
        <X>-2372.71826</X>
        <Y>-266.237122</Y>
        <Z>14.9107618</Z>
      </Vector3>
      <Vector3>
        <X>-2375.91333</X>
        <Y>-261.718353</Y>
        <Z>13.5561972</Z>
      </Vector3>
      <Vector3>
        <X>-2371.60229</X>
        <Y>-264.5262</Y>
        <Z>14.9055414</Z>
      </Vector3>
      <Vector3>
        <X>-2377.002</X>
        <Y>-263.4427</Y>
        <Z>15.0169973</Z>
      </Vector3>
      <Vector3>
        <X>-2375.886</X>
        <Y>-261.73175</Y>
        <Z>15.011776</Z>
      </Vector3>
    </Bounds>
    <CenterCamPosition>
      <X>0</X>
      <Y>0</Y>
    </CenterCamPosition>
    <ScreenBounds />
    <DistanceToCam>0</DistanceToCam>
    <Speed>6.86418438</Speed>
    <AccInput>0</AccInput>
    <RPM>1.35798967</RPM>
    <Gear>0</Gear>
    <SteeringAngle>5.853084E-41</SteeringAngle>
    <WheelSpeed>0</WheelSpeed>
    <CarType>Sports</CarType>
  </MyCar>
  <Peds />
  <Time>130279</Time>
  <LastFrameTime>0.0455844365</LastFrameTime>
  <MyProperty>0</MyProperty>
  <Weather>Clear</Weather>
  <Steering>122</Steering>
  <Acc>175</Acc>
  <Brake>169</Brake>
  <DayTime>15:16:13</DayTime>
  <Position>
    <X>-2375.03882</X>
    <Y>-263.497</Y>
    <Z>15.1518612</Z>
  </Position>
  <Rotation>
    <X>0.692697346</X>
    <Y>0.64400667</Y>
    <Z>56.74757</Z>
  </Rotation>
</Screenshot>