<?xml version="1.0" encoding="utf-8"?>
<Screenshot xmlns:xsd="http://www.w3.org/2001/XMLSchema" xmlns:xsi="http://www.w3.org/2001/XMLSchema-instance">
  <Cars />
  <MyCar>
    <Position>
      <X>-2373.88135</X>
      <Y>-264.25705</Y>
      <Z>14.2229252</Z>
    </Position>
    <Rotation>
      <X>1.19506264</X>
      <Y>0.139709473</Y>
      <Z>56.6535721</Z>
    </Rotation>
    <Handle>663810</Handle>
    <Bounds>
      <Vector3>
        <X>-2372.32031</X>
        <Y>-266.509125</Y>
        <Z>13.4442806</Z>
      </Vector3>
      <Vector3>
        <X>-2371.19727</X>
        <Y>-264.8027</Y>
        <Z>13.4393</Z>
      </Vector3>
      <Vector3>
        <X>-2376.59253</X>
        <Y>-263.697449</Y>
        <Z>13.5509729</Z>
      </Vector3>
      <Vector3>
        <X>-2372.293</X>
        <Y>-266.522827</Y>
        <Z>14.8998566</Z>
      </Vector3>
      <Vector3>
        <X>-2375.46973</X>
        <Y>-261.991058</Y>
        <Z>13.5459919</Z>
      </Vector3>
      <Vector3>
        <X>-2371.17</X>
        <Y>-264.816437</Y>
        <Z>14.8948765</Z>
      </Vector3>
      <Vector3>
        <X>-2376.56519</X>
        <Y>-263.711182</Y>
        <Z>15.0065489</Z>
      </Vector3>
      <Vector3>
        <X>-2375.44238</X>
        <Y>-262.0048</Y>
        <Z>15.0015678</Z>
      </Vector3>
    </Bounds>
    <CenterCamPosition>
      <X>0</X>
      <Y>0</Y>
    </CenterCamPosition>
    <ScreenBounds />
    <DistanceToCam>0</DistanceToCam>
    <Speed>6.85877562</Speed>
    <AccInput>0</AccInput>
    <RPM>1.35798967</RPM>
    <Gear>0</Gear>
    <SteeringAngle>5.853084E-41</SteeringAngle>
    <WheelSpeed>0</WheelSpeed>
    <CarType>Sports</CarType>
  </MyCar>
  <Peds />
  <Time>130203</Time>
  <LastFrameTime>0.024277484</LastFrameTime>
  <MyProperty>0</MyProperty>
  <Weather>Clear</Weather>
  <Steering>122</Steering>
  <Acc>175</Acc>
  <Brake>169</Brake>
  <DayTime>15:16:13</DayTime>
  <Position>
    <X>-2374.72632</X>
    <Y>-263.6954</Y>
    <Z>15.1443558</Z>
  </Position>
  <Rotation>
    <X>0.6959742</X>
    <Y>0.6388964</Y>
    <Z>56.5956573</Z>
  </Rotation>
</Screenshot>