<?xml version="1.0" encoding="utf-8"?>
<Screenshot xmlns:xsd="http://www.w3.org/2001/XMLSchema" xmlns:xsi="http://www.w3.org/2001/XMLSchema-instance">
  <Cars />
  <MyCar>
    <Position>
      <X>-2374.05249</X>
      <Y>-264.146667</Y>
      <Z>14.2270823</Z>
    </Position>
    <Rotation>
      <X>1.19265354</X>
      <Y>0.144053638</Y>
      <Z>56.73979</Z>
    </Rotation>
    <Handle>663810</Handle>
    <Bounds>
      <Vector3>
        <X>-2372.488</X>
        <Y>-266.396454</Y>
        <Z>13.4486227</Z>
      </Vector3>
      <Vector3>
        <X>-2371.36768</X>
        <Y>-264.688354</Y>
        <Z>13.4434862</Z>
      </Vector3>
      <Vector3>
        <X>-2376.7644</X>
        <Y>-263.591217</Y>
        <Z>13.5550995</Z>
      </Vector3>
      <Vector3>
        <X>-2372.46069</X>
        <Y>-266.41</Y>
        <Z>14.9042</Z>
      </Vector3>
      <Vector3>
        <X>-2375.64429</X>
        <Y>-261.883118</Y>
        <Z>13.549963</Z>
      </Vector3>
      <Vector3>
        <X>-2371.34033</X>
        <Y>-264.7019</Y>
        <Z>14.8990641</Z>
      </Vector3>
      <Vector3>
        <X>-2376.737</X>
        <Y>-263.604767</Y>
        <Z>15.0106764</Z>
      </Vector3>
      <Vector3>
        <X>-2375.617</X>
        <Y>-261.8967</Y>
        <Z>15.0055408</Z>
      </Vector3>
    </Bounds>
    <CenterCamPosition>
      <X>0</X>
      <Y>0</Y>
    </CenterCamPosition>
    <ScreenBounds />
    <DistanceToCam>0</DistanceToCam>
    <Speed>6.860909</Speed>
    <AccInput>0</AccInput>
    <RPM>1.35798967</RPM>
    <Gear>0</Gear>
    <SteeringAngle>5.853084E-41</SteeringAngle>
    <WheelSpeed>0</WheelSpeed>
    <CarType>Sports</CarType>
  </MyCar>
  <Peds />
  <Time>130233</Time>
  <LastFrameTime>0.0296879262</LastFrameTime>
  <MyProperty>0</MyProperty>
  <Weather>Clear</Weather>
  <Steering>122</Steering>
  <Acc>175</Acc>
  <Brake>169</Brake>
  <DayTime>15:16:13</DayTime>
  <Position>
    <X>-2374.8667</X>
    <Y>-263.606</Y>
    <Z>15.1477547</Z>
  </Position>
  <Rotation>
    <X>0.695105851</X>
    <Y>0.6396624</Y>
    <Z>56.6613274</Z>
  </Rotation>
</Screenshot>