<?xml version="1.0" encoding="utf-8"?>
<Screenshot xmlns:xsd="http://www.w3.org/2001/XMLSchema" xmlns:xsi="http://www.w3.org/2001/XMLSchema-instance">
  <Cars />
  <MyCar>
    <Position>
      <X>-2374.42969</X>
      <Y>-263.905182</Y>
      <Z>14.2362528</Z>
    </Position>
    <Rotation>
      <X>1.18963373</X>
      <Y>0.147467479</Y>
      <Z>56.94943</Z>
    </Rotation>
    <Handle>663810</Handle>
    <Bounds>
      <Vector3>
        <X>-2372.857</X>
        <Y>-266.1493</Y>
        <Z>13.4579878</Z>
      </Vector3>
      <Vector3>
        <X>-2371.743</X>
        <Y>-264.4371</Y>
        <Z>13.45273</Z>
      </Vector3>
      <Vector3>
        <X>-2377.1438</X>
        <Y>-263.3597</Y>
        <Z>13.5641947</Z>
      </Vector3>
      <Vector3>
        <X>-2372.82959</X>
        <Y>-266.162628</Y>
        <Z>14.9135666</Z>
      </Vector3>
      <Vector3>
        <X>-2376.02979</X>
        <Y>-261.647522</Y>
        <Z>13.558938</Z>
      </Vector3>
      <Vector3>
        <X>-2371.71558</X>
        <Y>-264.450439</Y>
        <Z>14.908309</Z>
      </Vector3>
      <Vector3>
        <X>-2377.11646</X>
        <Y>-263.373047</Y>
        <Z>15.0197735</Z>
      </Vector3>
      <Vector3>
        <X>-2376.0022</X>
        <Y>-261.6609</Y>
        <Z>15.0145159</Z>
      </Vector3>
    </Bounds>
    <CenterCamPosition>
      <X>0</X>
      <Y>0</Y>
    </CenterCamPosition>
    <ScreenBounds />
    <DistanceToCam>0</DistanceToCam>
    <Speed>6.865594</Speed>
    <AccInput>0</AccInput>
    <RPM>1.35798967</RPM>
    <Gear>0</Gear>
    <SteeringAngle>5.853084E-41</SteeringAngle>
    <WheelSpeed>0</WheelSpeed>
    <CarType>Sports</CarType>
  </MyCar>
  <Peds />
  <Time>130298</Time>
  <LastFrameTime>0.0196697954</LastFrameTime>
  <MyProperty>0</MyProperty>
  <Weather>Clear</Weather>
  <Steering>122</Steering>
  <Acc>175</Acc>
  <Brake>169</Brake>
  <DayTime>15:16:13</DayTime>
  <Position>
    <X>-2375.304</X>
    <Y>-263.330627</Y>
    <Z>15.1582031</Z>
  </Position>
  <Rotation>
    <X>0.689985752</X>
    <Y>0.6463954</Y>
    <Z>56.8920746</Z>
  </Rotation>
</Screenshot>