<?xml version="1.0" encoding="utf-8"?>
<Screenshot xmlns:xsd="http://www.w3.org/2001/XMLSchema" xmlns:xsi="http://www.w3.org/2001/XMLSchema-instance">
  <Cars />
  <MyCar>
    <Position>
      <X>-2374.705</X>
      <Y>-263.7304</Y>
      <Z>14.2430534</Z>
    </Position>
    <Rotation>
      <X>1.19264781</X>
      <Y>0.1519594</Y>
      <Z>57.115818</Z>
    </Rotation>
    <Handle>663810</Handle>
    <Bounds>
      <Vector3>
        <X>-2373.126</X>
        <Y>-265.969971</Y>
        <Z>13.464735</Z>
      </Vector3>
      <Vector3>
        <X>-2372.01685</X>
        <Y>-264.254547</Y>
        <Z>13.4593172</Z>
      </Vector3>
      <Vector3>
        <X>-2377.42065</X>
        <Y>-263.192841</Y>
        <Z>13.5712109</Z>
      </Vector3>
      <Vector3>
        <X>-2373.09839</X>
        <Y>-265.9832</Y>
        <Z>14.9203119</Z>
      </Vector3>
      <Vector3>
        <X>-2376.31177</X>
        <Y>-261.477448</Y>
        <Z>13.565794</Z>
      </Vector3>
      <Vector3>
        <X>-2371.98926</X>
        <Y>-264.267761</Y>
        <Z>14.9148941</Z>
      </Vector3>
      <Vector3>
        <X>-2377.39331</X>
        <Y>-263.206055</Y>
        <Z>15.0267878</Z>
      </Vector3>
      <Vector3>
        <X>-2376.28418</X>
        <Y>-261.490662</Y>
        <Z>15.02137</Z>
      </Vector3>
    </Bounds>
    <CenterCamPosition>
      <X>0</X>
      <Y>0</Y>
    </CenterCamPosition>
    <ScreenBounds />
    <DistanceToCam>0</DistanceToCam>
    <Speed>6.86901569</Speed>
    <AccInput>0</AccInput>
    <RPM>1.35798967</RPM>
    <Gear>0</Gear>
    <SteeringAngle>5.853084E-41</SteeringAngle>
    <WheelSpeed>0</WheelSpeed>
    <CarType>Sports</CarType>
  </MyCar>
  <Peds />
  <Time>130346</Time>
  <LastFrameTime>0.04749466</LastFrameTime>
  <MyProperty>0</MyProperty>
  <Weather>Clear</Weather>
  <Steering>122</Steering>
  <Acc>175</Acc>
  <Brake>169</Brake>
  <DayTime>15:16:13</DayTime>
  <Position>
    <X>-2375.41846</X>
    <Y>-263.259064</Y>
    <Z>15.16097</Z>
  </Position>
  <Rotation>
    <X>0.689677835</X>
    <Y>0.6474206</Y>
    <Z>56.95722</Z>
  </Rotation>
</Screenshot>