<?xml version="1.0" encoding="utf-8"?>
<Screenshot xmlns:xsd="http://www.w3.org/2001/XMLSchema" xmlns:xsi="http://www.w3.org/2001/XMLSchema-instance">
  <Cars />
  <MyCar>
    <Position>
      <X>-2374.814</X>
      <Y>-263.66153</Y>
      <Z>14.2457762</Z>
    </Position>
    <Rotation>
      <X>1.19633222</X>
      <Y>0.151846468</Y>
      <Z>57.18333</Z>
    </Rotation>
    <Handle>663810</Handle>
    <Bounds>
      <Vector3>
        <X>-2373.23218</X>
        <Y>-265.8992</Y>
        <Z>13.4672918</Z>
      </Vector3>
      <Vector3>
        <X>-2372.12524</X>
        <Y>-264.182465</Y>
        <Z>13.4618788</Z>
      </Vector3>
      <Vector3>
        <X>-2377.53027</X>
        <Y>-263.127136</Y>
        <Z>13.5740976</Z>
      </Vector3>
      <Vector3>
        <X>-2373.20459</X>
        <Y>-265.9124</Y>
        <Z>14.9228668</Z>
      </Vector3>
      <Vector3>
        <X>-2376.42334</X>
        <Y>-261.410431</Y>
        <Z>13.5686836</Z>
      </Vector3>
      <Vector3>
        <X>-2372.09741</X>
        <Y>-264.1957</Y>
        <Z>14.9174538</Z>
      </Vector3>
      <Vector3>
        <X>-2377.50269</X>
        <Y>-263.140381</Y>
        <Z>15.0296726</Z>
      </Vector3>
      <Vector3>
        <X>-2376.39551</X>
        <Y>-261.423645</Y>
        <Z>15.0242586</Z>
      </Vector3>
    </Bounds>
    <CenterCamPosition>
      <X>0</X>
      <Y>0</Y>
    </CenterCamPosition>
    <ScreenBounds />
    <DistanceToCam>0</DistanceToCam>
    <Speed>6.87035942</Speed>
    <AccInput>0</AccInput>
    <RPM>1.35798967</RPM>
    <Gear>0</Gear>
    <SteeringAngle>5.853084E-41</SteeringAngle>
    <WheelSpeed>0</WheelSpeed>
    <CarType>Sports</CarType>
  </MyCar>
  <Peds />
  <Time>130365</Time>
  <LastFrameTime>0.0187596753</LastFrameTime>
  <MyProperty>0</MyProperty>
  <Weather>Clear</Weather>
  <Steering>122</Steering>
  <Acc>175</Acc>
  <Brake>169</Brake>
  <DayTime>15:16:13</DayTime>
  <Position>
    <X>-2375.69556</X>
    <Y>-263.087128</Y>
    <Z>15.1678324</Z>
  </Position>
  <Rotation>
    <X>0.692692637</X>
    <Y>0.651911736</Y>
    <Z>57.1236954</Z>
  </Rotation>
</Screenshot>