<?xml version="1.0" encoding="utf-8"?>
<Screenshot xmlns:xsd="http://www.w3.org/2001/XMLSchema" xmlns:xsi="http://www.w3.org/2001/XMLSchema-instance">
  <Cars />
  <MyCar>
    <Position>
      <X>-2375.49976</X>
      <Y>-263.232971</Y>
      <Z>14.2628288</Z>
    </Position>
    <Rotation>
      <X>1.2240206</X>
      <Y>0.147256911</Y>
      <Z>57.6295052</Z>
    </Rotation>
    <Handle>663810</Handle>
    <Bounds>
      <Vector3>
        <X>-2373.901</X>
        <Y>-265.458</Y>
        <Z>13.4830341</Z>
      </Vector3>
      <Vector3>
        <X>-2372.80713</X>
        <Y>-263.732727</Y>
        <Z>13.4777842</Z>
      </Vector3>
      <Vector3>
        <X>-2378.22046</X>
        <Y>-262.719543</Y>
        <Z>13.5923109</Z>
      </Vector3>
      <Vector3>
        <X>-2373.87256</X>
        <Y>-265.4715</Y>
        <Z>14.9385948</Z>
      </Vector3>
      <Vector3>
        <X>-2377.12671</X>
        <Y>-260.994232</Y>
        <Z>13.5870609</Z>
      </Vector3>
      <Vector3>
        <X>-2372.779</X>
        <Y>-263.746216</Y>
        <Z>14.9333448</Z>
      </Vector3>
      <Vector3>
        <X>-2378.19214</X>
        <Y>-262.733032</Y>
        <Z>15.0478716</Z>
      </Vector3>
      <Vector3>
        <X>-2377.09839</X>
        <Y>-261.007751</Y>
        <Z>15.0426216</Z>
      </Vector3>
    </Bounds>
    <CenterCamPosition>
      <X>0</X>
      <Y>0</Y>
    </CenterCamPosition>
    <ScreenBounds />
    <DistanceToCam>0</DistanceToCam>
    <Speed>6.87878561</Speed>
    <AccInput>0</AccInput>
    <RPM>1.35798967</RPM>
    <Gear>0</Gear>
    <SteeringAngle>5.853084E-41</SteeringAngle>
    <WheelSpeed>0</WheelSpeed>
    <CarType>Sports</CarType>
  </MyCar>
  <Peds />
  <Time>130482</Time>
  <LastFrameTime>0.05103708</LastFrameTime>
  <MyProperty>0</MyProperty>
  <Weather>Clear</Weather>
  <Steering>122</Steering>
  <Acc>175</Acc>
  <Brake>169</Brake>
  <DayTime>15:16:13</DayTime>
  <Position>
    <X>-2376.19531</X>
    <Y>-262.78067</Y>
    <Z>15.1805983</Z>
  </Position>
  <Rotation>
    <X>0.7121751</X>
    <Y>0.6494825</Y>
    <Z>57.44038</Z>
  </Rotation>
</Screenshot>