<?xml version="1.0" encoding="utf-8"?>
<Screenshot xmlns:xsd="http://www.w3.org/2001/XMLSchema" xmlns:xsi="http://www.w3.org/2001/XMLSchema-instance">
  <Cars />
  <MyCar>
    <Position>
      <X>-2375.20166</X>
      <Y>-263.418274</Y>
      <Z>14.2554178</Z>
    </Position>
    <Rotation>
      <X>1.21212924</X>
      <Y>0.149532631</Y>
      <Z>57.432312</Z>
    </Rotation>
    <Handle>663810</Handle>
    <Bounds>
      <Vector3>
        <X>-2373.61035</X>
        <Y>-265.6489</Y>
        <Z>13.4761915</Z>
      </Vector3>
      <Vector3>
        <X>-2372.51074</X>
        <Y>-263.9274</Y>
        <Z>13.4708605</Z>
      </Vector3>
      <Vector3>
        <X>-2377.92041</X>
        <Y>-262.895569</Y>
        <Z>13.5844069</Z>
      </Vector3>
      <Vector3>
        <X>-2373.58228</X>
        <Y>-265.6623</Y>
        <Z>14.9317579</Z>
      </Vector3>
      <Vector3>
        <X>-2376.8208</X>
        <Y>-261.174072</Y>
        <Z>13.5790758</Z>
      </Vector3>
      <Vector3>
        <X>-2372.48267</X>
        <Y>-263.940765</Y>
        <Z>14.9264269</Z>
      </Vector3>
      <Vector3>
        <X>-2377.89233</X>
        <Y>-262.908966</Y>
        <Z>15.0399733</Z>
      </Vector3>
      <Vector3>
        <X>-2376.79272</X>
        <Y>-261.187439</Y>
        <Z>15.0346422</Z>
      </Vector3>
    </Bounds>
    <CenterCamPosition>
      <X>0</X>
      <Y>0</Y>
    </CenterCamPosition>
    <ScreenBounds />
    <DistanceToCam>0</DistanceToCam>
    <Speed>6.87514353</Speed>
    <AccInput>0</AccInput>
    <RPM>1.35798967</RPM>
    <Gear>0</Gear>
    <SteeringAngle>5.853084E-41</SteeringAngle>
    <WheelSpeed>0</WheelSpeed>
    <CarType>Sports</CarType>
  </MyCar>
  <Peds />
  <Time>130431</Time>
  <LastFrameTime>0.0186824109</LastFrameTime>
  <MyProperty>0</MyProperty>
  <Weather>Clear</Weather>
  <Steering>122</Steering>
  <Acc>175</Acc>
  <Brake>169</Brake>
  <DayTime>15:16:13</DayTime>
  <Position>
    <X>-2376.08569</X>
    <Y>-262.847534</Y>
    <Z>15.1778078</Z>
  </Position>
  <Rotation>
    <X>0.7082074</X>
    <Y>0.6504281</Y>
    <Z>57.36968</Z>
  </Rotation>
</Screenshot>