<?xml version="1.0" encoding="utf-8"?>
<Screenshot xmlns:xsd="http://www.w3.org/2001/XMLSchema" xmlns:xsi="http://www.w3.org/2001/XMLSchema-instance">
  <Cars />
  <MyCar>
    <Position>
      <X>-2375.09277</X>
      <Y>-263.4864</Y>
      <Z>14.2527094</Z>
    </Position>
    <Rotation>
      <X>1.20816183</X>
      <Y>0.150477827</Y>
      <Z>57.36164</Z>
    </Rotation>
    <Handle>663810</Handle>
    <Bounds>
      <Vector3>
        <X>-2373.50415</X>
        <Y>-265.719025</Y>
        <Z>13.4736757</Z>
      </Vector3>
      <Vector3>
        <X>-2372.40234</X>
        <Y>-263.998871</Y>
        <Z>13.4683113</Z>
      </Vector3>
      <Vector3>
        <X>-2377.81079</X>
        <Y>-262.960358</Y>
        <Z>13.5815372</Z>
      </Vector3>
      <Vector3>
        <X>-2373.47632</X>
        <Y>-265.732361</Y>
        <Z>14.929245</Z>
      </Vector3>
      <Vector3>
        <X>-2376.70923</X>
        <Y>-261.2402</Y>
        <Z>13.5761728</Z>
      </Vector3>
      <Vector3>
        <X>-2372.37451</X>
        <Y>-264.0122</Y>
        <Z>14.92388</Z>
      </Vector3>
      <Vector3>
        <X>-2377.783</X>
        <Y>-262.9737</Y>
        <Z>15.0371056</Z>
      </Vector3>
      <Vector3>
        <X>-2376.68115</X>
        <Y>-261.25354</Y>
        <Z>15.0317411</Z>
      </Vector3>
    </Bounds>
    <CenterCamPosition>
      <X>0</X>
      <Y>0</Y>
    </CenterCamPosition>
    <ScreenBounds />
    <DistanceToCam>0</DistanceToCam>
    <Speed>6.87381172</Speed>
    <AccInput>0</AccInput>
    <RPM>1.35798967</RPM>
    <Gear>0</Gear>
    <SteeringAngle>5.853084E-41</SteeringAngle>
    <WheelSpeed>0</WheelSpeed>
    <CarType>Sports</CarType>
  </MyCar>
  <Peds />
  <Time>130413</Time>
  <LastFrameTime>0.0479089171</LastFrameTime>
  <MyProperty>0</MyProperty>
  <Weather>Clear</Weather>
  <Steering>122</Steering>
  <Acc>175</Acc>
  <Brake>169</Brake>
  <DayTime>15:16:13</DayTime>
  <Position>
    <X>-2375.80518</X>
    <Y>-263.01944</Y>
    <Z>15.17063</Z>
  </Position>
  <Rotation>
    <X>0.6963773</X>
    <Y>0.6517983</Y>
    <Z>57.19125</Z>
  </Rotation>
</Screenshot>