<?xml version="1.0" encoding="utf-8"?>
<Screenshot xmlns:xsd="http://www.w3.org/2001/XMLSchema" xmlns:xsi="http://www.w3.org/2001/XMLSchema-instance">
  <Cars />
  <MyCar>
    <Position>
      <X>-2375.77979</X>
      <Y>-263.060333</Y>
      <Z>14.27004</Z>
    </Position>
    <Rotation>
      <X>1.25161564</X>
      <Y>0.122421995</Y>
      <Z>57.8177948</Z>
    </Rotation>
    <Handle>663810</Handle>
    <Bounds>
      <Vector3>
        <X>-2374.17383</X>
        <Y>-265.2796</Y>
        <Z>13.4885778</Z>
      </Vector3>
      <Vector3>
        <X>-2373.08569</X>
        <Y>-263.550751</Y>
        <Z>13.4842129</Z>
      </Vector3>
      <Vector3>
        <X>-2378.5022</X>
        <Y>-262.55542</Y>
        <Z>13.600318</Z>
      </Vector3>
      <Vector3>
        <X>-2374.14526</X>
        <Y>-265.2939</Y>
        <Z>14.9441242</Z>
      </Vector3>
      <Vector3>
        <X>-2377.41431</X>
        <Y>-260.826538</Y>
        <Z>13.595953</Z>
      </Vector3>
      <Vector3>
        <X>-2373.05713</X>
        <Y>-263.565033</Y>
        <Z>14.93976</Z>
      </Vector3>
      <Vector3>
        <X>-2378.47363</X>
        <Y>-262.569733</Y>
        <Z>15.0558643</Z>
      </Vector3>
      <Vector3>
        <X>-2377.38574</X>
        <Y>-260.840851</Y>
        <Z>15.0515</Z>
      </Vector3>
    </Bounds>
    <CenterCamPosition>
      <X>0</X>
      <Y>0</Y>
    </CenterCamPosition>
    <ScreenBounds />
    <DistanceToCam>0</DistanceToCam>
    <Speed>6.88219643</Speed>
    <AccInput>0</AccInput>
    <RPM>1.35798967</RPM>
    <Gear>0</Gear>
    <SteeringAngle>5.853084E-41</SteeringAngle>
    <WheelSpeed>0</WheelSpeed>
    <CarType>Sports</CarType>
  </MyCar>
  <Peds />
  <Time>130530</Time>
  <LastFrameTime>0.0477916226</LastFrameTime>
  <MyProperty>0</MyProperty>
  <Weather>Clear</Weather>
  <Steering>122</Steering>
  <Acc>175</Acc>
  <Brake>169</Brake>
  <DayTime>15:16:13</DayTime>
  <Position>
    <X>-2376.49561</X>
    <Y>-262.598938</Y>
    <Z>15.1882544</Z>
  </Position>
  <Rotation>
    <X>0.7240668</X>
    <Y>0.647205234</Y>
    <Z>57.63768</Z>
  </Rotation>
</Screenshot>