<?xml version="1.0" encoding="utf-8"?>
<Screenshot xmlns:xsd="http://www.w3.org/2001/XMLSchema" xmlns:xsi="http://www.w3.org/2001/XMLSchema-instance">
  <Cars />
  <MyCar>
    <Position>
      <X>-2375.97656</X>
      <Y>-262.939819</Y>
      <Z>14.2750559</Z>
    </Position>
    <Rotation>
      <X>1.26301777</X>
      <Y>0.1137081</Y>
      <Z>57.9518</Z>
    </Rotation>
    <Handle>663810</Handle>
    <Bounds>
      <Vector3>
        <X>-2374.36548</X>
        <Y>-265.155151</Y>
        <Z>13.4929323</Z>
      </Vector3>
      <Vector3>
        <X>-2373.28149</X>
        <Y>-263.423737</Y>
        <Z>13.4888792</Z>
      </Vector3>
      <Vector3>
        <X>-2378.7002</X>
        <Y>-262.4411</Y>
        <Z>13.605691</Z>
      </Vector3>
      <Vector3>
        <X>-2374.33667</X>
        <Y>-265.169739</Y>
        <Z>14.9484739</Z>
      </Vector3>
      <Vector3>
        <X>-2377.61621</X>
        <Y>-260.7097</Y>
        <Z>13.6016369</Z>
      </Vector3>
      <Vector3>
        <X>-2373.25269</X>
        <Y>-263.438324</Y>
        <Z>14.94442</Z>
      </Vector3>
      <Vector3>
        <X>-2378.67139</X>
        <Y>-262.4557</Y>
        <Z>15.0612316</Z>
      </Vector3>
      <Vector3>
        <X>-2377.58765</X>
        <Y>-260.724274</Y>
        <Z>15.0571775</Z>
      </Vector3>
    </Bounds>
    <CenterCamPosition>
      <X>0</X>
      <Y>0</Y>
    </CenterCamPosition>
    <ScreenBounds />
    <DistanceToCam>0</DistanceToCam>
    <Speed>6.88454962</Speed>
    <AccInput>0</AccInput>
    <RPM>1.35798967</RPM>
    <Gear>0</Gear>
    <SteeringAngle>5.853084E-41</SteeringAngle>
    <WheelSpeed>0</WheelSpeed>
    <CarType>Sports</CarType>
  </MyCar>
  <Peds />
  <Time>130564</Time>
  <LastFrameTime>0.0335186161</LastFrameTime>
  <MyProperty>0</MyProperty>
  <Weather>Clear</Weather>
  <Steering>122</Steering>
  <Acc>175</Acc>
  <Brake>169</Brake>
  <DayTime>15:16:13</DayTime>
  <Position>
    <X>-2376.77759</X>
    <Y>-262.430145</Y>
    <Z>15.1960344</Z>
  </Position>
  <Rotation>
    <X>0.75166</X>
    <Y>0.6223684</Y>
    <Z>57.8259621</Z>
  </Rotation>
</Screenshot>