<?xml version="1.0" encoding="utf-8"?>
<Screenshot xmlns:xsd="http://www.w3.org/2001/XMLSchema" xmlns:xsi="http://www.w3.org/2001/XMLSchema-instance">
  <Cars />
  <MyCar>
    <Position>
      <X>-2376.17969</X>
      <Y>-262.8161</Y>
      <Z>14.2800608</Z>
    </Position>
    <Rotation>
      <X>1.26895726</X>
      <Y>0.115463927</Y>
      <Z>58.0909729</Z>
    </Rotation>
    <Handle>663810</Handle>
    <Bounds>
      <Vector3>
        <X>-2374.56323</X>
        <Y>-265.0275</Y>
        <Z>13.4977055</Z>
      </Vector3>
      <Vector3>
        <X>-2373.48364</X>
        <Y>-263.293457</Y>
        <Z>13.4935894</Z>
      </Vector3>
      <Vector3>
        <X>-2378.90454</X>
        <Y>-262.324</Y>
        <Z>13.6109934</Z>
      </Vector3>
      <Vector3>
        <X>-2374.53442</X>
        <Y>-265.042053</Y>
        <Z>14.9532433</Z>
      </Vector3>
      <Vector3>
        <X>-2377.825</X>
        <Y>-260.589966</Y>
        <Z>13.6068773</Z>
      </Vector3>
      <Vector3>
        <X>-2373.45459</X>
        <Y>-263.308</Y>
        <Z>14.9491262</Z>
      </Vector3>
      <Vector3>
        <X>-2378.87573</X>
        <Y>-262.338531</Y>
        <Z>15.0665312</Z>
      </Vector3>
      <Vector3>
        <X>-2377.796</X>
        <Y>-260.6045</Y>
        <Z>15.0624142</Z>
      </Vector3>
    </Bounds>
    <CenterCamPosition>
      <X>0</X>
      <Y>0</Y>
    </CenterCamPosition>
    <ScreenBounds />
    <DistanceToCam>0</DistanceToCam>
    <Speed>6.88703156</Speed>
    <AccInput>0</AccInput>
    <RPM>1.35798967</RPM>
    <Gear>0</Gear>
    <SteeringAngle>5.853084E-41</SteeringAngle>
    <WheelSpeed>0</WheelSpeed>
    <CarType>Sports</CarType>
  </MyCar>
  <Peds />
  <Time>130598</Time>
  <LastFrameTime>0.03452834</LastFrameTime>
  <MyProperty>0</MyProperty>
  <Weather>Clear</Weather>
  <Steering>122</Steering>
  <Acc>175</Acc>
  <Brake>169</Brake>
  <DayTime>15:16:13</DayTime>
  <Position>
    <X>-2376.97559</X>
    <Y>-262.3122</Y>
    <Z>15.2012863</Z>
  </Position>
  <Rotation>
    <X>0.763061643</X>
    <Y>0.61365366</Y>
    <Z>57.9599724</Z>
  </Rotation>
</Screenshot>