<?xml version="1.0" encoding="utf-8"?>
<Screenshot xmlns:xsd="http://www.w3.org/2001/XMLSchema" xmlns:xsi="http://www.w3.org/2001/XMLSchema-instance">
  <Cars />
  <MyCar>
    <Position>
      <X>-2376.37354</X>
      <Y>-262.698547</Y>
      <Z>14.2848225</Z>
    </Position>
    <Rotation>
      <X>1.27267182</X>
      <Y>0.117288269</Y>
      <Z>58.2241364</Z>
    </Rotation>
    <Handle>663810</Handle>
    <Bounds>
      <Vector3>
        <X>-2374.752</X>
        <Y>-264.906158</Y>
        <Z>13.5023355</Z>
      </Vector3>
      <Vector3>
        <X>-2373.67627</X>
        <Y>-263.169617</Y>
        <Z>13.4981537</Z>
      </Vector3>
      <Vector3>
        <X>-2379.09961</X>
        <Y>-262.212769</Y>
        <Z>13.6159544</Z>
      </Vector3>
      <Vector3>
        <X>-2374.723</X>
        <Y>-264.920654</Y>
        <Z>14.9578705</Z>
      </Vector3>
      <Vector3>
        <X>-2378.024</X>
        <Y>-260.476227</Y>
        <Z>13.6117735</Z>
      </Vector3>
      <Vector3>
        <X>-2373.64722</X>
        <Y>-263.1841</Y>
        <Z>14.9536886</Z>
      </Vector3>
      <Vector3>
        <X>-2379.07056</X>
        <Y>-262.227264</Y>
        <Z>15.07149</Z>
      </Vector3>
      <Vector3>
        <X>-2377.99487</X>
        <Y>-260.490723</Y>
        <Z>15.0673084</Z>
      </Vector3>
    </Bounds>
    <CenterCamPosition>
      <X>0</X>
      <Y>0</Y>
    </CenterCamPosition>
    <ScreenBounds />
    <DistanceToCam>0</DistanceToCam>
    <Speed>6.889374</Speed>
    <AccInput>0</AccInput>
    <RPM>1.35798967</RPM>
    <Gear>0</Gear>
    <SteeringAngle>5.853084E-41</SteeringAngle>
    <WheelSpeed>0</WheelSpeed>
    <CarType>Sports</CarType>
  </MyCar>
  <Peds />
  <Time>130631</Time>
  <LastFrameTime>0.0329125933</LastFrameTime>
  <MyProperty>0</MyProperty>
  <Weather>Clear</Weather>
  <Steering>122</Steering>
  <Acc>175</Acc>
  <Brake>169</Brake>
  <DayTime>15:16:13</DayTime>
  <Position>
    <X>-2377.18018</X>
    <Y>-262.190918</Y>
    <Z>15.2064133</Z>
  </Position>
  <Rotation>
    <X>0.769001544</X>
    <Y>0.6154085</Y>
    <Z>58.0992241</Z>
  </Rotation>
</Screenshot>