<?xml version="1.0" encoding="utf-8"?>
<Screenshot xmlns:xsd="http://www.w3.org/2001/XMLSchema" xmlns:xsi="http://www.w3.org/2001/XMLSchema-instance">
  <Cars />
  <MyCar>
    <Position>
      <X>-2376.67676</X>
      <Y>-262.5158</Y>
      <Z>14.2922678</Z>
    </Position>
    <Rotation>
      <X>1.27988732</X>
      <Y>0.118483551</Y>
      <Z>58.42908</Z>
    </Rotation>
    <Handle>663810</Handle>
    <Bounds>
      <Vector3>
        <X>-2375.04736</X>
        <Y>-264.7176</Y>
        <Z>13.5094814</Z>
      </Vector3>
      <Vector3>
        <X>-2373.978</X>
        <Y>-262.9772</Y>
        <Z>13.5052576</Z>
      </Vector3>
      <Vector3>
        <X>-2379.40479</X>
        <Y>-262.039764</Y>
        <Z>13.6237459</Z>
      </Vector3>
      <Vector3>
        <X>-2375.018</X>
        <Y>-264.732025</Y>
        <Z>14.9650126</Z>
      </Vector3>
      <Vector3>
        <X>-2378.33521</X>
        <Y>-260.299377</Y>
        <Z>13.6195211</Z>
      </Vector3>
      <Vector3>
        <X>-2373.94873</X>
        <Y>-262.991669</Y>
        <Z>14.9607887</Z>
      </Vector3>
      <Vector3>
        <X>-2379.37549</X>
        <Y>-262.0542</Y>
        <Z>15.0792761</Z>
      </Vector3>
      <Vector3>
        <X>-2378.306</X>
        <Y>-260.313843</Y>
        <Z>15.0750523</Z>
      </Vector3>
    </Bounds>
    <CenterCamPosition>
      <X>0</X>
      <Y>0</Y>
    </CenterCamPosition>
    <ScreenBounds />
    <DistanceToCam>0</DistanceToCam>
    <Speed>6.893108</Speed>
    <AccInput>0</AccInput>
    <RPM>1.35798967</RPM>
    <Gear>0</Gear>
    <SteeringAngle>5.853084E-41</SteeringAngle>
    <WheelSpeed>0</WheelSpeed>
    <CarType>Sports</CarType>
  </MyCar>
  <Peds />
  <Time>130682</Time>
  <LastFrameTime>0.0292755328</LastFrameTime>
  <MyProperty>0</MyProperty>
  <Weather>Clear</Weather>
  <Steering>123</Steering>
  <Acc>175</Acc>
  <Brake>169</Brake>
  <DayTime>15:16:13</DayTime>
  <Position>
    <X>-2377.50659</X>
    <Y>-261.9986</Y>
    <Z>15.2145195</Z>
  </Position>
  <Rotation>
    <X>0.775986969</X>
    <Y>0.6184604</Y>
    <Z>58.3214455</Z>
  </Rotation>
</Screenshot>