<?xml version="1.0" encoding="utf-8"?>
<Screenshot xmlns:xsd="http://www.w3.org/2001/XMLSchema" xmlns:xsi="http://www.w3.org/2001/XMLSchema-instance">
  <Cars />
  <MyCar>
    <Position>
      <X>-2376.504</X>
      <Y>-262.619873</Y>
      <Z>14.2880239</Z>
    </Position>
    <Rotation>
      <X>1.27594185</X>
      <Y>0.118517116</Y>
      <Z>58.3130722</Z>
    </Rotation>
    <Handle>663810</Handle>
    <Bounds>
      <Vector3>
        <X>-2374.879</X>
        <Y>-264.824951</Y>
        <Z>13.5054131</Z>
      </Vector3>
      <Vector3>
        <X>-2373.806</X>
        <Y>-263.086761</Y>
        <Z>13.5011883</Z>
      </Vector3>
      <Vector3>
        <X>-2379.23071</X>
        <Y>-262.1383</Y>
        <Z>13.6193247</Z>
      </Vector3>
      <Vector3>
        <X>-2374.84985</X>
        <Y>-264.839447</Y>
        <Z>14.960947</Z>
      </Vector3>
      <Vector3>
        <X>-2378.158</X>
        <Y>-260.400116</Y>
        <Z>13.6151</Z>
      </Vector3>
      <Vector3>
        <X>-2373.77686</X>
        <Y>-263.101227</Y>
        <Z>14.9567213</Z>
      </Vector3>
      <Vector3>
        <X>-2379.20166</X>
        <Y>-262.1528</Y>
        <Z>15.0748587</Z>
      </Vector3>
      <Vector3>
        <X>-2378.12866</X>
        <Y>-260.414581</Y>
        <Z>15.0706329</Z>
      </Vector3>
    </Bounds>
    <CenterCamPosition>
      <X>0</X>
      <Y>0</Y>
    </CenterCamPosition>
    <ScreenBounds />
    <DistanceToCam>0</DistanceToCam>
    <Speed>6.890969</Speed>
    <AccInput>0</AccInput>
    <RPM>1.35798967</RPM>
    <Gear>0</Gear>
    <SteeringAngle>5.853084E-41</SteeringAngle>
    <WheelSpeed>0</WheelSpeed>
    <CarType>Sports</CarType>
  </MyCar>
  <Peds />
  <Time>130653</Time>
  <LastFrameTime>0.022083642</LastFrameTime>
  <MyProperty>0</MyProperty>
  <Weather>Clear</Weather>
  <Steering>123</Steering>
  <Acc>175</Acc>
  <Brake>169</Brake>
  <DayTime>15:16:13</DayTime>
  <Position>
    <X>-2377.37549</X>
    <Y>-262.0757</Y>
    <Z>15.2112513</Z>
  </Position>
  <Rotation>
    <X>0.772716641</X>
    <Y>0.6172322</Y>
    <Z>58.23246</Z>
  </Rotation>
</Screenshot>