<?xml version="1.0" encoding="utf-8"?>
<Screenshot xmlns:xsd="http://www.w3.org/2001/XMLSchema" xmlns:xsi="http://www.w3.org/2001/XMLSchema-instance">
  <Cars />
  <MyCar>
    <Position>
      <X>-2377.086</X>
      <Y>-262.270874</Y>
      <Z>14.30229</Z>
    </Position>
    <Rotation>
      <X>1.29138851</X>
      <Y>0.118112132</Y>
      <Z>58.6903839</Z>
    </Rotation>
    <Handle>663810</Handle>
    <Bounds>
      <Vector3>
        <X>-2375.44678</X>
        <Y>-264.465118</Y>
        <Z>13.5189877</Z>
      </Vector3>
      <Vector3>
        <X>-2374.38525</X>
        <Y>-262.719849</Y>
        <Z>13.5147762</Z>
      </Vector3>
      <Vector3>
        <X>-2379.81616</X>
        <Y>-261.8072</Y>
        <Z>13.6342773</Z>
      </Vector3>
      <Vector3>
        <X>-2375.41724</X>
        <Y>-264.479584</Y>
        <Z>14.9745121</Z>
      </Vector3>
      <Vector3>
        <X>-2378.75464</X>
        <Y>-260.061951</Y>
        <Z>13.6300669</Z>
      </Vector3>
      <Vector3>
        <X>-2374.35571</X>
        <Y>-262.734344</Y>
        <Z>14.9703007</Z>
      </Vector3>
      <Vector3>
        <X>-2379.78662</X>
        <Y>-261.8217</Y>
        <Z>15.0898018</Z>
      </Vector3>
      <Vector3>
        <X>-2378.725</X>
        <Y>-260.076447</Y>
        <Z>15.0855913</Z>
      </Vector3>
    </Bounds>
    <CenterCamPosition>
      <X>0</X>
      <Y>0</Y>
    </CenterCamPosition>
    <ScreenBounds />
    <DistanceToCam>0</DistanceToCam>
    <Speed>6.89819</Speed>
    <AccInput>0</AccInput>
    <RPM>1.35798967</RPM>
    <Gear>0</Gear>
    <SteeringAngle>5.853084E-41</SteeringAngle>
    <WheelSpeed>0</WheelSpeed>
    <CarType>Sports</CarType>
  </MyCar>
  <Peds />
  <Time>130752</Time>
  <LastFrameTime>0.021859603</LastFrameTime>
  <MyProperty>0</MyProperty>
  <Weather>Clear</Weather>
  <Steering>123</Steering>
  <Acc>175</Acc>
  <Brake>169</Brake>
  <DayTime>15:16:13</DayTime>
  <Position>
    <X>-2377.9624</X>
    <Y>-261.7322</Y>
    <Z>15.2258644</Z>
  </Position>
  <Rotation>
    <X>0.788141847</X>
    <Y>0.617793143</Y>
    <Z>58.6178</Z>
  </Rotation>
</Screenshot>