<?xml version="1.0" encoding="utf-8"?>
<Screenshot xmlns:xsd="http://www.w3.org/2001/XMLSchema" xmlns:xsi="http://www.w3.org/2001/XMLSchema-instance">
  <Cars />
  <MyCar>
    <Position>
      <X>-2376.95654</X>
      <Y>-262.348175</Y>
      <Z>14.299118</Z>
    </Position>
    <Rotation>
      <X>1.28809607</X>
      <Y>0.1178516</Y>
      <Z>58.60931</Z>
    </Rotation>
    <Handle>663810</Handle>
    <Bounds>
      <Vector3>
        <X>-2375.32031</X>
        <Y>-264.544739</Y>
        <Z>13.5159569</Z>
      </Vector3>
      <Vector3>
        <X>-2374.25635</X>
        <Y>-262.801</Y>
        <Z>13.511755</Z>
      </Vector3>
      <Vector3>
        <X>-2379.686</X>
        <Y>-261.880646</Y>
        <Z>13.6309528</Z>
      </Vector3>
      <Vector3>
        <X>-2375.291</X>
        <Y>-264.559235</Y>
        <Z>14.9714832</Z>
      </Vector3>
      <Vector3>
        <X>-2378.622</X>
        <Y>-260.1369</Y>
        <Z>13.6267519</Z>
      </Vector3>
      <Vector3>
        <X>-2374.22681</X>
        <Y>-262.8155</Y>
        <Z>14.9672813</Z>
      </Vector3>
      <Vector3>
        <X>-2379.65649</X>
        <Y>-261.895142</Y>
        <Z>15.0864792</Z>
      </Vector3>
      <Vector3>
        <X>-2378.59253</X>
        <Y>-260.1514</Y>
        <Z>15.0822783</Z>
      </Vector3>
    </Bounds>
    <CenterCamPosition>
      <X>0</X>
      <Y>0</Y>
    </CenterCamPosition>
    <ScreenBounds />
    <DistanceToCam>0</DistanceToCam>
    <Speed>6.89658928</Speed>
    <AccInput>0</AccInput>
    <RPM>1.35798967</RPM>
    <Gear>0</Gear>
    <SteeringAngle>5.853084E-41</SteeringAngle>
    <WheelSpeed>0</WheelSpeed>
    <CarType>Sports</CarType>
  </MyCar>
  <Peds />
  <Time>130730</Time>
  <LastFrameTime>0.04730569</LastFrameTime>
  <MyProperty>0</MyProperty>
  <Weather>Clear</Weather>
  <Steering>123</Steering>
  <Acc>175</Acc>
  <Brake>169</Brake>
  <DayTime>15:16:13</DayTime>
  <Position>
    <X>-2377.68066</X>
    <Y>-261.8966</Y>
    <Z>15.2188454</Z>
  </Position>
  <Rotation>
    <X>0.779932737</X>
    <Y>0.6184262</Y>
    <Z>58.4374962</Z>
  </Rotation>
</Screenshot>