<?xml version="1.0" encoding="utf-8"?>
<Screenshot xmlns:xsd="http://www.w3.org/2001/XMLSchema" xmlns:xsi="http://www.w3.org/2001/XMLSchema-instance">
  <Cars />
  <MyCar>
    <Position>
      <X>-2377.268</X>
      <Y>-262.162354</Y>
      <Z>14.3068657</Z>
    </Position>
    <Rotation>
      <X>1.28996122</X>
      <Y>0.116684027</Y>
      <Z>58.7999535</Z>
    </Rotation>
    <Handle>663810</Handle>
    <Bounds>
      <Vector3>
        <X>-2375.62476</X>
        <Y>-264.353424</Y>
        <Z>13.5236006</Z>
      </Vector3>
      <Vector3>
        <X>-2374.56641</X>
        <Y>-262.606171</Y>
        <Z>13.5194407</Z>
      </Vector3>
      <Vector3>
        <X>-2379.999</X>
        <Y>-261.7039</Y>
        <Z>13.6387634</Z>
      </Vector3>
      <Vector3>
        <X>-2375.595</X>
        <Y>-264.3679</Y>
        <Z>14.979126</Z>
      </Vector3>
      <Vector3>
        <X>-2378.941</X>
        <Y>-259.9566</Y>
        <Z>13.6346035</Z>
      </Vector3>
      <Vector3>
        <X>-2374.53687</X>
        <Y>-262.6206</Y>
        <Z>14.974966</Z>
      </Vector3>
      <Vector3>
        <X>-2379.96948</X>
        <Y>-261.718323</Y>
        <Z>15.0942888</Z>
      </Vector3>
      <Vector3>
        <X>-2378.91138</X>
        <Y>-259.971069</Y>
        <Z>15.0901289</Z>
      </Vector3>
    </Bounds>
    <CenterCamPosition>
      <X>0</X>
      <Y>0</Y>
    </CenterCamPosition>
    <ScreenBounds />
    <DistanceToCam>0</DistanceToCam>
    <Speed>6.90028429</Speed>
    <AccInput>0</AccInput>
    <RPM>1.35798967</RPM>
    <Gear>0</Gear>
    <SteeringAngle>5.853084E-41</SteeringAngle>
    <WheelSpeed>0</WheelSpeed>
    <CarType>Sports</CarType>
  </MyCar>
  <Peds />
  <Time>130782</Time>
  <LastFrameTime>0.0307535063</LastFrameTime>
  <MyProperty>0</MyProperty>
  <Weather>Clear</Weather>
  <Steering>124</Steering>
  <Acc>175</Acc>
  <Brake>169</Brake>
  <DayTime>15:16:13</DayTime>
  <Position>
    <X>-2378.09253</X>
    <Y>-261.656342</Y>
    <Z>15.229104</Z>
  </Position>
  <Rotation>
    <X>0.791434467</X>
    <Y>0.6180532</Y>
    <Z>58.6989174</Z>
  </Rotation>
</Screenshot>