<?xml version="1.0" encoding="utf-8"?>
<Screenshot xmlns:xsd="http://www.w3.org/2001/XMLSchema" xmlns:xsi="http://www.w3.org/2001/XMLSchema-instance">
  <Cars />
  <MyCar>
    <Position>
      <X>-2377.5498</X>
      <Y>-261.995331</Y>
      <Z>14.3139458</Z>
    </Position>
    <Rotation>
      <X>1.28541517</X>
      <Y>0.112720378</Y>
      <Z>58.9557037</Z>
    </Rotation>
    <Handle>663810</Handle>
    <Bounds>
      <Vector3>
        <X>-2375.90039</X>
        <Y>-264.181915</Y>
        <Z>13.5308113</Z>
      </Vector3>
      <Vector3>
        <X>-2374.847</X>
        <Y>-262.4318</Y>
        <Z>13.5267925</Z>
      </Vector3>
      <Vector3>
        <X>-2380.282</X>
        <Y>-261.544281</Y>
        <Z>13.6455688</Z>
      </Vector3>
      <Vector3>
        <X>-2375.87085</X>
        <Y>-264.19632</Y>
        <Z>14.98634</Z>
      </Vector3>
      <Vector3>
        <X>-2379.22852</X>
        <Y>-259.794128</Y>
        <Z>13.64155</Z>
      </Vector3>
      <Vector3>
        <X>-2374.81738</X>
        <Y>-262.446167</Y>
        <Z>14.9823208</Z>
      </Vector3>
      <Vector3>
        <X>-2380.25244</X>
        <Y>-261.558655</Y>
        <Z>15.1010971</Z>
      </Vector3>
      <Vector3>
        <X>-2379.19922</X>
        <Y>-259.808533</Y>
        <Z>15.0970783</Z>
      </Vector3>
    </Bounds>
    <CenterCamPosition>
      <X>0</X>
      <Y>0</Y>
    </CenterCamPosition>
    <ScreenBounds />
    <DistanceToCam>0</DistanceToCam>
    <Speed>6.90354252</Speed>
    <AccInput>0</AccInput>
    <RPM>1.35798967</RPM>
    <Gear>0</Gear>
    <SteeringAngle>5.853084E-41</SteeringAngle>
    <WheelSpeed>0</WheelSpeed>
    <CarType>Sports</CarType>
  </MyCar>
  <Peds />
  <Time>130830</Time>
  <LastFrameTime>0.0474487357</LastFrameTime>
  <MyProperty>0</MyProperty>
  <Weather>Clear</Weather>
  <Steering>124</Steering>
  <Acc>175</Acc>
  <Brake>169</Brake>
  <DayTime>15:16:13</DayTime>
  <Position>
    <X>-2378.276</X>
    <Y>-261.549774</Y>
    <Z>15.23365</Z>
  </Position>
  <Rotation>
    <X>0.790007</X>
    <Y>0.6166254</Y>
    <Z>58.8084526</Z>
  </Rotation>
</Screenshot>