<?xml version="1.0" encoding="utf-8"?>
<Screenshot xmlns:xsd="http://www.w3.org/2001/XMLSchema" xmlns:xsi="http://www.w3.org/2001/XMLSchema-instance">
  <Cars />
  <MyCar>
    <Position>
      <X>-2377.65674</X>
      <Y>-261.932159</Y>
      <Z>14.3166323</Z>
    </Position>
    <Rotation>
      <X>1.28393185</X>
      <Y>0.111460313</Y>
      <Z>59.01165</Z>
    </Rotation>
    <Handle>663810</Handle>
    <Bounds>
      <Vector3>
        <X>-2376.00513</X>
        <Y>-264.117126</Y>
        <Z>13.5335417</Z>
      </Vector3>
      <Vector3>
        <X>-2374.95337</X>
        <Y>-262.365967</Y>
        <Z>13.5295677</Z>
      </Vector3>
      <Vector3>
        <X>-2380.3894</X>
        <Y>-261.483765</Y>
        <Z>13.6481667</Z>
      </Vector3>
      <Vector3>
        <X>-2375.97559</X>
        <Y>-264.1315</Y>
        <Z>14.9890709</Z>
      </Vector3>
      <Vector3>
        <X>-2379.33765</X>
        <Y>-259.7326</Y>
        <Z>13.6441927</Z>
      </Vector3>
      <Vector3>
        <X>-2374.924</X>
        <Y>-262.380341</Y>
        <Z>14.9850969</Z>
      </Vector3>
      <Vector3>
        <X>-2380.35986</X>
        <Y>-261.498138</Y>
        <Z>15.1036959</Z>
      </Vector3>
      <Vector3>
        <X>-2379.308</X>
        <Y>-259.746979</Y>
        <Z>15.0997219</Z>
      </Vector3>
    </Bounds>
    <CenterCamPosition>
      <X>0</X>
      <Y>0</Y>
    </CenterCamPosition>
    <ScreenBounds />
    <DistanceToCam>0</DistanceToCam>
    <Speed>6.90477276</Speed>
    <AccInput>0</AccInput>
    <RPM>1.35798967</RPM>
    <Gear>0</Gear>
    <SteeringAngle>5.853084E-41</SteeringAngle>
    <WheelSpeed>0</WheelSpeed>
    <CarType>Sports</CarType>
  </MyCar>
  <Peds />
  <Time>130848</Time>
  <LastFrameTime>0.0179677829</LastFrameTime>
  <MyProperty>0</MyProperty>
  <Weather>Clear</Weather>
  <Steering>126</Steering>
  <Acc>175</Acc>
  <Brake>169</Brake>
  <DayTime>15:16:13</DayTime>
  <Position>
    <X>-2378.55933</X>
    <Y>-261.3855</Y>
    <Z>15.2406368</Z>
  </Position>
  <Rotation>
    <X>0.785460055</X>
    <Y>0.612662733</Y>
    <Z>58.9640961</Z>
  </Rotation>
</Screenshot>