<?xml version="1.0" encoding="utf-8"?>
<Screenshot xmlns:xsd="http://www.w3.org/2001/XMLSchema" xmlns:xsi="http://www.w3.org/2001/XMLSchema-instance">
  <Cars />
  <MyCar>
    <Position>
      <X>-2377.94287</X>
      <Y>-261.7631</Y>
      <Z>14.32382</Z>
    </Position>
    <Rotation>
      <X>1.27874231</X>
      <Y>0.102900088</Y>
      <Z>59.1438332</Z>
    </Rotation>
    <Handle>663810</Handle>
    <Bounds>
      <Vector3>
        <X>-2376.28613</X>
        <Y>-263.944183</Y>
        <Z>13.5408068</Z>
      </Vector3>
      <Vector3>
        <X>-2375.23853</X>
        <Y>-262.1906</Y>
        <Z>13.537138</Z>
      </Vector3>
      <Vector3>
        <X>-2380.67651</X>
        <Y>-261.320953</Y>
        <Z>13.6549683</Z>
      </Vector3>
      <Vector3>
        <X>-2376.25684</X>
        <Y>-263.958618</Y>
        <Z>14.9963388</Z>
      </Vector3>
      <Vector3>
        <X>-2379.62866</X>
        <Y>-259.567352</Y>
        <Z>13.6512995</Z>
      </Vector3>
      <Vector3>
        <X>-2375.20923</X>
        <Y>-262.205017</Y>
        <Z>14.99267</Z>
      </Vector3>
      <Vector3>
        <X>-2380.64722</X>
        <Y>-261.3354</Y>
        <Z>15.1105</Z>
      </Vector3>
      <Vector3>
        <X>-2379.59961</X>
        <Y>-259.5818</Y>
        <Z>15.1068325</Z>
      </Vector3>
    </Bounds>
    <CenterCamPosition>
      <X>0</X>
      <Y>0</Y>
    </CenterCamPosition>
    <ScreenBounds />
    <DistanceToCam>0</DistanceToCam>
    <Speed>6.908096</Speed>
    <AccInput>0</AccInput>
    <RPM>1.35798967</RPM>
    <Gear>0</Gear>
    <SteeringAngle>5.853084E-41</SteeringAngle>
    <WheelSpeed>0</WheelSpeed>
    <CarType>Sports</CarType>
  </MyCar>
  <Peds />
  <Time>130896</Time>
  <LastFrameTime>0.0481447466</LastFrameTime>
  <MyProperty>0</MyProperty>
  <Weather>Clear</Weather>
  <Steering>126</Steering>
  <Acc>175</Acc>
  <Brake>169</Brake>
  <DayTime>15:16:13</DayTime>
  <Position>
    <X>-2378.667</X>
    <Y>-261.3233</Y>
    <Z>15.2432928</Z>
  </Position>
  <Rotation>
    <X>0.783976555</X>
    <Y>0.611403048</Y>
    <Z>59.0200157</Z>
  </Rotation>
</Screenshot>