<?xml version="1.0" encoding="utf-8"?>
<Screenshot xmlns:xsd="http://www.w3.org/2001/XMLSchema" xmlns:xsi="http://www.w3.org/2001/XMLSchema-instance">
  <Cars />
  <MyCar>
    <Position>
      <X>-2378.34961</X>
      <Y>-261.523254</Y>
      <Z>14.3340549</Z>
    </Position>
    <Rotation>
      <X>1.27120113</X>
      <Y>0.09406364</Y>
      <Z>59.29112</Z>
    </Rotation>
    <Handle>663810</Handle>
    <Bounds>
      <Vector3>
        <X>-2376.687</X>
        <Y>-263.700043</Y>
        <Z>13.551218</Z>
      </Vector3>
      <Vector3>
        <X>-2375.6438</X>
        <Y>-261.943756</Y>
        <Z>13.5478649</Z>
      </Vector3>
      <Vector3>
        <X>-2381.08423</X>
        <Y>-261.0881</Y>
        <Z>13.6647072</Z>
      </Vector3>
      <Vector3>
        <X>-2376.6582</X>
        <Y>-263.714478</Y>
        <Z>15.0067549</Z>
      </Vector3>
      <Vector3>
        <X>-2380.041</X>
        <Y>-259.331818</Y>
        <Z>13.6613531</Z>
      </Vector3>
      <Vector3>
        <X>-2375.615</X>
        <Y>-261.9582</Y>
        <Z>15.0034018</Z>
      </Vector3>
      <Vector3>
        <X>-2381.05518</X>
        <Y>-261.102539</Y>
        <Z>15.120244</Z>
      </Vector3>
      <Vector3>
        <X>-2380.012</X>
        <Y>-259.346252</Y>
        <Z>15.11689</Z>
      </Vector3>
    </Bounds>
    <CenterCamPosition>
      <X>0</X>
      <Y>0</Y>
    </CenterCamPosition>
    <ScreenBounds />
    <DistanceToCam>0</DistanceToCam>
    <Speed>6.91277027</Speed>
    <AccInput>0</AccInput>
    <RPM>1.35798967</RPM>
    <Gear>0</Gear>
    <SteeringAngle>5.853084E-41</SteeringAngle>
    <WheelSpeed>0</WheelSpeed>
    <CarType>Sports</CarType>
  </MyCar>
  <Peds />
  <Time>130964</Time>
  <LastFrameTime>0.04953242</LastFrameTime>
  <MyProperty>0</MyProperty>
  <Weather>Clear</Weather>
  <Steering>127</Steering>
  <Acc>175</Acc>
  <Brake>169</Brake>
  <DayTime>15:16:13</DayTime>
  <Position>
    <X>-2379.06714</X>
    <Y>-261.0915</Y>
    <Z>15.2531614</Z>
  </Position>
  <Rotation>
    <X>0.777270436</X>
    <Y>0.601477563</Y>
    <Z>59.19932</Z>
  </Rotation>
</Screenshot>