<?xml version="1.0" encoding="utf-8"?>
<Screenshot xmlns:xsd="http://www.w3.org/2001/XMLSchema" xmlns:xsi="http://www.w3.org/2001/XMLSchema-instance">
  <Cars />
  <MyCar>
    <Position>
      <X>-2378.05469</X>
      <Y>-261.697083</Y>
      <Z>14.3266382</Z>
    </Position>
    <Rotation>
      <X>1.27722764</X>
      <Y>0.101532891</Y>
      <Z>59.1911621</Z>
    </Rotation>
    <Handle>663810</Handle>
    <Bounds>
      <Vector3>
        <X>-2376.396</X>
        <Y>-263.8768</Y>
        <Z>13.5436678</Z>
      </Vector3>
      <Vector3>
        <X>-2375.34985</X>
        <Y>-262.122345</Y>
        <Z>13.5400476</Z>
      </Vector3>
      <Vector3>
        <X>-2380.78857</X>
        <Y>-261.2572</Y>
        <Z>13.6576939</Z>
      </Vector3>
      <Vector3>
        <X>-2376.367</X>
        <Y>-263.8912</Y>
        <Z>14.9992008</Z>
      </Vector3>
      <Vector3>
        <X>-2379.74243</X>
        <Y>-259.502747</Y>
        <Z>13.6540737</Z>
      </Vector3>
      <Vector3>
        <X>-2375.32056</X>
        <Y>-262.136749</Y>
        <Z>14.9955807</Z>
      </Vector3>
      <Vector3>
        <X>-2380.75928</X>
        <Y>-261.2716</Y>
        <Z>15.1132278</Z>
      </Vector3>
      <Vector3>
        <X>-2379.71313</X>
        <Y>-259.517151</Y>
        <Z>15.1096077</Z>
      </Vector3>
    </Bounds>
    <CenterCamPosition>
      <X>0</X>
      <Y>0</Y>
    </CenterCamPosition>
    <ScreenBounds />
    <DistanceToCam>0</DistanceToCam>
    <Speed>6.90938044</Speed>
    <AccInput>0</AccInput>
    <RPM>1.35798967</RPM>
    <Gear>0</Gear>
    <SteeringAngle>5.853084E-41</SteeringAngle>
    <WheelSpeed>0</WheelSpeed>
    <CarType>Sports</CarType>
  </MyCar>
  <Peds />
  <Time>130915</Time>
  <LastFrameTime>0.01881367</LastFrameTime>
  <MyProperty>0</MyProperty>
  <Weather>Clear</Weather>
  <Steering>127</Steering>
  <Acc>175</Acc>
  <Brake>169</Brake>
  <DayTime>15:16:13</DayTime>
  <Position>
    <X>-2378.95459</X>
    <Y>-261.156647</Y>
    <Z>15.2503738</Z>
  </Position>
  <Rotation>
    <X>0.778785348</X>
    <Y>0.6028443</Y>
    <Z>59.1520157</Z>
  </Rotation>
</Screenshot>