<?xml version="1.0" encoding="utf-8"?>
<Screenshot xmlns:xsd="http://www.w3.org/2001/XMLSchema" xmlns:xsi="http://www.w3.org/2001/XMLSchema-instance">
  <Cars />
  <MyCar>
    <Position>
      <X>-2378.64063</X>
      <Y>-261.351746</Y>
      <Z>14.341362</Z>
    </Position>
    <Rotation>
      <X>1.26772261</X>
      <Y>0.0889410451</Y>
      <Z>59.36302</Z>
    </Rotation>
    <Handle>663810</Handle>
    <Bounds>
      <Vector3>
        <X>-2376.97534</X>
        <Y>-263.5264</Y>
        <Z>13.558588</Z>
      </Vector3>
      <Vector3>
        <X>-2375.93433</X>
        <Y>-261.768829</Y>
        <Z>13.5554171</Z>
      </Vector3>
      <Vector3>
        <X>-2381.37573</X>
        <Y>-260.919983</Y>
        <Z>13.6717663</Z>
      </Vector3>
      <Vector3>
        <X>-2376.94653</X>
        <Y>-263.540863</Y>
        <Z>15.0141277</Z>
      </Vector3>
      <Vector3>
        <X>-2380.33472</X>
        <Y>-259.1624</Y>
        <Z>13.6685953</Z>
      </Vector3>
      <Vector3>
        <X>-2375.90552</X>
        <Y>-261.7833</Y>
        <Z>15.0109568</Z>
      </Vector3>
      <Vector3>
        <X>-2381.34668</X>
        <Y>-260.934479</Y>
        <Z>15.127305</Z>
      </Vector3>
      <Vector3>
        <X>-2380.306</X>
        <Y>-259.17688</Y>
        <Z>15.1241341</Z>
      </Vector3>
    </Bounds>
    <CenterCamPosition>
      <X>0</X>
      <Y>0</Y>
    </CenterCamPosition>
    <ScreenBounds />
    <DistanceToCam>0</DistanceToCam>
    <Speed>6.9160943</Speed>
    <AccInput>0</AccInput>
    <RPM>1.35798967</RPM>
    <Gear>0</Gear>
    <SteeringAngle>5.853084E-41</SteeringAngle>
    <WheelSpeed>0</WheelSpeed>
    <CarType>Sports</CarType>
  </MyCar>
  <Peds />
  <Time>131013</Time>
  <LastFrameTime>0.0488451</LastFrameTime>
  <MyProperty>0</MyProperty>
  <Weather>Clear</Weather>
  <Steering>127</Steering>
  <Acc>175</Acc>
  <Brake>169</Brake>
  <DayTime>15:16:13</DayTime>
  <Position>
    <X>-2379.363</X>
    <Y>-260.9195</Y>
    <Z>15.2604542</Z>
  </Position>
  <Rotation>
    <X>0.771242559</X>
    <Y>0.5940098</Y>
    <Z>59.29911</Z>
  </Rotation>
</Screenshot>