<?xml version="1.0" encoding="utf-8"?>
<Screenshot xmlns:xsd="http://www.w3.org/2001/XMLSchema" xmlns:xsi="http://www.w3.org/2001/XMLSchema-instance">
  <Cars />
  <MyCar>
    <Position>
      <X>-2378.84058</X>
      <Y>-261.2339</Y>
      <Z>14.3463764</Z>
    </Position>
    <Rotation>
      <X>1.26550877</X>
      <Y>0.08730004</Y>
      <Z>59.4005547</Z>
    </Rotation>
    <Handle>663810</Handle>
    <Bounds>
      <Vector3>
        <X>-2377.17383</X>
        <Y>-263.40744</Y>
        <Z>13.5636711</Z>
      </Vector3>
      <Vector3>
        <X>-2376.134</X>
        <Y>-261.64917</Y>
        <Z>13.5605593</Z>
      </Vector3>
      <Vector3>
        <X>-2381.576</X>
        <Y>-260.803925</Y>
        <Z>13.676652</Z>
      </Vector3>
      <Vector3>
        <X>-2377.145</X>
        <Y>-263.4219</Y>
        <Z>15.0192118</Z>
      </Vector3>
      <Vector3>
        <X>-2380.53613</X>
        <Y>-259.045654</Y>
        <Z>13.6735392</Z>
      </Vector3>
      <Vector3>
        <X>-2376.10522</X>
        <Y>-261.663635</Y>
        <Z>15.0161</Z>
      </Vector3>
      <Vector3>
        <X>-2381.547</X>
        <Y>-260.8184</Y>
        <Z>15.1321926</Z>
      </Vector3>
      <Vector3>
        <X>-2380.50732</X>
        <Y>-259.06012</Y>
        <Z>15.12908</Z>
      </Vector3>
    </Bounds>
    <CenterCamPosition>
      <X>0</X>
      <Y>0</Y>
    </CenterCamPosition>
    <ScreenBounds />
    <DistanceToCam>0</DistanceToCam>
    <Speed>6.91835928</Speed>
    <AccInput>0</AccInput>
    <RPM>1.35798967</RPM>
    <Gear>0</Gear>
    <SteeringAngle>5.853084E-41</SteeringAngle>
    <WheelSpeed>0</WheelSpeed>
    <CarType>Sports</CarType>
  </MyCar>
  <Peds />
  <Time>131047</Time>
  <LastFrameTime>0.0335598849</LastFrameTime>
  <MyProperty>0</MyProperty>
  <Weather>Clear</Weather>
  <Steering>127</Steering>
  <Acc>175</Acc>
  <Brake>169</Brake>
  <DayTime>15:16:13</DayTime>
  <Position>
    <X>-2379.655</X>
    <Y>-260.7493</Y>
    <Z>15.26769</Z>
  </Position>
  <Rotation>
    <X>0.767763138</X>
    <Y>0.5888882</Y>
    <Z>59.370903</Z>
  </Rotation>
</Screenshot>