<?xml version="1.0" encoding="utf-8"?>
<Screenshot xmlns:xsd="http://www.w3.org/2001/XMLSchema" xmlns:xsi="http://www.w3.org/2001/XMLSchema-instance">
  <Cars />
  <MyCar>
    <Position>
      <X>-2379.04077</X>
      <Y>-261.115967</Y>
      <Z>14.3514023</Z>
    </Position>
    <Rotation>
      <X>1.26362479</X>
      <Y>0.08577626</Y>
      <Z>59.42909</Z>
    </Rotation>
    <Handle>663810</Handle>
    <Bounds>
      <Vector3>
        <X>-2377.3728</X>
        <Y>-263.2887</Y>
        <Z>13.5687532</Z>
      </Vector3>
      <Vector3>
        <X>-2376.334</X>
        <Y>-261.5299</Y>
        <Z>13.5656958</Z>
      </Vector3>
      <Vector3>
        <X>-2381.77612</X>
        <Y>-260.687347</Y>
        <Z>13.6815662</Z>
      </Vector3>
      <Vector3>
        <X>-2377.344</X>
        <Y>-263.303131</Y>
        <Z>15.0242958</Z>
      </Vector3>
      <Vector3>
        <X>-2380.7373</X>
        <Y>-258.9286</Y>
        <Z>13.6785078</Z>
      </Vector3>
      <Vector3>
        <X>-2376.30518</X>
        <Y>-261.544373</Y>
        <Z>15.0212374</Z>
      </Vector3>
      <Vector3>
        <X>-2381.74756</X>
        <Y>-260.7018</Y>
        <Z>15.1371078</Z>
      </Vector3>
      <Vector3>
        <X>-2380.7085</X>
        <Y>-258.943024</Y>
        <Z>15.1340494</Z>
      </Vector3>
    </Bounds>
    <CenterCamPosition>
      <X>0</X>
      <Y>0</Y>
    </CenterCamPosition>
    <ScreenBounds />
    <DistanceToCam>0</DistanceToCam>
    <Speed>6.920622</Speed>
    <AccInput>0</AccInput>
    <RPM>1.35798967</RPM>
    <Gear>0</Gear>
    <SteeringAngle>5.853084E-41</SteeringAngle>
    <WheelSpeed>0</WheelSpeed>
    <CarType>Sports</CarType>
  </MyCar>
  <Peds />
  <Time>131080</Time>
  <LastFrameTime>0.0335670225</LastFrameTime>
  <MyProperty>0</MyProperty>
  <Weather>Clear</Weather>
  <Steering>127</Steering>
  <Acc>175</Acc>
  <Brake>169</Brake>
  <DayTime>15:16:13</DayTime>
  <Position>
    <X>-2379.85547</X>
    <Y>-260.6321</Y>
    <Z>15.2726583</Z>
  </Position>
  <Rotation>
    <X>0.7655488</X>
    <Y>0.5872476</Y>
    <Z>59.4084</Z>
  </Rotation>
</Screenshot>