<?xml version="1.0" encoding="utf-8"?>
<Screenshot xmlns:xsd="http://www.w3.org/2001/XMLSchema" xmlns:xsi="http://www.w3.org/2001/XMLSchema-instance">
  <Cars />
  <MyCar>
    <Position>
      <X>-2379.346</X>
      <Y>-260.936035</Y>
      <Z>14.3590631</Z>
    </Position>
    <Rotation>
      <X>1.26131582</X>
      <Y>0.0843935758</Y>
      <Z>59.45924</Z>
    </Rotation>
    <Handle>663810</Handle>
    <Bounds>
      <Vector3>
        <X>-2377.67676</X>
        <Y>-263.10788</Y>
        <Z>13.5764923</Z>
      </Vector3>
      <Vector3>
        <X>-2376.639</X>
        <Y>-261.348541</Y>
        <Z>13.5734835</Z>
      </Vector3>
      <Vector3>
        <X>-2382.08154</X>
        <Y>-260.508881</Y>
        <Z>13.6890984</Z>
      </Vector3>
      <Vector3>
        <X>-2377.64819</X>
        <Y>-263.1223</Y>
        <Z>15.0320349</Z>
      </Vector3>
      <Vector3>
        <X>-2381.0437</X>
        <Y>-258.749542</Y>
        <Z>13.6860895</Z>
      </Vector3>
      <Vector3>
        <X>-2376.61</X>
        <Y>-261.362976</Y>
        <Z>15.029026</Z>
      </Vector3>
      <Vector3>
        <X>-2382.053</X>
        <Y>-260.523315</Y>
        <Z>15.1446419</Z>
      </Vector3>
      <Vector3>
        <X>-2381.015</X>
        <Y>-258.763977</Y>
        <Z>15.141633</Z>
      </Vector3>
    </Bounds>
    <CenterCamPosition>
      <X>0</X>
      <Y>0</Y>
    </CenterCamPosition>
    <ScreenBounds />
    <DistanceToCam>0</DistanceToCam>
    <Speed>6.92405272</Speed>
    <AccInput>0</AccInput>
    <RPM>1.35798967</RPM>
    <Gear>0</Gear>
    <SteeringAngle>5.853084E-41</SteeringAngle>
    <WheelSpeed>0</WheelSpeed>
    <CarType>Sports</CarType>
  </MyCar>
  <Peds />
  <Time>131131</Time>
  <LastFrameTime>0.0186020415</LastFrameTime>
  <MyProperty>0</MyProperty>
  <Weather>Clear</Weather>
  <Steering>127</Steering>
  <Acc>175</Acc>
  <Brake>169</Brake>
  <DayTime>15:16:13</DayTime>
  <Position>
    <X>-2380.25049</X>
    <Y>-260.400482</Y>
    <Z>15.282485</Z>
  </Position>
  <Rotation>
    <X>0.7620159</X>
    <Y>0.584887</Y>
    <Z>59.4574966</Z>
  </Rotation>
</Screenshot>