<?xml version="1.0" encoding="utf-8"?>
<Screenshot xmlns:xsd="http://www.w3.org/2001/XMLSchema" xmlns:xsi="http://www.w3.org/2001/XMLSchema-instance">
  <Cars />
  <MyCar>
    <Position>
      <X>-2379.74634</X>
      <Y>-260.700043</Y>
      <Z>14.36913</Z>
    </Position>
    <Rotation>
      <X>1.25762928</X>
      <Y>0.08305533</Y>
      <Z>59.4777756</Z>
    </Rotation>
    <Handle>663810</Handle>
    <Bounds>
      <Vector3>
        <X>-2378.07642</X>
        <Y>-262.871368</Y>
        <Z>13.5866985</Z>
      </Vector3>
      <Vector3>
        <X>-2377.039</X>
        <Y>-261.1117</Y>
        <Z>13.5837374</Z>
      </Vector3>
      <Vector3>
        <X>-2382.48218</X>
        <Y>-260.273773</Y>
        <Z>13.6989765</Z>
      </Vector3>
      <Vector3>
        <X>-2378.04785</X>
        <Y>-262.885773</Y>
        <Z>15.042244</Z>
      </Vector3>
      <Vector3>
        <X>-2381.44458</X>
        <Y>-258.5141</Y>
        <Z>13.6960154</Z>
      </Vector3>
      <Vector3>
        <X>-2377.0105</X>
        <Y>-261.1261</Y>
        <Z>15.0392828</Z>
      </Vector3>
      <Vector3>
        <X>-2382.45361</X>
        <Y>-260.288177</Y>
        <Z>15.154521</Z>
      </Vector3>
      <Vector3>
        <X>-2381.416</X>
        <Y>-258.5285</Y>
        <Z>15.15156</Z>
      </Vector3>
    </Bounds>
    <CenterCamPosition>
      <X>0</X>
      <Y>0</Y>
    </CenterCamPosition>
    <ScreenBounds />
    <DistanceToCam>0</DistanceToCam>
    <Speed>6.9285183</Speed>
    <AccInput>0</AccInput>
    <RPM>1.35798967</RPM>
    <Gear>0</Gear>
    <SteeringAngle>5.853084E-41</SteeringAngle>
    <WheelSpeed>0</WheelSpeed>
    <CarType>Sports</CarType>
  </MyCar>
  <Peds />
  <Time>131198</Time>
  <LastFrameTime>0.01931667</LastFrameTime>
  <MyProperty>0</MyProperty>
  <Weather>Clear</Weather>
  <Steering>127</Steering>
  <Acc>175</Acc>
  <Brake>169</Brake>
  <DayTime>15:16:13</DayTime>
  <Position>
    <X>-2380.64673</X>
    <Y>-260.16748</Y>
    <Z>15.2923536</Z>
  </Position>
  <Rotation>
    <X>0.7581214</X>
    <Y>0.5835591</Y>
    <Z>59.4816551</Z>
  </Rotation>
</Screenshot>