<?xml version="1.0" encoding="utf-8"?>
<Screenshot xmlns:xsd="http://www.w3.org/2001/XMLSchema" xmlns:xsi="http://www.w3.org/2001/XMLSchema-instance">
  <Cars />
  <MyCar>
    <Position>
      <X>-2379.235</X>
      <Y>-261.0014</Y>
      <Z>14.3562756</Z>
    </Position>
    <Rotation>
      <X>1.26197624</X>
      <Y>0.0849387646</Y>
      <Z>59.4497261</Z>
    </Rotation>
    <Handle>663810</Handle>
    <Bounds>
      <Vector3>
        <X>-2377.56641</X>
        <Y>-263.173523</Y>
        <Z>13.5736847</Z>
      </Vector3>
      <Vector3>
        <X>-2376.528</X>
        <Y>-261.414368</Y>
        <Z>13.5706568</Z>
      </Vector3>
      <Vector3>
        <X>-2381.9707</X>
        <Y>-260.5738</Y>
        <Z>13.68635</Z>
      </Vector3>
      <Vector3>
        <X>-2377.5376</X>
        <Y>-263.187958</Y>
        <Z>15.0292282</Z>
      </Vector3>
      <Vector3>
        <X>-2380.93237</X>
        <Y>-258.814636</Y>
        <Z>13.683322</Z>
      </Vector3>
      <Vector3>
        <X>-2376.49927</X>
        <Y>-261.4288</Y>
        <Z>15.0261993</Z>
      </Vector3>
      <Vector3>
        <X>-2381.942</X>
        <Y>-260.588226</Y>
        <Z>15.1418934</Z>
      </Vector3>
      <Vector3>
        <X>-2380.90381</X>
        <Y>-258.829071</Y>
        <Z>15.1388645</Z>
      </Vector3>
    </Bounds>
    <CenterCamPosition>
      <X>0</X>
      <Y>0</Y>
    </CenterCamPosition>
    <ScreenBounds />
    <DistanceToCam>0</DistanceToCam>
    <Speed>6.922808</Speed>
    <AccInput>0</AccInput>
    <RPM>1.35798967</RPM>
    <Gear>0</Gear>
    <SteeringAngle>5.853084E-41</SteeringAngle>
    <WheelSpeed>0</WheelSpeed>
    <CarType>Sports</CarType>
  </MyCar>
  <Peds />
  <Time>131113</Time>
  <LastFrameTime>0.03259112</LastFrameTime>
  <MyProperty>0</MyProperty>
  <Weather>Clear</Weather>
  <Steering>127</Steering>
  <Acc>175</Acc>
  <Brake>169</Brake>
  <DayTime>15:16:13</DayTime>
  <Position>
    <X>-2380.056</X>
    <Y>-260.514679</Y>
    <Z>15.2776451</Z>
  </Position>
  <Rotation>
    <X>0.763664663</X>
    <Y>0.5857243</Y>
    <Z>59.43689</Z>
  </Rotation>
</Screenshot>