<?xml version="1.0" encoding="utf-8"?>
<Screenshot xmlns:xsd="http://www.w3.org/2001/XMLSchema" xmlns:xsi="http://www.w3.org/2001/XMLSchema-instance">
  <Cars />
  <MyCar>
    <Position>
      <X>-2379.631</X>
      <Y>-260.767975</Y>
      <Z>14.3662243</Z>
    </Position>
    <Rotation>
      <X>1.25808215</X>
      <Y>0.08361024</Y>
      <Z>59.473938</Z>
    </Rotation>
    <Handle>663810</Handle>
    <Bounds>
      <Vector3>
        <X>-2377.96143</X>
        <Y>-262.9394</Y>
        <Z>13.5837831</Z>
      </Vector3>
      <Vector3>
        <X>-2376.92383</X>
        <Y>-261.1798</Y>
        <Z>13.580802</Z>
      </Vector3>
      <Vector3>
        <X>-2382.367</X>
        <Y>-260.341522</Y>
        <Z>13.6961</Z>
      </Vector3>
      <Vector3>
        <X>-2377.93286</X>
        <Y>-262.953827</Y>
        <Z>15.0393276</Z>
      </Vector3>
      <Vector3>
        <X>-2381.32935</X>
        <Y>-258.58194</Y>
        <Z>13.69312</Z>
      </Vector3>
      <Vector3>
        <X>-2376.89526</X>
        <Y>-261.1942</Y>
        <Z>15.0363464</Z>
      </Vector3>
      <Vector3>
        <X>-2382.33813</X>
        <Y>-260.355927</Y>
        <Z>15.1516457</Z>
      </Vector3>
      <Vector3>
        <X>-2381.30078</X>
        <Y>-258.596344</Y>
        <Z>15.1486645</Z>
      </Vector3>
    </Bounds>
    <CenterCamPosition>
      <X>0</X>
      <Y>0</Y>
    </CenterCamPosition>
    <ScreenBounds />
    <DistanceToCam>0</DistanceToCam>
    <Speed>6.92724657</Speed>
    <AccInput>0</AccInput>
    <RPM>1.35798967</RPM>
    <Gear>0</Gear>
    <SteeringAngle>5.853084E-41</SteeringAngle>
    <WheelSpeed>0</WheelSpeed>
    <CarType>Sports</CarType>
  </MyCar>
  <Peds />
  <Time>131179</Time>
  <LastFrameTime>0.0477810726</LastFrameTime>
  <MyProperty>0</MyProperty>
  <Weather>Clear</Weather>
  <Steering>127</Steering>
  <Acc>175</Acc>
  <Brake>169</Brake>
  <DayTime>15:16:13</DayTime>
  <Position>
    <X>-2380.36157</X>
    <Y>-260.3353</Y>
    <Z>15.2852592</Z>
  </Position>
  <Rotation>
    <X>0.76135546</X>
    <Y>0.584341943</Y>
    <Z>59.4670029</Z>
  </Rotation>
</Screenshot>