<?xml version="1.0" encoding="utf-8"?>
<Screenshot xmlns:xsd="http://www.w3.org/2001/XMLSchema" xmlns:xsi="http://www.w3.org/2001/XMLSchema-instance">
  <Cars />
  <MyCar>
    <Position>
      <X>-2380.03027</X>
      <Y>-260.532623</Y>
      <Z>14.3763437</Z>
    </Position>
    <Rotation>
      <X>1.26365316</X>
      <Y>0.08027401</Y>
      <Z>59.48245</Z>
    </Rotation>
    <Handle>663810</Handle>
    <Bounds>
      <Vector3>
        <X>-2378.36035</X>
        <Y>-262.703735</Y>
        <Z>13.5935955</Z>
      </Vector3>
      <Vector3>
        <X>-2377.323</X>
        <Y>-260.94397</Y>
        <Z>13.5907335</Z>
      </Vector3>
      <Vector3>
        <X>-2382.766</X>
        <Y>-260.1065</Y>
        <Z>13.70641</Z>
      </Vector3>
      <Vector3>
        <X>-2378.33154</X>
        <Y>-262.718262</Y>
        <Z>15.0491371</Z>
      </Vector3>
      <Vector3>
        <X>-2381.72876</X>
        <Y>-258.346771</Y>
        <Z>13.7035484</Z>
      </Vector3>
      <Vector3>
        <X>-2377.29443</X>
        <Y>-260.958527</Y>
        <Z>15.0462751</Z>
      </Vector3>
      <Vector3>
        <X>-2382.7373</X>
        <Y>-260.121063</Y>
        <Z>15.161952</Z>
      </Vector3>
      <Vector3>
        <X>-2381.7002</X>
        <Y>-258.3613</Y>
        <Z>15.15909</Z>
      </Vector3>
    </Bounds>
    <CenterCamPosition>
      <X>0</X>
      <Y>0</Y>
    </CenterCamPosition>
    <ScreenBounds />
    <DistanceToCam>0</DistanceToCam>
    <Speed>6.931635</Speed>
    <AccInput>0</AccInput>
    <RPM>1.35798967</RPM>
    <Gear>0</Gear>
    <SteeringAngle>5.853084E-41</SteeringAngle>
    <WheelSpeed>0</WheelSpeed>
    <CarType>Sports</CarType>
  </MyCar>
  <Peds />
  <Time>131246</Time>
  <LastFrameTime>0.04757441</LastFrameTime>
  <MyProperty>0</MyProperty>
  <Weather>Clear</Weather>
  <Steering>127</Steering>
  <Acc>175</Acc>
  <Brake>169</Brake>
  <DayTime>15:16:13</DayTime>
  <Position>
    <X>-2380.76221</X>
    <Y>-260.0996</Y>
    <Z>15.29525</Z>
  </Position>
  <Rotation>
    <X>0.7576685</X>
    <Y>0.583004355</Y>
    <Z>59.48548</Z>
  </Rotation>
</Screenshot>