<?xml version="1.0" encoding="utf-8"?>
<Screenshot xmlns:xsd="http://www.w3.org/2001/XMLSchema" xmlns:xsi="http://www.w3.org/2001/XMLSchema-instance">
  <Cars />
  <MyCar>
    <Position>
      <X>-2380.14258</X>
      <Y>-260.4664</Y>
      <Z>14.3792381</Z>
    </Position>
    <Rotation>
      <X>1.26642859</X>
      <Y>0.07694332</Y>
      <Z>59.48376</Z>
    </Rotation>
    <Handle>663810</Handle>
    <Bounds>
      <Vector3>
        <X>-2378.47266</X>
        <Y>-262.637421</Y>
        <Z>13.5963078</Z>
      </Vector3>
      <Vector3>
        <X>-2377.4353</X>
        <Y>-260.877625</Y>
        <Z>13.593564</Z>
      </Vector3>
      <Vector3>
        <X>-2382.87842</X>
        <Y>-260.0403</Y>
        <Z>13.7093706</Z>
      </Vector3>
      <Vector3>
        <X>-2378.44385</X>
        <Y>-262.652069</Y>
        <Z>15.0518484</Z>
      </Vector3>
      <Vector3>
        <X>-2381.841</X>
        <Y>-258.280518</Y>
        <Z>13.7066269</Z>
      </Vector3>
      <Vector3>
        <X>-2377.40649</X>
        <Y>-260.8923</Y>
        <Z>15.0491047</Z>
      </Vector3>
      <Vector3>
        <X>-2382.84961</X>
        <Y>-260.054962</Y>
        <Z>15.16491</Z>
      </Vector3>
      <Vector3>
        <X>-2381.8125</X>
        <Y>-258.295166</Y>
        <Z>15.1621675</Z>
      </Vector3>
    </Bounds>
    <CenterCamPosition>
      <X>0</X>
      <Y>0</Y>
    </CenterCamPosition>
    <ScreenBounds />
    <DistanceToCam>0</DistanceToCam>
    <Speed>6.932865</Speed>
    <AccInput>0</AccInput>
    <RPM>1.35798967</RPM>
    <Gear>0</Gear>
    <SteeringAngle>5.853084E-41</SteeringAngle>
    <WheelSpeed>0</WheelSpeed>
    <CarType>Sports</CarType>
  </MyCar>
  <Peds />
  <Time>131265</Time>
  <LastFrameTime>0.0188164618</LastFrameTime>
  <MyProperty>0</MyProperty>
  <Weather>Clear</Weather>
  <Steering>127</Steering>
  <Acc>175</Acc>
  <Brake>169</Brake>
  <DayTime>15:16:13</DayTime>
  <Position>
    <X>-2381.04614</X>
    <Y>-259.932373</Y>
    <Z>15.3025875</Z>
  </Position>
  <Rotation>
    <X>0.7636923</X>
    <Y>0.5802224</Y>
    <Z>59.4901848</Z>
  </Rotation>
</Screenshot>