<?xml version="1.0" encoding="utf-8"?>
<Screenshot xmlns:xsd="http://www.w3.org/2001/XMLSchema" xmlns:xsi="http://www.w3.org/2001/XMLSchema-instance">
  <Cars />
  <MyCar>
    <Position>
      <X>-2380.55566</X>
      <Y>-260.2229</Y>
      <Z>14.3897657</Z>
    </Position>
    <Rotation>
      <X>1.27416253</X>
      <Y>0.0736032054</Y>
      <Z>59.48583</Z>
    </Rotation>
    <Handle>663810</Handle>
    <Bounds>
      <Vector3>
        <X>-2378.88574</X>
        <Y>-262.393768</Y>
        <Z>13.6064329</Z>
      </Vector3>
      <Vector3>
        <X>-2377.84839</X>
        <Y>-260.633942</Y>
        <Z>13.6038084</Z>
      </Vector3>
      <Vector3>
        <X>-2383.2915</X>
        <Y>-259.7968</Y>
        <Z>13.7201853</Z>
      </Vector3>
      <Vector3>
        <X>-2378.85669</X>
        <Y>-262.408569</Y>
        <Z>15.0619688</Z>
      </Vector3>
      <Vector3>
        <X>-2382.25439</X>
        <Y>-258.037018</Y>
        <Z>13.7175617</Z>
      </Vector3>
      <Vector3>
        <X>-2377.81958</X>
        <Y>-260.648773</Y>
        <Z>15.0593443</Z>
      </Vector3>
      <Vector3>
        <X>-2383.2627</X>
        <Y>-259.811646</Y>
        <Z>15.1757221</Z>
      </Vector3>
      <Vector3>
        <X>-2382.22559</X>
        <Y>-258.051819</Y>
        <Z>15.1730976</Z>
      </Vector3>
    </Bounds>
    <CenterCamPosition>
      <X>0</X>
      <Y>0</Y>
    </CenterCamPosition>
    <ScreenBounds />
    <DistanceToCam>0</DistanceToCam>
    <Speed>6.93735552</Speed>
    <AccInput>0</AccInput>
    <RPM>1.35798967</RPM>
    <Gear>0</Gear>
    <SteeringAngle>5.853084E-41</SteeringAngle>
    <WheelSpeed>0</WheelSpeed>
    <CarType>Sports</CarType>
  </MyCar>
  <Peds />
  <Time>131334</Time>
  <LastFrameTime>0.0212995056</LastFrameTime>
  <MyProperty>0</MyProperty>
  <Weather>Clear</Weather>
  <Steering>127</Steering>
  <Acc>175</Acc>
  <Brake>169</Brake>
  <DayTime>15:16:13</DayTime>
  <Position>
    <X>-2381.44385</X>
    <Y>-259.697845</Y>
    <Z>15.3129339</Z>
  </Position>
  <Rotation>
    <X>0.7716839</X>
    <Y>0.574806631</Y>
    <Z>59.49312</Z>
  </Rotation>
</Screenshot>