<?xml version="1.0" encoding="utf-8"?>
<Screenshot xmlns:xsd="http://www.w3.org/2001/XMLSchema" xmlns:xsi="http://www.w3.org/2001/XMLSchema-instance">
  <Cars />
  <MyCar>
    <Position>
      <X>-2380.42822</X>
      <Y>-260.2979</Y>
      <Z>14.3865252</Z>
    </Position>
    <Rotation>
      <X>1.271645</X>
      <Y>0.07485873</Y>
      <Z>59.48538</Z>
    </Rotation>
    <Handle>663810</Handle>
    <Bounds>
      <Vector3>
        <X>-2378.7583</X>
        <Y>-262.4688</Y>
        <Z>13.6033258</Z>
      </Vector3>
      <Vector3>
        <X>-2377.721</X>
        <Y>-260.709</Y>
        <Z>13.6006575</Z>
      </Vector3>
      <Vector3>
        <X>-2383.164</X>
        <Y>-259.871826</Y>
        <Z>13.7168541</Z>
      </Vector3>
      <Vector3>
        <X>-2378.72949</X>
        <Y>-262.483582</Y>
        <Z>15.0588636</Z>
      </Vector3>
      <Vector3>
        <X>-2382.127</X>
        <Y>-258.11203</Y>
        <Z>13.7141857</Z>
      </Vector3>
      <Vector3>
        <X>-2377.69214</X>
        <Y>-260.7238</Y>
        <Z>15.0561943</Z>
      </Vector3>
      <Vector3>
        <X>-2383.13525</X>
        <Y>-259.8866</Y>
        <Z>15.1723919</Z>
      </Vector3>
      <Vector3>
        <X>-2382.09814</X>
        <Y>-258.1268</Y>
        <Z>15.1697226</Z>
      </Vector3>
    </Bounds>
    <CenterCamPosition>
      <X>0</X>
      <Y>0</Y>
    </CenterCamPosition>
    <ScreenBounds />
    <DistanceToCam>0</DistanceToCam>
    <Speed>6.93598032</Speed>
    <AccInput>0</AccInput>
    <RPM>1.35798967</RPM>
    <Gear>0</Gear>
    <SteeringAngle>5.853084E-41</SteeringAngle>
    <WheelSpeed>0</WheelSpeed>
    <CarType>Sports</CarType>
  </MyCar>
  <Peds />
  <Time>131313</Time>
  <LastFrameTime>0.0478496477</LastFrameTime>
  <MyProperty>0</MyProperty>
  <Weather>Clear</Weather>
  <Steering>127</Steering>
  <Acc>175</Acc>
  <Brake>169</Brake>
  <DayTime>15:16:13</DayTime>
  <Position>
    <X>-2381.15845</X>
    <Y>-259.866241</Y>
    <Z>15.3055391</Z>
  </Position>
  <Rotation>
    <X>0.7664675</X>
    <Y>0.5768918</Y>
    <Z>59.491478</Z>
  </Rotation>
</Screenshot>