<?xml version="1.0" encoding="utf-8"?>
<Screenshot xmlns:xsd="http://www.w3.org/2001/XMLSchema" xmlns:xsi="http://www.w3.org/2001/XMLSchema-instance">
  <Cars />
  <MyCar>
    <Position>
      <X>-2380.836</X>
      <Y>-260.057953</Y>
      <Z>14.39752</Z>
    </Position>
    <Rotation>
      <X>1.31030464</X>
      <Y>0.0232596211</Y>
      <Z>59.4871063</Z>
    </Rotation>
    <Handle>663810</Handle>
    <Bounds>
      <Vector3>
        <X>-2379.166</X>
        <Y>-262.227936</Y>
        <Z>13.6116867</Z>
      </Vector3>
      <Vector3>
        <X>-2378.129</X>
        <Y>-260.468079</Y>
        <Z>13.610857</Z>
      </Vector3>
      <Vector3>
        <X>-2383.572</X>
        <Y>-259.631226</Y>
        <Z>13.7286654</Z>
      </Vector3>
      <Vector3>
        <X>-2379.137</X>
        <Y>-262.244324</Y>
        <Z>15.0672026</Z>
      </Vector3>
      <Vector3>
        <X>-2382.53467</X>
        <Y>-257.871368</Y>
        <Z>13.7278366</Z>
      </Vector3>
      <Vector3>
        <X>-2378.09985</X>
        <Y>-260.4845</Y>
        <Z>15.0663738</Z>
      </Vector3>
      <Vector3>
        <X>-2383.543</X>
        <Y>-259.6476</Y>
        <Z>15.1841822</Z>
      </Vector3>
      <Vector3>
        <X>-2382.50586</X>
        <Y>-257.887756</Y>
        <Z>15.1833525</Z>
      </Vector3>
    </Bounds>
    <CenterCamPosition>
      <X>0</X>
      <Y>0</Y>
    </CenterCamPosition>
    <ScreenBounds />
    <DistanceToCam>0</DistanceToCam>
    <Speed>6.94035435</Speed>
    <AccInput>0</AccInput>
    <RPM>1.35798967</RPM>
    <Gear>0</Gear>
    <SteeringAngle>5.853084E-41</SteeringAngle>
    <WheelSpeed>0</WheelSpeed>
    <CarType>Sports</CarType>
  </MyCar>
  <Peds />
  <Time>131381</Time>
  <LastFrameTime>0.04686971</LastFrameTime>
  <MyProperty>0</MyProperty>
  <Weather>Clear</Weather>
  <Steering>127</Steering>
  <Acc>175</Acc>
  <Brake>169</Brake>
  <DayTime>15:16:13</DayTime>
  <Position>
    <X>-2381.57129</X>
    <Y>-259.6229</Y>
    <Z>15.316226</Z>
  </Position>
  <Rotation>
    <X>0.774201334</X>
    <Y>0.5735508</Y>
    <Z>59.49357</Z>
  </Rotation>
</Screenshot>