<?xml version="1.0" encoding="utf-8"?>
<Screenshot xmlns:xsd="http://www.w3.org/2001/XMLSchema" xmlns:xsi="http://www.w3.org/2001/XMLSchema-instance">
  <Cars />
  <MyCar>
    <Position>
      <X>-2381.14</X>
      <Y>-259.87973</Y>
      <Z>14.4027224</Z>
    </Position>
    <Rotation>
      <X>1.154236</X>
      <Y>-0.265018821</Y>
      <Z>59.4786148</Z>
    </Rotation>
    <Handle>663810</Handle>
    <Bounds>
      <Vector3>
        <X>-2379.46631</X>
        <Y>-262.047638</Y>
        <Z>13.6186819</Z>
      </Vector3>
      <Vector3>
        <X>-2378.429</X>
        <Y>-260.288</Y>
        <Z>13.62813</Z>
      </Vector3>
      <Vector3>
        <X>-2383.87256</X>
        <Y>-259.450562</Y>
        <Z>13.7217283</Z>
      </Vector3>
      <Vector3>
        <X>-2379.44458</X>
        <Y>-262.068329</Y>
        <Z>15.0742683</Z>
      </Vector3>
      <Vector3>
        <X>-2382.83521</X>
        <Y>-257.690918</Y>
        <Z>13.7311773</Z>
      </Vector3>
      <Vector3>
        <X>-2378.40723</X>
        <Y>-260.3087</Y>
        <Z>15.0837164</Z>
      </Vector3>
      <Vector3>
        <X>-2383.85059</X>
        <Y>-259.471283</Y>
        <Z>15.1773148</Z>
      </Vector3>
      <Vector3>
        <X>-2382.81323</X>
        <Y>-257.7116</Y>
        <Z>15.1867628</Z>
      </Vector3>
    </Bounds>
    <CenterCamPosition>
      <X>0</X>
      <Y>0</Y>
    </CenterCamPosition>
    <ScreenBounds />
    <DistanceToCam>0</DistanceToCam>
    <Speed>6.94499731</Speed>
    <AccInput>0</AccInput>
    <RPM>1.35798967</RPM>
    <Gear>0</Gear>
    <SteeringAngle>5.853084E-41</SteeringAngle>
    <WheelSpeed>0</WheelSpeed>
    <CarType>Sports</CarType>
  </MyCar>
  <Peds />
  <Time>131432</Time>
  <LastFrameTime>0.0173875168</LastFrameTime>
  <MyProperty>0</MyProperty>
  <Weather>Clear</Weather>
  <Steering>127</Steering>
  <Acc>175</Acc>
  <Brake>169</Brake>
  <DayTime>15:16:13</DayTime>
  <Position>
    <X>-2382.05371</X>
    <Y>-259.343048</Y>
    <Z>15.3268623</Z>
  </Position>
  <Rotation>
    <X>0.7297514</X>
    <Y>0.371250778</Y>
    <Z>59.4876442</Z>
  </Rotation>
</Screenshot>