<?xml version="1.0" encoding="utf-8"?>
<Screenshot xmlns:xsd="http://www.w3.org/2001/XMLSchema" xmlns:xsi="http://www.w3.org/2001/XMLSchema-instance">
  <Cars />
  <MyCar>
    <Position>
      <X>-2381.03564</X>
      <Y>-259.940674</Y>
      <Z>14.4013186</Z>
    </Position>
    <Rotation>
      <X>1.22973609</X>
      <Y>-0.128719121</Y>
      <Z>59.4829254</Z>
    </Rotation>
    <Handle>663810</Handle>
    <Bounds>
      <Vector3>
        <X>-2379.36377</X>
        <Y>-262.109528</Y>
        <Z>13.6163511</Z>
      </Vector3>
      <Vector3>
        <X>-2378.32642</X>
        <Y>-260.3498</Y>
        <Z>13.62094</Z>
      </Vector3>
      <Vector3>
        <X>-2383.76978</X>
        <Y>-259.512665</Y>
        <Z>13.7261381</Z>
      </Vector3>
      <Vector3>
        <X>-2379.33862</X>
        <Y>-262.128235</Y>
        <Z>15.071909</Z>
      </Vector3>
      <Vector3>
        <X>-2382.73267</X>
        <Y>-257.75293</Y>
        <Z>13.7307272</Z>
      </Vector3>
      <Vector3>
        <X>-2378.30127</X>
        <Y>-260.368469</Y>
        <Z>15.076498</Z>
      </Vector3>
      <Vector3>
        <X>-2383.74463</X>
        <Y>-259.531342</Y>
        <Z>15.1816969</Z>
      </Vector3>
      <Vector3>
        <X>-2382.70728</X>
        <Y>-257.7716</Y>
        <Z>15.186286</Z>
      </Vector3>
    </Bounds>
    <CenterCamPosition>
      <X>0</X>
      <Y>0</Y>
    </CenterCamPosition>
    <ScreenBounds />
    <DistanceToCam>0</DistanceToCam>
    <Speed>6.94323826</Speed>
    <AccInput>0</AccInput>
    <RPM>1.35798967</RPM>
    <Gear>0</Gear>
    <SteeringAngle>5.853084E-41</SteeringAngle>
    <WheelSpeed>0</WheelSpeed>
    <CarType>Sports</CarType>
  </MyCar>
  <Peds />
  <Time>131414</Time>
  <LastFrameTime>0.0333761871</LastFrameTime>
  <MyProperty>0</MyProperty>
  <Weather>Clear</Weather>
  <Steering>127</Steering>
  <Acc>175</Acc>
  <Brake>169</Brake>
  <DayTime>15:16:13</DayTime>
  <Position>
    <X>-2381.85156</X>
    <Y>-259.458954</Y>
    <Z>15.3247252</Z>
  </Position>
  <Rotation>
    <X>0.8103383</X>
    <Y>0.523207247</Y>
    <Z>59.494503</Z>
  </Rotation>
</Screenshot>