<?xml version="1.0" encoding="utf-8"?>
<Screenshot xmlns:xsd="http://www.w3.org/2001/XMLSchema" xmlns:xsi="http://www.w3.org/2001/XMLSchema-instance">
  <Cars />
  <MyCar>
    <Position>
      <X>-2381.44141</X>
      <Y>-259.705719</Y>
      <Z>14.405283</Z>
    </Position>
    <Rotation>
      <X>0.866378069</X>
      <Y>-0.817644656</Y>
      <Z>59.46867</Z>
    </Rotation>
    <Handle>663810</Handle>
    <Bounds>
      <Vector3>
        <X>-2379.76123</X>
        <Y>-261.8695</Y>
        <Z>13.6242466</Z>
      </Vector3>
      <Vector3>
        <X>-2378.72363</X>
        <Y>-260.110168</Y>
        <Z>13.6533966</Z>
      </Vector3>
      <Vector3>
        <X>-2384.16748</X>
        <Y>-259.271973</Y>
        <Z>13.70159</Z>
      </Vector3>
      <Vector3>
        <X>-2379.75269</X>
        <Y>-261.8986</Y>
        <Z>15.0798292</Z>
      </Vector3>
      <Vector3>
        <X>-2383.13</X>
        <Y>-257.512665</Y>
        <Z>13.73074</Z>
      </Vector3>
      <Vector3>
        <X>-2378.715</X>
        <Y>-260.139252</Y>
        <Z>15.1089792</Z>
      </Vector3>
      <Vector3>
        <X>-2384.15918</X>
        <Y>-259.301056</Y>
        <Z>15.1571722</Z>
      </Vector3>
      <Vector3>
        <X>-2383.12158</X>
        <Y>-257.541718</Y>
        <Z>15.1863222</Z>
      </Vector3>
    </Bounds>
    <CenterCamPosition>
      <X>0</X>
      <Y>0</Y>
    </CenterCamPosition>
    <ScreenBounds />
    <DistanceToCam>0</DistanceToCam>
    <Speed>6.95290232</Speed>
    <AccInput>0</AccInput>
    <RPM>1.35798967</RPM>
    <Gear>0</Gear>
    <SteeringAngle>5.853084E-41</SteeringAngle>
    <WheelSpeed>0</WheelSpeed>
    <CarType>Sports</CarType>
  </MyCar>
  <Peds />
  <Time>131482</Time>
  <LastFrameTime>0.0500739</LastFrameTime>
  <MyProperty>0</MyProperty>
  <Weather>Clear</Weather>
  <Steering>127</Steering>
  <Acc>175</Acc>
  <Brake>169</Brake>
  <DayTime>15:16:13</DayTime>
  <Position>
    <X>-2382.16</X>
    <Y>-259.283325</Y>
    <Z>15.3267021</Z>
  </Position>
  <Rotation>
    <X>0.654241562</X>
    <Y>0.234965891</Y>
    <Z>59.4812927</Z>
  </Rotation>
</Screenshot>