<?xml version="1.0" encoding="utf-8"?>
<Screenshot xmlns:xsd="http://www.w3.org/2001/XMLSchema" xmlns:xsi="http://www.w3.org/2001/XMLSchema-instance">
  <Cars />
  <MyCar>
    <Position>
      <X>-2381.94238</X>
      <Y>-259.419983</Y>
      <Z>14.4138288</Z>
    </Position>
    <Rotation>
      <X>0.6245707</X>
      <Y>-1.37261152</Y>
      <Z>59.5106277</Z>
    </Rotation>
    <Handle>663810</Handle>
    <Bounds>
      <Vector3>
        <X>-2380.25415</X>
        <Y>-261.57782</Y>
        <Z>13.6337948</Z>
      </Vector3>
      <Vector3>
        <X>-2379.218</X>
        <Y>-259.818054</Y>
        <Z>13.6827269</Z>
      </Vector3>
      <Vector3>
        <X>-2384.6626</X>
        <Y>-258.983582</Y>
        <Z>13.6895428</Z>
      </Vector3>
      <Vector3>
        <X>-2380.258</X>
        <Y>-261.615936</Y>
        <Z>15.0891886</Z>
      </Vector3>
      <Vector3>
        <X>-2383.62646</X>
        <Y>-257.223816</Y>
        <Z>13.7384739</Z>
      </Vector3>
      <Vector3>
        <X>-2379.222</X>
        <Y>-259.856171</Y>
        <Z>15.1381207</Z>
      </Vector3>
      <Vector3>
        <X>-2384.66675</X>
        <Y>-259.0217</Y>
        <Z>15.1449356</Z>
      </Vector3>
      <Vector3>
        <X>-2383.63062</X>
        <Y>-257.261932</Y>
        <Z>15.1938677</Z>
      </Vector3>
    </Bounds>
    <CenterCamPosition>
      <X>0</X>
      <Y>0</Y>
    </CenterCamPosition>
    <ScreenBounds />
    <DistanceToCam>0</DistanceToCam>
    <Speed>6.96910572</Speed>
    <AccInput>0</AccInput>
    <RPM>1.35798967</RPM>
    <Gear>0</Gear>
    <SteeringAngle>5.853084E-41</SteeringAngle>
    <WheelSpeed>0</WheelSpeed>
    <CarType>Sports</CarType>
  </MyCar>
  <Peds />
  <Time>131565</Time>
  <LastFrameTime>0.03393008</LastFrameTime>
  <MyProperty>0</MyProperty>
  <Weather>Clear</Weather>
  <Steering>127</Steering>
  <Acc>175</Acc>
  <Brake>169</Brake>
  <DayTime>15:16:13</DayTime>
  <Position>
    <X>-2382.77124</X>
    <Y>-258.9499</Y>
    <Z>15.3236885</Z>
  </Position>
  <Rotation>
    <X>0.19034633</X>
    <Y>-0.7111422</Y>
    <Z>59.48268</Z>
  </Rotation>
</Screenshot>