<?xml version="1.0" encoding="utf-8"?>
<Screenshot xmlns:xsd="http://www.w3.org/2001/XMLSchema" xmlns:xsi="http://www.w3.org/2001/XMLSchema-instance">
  <Cars />
  <MyCar>
    <Position>
      <X>-2381.737</X>
      <Y>-259.537018</Y>
      <Z>14.4095</Z>
    </Position>
    <Rotation>
      <X>0.690331638</X>
      <Y>-1.211146</Y>
      <Z>59.48505</Z>
    </Rotation>
    <Handle>663810</Handle>
    <Bounds>
      <Vector3>
        <X>-2380.05151</X>
        <Y>-261.697021</Y>
        <Z>13.6293707</Z>
      </Vector3>
      <Vector3>
        <X>-2379.01465</X>
        <Y>-259.9376</Y>
        <Z>13.6725473</Z>
      </Vector3>
      <Vector3>
        <X>-2384.459</X>
        <Y>-259.1008</Y>
        <Z>13.69099</Z>
      </Vector3>
      <Vector3>
        <X>-2380.052</X>
        <Y>-261.732422</Y>
        <Z>15.084837</Z>
      </Vector3>
      <Vector3>
        <X>-2383.42188</X>
        <Y>-257.3414</Y>
        <Z>13.7341681</Z>
      </Vector3>
      <Vector3>
        <X>-2379.01514</X>
        <Y>-259.973022</Y>
        <Z>15.1280136</Z>
      </Vector3>
      <Vector3>
        <X>-2384.45947</X>
        <Y>-259.13623</Y>
        <Z>15.1464567</Z>
      </Vector3>
      <Vector3>
        <X>-2383.42236</X>
        <Y>-257.3768</Y>
        <Z>15.1896343</Z>
      </Vector3>
    </Bounds>
    <CenterCamPosition>
      <X>0</X>
      <Y>0</Y>
    </CenterCamPosition>
    <ScreenBounds />
    <DistanceToCam>0</DistanceToCam>
    <Speed>6.961597</Speed>
    <AccInput>0</AccInput>
    <RPM>1.35798967</RPM>
    <Gear>0</Gear>
    <SteeringAngle>5.853084E-41</SteeringAngle>
    <WheelSpeed>0</WheelSpeed>
    <CarType>Sports</CarType>
  </MyCar>
  <Peds />
  <Time>131531</Time>
  <LastFrameTime>0.0489121266</LastFrameTime>
  <MyProperty>0</MyProperty>
  <Weather>Clear</Weather>
  <Steering>127</Steering>
  <Acc>175</Acc>
  <Brake>169</Brake>
  <DayTime>15:16:13</DayTime>
  <Position>
    <X>-2382.46973</X>
    <Y>-259.11438</Y>
    <Z>15.3232317</Z>
  </Position>
  <Rotation>
    <X>0.366383672</X>
    <Y>-0.317638129</Y>
    <Z>59.46663</Z>
  </Rotation>
</Screenshot>