<?xml version="1.0" encoding="utf-8"?>
<Screenshot xmlns:xsd="http://www.w3.org/2001/XMLSchema" xmlns:xsi="http://www.w3.org/2001/XMLSchema-instance">
  <Cars />
  <MyCar>
    <Position>
      <X>-2382.551</X>
      <Y>-259.070465</Y>
      <Z>14.4294214</Z>
    </Position>
    <Rotation>
      <X>0.5349712</X>
      <Y>-1.5408237</Y>
      <Z>59.60415</Z>
    </Rotation>
    <Handle>663810</Handle>
    <Bounds>
      <Vector3>
        <X>-2380.85718</X>
        <Y>-261.224274</Y>
        <Z>13.6504335</Z>
      </Vector3>
      <Vector3>
        <X>-2379.824</X>
        <Y>-259.462952</Y>
        <Z>13.70536</Z>
      </Vector3>
      <Vector3>
        <X>-2385.27</X>
        <Y>-258.637146</Y>
        <Z>13.69818</Z>
      </Vector3>
      <Vector3>
        <X>-2380.86523</X>
        <Y>-261.2649</Y>
        <Z>15.1057415</Z>
      </Vector3>
      <Vector3>
        <X>-2384.23682</X>
        <Y>-256.875824</Y>
        <Z>13.7531071</Z>
      </Vector3>
      <Vector3>
        <X>-2379.832</X>
        <Y>-259.5036</Y>
        <Z>15.1606684</Z>
      </Vector3>
      <Vector3>
        <X>-2385.278</X>
        <Y>-258.677765</Y>
        <Z>15.1534872</Z>
      </Vector3>
      <Vector3>
        <X>-2384.24487</X>
        <Y>-256.916473</Y>
        <Z>15.208415</Z>
      </Vector3>
    </Bounds>
    <CenterCamPosition>
      <X>0</X>
      <Y>0</Y>
    </CenterCamPosition>
    <ScreenBounds />
    <DistanceToCam>0</DistanceToCam>
    <Speed>6.99527645</Speed>
    <AccInput>0</AccInput>
    <RPM>1.35798967</RPM>
    <Gear>0</Gear>
    <SteeringAngle>5.853084E-41</SteeringAngle>
    <WheelSpeed>0</WheelSpeed>
    <CarType>Sports</CarType>
  </MyCar>
  <Peds />
  <Time>131665</Time>
  <LastFrameTime>0.0340526477</LastFrameTime>
  <MyProperty>0</MyProperty>
  <Weather>Clear</Weather>
  <Steering>127</Steering>
  <Acc>175</Acc>
  <Brake>169</Brake>
  <DayTime>15:16:13</DayTime>
  <Position>
    <X>-2383.385</X>
    <Y>-258.607239</Y>
    <Z>15.3343582</Z>
  </Position>
  <Rotation>
    <X>0.031486392</X>
    <Y>-1.05992</Y>
    <Z>59.5714378</Z>
  </Rotation>
</Screenshot>