<?xml version="1.0" encoding="utf-8"?>
<Screenshot xmlns:xsd="http://www.w3.org/2001/XMLSchema" xmlns:xsi="http://www.w3.org/2001/XMLSchema-instance">
  <Cars />
  <MyCar>
    <Position>
      <X>-2382.23169</X>
      <Y>-259.254364</Y>
      <Z>14.4208078</Z>
    </Position>
    <Rotation>
      <X>0.551810861</X>
      <Y>-1.52205729</Y>
      <Z>59.5552177</Z>
    </Rotation>
    <Handle>663810</Handle>
    <Bounds>
      <Vector3>
        <X>-2380.53979</X>
        <Y>-261.4097</Y>
        <Z>13.6413984</Z>
      </Vector3>
      <Vector3>
        <X>-2379.50513</X>
        <Y>-259.649261</Y>
        <Z>13.6956568</Z>
      </Vector3>
      <Vector3>
        <X>-2384.95068</X>
        <Y>-258.818817</Y>
        <Z>13.6906481</Z>
      </Vector3>
      <Vector3>
        <X>-2380.54736</X>
        <Y>-261.450134</Y>
        <Z>15.096715</Z>
      </Vector3>
      <Vector3>
        <X>-2383.91577</X>
        <Y>-257.05838</Y>
        <Z>13.7449064</Z>
      </Vector3>
      <Vector3>
        <X>-2379.5127</X>
        <Y>-259.6897</Y>
        <Z>15.1509733</Z>
      </Vector3>
      <Vector3>
        <X>-2384.958</X>
        <Y>-258.859283</Y>
        <Z>15.1459646</Z>
      </Vector3>
      <Vector3>
        <X>-2383.92334</X>
        <Y>-257.098816</Y>
        <Z>15.200223</Z>
      </Vector3>
    </Bounds>
    <CenterCamPosition>
      <X>0</X>
      <Y>0</Y>
    </CenterCamPosition>
    <ScreenBounds />
    <DistanceToCam>0</DistanceToCam>
    <Speed>6.982597</Speed>
    <AccInput>0</AccInput>
    <RPM>1.35798967</RPM>
    <Gear>0</Gear>
    <SteeringAngle>5.853084E-41</SteeringAngle>
    <WheelSpeed>0</WheelSpeed>
    <CarType>Sports</CarType>
  </MyCar>
  <Peds />
  <Time>131612</Time>
  <LastFrameTime>0.04778138</LastFrameTime>
  <MyProperty>0</MyProperty>
  <Weather>Clear</Weather>
  <Steering>127</Steering>
  <Acc>175</Acc>
  <Brake>169</Brake>
  <DayTime>15:16:13</DayTime>
  <Position>
    <X>-2382.979</X>
    <Y>-258.835</Y>
    <Z>15.3265944</Z>
  </Position>
  <Rotation>
    <X>0.124585204</X>
    <Y>-0.8726095</Y>
    <Z>59.5087242</Z>
  </Rotation>
</Screenshot>