<?xml version="1.0" encoding="utf-8"?>
<Screenshot xmlns:xsd="http://www.w3.org/2001/XMLSchema" xmlns:xsi="http://www.w3.org/2001/XMLSchema-instance">
  <Cars />
  <MyCar>
    <Position>
      <X>-2382.345</X>
      <Y>-259.189331</Y>
      <Z>14.423604</Z>
    </Position>
    <Rotation>
      <X>0.531481</X>
      <Y>-1.55992007</Y>
      <Z>59.5720253</Z>
    </Rotation>
    <Handle>663810</Handle>
    <Bounds>
      <Vector3>
        <X>-2380.652</X>
        <Y>-261.343872</Y>
        <Z>13.6444378</Z>
      </Vector3>
      <Vector3>
        <X>-2379.618</X>
        <Y>-259.58316</Y>
        <Z>13.7000456</Z>
      </Vector3>
      <Vector3>
        <X>-2385.06348</X>
        <Y>-258.754272</Y>
        <Z>13.6918726</Z>
      </Vector3>
      <Vector3>
        <X>-2380.6604</X>
        <Y>-261.3849</Y>
        <Z>15.0997334</Z>
      </Vector3>
      <Vector3>
        <X>-2384.0293</X>
        <Y>-256.993561</Y>
        <Z>13.74748</Z>
      </Vector3>
      <Vector3>
        <X>-2379.62622</X>
        <Y>-259.624176</Y>
        <Z>15.1553411</Z>
      </Vector3>
      <Vector3>
        <X>-2385.072</X>
        <Y>-258.7953</Y>
        <Z>15.1471682</Z>
      </Vector3>
      <Vector3>
        <X>-2384.03784</X>
        <Y>-257.034576</Y>
        <Z>15.202776</Z>
      </Vector3>
    </Bounds>
    <CenterCamPosition>
      <X>0</X>
      <Y>0</Y>
    </CenterCamPosition>
    <ScreenBounds />
    <DistanceToCam>0</DistanceToCam>
    <Speed>6.98682547</Speed>
    <AccInput>0</AccInput>
    <RPM>1.35798967</RPM>
    <Gear>0</Gear>
    <SteeringAngle>5.853084E-41</SteeringAngle>
    <WheelSpeed>0</WheelSpeed>
    <CarType>Sports</CarType>
  </MyCar>
  <Peds />
  <Time>131631</Time>
  <LastFrameTime>0.0186938923</LastFrameTime>
  <MyProperty>0</MyProperty>
  <Weather>Clear</Weather>
  <Steering>127</Steering>
  <Acc>175</Acc>
  <Brake>169</Brake>
  <DayTime>15:16:13</DayTime>
  <Position>
    <X>-2383.271</X>
    <Y>-258.6716</Y>
    <Z>15.3320017</Z>
  </Position>
  <Rotation>
    <X>0.05181905</X>
    <Y>-1.02205682</Y>
    <Z>59.5542946</Z>
  </Rotation>
</Screenshot>