<?xml version="1.0" encoding="utf-8"?>
<Screenshot xmlns:xsd="http://www.w3.org/2001/XMLSchema" xmlns:xsi="http://www.w3.org/2001/XMLSchema-instance">
  <Cars />
  <MyCar>
    <Position>
      <X>-2382.9502</X>
      <Y>-258.836945</Y>
      <Z>14.4456911</Z>
    </Position>
    <Rotation>
      <X>0.8022612</X>
      <Y>-0.9576695</Y>
      <Z>59.6624146</Z>
    </Rotation>
    <Handle>663810</Handle>
    <Bounds>
      <Vector3>
        <X>-2381.261</X>
        <Y>-260.993866</Y>
        <Z>13.6650381</Z>
      </Vector3>
      <Vector3>
        <X>-2380.22925</X>
        <Y>-259.2311</Y>
        <Z>13.69918</Z>
      </Vector3>
      <Vector3>
        <X>-2385.67627</X>
        <Y>-258.4113</Y>
        <Z>13.7366543</Z>
      </Vector3>
      <Vector3>
        <X>-2381.25562</X>
        <Y>-261.025146</Y>
        <Z>15.1205893</Z>
      </Vector3>
      <Vector3>
        <X>-2384.64453</X>
        <Y>-256.648529</Y>
        <Z>13.7707958</Z>
      </Vector3>
      <Vector3>
        <X>-2380.224</X>
        <Y>-259.2624</Y>
        <Z>15.1547308</Z>
      </Vector3>
      <Vector3>
        <X>-2385.671</X>
        <Y>-258.442566</Y>
        <Z>15.1922064</Z>
      </Vector3>
      <Vector3>
        <X>-2384.6394</X>
        <Y>-256.6798</Y>
        <Z>15.2263479</Z>
      </Vector3>
    </Bounds>
    <CenterCamPosition>
      <X>0</X>
      <Y>0</Y>
    </CenterCamPosition>
    <ScreenBounds />
    <DistanceToCam>0</DistanceToCam>
    <Speed>7.011283</Speed>
    <AccInput>0</AccInput>
    <RPM>1.35798967</RPM>
    <Gear>0</Gear>
    <SteeringAngle>5.853084E-41</SteeringAngle>
    <WheelSpeed>0</WheelSpeed>
    <CarType>Sports</CarType>
  </MyCar>
  <Peds />
  <Time>131731</Time>
  <LastFrameTime>0.0183510073</LastFrameTime>
  <MyProperty>0</MyProperty>
  <Weather>Clear</Weather>
  <Steering>127</Steering>
  <Acc>175</Acc>
  <Brake>169</Brake>
  <DayTime>15:16:13</DayTime>
  <Position>
    <X>-2383.87476</X>
    <Y>-258.317657</Y>
    <Z>15.3551531</Z>
  </Position>
  <Rotation>
    <X>0.204594463</X>
    <Y>-0.6697587</Y>
    <Z>59.6455536</Z>
  </Rotation>
</Screenshot>