<?xml version="1.0" encoding="utf-8"?>
<Screenshot xmlns:xsd="http://www.w3.org/2001/XMLSchema" xmlns:xsi="http://www.w3.org/2001/XMLSchema-instance">
  <Cars />
  <MyCar>
    <Position>
      <X>-2383.352</X>
      <Y>-258.5961</Y>
      <Z>14.4619055</Z>
    </Position>
    <Rotation>
      <X>1.025446</X>
      <Y>-0.244972542</Y>
      <Z>59.69839</Z>
    </Rotation>
    <Handle>663810</Handle>
    <Bounds>
      <Vector3>
        <X>-2381.669</X>
        <Y>-260.758728</Y>
        <Z>13.683938</Z>
      </Vector3>
      <Vector3>
        <X>-2380.63818</X>
        <Y>-258.9951</Y>
        <Z>13.6926718</Z>
      </Vector3>
      <Vector3>
        <X>-2386.08521</X>
        <Y>-258.178375</Y>
        <Z>13.7754879</Z>
      </Vector3>
      <Vector3>
        <X>-2381.64941</X>
        <Y>-260.777252</Y>
        <Z>15.1395893</Z>
      </Vector3>
      <Vector3>
        <X>-2385.05444</X>
        <Y>-256.414764</Y>
        <Z>13.7842226</Z>
      </Vector3>
      <Vector3>
        <X>-2380.619</X>
        <Y>-259.0136</Y>
        <Z>15.1483231</Z>
      </Vector3>
      <Vector3>
        <X>-2386.06567</X>
        <Y>-258.1969</Y>
        <Z>15.2311392</Z>
      </Vector3>
      <Vector3>
        <X>-2385.03516</X>
        <Y>-256.433258</Y>
        <Z>15.2398729</Z>
      </Vector3>
    </Bounds>
    <CenterCamPosition>
      <X>0</X>
      <Y>0</Y>
    </CenterCamPosition>
    <ScreenBounds />
    <DistanceToCam>0</DistanceToCam>
    <Speed>7.022516</Speed>
    <AccInput>0</AccInput>
    <RPM>1.35798967</RPM>
    <Gear>0</Gear>
    <SteeringAngle>5.853084E-41</SteeringAngle>
    <WheelSpeed>0</WheelSpeed>
    <CarType>Sports</CarType>
  </MyCar>
  <Peds />
  <Time>131798</Time>
  <LastFrameTime>0.0181517918</LastFrameTime>
  <MyProperty>0</MyProperty>
  <Weather>Clear</Weather>
  <Steering>127</Steering>
  <Acc>174</Acc>
  <Brake>169</Brake>
  <DayTime>15:16:13</DayTime>
  <Position>
    <X>-2384.26831</X>
    <Y>-258.069672</Y>
    <Z>15.3785982</Z>
  </Position>
  <Rotation>
    <X>0.488419443</X>
    <Y>0.09736279</Y>
    <Z>59.6915741</Z>
  </Rotation>
</Screenshot>