<?xml version="1.0" encoding="utf-8"?>
<Screenshot xmlns:xsd="http://www.w3.org/2001/XMLSchema" xmlns:xsi="http://www.w3.org/2001/XMLSchema-instance">
  <Cars />
  <MyCar>
    <Position>
      <X>-2382.83936</X>
      <Y>-258.902283</Y>
      <Z>14.4406557</Z>
    </Position>
    <Rotation>
      <X>0.704580545</X>
      <Y>-1.169763</Y>
      <Z>59.64795</Z>
    </Rotation>
    <Handle>663810</Handle>
    <Bounds>
      <Vector3>
        <X>-2381.14819</X>
        <Y>-261.057861</Y>
        <Z>13.6606178</Z>
      </Vector3>
      <Vector3>
        <X>-2380.11621</X>
        <Y>-259.295471</Y>
        <Z>13.70232</Z>
      </Vector3>
      <Vector3>
        <X>-2385.563</X>
        <Y>-258.474182</Y>
        <Z>13.7235117</Z>
      </Vector3>
      <Vector3>
        <X>-2381.14771</X>
        <Y>-261.09256</Y>
        <Z>15.1161022</Z>
      </Vector3>
      <Vector3>
        <X>-2384.531</X>
        <Y>-256.711823</Y>
        <Z>13.765213</Z>
      </Vector3>
      <Vector3>
        <X>-2380.11572</X>
        <Y>-259.33017</Y>
        <Z>15.1578035</Z>
      </Vector3>
      <Vector3>
        <X>-2385.5625</X>
        <Y>-258.508881</Y>
        <Z>15.1789951</Z>
      </Vector3>
      <Vector3>
        <X>-2384.53052</X>
        <Y>-256.7465</Y>
        <Z>15.2206974</Z>
      </Vector3>
    </Bounds>
    <CenterCamPosition>
      <X>0</X>
      <Y>0</Y>
    </CenterCamPosition>
    <ScreenBounds />
    <DistanceToCam>0</DistanceToCam>
    <Speed>7.007066</Speed>
    <AccInput>0</AccInput>
    <RPM>1.35798967</RPM>
    <Gear>0</Gear>
    <SteeringAngle>5.853084E-41</SteeringAngle>
    <WheelSpeed>0</WheelSpeed>
    <CarType>Sports</CarType>
  </MyCar>
  <Peds />
  <Time>131713</Time>
  <LastFrameTime>0.04766781</LastFrameTime>
  <MyProperty>0</MyProperty>
  <Weather>Clear</Weather>
  <Steering>127</Steering>
  <Acc>175</Acc>
  <Brake>169</Brake>
  <DayTime>15:16:13</DayTime>
  <Position>
    <X>-2383.59131</X>
    <Y>-258.4887</Y>
    <Z>15.3402567</Z>
  </Position>
  <Rotation>
    <X>0.03497695</X>
    <Y>-1.04082346</Y>
    <Z>59.60351</Z>
  </Rotation>
</Screenshot>