<?xml version="1.0" encoding="utf-8"?>
<Screenshot xmlns:xsd="http://www.w3.org/2001/XMLSchema" xmlns:xsi="http://www.w3.org/2001/XMLSchema-instance">
  <Cars />
  <MyCar>
    <Position>
      <X>-2383.24268</X>
      <Y>-258.661774</Y>
      <Z>14.4580545</Z>
    </Position>
    <Rotation>
      <X>0.9884187</X>
      <Y>-0.4026337</Y>
      <Z>59.6907425</Z>
    </Rotation>
    <Handle>663810</Handle>
    <Bounds>
      <Vector3>
        <X>-2381.55835</X>
        <Y>-260.823029</Y>
        <Z>13.6789331</Z>
      </Vector3>
      <Vector3>
        <X>-2380.52734</X>
        <Y>-259.05957</Y>
        <Z>13.6932878</Z>
      </Vector3>
      <Vector3>
        <X>-2385.97437</X>
        <Y>-258.242279</Y>
        <Z>13.7671766</Z>
      </Vector3>
      <Vector3>
        <X>-2381.54175</X>
        <Y>-260.844543</Y>
        <Z>15.1345778</Z>
      </Vector3>
      <Vector3>
        <X>-2384.94336</X>
        <Y>-256.4788</Y>
        <Z>13.7815313</Z>
      </Vector3>
      <Vector3>
        <X>-2380.511</X>
        <Y>-259.081055</Y>
        <Z>15.1489325</Z>
      </Vector3>
      <Vector3>
        <X>-2385.95776</X>
        <Y>-258.263763</Y>
        <Z>15.2228222</Z>
      </Vector3>
      <Vector3>
        <X>-2384.927</X>
        <Y>-256.5003</Y>
        <Z>15.2371769</Z>
      </Vector3>
    </Bounds>
    <CenterCamPosition>
      <X>0</X>
      <Y>0</Y>
    </CenterCamPosition>
    <ScreenBounds />
    <DistanceToCam>0</DistanceToCam>
    <Speed>7.020315</Speed>
    <AccInput>0</AccInput>
    <RPM>1.35798967</RPM>
    <Gear>0</Gear>
    <SteeringAngle>5.853084E-41</SteeringAngle>
    <WheelSpeed>0</WheelSpeed>
    <CarType>Sports</CarType>
  </MyCar>
  <Peds />
  <Time>131780</Time>
  <LastFrameTime>0.04862075</LastFrameTime>
  <MyProperty>0</MyProperty>
  <Weather>Clear</Weather>
  <Steering>127</Steering>
  <Acc>174</Acc>
  <Brake>169</Brake>
  <DayTime>15:16:13</DayTime>
  <Position>
    <X>-2383.98267</X>
    <Y>-258.2505</Y>
    <Z>15.362277</Z>
  </Position>
  <Rotation>
    <X>0.30227077</X>
    <Y>-0.4576631</Y>
    <Z>59.66</Z>
  </Rotation>
</Screenshot>