<?xml version="1.0" encoding="utf-8"?>
<Screenshot xmlns:xsd="http://www.w3.org/2001/XMLSchema" xmlns:xsi="http://www.w3.org/2001/XMLSchema-instance">
  <Cars />
  <MyCar>
    <Position>
      <X>-2383.645</X>
      <Y>-258.419</Y>
      <Z>14.4706984</Z>
    </Position>
    <Rotation>
      <X>1.19459248</X>
      <Y>0.0009831205</Y>
      <Z>59.6868477</Z>
    </Rotation>
    <Handle>663810</Handle>
    <Bounds>
      <Vector3>
        <X>-2381.966</X>
        <Y>-260.583679</Y>
        <Z>13.6896</Z>
      </Vector3>
      <Vector3>
        <X>-2380.935</X>
        <Y>-258.820251</Y>
        <Z>13.6895647</Z>
      </Vector3>
      <Vector3>
        <X>-2386.381</X>
        <Y>-258.002258</Y>
        <Z>13.79625</Z>
      </Vector3>
      <Vector3>
        <X>-2381.9397</X>
        <Y>-260.598969</Y>
        <Z>15.1451807</Z>
      </Vector3>
      <Vector3>
        <X>-2385.35</X>
        <Y>-256.238831</Y>
        <Z>13.7962151</Z>
      </Vector3>
      <Vector3>
        <X>-2380.90869</X>
        <Y>-258.835541</Y>
        <Z>15.1451454</Z>
      </Vector3>
      <Vector3>
        <X>-2386.355</X>
        <Y>-258.017548</Y>
        <Z>15.2518311</Z>
      </Vector3>
      <Vector3>
        <X>-2385.324</X>
        <Y>-256.25412</Y>
        <Z>15.2517958</Z>
      </Vector3>
    </Bounds>
    <CenterCamPosition>
      <X>0</X>
      <Y>0</Y>
    </CenterCamPosition>
    <ScreenBounds />
    <DistanceToCam>0</DistanceToCam>
    <Speed>7.0244236</Speed>
    <AccInput>0</AccInput>
    <RPM>1.35798967</RPM>
    <Gear>0</Gear>
    <SteeringAngle>5.853084E-41</SteeringAngle>
    <WheelSpeed>0</WheelSpeed>
    <CarType>Sports</CarType>
  </MyCar>
  <Peds />
  <Time>131847</Time>
  <LastFrameTime>0.04874208</LastFrameTime>
  <MyProperty>0</MyProperty>
  <Weather>Clear</Weather>
  <Steering>127</Steering>
  <Acc>174</Acc>
  <Brake>169</Brake>
  <DayTime>15:16:13</DayTime>
  <Position>
    <X>-2384.376</X>
    <Y>-258.002258</Y>
    <Z>15.3832283</Z>
  </Position>
  <Rotation>
    <X>0.525451362</X>
    <Y>0.255016744</Y>
    <Z>59.70072</Z>
  </Rotation>
</Screenshot>