<?xml version="1.0" encoding="utf-8"?>
<Screenshot xmlns:xsd="http://www.w3.org/2001/XMLSchema" xmlns:xsi="http://www.w3.org/2001/XMLSchema-instance">
  <Cars />
  <MyCar>
    <Position>
      <X>-2384.482</X>
      <Y>-257.925873</Y>
      <Z>14.4742708</Z>
    </Position>
    <Rotation>
      <X>2.14030051</X>
      <Y>-0.962853432</Y>
      <Z>59.53422</Z>
    </Rotation>
    <Handle>663810</Handle>
    <Bounds>
      <Vector3>
        <X>-2382.813</X>
        <Y>-260.076233</Y>
        <Z>13.6342592</Z>
      </Vector3>
      <Vector3>
        <X>-2381.77734</X>
        <Y>-258.3158</Y>
        <Z>13.6685858</Z>
      </Vector3>
      <Vector3>
        <X>-2387.2207</X>
        <Y>-257.4871</Y>
        <Z>13.8252831</Z>
      </Vector3>
      <Vector3>
        <X>-2382.77856</X>
        <Y>-260.124878</Y>
        <Z>15.0889359</Z>
      </Vector3>
      <Vector3>
        <X>-2386.1853</X>
        <Y>-255.726654</Y>
        <Z>13.8596087</Z>
      </Vector3>
      <Vector3>
        <X>-2381.743</X>
        <Y>-258.364441</Y>
        <Z>15.1232624</Z>
      </Vector3>
      <Vector3>
        <X>-2387.18628</X>
        <Y>-257.535736</Y>
        <Z>15.2799587</Z>
      </Vector3>
      <Vector3>
        <X>-2386.151</X>
        <Y>-255.775284</Y>
        <Z>15.3142853</Z>
      </Vector3>
    </Bounds>
    <CenterCamPosition>
      <X>0</X>
      <Y>0</Y>
    </CenterCamPosition>
    <ScreenBounds />
    <DistanceToCam>0</DistanceToCam>
    <Speed>7.130989</Speed>
    <AccInput>0</AccInput>
    <RPM>1.35798967</RPM>
    <Gear>0</Gear>
    <SteeringAngle>5.853084E-41</SteeringAngle>
    <WheelSpeed>0</WheelSpeed>
    <CarType>Sports</CarType>
  </MyCar>
  <Peds />
  <Time>131984</Time>
  <LastFrameTime>0.036104992</LastFrameTime>
  <MyProperty>0</MyProperty>
  <Weather>Clear</Weather>
  <Steering>127</Steering>
  <Acc>174</Acc>
  <Brake>169</Brake>
  <DayTime>15:16:13</DayTime>
  <Position>
    <X>-2385.274</X>
    <Y>-257.4746</Y>
    <Z>15.4129744</Z>
  </Position>
  <Rotation>
    <X>1.472168</X>
    <Y>-0.29063502</Y>
    <Z>59.57585</Z>
  </Rotation>
</Screenshot>