<?xml version="1.0" encoding="utf-8"?>
<Screenshot xmlns:xsd="http://www.w3.org/2001/XMLSchema" xmlns:xsi="http://www.w3.org/2001/XMLSchema-instance">
  <Cars />
  <MyCar>
    <Position>
      <X>-2384.25977</X>
      <Y>-258.0549</Y>
      <Z>14.4723005</Z>
    </Position>
    <Rotation>
      <X>1.97214913</X>
      <Y>-0.7907311</Y>
      <Z>59.5833168</Z>
    </Rotation>
    <Handle>663810</Handle>
    <Bounds>
      <Vector3>
        <X>-2382.58813</X>
        <Y>-260.2073</Y>
        <Z>13.6427431</Z>
      </Vector3>
      <Vector3>
        <X>-2381.5542</X>
        <Y>-258.445923</Y>
        <Z>13.6709337</Z>
      </Vector3>
      <Vector3>
        <X>-2386.99829</X>
        <Y>-257.621</Y>
        <Z>13.8187733</Z>
      </Vector3>
      <Vector3>
        <X>-2382.55518</X>
        <Y>-260.25</Y>
        <Z>15.09764</Z>
      </Vector3>
      <Vector3>
        <X>-2385.96436</X>
        <Y>-255.859589</Y>
        <Z>13.8469639</Z>
      </Vector3>
      <Vector3>
        <X>-2381.521</X>
        <Y>-258.4886</Y>
        <Z>15.1258307</Z>
      </Vector3>
      <Vector3>
        <X>-2386.96533</X>
        <Y>-257.663666</Y>
        <Z>15.2736692</Z>
      </Vector3>
      <Vector3>
        <X>-2385.93115</X>
        <Y>-255.902267</Y>
        <Z>15.30186</Z>
      </Vector3>
    </Bounds>
    <CenterCamPosition>
      <X>0</X>
      <Y>0</Y>
    </CenterCamPosition>
    <ScreenBounds />
    <DistanceToCam>0</DistanceToCam>
    <Speed>7.078307</Speed>
    <AccInput>0</AccInput>
    <RPM>1.35798967</RPM>
    <Gear>0</Gear>
    <SteeringAngle>5.853084E-41</SteeringAngle>
    <WheelSpeed>0</WheelSpeed>
    <CarType>Sports</CarType>
  </MyCar>
  <Peds />
  <Time>131948</Time>
  <LastFrameTime>0.034855403</LastFrameTime>
  <MyProperty>0</MyProperty>
  <Weather>Clear</Weather>
  <Steering>127</Steering>
  <Acc>174</Acc>
  <Brake>169</Brake>
  <DayTime>15:16:13</DayTime>
  <Position>
    <X>-2385.06323</X>
    <Y>-257.594025</Y>
    <Z>15.4079466</Z>
  </Position>
  <Rotation>
    <X>1.23149753</X>
    <Y>-0.0280714352</Y>
    <Z>59.62946</Z>
  </Rotation>
</Screenshot>