<?xml version="1.0" encoding="utf-8"?>
<Screenshot xmlns:xsd="http://www.w3.org/2001/XMLSchema" xmlns:xsi="http://www.w3.org/2001/XMLSchema-instance">
  <Cars />
  <MyCar>
    <Position>
      <X>-2384.04736</X>
      <Y>-258.17926</Y>
      <Z>14.4721384</Z>
    </Position>
    <Rotation>
      <X>1.73149741</X>
      <Y>-0.5280779</Y>
      <Z>59.6300621</Z>
    </Rotation>
    <Handle>663810</Handle>
    <Bounds>
      <Vector3>
        <X>-2382.373</X>
        <Y>-260.3354</Y>
        <Z>13.6578579</Z>
      </Vector3>
      <Vector3>
        <X>-2381.34033</X>
        <Y>-258.573059</Y>
        <Z>13.6766844</Z>
      </Vector3>
      <Vector3>
        <X>-2386.7854</X>
        <Y>-257.751434</Y>
        <Z>13.8124228</Z>
      </Vector3>
      <Vector3>
        <X>-2382.3418</X>
        <Y>-260.3692</Y>
        <Z>15.1130285</Z>
      </Vector3>
      <Vector3>
        <X>-2385.75269</X>
        <Y>-255.9891</Y>
        <Z>13.8312492</Z>
      </Vector3>
      <Vector3>
        <X>-2381.309</X>
        <Y>-258.606873</Y>
        <Z>15.131855</Z>
      </Vector3>
      <Vector3>
        <X>-2386.75415</X>
        <Y>-257.785248</Y>
        <Z>15.2675934</Z>
      </Vector3>
      <Vector3>
        <X>-2385.72144</X>
        <Y>-256.022919</Y>
        <Z>15.2864208</Z>
      </Vector3>
    </Bounds>
    <CenterCamPosition>
      <X>0</X>
      <Y>0</Y>
    </CenterCamPosition>
    <ScreenBounds />
    <DistanceToCam>0</DistanceToCam>
    <Speed>7.02955675</Speed>
    <AccInput>0</AccInput>
    <RPM>1.35798967</RPM>
    <Gear>0</Gear>
    <SteeringAngle>5.853084E-41</SteeringAngle>
    <WheelSpeed>0</WheelSpeed>
    <CarType>Sports</CarType>
  </MyCar>
  <Peds />
  <Time>131913</Time>
  <LastFrameTime>0.06666667</LastFrameTime>
  <MyProperty>0</MyProperty>
  <Weather>Clear</Weather>
  <Steering>127</Steering>
  <Acc>174</Acc>
  <Brake>169</Brake>
  <DayTime>15:16:13</DayTime>
  <Position>
    <X>-2384.66455</X>
    <Y>-257.822937</Y>
    <Z>15.39552</Z>
  </Position>
  <Rotation>
    <X>0.694619</X>
    <Y>0.5009463</Y>
    <Z>59.6929131</Z>
  </Rotation>
</Screenshot>