<?xml version="1.0" encoding="utf-8"?>
<Screenshot xmlns:xsd="http://www.w3.org/2001/XMLSchema" xmlns:xsi="http://www.w3.org/2001/XMLSchema-instance">
  <Cars />
  <MyCar>
    <Position>
      <X>-2384.76416</X>
      <Y>-257.762177</Y>
      <Z>14.4794149</Z>
    </Position>
    <Rotation>
      <X>2.23732162</X>
      <Y>-1.05414414</Y>
      <Z>59.4851646</Z>
    </Rotation>
    <Handle>663810</Handle>
    <Bounds>
      <Vector3>
        <X>-2383.09741</X>
        <Y>-259.912048</Y>
        <Z>13.6335192</Z>
      </Vector3>
      <Vector3>
        <X>-2382.06055</X>
        <Y>-258.152527</Y>
        <Z>13.6711</Z>
      </Vector3>
      <Vector3>
        <X>-2387.50317</X>
        <Y>-257.319672</Y>
        <Z>13.8331919</Z>
      </Vector3>
      <Vector3>
        <X>-2383.06226</X>
        <Y>-259.963959</Y>
        <Z>15.08806</Z>
      </Vector3>
      <Vector3>
        <X>-2386.466</X>
        <Y>-255.560181</Y>
        <Z>13.8707724</Z>
      </Vector3>
      <Vector3>
        <X>-2382.02515</X>
        <Y>-258.204468</Y>
        <Z>15.1256409</Z>
      </Vector3>
      <Vector3>
        <X>-2387.46777</X>
        <Y>-257.3716</Y>
        <Z>15.2877331</Z>
      </Vector3>
      <Vector3>
        <X>-2386.43066</X>
        <Y>-255.612091</Y>
        <Z>15.3253136</Z>
      </Vector3>
    </Bounds>
    <CenterCamPosition>
      <X>0</X>
      <Y>0</Y>
    </CenterCamPosition>
    <ScreenBounds />
    <DistanceToCam>0</DistanceToCam>
    <Speed>7.191879</Speed>
    <AccInput>0</AccInput>
    <RPM>1.35798967</RPM>
    <Gear>0</Gear>
    <SteeringAngle>5.853084E-41</SteeringAngle>
    <WheelSpeed>0</WheelSpeed>
    <CarType>Sports</CarType>
  </MyCar>
  <Peds />
  <Time>132030</Time>
  <LastFrameTime>0.0454708673</LastFrameTime>
  <MyProperty>0</MyProperty>
  <Weather>Clear</Weather>
  <Steering>127</Steering>
  <Acc>174</Acc>
  <Brake>169</Brake>
  <DayTime>15:16:13</DayTime>
  <Position>
    <X>-2385.49463</X>
    <Y>-257.348572</Y>
    <Z>15.4183254</Z>
  </Position>
  <Rotation>
    <X>1.64035428</X>
    <Y>-0.4626638</Y>
    <Z>59.52097</Z>
  </Rotation>
</Screenshot>