<?xml version="1.0" encoding="utf-8"?>
<Screenshot xmlns:xsd="http://www.w3.org/2001/XMLSchema" xmlns:xsi="http://www.w3.org/2001/XMLSchema-instance">
  <Cars />
  <MyCar>
    <Position>
      <X>-2384.97778</X>
      <Y>-257.637848</Y>
      <Z>14.4846888</Z>
    </Position>
    <Rotation>
      <X>2.24978375</X>
      <Y>-1.06222594</Y>
      <Z>59.4584541</Z>
    </Rotation>
    <Handle>663810</Handle>
    <Bounds>
      <Vector3>
        <X>-2383.31226</X>
        <Y>-259.7883</Y>
        <Z>13.6381016</Z>
      </Vector3>
      <Vector3>
        <X>-2382.27441</X>
        <Y>-258.029266</Y>
        <Z>13.67597</Z>
      </Vector3>
      <Vector3>
        <X>-2387.71655</X>
        <Y>-257.193939</Y>
        <Z>13.8388853</Z>
      </Vector3>
      <Vector3>
        <X>-2383.27661</X>
        <Y>-259.840546</Y>
        <Z>15.0926266</Z>
      </Vector3>
      <Vector3>
        <X>-2386.67871</X>
        <Y>-255.434921</Y>
        <Z>13.8767538</Z>
      </Vector3>
      <Vector3>
        <X>-2382.23877</X>
        <Y>-258.081543</Y>
        <Z>15.1304951</Z>
      </Vector3>
      <Vector3>
        <X>-2387.68115</X>
        <Y>-257.246216</Y>
        <Z>15.29341</Z>
      </Vector3>
      <Vector3>
        <X>-2386.64331</X>
        <Y>-255.4872</Y>
        <Z>15.3312788</Z>
      </Vector3>
    </Bounds>
    <CenterCamPosition>
      <X>0</X>
      <Y>0</Y>
    </CenterCamPosition>
    <ScreenBounds />
    <DistanceToCam>0</DistanceToCam>
    <Speed>7.232444</Speed>
    <AccInput>0</AccInput>
    <RPM>1.35798967</RPM>
    <Gear>0</Gear>
    <SteeringAngle>5.853084E-41</SteeringAngle>
    <WheelSpeed>0</WheelSpeed>
    <CarType>Sports</CarType>
  </MyCar>
  <Peds />
  <Time>132064</Time>
  <LastFrameTime>0.0342422426</LastFrameTime>
  <MyProperty>0</MyProperty>
  <Weather>Clear</Weather>
  <Steering>127</Steering>
  <Acc>174</Acc>
  <Brake>169</Brake>
  <DayTime>15:16:13</DayTime>
  <Position>
    <X>-2385.77563</X>
    <Y>-257.186157</Y>
    <Z>15.425415</Z>
  </Position>
  <Rotation>
    <X>1.7374028</X>
    <Y>-0.5538896</Y>
    <Z>59.4683571</Z>
  </Rotation>
</Screenshot>