<?xml version="1.0" encoding="utf-8"?>
<Screenshot xmlns:xsd="http://www.w3.org/2001/XMLSchema" xmlns:xsi="http://www.w3.org/2001/XMLSchema-instance">
  <Cars />
  <MyCar>
    <Position>
      <X>-2385.71167</X>
      <Y>-257.203522</Y>
      <Z>14.51496</Z>
    </Position>
    <Rotation>
      <X>1.75374913</X>
      <Y>-0.270926</Y>
      <Z>59.42041</Z>
    </Rotation>
    <Handle>663810</Handle>
    <Bounds>
      <Vector3>
        <X>-2384.04736</X>
        <Y>-259.368744</Y>
        <Z>13.7042532</Z>
      </Vector3>
      <Vector3>
        <X>-2383.0083</X>
        <Y>-257.610138</Y>
        <Z>13.713913</Z>
      </Vector3>
      <Vector3>
        <X>-2388.45</X>
        <Y>-256.7681</Y>
        <Z>13.8608093</Z>
      </Vector3>
      <Vector3>
        <X>-2384.01245</X>
        <Y>-259.397339</Y>
        <Z>15.1594524</Z>
      </Vector3>
      <Vector3>
        <X>-2387.41064</X>
        <Y>-255.0095</Y>
        <Z>13.8704681</Z>
      </Vector3>
      <Vector3>
        <X>-2382.97339</X>
        <Y>-257.638733</Y>
        <Z>15.1691113</Z>
      </Vector3>
      <Vector3>
        <X>-2388.415</X>
        <Y>-256.7967</Y>
        <Z>15.3160086</Z>
      </Vector3>
      <Vector3>
        <X>-2387.37573</X>
        <Y>-255.038086</Y>
        <Z>15.3256674</Z>
      </Vector3>
    </Bounds>
    <CenterCamPosition>
      <X>0</X>
      <Y>0</Y>
    </CenterCamPosition>
    <ScreenBounds />
    <DistanceToCam>0</DistanceToCam>
    <Speed>7.34493065</Speed>
    <AccInput>0</AccInput>
    <RPM>1.35798967</RPM>
    <Gear>0</Gear>
    <SteeringAngle>5.853084E-41</SteeringAngle>
    <WheelSpeed>0</WheelSpeed>
    <CarType>Sports</CarType>
  </MyCar>
  <Peds />
  <Time>132181</Time>
  <LastFrameTime>0.05071871</LastFrameTime>
  <MyProperty>0</MyProperty>
  <Weather>Clear</Weather>
  <Steering>127</Steering>
  <Acc>174</Acc>
  <Brake>169</Brake>
  <DayTime>15:16:13</DayTime>
  <Position>
    <X>-2386.40381</X>
    <Y>-256.812775</Y>
    <Z>15.4418077</Z>
  </Position>
  <Rotation>
    <X>1.59338784</X>
    <Y>-0.3082045</Y>
    <Z>59.42463</Z>
  </Rotation>
</Screenshot>