<?xml version="1.0" encoding="utf-8"?>
<Screenshot xmlns:xsd="http://www.w3.org/2001/XMLSchema" xmlns:xsi="http://www.w3.org/2001/XMLSchema-instance">
  <Cars />
  <MyCar>
    <Position>
      <X>-2385.39282</X>
      <Y>-257.39444</Y>
      <Z>14.4986687</Z>
    </Position>
    <Rotation>
      <X>2.09336472</X>
      <Y>-0.808323741</Y>
      <Z>59.43321</Z>
    </Rotation>
    <Handle>663810</Handle>
    <Bounds>
      <Vector3>
        <X>-2383.72827</X>
        <Y>-259.550079</Y>
        <Z>13.6634483</Z>
      </Vector3>
      <Vector3>
        <X>-2382.68945</X>
        <Y>-257.791382</Y>
        <Z>13.6922665</Z>
      </Vector3>
      <Vector3>
        <X>-2388.13135</X>
        <Y>-256.952576</Y>
        <Z>13.8502922</Z>
      </Vector3>
      <Vector3>
        <X>-2383.69287</X>
        <Y>-259.5948</Y>
        <Z>15.11823</Z>
      </Vector3>
      <Vector3>
        <X>-2387.09253</X>
        <Y>-255.193878</Y>
        <Z>13.87911</Z>
      </Vector3>
      <Vector3>
        <X>-2382.654</X>
        <Y>-257.8361</Y>
        <Z>15.147047</Z>
      </Vector3>
      <Vector3>
        <X>-2388.096</X>
        <Y>-256.997284</Y>
        <Z>15.3050737</Z>
      </Vector3>
      <Vector3>
        <X>-2387.05737</X>
        <Y>-255.2386</Y>
        <Z>15.3338909</Z>
      </Vector3>
    </Bounds>
    <CenterCamPosition>
      <X>0</X>
      <Y>0</Y>
    </CenterCamPosition>
    <ScreenBounds />
    <DistanceToCam>0</DistanceToCam>
    <Speed>7.299895</Speed>
    <AccInput>0</AccInput>
    <RPM>1.35798967</RPM>
    <Gear>0</Gear>
    <SteeringAngle>5.853084E-41</SteeringAngle>
    <WheelSpeed>0</WheelSpeed>
    <CarType>Sports</CarType>
  </MyCar>
  <Peds />
  <Time>132130</Time>
  <LastFrameTime>0.01891576</LastFrameTime>
  <MyProperty>0</MyProperty>
  <Weather>Clear</Weather>
  <Steering>127</Steering>
  <Acc>174</Acc>
  <Brake>169</Brake>
  <DayTime>15:16:13</DayTime>
  <Position>
    <X>-2386.28516</X>
    <Y>-256.885468</Y>
    <Z>15.43862</Z>
  </Position>
  <Rotation>
    <X>1.67552888</X>
    <Y>-0.441530019</Y>
    <Z>59.42475</Z>
  </Rotation>
</Screenshot>