<?xml version="1.0" encoding="utf-8"?>
<Screenshot xmlns:xsd="http://www.w3.org/2001/XMLSchema" xmlns:xsi="http://www.w3.org/2001/XMLSchema-instance">
  <Cars />
  <MyCar>
    <Position>
      <X>-2385.27417</X>
      <Y>-257.464447</Y>
      <Z>14.493844</Z>
    </Position>
    <Rotation>
      <X>2.17547917</X>
      <Y>-0.941719</Y>
      <Z>59.4376755</Z>
    </Rotation>
    <Handle>663810</Handle>
    <Bounds>
      <Vector3>
        <X>-2383.60938</X>
        <Y>-259.6176</Y>
        <Z>13.6526518</Z>
      </Vector3>
      <Vector3>
        <X>-2382.5708</X>
        <Y>-257.858917</Y>
        <Z>13.6862249</Z>
      </Vector3>
      <Vector3>
        <X>-2388.0127</X>
        <Y>-257.0211</Y>
        <Z>13.8468151</Z>
      </Vector3>
      <Vector3>
        <X>-2383.574</X>
        <Y>-259.666321</Y>
        <Z>15.1073036</Z>
      </Vector3>
      <Vector3>
        <X>-2386.974</X>
        <Y>-255.262375</Y>
        <Z>13.8803873</Z>
      </Vector3>
      <Vector3>
        <X>-2382.5354</X>
        <Y>-257.9076</Y>
        <Z>15.1408768</Z>
      </Vector3>
      <Vector3>
        <X>-2387.97729</X>
        <Y>-257.069763</Y>
        <Z>15.301466</Z>
      </Vector3>
      <Vector3>
        <X>-2386.93872</X>
        <Y>-255.311066</Y>
        <Z>15.3350391</Z>
      </Vector3>
    </Bounds>
    <CenterCamPosition>
      <X>0</X>
      <Y>0</Y>
    </CenterCamPosition>
    <ScreenBounds />
    <DistanceToCam>0</DistanceToCam>
    <Speed>7.279632</Speed>
    <AccInput>0</AccInput>
    <RPM>1.35798967</RPM>
    <Gear>0</Gear>
    <SteeringAngle>5.853084E-41</SteeringAngle>
    <WheelSpeed>0</WheelSpeed>
    <CarType>Sports</CarType>
  </MyCar>
  <Peds />
  <Time>132111</Time>
  <LastFrameTime>0.0472625531</LastFrameTime>
  <MyProperty>0</MyProperty>
  <Weather>Clear</Weather>
  <Steering>127</Steering>
  <Acc>174</Acc>
  <Brake>169</Brake>
  <DayTime>15:16:13</DayTime>
  <Position>
    <X>-2385.989</X>
    <Y>-257.061584</Y>
    <Z>15.43094</Z>
  </Position>
  <Rotation>
    <X>1.74986792</X>
    <Y>-0.5619638</Y>
    <Z>59.44128</Z>
  </Rotation>
</Screenshot>