<?xml version="1.0" encoding="utf-8"?>
<Screenshot xmlns:xsd="http://www.w3.org/2001/XMLSchema" xmlns:xsi="http://www.w3.org/2001/XMLSchema-instance">
  <Cars />
  <MyCar>
    <Position>
      <X>-2386.23682</X>
      <Y>-256.886</Y>
      <Z>14.5362339</Z>
    </Position>
    <Rotation>
      <X>1.49140692</X>
      <Y>0.201057687</Y>
      <Z>59.3438644</Z>
    </Rotation>
    <Handle>663810</Handle>
    <Bounds>
      <Vector3>
        <X>-2384.57568</X>
        <Y>-259.060974</Y>
        <Z>13.7455482</Z>
      </Vector3>
      <Vector3>
        <X>-2383.53418</X>
        <Y>-257.303741</Y>
        <Z>13.7383795</Z>
      </Vector3>
      <Vector3>
        <X>-2388.97461</X>
        <Y>-256.4531</Y>
        <Z>13.8786907</Z>
      </Vector3>
      <Vector3>
        <X>-2384.54053</X>
        <Y>-259.0759</Y>
        <Z>15.200943</Z>
      </Vector3>
      <Vector3>
        <X>-2387.933</X>
        <Y>-254.695862</Y>
        <Z>13.8715229</Z>
      </Vector3>
      <Vector3>
        <X>-2383.499</X>
        <Y>-257.318665</Y>
        <Z>15.1937752</Z>
      </Vector3>
      <Vector3>
        <X>-2388.93945</X>
        <Y>-256.468018</Y>
        <Z>15.3340864</Z>
      </Vector3>
      <Vector3>
        <X>-2387.898</X>
        <Y>-254.710785</Y>
        <Z>15.3269176</Z>
      </Vector3>
    </Bounds>
    <CenterCamPosition>
      <X>0</X>
      <Y>0</Y>
    </CenterCamPosition>
    <ScreenBounds />
    <DistanceToCam>0</DistanceToCam>
    <Speed>7.377723</Speed>
    <AccInput>0</AccInput>
    <RPM>1.35798967</RPM>
    <Gear>0</Gear>
    <SteeringAngle>5.853084E-41</SteeringAngle>
    <WheelSpeed>0</WheelSpeed>
    <CarType>Sports</CarType>
  </MyCar>
  <Peds />
  <Time>132264</Time>
  <LastFrameTime>0.0185325351</LastFrameTime>
  <MyProperty>0</MyProperty>
  <Weather>Clear</Weather>
  <Steering>127</Steering>
  <Acc>174</Acc>
  <Brake>169</Brake>
  <DayTime>15:16:13</DayTime>
  <Position>
    <X>-2387.13037</X>
    <Y>-256.355682</Y>
    <Z>15.4636707</Z>
  </Position>
  <Rotation>
    <X>1.02918077</X>
    <Y>0.6431896</Y>
    <Z>59.3760948</Z>
  </Rotation>
</Screenshot>