<?xml version="1.0" encoding="utf-8"?>
<Screenshot xmlns:xsd="http://www.w3.org/2001/XMLSchema" xmlns:xsi="http://www.w3.org/2001/XMLSchema-instance">
  <Cars />
  <MyCar>
    <Position>
      <X>-2386.12</X>
      <Y>-256.956726</Y>
      <Z>14.5319729</Z>
    </Position>
    <Rotation>
      <X>1.52911568</X>
      <Y>0.143293381</Y>
      <Z>59.3645439</Z>
    </Rotation>
    <Handle>663810</Handle>
    <Bounds>
      <Vector3>
        <X>-2384.45825</X>
        <Y>-259.130157</Y>
        <Z>13.7385845</Z>
      </Vector3>
      <Vector3>
        <X>-2383.41724</X>
        <Y>-257.372559</Y>
        <Z>13.7334757</Z>
      </Vector3>
      <Vector3>
        <X>-2388.85815</X>
        <Y>-256.524017</Y>
        <Z>13.8750935</Z>
      </Vector3>
      <Vector3>
        <X>-2384.42285</X>
        <Y>-259.14682</Y>
        <Z>15.1939592</Z>
      </Vector3>
      <Vector3>
        <X>-2387.81714</X>
        <Y>-254.766418</Y>
        <Z>13.8699846</Z>
      </Vector3>
      <Vector3>
        <X>-2383.382</X>
        <Y>-257.389221</Y>
        <Z>15.18885</Z>
      </Vector3>
      <Vector3>
        <X>-2388.82275</X>
        <Y>-256.54068</Y>
        <Z>15.3304682</Z>
      </Vector3>
      <Vector3>
        <X>-2387.782</X>
        <Y>-254.783081</Y>
        <Z>15.3253593</Z>
      </Vector3>
    </Bounds>
    <CenterCamPosition>
      <X>0</X>
      <Y>0</Y>
    </CenterCamPosition>
    <ScreenBounds />
    <DistanceToCam>0</DistanceToCam>
    <Speed>7.370429</Speed>
    <AccInput>0</AccInput>
    <RPM>1.35798967</RPM>
    <Gear>0</Gear>
    <SteeringAngle>5.853084E-41</SteeringAngle>
    <WheelSpeed>0</WheelSpeed>
    <CarType>Sports</CarType>
  </MyCar>
  <Peds />
  <Time>132246</Time>
  <LastFrameTime>0.0314706154</LastFrameTime>
  <MyProperty>0</MyProperty>
  <Weather>Clear</Weather>
  <Steering>127</Steering>
  <Acc>174</Acc>
  <Brake>169</Brake>
  <DayTime>15:16:13</DayTime>
  <Position>
    <X>-2386.93262</X>
    <Y>-256.479034</Y>
    <Z>15.4576139</Z>
  </Position>
  <Rotation>
    <X>1.11485529</X>
    <Y>0.491787046</Y>
    <Z>59.4052048</Z>
  </Rotation>
</Screenshot>