<?xml version="1.0" encoding="utf-8"?>
<Screenshot xmlns:xsd="http://www.w3.org/2001/XMLSchema" xmlns:xsi="http://www.w3.org/2001/XMLSchema-instance">
  <Cars />
  <MyCar>
    <Position>
      <X>-2386.452</X>
      <Y>-256.756042</Y>
      <Z>14.5437536</Z>
    </Position>
    <Rotation>
      <X>1.447157</X>
      <Y>0.242381409</Y>
      <Z>59.30349</Z>
    </Rotation>
    <Handle>663810</Handle>
    <Bounds>
      <Vector3>
        <X>-2384.792</X>
        <Y>-258.932983</Y>
        <Z>13.7557669</Z>
      </Vector3>
      <Vector3>
        <X>-2383.74927</X>
        <Y>-257.1765</Y>
        <Z>13.7471256</Z>
      </Vector3>
      <Vector3>
        <X>-2389.18921</X>
        <Y>-256.3219</Y>
        <Z>13.88496</Z>
      </Vector3>
      <Vector3>
        <X>-2384.75732</X>
        <Y>-258.946472</Y>
        <Z>15.2111864</Z>
      </Vector3>
      <Vector3>
        <X>-2388.14648</X>
        <Y>-254.5654</Y>
        <Z>13.8763189</Z>
      </Vector3>
      <Vector3>
        <X>-2383.7146</X>
        <Y>-257.189972</Y>
        <Z>15.2025452</Z>
      </Vector3>
      <Vector3>
        <X>-2389.15454</X>
        <Y>-256.335358</Y>
        <Z>15.34038</Z>
      </Vector3>
      <Vector3>
        <X>-2388.11157</X>
        <Y>-254.578873</Y>
        <Z>15.3317385</Z>
      </Vector3>
    </Bounds>
    <CenterCamPosition>
      <X>0</X>
      <Y>0</Y>
    </CenterCamPosition>
    <ScreenBounds />
    <DistanceToCam>0</DistanceToCam>
    <Speed>7.39145374</Speed>
    <AccInput>0</AccInput>
    <RPM>1.35798967</RPM>
    <Gear>0</Gear>
    <SteeringAngle>5.853084E-41</SteeringAngle>
    <WheelSpeed>0</WheelSpeed>
    <CarType>Sports</CarType>
  </MyCar>
  <Peds />
  <Time>132298</Time>
  <LastFrameTime>0.0340309255</LastFrameTime>
  <MyProperty>0</MyProperty>
  <Weather>Clear</Weather>
  <Steering>127</Steering>
  <Acc>174</Acc>
  <Brake>169</Brake>
  <DayTime>15:16:13</DayTime>
  <Position>
    <X>-2387.24683</X>
    <Y>-256.283478</Y>
    <Z>15.4671555</Z>
  </Position>
  <Rotation>
    <X>0.991481066</X>
    <Y>0.700952768</Y>
    <Z>59.3559952</Z>
  </Rotation>
</Screenshot>