<?xml version="1.0" encoding="utf-8"?>
<Screenshot xmlns:xsd="http://www.w3.org/2001/XMLSchema" xmlns:xsi="http://www.w3.org/2001/XMLSchema-instance">
  <Cars />
  <MyCar>
    <Position>
      <X>-2385.92188</X>
      <Y>-257.0767</Y>
      <Z>14.5241556</Z>
    </Position>
    <Rotation>
      <X>1.61481416</X>
      <Y>-0.008119868</Y>
      <Z>59.3956375</Z>
    </Rotation>
    <Handle>663810</Handle>
    <Bounds>
      <Vector3>
        <X>-2384.25879</X>
        <Y>-259.246826</Y>
        <Z>13.7242718</Z>
      </Vector3>
      <Vector3>
        <X>-2383.21875</X>
        <Y>-257.488617</Y>
        <Z>13.7245617</Z>
      </Vector3>
      <Vector3>
        <X>-2388.66016</X>
        <Y>-256.643463</Y>
        <Z>13.86843</Z>
      </Vector3>
      <Vector3>
        <X>-2384.22363</X>
        <Y>-259.267883</Y>
        <Z>15.1795912</Z>
      </Vector3>
      <Vector3>
        <X>-2387.62</X>
        <Y>-254.8853</Y>
        <Z>13.8687191</Z>
      </Vector3>
      <Vector3>
        <X>-2383.18359</X>
        <Y>-257.5097</Y>
        <Z>15.17988</Z>
      </Vector3>
      <Vector3>
        <X>-2388.62476</X>
        <Y>-256.664551</Y>
        <Z>15.3237486</Z>
      </Vector3>
      <Vector3>
        <X>-2387.585</X>
        <Y>-254.906357</Y>
        <Z>15.3240385</Z>
      </Vector3>
    </Bounds>
    <CenterCamPosition>
      <X>0</X>
      <Y>0</Y>
    </CenterCamPosition>
    <ScreenBounds />
    <DistanceToCam>0</DistanceToCam>
    <Speed>7.35707045</Speed>
    <AccInput>0</AccInput>
    <RPM>1.35798967</RPM>
    <Gear>0</Gear>
    <SteeringAngle>5.853084E-41</SteeringAngle>
    <WheelSpeed>0</WheelSpeed>
    <CarType>Sports</CarType>
  </MyCar>
  <Peds />
  <Time>132214</Time>
  <LastFrameTime>0.0334103219</LastFrameTime>
  <MyProperty>0</MyProperty>
  <Weather>Clear</Weather>
  <Steering>127</Steering>
  <Acc>174</Acc>
  <Brake>169</Brake>
  <DayTime>15:16:13</DayTime>
  <Position>
    <X>-2386.723</X>
    <Y>-256.611145</Y>
    <Z>15.4512529</Z>
  </Position>
  <Rotation>
    <X>1.25375891</X>
    <Y>0.229019061</Y>
    <Z>59.4254227</Z>
  </Rotation>
</Screenshot>