<?xml version="1.0" encoding="utf-8"?>
<Screenshot xmlns:xsd="http://www.w3.org/2001/XMLSchema" xmlns:xsi="http://www.w3.org/2001/XMLSchema-instance">
  <Cars />
  <MyCar>
    <Position>
      <X>-2386.86865</X>
      <Y>-256.505432</Y>
      <Z>14.5561132</Z>
    </Position>
    <Rotation>
      <X>1.39026177</X>
      <Y>0.245304659</Y>
      <Z>59.2279625</Z>
    </Rotation>
    <Handle>663810</Handle>
    <Bounds>
      <Vector3>
        <X>-2385.211</X>
        <Y>-258.685</Y>
        <Z>13.7706995</Z>
      </Vector3>
      <Vector3>
        <X>-2384.166</X>
        <Y>-256.9299</Y>
        <Z>13.7619543</Z>
      </Vector3>
      <Vector3>
        <X>-2389.60474</X>
        <Y>-256.068054</Y>
        <Z>13.8948145</Z>
      </Vector3>
      <Vector3>
        <X>-2385.17749</X>
        <Y>-258.697723</Y>
        <Z>15.2261553</Z>
      </Vector3>
      <Vector3>
        <X>-2388.55981</X>
        <Y>-254.312943</Y>
        <Z>13.8860693</Z>
      </Vector3>
      <Vector3>
        <X>-2384.13232</X>
        <Y>-256.9426</Y>
        <Z>15.21741</Z>
      </Vector3>
      <Vector3>
        <X>-2389.57129</X>
        <Y>-256.08078</Y>
        <Z>15.35027</Z>
      </Vector3>
      <Vector3>
        <X>-2388.52612</X>
        <Y>-254.325653</Y>
        <Z>15.3415241</Z>
      </Vector3>
    </Bounds>
    <CenterCamPosition>
      <X>0</X>
      <Y>0</Y>
    </CenterCamPosition>
    <ScreenBounds />
    <DistanceToCam>0</DistanceToCam>
    <Speed>7.412837</Speed>
    <AccInput>0</AccInput>
    <RPM>1.35798967</RPM>
    <Gear>0</Gear>
    <SteeringAngle>5.853084E-41</SteeringAngle>
    <WheelSpeed>0</WheelSpeed>
    <CarType>Sports</CarType>
  </MyCar>
  <Peds />
  <Time>132364</Time>
  <LastFrameTime>0.0190439131</LastFrameTime>
  <MyProperty>0</MyProperty>
  <Weather>Clear</Weather>
  <Steering>127</Steering>
  <Acc>174</Acc>
  <Brake>169</Brake>
  <DayTime>15:16:13</DayTime>
  <Position>
    <X>-2387.75757</X>
    <Y>-255.972427</Y>
    <Z>15.481679</Z>
  </Position>
  <Rotation>
    <X>0.8971713</X>
    <Y>0.748333156</Y>
    <Z>59.2605133</Z>
  </Rotation>
</Screenshot>