<?xml version="1.0" encoding="utf-8"?>
<Screenshot xmlns:xsd="http://www.w3.org/2001/XMLSchema" xmlns:xsi="http://www.w3.org/2001/XMLSchema-instance">
  <Cars />
  <MyCar>
    <Position>
      <X>-2386.74756</X>
      <Y>-256.578064</Y>
      <Z>14.5526981</Z>
    </Position>
    <Rotation>
      <X>1.39709473</X>
      <Y>0.248424858</Y>
      <Z>59.2488022</Z>
    </Rotation>
    <Handle>663810</Handle>
    <Bounds>
      <Vector3>
        <X>-2385.089</X>
        <Y>-258.757019</Y>
        <Z>13.7670374</Z>
      </Vector3>
      <Vector3>
        <X>-2384.04468</X>
        <Y>-257.001526</Y>
        <Z>13.7581806</Z>
      </Vector3>
      <Vector3>
        <X>-2389.484</X>
        <Y>-256.141663</Y>
        <Z>13.8917627</Z>
      </Vector3>
      <Vector3>
        <X>-2385.05542</X>
        <Y>-258.769745</Y>
        <Z>15.2224884</Z>
      </Vector3>
      <Vector3>
        <X>-2388.43945</X>
        <Y>-254.386169</Y>
        <Z>13.882906</Z>
      </Vector3>
      <Vector3>
        <X>-2384.011</X>
        <Y>-257.014252</Y>
        <Z>15.2136316</Z>
      </Vector3>
      <Vector3>
        <X>-2389.4502</X>
        <Y>-256.1544</Y>
        <Z>15.3472137</Z>
      </Vector3>
      <Vector3>
        <X>-2388.40576</X>
        <Y>-254.3989</Y>
        <Z>15.338356</Z>
      </Vector3>
    </Bounds>
    <CenterCamPosition>
      <X>0</X>
      <Y>0</Y>
    </CenterCamPosition>
    <ScreenBounds />
    <DistanceToCam>0</DistanceToCam>
    <Speed>7.406913</Speed>
    <AccInput>0</AccInput>
    <RPM>1.35798967</RPM>
    <Gear>0</Gear>
    <SteeringAngle>5.853084E-41</SteeringAngle>
    <WheelSpeed>0</WheelSpeed>
    <CarType>Sports</CarType>
  </MyCar>
  <Peds />
  <Time>132345</Time>
  <LastFrameTime>0.0466394648</LastFrameTime>
  <MyProperty>0</MyProperty>
  <Weather>Clear</Weather>
  <Steering>127</Steering>
  <Acc>174</Acc>
  <Brake>169</Brake>
  <DayTime>15:16:13</DayTime>
  <Position>
    <X>-2387.462</X>
    <Y>-256.151855</Y>
    <Z>15.4737644</Z>
  </Position>
  <Rotation>
    <X>0.947236538</X>
    <Y>0.7422799</Y>
    <Z>59.3157578</Z>
  </Rotation>
</Screenshot>