<?xml version="1.0" encoding="utf-8"?>
<Screenshot xmlns:xsd="http://www.w3.org/2001/XMLSchema" xmlns:xsi="http://www.w3.org/2001/XMLSchema-instance">
  <Cars />
  <MyCar>
    <Position>
      <X>-2387.17236</X>
      <Y>-256.323547</Y>
      <Z>14.56429</Z>
    </Position>
    <Rotation>
      <X>1.386312</X>
      <Y>0.2165192</Y>
      <Z>59.1846848</Z>
    </Rotation>
    <Handle>663810</Handle>
    <Bounds>
      <Vector3>
        <X>-2385.516</X>
        <Y>-258.504059</Y>
        <Z>13.7785368</Z>
      </Vector3>
      <Vector3>
        <X>-2384.46973</X>
        <Y>-256.749725</Y>
        <Z>13.7708178</Z>
      </Vector3>
      <Vector3>
        <X>-2389.908</X>
        <Y>-255.883835</Y>
        <Z>13.9023</Z>
      </Vector3>
      <Vector3>
        <X>-2385.48315</X>
        <Y>-258.517365</Y>
        <Z>15.2339983</Z>
      </Vector3>
      <Vector3>
        <X>-2388.86157</X>
        <Y>-254.129517</Y>
        <Z>13.89458</Z>
      </Vector3>
      <Vector3>
        <X>-2384.43652</X>
        <Y>-256.763062</Y>
        <Z>15.2262783</Z>
      </Vector3>
      <Vector3>
        <X>-2389.875</X>
        <Y>-255.897156</Y>
        <Z>15.35776</Z>
      </Vector3>
      <Vector3>
        <X>-2388.82837</X>
        <Y>-254.142838</Y>
        <Z>15.3500414</Z>
      </Vector3>
    </Bounds>
    <CenterCamPosition>
      <X>0</X>
      <Y>0</Y>
    </CenterCamPosition>
    <ScreenBounds />
    <DistanceToCam>0</DistanceToCam>
    <Speed>7.425322</Speed>
    <AccInput>0</AccInput>
    <RPM>1.35798967</RPM>
    <Gear>0</Gear>
    <SteeringAngle>5.853084E-41</SteeringAngle>
    <WheelSpeed>0</WheelSpeed>
    <CarType>Sports</CarType>
  </MyCar>
  <Peds />
  <Time>132412</Time>
  <LastFrameTime>0.04770598</LastFrameTime>
  <MyProperty>0</MyProperty>
  <Weather>Clear</Weather>
  <Steering>127</Steering>
  <Acc>174</Acc>
  <Brake>169</Brake>
  <DayTime>15:16:13</DayTime>
  <Position>
    <X>-2387.87866</X>
    <Y>-255.899414</Y>
    <Z>15.4849539</Z>
  </Position>
  <Rotation>
    <X>0.890337</X>
    <Y>0.7452147</Y>
    <Z>59.23954</Z>
  </Rotation>
</Screenshot>