<?xml version="1.0" encoding="utf-8"?>
<Screenshot xmlns:xsd="http://www.w3.org/2001/XMLSchema" xmlns:xsi="http://www.w3.org/2001/XMLSchema-instance">
  <Cars />
  <MyCar>
    <Position>
      <X>-2387.59814</X>
      <Y>-256.070038</Y>
      <Z>14.5756855</Z>
    </Position>
    <Rotation>
      <X>1.38984358</X>
      <Y>0.2024769</Y>
      <Z>59.1727753</Z>
    </Rotation>
    <Handle>663810</Handle>
    <Bounds>
      <Vector3>
        <X>-2385.94238</X>
        <Y>-258.2507</Y>
        <Z>13.789525</Z>
      </Vector3>
      <Vector3>
        <X>-2384.89551</X>
        <Y>-256.496582</Y>
        <Z>13.7823067</Z>
      </Vector3>
      <Vector3>
        <X>-2390.33374</X>
        <Y>-255.6296</Y>
        <Z>13.9136028</Z>
      </Vector3>
      <Vector3>
        <X>-2385.90942</X>
        <Y>-258.264374</Y>
        <Z>15.2449846</Z>
      </Vector3>
      <Vector3>
        <X>-2389.28687</X>
        <Y>-253.875488</Y>
        <Z>13.9063845</Z>
      </Vector3>
      <Vector3>
        <X>-2384.86255</X>
        <Y>-256.510254</Y>
        <Z>15.2377663</Z>
      </Vector3>
      <Vector3>
        <X>-2390.30078</X>
        <Y>-255.64328</Y>
        <Z>15.3690634</Z>
      </Vector3>
      <Vector3>
        <X>-2389.254</X>
        <Y>-253.88916</Y>
        <Z>15.3618441</Z>
      </Vector3>
    </Bounds>
    <CenterCamPosition>
      <X>0</X>
      <Y>0</Y>
    </CenterCamPosition>
    <ScreenBounds />
    <DistanceToCam>0</DistanceToCam>
    <Speed>7.438368</Speed>
    <AccInput>0</AccInput>
    <RPM>1.35798967</RPM>
    <Gear>0</Gear>
    <SteeringAngle>5.853084E-41</SteeringAngle>
    <WheelSpeed>0</WheelSpeed>
    <CarType>Sports</CarType>
  </MyCar>
  <Peds />
  <Time>132478</Time>
  <LastFrameTime>0.06666667</LastFrameTime>
  <MyProperty>0</MyProperty>
  <Weather>Clear</Weather>
  <Steering>124</Steering>
  <Acc>174</Acc>
  <Brake>169</Brake>
  <DayTime>15:16:13</DayTime>
  <Position>
    <X>-2388.18213</X>
    <Y>-255.717148</Y>
    <Z>15.4930515</Z>
  </Position>
  <Rotation>
    <X>0.886381269</X>
    <Y>0.7164335</Y>
    <Z>59.1957626</Z>
  </Rotation>
</Screenshot>