<?xml version="1.0" encoding="utf-8"?>
<Screenshot xmlns:xsd="http://www.w3.org/2001/XMLSchema" xmlns:xsi="http://www.w3.org/2001/XMLSchema-instance">
  <Cars />
  <MyCar>
    <Position>
      <X>-2388.26367</X>
      <Y>-255.676147</Y>
      <Z>14.5937519</Z>
    </Position>
    <Rotation>
      <X>1.381137</X>
      <Y>0.185282856</Y>
      <Z>59.2403374</Z>
    </Rotation>
    <Handle>663810</Handle>
    <Bounds>
      <Vector3>
        <X>-2386.605</X>
        <Y>-257.8547</Y>
        <Z>13.80767</Z>
      </Vector3>
      <Vector3>
        <X>-2385.5603</X>
        <Y>-256.099365</Y>
        <Z>13.8010645</Z>
      </Vector3>
      <Vector3>
        <X>-2390.99951</X>
        <Y>-255.238815</Y>
        <Z>13.9309711</Z>
      </Vector3>
      <Vector3>
        <X>-2386.57251</X>
        <Y>-257.868622</Y>
        <Z>15.2631369</Z>
      </Vector3>
      <Vector3>
        <X>-2389.95483</X>
        <Y>-253.483475</Y>
        <Z>13.924365</Z>
      </Vector3>
      <Vector3>
        <X>-2385.52783</X>
        <Y>-256.113281</Y>
        <Z>15.2565308</Z>
      </Vector3>
      <Vector3>
        <X>-2390.9668</X>
        <Y>-255.252716</Y>
        <Z>15.3864374</Z>
      </Vector3>
      <Vector3>
        <X>-2389.922</X>
        <Y>-253.497375</Y>
        <Z>15.3798323</Z>
      </Vector3>
    </Bounds>
    <CenterCamPosition>
      <X>0</X>
      <Y>0</Y>
    </CenterCamPosition>
    <ScreenBounds />
    <DistanceToCam>0</DistanceToCam>
    <Speed>7.45087147</Speed>
    <AccInput>0</AccInput>
    <RPM>1.35798967</RPM>
    <Gear>0</Gear>
    <SteeringAngle>5.853084E-41</SteeringAngle>
    <WheelSpeed>0</WheelSpeed>
    <CarType>Sports</CarType>
  </MyCar>
  <Peds />
  <Time>132582</Time>
  <LastFrameTime>0.0301453117</LastFrameTime>
  <MyProperty>0</MyProperty>
  <Weather>Clear</Weather>
  <Steering>124</Steering>
  <Acc>174</Acc>
  <Brake>169</Brake>
  <DayTime>15:16:13</DayTime>
  <Position>
    <X>-2389.08057</X>
    <Y>-255.184647</Y>
    <Z>15.5172386</Z>
  </Position>
  <Rotation>
    <X>0.8846091</X>
    <Y>0.690186262</Y>
    <Z>59.22182</Z>
  </Rotation>
</Screenshot>