<?xml version="1.0" encoding="utf-8"?>
<Screenshot xmlns:xsd="http://www.w3.org/2001/XMLSchema" xmlns:xsi="http://www.w3.org/2001/XMLSchema-instance">
  <Cars />
  <MyCar>
    <Position>
      <X>-2387.874</X>
      <Y>-255.9064</Y>
      <Z>14.583189</Z>
    </Position>
    <Rotation>
      <X>1.38693571</X>
      <Y>0.194611356</Y>
      <Z>59.1894455</Z>
    </Rotation>
    <Handle>663810</Handle>
    <Bounds>
      <Vector3>
        <X>-2386.21753</X>
        <Y>-258.086517</Y>
        <Z>13.7970171</Z>
      </Vector3>
      <Vector3>
        <X>-2385.17114</X>
        <Y>-256.3321</Y>
        <Z>13.7900782</Z>
      </Vector3>
      <Vector3>
        <X>-2390.60962</X>
        <Y>-255.4667</Y>
        <Z>13.9208355</Z>
      </Vector3>
      <Vector3>
        <X>-2386.18457</X>
        <Y>-258.1003</Y>
        <Z>15.25248</Z>
      </Vector3>
      <Vector3>
        <X>-2389.56323</X>
        <Y>-253.71228</Y>
        <Z>13.9138966</Z>
      </Vector3>
      <Vector3>
        <X>-2385.13843</X>
        <Y>-256.3459</Y>
        <Z>15.2455406</Z>
      </Vector3>
      <Vector3>
        <X>-2390.57666</X>
        <Y>-255.4805</Y>
        <Z>15.376298</Z>
      </Vector3>
      <Vector3>
        <X>-2389.53052</X>
        <Y>-253.726089</Y>
        <Z>15.369359</Z>
      </Vector3>
    </Bounds>
    <CenterCamPosition>
      <X>0</X>
      <Y>0</Y>
    </CenterCamPosition>
    <ScreenBounds />
    <DistanceToCam>0</DistanceToCam>
    <Speed>7.44452953</Speed>
    <AccInput>0</AccInput>
    <RPM>1.35798967</RPM>
    <Gear>0</Gear>
    <SteeringAngle>5.853084E-41</SteeringAngle>
    <WheelSpeed>0</WheelSpeed>
    <CarType>Sports</CarType>
  </MyCar>
  <Peds />
  <Time>132521</Time>
  <LastFrameTime>0.0431187674</LastFrameTime>
  <MyProperty>0</MyProperty>
  <Weather>Clear</Weather>
  <Steering>124</Steering>
  <Acc>174</Acc>
  <Brake>169</Brake>
  <DayTime>15:16:13</DayTime>
  <Position>
    <X>-2388.608</X>
    <Y>-255.463638</Y>
    <Z>15.50452</Z>
  </Position>
  <Rotation>
    <X>0.88991046</X>
    <Y>0.7023922</Y>
    <Z>59.18369</Z>
  </Rotation>
</Screenshot>