<?xml version="1.0" encoding="utf-8"?>
<Screenshot xmlns:xsd="http://www.w3.org/2001/XMLSchema" xmlns:xsi="http://www.w3.org/2001/XMLSchema-instance">
  <Cars />
  <MyCar>
    <Position>
      <X>-2388.07031</X>
      <Y>-255.790237</Y>
      <Z>14.5885115</Z>
    </Position>
    <Rotation>
      <X>1.38454485</X>
      <Y>0.190268517</Y>
      <Z>59.2111664</Z>
    </Rotation>
    <Handle>663810</Handle>
    <Bounds>
      <Vector3>
        <X>-2386.41284</X>
        <Y>-257.969666</Y>
        <Z>13.8023672</Z>
      </Vector3>
      <Vector3>
        <X>-2385.36719</X>
        <Y>-256.214844</Y>
        <Z>13.7955837</Z>
      </Vector3>
      <Vector3>
        <X>-2390.806</X>
        <Y>-255.351532</Y>
        <Z>13.9259729</Z>
      </Vector3>
      <Vector3>
        <X>-2386.38013</X>
        <Y>-257.983521</Y>
        <Z>15.2578316</Z>
      </Vector3>
      <Vector3>
        <X>-2389.76025</X>
        <Y>-253.59671</Y>
        <Z>13.9191895</Z>
      </Vector3>
      <Vector3>
        <X>-2385.33447</X>
        <Y>-256.2287</Y>
        <Z>15.2510481</Z>
      </Vector3>
      <Vector3>
        <X>-2390.77319</X>
        <Y>-255.365387</Y>
        <Z>15.3814373</Z>
      </Vector3>
      <Vector3>
        <X>-2389.72754</X>
        <Y>-253.610565</Y>
        <Z>15.3746538</Z>
      </Vector3>
    </Bounds>
    <CenterCamPosition>
      <X>0</X>
      <Y>0</Y>
    </CenterCamPosition>
    <ScreenBounds />
    <DistanceToCam>0</DistanceToCam>
    <Speed>7.44800043</Speed>
    <AccInput>0</AccInput>
    <RPM>1.35798967</RPM>
    <Gear>0</Gear>
    <SteeringAngle>5.853084E-41</SteeringAngle>
    <WheelSpeed>0</WheelSpeed>
    <CarType>Sports</CarType>
  </MyCar>
  <Peds />
  <Time>132552</Time>
  <LastFrameTime>0.03065483</LastFrameTime>
  <MyProperty>0</MyProperty>
  <Weather>Clear</Weather>
  <Steering>124</Steering>
  <Acc>174</Acc>
  <Brake>169</Brake>
  <DayTime>15:16:13</DayTime>
  <Position>
    <X>-2388.884</X>
    <Y>-255.300385</Y>
    <Z>15.5119648</Z>
  </Position>
  <Rotation>
    <X>0.887000859</X>
    <Y>0.6945281</Y>
    <Z>59.2001953</Z>
  </Rotation>
</Screenshot>