<?xml version="1.0" encoding="utf-8"?>
<Screenshot xmlns:xsd="http://www.w3.org/2001/XMLSchema" xmlns:xsi="http://www.w3.org/2001/XMLSchema-instance">
  <Cars />
  <MyCar>
    <Position>
      <X>-2388.57446</X>
      <Y>-255.493484</Y>
      <Z>14.6021652</Z>
    </Position>
    <Rotation>
      <X>1.3772049</X>
      <Y>0.175606832</Y>
      <Z>59.3026352</Z>
    </Rotation>
    <Handle>663810</Handle>
    <Bounds>
      <Vector3>
        <X>-2386.91333</X>
        <Y>-257.670135</Y>
        <Z>13.8160849</Z>
      </Vector3>
      <Vector3>
        <X>-2385.87061</X>
        <Y>-255.913666</Y>
        <Z>13.809824</Z>
      </Vector3>
      <Vector3>
        <X>-2391.31055</X>
        <Y>-255.059036</Y>
        <Z>13.9390345</Z>
      </Vector3>
      <Vector3>
        <X>-2386.88086</X>
        <Y>-257.684174</Y>
        <Z>15.2715549</Z>
      </Vector3>
      <Vector3>
        <X>-2390.26782</X>
        <Y>-253.302567</Y>
        <Z>13.9327736</Z>
      </Vector3>
      <Vector3>
        <X>-2385.83813</X>
        <Y>-255.927689</Y>
        <Z>15.2652941</Z>
      </Vector3>
      <Vector3>
        <X>-2391.27832</X>
        <Y>-255.073074</Y>
        <Z>15.3945045</Z>
      </Vector3>
      <Vector3>
        <X>-2390.23535</X>
        <Y>-253.316589</Y>
        <Z>15.3882437</Z>
      </Vector3>
    </Bounds>
    <CenterCamPosition>
      <X>0</X>
      <Y>0</Y>
    </CenterCamPosition>
    <ScreenBounds />
    <DistanceToCam>0</DistanceToCam>
    <Speed>7.45459747</Speed>
    <AccInput>0</AccInput>
    <RPM>1.35798967</RPM>
    <Gear>0</Gear>
    <SteeringAngle>5.853084E-41</SteeringAngle>
    <WheelSpeed>0</WheelSpeed>
    <CarType>Sports</CarType>
  </MyCar>
  <Peds />
  <Time>132630</Time>
  <LastFrameTime>0.0483666137</LastFrameTime>
  <MyProperty>0</MyProperty>
  <Weather>Clear</Weather>
  <Steering>124</Steering>
  <Acc>174</Acc>
  <Brake>169</Brake>
  <DayTime>15:16:13</DayTime>
  <Position>
    <X>-2389.27441</X>
    <Y>-255.071121</Y>
    <Z>15.5224094</Z>
  </Position>
  <Rotation>
    <X>0.881200135</X>
    <Y>0.6852019</Y>
    <Z>59.25087</Z>
  </Rotation>
</Screenshot>