<?xml version="1.0" encoding="utf-8"?>
<Screenshot xmlns:xsd="http://www.w3.org/2001/XMLSchema" xmlns:xsi="http://www.w3.org/2001/XMLSchema-instance">
  <Cars />
  <MyCar>
    <Position>
      <X>-2388.746</X>
      <Y>-255.3928</Y>
      <Z>14.606823</Z>
    </Position>
    <Rotation>
      <X>1.37515891</X>
      <Y>0.171736225</Y>
      <Z>59.3421822</Z>
    </Rotation>
    <Handle>663810</Handle>
    <Bounds>
      <Vector3>
        <X>-2387.0835</X>
        <Y>-257.5683</Y>
        <Z>13.8207636</Z>
      </Vector3>
      <Vector3>
        <X>-2386.04175</X>
        <Y>-255.811081</Y>
        <Z>13.814641</Z>
      </Vector3>
      <Vector3>
        <X>-2391.48242</X>
        <Y>-254.96022</Y>
        <Z>13.943531</Z>
      </Vector3>
      <Vector3>
        <X>-2387.051</X>
        <Y>-257.582336</Y>
        <Z>15.2762356</Z>
      </Vector3>
      <Vector3>
        <X>-2390.441</X>
        <Y>-253.203018</Y>
        <Z>13.9374084</Z>
      </Vector3>
      <Vector3>
        <X>-2386.00952</X>
        <Y>-255.82515</Y>
        <Z>15.270113</Z>
      </Vector3>
      <Vector3>
        <X>-2391.4502</X>
        <Y>-254.974289</Y>
        <Z>15.399003</Z>
      </Vector3>
      <Vector3>
        <X>-2390.40869</X>
        <Y>-253.217087</Y>
        <Z>15.39288</Z>
      </Vector3>
    </Bounds>
    <CenterCamPosition>
      <X>0</X>
      <Y>0</Y>
    </CenterCamPosition>
    <ScreenBounds />
    <DistanceToCam>0</DistanceToCam>
    <Speed>7.456223</Speed>
    <AccInput>0</AccInput>
    <RPM>1.35798967</RPM>
    <Gear>0</Gear>
    <SteeringAngle>5.853084E-41</SteeringAngle>
    <WheelSpeed>0</WheelSpeed>
    <CarType>Sports</CarType>
  </MyCar>
  <Peds />
  <Time>132657</Time>
  <LastFrameTime>0.0266959853</LastFrameTime>
  <MyProperty>0</MyProperty>
  <Weather>Clear</Weather>
  <Steering>124</Steering>
  <Acc>174</Acc>
  <Brake>169</Brake>
  <DayTime>15:16:13</DayTime>
  <Position>
    <X>-2389.586</X>
    <Y>-254.889648</Y>
    <Z>15.5307426</Z>
  </Position>
  <Rotation>
    <X>0.87726593</X>
    <Y>0.675527632</Y>
    <Z>59.3129768</Z>
  </Rotation>
</Screenshot>