<?xml version="1.0" encoding="utf-8"?>
<Screenshot xmlns:xsd="http://www.w3.org/2001/XMLSchema" xmlns:xsi="http://www.w3.org/2001/XMLSchema-instance">
  <Cars />
  <MyCar>
    <Position>
      <X>-2388.92383</X>
      <Y>-255.288681</Y>
      <Z>14.6117973</Z>
    </Position>
    <Rotation>
      <X>1.36508393</X>
      <Y>0.154186949</Y>
      <Z>59.3849869</Z>
    </Rotation>
    <Handle>663810</Handle>
    <Bounds>
      <Vector3>
        <X>-2387.25928</X>
        <Y>-257.462769</Y>
        <Z>13.8258715</Z>
      </Vector3>
      <Vector3>
        <X>-2386.219</X>
        <Y>-255.7048</Y>
        <Z>13.8203745</Z>
      </Vector3>
      <Vector3>
        <X>-2391.6604</X>
        <Y>-254.858032</Y>
        <Z>13.94774</Z>
      </Vector3>
      <Vector3>
        <X>-2387.22754</X>
        <Y>-257.477081</Y>
        <Z>15.28135</Z>
      </Vector3>
      <Vector3>
        <X>-2390.62</X>
        <Y>-253.100052</Y>
        <Z>13.9422426</Z>
      </Vector3>
      <Vector3>
        <X>-2386.18726</X>
        <Y>-255.719086</Y>
        <Z>15.2758532</Z>
      </Vector3>
      <Vector3>
        <X>-2391.62866</X>
        <Y>-254.87233</Y>
        <Z>15.4032183</Z>
      </Vector3>
      <Vector3>
        <X>-2390.58813</X>
        <Y>-253.114349</Y>
        <Z>15.3977213</Z>
      </Vector3>
    </Bounds>
    <CenterCamPosition>
      <X>0</X>
      <Y>0</Y>
    </CenterCamPosition>
    <ScreenBounds />
    <DistanceToCam>0</DistanceToCam>
    <Speed>7.457653</Speed>
    <AccInput>0</AccInput>
    <RPM>1.35798967</RPM>
    <Gear>0</Gear>
    <SteeringAngle>5.853084E-41</SteeringAngle>
    <WheelSpeed>0</WheelSpeed>
    <CarType>Sports</CarType>
  </MyCar>
  <Peds />
  <Time>132685</Time>
  <LastFrameTime>0.0276517179</LastFrameTime>
  <MyProperty>0</MyProperty>
  <Weather>Clear</Weather>
  <Steering>126</Steering>
  <Acc>174</Acc>
  <Brake>169</Brake>
  <DayTime>15:16:13</DayTime>
  <Position>
    <X>-2389.758</X>
    <Y>-254.7897</Y>
    <Z>15.5353584</Z>
  </Position>
  <Rotation>
    <X>0.875219047</X>
    <Y>0.67165786</Y>
    <Z>59.3524437</Z>
  </Rotation>
</Screenshot>