<?xml version="1.0" encoding="utf-8"?>
<Screenshot xmlns:xsd="http://www.w3.org/2001/XMLSchema" xmlns:xsi="http://www.w3.org/2001/XMLSchema-instance">
  <Cars />
  <MyCar>
    <Position>
      <X>-2389.44531</X>
      <Y>-254.983871</Y>
      <Z>14.6259985</Z>
    </Position>
    <Rotation>
      <X>1.35073924</X>
      <Y>0.119188435</Y>
      <Z>59.5024261</Z>
    </Rotation>
    <Handle>663810</Handle>
    <Bounds>
      <Vector3>
        <X>-2387.776</X>
        <Y>-257.154236</Y>
        <Z>13.8400831</Z>
      </Vector3>
      <Vector3>
        <X>-2386.73926</X>
        <Y>-255.394135</Y>
        <Z>13.8358345</Z>
      </Vector3>
      <Vector3>
        <X>-2392.18237</X>
        <Y>-254.558563</Y>
        <Z>13.9606714</Z>
      </Vector3>
      <Vector3>
        <X>-2387.74487</X>
        <Y>-257.169037</Y>
        <Z>15.2955732</Z>
      </Vector3>
      <Vector3>
        <X>-2391.14575</X>
        <Y>-252.798462</Y>
        <Z>13.9564228</Z>
      </Vector3>
      <Vector3>
        <X>-2386.708</X>
        <Y>-255.408936</Y>
        <Z>15.2913237</Z>
      </Vector3>
      <Vector3>
        <X>-2392.15137</X>
        <Y>-254.57338</Y>
        <Z>15.4161615</Z>
      </Vector3>
      <Vector3>
        <X>-2391.1145</X>
        <Y>-252.813263</Y>
        <Z>15.411912</Z>
      </Vector3>
    </Bounds>
    <CenterCamPosition>
      <X>0</X>
      <Y>0</Y>
    </CenterCamPosition>
    <ScreenBounds />
    <DistanceToCam>0</DistanceToCam>
    <Speed>7.46070957</Speed>
    <AccInput>0</AccInput>
    <RPM>1.35798967</RPM>
    <Gear>0</Gear>
    <SteeringAngle>5.853084E-41</SteeringAngle>
    <WheelSpeed>0</WheelSpeed>
    <CarType>Sports</CarType>
  </MyCar>
  <Peds />
  <Time>132766</Time>
  <LastFrameTime>0.0345938168</LastFrameTime>
  <MyProperty>0</MyProperty>
  <Weather>Clear</Weather>
  <Steering>127</Steering>
  <Acc>174</Acc>
  <Brake>169</Brake>
  <DayTime>15:16:13</DayTime>
  <Position>
    <X>-2390.23657</X>
    <Y>-254.513367</Y>
    <Z>15.5480719</Z>
  </Position>
  <Rotation>
    <X>0.8541027</X>
    <Y>0.6251357</Y>
    <Z>59.46385</Z>
  </Rotation>
</Screenshot>