<?xml version="1.0" encoding="utf-8"?>
<Screenshot xmlns:xsd="http://www.w3.org/2001/XMLSchema" xmlns:xsi="http://www.w3.org/2001/XMLSchema-instance">
  <Cars />
  <MyCar>
    <Position>
      <X>-2389.22266</X>
      <Y>-255.114</Y>
      <Z>14.6199684</Z>
    </Position>
    <Rotation>
      <X>1.35405183</X>
      <Y>0.125205263</Y>
      <Z>59.4545326</Z>
    </Rotation>
    <Handle>663810</Handle>
    <Bounds>
      <Vector3>
        <X>-2387.55518</X>
        <Y>-257.2858</Y>
        <Z>13.8340139</Z>
      </Vector3>
      <Vector3>
        <X>-2386.517</X>
        <Y>-255.526566</Y>
        <Z>13.82955</Z>
      </Vector3>
      <Vector3>
        <X>-2391.95947</X>
        <Y>-254.686447</Y>
        <Z>13.9548979</Z>
      </Vector3>
      <Vector3>
        <X>-2387.524</X>
        <Y>-257.300568</Y>
        <Z>15.2895012</Z>
      </Vector3>
      <Vector3>
        <X>-2390.92139</X>
        <Y>-252.9272</Y>
        <Z>13.9504337</Z>
      </Vector3>
      <Vector3>
        <X>-2386.48584</X>
        <Y>-255.5413</Y>
        <Z>15.285038</Z>
      </Vector3>
      <Vector3>
        <X>-2391.92822</X>
        <Y>-254.701187</Y>
        <Z>15.4103851</Z>
      </Vector3>
      <Vector3>
        <X>-2390.89014</X>
        <Y>-252.941956</Y>
        <Z>15.405921</Z>
      </Vector3>
    </Bounds>
    <CenterCamPosition>
      <X>0</X>
      <Y>0</Y>
    </CenterCamPosition>
    <ScreenBounds />
    <DistanceToCam>0</DistanceToCam>
    <Speed>7.45944071</Speed>
    <AccInput>0</AccInput>
    <RPM>1.35798967</RPM>
    <Gear>0</Gear>
    <SteeringAngle>5.853084E-41</SteeringAngle>
    <WheelSpeed>0</WheelSpeed>
    <CarType>Sports</CarType>
  </MyCar>
  <Peds />
  <Time>132731</Time>
  <LastFrameTime>0.0464418046</LastFrameTime>
  <MyProperty>0</MyProperty>
  <Weather>Clear</Weather>
  <Steering>127</Steering>
  <Acc>174</Acc>
  <Brake>169</Brake>
  <DayTime>15:16:13</DayTime>
  <Position>
    <X>-2389.93652</X>
    <Y>-254.686508</Y>
    <Z>15.5401258</Z>
  </Position>
  <Rotation>
    <X>0.86514014</X>
    <Y>0.654112339</Y>
    <Z>59.3948555</Z>
  </Rotation>
</Screenshot>