<?xml version="1.0" encoding="utf-8"?>
<Screenshot xmlns:xsd="http://www.w3.org/2001/XMLSchema" xmlns:xsi="http://www.w3.org/2001/XMLSchema-instance">
  <Cars />
  <MyCar>
    <Position>
      <X>-2389.75342</X>
      <Y>-254.803665</Y>
      <Z>14.6343451</Z>
    </Position>
    <Rotation>
      <X>1.34824538</X>
      <Y>0.1139785</Y>
      <Z>59.5566864</Z>
    </Rotation>
    <Handle>663810</Handle>
    <Bounds>
      <Vector3>
        <X>-2388.08179</X>
        <Y>-256.9724</Y>
        <Z>13.8484478</Z>
      </Vector3>
      <Vector3>
        <X>-2387.04688</X>
        <Y>-255.211319</Y>
        <Z>13.8443842</Z>
      </Vector3>
      <Vector3>
        <X>-2392.491</X>
        <Y>-254.38092</Y>
        <Z>13.9688129</Z>
      </Vector3>
      <Vector3>
        <X>-2388.05078</X>
        <Y>-256.987274</Y>
        <Z>15.3039389</Z>
      </Vector3>
      <Vector3>
        <X>-2391.45581</X>
        <Y>-252.619827</Y>
        <Z>13.9647493</Z>
      </Vector3>
      <Vector3>
        <X>-2387.01587</X>
        <Y>-255.226181</Y>
        <Z>15.2998753</Z>
      </Vector3>
      <Vector3>
        <X>-2392.46</X>
        <Y>-254.395782</Y>
        <Z>15.424305</Z>
      </Vector3>
      <Vector3>
        <X>-2391.4248</X>
        <Y>-252.634689</Y>
        <Z>15.4202414</Z>
      </Vector3>
    </Bounds>
    <CenterCamPosition>
      <X>0</X>
      <Y>0</Y>
    </CenterCamPosition>
    <ScreenBounds />
    <DistanceToCam>0</DistanceToCam>
    <Speed>7.462054</Speed>
    <AccInput>0</AccInput>
    <RPM>1.35798967</RPM>
    <Gear>0</Gear>
    <SteeringAngle>5.853084E-41</SteeringAngle>
    <WheelSpeed>0</WheelSpeed>
    <CarType>Sports</CarType>
  </MyCar>
  <Peds />
  <Time>132814</Time>
  <LastFrameTime>0.0478747822</LastFrameTime>
  <MyProperty>0</MyProperty>
  <Weather>Clear</Weather>
  <Steering>127</Steering>
  <Acc>174</Acc>
  <Brake>169</Brake>
  <DayTime>15:16:13</DayTime>
  <Position>
    <X>-2390.45972</X>
    <Y>-254.38414</Y>
    <Z>15.5540333</Z>
  </Position>
  <Rotation>
    <X>0.8507889</X>
    <Y>0.61912024</Y>
    <Z>59.5116119</Z>
  </Rotation>
</Screenshot>