<?xml version="1.0" encoding="utf-8"?>
<Screenshot xmlns:xsd="http://www.w3.org/2001/XMLSchema" xmlns:xsi="http://www.w3.org/2001/XMLSchema-instance">
  <Cars />
  <MyCar>
    <Position>
      <X>-2389.87354</X>
      <Y>-254.733383</Y>
      <Z>14.6376047</Z>
    </Position>
    <Rotation>
      <X>1.34760475</X>
      <Y>0.112948082</Y>
      <Z>59.575058</Z>
    </Rotation>
    <Handle>663810</Handle>
    <Bounds>
      <Vector3>
        <X>-2388.20117</X>
        <Y>-256.901581</Y>
        <Z>13.851717</Z>
      </Vector3>
      <Vector3>
        <X>-2387.16675</X>
        <Y>-255.140152</Y>
        <Z>13.8476906</Z>
      </Vector3>
      <Vector3>
        <X>-2392.611</X>
        <Y>-254.311508</Y>
        <Z>13.9720259</Z>
      </Vector3>
      <Vector3>
        <X>-2388.17041</X>
        <Y>-256.916443</Y>
        <Z>15.307209</Z>
      </Vector3>
      <Vector3>
        <X>-2391.57666</X>
        <Y>-252.550079</Y>
        <Z>13.9679985</Z>
      </Vector3>
      <Vector3>
        <X>-2387.13574</X>
        <Y>-255.155014</Y>
        <Z>15.3031826</Z>
      </Vector3>
      <Vector3>
        <X>-2392.58</X>
        <Y>-254.32637</Y>
        <Z>15.4275179</Z>
      </Vector3>
      <Vector3>
        <X>-2391.54565</X>
        <Y>-252.564941</Y>
        <Z>15.4234905</Z>
      </Vector3>
    </Bounds>
    <CenterCamPosition>
      <X>0</X>
      <Y>0</Y>
    </CenterCamPosition>
    <ScreenBounds />
    <DistanceToCam>0</DistanceToCam>
    <Speed>7.46246147</Speed>
    <AccInput>0</AccInput>
    <RPM>1.35798967</RPM>
    <Gear>0</Gear>
    <SteeringAngle>5.853084E-41</SteeringAngle>
    <WheelSpeed>0</WheelSpeed>
    <CarType>Sports</CarType>
  </MyCar>
  <Peds />
  <Time>132832</Time>
  <LastFrameTime>0.0186678264</LastFrameTime>
  <MyProperty>0</MyProperty>
  <Weather>Clear</Weather>
  <Steering>127</Steering>
  <Acc>174</Acc>
  <Brake>169</Brake>
  <DayTime>15:16:13</DayTime>
  <Position>
    <X>-2390.76855</X>
    <Y>-254.204956</Y>
    <Z>15.5623293</Z>
  </Position>
  <Rotation>
    <X>0.848294</X>
    <Y>0.6139113</Y>
    <Z>59.5657768</Z>
  </Rotation>
</Screenshot>