<?xml version="1.0" encoding="utf-8"?>
<Screenshot xmlns:xsd="http://www.w3.org/2001/XMLSchema" xmlns:xsi="http://www.w3.org/2001/XMLSchema-instance">
  <Cars />
  <MyCar>
    <Position>
      <X>-2390.18164</X>
      <Y>-254.553162</Y>
      <Z>14.645957</Z>
    </Position>
    <Rotation>
      <X>1.34664166</X>
      <Y>0.109314226</Y>
      <Z>59.6105881</Z>
    </Rotation>
    <Handle>663810</Handle>
    <Bounds>
      <Vector3>
        <X>-2388.508</X>
        <Y>-256.7203</Y>
        <Z>13.8600473</Z>
      </Vector3>
      <Vector3>
        <X>-2387.47461</X>
        <Y>-254.958237</Y>
        <Z>13.8561506</Z>
      </Vector3>
      <Vector3>
        <X>-2392.91943</X>
        <Y>-254.132965</Y>
        <Z>13.9802694</Z>
      </Vector3>
      <Vector3>
        <X>-2388.477</X>
        <Y>-256.7352</Y>
        <Z>15.31554</Z>
      </Vector3>
      <Vector3>
        <X>-2391.886</X>
        <Y>-252.3709</Y>
        <Z>13.9763727</Z>
      </Vector3>
      <Vector3>
        <X>-2387.44385</X>
        <Y>-254.973145</Y>
        <Z>15.3116426</Z>
      </Vector3>
      <Vector3>
        <X>-2392.88843</X>
        <Y>-254.147873</Y>
        <Z>15.4357624</Z>
      </Vector3>
      <Vector3>
        <X>-2391.85522</X>
        <Y>-252.385818</Y>
        <Z>15.4318647</Z>
      </Vector3>
    </Bounds>
    <CenterCamPosition>
      <X>0</X>
      <Y>0</Y>
    </CenterCamPosition>
    <ScreenBounds />
    <DistanceToCam>0</DistanceToCam>
    <Speed>7.46326351</Speed>
    <AccInput>0</AccInput>
    <RPM>1.35798967</RPM>
    <Gear>0</Gear>
    <SteeringAngle>5.853084E-41</SteeringAngle>
    <WheelSpeed>0</WheelSpeed>
    <CarType>Sports</CarType>
  </MyCar>
  <Peds />
  <Time>132880</Time>
  <LastFrameTime>0.0478437543</LastFrameTime>
  <MyProperty>0</MyProperty>
  <Weather>Clear</Weather>
  <Steering>127</Steering>
  <Acc>174</Acc>
  <Brake>169</Brake>
  <DayTime>15:16:13</DayTime>
  <Position>
    <X>-2390.889</X>
    <Y>-254.135</Y>
    <Z>15.5655756</Z>
  </Position>
  <Rotation>
    <X>0.8476534</X>
    <Y>0.612880945</Y>
    <Z>59.58412</Z>
  </Rotation>
</Screenshot>