<?xml version="1.0" encoding="utf-8"?>
<Screenshot xmlns:xsd="http://www.w3.org/2001/XMLSchema" xmlns:xsi="http://www.w3.org/2001/XMLSchema-instance">
  <Cars />
  <MyCar>
    <Position>
      <X>-2390.40771</X>
      <Y>-254.420792</Y>
      <Z>14.6522083</Z>
    </Position>
    <Rotation>
      <X>1.35236478</X>
      <Y>0.107039593</Y>
      <Z>59.62974</Z>
    </Rotation>
    <Handle>663810</Handle>
    <Bounds>
      <Vector3>
        <X>-2388.7334</X>
        <Y>-256.58728</Y>
        <Z>13.866004</Z>
      </Vector3>
      <Vector3>
        <X>-2387.70068</X>
        <Y>-254.824875</Y>
        <Z>13.8621883</Z>
      </Vector3>
      <Vector3>
        <X>-2393.14575</X>
        <Y>-254.001434</Y>
        <Z>13.9867382</Z>
      </Vector3>
      <Vector3>
        <X>-2388.70239</X>
        <Y>-256.602325</Y>
        <Z>15.3214941</Z>
      </Vector3>
      <Vector3>
        <X>-2392.113</X>
        <Y>-252.239029</Y>
        <Z>13.9829216</Z>
      </Vector3>
      <Vector3>
        <X>-2387.66968</X>
        <Y>-254.8399</Y>
        <Z>15.3176775</Z>
      </Vector3>
      <Vector3>
        <X>-2393.11475</X>
        <Y>-254.016464</Y>
        <Z>15.4422274</Z>
      </Vector3>
      <Vector3>
        <X>-2392.08179</X>
        <Y>-252.254059</Y>
        <Z>15.4384108</Z>
      </Vector3>
    </Bounds>
    <CenterCamPosition>
      <X>0</X>
      <Y>0</Y>
    </CenterCamPosition>
    <ScreenBounds />
    <DistanceToCam>0</DistanceToCam>
    <Speed>7.463665</Speed>
    <AccInput>0</AccInput>
    <RPM>1.35798967</RPM>
    <Gear>0</Gear>
    <SteeringAngle>5.853084E-41</SteeringAngle>
    <WheelSpeed>0</WheelSpeed>
    <CarType>Sports</CarType>
  </MyCar>
  <Peds />
  <Time>132915</Time>
  <LastFrameTime>0.03513157</LastFrameTime>
  <MyProperty>0</MyProperty>
  <Weather>Clear</Weather>
  <Steering>127</Steering>
  <Acc>174</Acc>
  <Brake>169</Brake>
  <DayTime>15:16:13</DayTime>
  <Position>
    <X>-2391.19727</X>
    <Y>-253.95546</Y>
    <Z>15.5739079</Z>
  </Position>
  <Rotation>
    <X>0.8466895</X>
    <Y>0.6092477</Y>
    <Z>59.6195831</Z>
  </Rotation>
</Screenshot>