<?xml version="1.0" encoding="utf-8"?>
<Screenshot xmlns:xsd="http://www.w3.org/2001/XMLSchema" xmlns:xsi="http://www.w3.org/2001/XMLSchema-instance">
  <Cars />
  <MyCar>
    <Position>
      <X>-2390.94824</X>
      <Y>-254.104477</Y>
      <Z>14.6670952</Z>
    </Position>
    <Rotation>
      <X>1.36785078</X>
      <Y>0.101752415</Y>
      <Z>59.6541939</Z>
    </Rotation>
    <Handle>663810</Handle>
    <Bounds>
      <Vector3>
        <X>-2389.27319</X>
        <Y>-256.270081</Y>
        <Z>13.8801107</Z>
      </Vector3>
      <Vector3>
        <X>-2388.24121</X>
        <Y>-254.507233</Y>
        <Z>13.876483</Z>
      </Vector3>
      <Vector3>
        <X>-2393.68652</X>
        <Y>-253.686142</Y>
        <Z>14.0022259</Z>
      </Vector3>
      <Vector3>
        <X>-2389.242</X>
        <Y>-256.285431</Y>
        <Z>15.33559</Z>
      </Vector3>
      <Vector3>
        <X>-2392.65454</X>
        <Y>-251.9233</Y>
        <Z>13.9985981</Z>
      </Vector3>
      <Vector3>
        <X>-2388.21</X>
        <Y>-254.522568</Y>
        <Z>15.3319626</Z>
      </Vector3>
      <Vector3>
        <X>-2393.65527</X>
        <Y>-253.701477</Y>
        <Z>15.4577065</Z>
      </Vector3>
      <Vector3>
        <X>-2392.62329</X>
        <Y>-251.938629</Y>
        <Z>15.4540787</Z>
      </Vector3>
    </Bounds>
    <CenterCamPosition>
      <X>0</X>
      <Y>0</Y>
    </CenterCamPosition>
    <ScreenBounds />
    <DistanceToCam>0</DistanceToCam>
    <Speed>7.46405649</Speed>
    <AccInput>0</AccInput>
    <RPM>1.35798967</RPM>
    <Gear>0</Gear>
    <SteeringAngle>5.853084E-41</SteeringAngle>
    <WheelSpeed>0</WheelSpeed>
    <CarType>Sports</CarType>
  </MyCar>
  <Peds />
  <Time>132999</Time>
  <LastFrameTime>0.0191581044</LastFrameTime>
  <MyProperty>0</MyProperty>
  <Weather>Clear</Weather>
  <Steering>127</Steering>
  <Acc>174</Acc>
  <Brake>169</Brake>
  <DayTime>15:16:13</DayTime>
  <Position>
    <X>-2391.84058</X>
    <Y>-253.579941</Y>
    <Z>15.5920076</Z>
  </Position>
  <Rotation>
    <X>0.864628136</X>
    <Y>0.6020642</Y>
    <Z>59.6597443</Z>
  </Rotation>
</Screenshot>