<?xml version="1.0" encoding="utf-8"?>
<Screenshot xmlns:xsd="http://www.w3.org/2001/XMLSchema" xmlns:xsi="http://www.w3.org/2001/XMLSchema-instance">
  <Cars />
  <MyCar>
    <Position>
      <X>-2390.519</X>
      <Y>-254.355637</Y>
      <Z>14.6552782</Z>
    </Position>
    <Rotation>
      <X>1.35485327</X>
      <Y>0.106582612</Y>
      <Z>59.6375351</Z>
    </Rotation>
    <Handle>663810</Handle>
    <Bounds>
      <Vector3>
        <X>-2388.84448</X>
        <Y>-256.521881</Y>
        <Z>13.8689556</Z>
      </Vector3>
      <Vector3>
        <X>-2387.812</X>
        <Y>-254.759338</Y>
        <Z>13.8651562</Z>
      </Vector3>
      <Vector3>
        <X>-2393.257</X>
        <Y>-253.93663</Y>
        <Z>13.9899111</Z>
      </Vector3>
      <Vector3>
        <X>-2388.81348</X>
        <Y>-256.536957</Y>
        <Z>15.3244438</Z>
      </Vector3>
      <Vector3>
        <X>-2392.22461</X>
        <Y>-252.174088</Y>
        <Z>13.9861116</Z>
      </Vector3>
      <Vector3>
        <X>-2387.78076</X>
        <Y>-254.7744</Y>
        <Z>15.3206434</Z>
      </Vector3>
      <Vector3>
        <X>-2393.226</X>
        <Y>-253.9517</Y>
        <Z>15.4453993</Z>
      </Vector3>
      <Vector3>
        <X>-2392.1936</X>
        <Y>-252.189148</Y>
        <Z>15.4415989</Z>
      </Vector3>
    </Bounds>
    <CenterCamPosition>
      <X>0</X>
      <Y>0</Y>
    </CenterCamPosition>
    <ScreenBounds />
    <DistanceToCam>0</DistanceToCam>
    <Speed>7.46380663</Speed>
    <AccInput>0</AccInput>
    <RPM>1.35798967</RPM>
    <Gear>0</Gear>
    <SteeringAngle>5.853084E-41</SteeringAngle>
    <WheelSpeed>0</WheelSpeed>
    <CarType>Sports</CarType>
  </MyCar>
  <Peds />
  <Time>132933</Time>
  <LastFrameTime>0.0172910113</LastFrameTime>
  <MyProperty>0</MyProperty>
  <Weather>Clear</Weather>
  <Steering>127</Steering>
  <Acc>174</Acc>
  <Brake>169</Brake>
  <DayTime>15:16:13</DayTime>
  <Position>
    <X>-2391.42358</X>
    <Y>-253.8235</Y>
    <Z>15.5802774</Z>
  </Position>
  <Rotation>
    <X>0.8524127</X>
    <Y>0.606972337</Y>
    <Z>59.63877</Z>
  </Rotation>
</Screenshot>