<?xml version="1.0" encoding="utf-8"?>
<Screenshot xmlns:xsd="http://www.w3.org/2001/XMLSchema" xmlns:xsi="http://www.w3.org/2001/XMLSchema-instance">
  <Cars />
  <MyCar>
    <Position>
      <X>-2390.82471</X>
      <Y>-254.1767</Y>
      <Z>14.6636868</Z>
    </Position>
    <Rotation>
      <X>1.36458051</X>
      <Y>0.102132775</Y>
      <Z>59.65066</Z>
    </Rotation>
    <Handle>663810</Handle>
    <Bounds>
      <Vector3>
        <X>-2389.14966</X>
        <Y>-256.342468</Y>
        <Z>13.8768539</Z>
      </Vector3>
      <Vector3>
        <X>-2388.11768</X>
        <Y>-254.579666</Y>
        <Z>13.8732128</Z>
      </Vector3>
      <Vector3>
        <X>-2393.563</X>
        <Y>-253.75824</Y>
        <Z>13.9986773</Z>
      </Vector3>
      <Vector3>
        <X>-2389.11841</X>
        <Y>-256.357727</Y>
        <Z>15.3323355</Z>
      </Vector3>
      <Vector3>
        <X>-2392.53076</X>
        <Y>-251.995453</Y>
        <Z>13.9950361</Z>
      </Vector3>
      <Vector3>
        <X>-2388.08643</X>
        <Y>-254.59494</Y>
        <Z>15.3286943</Z>
      </Vector3>
      <Vector3>
        <X>-2393.53174</X>
        <Y>-253.773514</Y>
        <Z>15.45416</Z>
      </Vector3>
      <Vector3>
        <X>-2392.49951</X>
        <Y>-252.010727</Y>
        <Z>15.4505186</Z>
      </Vector3>
    </Bounds>
    <CenterCamPosition>
      <X>0</X>
      <Y>0</Y>
    </CenterCamPosition>
    <ScreenBounds />
    <DistanceToCam>0</DistanceToCam>
    <Speed>7.464025</Speed>
    <AccInput>0</AccInput>
    <RPM>1.35798967</RPM>
    <Gear>0</Gear>
    <SteeringAngle>5.853084E-41</SteeringAngle>
    <WheelSpeed>0</WheelSpeed>
    <CarType>Sports</CarType>
  </MyCar>
  <Peds />
  <Time>132980</Time>
  <LastFrameTime>0.04747325</LastFrameTime>
  <MyProperty>0</MyProperty>
  <Weather>Clear</Weather>
  <Steering>127</Steering>
  <Acc>174</Acc>
  <Brake>169</Brake>
  <DayTime>15:16:13</DayTime>
  <Position>
    <X>-2391.535</X>
    <Y>-253.758514</Y>
    <Z>15.5833988</Z>
  </Position>
  <Rotation>
    <X>0.8549012</X>
    <Y>0.606515169</Y>
    <Z>59.6465836</Z>
  </Rotation>
</Screenshot>