<?xml version="1.0" encoding="utf-8"?>
<Screenshot xmlns:xsd="http://www.w3.org/2001/XMLSchema" xmlns:xsi="http://www.w3.org/2001/XMLSchema-instance">
  <Cars />
  <MyCar>
    <Position>
      <X>-2391.37939</X>
      <Y>-253.85202</Y>
      <Z>14.6789942</Z>
    </Position>
    <Rotation>
      <X>1.37961018</X>
      <Y>0.09682234</Y>
      <Z>59.65958</Z>
    </Rotation>
    <Handle>663810</Handle>
    <Bounds>
      <Vector3>
        <X>-2389.704</X>
        <Y>-256.017365</Y>
        <Z>13.8914</Z>
      </Vector3>
      <Vector3>
        <X>-2388.67236</X>
        <Y>-254.25441</Y>
        <Z>13.887948</Z>
      </Vector3>
      <Vector3>
        <X>-2394.11768</X>
        <Y>-253.433838</Y>
        <Z>14.0145655</Z>
      </Vector3>
      <Vector3>
        <X>-2389.67261</X>
        <Y>-256.032928</Y>
        <Z>15.3468733</Z>
      </Vector3>
      <Vector3>
        <X>-2393.086</X>
        <Y>-251.6709</Y>
        <Z>14.0111132</Z>
      </Vector3>
      <Vector3>
        <X>-2388.64087</X>
        <Y>-254.269989</Y>
        <Z>15.3434219</Z>
      </Vector3>
      <Vector3>
        <X>-2394.08618</X>
        <Y>-253.449432</Y>
        <Z>15.4700384</Z>
      </Vector3>
      <Vector3>
        <X>-2393.05444</X>
        <Y>-251.686478</Y>
        <Z>15.4665871</Z>
      </Vector3>
    </Bounds>
    <CenterCamPosition>
      <X>0</X>
      <Y>0</Y>
    </CenterCamPosition>
    <ScreenBounds />
    <DistanceToCam>0</DistanceToCam>
    <Speed>7.46391726</Speed>
    <AccInput>0</AccInput>
    <RPM>1.35798967</RPM>
    <Gear>0</Gear>
    <SteeringAngle>5.853084E-41</SteeringAngle>
    <WheelSpeed>0</WheelSpeed>
    <CarType>Sports</CarType>
  </MyCar>
  <Peds />
  <Time>133066</Time>
  <LastFrameTime>0.0176248979</LastFrameTime>
  <MyProperty>0</MyProperty>
  <Weather>Clear</Weather>
  <Steering>127</Steering>
  <Acc>174</Acc>
  <Brake>169</Brake>
  <DayTime>15:16:13</DayTime>
  <Position>
    <X>-2392.282</X>
    <Y>-253.322</Y>
    <Z>15.60443</Z>
  </Position>
  <Rotation>
    <X>0.8768703</X>
    <Y>0.5975665</Y>
    <Z>59.6676674</Z>
  </Rotation>
</Screenshot>