<?xml version="1.0" encoding="utf-8"?>
<Screenshot xmlns:xsd="http://www.w3.org/2001/XMLSchema" xmlns:xsi="http://www.w3.org/2001/XMLSchema-instance">
  <Cars />
  <MyCar>
    <Position>
      <X>-2391.266</X>
      <Y>-253.918457</Y>
      <Z>14.6758575</Z>
    </Position>
    <Rotation>
      <X>1.37682247</X>
      <Y>0.09763638</Y>
      <Z>59.6585236</Z>
    </Rotation>
    <Handle>663810</Handle>
    <Bounds>
      <Vector3>
        <X>-2389.591</X>
        <Y>-256.083862</Y>
        <Z>13.888402</Z>
      </Vector3>
      <Vector3>
        <X>-2388.559</X>
        <Y>-254.320923</Y>
        <Z>13.8849211</Z>
      </Vector3>
      <Vector3>
        <X>-2394.00439</X>
        <Y>-253.500259</Y>
        <Z>14.0113182</Z>
      </Vector3>
      <Vector3>
        <X>-2389.55957</X>
        <Y>-256.099365</Y>
        <Z>15.3438768</Z>
      </Vector3>
      <Vector3>
        <X>-2392.97266</X>
        <Y>-251.73732</Y>
        <Z>14.0078373</Z>
      </Vector3>
      <Vector3>
        <X>-2388.52759</X>
        <Y>-254.336456</Y>
        <Z>15.3403959</Z>
      </Vector3>
      <Vector3>
        <X>-2393.97314</X>
        <Y>-253.5158</Y>
        <Z>15.4667931</Z>
      </Vector3>
      <Vector3>
        <X>-2392.94116</X>
        <Y>-251.752853</Y>
        <Z>15.4633121</Z>
      </Vector3>
    </Bounds>
    <CenterCamPosition>
      <X>0</X>
      <Y>0</Y>
    </CenterCamPosition>
    <ScreenBounds />
    <DistanceToCam>0</DistanceToCam>
    <Speed>7.463994</Speed>
    <AccInput>0</AccInput>
    <RPM>1.35798967</RPM>
    <Gear>0</Gear>
    <SteeringAngle>5.853084E-41</SteeringAngle>
    <WheelSpeed>0</WheelSpeed>
    <CarType>Sports</CarType>
  </MyCar>
  <Peds />
  <Time>133049</Time>
  <LastFrameTime>0.04934562</LastFrameTime>
  <MyProperty>0</MyProperty>
  <Weather>Clear</Weather>
  <Steering>127</Steering>
  <Acc>174</Acc>
  <Brake>169</Brake>
  <DayTime>15:16:13</DayTime>
  <Position>
    <X>-2391.964</X>
    <Y>-253.507813</Y>
    <Z>15.5954828</Z>
  </Position>
  <Rotation>
    <X>0.8678986</X>
    <Y>0.6016833</Y>
    <Z>59.66331</Z>
  </Rotation>
</Screenshot>