<?xml version="1.0" encoding="utf-8"?>
<Screenshot xmlns:xsd="http://www.w3.org/2001/XMLSchema" xmlns:xsi="http://www.w3.org/2001/XMLSchema-instance">
  <Cars />
  <MyCar>
    <Position>
      <X>-2392.13574</X>
      <Y>-253.409454</Y>
      <Z>14.6998272</Z>
    </Position>
    <Rotation>
      <X>1.39770281</X>
      <Y>0.09397968</Y>
      <Z>59.6621552</Z>
    </Rotation>
    <Handle>663810</Handle>
    <Bounds>
      <Vector3>
        <X>-2390.46069</X>
        <Y>-255.574554</Y>
        <Z>13.9113808</Z>
      </Vector3>
      <Vector3>
        <X>-2389.429</X>
        <Y>-253.811554</Y>
        <Z>13.9080305</Z>
      </Vector3>
      <Vector3>
        <X>-2394.87427</X>
        <Y>-252.991272</Y>
        <Z>14.03616</Z>
      </Vector3>
      <Vector3>
        <X>-2390.42871</X>
        <Y>-255.590424</Y>
        <Z>15.3668432</Z>
      </Vector3>
      <Vector3>
        <X>-2393.84253</X>
        <Y>-251.228271</Y>
        <Z>14.03281</Z>
      </Vector3>
      <Vector3>
        <X>-2389.397</X>
        <Y>-253.827438</Y>
        <Z>15.363492</Z>
      </Vector3>
      <Vector3>
        <X>-2394.84253</X>
        <Y>-253.007141</Y>
        <Z>15.4916229</Z>
      </Vector3>
      <Vector3>
        <X>-2393.81079</X>
        <Y>-251.244141</Y>
        <Z>15.4882727</Z>
      </Vector3>
    </Bounds>
    <CenterCamPosition>
      <X>0</X>
      <Y>0</Y>
    </CenterCamPosition>
    <ScreenBounds />
    <DistanceToCam>0</DistanceToCam>
    <Speed>7.463065</Speed>
    <AccInput>0</AccInput>
    <RPM>1.35798967</RPM>
    <Gear>0</Gear>
    <SteeringAngle>5.853084E-41</SteeringAngle>
    <WheelSpeed>0</WheelSpeed>
    <CarType>Sports</CarType>
  </MyCar>
  <Peds />
  <Time>133184</Time>
  <LastFrameTime>0.05093096</LastFrameTime>
  <MyProperty>0</MyProperty>
  <Weather>Clear</Weather>
  <Steering>127</Steering>
  <Acc>174</Acc>
  <Brake>169</Brake>
  <DayTime>15:16:13</DayTime>
  <Position>
    <X>-2392.82324</X>
    <Y>-253.0052</Y>
    <Z>15.6196394</Z>
  </Position>
  <Rotation>
    <X>0.890372336</X>
    <Y>0.594449043</Y>
    <Z>59.670845</Z>
  </Rotation>
</Screenshot>