<?xml version="1.0" encoding="utf-8"?>
<Screenshot xmlns:xsd="http://www.w3.org/2001/XMLSchema" xmlns:xsi="http://www.w3.org/2001/XMLSchema-instance">
  <Cars />
  <MyCar>
    <Position>
      <X>-2391.683</X>
      <Y>-253.674286</Y>
      <Z>14.6873541</Z>
    </Position>
    <Rotation>
      <X>1.38740671</X>
      <Y>0.0946463943</Y>
      <Z>59.6611862</Z>
    </Rotation>
    <Handle>663810</Handle>
    <Bounds>
      <Vector3>
        <X>-2390.008</X>
        <Y>-255.8395</Y>
        <Z>13.8993759</Z>
      </Vector3>
      <Vector3>
        <X>-2388.976</X>
        <Y>-254.0765</Y>
        <Z>13.8960009</Z>
      </Vector3>
      <Vector3>
        <X>-2394.42163</X>
        <Y>-253.256119</Y>
        <Z>14.0232372</Z>
      </Vector3>
      <Vector3>
        <X>-2389.97632</X>
        <Y>-255.855225</Y>
        <Z>15.3548441</Z>
      </Vector3>
      <Vector3>
        <X>-2393.39</X>
        <Y>-251.493134</Y>
        <Z>14.0198622</Z>
      </Vector3>
      <Vector3>
        <X>-2388.94458</X>
        <Y>-254.092239</Y>
        <Z>15.35147</Z>
      </Vector3>
      <Vector3>
        <X>-2394.39</X>
        <Y>-253.271851</Y>
        <Z>15.4787054</Z>
      </Vector3>
      <Vector3>
        <X>-2393.35815</X>
        <Y>-251.508865</Y>
        <Z>15.4753313</Z>
      </Vector3>
    </Bounds>
    <CenterCamPosition>
      <X>0</X>
      <Y>0</Y>
    </CenterCamPosition>
    <ScreenBounds />
    <DistanceToCam>0</DistanceToCam>
    <Speed>7.463661</Speed>
    <AccInput>0</AccInput>
    <RPM>1.35798967</RPM>
    <Gear>0</Gear>
    <SteeringAngle>5.853084E-41</SteeringAngle>
    <WheelSpeed>0</WheelSpeed>
    <CarType>Sports</CarType>
  </MyCar>
  <Peds />
  <Time>133113</Time>
  <LastFrameTime>0.0471477434</LastFrameTime>
  <MyProperty>0</MyProperty>
  <Weather>Clear</Weather>
  <Steering>127</Steering>
  <Acc>174</Acc>
  <Brake>169</Brake>
  <DayTime>15:16:13</DayTime>
  <Position>
    <X>-2392.39526</X>
    <Y>-253.25563</Y>
    <Z>15.6076241</Z>
  </Position>
  <Rotation>
    <X>0.879657745</X>
    <Y>0.596751869</Y>
    <Z>59.6687355</Z>
  </Rotation>
</Screenshot>