<?xml version="1.0" encoding="utf-8"?>
<Screenshot xmlns:xsd="http://www.w3.org/2001/XMLSchema" xmlns:xsi="http://www.w3.org/2001/XMLSchema-instance">
  <Cars />
  <MyCar>
    <Position>
      <X>-2391.80762</X>
      <Y>-253.60144</Y>
      <Z>14.6907892</Z>
    </Position>
    <Rotation>
      <X>1.39032447</X>
      <Y>0.0945208743</Y>
      <Z>59.6616173</Z>
    </Rotation>
    <Handle>663810</Handle>
    <Bounds>
      <Vector3>
        <X>-2390.13257</X>
        <Y>-255.766617</Y>
        <Z>13.9026794</Z>
      </Vector3>
      <Vector3>
        <X>-2389.10059</X>
        <Y>-254.003632</Y>
        <Z>13.8993092</Z>
      </Vector3>
      <Vector3>
        <X>-2394.54614</X>
        <Y>-253.183273</Y>
        <Z>14.0268011</Z>
      </Vector3>
      <Vector3>
        <X>-2390.10083</X>
        <Y>-255.782379</Y>
        <Z>15.3581457</Z>
      </Vector3>
      <Vector3>
        <X>-2393.5144</X>
        <Y>-251.420288</Y>
        <Z>14.0234308</Z>
      </Vector3>
      <Vector3>
        <X>-2389.069</X>
        <Y>-254.0194</Y>
        <Z>15.3547764</Z>
      </Vector3>
      <Vector3>
        <X>-2394.5144</X>
        <Y>-253.199051</Y>
        <Z>15.4822674</Z>
      </Vector3>
      <Vector3>
        <X>-2393.48267</X>
        <Y>-251.436066</Y>
        <Z>15.478898</Z>
      </Vector3>
    </Bounds>
    <CenterCamPosition>
      <X>0</X>
      <Y>0</Y>
    </CenterCamPosition>
    <ScreenBounds />
    <DistanceToCam>0</DistanceToCam>
    <Speed>7.4635067</Speed>
    <AccInput>0</AccInput>
    <RPM>1.35798967</RPM>
    <Gear>0</Gear>
    <SteeringAngle>5.853084E-41</SteeringAngle>
    <WheelSpeed>0</WheelSpeed>
    <CarType>Sports</CarType>
  </MyCar>
  <Peds />
  <Time>133133</Time>
  <LastFrameTime>0.0193266</LastFrameTime>
  <MyProperty>0</MyProperty>
  <Weather>Clear</Weather>
  <Steering>127</Steering>
  <Acc>174</Acc>
  <Brake>169</Brake>
  <DayTime>15:16:13</DayTime>
  <Position>
    <X>-2392.699</X>
    <Y>-253.078018</Y>
    <Z>15.6161442</Z>
  </Position>
  <Rotation>
    <X>0.887454569</X>
    <Y>0.5945751</Y>
    <Z>59.6703949</Z>
  </Rotation>
</Screenshot>