<?xml version="1.0" encoding="utf-8"?>
<Screenshot xmlns:xsd="http://www.w3.org/2001/XMLSchema" xmlns:xsi="http://www.w3.org/2001/XMLSchema-instance">
  <Cars />
  <MyCar>
    <Position>
      <X>-2392.44141</X>
      <Y>-253.23056</Y>
      <Z>14.7082415</Z>
    </Position>
    <Rotation>
      <X>1.40512311</X>
      <Y>0.09432029</Y>
      <Z>59.6623154</Z>
    </Rotation>
    <Handle>663810</Handle>
    <Bounds>
      <Vector3>
        <X>-2390.76636</X>
        <Y>-255.3956</Y>
        <Z>13.9194717</Z>
      </Vector3>
      <Vector3>
        <X>-2389.73462</X>
        <Y>-253.632614</Y>
        <Z>13.9161091</Z>
      </Vector3>
      <Vector3>
        <X>-2395.18018</X>
        <Y>-252.812332</Y>
        <Z>14.0449142</Z>
      </Vector3>
      <Vector3>
        <X>-2390.73438</X>
        <Y>-255.411575</Y>
        <Z>15.3749294</Z>
      </Vector3>
      <Vector3>
        <X>-2394.14819</X>
        <Y>-251.049347</Y>
        <Z>14.0415516</Z>
      </Vector3>
      <Vector3>
        <X>-2389.70264</X>
        <Y>-253.648575</Y>
        <Z>15.3715668</Z>
      </Vector3>
      <Vector3>
        <X>-2395.148</X>
        <Y>-252.828308</Y>
        <Z>15.5003719</Z>
      </Vector3>
      <Vector3>
        <X>-2394.11621</X>
        <Y>-251.0653</Y>
        <Z>15.4970093</Z>
      </Vector3>
    </Bounds>
    <CenterCamPosition>
      <X>0</X>
      <Y>0</Y>
    </CenterCamPosition>
    <ScreenBounds />
    <DistanceToCam>0</DistanceToCam>
    <Speed>7.46254873</Speed>
    <AccInput>0</AccInput>
    <RPM>1.35798967</RPM>
    <Gear>0</Gear>
    <SteeringAngle>5.853084E-41</SteeringAngle>
    <WheelSpeed>0</WheelSpeed>
    <CarType>Sports</CarType>
  </MyCar>
  <Peds />
  <Time>133231</Time>
  <LastFrameTime>0.04746332</LastFrameTime>
  <MyProperty>0</MyProperty>
  <Weather>Clear</Weather>
  <Steering>127</Steering>
  <Acc>174</Acc>
  <Brake>169</Brake>
  <DayTime>15:16:13</DayTime>
  <Position>
    <X>-2393.15137</X>
    <Y>-252.8133</Y>
    <Z>15.628829</Z>
  </Position>
  <Rotation>
    <X>0.897751033</X>
    <Y>0.59390676</Y>
    <Z>59.67146</Z>
  </Rotation>
</Screenshot>