<?xml version="1.0" encoding="utf-8"?>
<Screenshot xmlns:xsd="http://www.w3.org/2001/XMLSchema" xmlns:xsi="http://www.w3.org/2001/XMLSchema-instance">
  <Cars />
  <MyCar>
    <Position>
      <X>-2392.7583</X>
      <Y>-253.045044</Y>
      <Z>14.7169962</Z>
    </Position>
    <Rotation>
      <X>1.41236711</X>
      <Y>0.0958832</Y>
      <Z>59.66232</Z>
    </Rotation>
    <Handle>663810</Handle>
    <Bounds>
      <Vector3>
        <X>-2391.0835</X>
        <Y>-255.210052</Y>
        <Z>13.9279337</Z>
      </Vector3>
      <Vector3>
        <X>-2390.05151</X>
        <Y>-253.447052</Y>
        <Z>13.9245157</Z>
      </Vector3>
      <Vector3>
        <X>-2395.497</X>
        <Y>-252.6268</Y>
        <Z>14.0540228</Z>
      </Vector3>
      <Vector3>
        <X>-2391.05127</X>
        <Y>-255.226074</Y>
        <Z>15.3833866</Z>
      </Vector3>
      <Vector3>
        <X>-2394.46533</X>
        <Y>-250.8638</Y>
        <Z>14.0506039</Z>
      </Vector3>
      <Vector3>
        <X>-2390.01953</X>
        <Y>-253.463089</Y>
        <Z>15.3799686</Z>
      </Vector3>
      <Vector3>
        <X>-2395.46484</X>
        <Y>-252.642822</Y>
        <Z>15.5094757</Z>
      </Vector3>
      <Vector3>
        <X>-2394.433</X>
        <Y>-250.879822</Y>
        <Z>15.5060568</Z>
      </Vector3>
    </Bounds>
    <CenterCamPosition>
      <X>0</X>
      <Y>0</Y>
    </CenterCamPosition>
    <ScreenBounds />
    <DistanceToCam>0</DistanceToCam>
    <Speed>7.46199369</Speed>
    <AccInput>0</AccInput>
    <RPM>1.35798967</RPM>
    <Gear>0</Gear>
    <SteeringAngle>5.853084E-41</SteeringAngle>
    <WheelSpeed>0</WheelSpeed>
    <CarType>Sports</CarType>
  </MyCar>
  <Peds />
  <Time>133280</Time>
  <LastFrameTime>0.0492183939</LastFrameTime>
  <MyProperty>0</MyProperty>
  <Weather>Clear</Weather>
  <Steering>127</Steering>
  <Acc>174</Acc>
  <Brake>169</Brake>
  <DayTime>15:16:13</DayTime>
  <Position>
    <X>-2393.457</X>
    <Y>-252.63446</Y>
    <Z>15.6373959</Z>
  </Position>
  <Rotation>
    <X>0.905171752</X>
    <Y>0.5942461</Y>
    <Z>59.6717072</Z>
  </Rotation>
</Screenshot>