<?xml version="1.0" encoding="utf-8"?>
<Screenshot xmlns:xsd="http://www.w3.org/2001/XMLSchema" xmlns:xsi="http://www.w3.org/2001/XMLSchema-instance">
  <Cars />
  <MyCar>
    <Position>
      <X>-2392.88037</X>
      <Y>-252.973541</Y>
      <Z>14.7204132</Z>
    </Position>
    <Rotation>
      <X>1.41265023</X>
      <Y>0.0956426</Y>
      <Z>59.6622849</Z>
    </Rotation>
    <Handle>663810</Handle>
    <Bounds>
      <Vector3>
        <X>-2391.20557</X>
        <Y>-255.13855</Y>
        <Z>13.9313335</Z>
      </Vector3>
      <Vector3>
        <X>-2390.17383</X>
        <Y>-253.375549</Y>
        <Z>13.9279242</Z>
      </Vector3>
      <Vector3>
        <X>-2395.61914</X>
        <Y>-252.555283</Y>
        <Z>14.0574484</Z>
      </Vector3>
      <Vector3>
        <X>-2391.17334</X>
        <Y>-255.154587</Y>
        <Z>15.3867865</Z>
      </Vector3>
      <Vector3>
        <X>-2394.5874</X>
        <Y>-250.792282</Y>
        <Z>14.054038</Z>
      </Vector3>
      <Vector3>
        <X>-2390.1416</X>
        <Y>-253.391586</Y>
        <Z>15.3833771</Z>
      </Vector3>
      <Vector3>
        <X>-2395.587</X>
        <Y>-252.57132</Y>
        <Z>15.5129013</Z>
      </Vector3>
      <Vector3>
        <X>-2394.55518</X>
        <Y>-250.808319</Y>
        <Z>15.509491</Z>
      </Vector3>
    </Bounds>
    <CenterCamPosition>
      <X>0</X>
      <Y>0</Y>
    </CenterCamPosition>
    <ScreenBounds />
    <DistanceToCam>0</DistanceToCam>
    <Speed>7.461672</Speed>
    <AccInput>0</AccInput>
    <RPM>1.35798967</RPM>
    <Gear>0</Gear>
    <SteeringAngle>5.853084E-41</SteeringAngle>
    <WheelSpeed>0</WheelSpeed>
    <CarType>Sports</CarType>
  </MyCar>
  <Peds />
  <Time>133299</Time>
  <LastFrameTime>0.0189697519</LastFrameTime>
  <MyProperty>0</MyProperty>
  <Weather>Clear</Weather>
  <Steering>127</Steering>
  <Acc>174</Acc>
  <Brake>169</Brake>
  <DayTime>15:16:13</DayTime>
  <Position>
    <X>-2393.77368</X>
    <Y>-252.448975</Y>
    <Z>15.6462994</Z>
  </Position>
  <Rotation>
    <X>0.912416339</X>
    <Y>0.5958076</Y>
    <Z>59.6718025</Z>
  </Rotation>
</Screenshot>