<?xml version="1.0" encoding="utf-8"?>
<Screenshot xmlns:xsd="http://www.w3.org/2001/XMLSchema" xmlns:xsi="http://www.w3.org/2001/XMLSchema-instance">
  <Cars />
  <MyCar>
    <Position>
      <X>-2393.18652</X>
      <Y>-252.794281</Y>
      <Z>14.7290373</Z>
    </Position>
    <Rotation>
      <X>1.40992117</X>
      <Y>0.0936251059</Y>
      <Z>59.6621</Z>
    </Rotation>
    <Handle>663810</Handle>
    <Bounds>
      <Vector3>
        <X>-2391.51147</X>
        <Y>-254.95929</Y>
        <Z>13.9400425</Z>
      </Vector3>
      <Vector3>
        <X>-2390.47974</X>
        <Y>-253.196289</Y>
        <Z>13.9367046</Z>
      </Vector3>
      <Vector3>
        <X>-2395.92529</X>
        <Y>-252.376</Y>
        <Z>14.0659132</Z>
      </Vector3>
      <Vector3>
        <X>-2391.47949</X>
        <Y>-254.975327</Y>
        <Z>15.3954973</Z>
      </Vector3>
      <Vector3>
        <X>-2394.89355</X>
        <Y>-250.613022</Y>
        <Z>14.0625753</Z>
      </Vector3>
      <Vector3>
        <X>-2390.44775</X>
        <Y>-253.212341</Y>
        <Z>15.3921595</Z>
      </Vector3>
      <Vector3>
        <X>-2395.893</X>
        <Y>-252.392059</Y>
        <Z>15.521368</Z>
      </Vector3>
      <Vector3>
        <X>-2394.86133</X>
        <Y>-250.629059</Y>
        <Z>15.51803</Z>
      </Vector3>
    </Bounds>
    <CenterCamPosition>
      <X>0</X>
      <Y>0</Y>
    </CenterCamPosition>
    <ScreenBounds />
    <DistanceToCam>0</DistanceToCam>
    <Speed>7.46084166</Speed>
    <AccInput>0</AccInput>
    <RPM>1.35798967</RPM>
    <Gear>0</Gear>
    <SteeringAngle>5.853084E-41</SteeringAngle>
    <WheelSpeed>0</WheelSpeed>
    <CarType>Sports</CarType>
  </MyCar>
  <Peds />
  <Time>133347</Time>
  <LastFrameTime>0.0475691333</LastFrameTime>
  <MyProperty>0</MyProperty>
  <Weather>Clear</Weather>
  <Steering>127</Steering>
  <Acc>174</Acc>
  <Brake>169</Brake>
  <DayTime>15:16:13</DayTime>
  <Position>
    <X>-2393.89575</X>
    <Y>-252.377472</Y>
    <Z>15.6497221</Z>
  </Position>
  <Rotation>
    <X>0.912699461</X>
    <Y>0.5955669</Y>
    <Z>59.67177</Z>
  </Rotation>
</Screenshot>