<?xml version="1.0" encoding="utf-8"?>
<Screenshot xmlns:xsd="http://www.w3.org/2001/XMLSchema" xmlns:xsi="http://www.w3.org/2001/XMLSchema-instance">
  <Cars />
  <MyCar>
    <Position>
      <X>-2393.30713</X>
      <Y>-252.723785</Y>
      <Z>14.7324266</Z>
    </Position>
    <Rotation>
      <X>1.40888119</X>
      <Y>0.0936389938</Y>
      <Z>59.6620331</Z>
    </Rotation>
    <Handle>663810</Handle>
    <Bounds>
      <Vector3>
        <X>-2391.632</X>
        <Y>-254.888809</Y>
        <Z>13.9434786</Z>
      </Vector3>
      <Vector3>
        <X>-2390.60034</X>
        <Y>-253.125809</Y>
        <Z>13.94014</Z>
      </Vector3>
      <Vector3>
        <X>-2396.046</X>
        <Y>-252.305527</Y>
        <Z>14.0692568</Z>
      </Vector3>
      <Vector3>
        <X>-2391.6</X>
        <Y>-254.904831</Y>
        <Z>15.3989344</Z>
      </Vector3>
      <Vector3>
        <X>-2395.01416</X>
        <Y>-250.542526</Y>
        <Z>14.065918</Z>
      </Vector3>
      <Vector3>
        <X>-2390.56836</X>
        <Y>-253.141846</Y>
        <Z>15.3955956</Z>
      </Vector3>
      <Vector3>
        <X>-2396.01367</X>
        <Y>-252.321548</Y>
        <Z>15.5247116</Z>
      </Vector3>
      <Vector3>
        <X>-2394.982</X>
        <Y>-250.558548</Y>
        <Z>15.5213737</Z>
      </Vector3>
    </Bounds>
    <CenterCamPosition>
      <X>0</X>
      <Y>0</Y>
    </CenterCamPosition>
    <ScreenBounds />
    <DistanceToCam>0</DistanceToCam>
    <Speed>7.46051</Speed>
    <AccInput>0</AccInput>
    <RPM>1.35798967</RPM>
    <Gear>0</Gear>
    <SteeringAngle>5.853084E-41</SteeringAngle>
    <WheelSpeed>0</WheelSpeed>
    <CarType>Sports</CarType>
  </MyCar>
  <Peds />
  <Time>133366</Time>
  <LastFrameTime>0.0187047534</LastFrameTime>
  <MyProperty>0</MyProperty>
  <Weather>Clear</Weather>
  <Steering>127</Steering>
  <Acc>174</Acc>
  <Brake>169</Brake>
  <DayTime>15:16:13</DayTime>
  <Position>
    <X>-2394.202</X>
    <Y>-252.198227</Y>
    <Z>15.65829</Z>
  </Position>
  <Rotation>
    <X>0.909970045</X>
    <Y>0.593550265</Y>
    <Z>59.67152</Z>
  </Rotation>
</Screenshot>