<?xml version="1.0" encoding="utf-8"?>
<Screenshot xmlns:xsd="http://www.w3.org/2001/XMLSchema" xmlns:xsi="http://www.w3.org/2001/XMLSchema-instance">
  <Cars />
  <MyCar>
    <Position>
      <X>-2393.42285</X>
      <Y>-252.656158</Y>
      <Z>14.73567</Z>
    </Position>
    <Rotation>
      <X>1.40771329</X>
      <Y>0.09286802</Y>
      <Z>59.6619377</Z>
    </Rotation>
    <Handle>663810</Handle>
    <Bounds>
      <Vector3>
        <X>-2391.7478</X>
        <Y>-254.821182</Y>
        <Z>13.94676</Z>
      </Vector3>
      <Vector3>
        <X>-2390.716</X>
        <Y>-253.058182</Y>
        <Z>13.943449</Z>
      </Vector3>
      <Vector3>
        <X>-2396.16162</X>
        <Y>-252.237885</Y>
        <Z>14.0724335</Z>
      </Vector3>
      <Vector3>
        <X>-2391.71582</X>
        <Y>-254.8372</Y>
        <Z>15.402216</Z>
      </Vector3>
      <Vector3>
        <X>-2395.12964</X>
        <Y>-250.4749</Y>
        <Z>14.0691223</Z>
      </Vector3>
      <Vector3>
        <X>-2390.684</X>
        <Y>-253.074219</Y>
        <Z>15.3989048</Z>
      </Vector3>
      <Vector3>
        <X>-2396.12939</X>
        <Y>-252.253922</Y>
        <Z>15.5278893</Z>
      </Vector3>
      <Vector3>
        <X>-2395.09766</X>
        <Y>-250.490921</Y>
        <Z>15.524579</Z>
      </Vector3>
    </Bounds>
    <CenterCamPosition>
      <X>0</X>
      <Y>0</Y>
    </CenterCamPosition>
    <ScreenBounds />
    <DistanceToCam>0</DistanceToCam>
    <Speed>7.460183</Speed>
    <AccInput>0</AccInput>
    <RPM>1.35798967</RPM>
    <Gear>0</Gear>
    <SteeringAngle>5.853084E-41</SteeringAngle>
    <WheelSpeed>0</WheelSpeed>
    <CarType>Sports</CarType>
  </MyCar>
  <Peds />
  <Time>133384</Time>
  <LastFrameTime>0.0179491639</LastFrameTime>
  <MyProperty>0</MyProperty>
  <Weather>Clear</Weather>
  <Steering>127</Steering>
  <Acc>174</Acc>
  <Brake>169</Brake>
  <DayTime>15:16:13</DayTime>
  <Position>
    <X>-2394.32251</X>
    <Y>-252.127716</Y>
    <Z>15.6616583</Z>
  </Position>
  <Rotation>
    <X>0.908930063</X>
    <Y>0.593564332</Y>
    <Z>59.6714439</Z>
  </Rotation>
</Screenshot>