<?xml version="1.0" encoding="utf-8"?>
<Screenshot xmlns:xsd="http://www.w3.org/2001/XMLSchema" xmlns:xsi="http://www.w3.org/2001/XMLSchema-instance">
  <Cars />
  <MyCar>
    <Position>
      <X>-2393.72559</X>
      <Y>-252.4789</Y>
      <Z>14.7441826</Z>
    </Position>
    <Rotation>
      <X>1.40455484</X>
      <Y>0.09041109</Y>
      <Z>59.66166</Z>
    </Rotation>
    <Handle>663810</Handle>
    <Bounds>
      <Vector3>
        <X>-2392.05054</X>
        <Y>-254.643921</Y>
        <Z>13.955369</Z>
      </Vector3>
      <Vector3>
        <X>-2391.0188</X>
        <Y>-252.880936</Y>
        <Z>13.9521456</Z>
      </Vector3>
      <Vector3>
        <X>-2396.464</X>
        <Y>-252.060608</Y>
        <Z>14.08076</Z>
      </Vector3>
      <Vector3>
        <X>-2392.01855</X>
        <Y>-254.659958</Y>
        <Z>15.4108267</Z>
      </Vector3>
      <Vector3>
        <X>-2395.43237</X>
        <Y>-250.297623</Y>
        <Z>14.0775366</Z>
      </Vector3>
      <Vector3>
        <X>-2390.98682</X>
        <Y>-252.896973</Y>
        <Z>15.4076033</Z>
      </Vector3>
      <Vector3>
        <X>-2396.43237</X>
        <Y>-252.076645</Y>
        <Z>15.5362186</Z>
      </Vector3>
      <Vector3>
        <X>-2395.40039</X>
        <Y>-250.31366</Y>
        <Z>15.5329952</Z>
      </Vector3>
    </Bounds>
    <CenterCamPosition>
      <X>0</X>
      <Y>0</Y>
    </CenterCamPosition>
    <ScreenBounds />
    <DistanceToCam>0</DistanceToCam>
    <Speed>7.459304</Speed>
    <AccInput>0</AccInput>
    <RPM>1.35798967</RPM>
    <Gear>0</Gear>
    <SteeringAngle>5.853084E-41</SteeringAngle>
    <WheelSpeed>0</WheelSpeed>
    <CarType>Sports</CarType>
  </MyCar>
  <Peds />
  <Time>133431</Time>
  <LastFrameTime>0.0470493771</LastFrameTime>
  <MyProperty>0</MyProperty>
  <Weather>Clear</Weather>
  <Steering>127</Steering>
  <Acc>174</Acc>
  <Brake>169</Brake>
  <DayTime>15:16:13</DayTime>
  <Position>
    <X>-2394.43848</X>
    <Y>-252.060089</Y>
    <Z>15.6648769</Z>
  </Position>
  <Rotation>
    <X>0.907762</X>
    <Y>0.592793643</Y>
    <Z>59.67132</Z>
  </Rotation>
</Screenshot>