<?xml version="1.0" encoding="utf-8"?>
<Screenshot xmlns:xsd="http://www.w3.org/2001/XMLSchema" xmlns:xsi="http://www.w3.org/2001/XMLSchema-instance">
  <Cars />
  <MyCar>
    <Position>
      <X>-2394.15283</X>
      <Y>-252.228912</Y>
      <Z>14.7561922</Z>
    </Position>
    <Rotation>
      <X>1.40072274</X>
      <Y>0.08898373</Y>
      <Z>59.6612968</Z>
    </Rotation>
    <Handle>663810</Handle>
    <Bounds>
      <Vector3>
        <X>-2392.47778</X>
        <Y>-254.393951</Y>
        <Z>13.9675226</Z>
      </Vector3>
      <Vector3>
        <X>-2391.446</X>
        <Y>-252.630981</Y>
        <Z>13.96435</Z>
      </Vector3>
      <Vector3>
        <X>-2396.89136</X>
        <Y>-251.810608</Y>
        <Z>14.0925722</Z>
      </Vector3>
      <Vector3>
        <X>-2392.446</X>
        <Y>-254.409973</Y>
        <Z>15.4229832</Z>
      </Vector3>
      <Vector3>
        <X>-2395.85962</X>
        <Y>-250.047638</Y>
        <Z>14.0894</Z>
      </Vector3>
      <Vector3>
        <X>-2391.414</X>
        <Y>-252.647</Y>
        <Z>15.41981</Z>
      </Vector3>
      <Vector3>
        <X>-2396.85962</X>
        <Y>-251.826645</Y>
        <Z>15.5480328</Z>
      </Vector3>
      <Vector3>
        <X>-2395.82764</X>
        <Y>-250.06366</Y>
        <Z>15.5448608</Z>
      </Vector3>
    </Bounds>
    <CenterCamPosition>
      <X>0</X>
      <Y>0</Y>
    </CenterCamPosition>
    <ScreenBounds />
    <DistanceToCam>0</DistanceToCam>
    <Speed>7.45803261</Speed>
    <AccInput>0</AccInput>
    <RPM>1.35798967</RPM>
    <Gear>0</Gear>
    <SteeringAngle>5.853084E-41</SteeringAngle>
    <WheelSpeed>0</WheelSpeed>
    <CarType>Sports</CarType>
  </MyCar>
  <Peds />
  <Time>133497</Time>
  <LastFrameTime>0.0473481975</LastFrameTime>
  <MyProperty>0</MyProperty>
  <Weather>Clear</Weather>
  <Steering>127</Steering>
  <Acc>174</Acc>
  <Brake>169</Brake>
  <DayTime>15:16:13</DayTime>
  <Position>
    <X>-2394.86377</X>
    <Y>-251.811188</Y>
    <Z>15.6767464</Z>
  </Position>
  <Rotation>
    <X>0.9033569</X>
    <Y>0.590458333</Y>
    <Z>59.67087</Z>
  </Rotation>
</Screenshot>