<?xml version="1.0" encoding="utf-8"?>
<Screenshot xmlns:xsd="http://www.w3.org/2001/XMLSchema" xmlns:xsi="http://www.w3.org/2001/XMLSchema-instance">
  <Cars />
  <MyCar>
    <Position>
      <X>-2393.84814</X>
      <Y>-252.407272</Y>
      <Z>14.7476292</Z>
    </Position>
    <Rotation>
      <X>1.403309</X>
      <Y>0.09053174</Y>
      <Z>59.6615677</Z>
    </Rotation>
    <Handle>663810</Handle>
    <Bounds>
      <Vector3>
        <X>-2392.173</X>
        <Y>-254.572311</Y>
        <Z>13.9588728</Z>
      </Vector3>
      <Vector3>
        <X>-2391.14136</X>
        <Y>-252.809326</Y>
        <Z>13.9556446</Z>
      </Vector3>
      <Vector3>
        <X>-2396.58667</X>
        <Y>-251.988983</Y>
        <Z>14.0841532</Z>
      </Vector3>
      <Vector3>
        <X>-2392.141</X>
        <Y>-254.588333</Y>
        <Z>15.4143314</Z>
      </Vector3>
      <Vector3>
        <X>-2395.555</X>
        <Y>-250.226</Y>
        <Z>14.0809259</Z>
      </Vector3>
      <Vector3>
        <X>-2391.10938</X>
        <Y>-252.825348</Y>
        <Z>15.4111042</Z>
      </Vector3>
      <Vector3>
        <X>-2396.555</X>
        <Y>-252.00502</Y>
        <Z>15.5396118</Z>
      </Vector3>
      <Vector3>
        <X>-2395.523</X>
        <Y>-250.24202</Y>
        <Z>15.5363846</Z>
      </Vector3>
    </Bounds>
    <CenterCamPosition>
      <X>0</X>
      <Y>0</Y>
    </CenterCamPosition>
    <ScreenBounds />
    <DistanceToCam>0</DistanceToCam>
    <Speed>7.458945</Speed>
    <AccInput>0</AccInput>
    <RPM>1.35798967</RPM>
    <Gear>0</Gear>
    <SteeringAngle>5.853084E-41</SteeringAngle>
    <WheelSpeed>0</WheelSpeed>
    <CarType>Sports</CarType>
  </MyCar>
  <Peds />
  <Time>133450</Time>
  <LastFrameTime>0.019011952</LastFrameTime>
  <MyProperty>0</MyProperty>
  <Weather>Clear</Weather>
  <Steering>127</Steering>
  <Acc>174</Acc>
  <Brake>169</Brake>
  <DayTime>15:16:13</DayTime>
  <Position>
    <X>-2394.74121</X>
    <Y>-251.882828</Y>
    <Z>15.6733246</Z>
  </Position>
  <Rotation>
    <X>0.9046028</X>
    <Y>0.5903375</Y>
    <Z>59.6709747</Z>
  </Rotation>
</Screenshot>