<?xml version="1.0" encoding="utf-8"?>
<Screenshot xmlns:xsd="http://www.w3.org/2001/XMLSchema" xmlns:xsi="http://www.w3.org/2001/XMLSchema-instance">
  <Cars />
  <MyCar>
    <Position>
      <X>-2394.724</X>
      <Y>-251.8945</Y>
      <Z>14.77224</Z>
    </Position>
    <Rotation>
      <X>1.396929</X>
      <Y>0.09094922</Y>
      <Z>59.66098</Z>
    </Rotation>
    <Handle>663810</Handle>
    <Bounds>
      <Vector3>
        <X>-2393.049</X>
        <Y>-254.0596</Y>
        <Z>13.9837732</Z>
      </Vector3>
      <Vector3>
        <X>-2392.01733</X>
        <Y>-252.296631</Y>
        <Z>13.9805307</Z>
      </Vector3>
      <Vector3>
        <X>-2397.46265</X>
        <Y>-251.476227</Y>
        <Z>14.1084843</Z>
      </Vector3>
      <Vector3>
        <X>-2393.01733</X>
        <Y>-254.075531</Y>
        <Z>15.4392357</Z>
      </Vector3>
      <Vector3>
        <X>-2396.431</X>
        <Y>-249.713257</Y>
        <Z>14.1052418</Z>
      </Vector3>
      <Vector3>
        <X>-2391.98535</X>
        <Y>-252.312561</Y>
        <Z>15.4359932</Z>
      </Vector3>
      <Vector3>
        <X>-2397.431</X>
        <Y>-251.492172</Y>
        <Z>15.5639467</Z>
      </Vector3>
      <Vector3>
        <X>-2396.39917</X>
        <Y>-249.729187</Y>
        <Z>15.5607042</Z>
      </Vector3>
    </Bounds>
    <CenterCamPosition>
      <X>0</X>
      <Y>0</Y>
    </CenterCamPosition>
    <ScreenBounds />
    <DistanceToCam>0</DistanceToCam>
    <Speed>7.456323</Speed>
    <AccInput>0</AccInput>
    <RPM>1.35798967</RPM>
    <Gear>0</Gear>
    <SteeringAngle>5.853084E-41</SteeringAngle>
    <WheelSpeed>0</WheelSpeed>
    <CarType>Sports</CarType>
  </MyCar>
  <Peds />
  <Time>133586</Time>
  <LastFrameTime>0.0216343235</LastFrameTime>
  <MyProperty>0</MyProperty>
  <Weather>Clear</Weather>
  <Steering>127</Steering>
  <Acc>174</Acc>
  <Brake>169</Brake>
  <DayTime>15:16:13</DayTime>
  <Position>
    <X>-2395.60059</X>
    <Y>-251.379852</Y>
    <Z>15.6973391</Z>
  </Position>
  <Rotation>
    <X>0.8983063</X>
    <Y>0.5906775</Y>
    <Z>59.67031</Z>
  </Rotation>
</Screenshot>