<?xml version="1.0" encoding="utf-8"?>
<Screenshot xmlns:xsd="http://www.w3.org/2001/XMLSchema" xmlns:xsi="http://www.w3.org/2001/XMLSchema-instance">
  <Cars />
  <MyCar>
    <Position>
      <X>-2394.27539</X>
      <Y>-252.1572</Y>
      <Z>14.759635</Z>
    </Position>
    <Rotation>
      <X>1.39970136</X>
      <Y>0.0894587</Y>
      <Z>59.66122</Z>
    </Rotation>
    <Handle>663810</Handle>
    <Bounds>
      <Vector3>
        <X>-2392.60034</X>
        <Y>-254.32225</Y>
        <Z>13.9710188</Z>
      </Vector3>
      <Vector3>
        <X>-2391.5686</X>
        <Y>-252.55928</Y>
        <Z>13.96783</Z>
      </Vector3>
      <Vector3>
        <X>-2397.014</X>
        <Y>-251.7389</Y>
        <Z>14.0959778</Z>
      </Vector3>
      <Vector3>
        <X>-2392.5686</X>
        <Y>-254.338257</Y>
        <Z>15.42648</Z>
      </Vector3>
      <Vector3>
        <X>-2395.98218</X>
        <Y>-249.975922</Y>
        <Z>14.0927887</Z>
      </Vector3>
      <Vector3>
        <X>-2391.53662</X>
        <Y>-252.575272</Y>
        <Z>15.4232912</Z>
      </Vector3>
      <Vector3>
        <X>-2396.98218</X>
        <Y>-251.754913</Y>
        <Z>15.5514393</Z>
      </Vector3>
      <Vector3>
        <X>-2395.95044</X>
        <Y>-249.991928</Y>
        <Z>15.5482492</Z>
      </Vector3>
    </Bounds>
    <CenterCamPosition>
      <X>0</X>
      <Y>0</Y>
    </CenterCamPosition>
    <ScreenBounds />
    <DistanceToCam>0</DistanceToCam>
    <Speed>7.45766973</Speed>
    <AccInput>0</AccInput>
    <RPM>1.35798967</RPM>
    <Gear>0</Gear>
    <SteeringAngle>5.853084E-41</SteeringAngle>
    <WheelSpeed>0</WheelSpeed>
    <CarType>Sports</CarType>
  </MyCar>
  <Peds />
  <Time>133516</Time>
  <LastFrameTime>0.0190386381</LastFrameTime>
  <MyProperty>0</MyProperty>
  <Weather>Clear</Weather>
  <Steering>127</Steering>
  <Acc>174</Acc>
  <Brake>169</Brake>
  <DayTime>15:16:13</DayTime>
  <Position>
    <X>-2395.16846</X>
    <Y>-251.632828</Y>
    <Z>15.685256</Z>
  </Position>
  <Rotation>
    <X>0.9007702</X>
    <Y>0.5889109</Y>
    <Z>59.67056</Z>
  </Rotation>
</Screenshot>