<?xml version="1.0" encoding="utf-8"?>
<Screenshot xmlns:xsd="http://www.w3.org/2001/XMLSchema" xmlns:xsi="http://www.w3.org/2001/XMLSchema-instance">
  <Cars />
  <MyCar>
    <Position>
      <X>-2394.585</X>
      <Y>-251.975983</Y>
      <Z>14.7683258</Z>
    </Position>
    <Rotation>
      <X>1.39825857</X>
      <Y>0.09075009</Y>
      <Z>59.6610565</Z>
    </Rotation>
    <Handle>663810</Handle>
    <Bounds>
      <Vector3>
        <X>-2392.91</X>
        <Y>-254.141068</Y>
        <Z>13.9797974</Z>
      </Vector3>
      <Vector3>
        <X>-2391.87817</X>
        <Y>-252.3781</Y>
        <Z>13.9765615</Z>
      </Vector3>
      <Vector3>
        <X>-2397.32349</X>
        <Y>-251.557709</Y>
        <Z>14.1046267</Z>
      </Vector3>
      <Vector3>
        <X>-2392.87817</X>
        <Y>-254.157028</Y>
        <Z>15.4352589</Z>
      </Vector3>
      <Vector3>
        <X>-2396.29175</X>
        <Y>-249.794724</Y>
        <Z>14.1013908</Z>
      </Vector3>
      <Vector3>
        <X>-2391.84619</X>
        <Y>-252.394043</Y>
        <Z>15.432024</Z>
      </Vector3>
      <Vector3>
        <X>-2397.29175</X>
        <Y>-251.573654</Y>
        <Z>15.5600891</Z>
      </Vector3>
      <Vector3>
        <X>-2396.26</X>
        <Y>-249.810684</Y>
        <Z>15.5568533</Z>
      </Vector3>
    </Bounds>
    <CenterCamPosition>
      <X>0</X>
      <Y>0</Y>
    </CenterCamPosition>
    <ScreenBounds />
    <DistanceToCam>0</DistanceToCam>
    <Speed>7.456744</Speed>
    <AccInput>0</AccInput>
    <RPM>1.35798967</RPM>
    <Gear>0</Gear>
    <SteeringAngle>5.853084E-41</SteeringAngle>
    <WheelSpeed>0</WheelSpeed>
    <CarType>Sports</CarType>
  </MyCar>
  <Peds />
  <Time>133564</Time>
  <LastFrameTime>0.0481121652</LastFrameTime>
  <MyProperty>0</MyProperty>
  <Weather>Clear</Weather>
  <Steering>127</Steering>
  <Acc>174</Acc>
  <Brake>169</Brake>
  <DayTime>15:16:13</DayTime>
  <Position>
    <X>-2395.291</X>
    <Y>-251.5611</Y>
    <Z>15.6886778</Z>
  </Position>
  <Rotation>
    <X>0.899748862</X>
    <Y>0.5893859</Y>
    <Z>59.6704674</Z>
  </Rotation>
</Screenshot>