<?xml version="1.0" encoding="utf-8"?>
<Screenshot xmlns:xsd="http://www.w3.org/2001/XMLSchema" xmlns:xsi="http://www.w3.org/2001/XMLSchema-instance">
  <Cars />
  <MyCar>
    <Position>
      <X>-2395.15527</X>
      <Y>-251.642075</Y>
      <Z>14.7843513</Z>
    </Position>
    <Rotation>
      <X>1.39438534</X>
      <Y>0.09313157</Y>
      <Z>59.6626</Z>
    </Rotation>
    <Handle>663810</Handle>
    <Bounds>
      <Vector3>
        <X>-2393.48022</X>
        <Y>-253.807175</Y>
        <Z>13.9960365</Z>
      </Vector3>
      <Vector3>
        <X>-2392.44849</X>
        <Y>-252.044174</Y>
        <Z>13.9927168</Z>
      </Vector3>
      <Vector3>
        <X>-2397.8938</X>
        <Y>-251.223923</Y>
        <Z>14.1205206</Z>
      </Vector3>
      <Vector3>
        <X>-2393.44824</X>
        <Y>-253.823029</Y>
        <Z>15.4515009</Z>
      </Vector3>
      <Vector3>
        <X>-2396.862</X>
        <Y>-249.4609</Y>
        <Z>14.1172</Z>
      </Vector3>
      <Vector3>
        <X>-2392.4165</X>
        <Y>-252.060013</Y>
        <Z>15.44818</Z>
      </Vector3>
      <Vector3>
        <X>-2397.862</X>
        <Y>-251.239777</Y>
        <Z>15.575985</Z>
      </Vector3>
      <Vector3>
        <X>-2396.83032</X>
        <Y>-249.476761</Y>
        <Z>15.5726643</Z>
      </Vector3>
    </Bounds>
    <CenterCamPosition>
      <X>0</X>
      <Y>0</Y>
    </CenterCamPosition>
    <ScreenBounds />
    <DistanceToCam>0</DistanceToCam>
    <Speed>7.45502</Speed>
    <AccInput>0</AccInput>
    <RPM>1.35798967</RPM>
    <Gear>0</Gear>
    <SteeringAngle>5.853084E-41</SteeringAngle>
    <WheelSpeed>0</WheelSpeed>
    <CarType>Sports</CarType>
  </MyCar>
  <Peds />
  <Time>133653</Time>
  <LastFrameTime>0.022384014</LastFrameTime>
  <MyProperty>0</MyProperty>
  <Weather>Clear</Weather>
  <Steering>127</Steering>
  <Acc>174</Acc>
  <Brake>169</Brake>
  <DayTime>15:16:13</DayTime>
  <Position>
    <X>-2396.02686</X>
    <Y>-251.130157</Y>
    <Z>15.7092552</Z>
  </Position>
  <Rotation>
    <X>0.8949647</X>
    <Y>0.592541158</Y>
    <Z>59.6710854</Z>
  </Rotation>
</Screenshot>