<?xml version="1.0" encoding="utf-8"?>
<Screenshot xmlns:xsd="http://www.w3.org/2001/XMLSchema" xmlns:xsi="http://www.w3.org/2001/XMLSchema-instance">
  <Cars />
  <MyCar>
    <Position>
      <X>-2395.01123</X>
      <Y>-251.726334</Y>
      <Z>14.7803106</Z>
    </Position>
    <Rotation>
      <X>1.394917</X>
      <Y>0.0926134</Y>
      <Z>59.6618347</Z>
    </Rotation>
    <Handle>663810</Handle>
    <Bounds>
      <Vector3>
        <X>-2393.33618</X>
        <Y>-253.891449</Y>
        <Z>13.9919634</Z>
      </Vector3>
      <Vector3>
        <X>-2392.30444</X>
        <Y>-252.128448</Y>
        <Z>13.9886618</Z>
      </Vector3>
      <Vector3>
        <X>-2397.74976</X>
        <Y>-251.308136</Y>
        <Z>14.1164942</Z>
      </Vector3>
      <Vector3>
        <X>-2393.30444</X>
        <Y>-253.907318</Y>
        <Z>15.4474268</Z>
      </Vector3>
      <Vector3>
        <X>-2396.718</X>
        <Y>-249.545135</Y>
        <Z>14.1131926</Z>
      </Vector3>
      <Vector3>
        <X>-2392.27246</X>
        <Y>-252.144318</Y>
        <Z>15.4441252</Z>
      </Vector3>
      <Vector3>
        <X>-2397.718</X>
        <Y>-251.324</Y>
        <Z>15.5719585</Z>
      </Vector3>
      <Vector3>
        <X>-2396.68628</X>
        <Y>-249.56102</Y>
        <Z>15.5686569</Z>
      </Vector3>
    </Bounds>
    <CenterCamPosition>
      <X>0</X>
      <Y>0</Y>
    </CenterCamPosition>
    <ScreenBounds />
    <DistanceToCam>0</DistanceToCam>
    <Speed>7.455457</Speed>
    <AccInput>0</AccInput>
    <RPM>1.35798967</RPM>
    <Gear>0</Gear>
    <SteeringAngle>5.853084E-41</SteeringAngle>
    <WheelSpeed>0</WheelSpeed>
    <CarType>Sports</CarType>
  </MyCar>
  <Peds />
  <Time>133630</Time>
  <LastFrameTime>0.0446612835</LastFrameTime>
  <MyProperty>0</MyProperty>
  <Weather>Clear</Weather>
  <Steering>127</Steering>
  <Acc>174</Acc>
  <Brake>169</Brake>
  <DayTime>15:16:13</DayTime>
  <Position>
    <X>-2395.73975</X>
    <Y>-251.298355</Y>
    <Z>15.7012253</Z>
  </Position>
  <Rotation>
    <X>0.89697665</X>
    <Y>0.5908768</Y>
    <Z>59.67023</Z>
  </Rotation>
</Screenshot>