<?xml version="1.0" encoding="utf-8"?>
<Screenshot xmlns:xsd="http://www.w3.org/2001/XMLSchema" xmlns:xsi="http://www.w3.org/2001/XMLSchema-instance">
  <Cars />
  <MyCar>
    <Position>
      <X>-2395.36328</X>
      <Y>-251.520477</Y>
      <Z>14.7901936</Z>
    </Position>
    <Rotation>
      <X>1.39326525</X>
      <Y>0.0942041948</Y>
      <Z>59.6643639</Z>
    </Rotation>
    <Handle>663810</Handle>
    <Bounds>
      <Vector3>
        <X>-2393.688</X>
        <Y>-253.685547</Y>
        <Z>14.0019474</Z>
      </Vector3>
      <Vector3>
        <X>-2392.65625</X>
        <Y>-251.9225</Y>
        <Z>13.9985895</Z>
      </Vector3>
      <Vector3>
        <X>-2398.10181</X>
        <Y>-251.102417</Y>
        <Z>14.1263313</Z>
      </Vector3>
      <Vector3>
        <X>-2393.65625</X>
        <Y>-253.701355</Y>
        <Z>15.4574127</Z>
      </Vector3>
      <Vector3>
        <X>-2397.07</X>
        <Y>-249.339386</Y>
        <Z>14.1229734</Z>
      </Vector3>
      <Vector3>
        <X>-2392.62451</X>
        <Y>-251.938324</Y>
        <Z>15.4540539</Z>
      </Vector3>
      <Vector3>
        <X>-2398.07</X>
        <Y>-251.11824</Y>
        <Z>15.5817966</Z>
      </Vector3>
      <Vector3>
        <X>-2397.03833</X>
        <Y>-249.3552</Y>
        <Z>15.5784378</Z>
      </Vector3>
    </Bounds>
    <CenterCamPosition>
      <X>0</X>
      <Y>0</Y>
    </CenterCamPosition>
    <ScreenBounds />
    <DistanceToCam>0</DistanceToCam>
    <Speed>7.45439148</Speed>
    <AccInput>0</AccInput>
    <RPM>1.35798967</RPM>
    <Gear>0</Gear>
    <SteeringAngle>5.853084E-41</SteeringAngle>
    <WheelSpeed>0</WheelSpeed>
    <CarType>Sports</CarType>
  </MyCar>
  <Peds />
  <Time>133685</Time>
  <LastFrameTime>0.0323078148</LastFrameTime>
  <MyProperty>0</MyProperty>
  <Weather>Clear</Weather>
  <Steering>127</Steering>
  <Acc>174</Acc>
  <Brake>169</Brake>
  <DayTime>15:16:13</DayTime>
  <Position>
    <X>-2396.171</X>
    <Y>-251.0459</Y>
    <Z>15.7132845</Z>
  </Position>
  <Rotation>
    <X>0.894433141</X>
    <Y>0.5930592</Y>
    <Z>59.6718559</Z>
  </Rotation>
</Screenshot>