<?xml version="1.0" encoding="utf-8"?>
<Screenshot xmlns:xsd="http://www.w3.org/2001/XMLSchema" xmlns:xsi="http://www.w3.org/2001/XMLSchema-instance">
  <Cars />
  <MyCar>
    <Position>
      <X>-2395.98145</X>
      <Y>-251.159088</Y>
      <Z>14.8077965</Z>
    </Position>
    <Rotation>
      <X>1.40859008</X>
      <Y>0.0919052958</Y>
      <Z>59.67451</Z>
    </Rotation>
    <Handle>663810</Handle>
    <Bounds>
      <Vector3>
        <X>-2394.306</X>
        <Y>-253.32373</Y>
        <Z>14.01883</Z>
      </Vector3>
      <Vector3>
        <X>-2393.27466</X>
        <Y>-251.5605</Y>
        <Z>14.0155535</Z>
      </Vector3>
      <Vector3>
        <X>-2398.72021</X>
        <Y>-250.741409</Y>
        <Z>14.1445827</Z>
      </Vector3>
      <Vector3>
        <X>-2394.274</X>
        <Y>-253.339783</Y>
        <Z>15.4742861</Z>
      </Vector3>
      <Vector3>
        <X>-2397.68872</X>
        <Y>-248.97818</Y>
        <Z>14.1413059</Z>
      </Vector3>
      <Vector3>
        <X>-2393.24243</X>
        <Y>-251.576553</Y>
        <Z>15.4710093</Z>
      </Vector3>
      <Vector3>
        <X>-2398.68823</X>
        <Y>-250.757462</Y>
        <Z>15.6000376</Z>
      </Vector3>
      <Vector3>
        <X>-2397.65674</X>
        <Y>-248.994247</Y>
        <Z>15.5967607</Z>
      </Vector3>
    </Bounds>
    <CenterCamPosition>
      <X>0</X>
      <Y>0</Y>
    </CenterCamPosition>
    <ScreenBounds />
    <DistanceToCam>0</DistanceToCam>
    <Speed>7.459129</Speed>
    <AccInput>0</AccInput>
    <RPM>1.35798967</RPM>
    <Gear>0</Gear>
    <SteeringAngle>5.853084E-41</SteeringAngle>
    <WheelSpeed>0</WheelSpeed>
    <CarType>Sports</CarType>
  </MyCar>
  <Peds />
  <Time>133781</Time>
  <LastFrameTime>0.0494458452</LastFrameTime>
  <MyProperty>0</MyProperty>
  <Weather>Clear</Weather>
  <Steering>127</Steering>
  <Acc>176</Acc>
  <Brake>169</Brake>
  <DayTime>15:16:13</DayTime>
  <Position>
    <X>-2396.67871</X>
    <Y>-250.74913</Y>
    <Z>15.7277756</Z>
  </Position>
  <Rotation>
    <X>0.9004482</X>
    <Y>0.5926305</Y>
    <Z>59.6780624</Z>
  </Rotation>
</Screenshot>