<?xml version="1.0" encoding="utf-8"?>
<Screenshot xmlns:xsd="http://www.w3.org/2001/XMLSchema" xmlns:xsi="http://www.w3.org/2001/XMLSchema-instance">
  <Cars />
  <MyCar>
    <Position>
      <X>-2395.663</X>
      <Y>-251.345139</Y>
      <Z>14.7987185</Z>
    </Position>
    <Rotation>
      <X>1.40039992</X>
      <Y>0.09270362</Y>
      <Z>59.6687546</Z>
    </Rotation>
    <Handle>663810</Handle>
    <Bounds>
      <Vector3>
        <X>-2393.98779</X>
        <Y>-253.51001</Y>
        <Z>14.01013</Z>
      </Vector3>
      <Vector3>
        <X>-2392.9563</X>
        <Y>-251.746887</Y>
        <Z>14.0068245</Z>
      </Vector3>
      <Vector3>
        <X>-2398.40186</X>
        <Y>-250.927231</Y>
        <Z>14.1351509</Z>
      </Vector3>
      <Vector3>
        <X>-2393.95581</X>
        <Y>-253.52594</Y>
        <Z>15.4655905</Z>
      </Vector3>
      <Vector3>
        <X>-2397.37</X>
        <Y>-249.164124</Y>
        <Z>14.1318455</Z>
      </Vector3>
      <Vector3>
        <X>-2392.92432</X>
        <Y>-251.762833</Y>
        <Z>15.462285</Z>
      </Vector3>
      <Vector3>
        <X>-2398.36987</X>
        <Y>-250.943176</Y>
        <Z>15.5906115</Z>
      </Vector3>
      <Vector3>
        <X>-2397.33838</X>
        <Y>-249.180054</Y>
        <Z>15.587306</Z>
      </Vector3>
    </Bounds>
    <CenterCamPosition>
      <X>0</X>
      <Y>0</Y>
    </CenterCamPosition>
    <ScreenBounds />
    <DistanceToCam>0</DistanceToCam>
    <Speed>7.45374727</Speed>
    <AccInput>0</AccInput>
    <RPM>1.35798967</RPM>
    <Gear>0</Gear>
    <SteeringAngle>5.853084E-41</SteeringAngle>
    <WheelSpeed>0</WheelSpeed>
    <CarType>Sports</CarType>
  </MyCar>
  <Peds />
  <Time>133732</Time>
  <LastFrameTime>0.04660099</LastFrameTime>
  <MyProperty>0</MyProperty>
  <Weather>Clear</Weather>
  <Steering>127</Steering>
  <Acc>174</Acc>
  <Brake>169</Brake>
  <DayTime>15:16:13</DayTime>
  <Position>
    <X>-2396.379</X>
    <Y>-250.924316</Y>
    <Z>15.7191038</Z>
  </Position>
  <Rotation>
    <X>0.893313348</X>
    <Y>0.594132</Y>
    <Z>59.6736259</Z>
  </Rotation>
</Screenshot>