<?xml version="1.0" encoding="utf-8"?>
<Screenshot xmlns:xsd="http://www.w3.org/2001/XMLSchema" xmlns:xsi="http://www.w3.org/2001/XMLSchema-instance">
  <Cars />
  <MyCar>
    <Position>
      <X>-2396.19751</X>
      <Y>-251.032791</Y>
      <Z>14.8139534</Z>
    </Position>
    <Rotation>
      <X>1.41419137</X>
      <Y>0.0914981142</Y>
      <Z>59.6791763</Z>
    </Rotation>
    <Handle>663810</Handle>
    <Bounds>
      <Vector3>
        <X>-2394.522</X>
        <Y>-253.19725</Y>
        <Z>14.0247316</Z>
      </Vector3>
      <Vector3>
        <X>-2393.49072</X>
        <Y>-251.433945</Y>
        <Z>14.02147</Z>
      </Vector3>
      <Vector3>
        <X>-2398.93628</X>
        <Y>-250.6153</Y>
        <Z>14.1509838</Z>
      </Vector3>
      <Vector3>
        <X>-2394.48975</X>
        <Y>-253.213379</Y>
        <Z>15.4801836</Z>
      </Vector3>
      <Vector3>
        <X>-2397.905</X>
        <Y>-248.85199</Y>
        <Z>14.1477213</Z>
      </Vector3>
      <Vector3>
        <X>-2393.4585</X>
        <Y>-251.450073</Y>
        <Z>15.476922</Z>
      </Vector3>
      <Vector3>
        <X>-2398.9043</X>
        <Y>-250.631424</Y>
        <Z>15.6064358</Z>
      </Vector3>
      <Vector3>
        <X>-2397.873</X>
        <Y>-248.868118</Y>
        <Z>15.6031733</Z>
      </Vector3>
    </Bounds>
    <CenterCamPosition>
      <X>0</X>
      <Y>0</Y>
    </CenterCamPosition>
    <ScreenBounds />
    <DistanceToCam>0</DistanceToCam>
    <Speed>7.46340275</Speed>
    <AccInput>0</AccInput>
    <RPM>1.35798967</RPM>
    <Gear>0</Gear>
    <SteeringAngle>5.853084E-41</SteeringAngle>
    <WheelSpeed>0</WheelSpeed>
    <CarType>Sports</CarType>
  </MyCar>
  <Peds />
  <Time>133815</Time>
  <LastFrameTime>0.03355182</LastFrameTime>
  <MyProperty>0</MyProperty>
  <Weather>Clear</Weather>
  <Steering>127</Steering>
  <Acc>176</Acc>
  <Brake>169</Brake>
  <DayTime>15:16:13</DayTime>
  <Position>
    <X>-2396.997</X>
    <Y>-250.563263</Y>
    <Z>15.7370214</Z>
  </Position>
  <Rotation>
    <X>0.9086386</X>
    <Y>0.59183085</Y>
    <Z>59.68389</Z>
  </Rotation>
</Screenshot>