<?xml version="1.0" encoding="utf-8"?>
<Screenshot xmlns:xsd="http://www.w3.org/2001/XMLSchema" xmlns:xsi="http://www.w3.org/2001/XMLSchema-instance">
  <Cars />
  <MyCar>
    <Position>
      <X>-2396.31714</X>
      <Y>-250.963</Y>
      <Z>14.8173618</Z>
    </Position>
    <Rotation>
      <X>1.41662908</X>
      <Y>0.09130067</Y>
      <Z>59.6817856</Z>
    </Rotation>
    <Handle>663810</Handle>
    <Bounds>
      <Vector3>
        <X>-2394.6416</X>
        <Y>-253.127365</Y>
        <Z>14.0280285</Z>
      </Vector3>
      <Vector3>
        <X>-2393.61035</X>
        <Y>-251.364014</Y>
        <Z>14.0247736</Z>
      </Vector3>
      <Vector3>
        <X>-2399.05615</X>
        <Y>-250.545609</Y>
        <Z>14.1544981</Z>
      </Vector3>
      <Vector3>
        <X>-2394.60938</X>
        <Y>-253.143524</Y>
        <Z>15.4834795</Z>
      </Vector3>
      <Vector3>
        <X>-2398.025</X>
        <Y>-248.782257</Y>
        <Z>14.1512432</Z>
      </Vector3>
      <Vector3>
        <X>-2393.57813</X>
        <Y>-251.380173</Y>
        <Z>15.4802246</Z>
      </Vector3>
      <Vector3>
        <X>-2399.02368</X>
        <Y>-250.561768</Y>
        <Z>15.6099491</Z>
      </Vector3>
      <Vector3>
        <X>-2397.99268</X>
        <Y>-248.798431</Y>
        <Z>15.6066933</Z>
      </Vector3>
    </Bounds>
    <CenterCamPosition>
      <X>0</X>
      <Y>0</Y>
    </CenterCamPosition>
    <ScreenBounds />
    <DistanceToCam>0</DistanceToCam>
    <Speed>7.465771</Speed>
    <AccInput>0</AccInput>
    <RPM>1.35798967</RPM>
    <Gear>0</Gear>
    <SteeringAngle>5.853084E-41</SteeringAngle>
    <WheelSpeed>0</WheelSpeed>
    <CarType>Sports</CarType>
  </MyCar>
  <Peds />
  <Time>133833</Time>
  <LastFrameTime>0.0185362585</LastFrameTime>
  <MyProperty>0</MyProperty>
  <Weather>Clear</Weather>
  <Steering>127</Steering>
  <Acc>176</Acc>
  <Brake>169</Brake>
  <DayTime>15:16:13</DayTime>
  <Position>
    <X>-2397.21313</X>
    <Y>-250.4371</Y>
    <Z>15.7432938</Z>
  </Position>
  <Rotation>
    <X>0.914240062</X>
    <Y>0.5914228</Y>
    <Z>59.6886024</Z>
  </Rotation>
</Screenshot>