<?xml version="1.0" encoding="utf-8"?>
<Screenshot xmlns:xsd="http://www.w3.org/2001/XMLSchema" xmlns:xsi="http://www.w3.org/2001/XMLSchema-instance">
  <Cars />
  <MyCar>
    <Position>
      <X>-2396.53</X>
      <Y>-250.8386</Y>
      <Z>14.8234205</Z>
    </Position>
    <Rotation>
      <X>1.421484</X>
      <Y>0.09109277</Y>
      <Z>59.6864929</Z>
    </Rotation>
    <Handle>663810</Handle>
    <Bounds>
      <Vector3>
        <X>-2394.85425</X>
        <Y>-253.002777</Y>
        <Z>14.0338688</Z>
      </Vector3>
      <Vector3>
        <X>-2393.82324</X>
        <Y>-251.239349</Y>
        <Z>14.0306206</Z>
      </Vector3>
      <Vector3>
        <X>-2399.269</X>
        <Y>-250.4214</Y>
        <Z>14.1607714</Z>
      </Vector3>
      <Vector3>
        <X>-2394.822</X>
        <Y>-253.019012</Y>
        <Z>15.489316</Z>
      </Vector3>
      <Vector3>
        <X>-2398.238</X>
        <Y>-248.657959</Y>
        <Z>14.1575241</Z>
      </Vector3>
      <Vector3>
        <X>-2393.791</X>
        <Y>-251.255585</Y>
        <Z>15.4860687</Z>
      </Vector3>
      <Vector3>
        <X>-2399.23657</X>
        <Y>-250.437622</Y>
        <Z>15.6162186</Z>
      </Vector3>
      <Vector3>
        <X>-2398.20557</X>
        <Y>-248.6742</Y>
        <Z>15.6129713</Z>
      </Vector3>
    </Bounds>
    <CenterCamPosition>
      <X>0</X>
      <Y>0</Y>
    </CenterCamPosition>
    <ScreenBounds />
    <DistanceToCam>0</DistanceToCam>
    <Speed>7.46998024</Speed>
    <AccInput>0</AccInput>
    <RPM>1.35798967</RPM>
    <Gear>0</Gear>
    <SteeringAngle>5.853084E-41</SteeringAngle>
    <WheelSpeed>0</WheelSpeed>
    <CarType>Sports</CarType>
  </MyCar>
  <Peds />
  <Time>133866</Time>
  <LastFrameTime>0.0330270976</LastFrameTime>
  <MyProperty>0</MyProperty>
  <Weather>Clear</Weather>
  <Steering>127</Steering>
  <Acc>176</Acc>
  <Brake>169</Brake>
  <DayTime>15:16:13</DayTime>
  <Position>
    <X>-2397.33276</X>
    <Y>-250.367371</Y>
    <Z>15.7467527</Z>
  </Position>
  <Rotation>
    <X>0.916677952</X>
    <Y>0.591225</Y>
    <Z>59.69124</Z>
  </Rotation>
</Screenshot>