<?xml version="1.0" encoding="utf-8"?>
<Screenshot xmlns:xsd="http://www.w3.org/2001/XMLSchema" xmlns:xsi="http://www.w3.org/2001/XMLSchema-instance">
  <Cars />
  <MyCar>
    <Position>
      <X>-2397.386</X>
      <Y>-250.33873</Y>
      <Z>14.8477812</Z>
    </Position>
    <Rotation>
      <X>1.4388448</X>
      <Y>0.09189687</Y>
      <Z>59.7070122</Z>
    </Rotation>
    <Handle>663810</Handle>
    <Bounds>
      <Vector3>
        <X>-2395.70972</X>
        <Y>-252.502213</Y>
        <Z>14.0574741</Z>
      </Vector3>
      <Vector3>
        <X>-2394.6792</X>
        <Y>-250.7384</Y>
        <Z>14.0541983</Z>
      </Vector3>
      <Vector3>
        <X>-2400.12524</X>
        <Y>-249.922424</Y>
        <Z>14.1859264</Z>
      </Vector3>
      <Vector3>
        <X>-2395.677</X>
        <Y>-252.518631</Y>
        <Z>15.5129108</Z>
      </Vector3>
      <Vector3>
        <X>-2399.095</X>
        <Y>-248.158615</Y>
        <Z>14.1826506</Z>
      </Vector3>
      <Vector3>
        <X>-2394.64648</X>
        <Y>-250.754822</Y>
        <Z>15.509634</Z>
      </Vector3>
      <Vector3>
        <X>-2400.09253</X>
        <Y>-249.938843</Y>
        <Z>15.6413631</Z>
      </Vector3>
      <Vector3>
        <X>-2399.06226</X>
        <Y>-248.175049</Y>
        <Z>15.6380863</Z>
      </Vector3>
    </Bounds>
    <CenterCamPosition>
      <X>0</X>
      <Y>0</Y>
    </CenterCamPosition>
    <ScreenBounds />
    <DistanceToCam>0</DistanceToCam>
    <Speed>7.48671675</Speed>
    <AccInput>0</AccInput>
    <RPM>1.35798967</RPM>
    <Gear>0</Gear>
    <SteeringAngle>5.853084E-41</SteeringAngle>
    <WheelSpeed>0</WheelSpeed>
    <CarType>Sports</CarType>
  </MyCar>
  <Peds />
  <Time>133999</Time>
  <LastFrameTime>0.0186740328</LastFrameTime>
  <MyProperty>0</MyProperty>
  <Weather>Clear</Weather>
  <Steering>127</Steering>
  <Acc>176</Acc>
  <Brake>169</Brake>
  <DayTime>15:16:13</DayTime>
  <Position>
    <X>-2398.281</X>
    <Y>-249.8141</Y>
    <Z>15.7741337</Z>
  </Position>
  <Rotation>
    <X>0.936183751</X>
    <Y>0.591581047</Y>
    <Z>59.71358</Z>
  </Rotation>
</Screenshot>