<?xml version="1.0" encoding="utf-8"?>
<Screenshot xmlns:xsd="http://www.w3.org/2001/XMLSchema" xmlns:xsi="http://www.w3.org/2001/XMLSchema-instance">
  <Cars />
  <MyCar>
    <Position>
      <X>-2396.83423</X>
      <Y>-250.661011</Y>
      <Z>14.8320742</Z>
    </Position>
    <Rotation>
      <X>1.42737865</X>
      <Y>0.09144554</Y>
      <Z>59.69344</Z>
    </Rotation>
    <Handle>663810</Handle>
    <Bounds>
      <Vector3>
        <X>-2395.1582</X>
        <Y>-252.824951</Y>
        <Z>14.0422678</Z>
      </Vector3>
      <Vector3>
        <X>-2394.12744</X>
        <Y>-251.0614</Y>
        <Z>14.0390072</Z>
      </Vector3>
      <Vector3>
        <X>-2399.57324</X>
        <Y>-250.24411</Y>
        <Z>14.1696959</Z>
      </Vector3>
      <Vector3>
        <X>-2395.12573</X>
        <Y>-252.841248</Y>
        <Z>15.4977112</Z>
      </Vector3>
      <Vector3>
        <X>-2398.54248</X>
        <Y>-248.48056</Y>
        <Z>14.1664362</Z>
      </Vector3>
      <Vector3>
        <X>-2394.095</X>
        <Y>-251.0777</Y>
        <Z>15.4944506</Z>
      </Vector3>
      <Vector3>
        <X>-2399.54077</X>
        <Y>-250.2604</Y>
        <Z>15.62514</Z>
      </Vector3>
      <Vector3>
        <X>-2398.51</X>
        <Y>-248.496857</Y>
        <Z>15.62188</Z>
      </Vector3>
    </Bounds>
    <CenterCamPosition>
      <X>0</X>
      <Y>0</Y>
    </CenterCamPosition>
    <ScreenBounds />
    <DistanceToCam>0</DistanceToCam>
    <Speed>7.475944</Speed>
    <AccInput>0</AccInput>
    <RPM>1.35798967</RPM>
    <Gear>0</Gear>
    <SteeringAngle>5.853084E-41</SteeringAngle>
    <WheelSpeed>0</WheelSpeed>
    <CarType>Sports</CarType>
  </MyCar>
  <Peds />
  <Time>133913</Time>
  <LastFrameTime>0.0471269526</LastFrameTime>
  <MyProperty>0</MyProperty>
  <Weather>Clear</Weather>
  <Steering>127</Steering>
  <Acc>176</Acc>
  <Brake>169</Brake>
  <DayTime>15:16:13</DayTime>
  <Position>
    <X>-2397.54565</X>
    <Y>-250.243088</Y>
    <Z>15.7529106</Z>
  </Position>
  <Rotation>
    <X>0.9215328</X>
    <Y>0.5910163</Y>
    <Z>59.6959953</Z>
  </Rotation>
</Screenshot>