<?xml version="1.0" encoding="utf-8"?>
<Screenshot xmlns:xsd="http://www.w3.org/2001/XMLSchema" xmlns:xsi="http://www.w3.org/2001/XMLSchema-instance">
  <Cars />
  <MyCar>
    <Position>
      <X>-2396.95874</X>
      <Y>-250.5882</Y>
      <Z>14.8356314</Z>
    </Position>
    <Rotation>
      <X>1.4299</X>
      <Y>0.09164518</Y>
      <Z>59.6965065</Z>
    </Rotation>
    <Handle>663810</Handle>
    <Bounds>
      <Vector3>
        <X>-2395.28271</X>
        <Y>-252.752045</Y>
        <Z>14.0457163</Z>
      </Vector3>
      <Vector3>
        <X>-2394.252</X>
        <Y>-250.988419</Y>
        <Z>14.042449</Z>
      </Vector3>
      <Vector3>
        <X>-2399.698</X>
        <Y>-250.171432</Y>
        <Z>14.17337</Z>
      </Vector3>
      <Vector3>
        <X>-2395.25024</X>
        <Y>-252.768356</Y>
        <Z>15.5011587</Z>
      </Vector3>
      <Vector3>
        <X>-2398.66724</X>
        <Y>-248.407822</Y>
        <Z>14.1701031</Z>
      </Vector3>
      <Vector3>
        <X>-2394.21948</X>
        <Y>-251.004745</Y>
        <Z>15.4978914</Z>
      </Vector3>
      <Vector3>
        <X>-2399.66528</X>
        <Y>-250.187759</Y>
        <Z>15.6288128</Z>
      </Vector3>
      <Vector3>
        <X>-2398.63452</X>
        <Y>-248.424149</Y>
        <Z>15.6255445</Z>
      </Vector3>
    </Bounds>
    <CenterCamPosition>
      <X>0</X>
      <Y>0</Y>
    </CenterCamPosition>
    <ScreenBounds />
    <DistanceToCam>0</DistanceToCam>
    <Speed>7.47837353</Speed>
    <AccInput>0</AccInput>
    <RPM>1.35798967</RPM>
    <Gear>0</Gear>
    <SteeringAngle>5.853084E-41</SteeringAngle>
    <WheelSpeed>0</WheelSpeed>
    <CarType>Sports</CarType>
  </MyCar>
  <Peds />
  <Time>133933</Time>
  <LastFrameTime>0.0193185322</LastFrameTime>
  <MyProperty>0</MyProperty>
  <Weather>Clear</Weather>
  <Steering>127</Steering>
  <Acc>176</Acc>
  <Brake>169</Brake>
  <DayTime>15:16:13</DayTime>
  <Position>
    <X>-2397.84985</X>
    <Y>-250.065674</Y>
    <Z>15.7616854</Z>
  </Position>
  <Rotation>
    <X>0.927428</X>
    <Y>0.5913681</Y>
    <Z>59.7030067</Z>
  </Rotation>
</Screenshot>