<?xml version="1.0" encoding="utf-8"?>
<Screenshot xmlns:xsd="http://www.w3.org/2001/XMLSchema" xmlns:xsi="http://www.w3.org/2001/XMLSchema-instance">
  <Cars />
  <MyCar>
    <Position>
      <X>-2397.26538</X>
      <Y>-250.40918</Y>
      <Z>14.8443422</Z>
    </Position>
    <Rotation>
      <X>1.43613374</X>
      <Y>0.09166</Y>
      <Z>59.7039146</Z>
    </Rotation>
    <Handle>663810</Handle>
    <Bounds>
      <Vector3>
        <X>-2395.589</X>
        <Y>-252.572769</Y>
        <Z>14.0541515</Z>
      </Vector3>
      <Vector3>
        <X>-2394.55859</X>
        <Y>-250.809021</Y>
        <Z>14.0508833</Z>
      </Vector3>
      <Vector3>
        <X>-2400.00464</X>
        <Y>-249.992737</Y>
        <Z>14.1823616</Z>
      </Vector3>
      <Vector3>
        <X>-2395.5564</X>
        <Y>-252.589157</Y>
        <Z>15.5095892</Z>
      </Vector3>
      <Vector3>
        <X>-2398.974</X>
        <Y>-248.228989</Y>
        <Z>14.1790934</Z>
      </Vector3>
      <Vector3>
        <X>-2394.526</X>
        <Y>-250.825409</Y>
        <Z>15.5063219</Z>
      </Vector3>
      <Vector3>
        <X>-2399.972</X>
        <Y>-250.00914</Y>
        <Z>15.6378</Z>
      </Vector3>
      <Vector3>
        <X>-2398.94141</X>
        <Y>-248.245392</Y>
        <Z>15.634532</Z>
      </Vector3>
    </Bounds>
    <CenterCamPosition>
      <X>0</X>
      <Y>0</Y>
    </CenterCamPosition>
    <ScreenBounds />
    <DistanceToCam>0</DistanceToCam>
    <Speed>7.48437452</Speed>
    <AccInput>0</AccInput>
    <RPM>1.35798967</RPM>
    <Gear>0</Gear>
    <SteeringAngle>5.853084E-41</SteeringAngle>
    <WheelSpeed>0</WheelSpeed>
    <CarType>Sports</CarType>
  </MyCar>
  <Peds />
  <Time>133980</Time>
  <LastFrameTime>0.047465492</LastFrameTime>
  <MyProperty>0</MyProperty>
  <Weather>Clear</Weather>
  <Steering>127</Steering>
  <Acc>176</Acc>
  <Brake>169</Brake>
  <DayTime>15:16:13</DayTime>
  <Position>
    <X>-2397.97437</X>
    <Y>-249.992935</Y>
    <Z>15.765295</Z>
  </Position>
  <Rotation>
    <X>0.929949641</X>
    <Y>0.591567159</Y>
    <Z>59.70611</Z>
  </Rotation>
</Screenshot>