<?xml version="1.0" encoding="utf-8"?>
<Screenshot xmlns:xsd="http://www.w3.org/2001/XMLSchema" xmlns:xsi="http://www.w3.org/2001/XMLSchema-instance">
  <Cars />
  <MyCar>
    <Position>
      <X>-2397.80518</X>
      <Y>-250.094162</Y>
      <Z>14.8596859</Z>
    </Position>
    <Rotation>
      <X>1.44811666</X>
      <Y>0.09126492</Y>
      <Z>59.7174072</Z>
    </Rotation>
    <Handle>663810</Handle>
    <Bounds>
      <Vector3>
        <X>-2396.12866</X>
        <Y>-252.257263</Y>
        <Z>14.0689573</Z>
      </Vector3>
      <Vector3>
        <X>-2395.09863</X>
        <Y>-250.493271</Y>
        <Z>14.0657034</Z>
      </Vector3>
      <Vector3>
        <X>-2400.54468</X>
        <Y>-249.678284</Y>
        <Z>14.1982365</Z>
      </Vector3>
      <Vector3>
        <X>-2396.0957</X>
        <Y>-252.273819</Y>
        <Z>15.5243874</Z>
      </Vector3>
      <Vector3>
        <X>-2399.51465</X>
        <Y>-247.914291</Y>
        <Z>14.1949825</Z>
      </Vector3>
      <Vector3>
        <X>-2395.06567</X>
        <Y>-250.509827</Y>
        <Z>15.5211334</Z>
      </Vector3>
      <Vector3>
        <X>-2400.51172</X>
        <Y>-249.694839</Y>
        <Z>15.6536674</Z>
      </Vector3>
      <Vector3>
        <X>-2399.48169</X>
        <Y>-247.930847</Y>
        <Z>15.6504135</Z>
      </Vector3>
    </Bounds>
    <CenterCamPosition>
      <X>0</X>
      <Y>0</Y>
    </CenterCamPosition>
    <ScreenBounds />
    <DistanceToCam>0</DistanceToCam>
    <Speed>7.49679375</Speed>
    <AccInput>0</AccInput>
    <RPM>1.35798967</RPM>
    <Gear>0</Gear>
    <SteeringAngle>5.853084E-41</SteeringAngle>
    <WheelSpeed>0</WheelSpeed>
    <CarType>Sports</CarType>
  </MyCar>
  <Peds />
  <Time>134064</Time>
  <LastFrameTime>0.0459090136</LastFrameTime>
  <MyProperty>0</MyProperty>
  <Weather>Clear</Weather>
  <Steering>127</Steering>
  <Acc>177</Acc>
  <Brake>169</Brake>
  <DayTime>15:16:13</DayTime>
  <Position>
    <X>-2398.52368</X>
    <Y>-249.672562</Y>
    <Z>15.7811432</Z>
  </Position>
  <Rotation>
    <X>0.9412506</X>
    <Y>0.5922692</Y>
    <Z>59.71983</Z>
  </Rotation>
</Screenshot>