<?xml version="1.0" encoding="utf-8"?>
<Screenshot xmlns:xsd="http://www.w3.org/2001/XMLSchema" xmlns:xsi="http://www.w3.org/2001/XMLSchema-instance">
  <Cars />
  <MyCar>
    <Position>
      <X>-2397.92529</X>
      <Y>-250.024216</Y>
      <Z>14.863101</Z>
    </Position>
    <Rotation>
      <X>1.45022774</X>
      <Y>0.09228859</Y>
      <Z>59.72038</Z>
    </Rotation>
    <Handle>663810</Handle>
    <Bounds>
      <Vector3>
        <X>-2396.24854</X>
        <Y>-252.187225</Y>
        <Z>14.0722971</Z>
      </Vector3>
      <Vector3>
        <X>-2395.21875</X>
        <Y>-250.423187</Y>
        <Z>14.0690069</Z>
      </Vector3>
      <Vector3>
        <X>-2400.66479</X>
        <Y>-249.608475</Y>
        <Z>14.2017651</Z>
      </Vector3>
      <Vector3>
        <X>-2396.21558</X>
        <Y>-252.203781</Y>
        <Z>15.5277262</Z>
      </Vector3>
      <Vector3>
        <X>-2399.63477</X>
        <Y>-247.844437</Y>
        <Z>14.1984749</Z>
      </Vector3>
      <Vector3>
        <X>-2395.18555</X>
        <Y>-250.439743</Y>
        <Z>15.524436</Z>
      </Vector3>
      <Vector3>
        <X>-2400.63184</X>
        <Y>-249.625031</Y>
        <Z>15.6571941</Z>
      </Vector3>
      <Vector3>
        <X>-2399.60181</X>
        <Y>-247.861</Y>
        <Z>15.653904</Z>
      </Vector3>
    </Bounds>
    <CenterCamPosition>
      <X>0</X>
      <Y>0</Y>
    </CenterCamPosition>
    <ScreenBounds />
    <DistanceToCam>0</DistanceToCam>
    <Speed>7.50001049</Speed>
    <AccInput>0</AccInput>
    <RPM>1.35798967</RPM>
    <Gear>0</Gear>
    <SteeringAngle>5.853084E-41</SteeringAngle>
    <WheelSpeed>0</WheelSpeed>
    <CarType>Sports</CarType>
  </MyCar>
  <Peds />
  <Time>134082</Time>
  <LastFrameTime>0.0185154676</LastFrameTime>
  <MyProperty>0</MyProperty>
  <Weather>Clear</Weather>
  <Steering>127</Steering>
  <Acc>177</Acc>
  <Brake>169</Brake>
  <DayTime>15:16:13</DayTime>
  <Position>
    <X>-2398.8208</X>
    <Y>-249.49942</Y>
    <Z>15.7897234</Z>
  </Position>
  <Rotation>
    <X>0.948167145</X>
    <Y>0.59118396</Y>
    <Z>59.72719</Z>
  </Rotation>
</Screenshot>