<?xml version="1.0" encoding="utf-8"?>
<Screenshot xmlns:xsd="http://www.w3.org/2001/XMLSchema" xmlns:xsi="http://www.w3.org/2001/XMLSchema-instance">
  <Cars />
  <MyCar>
    <Position>
      <X>-2397.508</X>
      <Y>-250.2675</Y>
      <Z>14.8512478</Z>
    </Position>
    <Rotation>
      <X>1.44120049</X>
      <Y>0.092349045</Y>
      <Z>59.7101</Z>
    </Rotation>
    <Handle>663810</Handle>
    <Bounds>
      <Vector3>
        <X>-2395.83179</X>
        <Y>-252.430878</Y>
        <Z>14.0608444</Z>
      </Vector3>
      <Vector3>
        <X>-2394.80127</X>
        <Y>-250.667023</Y>
        <Z>14.0575523</Z>
      </Vector3>
      <Vector3>
        <X>-2400.24731</X>
        <Y>-249.851334</Y>
        <Z>14.1895075</Z>
      </Vector3>
      <Vector3>
        <X>-2395.79883</X>
        <Y>-252.447327</Y>
        <Z>15.5162792</Z>
      </Vector3>
      <Vector3>
        <X>-2399.217</X>
        <Y>-248.087479</Y>
        <Z>14.1862144</Z>
      </Vector3>
      <Vector3>
        <X>-2394.76855</X>
        <Y>-250.683456</Y>
        <Z>15.5129871</Z>
      </Vector3>
      <Vector3>
        <X>-2400.2146</X>
        <Y>-249.867767</Y>
        <Z>15.6449423</Z>
      </Vector3>
      <Vector3>
        <X>-2399.18433</X>
        <Y>-248.103912</Y>
        <Z>15.6416492</Z>
      </Vector3>
    </Bounds>
    <CenterCamPosition>
      <X>0</X>
      <Y>0</Y>
    </CenterCamPosition>
    <ScreenBounds />
    <DistanceToCam>0</DistanceToCam>
    <Speed>7.48909664</Speed>
    <AccInput>0</AccInput>
    <RPM>1.35798967</RPM>
    <Gear>0</Gear>
    <SteeringAngle>5.853084E-41</SteeringAngle>
    <WheelSpeed>0</WheelSpeed>
    <CarType>Sports</CarType>
  </MyCar>
  <Peds />
  <Time>134018</Time>
  <LastFrameTime>0.018874798</LastFrameTime>
  <MyProperty>0</MyProperty>
  <Weather>Clear</Weather>
  <Steering>127</Steering>
  <Acc>176</Acc>
  <Brake>169</Brake>
  <DayTime>15:16:13</DayTime>
  <Position>
    <X>-2398.40161</X>
    <Y>-249.743729</Y>
    <Z>15.7776279</Z>
  </Position>
  <Rotation>
    <X>0.9388949</X>
    <Y>0.591817439</Y>
    <Z>59.7167</Z>
  </Rotation>
</Screenshot>