<?xml version="1.0" encoding="utf-8"?>
<Screenshot xmlns:xsd="http://www.w3.org/2001/XMLSchema" xmlns:xsi="http://www.w3.org/2001/XMLSchema-instance">
  <Cars />
  <MyCar>
    <Position>
      <X>-2398.23535</X>
      <Y>-249.843277</Y>
      <Z>14.8719625</Z>
    </Position>
    <Rotation>
      <X>1.442546</X>
      <Y>0.083827734</Y>
      <Z>59.7261429</Z>
    </Rotation>
    <Handle>663810</Handle>
    <Bounds>
      <Vector3>
        <X>-2396.55835</X>
        <Y>-252.006073</Y>
        <Z>14.0813475</Z>
      </Vector3>
      <Vector3>
        <X>-2395.52856</X>
        <Y>-250.241928</Y>
        <Z>14.0783587</Z>
      </Vector3>
      <Vector3>
        <X>-2400.97485</X>
        <Y>-249.42778</Y>
        <Z>14.2101307</Z>
      </Vector3>
      <Vector3>
        <X>-2396.52563</X>
        <Y>-252.0227</Y>
        <Z>15.5367823</Z>
      </Vector3>
      <Vector3>
        <X>-2399.945</X>
        <Y>-247.663635</Y>
        <Z>14.2071419</Z>
      </Vector3>
      <Vector3>
        <X>-2395.49585</X>
        <Y>-250.25856</Y>
        <Z>15.5337934</Z>
      </Vector3>
      <Vector3>
        <X>-2400.94214</X>
        <Y>-249.444412</Y>
        <Z>15.6655645</Z>
      </Vector3>
      <Vector3>
        <X>-2399.91235</X>
        <Y>-247.680267</Y>
        <Z>15.6625757</Z>
      </Vector3>
    </Bounds>
    <CenterCamPosition>
      <X>0</X>
      <Y>0</Y>
    </CenterCamPosition>
    <ScreenBounds />
    <DistanceToCam>0</DistanceToCam>
    <Speed>7.509652</Speed>
    <AccInput>0</AccInput>
    <RPM>1.35798967</RPM>
    <Gear>0</Gear>
    <SteeringAngle>5.853084E-41</SteeringAngle>
    <WheelSpeed>0</WheelSpeed>
    <CarType>Sports</CarType>
  </MyCar>
  <Peds />
  <Time>134130</Time>
  <LastFrameTime>0.0478487164</LastFrameTime>
  <MyProperty>0</MyProperty>
  <Weather>Clear</Weather>
  <Steering>127</Steering>
  <Acc>177</Acc>
  <Brake>169</Brake>
  <DayTime>15:16:13</DayTime>
  <Position>
    <X>-2398.941</X>
    <Y>-249.429535</Y>
    <Z>15.7931814</Z>
  </Position>
  <Rotation>
    <X>0.9502787</X>
    <Y>0.5922071</Y>
    <Z>59.7301979</Z>
  </Rotation>
</Screenshot>