<?xml version="1.0" encoding="utf-8"?>
<Screenshot xmlns:xsd="http://www.w3.org/2001/XMLSchema" xmlns:xsi="http://www.w3.org/2001/XMLSchema-instance">
  <Cars />
  <MyCar>
    <Position>
      <X>-2398.361</X>
      <Y>-249.769943</Y>
      <Z>14.8755474</Z>
    </Position>
    <Rotation>
      <X>1.43723929</X>
      <Y>0.07734007</Y>
      <Z>59.72806</Z>
    </Rotation>
    <Handle>663810</Handle>
    <Bounds>
      <Vector3>
        <X>-2396.68384</X>
        <Y>-251.932648</Y>
        <Z>14.0850515</Z>
      </Vector3>
      <Vector3>
        <X>-2395.654</X>
        <Y>-250.168457</Y>
        <Z>14.0822945</Z>
      </Vector3>
      <Vector3>
        <X>-2401.10034</X>
        <Y>-249.3545</Y>
        <Z>14.2133608</Z>
      </Vector3>
      <Vector3>
        <X>-2396.65137</X>
        <Y>-251.949356</Y>
        <Z>15.54049</Z>
      </Vector3>
      <Vector3>
        <X>-2400.0708</X>
        <Y>-247.590317</Y>
        <Z>14.2106037</Z>
      </Vector3>
      <Vector3>
        <X>-2395.62158</X>
        <Y>-250.185165</Y>
        <Z>15.5377321</Z>
      </Vector3>
      <Vector3>
        <X>-2401.06787</X>
        <Y>-249.371216</Y>
        <Z>15.6687994</Z>
      </Vector3>
      <Vector3>
        <X>-2400.038</X>
        <Y>-247.60704</Y>
        <Z>15.6660414</Z>
      </Vector3>
    </Bounds>
    <CenterCamPosition>
      <X>0</X>
      <Y>0</Y>
    </CenterCamPosition>
    <ScreenBounds />
    <DistanceToCam>0</DistanceToCam>
    <Speed>7.51294565</Speed>
    <AccInput>0</AccInput>
    <RPM>1.35798967</RPM>
    <Gear>0</Gear>
    <SteeringAngle>5.853084E-41</SteeringAngle>
    <WheelSpeed>0</WheelSpeed>
    <CarType>Sports</CarType>
  </MyCar>
  <Peds />
  <Time>134149</Time>
  <LastFrameTime>0.0193843152</LastFrameTime>
  <MyProperty>0</MyProperty>
  <Weather>Clear</Weather>
  <Steering>127</Steering>
  <Acc>177</Acc>
  <Brake>169</Brake>
  <DayTime>15:16:13</DayTime>
  <Position>
    <X>-2399.25122</X>
    <Y>-249.248749</Y>
    <Z>15.8018856</Z>
  </Position>
  <Rotation>
    <X>0.942595065</X>
    <Y>0.583748758</Y>
    <Z>59.7357445</Z>
  </Rotation>
</Screenshot>