<?xml version="1.0" encoding="utf-8"?>
<Screenshot xmlns:xsd="http://www.w3.org/2001/XMLSchema" xmlns:xsi="http://www.w3.org/2001/XMLSchema-instance">
  <Cars />
  <MyCar>
    <Position>
      <X>-2399.00171</X>
      <Y>-249.397247</Y>
      <Z>14.8940821</Z>
    </Position>
    <Rotation>
      <X>1.43390942</X>
      <Y>0.08276926</Y>
      <Z>59.76032</Z>
    </Rotation>
    <Handle>663810</Handle>
    <Bounds>
      <Vector3>
        <X>-2397.32324</X>
        <Y>-251.559082</Y>
        <Z>14.1038313</Z>
      </Vector3>
      <Vector3>
        <X>-2396.29443</X>
        <Y>-249.794327</Y>
        <Z>14.10088</Z>
      </Vector3>
      <Vector3>
        <X>-2401.74121</X>
        <Y>-248.983429</Y>
        <Z>14.231843</Z>
      </Vector3>
      <Vector3>
        <X>-2397.29077</X>
        <Y>-251.575623</Y>
        <Z>15.5592709</Z>
      </Vector3>
      <Vector3>
        <X>-2400.71265</X>
        <Y>-247.218658</Y>
        <Z>14.2288923</Z>
      </Vector3>
      <Vector3>
        <X>-2396.262</X>
        <Y>-249.810852</Y>
        <Z>15.55632</Z>
      </Vector3>
      <Vector3>
        <X>-2401.70874</X>
        <Y>-248.999954</Y>
        <Z>15.6872826</Z>
      </Vector3>
      <Vector3>
        <X>-2400.68</X>
        <Y>-247.2352</Y>
        <Z>15.6843319</Z>
      </Vector3>
    </Bounds>
    <CenterCamPosition>
      <X>0</X>
      <Y>0</Y>
    </CenterCamPosition>
    <ScreenBounds />
    <DistanceToCam>0</DistanceToCam>
    <Speed>7.529737</Speed>
    <AccInput>0</AccInput>
    <RPM>1.35798967</RPM>
    <Gear>0</Gear>
    <SteeringAngle>5.853084E-41</SteeringAngle>
    <WheelSpeed>0</WheelSpeed>
    <CarType>Sports</CarType>
  </MyCar>
  <Peds />
  <Time>134248</Time>
  <LastFrameTime>0.0483582355</LastFrameTime>
  <MyProperty>0</MyProperty>
  <Weather>Clear</Weather>
  <Steering>126</Steering>
  <Acc>177</Acc>
  <Brake>169</Brake>
  <DayTime>15:16:13</DayTime>
  <Position>
    <X>-2399.70313</X>
    <Y>-248.985855</Y>
    <Z>15.8147573</Z>
  </Position>
  <Rotation>
    <X>0.935746</X>
    <Y>0.5792047</Y>
    <Z>59.74975</Z>
  </Rotation>
</Screenshot>