<?xml version="1.0" encoding="utf-8"?>
<Screenshot xmlns:xsd="http://www.w3.org/2001/XMLSchema" xmlns:xsi="http://www.w3.org/2001/XMLSchema-instance">
  <Cars />
  <MyCar>
    <Position>
      <X>-2398.687</X>
      <Y>-249.580124</Y>
      <Z>14.8849745</Z>
    </Position>
    <Rotation>
      <X>1.43569839</X>
      <Y>0.07928192</Y>
      <Z>59.7402878</Z>
    </Rotation>
    <Handle>663810</Handle>
    <Bounds>
      <Vector3>
        <X>-2397.00928</X>
        <Y>-251.7425</Y>
        <Z>14.0945816</Z>
      </Vector3>
      <Vector3>
        <X>-2395.98</X>
        <Y>-249.9781</Y>
        <Z>14.0917549</Z>
      </Vector3>
      <Vector3>
        <X>-2401.42651</X>
        <Y>-249.1653</Y>
        <Z>14.2227535</Z>
      </Vector3>
      <Vector3>
        <X>-2396.97681</X>
        <Y>-251.75914</Y>
        <Z>15.5500212</Z>
      </Vector3>
      <Vector3>
        <X>-2400.397</X>
        <Y>-247.4009</Y>
        <Z>14.2199268</Z>
      </Vector3>
      <Vector3>
        <X>-2395.94751</X>
        <Y>-249.994736</Y>
        <Z>15.5471945</Z>
      </Vector3>
      <Vector3>
        <X>-2401.394</X>
        <Y>-249.181946</Y>
        <Z>15.6781921</Z>
      </Vector3>
      <Vector3>
        <X>-2400.3645</X>
        <Y>-247.417542</Y>
        <Z>15.6753654</Z>
      </Vector3>
    </Bounds>
    <CenterCamPosition>
      <X>0</X>
      <Y>0</Y>
    </CenterCamPosition>
    <ScreenBounds />
    <DistanceToCam>0</DistanceToCam>
    <Speed>7.521515</Speed>
    <AccInput>0</AccInput>
    <RPM>1.35798967</RPM>
    <Gear>0</Gear>
    <SteeringAngle>5.853084E-41</SteeringAngle>
    <WheelSpeed>0</WheelSpeed>
    <CarType>Sports</CarType>
  </MyCar>
  <Peds />
  <Time>134200</Time>
  <LastFrameTime>0.0501815751</LastFrameTime>
  <MyProperty>0</MyProperty>
  <Weather>Clear</Weather>
  <Steering>126</Steering>
  <Acc>177</Acc>
  <Brake>169</Brake>
  <DayTime>15:16:13</DayTime>
  <Position>
    <X>-2399.377</X>
    <Y>-249.1755</Y>
    <Z>15.8053617</Z>
  </Position>
  <Rotation>
    <X>0.937286854</X>
    <Y>0.5772629</Y>
    <Z>59.7375</Z>
  </Rotation>
</Screenshot>