<?xml version="1.0" encoding="utf-8"?>
<Screenshot xmlns:xsd="http://www.w3.org/2001/XMLSchema" xmlns:xsi="http://www.w3.org/2001/XMLSchema-instance">
  <Cars />
  <MyCar>
    <Position>
      <X>-2399.21533</X>
      <Y>-249.27327</Y>
      <Z>14.9002523</Z>
    </Position>
    <Rotation>
      <X>1.4323194</X>
      <Y>0.08466348</Y>
      <Z>59.77809</Z>
    </Rotation>
    <Handle>663810</Handle>
    <Bounds>
      <Vector3>
        <X>-2397.53613</X>
        <Y>-251.434616</Y>
        <Z>14.1101055</Z>
      </Vector3>
      <Vector3>
        <X>-2396.508</X>
        <Y>-249.66954</Y>
        <Z>14.1070871</Z>
      </Vector3>
      <Vector3>
        <X>-2401.955</X>
        <Y>-248.860321</Y>
        <Z>14.2379751</Z>
      </Vector3>
      <Vector3>
        <X>-2397.50366</X>
        <Y>-251.45108</Y>
        <Z>15.565546</Z>
      </Vector3>
      <Vector3>
        <X>-2400.92676</X>
        <Y>-247.095245</Y>
        <Z>14.2349567</Z>
      </Vector3>
      <Vector3>
        <X>-2396.47559</X>
        <Y>-249.686</Y>
        <Z>15.5625277</Z>
      </Vector3>
      <Vector3>
        <X>-2401.92261</X>
        <Y>-248.876785</Y>
        <Z>15.6934166</Z>
      </Vector3>
      <Vector3>
        <X>-2400.89429</X>
        <Y>-247.11171</Y>
        <Z>15.6903982</Z>
      </Vector3>
    </Bounds>
    <CenterCamPosition>
      <X>0</X>
      <Y>0</Y>
    </CenterCamPosition>
    <ScreenBounds />
    <DistanceToCam>0</DistanceToCam>
    <Speed>7.53531075</Speed>
    <AccInput>0</AccInput>
    <RPM>1.35798967</RPM>
    <Gear>0</Gear>
    <SteeringAngle>5.853084E-41</SteeringAngle>
    <WheelSpeed>0</WheelSpeed>
    <CarType>Sports</CarType>
  </MyCar>
  <Peds />
  <Time>134281</Time>
  <LastFrameTime>0.0327918865</LastFrameTime>
  <MyProperty>0</MyProperty>
  <Weather>Clear</Weather>
  <Steering>126</Steering>
  <Acc>177</Acc>
  <Brake>169</Brake>
  <DayTime>15:16:13</DayTime>
  <Position>
    <X>-2400.018</X>
    <Y>-248.803284</Y>
    <Z>15.8238277</Z>
  </Position>
  <Rotation>
    <X>0.9339577</X>
    <Y>0.582691848</Y>
    <Z>59.7698135</Z>
  </Rotation>
</Screenshot>