<?xml version="1.0" encoding="utf-8"?>
<Screenshot xmlns:xsd="http://www.w3.org/2001/XMLSchema" xmlns:xsi="http://www.w3.org/2001/XMLSchema-instance">
  <Cars />
  <MyCar>
    <Position>
      <X>-2399.8667</X>
      <Y>-248.896225</Y>
      <Z>14.9190426</Z>
    </Position>
    <Rotation>
      <X>1.42979276</X>
      <Y>0.0887457952</Y>
      <Z>59.85235</Z>
    </Rotation>
    <Handle>663810</Handle>
    <Bounds>
      <Vector3>
        <X>-2398.18481</X>
        <Y>-251.055466</Y>
        <Z>14.1290808</Z>
      </Vector3>
      <Vector3>
        <X>-2397.159</X>
        <Y>-249.289063</Y>
        <Z>14.1259165</Z>
      </Vector3>
      <Vector3>
        <X>-2402.607</X>
        <Y>-248.4869</Y>
        <Z>14.2567253</Z>
      </Vector3>
      <Vector3>
        <X>-2398.15234</X>
        <Y>-251.071762</Y>
        <Z>15.5845232</Z>
      </Vector3>
      <Vector3>
        <X>-2401.581</X>
        <Y>-246.720474</Y>
        <Z>14.253561</Z>
      </Vector3>
      <Vector3>
        <X>-2397.12622</X>
        <Y>-249.305344</Y>
        <Z>15.5813589</Z>
      </Vector3>
      <Vector3>
        <X>-2402.57446</X>
        <Y>-248.503189</Y>
        <Z>15.7121668</Z>
      </Vector3>
      <Vector3>
        <X>-2401.54858</X>
        <Y>-246.736771</Y>
        <Z>15.7090034</Z>
      </Vector3>
    </Bounds>
    <CenterCamPosition>
      <X>0</X>
      <Y>0</Y>
    </CenterCamPosition>
    <ScreenBounds />
    <DistanceToCam>0</DistanceToCam>
    <Speed>7.55222273</Speed>
    <AccInput>0</AccInput>
    <RPM>1.35798967</RPM>
    <Gear>0</Gear>
    <SteeringAngle>5.853084E-41</SteeringAngle>
    <WheelSpeed>0</WheelSpeed>
    <CarType>Sports</CarType>
  </MyCar>
  <Peds />
  <Time>134380</Time>
  <LastFrameTime>0.0482756943</LastFrameTime>
  <MyProperty>0</MyProperty>
  <Weather>Clear</Weather>
  <Steering>126</Steering>
  <Acc>177</Acc>
  <Brake>169</Brake>
  <DayTime>15:16:13</DayTime>
  <Position>
    <X>-2400.568</X>
    <Y>-248.485474</Y>
    <Z>15.8396463</Z>
  </Position>
  <Rotation>
    <X>0.931808054</X>
    <Y>0.586393356</Y>
    <Z>59.82225</Z>
  </Rotation>
</Screenshot>