<?xml version="1.0" encoding="utf-8"?>
<Screenshot xmlns:xsd="http://www.w3.org/2001/XMLSchema" xmlns:xsi="http://www.w3.org/2001/XMLSchema-instance">
  <Cars />
  <MyCar>
    <Position>
      <X>-2399.98926</X>
      <Y>-248.825577</Y>
      <Z>14.9225683</Z>
    </Position>
    <Rotation>
      <X>1.42966378</X>
      <Y>0.0891268849</Y>
      <Z>59.8687477</Z>
    </Rotation>
    <Handle>663810</Handle>
    <Bounds>
      <Vector3>
        <X>-2398.30664</X>
        <Y>-250.984344</Y>
        <Z>14.1326189</Z>
      </Vector3>
      <Vector3>
        <X>-2397.28125</X>
        <Y>-249.217636</Y>
        <Z>14.1294413</Z>
      </Vector3>
      <Vector3>
        <X>-2402.72974</X>
        <Y>-248.417023</Y>
        <Z>14.260252</Z>
      </Vector3>
      <Vector3>
        <X>-2398.27417</X>
        <Y>-251.000626</Y>
        <Z>15.5880613</Z>
      </Vector3>
      <Vector3>
        <X>-2401.704</X>
        <Y>-246.65033</Y>
        <Z>14.2570744</Z>
      </Vector3>
      <Vector3>
        <X>-2397.24878</X>
        <Y>-249.233917</Y>
        <Z>15.5848837</Z>
      </Vector3>
      <Vector3>
        <X>-2402.697</X>
        <Y>-248.4333</Y>
        <Z>15.7156944</Z>
      </Vector3>
      <Vector3>
        <X>-2401.67163</X>
        <Y>-246.6666</Y>
        <Z>15.7125168</Z>
      </Vector3>
    </Bounds>
    <CenterCamPosition>
      <X>0</X>
      <Y>0</Y>
    </CenterCamPosition>
    <ScreenBounds />
    <DistanceToCam>0</DistanceToCam>
    <Speed>7.555387</Speed>
    <AccInput>0</AccInput>
    <RPM>1.35798967</RPM>
    <Gear>0</Gear>
    <SteeringAngle>5.853084E-41</SteeringAngle>
    <WheelSpeed>0</WheelSpeed>
    <CarType>Sports</CarType>
  </MyCar>
  <Peds />
  <Time>134399</Time>
  <LastFrameTime>0.0187090971</LastFrameTime>
  <MyProperty>0</MyProperty>
  <Weather>Clear</Weather>
  <Steering>126</Steering>
  <Acc>177</Acc>
  <Brake>169</Brake>
  <DayTime>15:16:13</DayTime>
  <Position>
    <X>-2400.884</X>
    <Y>-248.303772</Y>
    <Z>15.8487034</Z>
  </Position>
  <Rotation>
    <X>0.929841757</X>
    <Y>0.588668168</Y>
    <Z>59.8618927</Z>
  </Rotation>
</Screenshot>