<?xml version="1.0" encoding="utf-8"?>
<Screenshot xmlns:xsd="http://www.w3.org/2001/XMLSchema" xmlns:xsi="http://www.w3.org/2001/XMLSchema-instance">
  <Cars />
  <MyCar>
    <Position>
      <X>-2399.433</X>
      <Y>-249.146973</Y>
      <Z>14.9065323</Z>
    </Position>
    <Rotation>
      <X>1.43177187</X>
      <Y>0.0852925852</Y>
      <Z>59.7997856</Z>
    </Rotation>
    <Handle>663810</Handle>
    <Bounds>
      <Vector3>
        <X>-2397.75317</X>
        <Y>-251.307709</Y>
        <Z>14.1164207</Z>
      </Vector3>
      <Vector3>
        <X>-2396.72559</X>
        <Y>-249.542236</Y>
        <Z>14.11338</Z>
      </Vector3>
      <Vector3>
        <X>-2402.173</X>
        <Y>-248.735077</Y>
        <Z>14.2442417</Z>
      </Vector3>
      <Vector3>
        <X>-2397.7207</X>
        <Y>-251.324127</Y>
        <Z>15.5718622</Z>
      </Vector3>
      <Vector3>
        <X>-2401.14551</X>
        <Y>-246.9696</Y>
        <Z>14.2412014</Z>
      </Vector3>
      <Vector3>
        <X>-2396.693</X>
        <Y>-249.558655</Y>
        <Z>15.568821</Z>
      </Vector3>
      <Vector3>
        <X>-2402.14038</X>
        <Y>-248.7515</Y>
        <Z>15.6996832</Z>
      </Vector3>
      <Vector3>
        <X>-2401.11279</X>
        <Y>-246.986038</Y>
        <Z>15.6966419</Z>
      </Vector3>
    </Bounds>
    <CenterCamPosition>
      <X>0</X>
      <Y>0</Y>
    </CenterCamPosition>
    <ScreenBounds />
    <DistanceToCam>0</DistanceToCam>
    <Speed>7.540982</Speed>
    <AccInput>0</AccInput>
    <RPM>1.35798967</RPM>
    <Gear>0</Gear>
    <SteeringAngle>5.853084E-41</SteeringAngle>
    <WheelSpeed>0</WheelSpeed>
    <CarType>Sports</CarType>
  </MyCar>
  <Peds />
  <Time>134314</Time>
  <LastFrameTime>0.0334171467</LastFrameTime>
  <MyProperty>0</MyProperty>
  <Weather>Clear</Weather>
  <Steering>126</Steering>
  <Acc>177</Acc>
  <Brake>169</Brake>
  <DayTime>15:16:13</DayTime>
  <Position>
    <X>-2400.23169</X>
    <Y>-248.679581</Y>
    <Z>15.8299656</Z>
  </Position>
  <Rotation>
    <X>0.9323679</X>
    <Y>0.584586143</Y>
    <Z>59.7876</Z>
  </Rotation>
</Screenshot>