<?xml version="1.0" encoding="utf-8"?>
<Screenshot xmlns:xsd="http://www.w3.org/2001/XMLSchema" xmlns:xsi="http://www.w3.org/2001/XMLSchema-instance">
  <Cars />
  <MyCar>
    <Position>
      <X>-2399.55127</X>
      <Y>-249.078583</Y>
      <Z>14.9099445</Z>
    </Position>
    <Rotation>
      <X>1.43175936</X>
      <Y>0.08647092</Y>
      <Z>59.81272</Z>
    </Rotation>
    <Handle>663810</Handle>
    <Bounds>
      <Vector3>
        <X>-2397.87085</X>
        <Y>-251.238953</Y>
        <Z>14.1198549</Z>
      </Vector3>
      <Vector3>
        <X>-2396.84375</X>
        <Y>-249.473251</Y>
        <Z>14.1167717</Z>
      </Vector3>
      <Vector3>
        <X>-2402.29126</X>
        <Y>-248.667313</Y>
        <Z>14.2476749</Z>
      </Vector3>
      <Vector3>
        <X>-2397.83838</X>
        <Y>-251.255341</Y>
        <Z>15.5752964</Z>
      </Vector3>
      <Vector3>
        <X>-2401.26416</X>
        <Y>-246.901611</Y>
        <Z>14.2445917</Z>
      </Vector3>
      <Vector3>
        <X>-2396.81128</X>
        <Y>-249.489639</Y>
        <Z>15.5722132</Z>
      </Vector3>
      <Vector3>
        <X>-2402.25879</X>
        <Y>-248.683716</Y>
        <Z>15.7031155</Z>
      </Vector3>
      <Vector3>
        <X>-2401.23145</X>
        <Y>-246.918015</Y>
        <Z>15.7000332</Z>
      </Vector3>
    </Bounds>
    <CenterCamPosition>
      <X>0</X>
      <Y>0</Y>
    </CenterCamPosition>
    <ScreenBounds />
    <DistanceToCam>0</DistanceToCam>
    <Speed>7.544049</Speed>
    <AccInput>0</AccInput>
    <RPM>1.35798967</RPM>
    <Gear>0</Gear>
    <SteeringAngle>5.853084E-41</SteeringAngle>
    <WheelSpeed>0</WheelSpeed>
    <CarType>Sports</CarType>
  </MyCar>
  <Peds />
  <Time>134332</Time>
  <LastFrameTime>0.01809935</LastFrameTime>
  <MyProperty>0</MyProperty>
  <Weather>Clear</Weather>
  <Steering>126</Steering>
  <Acc>177</Acc>
  <Brake>169</Brake>
  <DayTime>15:16:13</DayTime>
  <Position>
    <X>-2400.44971</X>
    <Y>-248.55365</Y>
    <Z>15.8362341</Z>
  </Position>
  <Rotation>
    <X>0.931820333</X>
    <Y>0.5852151</Y>
    <Z>59.8093071</Z>
  </Rotation>
</Screenshot>