<?xml version="1.0" encoding="utf-8"?>
<Screenshot xmlns:xsd="http://www.w3.org/2001/XMLSchema" xmlns:xsi="http://www.w3.org/2001/XMLSchema-instance">
  <Cars />
  <MyCar>
    <Position>
      <X>-2400.644</X>
      <Y>-248.448517</Y>
      <Z>14.9414387</Z>
    </Position>
    <Rotation>
      <X>1.43036938</X>
      <Y>0.09295236</Y>
      <Z>59.9664421</Z>
    </Rotation>
    <Handle>663810</Handle>
    <Bounds>
      <Vector3>
        <X>-2398.95776</X>
        <Y>-250.604446</Y>
        <Z>14.1515265</Z>
      </Vector3>
      <Vector3>
        <X>-2397.93555</X>
        <Y>-248.836</Y>
        <Z>14.1482124</Z>
      </Vector3>
      <Vector3>
        <X>-2403.385</X>
        <Y>-248.044678</Y>
        <Z>14.2792215</Z>
      </Vector3>
      <Vector3>
        <X>-2398.92529</X>
        <Y>-250.62059</Y>
        <Z>15.6069679</Z>
      </Vector3>
      <Vector3>
        <X>-2402.36279</X>
        <Y>-246.27623</Y>
        <Z>14.2759085</Z>
      </Vector3>
      <Vector3>
        <X>-2397.90283</X>
        <Y>-248.852142</Y>
        <Z>15.6036539</Z>
      </Vector3>
      <Vector3>
        <X>-2403.35254</X>
        <Y>-248.060822</Y>
        <Z>15.734664</Z>
      </Vector3>
      <Vector3>
        <X>-2402.33</X>
        <Y>-246.292374</Y>
        <Z>15.73135</Z>
      </Vector3>
    </Bounds>
    <CenterCamPosition>
      <X>0</X>
      <Y>0</Y>
    </CenterCamPosition>
    <ScreenBounds />
    <DistanceToCam>0</DistanceToCam>
    <Speed>7.5723176</Speed>
    <AccInput>0</AccInput>
    <RPM>1.35798967</RPM>
    <Gear>0</Gear>
    <SteeringAngle>5.853084E-41</SteeringAngle>
    <WheelSpeed>0</WheelSpeed>
    <CarType>Sports</CarType>
  </MyCar>
  <Peds />
  <Time>134499</Time>
  <LastFrameTime>0.0183600057</LastFrameTime>
  <MyProperty>0</MyProperty>
  <Weather>Clear</Weather>
  <Steering>126</Steering>
  <Acc>177</Acc>
  <Brake>169</Brake>
  <DayTime>15:16:13</DayTime>
  <Position>
    <X>-2401.5415</X>
    <Y>-247.926971</Y>
    <Z>15.8675756</Z>
  </Position>
  <Rotation>
    <X>0.928603</X>
    <Y>0.5925932</Y>
    <Z>59.95729</Z>
  </Rotation>
</Screenshot>