<?xml version="1.0" encoding="utf-8"?>
<Screenshot xmlns:xsd="http://www.w3.org/2001/XMLSchema" xmlns:xsi="http://www.w3.org/2001/XMLSchema-instance">
  <Cars />
  <MyCar>
    <Position>
      <X>-2400.213</X>
      <Y>-248.696625</Y>
      <Z>14.9290123</Z>
    </Position>
    <Rotation>
      <X>1.42949009</X>
      <Y>0.09059544</Y>
      <Z>59.9005928</Z>
    </Rotation>
    <Handle>663810</Handle>
    <Bounds>
      <Vector3>
        <X>-2398.529</X>
        <Y>-250.854477</Y>
        <Z>14.1390963</Z>
      </Vector3>
      <Vector3>
        <X>-2397.50464</X>
        <Y>-249.0872</Y>
        <Z>14.1358671</Z>
      </Vector3>
      <Vector3>
        <X>-2402.95337</X>
        <Y>-248.289612</Y>
        <Z>14.2667141</Z>
      </Vector3>
      <Vector3>
        <X>-2398.49658</X>
        <Y>-250.8707</Y>
        <Z>15.5945387</Z>
      </Vector3>
      <Vector3>
        <X>-2401.929</X>
        <Y>-246.522339</Y>
        <Z>14.263484</Z>
      </Vector3>
      <Vector3>
        <X>-2397.47217</X>
        <Y>-249.103424</Y>
        <Z>15.59131</Z>
      </Vector3>
      <Vector3>
        <X>-2402.921</X>
        <Y>-248.305832</Y>
        <Z>15.7221565</Z>
      </Vector3>
      <Vector3>
        <X>-2401.89648</X>
        <Y>-246.538559</Y>
        <Z>15.7189264</Z>
      </Vector3>
    </Bounds>
    <CenterCamPosition>
      <X>0</X>
      <Y>0</Y>
    </CenterCamPosition>
    <ScreenBounds />
    <DistanceToCam>0</DistanceToCam>
    <Speed>7.561182</Speed>
    <AccInput>0</AccInput>
    <RPM>1.35798967</RPM>
    <Gear>0</Gear>
    <SteeringAngle>5.853084E-41</SteeringAngle>
    <WheelSpeed>0</WheelSpeed>
    <CarType>Sports</CarType>
  </MyCar>
  <Peds />
  <Time>134433</Time>
  <LastFrameTime>0.03415505</LastFrameTime>
  <MyProperty>0</MyProperty>
  <Weather>Clear</Weather>
  <Steering>126</Steering>
  <Acc>177</Acc>
  <Brake>169</Brake>
  <DayTime>15:16:13</DayTime>
  <Position>
    <X>-2401.00659</X>
    <Y>-248.233414</Y>
    <Z>15.8522263</Z>
  </Position>
  <Rotation>
    <X>0.929712832</X>
    <Y>0.5890492</Y>
    <Z>59.8783</Z>
  </Rotation>
</Screenshot>