<?xml version="1.0" encoding="utf-8"?>
<Screenshot xmlns:xsd="http://www.w3.org/2001/XMLSchema" xmlns:xsi="http://www.w3.org/2001/XMLSchema-instance">
  <Cars />
  <MyCar>
    <Position>
      <X>-2400.52344</X>
      <Y>-248.517792</Y>
      <Z>14.9379406</Z>
    </Position>
    <Rotation>
      <X>1.42855346</X>
      <Y>0.09267096</Y>
      <Z>59.9476929</Z>
    </Rotation>
    <Handle>663810</Handle>
    <Bounds>
      <Vector3>
        <X>-2398.838</X>
        <Y>-250.674286</Y>
        <Z>14.1481037</Z>
      </Vector3>
      <Vector3>
        <X>-2397.815</X>
        <Y>-248.906174</Y>
        <Z>14.1447992</Z>
      </Vector3>
      <Vector3>
        <X>-2403.2644</X>
        <Y>-248.113068</Y>
        <Z>14.2756376</Z>
      </Vector3>
      <Vector3>
        <X>-2398.80542</X>
        <Y>-250.69043</Y>
        <Z>15.6035461</Z>
      </Vector3>
      <Vector3>
        <X>-2402.24146</X>
        <Y>-246.34494</Y>
        <Z>14.2723331</Z>
      </Vector3>
      <Vector3>
        <X>-2397.78247</X>
        <Y>-248.9223</Y>
        <Z>15.6002426</Z>
      </Vector3>
      <Vector3>
        <X>-2403.23169</X>
        <Y>-248.1292</Y>
        <Z>15.73108</Z>
      </Vector3>
      <Vector3>
        <X>-2402.20874</X>
        <Y>-246.361084</Y>
        <Z>15.7277765</Z>
      </Vector3>
    </Bounds>
    <CenterCamPosition>
      <X>0</X>
      <Y>0</Y>
    </CenterCamPosition>
    <ScreenBounds />
    <DistanceToCam>0</DistanceToCam>
    <Speed>7.569209</Speed>
    <AccInput>0</AccInput>
    <RPM>1.35798967</RPM>
    <Gear>0</Gear>
    <SteeringAngle>5.853084E-41</SteeringAngle>
    <WheelSpeed>0</WheelSpeed>
    <CarType>Sports</CarType>
  </MyCar>
  <Peds />
  <Time>134481</Time>
  <LastFrameTime>0.0473832637</LastFrameTime>
  <MyProperty>0</MyProperty>
  <Weather>Clear</Weather>
  <Steering>126</Steering>
  <Acc>177</Acc>
  <Brake>169</Brake>
  <DayTime>15:16:13</DayTime>
  <Position>
    <X>-2401.23071</X>
    <Y>-248.105</Y>
    <Z>15.8586674</Z>
  </Position>
  <Rotation>
    <X>0.9295396</X>
    <Y>0.5905178</Y>
    <Z>59.9101753</Z>
  </Rotation>
</Screenshot>