<?xml version="1.0" encoding="utf-8"?>
<Screenshot xmlns:xsd="http://www.w3.org/2001/XMLSchema" xmlns:xsi="http://www.w3.org/2001/XMLSchema-instance">
  <Cars />
  <MyCar>
    <Position>
      <X>-2401.081</X>
      <Y>-248.197586</Y>
      <Z>14.9542122</Z>
    </Position>
    <Rotation>
      <X>1.44232881</X>
      <Y>0.09592083</Y>
      <Z>60.03695</Z>
    </Rotation>
    <Handle>663810</Handle>
    <Bounds>
      <Vector3>
        <X>-2399.39233</X>
        <Y>-250.3514</Y>
        <Z>14.1638231</Z>
      </Vector3>
      <Vector3>
        <X>-2398.372</X>
        <Y>-248.5817</Y>
        <Z>14.1604033</Z>
      </Vector3>
      <Vector3>
        <X>-2403.82275</X>
        <Y>-247.797073</Y>
        <Z>14.2925863</Z>
      </Vector3>
      <Vector3>
        <X>-2399.35938</X>
        <Y>-250.367584</Y>
        <Z>15.619257</Z>
      </Vector3>
      <Vector3>
        <X>-2402.80249</X>
        <Y>-246.027374</Y>
        <Z>14.2891665</Z>
      </Vector3>
      <Vector3>
        <X>-2398.339</X>
        <Y>-248.597885</Y>
        <Z>15.6158371</Z>
      </Vector3>
      <Vector3>
        <X>-2403.78979</X>
        <Y>-247.813263</Y>
        <Z>15.74802</Z>
      </Vector3>
      <Vector3>
        <X>-2402.76953</X>
        <Y>-246.043564</Y>
        <Z>15.7446</Z>
      </Vector3>
    </Bounds>
    <CenterCamPosition>
      <X>0</X>
      <Y>0</Y>
    </CenterCamPosition>
    <ScreenBounds />
    <DistanceToCam>0</DistanceToCam>
    <Speed>7.58351851</Speed>
    <AccInput>0</AccInput>
    <RPM>1.35798967</RPM>
    <Gear>0</Gear>
    <SteeringAngle>5.853084E-41</SteeringAngle>
    <WheelSpeed>0</WheelSpeed>
    <CarType>Sports</CarType>
  </MyCar>
  <Peds />
  <Time>134566</Time>
  <LastFrameTime>0.0185930431</LastFrameTime>
  <MyProperty>0</MyProperty>
  <Weather>Clear</Weather>
  <Steering>126</Steering>
  <Acc>177</Acc>
  <Brake>169</Brake>
  <DayTime>15:16:13</DayTime>
  <Position>
    <X>-2401.97778</X>
    <Y>-247.678146</Y>
    <Z>15.8805046</Z>
  </Position>
  <Rotation>
    <X>0.939706862</X>
    <Y>0.595282733</Y>
    <Z>60.0267944</Z>
  </Rotation>
</Screenshot>