<?xml version="1.0" encoding="utf-8"?>
<Screenshot xmlns:xsd="http://www.w3.org/2001/XMLSchema" xmlns:xsi="http://www.w3.org/2001/XMLSchema-instance">
  <Cars />
  <MyCar>
    <Position>
      <X>-2400.959</X>
      <Y>-248.267685</Y>
      <Z>14.9506407</Z>
    </Position>
    <Rotation>
      <X>1.43965614</X>
      <Y>0.0953628346</Y>
      <Z>60.0170326</Z>
    </Rotation>
    <Handle>663810</Handle>
    <Bounds>
      <Vector3>
        <X>-2399.271</X>
        <Y>-250.422089</Y>
        <Z>14.1603594</Z>
      </Vector3>
      <Vector3>
        <X>-2398.25024</X>
        <Y>-248.65274</Y>
        <Z>14.15696</Z>
      </Vector3>
      <Vector3>
        <X>-2403.70044</X>
        <Y>-247.866241</Y>
        <Z>14.2888842</Z>
      </Vector3>
      <Vector3>
        <X>-2399.238</X>
        <Y>-250.438278</Y>
        <Z>15.6157951</Z>
      </Vector3>
      <Vector3>
        <X>-2402.67969</X>
        <Y>-246.096878</Y>
        <Z>14.2854843</Z>
      </Vector3>
      <Vector3>
        <X>-2398.21729</X>
        <Y>-248.66893</Y>
        <Z>15.6123953</Z>
      </Vector3>
      <Vector3>
        <X>-2403.66772</X>
        <Y>-247.882416</Y>
        <Z>15.74432</Z>
      </Vector3>
      <Vector3>
        <X>-2402.64673</X>
        <Y>-246.113068</Y>
        <Z>15.74092</Z>
      </Vector3>
    </Bounds>
    <CenterCamPosition>
      <X>0</X>
      <Y>0</Y>
    </CenterCamPosition>
    <ScreenBounds />
    <DistanceToCam>0</DistanceToCam>
    <Speed>7.580399</Speed>
    <AccInput>0</AccInput>
    <RPM>1.35798967</RPM>
    <Gear>0</Gear>
    <SteeringAngle>5.853084E-41</SteeringAngle>
    <WheelSpeed>0</WheelSpeed>
    <CarType>Sports</CarType>
  </MyCar>
  <Peds />
  <Time>134547</Time>
  <LastFrameTime>0.047939945</LastFrameTime>
  <MyProperty>0</MyProperty>
  <Weather>Clear</Weather>
  <Steering>126</Steering>
  <Acc>177</Acc>
  <Brake>169</Brake>
  <DayTime>15:16:13</DayTime>
  <Position>
    <X>-2401.66235</X>
    <Y>-247.858032</Y>
    <Z>15.8711119</Z>
  </Position>
  <Rotation>
    <X>0.9304191</X>
    <Y>0.5928741</Y>
    <Z>59.9760666</Z>
  </Rotation>
</Screenshot>