<?xml version="1.0" encoding="utf-8"?>
<Screenshot xmlns:xsd="http://www.w3.org/2001/XMLSchema" xmlns:xsi="http://www.w3.org/2001/XMLSchema-instance">
  <Cars />
  <MyCar>
    <Position>
      <X>-2401.19678</X>
      <Y>-248.13121</Y>
      <Z>14.9575863</Z>
    </Position>
    <Rotation>
      <X>1.44521737</X>
      <Y>0.09584617</Y>
      <Z>60.0562325</Z>
    </Rotation>
    <Handle>663810</Handle>
    <Bounds>
      <Vector3>
        <X>-2399.50732</X>
        <Y>-250.284439</Y>
        <Z>14.1670675</Z>
      </Vector3>
      <Vector3>
        <X>-2398.48779</X>
        <Y>-248.514389</Y>
        <Z>14.1636505</Z>
      </Vector3>
      <Vector3>
        <X>-2403.93872</X>
        <Y>-247.731613</Y>
        <Z>14.2960882</Z>
      </Vector3>
      <Vector3>
        <X>-2399.47437</X>
        <Y>-250.300659</Y>
        <Z>15.6224995</Z>
      </Vector3>
      <Vector3>
        <X>-2402.919</X>
        <Y>-245.961563</Y>
        <Z>14.2926712</Z>
      </Vector3>
      <Vector3>
        <X>-2398.45483</X>
        <Y>-248.5306</Y>
        <Z>15.6190825</Z>
      </Vector3>
      <Vector3>
        <X>-2403.90552</X>
        <Y>-247.747833</Y>
        <Z>15.7515211</Z>
      </Vector3>
      <Vector3>
        <X>-2402.886</X>
        <Y>-245.977783</Y>
        <Z>15.7481041</Z>
      </Vector3>
    </Bounds>
    <CenterCamPosition>
      <X>0</X>
      <Y>0</Y>
    </CenterCamPosition>
    <ScreenBounds />
    <DistanceToCam>0</DistanceToCam>
    <Speed>7.586466</Speed>
    <AccInput>0</AccInput>
    <RPM>1.35798967</RPM>
    <Gear>0</Gear>
    <SteeringAngle>5.853084E-41</SteeringAngle>
    <WheelSpeed>0</WheelSpeed>
    <CarType>Sports</CarType>
  </MyCar>
  <Peds />
  <Time>134583</Time>
  <LastFrameTime>0.0176093839</LastFrameTime>
  <MyProperty>0</MyProperty>
  <Weather>Clear</Weather>
  <Steering>124</Steering>
  <Acc>177</Acc>
  <Brake>169</Brake>
  <DayTime>15:16:13</DayTime>
  <Position>
    <X>-2402.09985</X>
    <Y>-247.608414</Y>
    <Z>15.8841305</Z>
  </Position>
  <Rotation>
    <X>0.9423797</X>
    <Y>0.595840156</Y>
    <Z>60.0467453</Z>
  </Rotation>
</Screenshot>