<?xml version="1.0" encoding="utf-8"?>
<Screenshot xmlns:xsd="http://www.w3.org/2001/XMLSchema" xmlns:xsi="http://www.w3.org/2001/XMLSchema-instance">
  <Cars />
  <MyCar>
    <Position>
      <X>-2401.63159</X>
      <Y>-247.882965</Y>
      <Z>14.970273</Z>
    </Position>
    <Rotation>
      <X>1.45607316</X>
      <Y>0.0999475941</Y>
      <Z>60.1393738</Z>
    </Rotation>
    <Handle>663810</Handle>
    <Bounds>
      <Vector3>
        <X>-2399.93921</X>
        <Y>-250.0337</Y>
        <Z>14.1793461</Z>
      </Vector3>
      <Vector3>
        <X>-2398.922</X>
        <Y>-248.262177</Y>
        <Z>14.1757832</Z>
      </Vector3>
      <Vector3>
        <X>-2404.37427</X>
        <Y>-247.48732</Y>
        <Z>14.3093367</Z>
      </Vector3>
      <Vector3>
        <X>-2399.906</X>
        <Y>-250.049927</Y>
        <Z>15.6347713</Z>
      </Vector3>
      <Vector3>
        <X>-2403.35718</X>
        <Y>-245.71579</Y>
        <Z>14.3057728</Z>
      </Vector3>
      <Vector3>
        <X>-2398.889</X>
        <Y>-248.2784</Y>
        <Z>15.6312084</Z>
      </Vector3>
      <Vector3>
        <X>-2404.34082</X>
        <Y>-247.50354</Y>
        <Z>15.7647619</Z>
      </Vector3>
      <Vector3>
        <X>-2403.32373</X>
        <Y>-245.73201</Y>
        <Z>15.761198</Z>
      </Vector3>
    </Bounds>
    <CenterCamPosition>
      <X>0</X>
      <Y>0</Y>
    </CenterCamPosition>
    <ScreenBounds />
    <DistanceToCam>0</DistanceToCam>
    <Speed>7.597402</Speed>
    <AccInput>0</AccInput>
    <RPM>1.35798967</RPM>
    <Gear>0</Gear>
    <SteeringAngle>5.853084E-41</SteeringAngle>
    <WheelSpeed>0</WheelSpeed>
    <CarType>Sports</CarType>
  </MyCar>
  <Peds />
  <Time>134649</Time>
  <LastFrameTime>0.0184223764</LastFrameTime>
  <MyProperty>0</MyProperty>
  <Weather>Clear</Weather>
  <Steering>124</Steering>
  <Acc>177</Acc>
  <Brake>169</Brake>
  <DayTime>15:16:13</DayTime>
  <Position>
    <X>-2402.52954</X>
    <Y>-247.3645</Y>
    <Z>15.8968754</Z>
  </Position>
  <Rotation>
    <X>0.9535935</X>
    <Y>0.5995771</Y>
    <Z>60.12496</Z>
  </Rotation>
</Screenshot>