<?xml version="1.0" encoding="utf-8"?>
<Screenshot xmlns:xsd="http://www.w3.org/2001/XMLSchema" xmlns:xsi="http://www.w3.org/2001/XMLSchema-instance">
  <Cars />
  <MyCar>
    <Position>
      <X>-2401.51</X>
      <Y>-247.952255</Y>
      <Z>14.9667273</Z>
    </Position>
    <Rotation>
      <X>1.45354116</X>
      <Y>0.09966025</Y>
      <Z>60.1149864</Z>
    </Rotation>
    <Handle>663810</Handle>
    <Bounds>
      <Vector3>
        <X>-2399.8186</X>
        <Y>-250.103729</Y>
        <Z>14.1759081</Z>
      </Vector3>
      <Vector3>
        <X>-2398.80078</X>
        <Y>-248.332642</Y>
        <Z>14.1723547</Z>
      </Vector3>
      <Vector3>
        <X>-2404.25244</X>
        <Y>-247.55545</Y>
        <Z>14.3056717</Z>
      </Vector3>
      <Vector3>
        <X>-2399.7854</X>
        <Y>-250.119934</Y>
        <Z>15.6313343</Z>
      </Vector3>
      <Vector3>
        <X>-2403.23462</X>
        <Y>-245.784363</Y>
        <Z>14.3021183</Z>
      </Vector3>
      <Vector3>
        <X>-2398.76758</X>
        <Y>-248.348846</Y>
        <Z>15.6277809</Z>
      </Vector3>
      <Vector3>
        <X>-2404.21924</X>
        <Y>-247.571655</Y>
        <Z>15.7610989</Z>
      </Vector3>
      <Vector3>
        <X>-2403.20142</X>
        <Y>-245.800568</Y>
        <Z>15.7575455</Z>
      </Vector3>
    </Bounds>
    <CenterCamPosition>
      <X>0</X>
      <Y>0</Y>
    </CenterCamPosition>
    <ScreenBounds />
    <DistanceToCam>0</DistanceToCam>
    <Speed>7.59436035</Speed>
    <AccInput>0</AccInput>
    <RPM>1.35798967</RPM>
    <Gear>0</Gear>
    <SteeringAngle>5.853084E-41</SteeringAngle>
    <WheelSpeed>0</WheelSpeed>
    <CarType>Sports</CarType>
  </MyCar>
  <Peds />
  <Time>134631</Time>
  <LastFrameTime>0.0475350022</LastFrameTime>
  <MyProperty>0</MyProperty>
  <Weather>Clear</Weather>
  <Steering>124</Steering>
  <Acc>177</Acc>
  <Brake>169</Brake>
  <DayTime>15:16:13</DayTime>
  <Position>
    <X>-2402.21582</X>
    <Y>-247.5424</Y>
    <Z>15.8875637</Z>
  </Position>
  <Rotation>
    <X>0.9452686</X>
    <Y>0.5957651</Y>
    <Z>60.06606</Z>
  </Rotation>
</Screenshot>