<?xml version="1.0" encoding="utf-8"?>
<Screenshot xmlns:xsd="http://www.w3.org/2001/XMLSchema" xmlns:xsi="http://www.w3.org/2001/XMLSchema-instance">
  <Cars />
  <MyCar>
    <Position>
      <X>-2401.96021</X>
      <Y>-247.696228</Y>
      <Z>14.9798431</Z>
    </Position>
    <Rotation>
      <X>1.46528506</X>
      <Y>0.101424247</Y>
      <Z>60.2135048</Z>
    </Rotation>
    <Handle>663810</Handle>
    <Bounds>
      <Vector3>
        <X>-2400.26514</X>
        <Y>-249.844742</Y>
        <Z>14.1885347</Z>
      </Vector3>
      <Vector3>
        <X>-2399.25049</X>
        <Y>-248.0719</Y>
        <Z>14.1849184</Z>
      </Vector3>
      <Vector3>
        <X>-2404.70337</X>
        <Y>-247.3041</Y>
        <Z>14.3193474</Z>
      </Vector3>
      <Vector3>
        <X>-2400.23169</X>
        <Y>-249.861</Y>
        <Z>15.6439543</Z>
      </Vector3>
      <Vector3>
        <X>-2403.68872</X>
        <Y>-245.53125</Y>
        <Z>14.315731</Z>
      </Vector3>
      <Vector3>
        <X>-2399.2168</X>
        <Y>-248.08815</Y>
        <Z>15.6403379</Z>
      </Vector3>
      <Vector3>
        <X>-2404.67</X>
        <Y>-247.320358</Y>
        <Z>15.774766</Z>
      </Vector3>
      <Vector3>
        <X>-2403.655</X>
        <Y>-245.547516</Y>
        <Z>15.77115</Z>
      </Vector3>
    </Bounds>
    <CenterCamPosition>
      <X>0</X>
      <Y>0</Y>
    </CenterCamPosition>
    <ScreenBounds />
    <DistanceToCam>0</DistanceToCam>
    <Speed>7.605632</Speed>
    <AccInput>0</AccInput>
    <RPM>1.35798967</RPM>
    <Gear>0</Gear>
    <SteeringAngle>5.853084E-41</SteeringAngle>
    <WheelSpeed>0</WheelSpeed>
    <CarType>Sports</CarType>
  </MyCar>
  <Peds />
  <Time>134699</Time>
  <LastFrameTime>0.049730394</LastFrameTime>
  <MyProperty>0</MyProperty>
  <Weather>Clear</Weather>
  <Steering>124</Steering>
  <Acc>177</Acc>
  <Brake>169</Brake>
  <DayTime>15:16:13</DayTime>
  <Position>
    <X>-2402.65137</X>
    <Y>-247.29567</Y>
    <Z>15.9004736</Z>
  </Position>
  <Rotation>
    <X>0.9561255</X>
    <Y>0.599864</Y>
    <Z>60.1493759</Z>
  </Rotation>
</Screenshot>