<?xml version="1.0" encoding="utf-8"?>
<Screenshot xmlns:xsd="http://www.w3.org/2001/XMLSchema" xmlns:xsi="http://www.w3.org/2001/XMLSchema-instance">
  <Cars />
  <MyCar>
    <Position>
      <X>-2402.505</X>
      <Y>-247.3884</Y>
      <Z>14.9956741</Z>
    </Position>
    <Rotation>
      <X>1.47830546</X>
      <Y>0.105423488</Y>
      <Z>60.35349</Z>
    </Rotation>
    <Handle>663810</Handle>
    <Bounds>
      <Vector3>
        <X>-2400.805</X>
        <Y>-249.532715</Y>
        <Z>14.20386</Z>
      </Vector3>
      <Vector3>
        <X>-2399.79443</X>
        <Y>-247.7574</Y>
        <Z>14.2001019</Z>
      </Vector3>
      <Vector3>
        <X>-2405.24927</X>
        <Y>-247.00293</Y>
        <Z>14.3358345</Z>
      </Vector3>
      <Vector3>
        <X>-2400.771</X>
        <Y>-249.548965</Y>
        <Z>15.65927</Z>
      </Vector3>
      <Vector3>
        <X>-2404.23877</X>
        <Y>-245.227615</Y>
        <Z>14.3320761</Z>
      </Vector3>
      <Vector3>
        <X>-2399.7605</X>
        <Y>-247.773651</Y>
        <Z>15.6555119</Z>
      </Vector3>
      <Vector3>
        <X>-2405.21533</X>
        <Y>-247.01918</Y>
        <Z>15.7912455</Z>
      </Vector3>
      <Vector3>
        <X>-2404.20483</X>
        <Y>-245.243866</Y>
        <Z>15.7874861</Z>
      </Vector3>
    </Bounds>
    <CenterCamPosition>
      <X>0</X>
      <Y>0</Y>
    </CenterCamPosition>
    <ScreenBounds />
    <DistanceToCam>0</DistanceToCam>
    <Speed>7.61912966</Speed>
    <AccInput>0</AccInput>
    <RPM>1.35798967</RPM>
    <Gear>0</Gear>
    <SteeringAngle>5.853084E-41</SteeringAngle>
    <WheelSpeed>0</WheelSpeed>
    <CarType>Sports</CarType>
  </MyCar>
  <Peds />
  <Time>134781</Time>
  <LastFrameTime>0.04704162</LastFrameTime>
  <MyProperty>0</MyProperty>
  <Weather>Clear</Weather>
  <Steering>124</Steering>
  <Acc>177</Acc>
  <Brake>169</Brake>
  <DayTime>15:16:13</DayTime>
  <Position>
    <X>-2403.21362</X>
    <Y>-246.979553</Y>
    <Z>15.9171114</Z>
  </Position>
  <Rotation>
    <X>0.9711674</X>
    <Y>0.6028856</Y>
    <Z>60.2809029</Z>
  </Rotation>
</Screenshot>