<?xml version="1.0" encoding="utf-8"?>
<Screenshot xmlns:xsd="http://www.w3.org/2001/XMLSchema" xmlns:xsi="http://www.w3.org/2001/XMLSchema-instance">
  <Cars />
  <MyCar>
    <Position>
      <X>-2402.19287</X>
      <Y>-247.564438</Y>
      <Z>14.9866018</Z>
    </Position>
    <Rotation>
      <X>1.47111356</X>
      <Y>0.1029723</Y>
      <Z>60.2706871</Z>
    </Rotation>
    <Handle>663810</Handle>
    <Bounds>
      <Vector3>
        <X>-2400.49585</X>
        <Y>-249.711227</Y>
        <Z>14.1950626</Z>
      </Vector3>
      <Vector3>
        <X>-2399.483</X>
        <Y>-247.937378</Y>
        <Z>14.1913919</Z>
      </Vector3>
      <Vector3>
        <X>-2404.93652</X>
        <Y>-247.175018</Y>
        <Z>14.326395</Z>
      </Vector3>
      <Vector3>
        <X>-2400.46216</X>
        <Y>-249.7275</Y>
        <Z>15.6504784</Z>
      </Vector3>
      <Vector3>
        <X>-2403.92358</X>
        <Y>-245.401169</Y>
        <Z>14.3227243</Z>
      </Vector3>
      <Vector3>
        <X>-2399.449</X>
        <Y>-247.953644</Y>
        <Z>15.6468067</Z>
      </Vector3>
      <Vector3>
        <X>-2404.90283</X>
        <Y>-247.191284</Y>
        <Z>15.7818108</Z>
      </Vector3>
      <Vector3>
        <X>-2403.89</X>
        <Y>-245.417435</Y>
        <Z>15.7781391</Z>
      </Vector3>
    </Bounds>
    <CenterCamPosition>
      <X>0</X>
      <Y>0</Y>
    </CenterCamPosition>
    <ScreenBounds />
    <DistanceToCam>0</DistanceToCam>
    <Speed>7.61140871</Speed>
    <AccInput>0</AccInput>
    <RPM>1.35798967</RPM>
    <Gear>0</Gear>
    <SteeringAngle>5.853084E-41</SteeringAngle>
    <WheelSpeed>0</WheelSpeed>
    <CarType>Sports</CarType>
  </MyCar>
  <Peds />
  <Time>134734</Time>
  <LastFrameTime>0.0351536</LastFrameTime>
  <MyProperty>0</MyProperty>
  <Weather>Clear</Weather>
  <Steering>124</Steering>
  <Acc>177</Acc>
  <Brake>169</Brake>
  <DayTime>15:16:13</DayTime>
  <Position>
    <X>-2402.98047</X>
    <Y>-247.1103</Y>
    <Z>15.9102325</Z>
  </Position>
  <Rotation>
    <X>0.96533823</X>
    <Y>0.601338863</Y>
    <Z>60.22364</Z>
  </Rotation>
</Screenshot>