<?xml version="1.0" encoding="utf-8"?>
<Screenshot xmlns:xsd="http://www.w3.org/2001/XMLSchema" xmlns:xsi="http://www.w3.org/2001/XMLSchema-instance">
  <Cars />
  <MyCar>
    <Position>
      <X>-2403.05273</X>
      <Y>-247.080856</Y>
      <Z>15.0115519</Z>
    </Position>
    <Rotation>
      <X>1.49132776</X>
      <Y>0.107468054</Y>
      <Z>60.5099335</Z>
    </Rotation>
    <Handle>663810</Handle>
    <Bounds>
      <Vector3>
        <X>-2401.347</X>
        <Y>-249.220459</Y>
        <Z>14.2191982</Z>
      </Vector3>
      <Vector3>
        <X>-2400.34155</X>
        <Y>-247.4424</Y>
        <Z>14.2153664</Z>
      </Vector3>
      <Vector3>
        <X>-2405.79834</X>
        <Y>-246.702835</Y>
        <Z>14.352334</Z>
      </Vector3>
      <Vector3>
        <X>-2401.31274</X>
        <Y>-249.23674</Y>
        <Z>15.6746</Z>
      </Vector3>
      <Vector3>
        <X>-2404.79272</X>
        <Y>-244.924759</Y>
        <Z>14.3485031</Z>
      </Vector3>
      <Vector3>
        <X>-2400.30713</X>
        <Y>-247.458664</Y>
        <Z>15.6707678</Z>
      </Vector3>
      <Vector3>
        <X>-2405.764</X>
        <Y>-246.7191</Y>
        <Z>15.8077364</Z>
      </Vector3>
      <Vector3>
        <X>-2404.7583</X>
        <Y>-244.94104</Y>
        <Z>15.8039045</Z>
      </Vector3>
    </Bounds>
    <CenterCamPosition>
      <X>0</X>
      <Y>0</Y>
    </CenterCamPosition>
    <ScreenBounds />
    <DistanceToCam>0</DistanceToCam>
    <Speed>7.63260174</Speed>
    <AccInput>0</AccInput>
    <RPM>1.35798967</RPM>
    <Gear>0</Gear>
    <SteeringAngle>5.853084E-41</SteeringAngle>
    <WheelSpeed>0</WheelSpeed>
    <CarType>Sports</CarType>
  </MyCar>
  <Peds />
  <Time>134864</Time>
  <LastFrameTime>0.04776059</LastFrameTime>
  <MyProperty>0</MyProperty>
  <Weather>Clear</Weather>
  <Steering>124</Steering>
  <Acc>177</Acc>
  <Brake>169</Brake>
  <DayTime>15:16:13</DayTime>
  <Position>
    <X>-2403.757</X>
    <Y>-246.676758</Y>
    <Z>15.9331074</Z>
  </Position>
  <Rotation>
    <X>0.9833292</X>
    <Y>0.6073926</Y>
    <Z>60.4280319</Z>
  </Rotation>
</Screenshot>