<?xml version="1.0" encoding="utf-8"?>
<Screenshot xmlns:xsd="http://www.w3.org/2001/XMLSchema" xmlns:xsi="http://www.w3.org/2001/XMLSchema-instance">
  <Cars />
  <MyCar>
    <Position>
      <X>-2403.29</X>
      <Y>-246.94838</Y>
      <Z>15.0184708</Z>
    </Position>
    <Rotation>
      <X>1.49327481</X>
      <Y>0.107491493</Y>
      <Z>60.58042</Z>
    </Rotation>
    <Handle>663810</Handle>
    <Bounds>
      <Vector3>
        <X>-2401.58179</X>
        <Y>-249.085876</Y>
        <Z>14.2260313</Z>
      </Vector3>
      <Vector3>
        <X>-2400.57837</X>
        <Y>-247.306564</Y>
        <Z>14.2221985</Z>
      </Vector3>
      <Vector3>
        <X>-2406.03613</X>
        <Y>-246.573715</Y>
        <Z>14.3593416</Z>
      </Vector3>
      <Vector3>
        <X>-2401.54736</X>
        <Y>-249.102127</Y>
        <Z>15.6814308</Z>
      </Vector3>
      <Vector3>
        <X>-2405.03271</X>
        <Y>-244.794418</Y>
        <Z>14.3555088</Z>
      </Vector3>
      <Vector3>
        <X>-2400.544</X>
        <Y>-247.32283</Y>
        <Z>15.677599</Z>
      </Vector3>
      <Vector3>
        <X>-2406.00171</X>
        <Y>-246.589981</Y>
        <Z>15.8147411</Z>
      </Vector3>
      <Vector3>
        <X>-2404.99829</X>
        <Y>-244.810669</Y>
        <Z>15.8109093</Z>
      </Vector3>
    </Bounds>
    <CenterCamPosition>
      <X>0</X>
      <Y>0</Y>
    </CenterCamPosition>
    <ScreenBounds />
    <DistanceToCam>0</DistanceToCam>
    <Speed>7.63834858</Speed>
    <AccInput>0</AccInput>
    <RPM>1.35798967</RPM>
    <Gear>0</Gear>
    <SteeringAngle>5.853084E-41</SteeringAngle>
    <WheelSpeed>0</WheelSpeed>
    <CarType>Sports</CarType>
  </MyCar>
  <Peds />
  <Time>134899</Time>
  <LastFrameTime>0.0170539413</LastFrameTime>
  <MyProperty>0</MyProperty>
  <Weather>Clear</Weather>
  <Steering>124</Steering>
  <Acc>177</Acc>
  <Brake>169</Brake>
  <DayTime>15:16:13</DayTime>
  <Position>
    <X>-2404.19946</X>
    <Y>-246.432022</Y>
    <Z>15.9461031</Z>
  </Position>
  <Rotation>
    <X>0.993186951</X>
    <Y>0.6074795</Y>
    <Z>60.55696</Z>
  </Rotation>
</Screenshot>