<?xml version="1.0" encoding="utf-8"?>
<Screenshot xmlns:xsd="http://www.w3.org/2001/XMLSchema" xmlns:xsi="http://www.w3.org/2001/XMLSchema-instance">
  <Cars />
  <MyCar>
    <Position>
      <X>-2402.73486</X>
      <Y>-247.258987</Y>
      <Z>15.0023489</Z>
    </Position>
    <Rotation>
      <X>1.483274</X>
      <Y>0.10748215</Y>
      <Z>60.41761</Z>
    </Rotation>
    <Handle>663810</Handle>
    <Bounds>
      <Vector3>
        <X>-2401.03247</X>
        <Y>-249.4014</Y>
        <Z>14.2103519</Z>
      </Vector3>
      <Vector3>
        <X>-2400.02417</X>
        <Y>-247.624954</Y>
        <Z>14.20652</Z>
      </Vector3>
      <Vector3>
        <X>-2405.47974</X>
        <Y>-246.876587</Y>
        <Z>14.34277</Z>
      </Vector3>
      <Vector3>
        <X>-2400.99829</X>
        <Y>-249.417618</Y>
        <Z>15.6657591</Z>
      </Vector3>
      <Vector3>
        <X>-2404.47119</X>
        <Y>-245.100143</Y>
        <Z>14.3389378</Z>
      </Vector3>
      <Vector3>
        <X>-2399.99</X>
        <Y>-247.641174</Y>
        <Z>15.6619272</Z>
      </Vector3>
      <Vector3>
        <X>-2405.44556</X>
        <Y>-246.8928</Y>
        <Z>15.7981768</Z>
      </Vector3>
      <Vector3>
        <X>-2404.437</X>
        <Y>-245.116364</Y>
        <Z>15.7943449</Z>
      </Vector3>
    </Bounds>
    <CenterCamPosition>
      <X>0</X>
      <Y>0</Y>
    </CenterCamPosition>
    <ScreenBounds />
    <DistanceToCam>0</DistanceToCam>
    <Speed>7.624784</Speed>
    <AccInput>0</AccInput>
    <RPM>1.35798967</RPM>
    <Gear>0</Gear>
    <SteeringAngle>5.853084E-41</SteeringAngle>
    <WheelSpeed>0</WheelSpeed>
    <CarType>Sports</CarType>
  </MyCar>
  <Peds />
  <Time>134816</Time>
  <LastFrameTime>0.03463012</LastFrameTime>
  <MyProperty>0</MyProperty>
  <Weather>Clear</Weather>
  <Steering>124</Steering>
  <Acc>177</Acc>
  <Brake>169</Brake>
  <DayTime>15:16:13</DayTime>
  <Position>
    <X>-2403.52637</X>
    <Y>-246.805008</Y>
    <Z>15.9263315</Z>
  </Position>
  <Rotation>
    <X>0.9783603</X>
    <Y>0.605335236</Y>
    <Z>60.36383</Z>
  </Rotation>
</Screenshot>