<?xml version="1.0" encoding="utf-8"?>
<Screenshot xmlns:xsd="http://www.w3.org/2001/XMLSchema" xmlns:xsi="http://www.w3.org/2001/XMLSchema-instance">
  <Cars />
  <MyCar>
    <Position>
      <X>-2403.17627</X>
      <Y>-247.011871</Y>
      <Z>15.0151415</Z>
    </Position>
    <Rotation>
      <X>1.49313128</X>
      <Y>0.107570827</Y>
      <Z>60.54643</Z>
    </Rotation>
    <Handle>663810</Handle>
    <Bounds>
      <Vector3>
        <X>-2401.46924</X>
        <Y>-249.150375</Y>
        <Z>14.22271</Z>
      </Vector3>
      <Vector3>
        <X>-2400.46484</X>
        <Y>-247.371674</Y>
        <Z>14.218874</Z>
      </Vector3>
      <Vector3>
        <X>-2405.922</X>
        <Y>-246.63559</Y>
        <Z>14.3560066</Z>
      </Vector3>
      <Vector3>
        <X>-2401.43481</X>
        <Y>-249.166656</Y>
        <Z>15.67811</Z>
      </Vector3>
      <Vector3>
        <X>-2404.91748</X>
        <Y>-244.856873</Y>
        <Z>14.3521719</Z>
      </Vector3>
      <Vector3>
        <X>-2400.43042</X>
        <Y>-247.387939</Y>
        <Z>15.6742744</Z>
      </Vector3>
      <Vector3>
        <X>-2405.8877</X>
        <Y>-246.651855</Y>
        <Z>15.8114071</Z>
      </Vector3>
      <Vector3>
        <X>-2404.8833</X>
        <Y>-244.873154</Y>
        <Z>15.8075724</Z>
      </Vector3>
    </Bounds>
    <CenterCamPosition>
      <X>0</X>
      <Y>0</Y>
    </CenterCamPosition>
    <ScreenBounds />
    <DistanceToCam>0</DistanceToCam>
    <Speed>7.63562775</Speed>
    <AccInput>0</AccInput>
    <RPM>1.35798967</RPM>
    <Gear>0</Gear>
    <SteeringAngle>5.853084E-41</SteeringAngle>
    <WheelSpeed>0</WheelSpeed>
    <CarType>Sports</CarType>
  </MyCar>
  <Peds />
  <Time>134882</Time>
  <LastFrameTime>0.018516399</LastFrameTime>
  <MyProperty>0</MyProperty>
  <Weather>Clear</Weather>
  <Steering>124</Steering>
  <Acc>177</Acc>
  <Brake>169</Brake>
  <DayTime>15:16:13</DayTime>
  <Position>
    <X>-2404.07568</X>
    <Y>-246.500336</Y>
    <Z>15.9424763</Z>
  </Position>
  <Rotation>
    <X>0.991383433</X>
    <Y>0.6073771</Y>
    <Z>60.52044</Z>
  </Rotation>
</Screenshot>