<?xml version="1.0" encoding="utf-8"?>
<Screenshot xmlns:xsd="http://www.w3.org/2001/XMLSchema" xmlns:xsi="http://www.w3.org/2001/XMLSchema-instance">
  <Cars />
  <MyCar>
    <Position>
      <X>-2403.87427</X>
      <Y>-246.623688</Y>
      <Z>15.0356283</Z>
    </Position>
    <Rotation>
      <X>1.490015</X>
      <Y>0.107904442</Y>
      <Z>60.75955</Z>
    </Rotation>
    <Handle>663810</Handle>
    <Bounds>
      <Vector3>
        <X>-2402.15918</X>
        <Y>-248.755859</Y>
        <Z>14.2433405</Z>
      </Vector3>
      <Vector3>
        <X>-2401.16138</X>
        <Y>-246.973419</Y>
        <Z>14.2394934</Z>
      </Vector3>
      <Vector3>
        <X>-2406.62134</X>
        <Y>-246.257629</Y>
        <Z>14.37636</Z>
      </Vector3>
      <Vector3>
        <X>-2402.12476</X>
        <Y>-248.771957</Y>
        <Z>15.6987429</Z>
      </Vector3>
      <Vector3>
        <X>-2405.62354</X>
        <Y>-244.4752</Y>
        <Z>14.3725128</Z>
      </Vector3>
      <Vector3>
        <X>-2401.127</X>
        <Y>-246.989532</Y>
        <Z>15.6948957</Z>
      </Vector3>
      <Vector3>
        <X>-2406.587</X>
        <Y>-246.273743</Y>
        <Z>15.8317623</Z>
      </Vector3>
      <Vector3>
        <X>-2405.589</X>
        <Y>-244.4913</Y>
        <Z>15.8279152</Z>
      </Vector3>
    </Bounds>
    <CenterCamPosition>
      <X>0</X>
      <Y>0</Y>
    </CenterCamPosition>
    <ScreenBounds />
    <DistanceToCam>0</DistanceToCam>
    <Speed>7.652269</Speed>
    <AccInput>0</AccInput>
    <RPM>1.35798967</RPM>
    <Gear>0</Gear>
    <SteeringAngle>5.853084E-41</SteeringAngle>
    <WheelSpeed>0</WheelSpeed>
    <CarType>Sports</CarType>
  </MyCar>
  <Peds />
  <Time>134987</Time>
  <LastFrameTime>0.0209997538</LastFrameTime>
  <MyProperty>0</MyProperty>
  <Weather>Clear</Weather>
  <Steering>124</Steering>
  <Acc>177</Acc>
  <Brake>169</Brake>
  <DayTime>15:16:13</DayTime>
  <Position>
    <X>-2404.75854</X>
    <Y>-246.1247</Y>
    <Z>15.9624262</Z>
  </Position>
  <Rotation>
    <X>0.991251945</X>
    <Y>0.609075069</Y>
    <Z>60.7266541</Z>
  </Rotation>
</Screenshot>