<?xml version="1.0" encoding="utf-8"?>
<Screenshot xmlns:xsd="http://www.w3.org/2001/XMLSchema" xmlns:xsi="http://www.w3.org/2001/XMLSchema-instance">
  <Cars />
  <MyCar>
    <Position>
      <X>-2403.73364</X>
      <Y>-246.701553</Y>
      <Z>15.0315046</Z>
    </Position>
    <Rotation>
      <X>1.491196</X>
      <Y>0.109166175</Y>
      <Z>60.7161179</Z>
    </Rotation>
    <Handle>663810</Handle>
    <Bounds>
      <Vector3>
        <X>-2402.02026</X>
        <Y>-248.835037</Y>
        <Z>14.2391863</Z>
      </Vector3>
      <Vector3>
        <X>-2401.021</X>
        <Y>-247.05336</Y>
        <Z>14.2352943</Z>
      </Vector3>
      <Vector3>
        <X>-2406.48047</X>
        <Y>-246.33342</Y>
        <Z>14.3723116</Z>
      </Vector3>
      <Vector3>
        <X>-2401.98584</X>
        <Y>-248.851151</Y>
        <Z>15.6945887</Z>
      </Vector3>
      <Vector3>
        <X>-2405.4812</X>
        <Y>-244.551758</Y>
        <Z>14.36842</Z>
      </Vector3>
      <Vector3>
        <X>-2400.98657</X>
        <Y>-247.069473</Y>
        <Z>15.6906967</Z>
      </Vector3>
      <Vector3>
        <X>-2406.446</X>
        <Y>-246.349533</Y>
        <Z>15.827713</Z>
      </Vector3>
      <Vector3>
        <X>-2405.447</X>
        <Y>-244.567871</Y>
        <Z>15.8238211</Z>
      </Vector3>
    </Bounds>
    <CenterCamPosition>
      <X>0</X>
      <Y>0</Y>
    </CenterCamPosition>
    <ScreenBounds />
    <DistanceToCam>0</DistanceToCam>
    <Speed>7.64893</Speed>
    <AccInput>0</AccInput>
    <RPM>1.35798967</RPM>
    <Gear>0</Gear>
    <SteeringAngle>5.853084E-41</SteeringAngle>
    <WheelSpeed>0</WheelSpeed>
    <CarType>Sports</CarType>
  </MyCar>
  <Peds />
  <Time>134966</Time>
  <LastFrameTime>0.018727405</LastFrameTime>
  <MyProperty>0</MyProperty>
  <Weather>Clear</Weather>
  <Steering>124</Steering>
  <Acc>177</Acc>
  <Brake>169</Brake>
  <DayTime>15:16:13</DayTime>
  <Position>
    <X>-2404.6333</X>
    <Y>-246.193512</Y>
    <Z>15.9587641</Z>
  </Position>
  <Rotation>
    <X>0.991878</X>
    <Y>0.609244168</Y>
    <Z>60.68816</Z>
  </Rotation>
</Screenshot>