<?xml version="1.0" encoding="utf-8"?>
<Screenshot xmlns:xsd="http://www.w3.org/2001/XMLSchema" xmlns:xsi="http://www.w3.org/2001/XMLSchema-instance">
  <Cars />
  <MyCar>
    <Position>
      <X>-2403.60864</X>
      <Y>-246.771057</Y>
      <Z>15.02783</Z>
    </Position>
    <Rotation>
      <X>1.491822</X>
      <Y>0.10933549</Y>
      <Z>60.6776161</Z>
    </Rotation>
    <Handle>663810</Handle>
    <Bounds>
      <Vector3>
        <X>-2401.89673</X>
        <Y>-248.905685</Y>
        <Z>14.2354879</Z>
      </Vector3>
      <Vector3>
        <X>-2400.89624</X>
        <Y>-247.12468</Y>
        <Z>14.2315893</Z>
      </Vector3>
      <Vector3>
        <X>-2406.35522</X>
        <Y>-246.401077</Y>
        <Z>14.3686686</Z>
      </Vector3>
      <Vector3>
        <X>-2401.8623</X>
        <Y>-248.921829</Y>
        <Z>15.6908884</Z>
      </Vector3>
      <Vector3>
        <X>-2405.355</X>
        <Y>-244.620071</Y>
        <Z>14.36477</Z>
      </Vector3>
      <Vector3>
        <X>-2400.86182</X>
        <Y>-247.140823</Y>
        <Z>15.6869907</Z>
      </Vector3>
      <Vector3>
        <X>-2406.3208</X>
        <Y>-246.417221</Y>
        <Z>15.824069</Z>
      </Vector3>
      <Vector3>
        <X>-2405.32056</X>
        <Y>-244.636215</Y>
        <Z>15.8201714</Z>
      </Vector3>
    </Bounds>
    <CenterCamPosition>
      <X>0</X>
      <Y>0</Y>
    </CenterCamPosition>
    <ScreenBounds />
    <DistanceToCam>0</DistanceToCam>
    <Speed>7.64595175</Speed>
    <AccInput>0</AccInput>
    <RPM>1.35798967</RPM>
    <Gear>0</Gear>
    <SteeringAngle>5.853084E-41</SteeringAngle>
    <WheelSpeed>0</WheelSpeed>
    <CarType>Sports</CarType>
  </MyCar>
  <Peds />
  <Time>134947</Time>
  <LastFrameTime>0.04771498</LastFrameTime>
  <MyProperty>0</MyProperty>
  <Weather>Clear</Weather>
  <Steering>124</Steering>
  <Acc>177</Acc>
  <Brake>169</Brake>
  <DayTime>15:16:13</DayTime>
  <Position>
    <X>-2404.31372</X>
    <Y>-246.369141</Y>
    <Z>15.9494352</Z>
  </Position>
  <Rotation>
    <X>0.9933306</X>
    <Y>0.6074002</Y>
    <Z>60.5909538</Z>
  </Rotation>
</Screenshot>