<?xml version="1.0" encoding="utf-8"?>
<Screenshot xmlns:xsd="http://www.w3.org/2001/XMLSchema" xmlns:xsi="http://www.w3.org/2001/XMLSchema-instance">
  <Cars />
  <MyCar>
    <Position>
      <X>-2404.406</X>
      <Y>-246.330246</Y>
      <Z>15.0512075</Z>
    </Position>
    <Rotation>
      <X>1.48648763</X>
      <Y>0.104959451</Y>
      <Z>60.92596</Z>
    </Rotation>
    <Handle>663810</Handle>
    <Bounds>
      <Vector3>
        <X>-2402.68481</X>
        <Y>-248.457413</Y>
        <Z>14.2590227</Z>
      </Vector3>
      <Vector3>
        <X>-2401.69214</X>
        <Y>-246.672089</Y>
        <Z>14.2552814</Z>
      </Vector3>
      <Vector3>
        <X>-2407.154</X>
        <Y>-245.972168</Y>
        <Z>14.3917274</Z>
      </Vector3>
      <Vector3>
        <X>-2402.65039</X>
        <Y>-248.473434</Y>
        <Z>15.7144279</Z>
      </Vector3>
      <Vector3>
        <X>-2406.16138</X>
        <Y>-244.186844</Y>
        <Z>14.3879852</Z>
      </Vector3>
      <Vector3>
        <X>-2401.65771</X>
        <Y>-246.68811</Y>
        <Z>15.7106857</Z>
      </Vector3>
      <Vector3>
        <X>-2407.11987</X>
        <Y>-245.98819</Y>
        <Z>15.8471327</Z>
      </Vector3>
      <Vector3>
        <X>-2406.1272</X>
        <Y>-244.202866</Y>
        <Z>15.84339</Z>
      </Vector3>
    </Bounds>
    <CenterCamPosition>
      <X>0</X>
      <Y>0</Y>
    </CenterCamPosition>
    <ScreenBounds />
    <DistanceToCam>0</DistanceToCam>
    <Speed>7.66484356</Speed>
    <AccInput>0</AccInput>
    <RPM>1.35798967</RPM>
    <Gear>0</Gear>
    <SteeringAngle>5.853084E-41</SteeringAngle>
    <WheelSpeed>0</WheelSpeed>
    <CarType>Sports</CarType>
  </MyCar>
  <Peds />
  <Time>135066</Time>
  <LastFrameTime>0.0169779155</LastFrameTime>
  <MyProperty>0</MyProperty>
  <Weather>Clear</Weather>
  <Steering>124</Steering>
  <Acc>177</Acc>
  <Brake>169</Brake>
  <DayTime>15:16:13</DayTime>
  <Position>
    <X>-2405.319</X>
    <Y>-245.819244</Y>
    <Z>15.9787006</Z>
  </Position>
  <Rotation>
    <X>0.9869676</X>
    <Y>0.605625033</Y>
    <Z>60.90056</Z>
  </Rotation>
</Screenshot>