<?xml version="1.0" encoding="utf-8"?>
<Screenshot xmlns:xsd="http://www.w3.org/2001/XMLSchema" xmlns:xsi="http://www.w3.org/2001/XMLSchema-instance">
  <Cars />
  <MyCar>
    <Position>
      <X>-2404.07153</X>
      <Y>-246.5146</Y>
      <Z>15.0414066</Z>
    </Position>
    <Rotation>
      <X>1.48884344</X>
      <Y>0.106508635</Y>
      <Z>60.82098</Z>
    </Rotation>
    <Handle>663810</Handle>
    <Bounds>
      <Vector3>
        <X>-2402.35425</X>
        <Y>-248.644928</Y>
        <Z>14.2491455</Z>
      </Vector3>
      <Vector3>
        <X>-2401.3584</X>
        <Y>-246.86142</Y>
        <Z>14.245348</Z>
      </Vector3>
      <Vector3>
        <X>-2406.819</X>
        <Y>-246.151489</Y>
        <Z>14.38206</Z>
      </Vector3>
      <Vector3>
        <X>-2402.31982</X>
        <Y>-248.661011</Y>
        <Z>15.7045488</Z>
      </Vector3>
      <Vector3>
        <X>-2405.823</X>
        <Y>-244.368</Y>
        <Z>14.3782635</Z>
      </Vector3>
      <Vector3>
        <X>-2401.324</X>
        <Y>-246.8775</Y>
        <Z>15.7007513</Z>
      </Vector3>
      <Vector3>
        <X>-2406.78467</X>
        <Y>-246.167572</Y>
        <Z>15.8374634</Z>
      </Vector3>
      <Vector3>
        <X>-2405.78882</X>
        <Y>-244.384064</Y>
        <Z>15.8336668</Z>
      </Vector3>
    </Bounds>
    <CenterCamPosition>
      <X>0</X>
      <Y>0</Y>
    </CenterCamPosition>
    <ScreenBounds />
    <DistanceToCam>0</DistanceToCam>
    <Speed>7.65694237</Speed>
    <AccInput>0</AccInput>
    <RPM>1.35798967</RPM>
    <Gear>0</Gear>
    <SteeringAngle>5.853084E-41</SteeringAngle>
    <WheelSpeed>0</WheelSpeed>
    <CarType>Sports</CarType>
  </MyCar>
  <Peds />
  <Time>135016</Time>
  <LastFrameTime>0.0294573717</LastFrameTime>
  <MyProperty>0</MyProperty>
  <Weather>Clear</Weather>
  <Steering>124</Steering>
  <Acc>177</Acc>
  <Brake>169</Brake>
  <DayTime>15:16:13</DayTime>
  <Position>
    <X>-2404.89966</X>
    <Y>-246.047623</Y>
    <Z>15.966526</Z>
  </Position>
  <Rotation>
    <X>0.990070641</X>
    <Y>0.607813656</Y>
    <Z>60.7700462</Z>
  </Rotation>
</Screenshot>