<?xml version="1.0" encoding="utf-8"?>
<Screenshot xmlns:xsd="http://www.w3.org/2001/XMLSchema" xmlns:xsi="http://www.w3.org/2001/XMLSchema-instance">
  <Cars />
  <MyCar>
    <Position>
      <X>-2404.29224</X>
      <Y>-246.392975</Y>
      <Z>15.0478668</Z>
    </Position>
    <Rotation>
      <X>1.48691249</X>
      <Y>0.105714895</Y>
      <Z>60.89013</Z>
    </Rotation>
    <Handle>663810</Handle>
    <Bounds>
      <Vector3>
        <X>-2402.57227</X>
        <Y>-248.521225</Y>
        <Z>14.2556772</Z>
      </Vector3>
      <Vector3>
        <X>-2401.57861</X>
        <Y>-246.736526</Y>
        <Z>14.2519083</Z>
      </Vector3>
      <Vector3>
        <X>-2407.04</X>
        <Y>-246.033188</Y>
        <Z>14.3884192</Z>
      </Vector3>
      <Vector3>
        <X>-2402.538</X>
        <Y>-248.537262</Y>
        <Z>15.7110815</Z>
      </Vector3>
      <Vector3>
        <X>-2406.04639</X>
        <Y>-244.248474</Y>
        <Z>14.38465</Z>
      </Vector3>
      <Vector3>
        <X>-2401.54419</X>
        <Y>-246.752548</Y>
        <Z>15.7073126</Z>
      </Vector3>
      <Vector3>
        <X>-2407.00586</X>
        <Y>-246.04921</Y>
        <Z>15.8438244</Z>
      </Vector3>
      <Vector3>
        <X>-2406.012</X>
        <Y>-244.264511</Y>
        <Z>15.8400555</Z>
      </Vector3>
    </Bounds>
    <CenterCamPosition>
      <X>0</X>
      <Y>0</Y>
    </CenterCamPosition>
    <ScreenBounds />
    <DistanceToCam>0</DistanceToCam>
    <Speed>7.66215944</Speed>
    <AccInput>0</AccInput>
    <RPM>1.35798967</RPM>
    <Gear>0</Gear>
    <SteeringAngle>5.853084E-41</SteeringAngle>
    <WheelSpeed>0</WheelSpeed>
    <CarType>Sports</CarType>
  </MyCar>
  <Peds />
  <Time>135049</Time>
  <LastFrameTime>0.0328902528</LastFrameTime>
  <MyProperty>0</MyProperty>
  <Weather>Clear</Weather>
  <Steering>124</Steering>
  <Acc>177</Acc>
  <Brake>169</Brake>
  <DayTime>15:16:13</DayTime>
  <Position>
    <X>-2405.09766</X>
    <Y>-245.939636</Y>
    <Z>15.97228</Z>
  </Position>
  <Rotation>
    <X>0.988898635</X>
    <Y>0.606418252</Y>
    <Z>60.8314438</Z>
  </Rotation>
</Screenshot>