<?xml version="1.0" encoding="utf-8"?>
<Screenshot xmlns:xsd="http://www.w3.org/2001/XMLSchema" xmlns:xsi="http://www.w3.org/2001/XMLSchema-instance">
  <Cars />
  <MyCar>
    <Position>
      <X>-2405.1792</X>
      <Y>-245.907288</Y>
      <Z>15.073801</Z>
    </Position>
    <Rotation>
      <X>1.48313558</X>
      <Y>0.101163059</Y>
      <Z>61.1654129</Z>
    </Rotation>
    <Handle>663810</Handle>
    <Bounds>
      <Vector3>
        <X>-2403.449</X>
        <Y>-248.027222</Y>
        <Z>14.2816973</Z>
      </Vector3>
      <Vector3>
        <X>-2402.46387</X>
        <Y>-246.237762</Y>
        <Z>14.2780905</Z>
      </Vector3>
      <Vector3>
        <X>-2407.92871</X>
        <Y>-245.560669</Y>
        <Z>14.4141026</Z>
      </Vector3>
      <Vector3>
        <X>-2403.41479</X>
        <Y>-248.043137</Y>
        <Z>15.7371044</Z>
      </Vector3>
      <Vector3>
        <X>-2406.9436</X>
        <Y>-243.771225</Y>
        <Z>14.4104958</Z>
      </Vector3>
      <Vector3>
        <X>-2402.42944</X>
        <Y>-246.2537</Y>
        <Z>15.7334976</Z>
      </Vector3>
      <Vector3>
        <X>-2407.89453</X>
        <Y>-245.5766</Y>
        <Z>15.86951</Z>
      </Vector3>
      <Vector3>
        <X>-2406.90918</X>
        <Y>-243.78714</Y>
        <Z>15.8659029</Z>
      </Vector3>
    </Bounds>
    <CenterCamPosition>
      <X>0</X>
      <Y>0</Y>
    </CenterCamPosition>
    <ScreenBounds />
    <DistanceToCam>0</DistanceToCam>
    <Speed>7.683082</Speed>
    <AccInput>0</AccInput>
    <RPM>1.35798967</RPM>
    <Gear>0</Gear>
    <SteeringAngle>5.853084E-41</SteeringAngle>
    <WheelSpeed>0</WheelSpeed>
    <CarType>Sports</CarType>
  </MyCar>
  <Peds />
  <Time>135181</Time>
  <LastFrameTime>0.048346132</LastFrameTime>
  <MyProperty>0</MyProperty>
  <Weather>Clear</Weather>
  <Steering>126</Steering>
  <Acc>177</Acc>
  <Brake>169</Brake>
  <DayTime>15:16:13</DayTime>
  <Position>
    <X>-2405.88184</X>
    <Y>-245.514633</Y>
    <Z>15.9950514</Z>
  </Position>
  <Rotation>
    <X>0.984478951</X>
    <Y>0.6032094</Y>
    <Z>61.0775833</Z>
  </Rotation>
</Screenshot>