<?xml version="1.0" encoding="utf-8"?>
<Screenshot xmlns:xsd="http://www.w3.org/2001/XMLSchema" xmlns:xsi="http://www.w3.org/2001/XMLSchema-instance">
  <Cars />
  <MyCar>
    <Position>
      <X>-2404.72681</X>
      <Y>-246.154312</Y>
      <Z>15.06057</Z>
    </Position>
    <Rotation>
      <X>1.48524714</X>
      <Y>0.103038266</Y>
      <Z>61.0272522</Z>
    </Rotation>
    <Handle>663810</Handle>
    <Bounds>
      <Vector3>
        <X>-2403.00171</X>
        <Y>-248.278412</Y>
        <Z>14.2684059</Z>
      </Vector3>
      <Vector3>
        <X>-2402.01221</X>
        <Y>-246.491348</Y>
        <Z>14.2647324</Z>
      </Vector3>
      <Vector3>
        <X>-2407.47559</X>
        <Y>-245.801071</Y>
        <Z>14.401</Z>
      </Vector3>
      <Vector3>
        <X>-2402.96753</X>
        <Y>-248.2944</Y>
        <Z>15.7238121</Z>
      </Vector3>
      <Vector3>
        <X>-2406.486</X>
        <Y>-244.014</Y>
        <Z>14.3973265</Z>
      </Vector3>
      <Vector3>
        <X>-2401.978</X>
        <Y>-246.507339</Y>
        <Z>15.7201385</Z>
      </Vector3>
      <Vector3>
        <X>-2407.44116</X>
        <Y>-245.817062</Y>
        <Z>15.8564053</Z>
      </Vector3>
      <Vector3>
        <X>-2406.45166</X>
        <Y>-244.03</Y>
        <Z>15.8527317</Z>
      </Vector3>
    </Bounds>
    <CenterCamPosition>
      <X>0</X>
      <Y>0</Y>
    </CenterCamPosition>
    <ScreenBounds />
    <DistanceToCam>0</DistanceToCam>
    <Speed>7.672396</Speed>
    <AccInput>0</AccInput>
    <RPM>1.35798967</RPM>
    <Gear>0</Gear>
    <SteeringAngle>5.853084E-41</SteeringAngle>
    <WheelSpeed>0</WheelSpeed>
    <CarType>Sports</CarType>
  </MyCar>
  <Peds />
  <Time>135114</Time>
  <LastFrameTime>0.04770815</LastFrameTime>
  <MyProperty>0</MyProperty>
  <Weather>Clear</Weather>
  <Steering>124</Steering>
  <Acc>177</Acc>
  <Brake>169</Brake>
  <DayTime>15:16:13</DayTime>
  <Position>
    <X>-2405.433</X>
    <Y>-245.757172</Y>
    <Z>15.9820328</Z>
  </Position>
  <Rotation>
    <X>0.986542642</X>
    <Y>0.6048697</Y>
    <Z>60.93637</Z>
  </Rotation>
</Screenshot>