<?xml version="1.0" encoding="utf-8"?>
<Screenshot xmlns:xsd="http://www.w3.org/2001/XMLSchema" xmlns:xsi="http://www.w3.org/2001/XMLSchema-instance">
  <Cars />
  <MyCar>
    <Position>
      <X>-2404.85327</X>
      <Y>-246.085175</Y>
      <Z>15.0642691</Z>
    </Position>
    <Rotation>
      <X>1.48442435</X>
      <Y>0.103298441</Y>
      <Z>61.0672226</Z>
    </Rotation>
    <Handle>663810</Handle>
    <Bounds>
      <Vector3>
        <X>-2403.12671</X>
        <Y>-248.208084</Y>
        <Z>14.2721462</Z>
      </Vector3>
      <Vector3>
        <X>-2402.13843</X>
        <Y>-246.420319</Y>
        <Z>14.2684631</Z>
      </Vector3>
      <Vector3>
        <X>-2407.60229</X>
        <Y>-245.733871</Y>
        <Z>14.4046669</Z>
      </Vector3>
      <Vector3>
        <X>-2403.09253</X>
        <Y>-248.22403</Y>
        <Z>15.7275524</Z>
      </Vector3>
      <Vector3>
        <X>-2406.614</X>
        <Y>-243.9461</Y>
        <Z>14.4009838</Z>
      </Vector3>
      <Vector3>
        <X>-2402.10425</X>
        <Y>-246.436264</Y>
        <Z>15.72387</Z>
      </Vector3>
      <Vector3>
        <X>-2407.56787</X>
        <Y>-245.749817</Y>
        <Z>15.8600731</Z>
      </Vector3>
      <Vector3>
        <X>-2406.57959</X>
        <Y>-243.962051</Y>
        <Z>15.85639</Z>
      </Vector3>
    </Bounds>
    <CenterCamPosition>
      <X>0</X>
      <Y>0</Y>
    </CenterCamPosition>
    <ScreenBounds />
    <DistanceToCam>0</DistanceToCam>
    <Speed>7.67536831</Speed>
    <AccInput>0</AccInput>
    <RPM>1.35798967</RPM>
    <Gear>0</Gear>
    <SteeringAngle>5.853084E-41</SteeringAngle>
    <WheelSpeed>0</WheelSpeed>
    <CarType>Sports</CarType>
  </MyCar>
  <Peds />
  <Time>135132</Time>
  <LastFrameTime>0.0187696051</LastFrameTime>
  <MyProperty>0</MyProperty>
  <Weather>Clear</Weather>
  <Steering>124</Steering>
  <Acc>177</Acc>
  <Brake>169</Brake>
  <DayTime>15:16:13</DayTime>
  <Position>
    <X>-2405.75513</X>
    <Y>-245.583069</Y>
    <Z>15.9913692</Z>
  </Position>
  <Rotation>
    <X>0.9853016</X>
    <Y>0.6029491</Y>
    <Z>61.0376129</Z>
  </Rotation>
</Screenshot>