<?xml version="1.0" encoding="utf-8"?>
<Screenshot xmlns:xsd="http://www.w3.org/2001/XMLSchema" xmlns:xsi="http://www.w3.org/2001/XMLSchema-instance">
  <Cars />
  <MyCar>
    <Position>
      <X>-2405.30566</X>
      <Y>-245.838364</Y>
      <Z>15.077486</Z>
    </Position>
    <Rotation>
      <X>1.48268044</X>
      <Y>0.10023202</Y>
      <Z>61.2017975</Z>
    </Rotation>
    <Handle>663810</Handle>
    <Bounds>
      <Vector3>
        <X>-2403.574</X>
        <Y>-247.957184</Y>
        <Z>14.2853861</Z>
      </Vector3>
      <Vector3>
        <X>-2402.59</X>
        <Y>-246.167114</Y>
        <Z>14.2818127</Z>
      </Vector3>
      <Vector3>
        <X>-2408.05542</X>
        <Y>-245.493484</Y>
        <Z>14.41775</Z>
      </Vector3>
      <Vector3>
        <X>-2403.53979</X>
        <Y>-247.9731</Y>
        <Z>15.7407932</Z>
      </Vector3>
      <Vector3>
        <X>-2407.07129</X>
        <Y>-243.703415</Y>
        <Z>14.4141769</Z>
      </Vector3>
      <Vector3>
        <X>-2402.556</X>
        <Y>-246.183029</Y>
        <Z>15.73722</Z>
      </Vector3>
      <Vector3>
        <X>-2408.02124</X>
        <Y>-245.5094</Y>
        <Z>15.8731585</Z>
      </Vector3>
      <Vector3>
        <X>-2407.037</X>
        <Y>-243.71933</Y>
        <Z>15.869585</Z>
      </Vector3>
    </Bounds>
    <CenterCamPosition>
      <X>0</X>
      <Y>0</Y>
    </CenterCamPosition>
    <ScreenBounds />
    <DistanceToCam>0</DistanceToCam>
    <Speed>7.686078</Speed>
    <AccInput>0</AccInput>
    <RPM>1.35798967</RPM>
    <Gear>0</Gear>
    <SteeringAngle>5.853084E-41</SteeringAngle>
    <WheelSpeed>0</WheelSpeed>
    <CarType>Sports</CarType>
  </MyCar>
  <Peds />
  <Time>135199</Time>
  <LastFrameTime>0.01874385</LastFrameTime>
  <MyProperty>0</MyProperty>
  <Weather>Clear</Weather>
  <Steering>127</Steering>
  <Acc>177</Acc>
  <Brake>169</Brake>
  <DayTime>15:16:13</DayTime>
  <Position>
    <X>-2406.209</X>
    <Y>-245.338531</Y>
    <Z>16.0045567</Z>
  </Position>
  <Rotation>
    <X>0.983189642</X>
    <Y>0.6010745</Y>
    <Z>61.17572</Z>
  </Rotation>
</Screenshot>