<?xml version="1.0" encoding="utf-8"?>
<Screenshot xmlns:xsd="http://www.w3.org/2001/XMLSchema" xmlns:xsi="http://www.w3.org/2001/XMLSchema-instance">
  <Cars />
  <MyCar>
    <Position>
      <X>-2405.86816</X>
      <Y>-245.532089</Y>
      <Z>15.0939207</Z>
    </Position>
    <Rotation>
      <X>1.48084533</X>
      <Y>0.09468868</Y>
      <Z>61.3307037</Z>
    </Rotation>
    <Handle>663810</Handle>
    <Bounds>
      <Vector3>
        <X>-2404.13184</X>
        <Y>-247.646957</Y>
        <Z>14.3018026</Z>
      </Vector3>
      <Vector3>
        <X>-2403.15186</X>
        <Y>-245.85466</Y>
        <Z>14.2984266</Z>
      </Vector3>
      <Vector3>
        <X>-2408.61865</X>
        <Y>-245.193359</Y>
        <Z>14.4340038</Z>
      </Vector3>
      <Vector3>
        <X>-2404.09766</X>
        <Y>-247.6629</Y>
        <Z>15.7572117</Z>
      </Vector3>
      <Vector3>
        <X>-2407.63867</X>
        <Y>-243.401062</Y>
        <Z>14.4306278</Z>
      </Vector3>
      <Vector3>
        <X>-2403.11768</X>
        <Y>-245.8706</Y>
        <Z>15.7538357</Z>
      </Vector3>
      <Vector3>
        <X>-2408.58447</X>
        <Y>-245.2093</Y>
        <Z>15.8894129</Z>
      </Vector3>
      <Vector3>
        <X>-2407.60449</X>
        <Y>-243.417</Y>
        <Z>15.8860369</Z>
      </Vector3>
    </Bounds>
    <CenterCamPosition>
      <X>0</X>
      <Y>0</Y>
    </CenterCamPosition>
    <ScreenBounds />
    <DistanceToCam>0</DistanceToCam>
    <Speed>7.699442</Speed>
    <AccInput>0</AccInput>
    <RPM>1.35798967</RPM>
    <Gear>0</Gear>
    <SteeringAngle>5.853084E-41</SteeringAngle>
    <WheelSpeed>0</WheelSpeed>
    <CarType>Sports</CarType>
  </MyCar>
  <Peds />
  <Time>135283</Time>
  <LastFrameTime>0.0340197571</LastFrameTime>
  <MyProperty>0</MyProperty>
  <Weather>Clear</Weather>
  <Steering>127</Steering>
  <Acc>177</Acc>
  <Brake>169</Brake>
  <DayTime>15:16:13</DayTime>
  <Position>
    <X>-2406.66919</X>
    <Y>-245.090668</Y>
    <Z>16.01794</Z>
  </Position>
  <Rotation>
    <X>0.9819962</X>
    <Y>0.5963335</Y>
    <Z>61.2935333</Z>
  </Rotation>
</Screenshot>