<?xml version="1.0" encoding="utf-8"?>
<Screenshot xmlns:xsd="http://www.w3.org/2001/XMLSchema" xmlns:xsi="http://www.w3.org/2001/XMLSchema-instance">
  <Cars />
  <MyCar>
    <Position>
      <X>-2405.63818</X>
      <Y>-245.657242</Y>
      <Z>15.0872078</Z>
    </Position>
    <Rotation>
      <X>1.48194289</X>
      <Y>0.0964210853</Y>
      <Z>61.28331</Z>
    </Rotation>
    <Handle>663810</Handle>
    <Bounds>
      <Vector3>
        <X>-2403.90356</X>
        <Y>-247.77356</Y>
        <Z>14.2950726</Z>
      </Vector3>
      <Vector3>
        <X>-2402.922</X>
        <Y>-245.982086</Y>
        <Z>14.2916346</Z>
      </Vector3>
      <Vector3>
        <X>-2408.38843</X>
        <Y>-245.316254</Y>
        <Z>14.427371</Z>
      </Vector3>
      <Vector3>
        <X>-2403.86938</X>
        <Y>-247.7895</Y>
        <Z>15.7504807</Z>
      </Vector3>
      <Vector3>
        <X>-2407.407</X>
        <Y>-243.524765</Y>
        <Z>14.423934</Z>
      </Vector3>
      <Vector3>
        <X>-2402.888</X>
        <Y>-245.998016</Y>
        <Z>15.7470427</Z>
      </Vector3>
      <Vector3>
        <X>-2408.35425</X>
        <Y>-245.332184</Y>
        <Z>15.8827791</Z>
      </Vector3>
      <Vector3>
        <X>-2407.3728</X>
        <Y>-243.54071</Y>
        <Z>15.8793421</Z>
      </Vector3>
    </Bounds>
    <CenterCamPosition>
      <X>0</X>
      <Y>0</Y>
    </CenterCamPosition>
    <ScreenBounds />
    <DistanceToCam>0</DistanceToCam>
    <Speed>7.693988</Speed>
    <AccInput>0</AccInput>
    <RPM>1.35798967</RPM>
    <Gear>0</Gear>
    <SteeringAngle>5.853084E-41</SteeringAngle>
    <WheelSpeed>0</WheelSpeed>
    <CarType>Sports</CarType>
  </MyCar>
  <Peds />
  <Time>135249</Time>
  <LastFrameTime>0.04924415</LastFrameTime>
  <MyProperty>0</MyProperty>
  <Weather>Clear</Weather>
  <Steering>127</Steering>
  <Acc>177</Acc>
  <Brake>169</Brake>
  <DayTime>15:16:13</DayTime>
  <Position>
    <X>-2406.33569</X>
    <Y>-245.270279</Y>
    <Z>16.0082321</Z>
  </Position>
  <Rotation>
    <X>0.9827345</X>
    <Y>0.600143731</Y>
    <Z>61.2120819</Z>
  </Rotation>
</Screenshot>