<?xml version="1.0" encoding="utf-8"?>
<Screenshot xmlns:xsd="http://www.w3.org/2001/XMLSchema" xmlns:xsi="http://www.w3.org/2001/XMLSchema-instance">
  <Cars />
  <MyCar>
    <Position>
      <X>-2406.19238</X>
      <Y>-245.355545</Y>
      <Z>15.10326</Z>
    </Position>
    <Rotation>
      <X>1.5023582</X>
      <Y>0.062342193</Y>
      <Z>61.3835754</Z>
    </Rotation>
    <Handle>663810</Handle>
    <Bounds>
      <Vector3>
        <X>-2404.454</X>
        <Y>-247.468277</Y>
        <Z>14.3096123</Z>
      </Vector3>
      <Vector3>
        <X>-2403.47583</X>
        <Y>-245.675079</Y>
        <Z>14.3073893</Z>
      </Vector3>
      <Vector3>
        <X>-2408.943</X>
        <Y>-245.0189</Y>
        <Z>14.4437332</Z>
      </Vector3>
      <Vector3>
        <X>-2404.42</X>
        <Y>-247.485168</Y>
        <Z>15.765008</Z>
      </Vector3>
      <Vector3>
        <X>-2407.96484</X>
        <Y>-243.225708</Y>
        <Z>14.4415112</Z>
      </Vector3>
      <Vector3>
        <X>-2403.44141</X>
        <Y>-245.691971</Y>
        <Z>15.7627859</Z>
      </Vector3>
      <Vector3>
        <X>-2408.909</X>
        <Y>-245.0358</Y>
        <Z>15.89913</Z>
      </Vector3>
      <Vector3>
        <X>-2407.93066</X>
        <Y>-243.2426</Y>
        <Z>15.8969069</Z>
      </Vector3>
    </Bounds>
    <CenterCamPosition>
      <X>0</X>
      <Y>0</Y>
    </CenterCamPosition>
    <ScreenBounds />
    <DistanceToCam>0</DistanceToCam>
    <Speed>7.7100544</Speed>
    <AccInput>0</AccInput>
    <RPM>1.35798967</RPM>
    <Gear>0</Gear>
    <SteeringAngle>5.853084E-41</SteeringAngle>
    <WheelSpeed>0</WheelSpeed>
    <CarType>Sports</CarType>
  </MyCar>
  <Peds />
  <Time>135331</Time>
  <LastFrameTime>0.0479244329</LastFrameTime>
  <MyProperty>0</MyProperty>
  <Weather>Clear</Weather>
  <Steering>127</Steering>
  <Acc>177</Acc>
  <Brake>169</Brake>
  <DayTime>15:16:13</DayTime>
  <Position>
    <X>-2406.89966</X>
    <Y>-244.966385</Y>
    <Z>16.02463</Z>
  </Position>
  <Rotation>
    <X>0.980898261</X>
    <Y>0.5946016</Y>
    <Z>61.3408737</Z>
  </Rotation>
</Screenshot>