<?xml version="1.0" encoding="utf-8"?>
<Screenshot xmlns:xsd="http://www.w3.org/2001/XMLSchema" xmlns:xsi="http://www.w3.org/2001/XMLSchema-instance">
  <Cars />
  <MyCar>
    <Position>
      <X>-2406.34668</X>
      <Y>-245.271515</Y>
      <Z>15.107687</Z>
    </Position>
    <Rotation>
      <X>1.51512706</X>
      <Y>0.0399018563</Y>
      <Z>61.4047432</Z>
    </Rotation>
    <Handle>663810</Handle>
    <Bounds>
      <Vector3>
        <X>-2404.60767</X>
        <Y>-247.38324</Y>
        <Z>14.3130732</Z>
      </Vector3>
      <Vector3>
        <X>-2403.63</X>
        <Y>-245.589691</Y>
        <Z>14.31165</Z>
      </Vector3>
      <Vector3>
        <X>-2409.09766</X>
        <Y>-244.9356</Y>
        <Z>14.4483337</Z>
      </Vector3>
      <Vector3>
        <X>-2404.57324</X>
        <Y>-247.400772</Y>
        <Z>15.7684612</Z>
      </Vector3>
      <Vector3>
        <X>-2408.11987</X>
        <Y>-243.142029</Y>
        <Z>14.4469118</Z>
      </Vector3>
      <Vector3>
        <X>-2403.5957</X>
        <Y>-245.607224</Y>
        <Z>15.7670383</Z>
      </Vector3>
      <Vector3>
        <X>-2409.06323</X>
        <Y>-244.953125</Y>
        <Z>15.9037218</Z>
      </Vector3>
      <Vector3>
        <X>-2408.08569</X>
        <Y>-243.159576</Y>
        <Z>15.9023</Z>
      </Vector3>
    </Bounds>
    <CenterCamPosition>
      <X>0</X>
      <Y>0</Y>
    </CenterCamPosition>
    <ScreenBounds />
    <DistanceToCam>0</DistanceToCam>
    <Speed>7.71470642</Speed>
    <AccInput>0</AccInput>
    <RPM>1.35798967</RPM>
    <Gear>0</Gear>
    <SteeringAngle>5.853084E-41</SteeringAngle>
    <WheelSpeed>0</WheelSpeed>
    <CarType>Sports</CarType>
  </MyCar>
  <Peds />
  <Time>135353</Time>
  <LastFrameTime>0.0227979589</LastFrameTime>
  <MyProperty>0</MyProperty>
  <Weather>Clear</Weather>
  <Steering>127</Steering>
  <Acc>177</Acc>
  <Brake>169</Brake>
  <DayTime>15:16:13</DayTime>
  <Position>
    <X>-2407.224</X>
    <Y>-244.791428</Y>
    <Z>16.0344124</Z>
  </Position>
  <Rotation>
    <X>1.00240648</X>
    <Y>0.5622561</Y>
    <Z>61.3934059</Z>
  </Rotation>
</Screenshot>