<?xml version="1.0" encoding="utf-8"?>
<Screenshot xmlns:xsd="http://www.w3.org/2001/XMLSchema" xmlns:xsi="http://www.w3.org/2001/XMLSchema-instance">
  <Cars />
  <MyCar>
    <Position>
      <X>-2406.656</X>
      <Y>-245.103348</Y>
      <Z>15.11687</Z>
    </Position>
    <Rotation>
      <X>1.5216639</X>
      <Y>0.0350354575</Y>
      <Z>61.4355469</Z>
    </Rotation>
    <Handle>663810</Handle>
    <Bounds>
      <Vector3>
        <X>-2404.91577</X>
        <Y>-247.214035</Y>
        <Z>14.32188</Z>
      </Vector3>
      <Vector3>
        <X>-2403.93921</X>
        <Y>-245.419952</Y>
        <Z>14.320631</Z>
      </Vector3>
      <Vector3>
        <X>-2409.40723</X>
        <Y>-244.768814</Y>
        <Z>14.4577246</Z>
      </Vector3>
      <Vector3>
        <X>-2404.88135</X>
        <Y>-247.23175</Y>
        <Z>15.7772636</Z>
      </Vector3>
      <Vector3>
        <X>-2408.43042</X>
        <Y>-242.974731</Y>
        <Z>14.4564753</Z>
      </Vector3>
      <Vector3>
        <X>-2403.90479</X>
        <Y>-245.437668</Y>
        <Z>15.7760143</Z>
      </Vector3>
      <Vector3>
        <X>-2409.3728</X>
        <Y>-244.78653</Y>
        <Z>15.9131079</Z>
      </Vector3>
      <Vector3>
        <X>-2408.396</X>
        <Y>-242.992447</Y>
        <Z>15.9118586</Z>
      </Vector3>
    </Bounds>
    <CenterCamPosition>
      <X>0</X>
      <Y>0</Y>
    </CenterCamPosition>
    <ScreenBounds />
    <DistanceToCam>0</DistanceToCam>
    <Speed>7.72396231</Speed>
    <AccInput>0</AccInput>
    <RPM>1.35798967</RPM>
    <Gear>0</Gear>
    <SteeringAngle>5.853084E-41</SteeringAngle>
    <WheelSpeed>0</WheelSpeed>
    <CarType>Sports</CarType>
  </MyCar>
  <Peds />
  <Time>135399</Time>
  <LastFrameTime>0.0456129834</LastFrameTime>
  <MyProperty>0</MyProperty>
  <Weather>Clear</Weather>
  <Steering>127</Steering>
  <Acc>177</Acc>
  <Brake>169</Brake>
  <DayTime>15:16:13</DayTime>
  <Position>
    <X>-2407.37866</X>
    <Y>-244.708191</Y>
    <Z>16.0391</Z>
  </Position>
  <Rotation>
    <X>1.015172</X>
    <Y>0.5398171</Y>
    <Z>61.4143066</Z>
  </Rotation>
</Screenshot>