<?xml version="1.0" encoding="utf-8"?>
<Screenshot xmlns:xsd="http://www.w3.org/2001/XMLSchema" xmlns:xsi="http://www.w3.org/2001/XMLSchema-instance">
  <Cars />
  <MyCar>
    <Position>
      <X>-2406.87915</X>
      <Y>-244.982025</Y>
      <Z>15.1235008</Z>
    </Position>
    <Rotation>
      <X>1.5241586</X>
      <Y>0.0374662019</Y>
      <Z>61.4514275</Z>
    </Rotation>
    <Handle>663810</Handle>
    <Bounds>
      <Vector3>
        <X>-2405.13843</X>
        <Y>-247.092255</Y>
        <Z>14.3284435</Z>
      </Vector3>
      <Vector3>
        <X>-2404.162</X>
        <Y>-245.2979</Y>
        <Z>14.3271084</Z>
      </Vector3>
      <Vector3>
        <X>-2409.63037</X>
        <Y>-244.64827</Y>
        <Z>14.4645109</Z>
      </Vector3>
      <Vector3>
        <X>-2405.104</X>
        <Y>-247.109924</Y>
        <Z>15.7838259</Z>
      </Vector3>
      <Vector3>
        <X>-2408.6543</X>
        <Y>-242.853912</Y>
        <Z>14.4631748</Z>
      </Vector3>
      <Vector3>
        <X>-2404.12769</X>
        <Y>-245.315567</Y>
        <Z>15.78249</Z>
      </Vector3>
      <Vector3>
        <X>-2409.596</X>
        <Y>-244.665939</Y>
        <Z>15.9198923</Z>
      </Vector3>
      <Vector3>
        <X>-2408.61963</X>
        <Y>-242.871582</Y>
        <Z>15.9185572</Z>
      </Vector3>
    </Bounds>
    <CenterCamPosition>
      <X>0</X>
      <Y>0</Y>
    </CenterCamPosition>
    <ScreenBounds />
    <DistanceToCam>0</DistanceToCam>
    <Speed>7.730263</Speed>
    <AccInput>0</AccInput>
    <RPM>1.35798967</RPM>
    <Gear>0</Gear>
    <SteeringAngle>5.853084E-41</SteeringAngle>
    <WheelSpeed>0</WheelSpeed>
    <CarType>Sports</CarType>
  </MyCar>
  <Peds />
  <Time>135432</Time>
  <LastFrameTime>0.03287536</LastFrameTime>
  <MyProperty>0</MyProperty>
  <Weather>Clear</Weather>
  <Steering>127</Steering>
  <Acc>177</Acc>
  <Brake>169</Brake>
  <DayTime>15:16:13</DayTime>
  <Position>
    <X>-2407.68823</X>
    <Y>-244.5407</Y>
    <Z>16.048418</Z>
  </Position>
  <Rotation>
    <X>1.02170837</X>
    <Y>0.5349504</Y>
    <Z>61.4450836</Z>
  </Rotation>
</Screenshot>