<?xml version="1.0" encoding="utf-8"?>
<Screenshot xmlns:xsd="http://www.w3.org/2001/XMLSchema" xmlns:xsi="http://www.w3.org/2001/XMLSchema-instance">
  <Cars />
  <MyCar>
    <Position>
      <X>-2407.00122</X>
      <Y>-244.915573</Y>
      <Z>15.1271229</Z>
    </Position>
    <Rotation>
      <X>1.52558839</X>
      <Y>0.03830482</Y>
      <Z>61.4582024</Z>
    </Rotation>
    <Handle>663810</Handle>
    <Bounds>
      <Vector3>
        <X>-2405.26025</X>
        <Y>-247.025589</Y>
        <Z>14.3320169</Z>
      </Vector3>
      <Vector3>
        <X>-2404.28418</X>
        <Y>-245.231125</Y>
        <Z>14.3306513</Z>
      </Vector3>
      <Vector3>
        <X>-2409.75244</X>
        <Y>-244.582138</Y>
        <Z>14.4682121</Z>
      </Vector3>
      <Vector3>
        <X>-2405.22583</X>
        <Y>-247.043259</Y>
        <Z>15.7873983</Z>
      </Vector3>
      <Vector3>
        <X>-2408.77661</X>
        <Y>-242.787674</Y>
        <Z>14.4668465</Z>
      </Vector3>
      <Vector3>
        <X>-2404.24976</X>
        <Y>-245.248779</Y>
        <Z>15.7860327</Z>
      </Vector3>
      <Vector3>
        <X>-2409.718</X>
        <Y>-244.599808</Y>
        <Z>15.9235926</Z>
      </Vector3>
      <Vector3>
        <X>-2408.742</X>
        <Y>-242.805344</Y>
        <Z>15.9222269</Z>
      </Vector3>
    </Bounds>
    <CenterCamPosition>
      <X>0</X>
      <Y>0</Y>
    </CenterCamPosition>
    <ScreenBounds />
    <DistanceToCam>0</DistanceToCam>
    <Speed>7.73365355</Speed>
    <AccInput>0</AccInput>
    <RPM>1.35798967</RPM>
    <Gear>0</Gear>
    <SteeringAngle>5.853084E-41</SteeringAngle>
    <WheelSpeed>0</WheelSpeed>
    <CarType>Sports</CarType>
  </MyCar>
  <Peds />
  <Time>135450</Time>
  <LastFrameTime>0.0179988127</LastFrameTime>
  <MyProperty>0</MyProperty>
  <Weather>Clear</Weather>
  <Steering>127</Steering>
  <Acc>177</Acc>
  <Brake>169</Brake>
  <DayTime>15:16:13</DayTime>
  <Position>
    <X>-2407.91162</X>
    <Y>-244.419647</Y>
    <Z>16.0551</Z>
  </Position>
  <Rotation>
    <X>1.02420354</X>
    <Y>0.5373803</Y>
    <Z>61.4610252</Z>
  </Rotation>
</Screenshot>