<?xml version="1.0" encoding="utf-8"?>
<Screenshot xmlns:xsd="http://www.w3.org/2001/XMLSchema" xmlns:xsi="http://www.w3.org/2001/XMLSchema-instance">
  <Cars />
  <MyCar>
    <Position>
      <X>-2407.31934</X>
      <Y>-244.7426</Y>
      <Z>15.1365452</Z>
    </Position>
    <Rotation>
      <X>1.53024864</X>
      <Y>0.0404174328</Y>
      <Z>61.46776</Z>
    </Rotation>
    <Handle>663810</Handle>
    <Bounds>
      <Vector3>
        <X>-2405.57813</X>
        <Y>-246.852325</Y>
        <Z>14.3412714</Z>
      </Vector3>
      <Vector3>
        <X>-2404.60254</X>
        <Y>-245.0577</Y>
        <Z>14.33983</Z>
      </Vector3>
      <Vector3>
        <X>-2410.0708</X>
        <Y>-244.409622</Y>
        <Z>14.4778814</Z>
      </Vector3>
      <Vector3>
        <X>-2405.54346</X>
        <Y>-246.87</Y>
        <Z>15.796649</Z>
      </Vector3>
      <Vector3>
        <X>-2409.095</X>
        <Y>-242.61499</Y>
        <Z>14.47644</Z>
      </Vector3>
      <Vector3>
        <X>-2404.56787</X>
        <Y>-245.075363</Y>
        <Z>15.795208</Z>
      </Vector3>
      <Vector3>
        <X>-2410.03613</X>
        <Y>-244.427292</Y>
        <Z>15.933259</Z>
      </Vector3>
      <Vector3>
        <X>-2409.0603</X>
        <Y>-242.63266</Y>
        <Z>15.931818</Z>
      </Vector3>
    </Bounds>
    <CenterCamPosition>
      <X>0</X>
      <Y>0</Y>
    </CenterCamPosition>
    <ScreenBounds />
    <DistanceToCam>0</DistanceToCam>
    <Speed>7.74224043</Speed>
    <AccInput>0</AccInput>
    <RPM>1.35798967</RPM>
    <Gear>0</Gear>
    <SteeringAngle>5.853084E-41</SteeringAngle>
    <WheelSpeed>0</WheelSpeed>
    <CarType>Sports</CarType>
  </MyCar>
  <Peds />
  <Time>135497</Time>
  <LastFrameTime>0.0467933752</LastFrameTime>
  <MyProperty>0</MyProperty>
  <Weather>Clear</Weather>
  <Steering>127</Steering>
  <Acc>177</Acc>
  <Brake>169</Brake>
  <DayTime>15:16:13</DayTime>
  <Position>
    <X>-2408.03369</X>
    <Y>-244.353317</Y>
    <Z>16.0587521</Z>
  </Position>
  <Rotation>
    <X>1.02563357</X>
    <Y>0.538218558</Y>
    <Z>61.4678345</Z>
  </Rotation>
</Screenshot>