<?xml version="1.0" encoding="utf-8"?>
<Screenshot xmlns:xsd="http://www.w3.org/2001/XMLSchema" xmlns:xsi="http://www.w3.org/2001/XMLSchema-instance">
  <Cars />
  <MyCar>
    <Position>
      <X>-2408.01855</X>
      <Y>-244.362411</Y>
      <Z>15.1571913</Z>
    </Position>
    <Rotation>
      <X>1.5392276</X>
      <Y>0.0481410921</Y>
      <Z>61.47577</Z>
    </Rotation>
    <Handle>663810</Handle>
    <Bounds>
      <Vector3>
        <X>-2406.277</X>
        <Y>-246.471924</Y>
        <Z>14.3616571</Z>
      </Vector3>
      <Vector3>
        <X>-2405.30176</X>
        <Y>-244.677155</Y>
        <Z>14.3599405</Z>
      </Vector3>
      <Vector3>
        <X>-2410.77026</X>
        <Y>-244.029846</Y>
        <Z>14.4990692</Z>
      </Vector3>
      <Vector3>
        <X>-2406.24219</X>
        <Y>-246.489532</Y>
        <Z>15.817029</Z>
      </Vector3>
      <Vector3>
        <X>-2409.79468</X>
        <Y>-242.235077</Y>
        <Z>14.4973526</Z>
      </Vector3>
      <Vector3>
        <X>-2405.26685</X>
        <Y>-244.694763</Y>
        <Z>15.8153124</Z>
      </Vector3>
      <Vector3>
        <X>-2410.73535</X>
        <Y>-244.047455</Y>
        <Z>15.95444</Z>
      </Vector3>
      <Vector3>
        <X>-2409.75977</X>
        <Y>-242.252686</Y>
        <Z>15.9527245</Z>
      </Vector3>
    </Bounds>
    <CenterCamPosition>
      <X>0</X>
      <Y>0</Y>
    </CenterCamPosition>
    <ScreenBounds />
    <DistanceToCam>0</DistanceToCam>
    <Speed>7.760191</Speed>
    <AccInput>0</AccInput>
    <RPM>1.35798967</RPM>
    <Gear>0</Gear>
    <SteeringAngle>5.853084E-41</SteeringAngle>
    <WheelSpeed>0</WheelSpeed>
    <CarType>Sports</CarType>
  </MyCar>
  <Peds />
  <Time>135599</Time>
  <LastFrameTime>0.0296891667</LastFrameTime>
  <MyProperty>0</MyProperty>
  <Weather>Clear</Weather>
  <Steering>127</Steering>
  <Acc>177</Acc>
  <Brake>169</Brake>
  <DayTime>15:16:13</DayTime>
  <Position>
    <X>-2408.84888</X>
    <Y>-243.910446</Y>
    <Z>16.0830669</Z>
  </Position>
  <Rotation>
    <X>1.036493</X>
    <Y>0.5457884</Y>
    <Z>61.4843369</Z>
  </Rotation>
</Screenshot>