<?xml version="1.0" encoding="utf-8"?>
<Screenshot xmlns:xsd="http://www.w3.org/2001/XMLSchema" xmlns:xsi="http://www.w3.org/2001/XMLSchema-instance">
  <Cars />
  <MyCar>
    <Position>
      <X>-2407.45313</X>
      <Y>-244.6699</Y>
      <Z>15.1404915</Z>
    </Position>
    <Rotation>
      <X>1.53188074</X>
      <Y>0.0416954234</Y>
      <Z>61.4702568</Z>
    </Rotation>
    <Handle>663810</Handle>
    <Bounds>
      <Vector3>
        <X>-2405.712</X>
        <Y>-246.779556</Y>
        <Z>14.3451681</Z>
      </Vector3>
      <Vector3>
        <X>-2404.73633</X>
        <Y>-244.984879</Y>
        <Z>14.3436813</Z>
      </Vector3>
      <Vector3>
        <X>-2410.20459</X>
        <Y>-244.337051</Y>
        <Z>14.4819241</Z>
      </Vector3>
      <Vector3>
        <X>-2405.67725</X>
        <Y>-246.797211</Y>
        <Z>15.8005447</Z>
      </Vector3>
      <Vector3>
        <X>-2409.229</X>
        <Y>-242.542389</Y>
        <Z>14.4804373</Z>
      </Vector3>
      <Vector3>
        <X>-2404.70142</X>
        <Y>-245.002548</Y>
        <Z>15.799058</Z>
      </Vector3>
      <Vector3>
        <X>-2410.17</X>
        <Y>-244.354721</Y>
        <Z>15.9373007</Z>
      </Vector3>
      <Vector3>
        <X>-2409.19434</X>
        <Y>-242.560043</Y>
        <Z>15.9358139</Z>
      </Vector3>
    </Bounds>
    <CenterCamPosition>
      <X>0</X>
      <Y>0</Y>
    </CenterCamPosition>
    <ScreenBounds />
    <DistanceToCam>0</DistanceToCam>
    <Speed>7.745772</Speed>
    <AccInput>0</AccInput>
    <RPM>1.35798967</RPM>
    <Gear>0</Gear>
    <SteeringAngle>5.853084E-41</SteeringAngle>
    <WheelSpeed>0</WheelSpeed>
    <CarType>Sports</CarType>
  </MyCar>
  <Peds />
  <Time>135516</Time>
  <LastFrameTime>0.0196524169</LastFrameTime>
  <MyProperty>0</MyProperty>
  <Weather>Clear</Weather>
  <Steering>127</Steering>
  <Acc>177</Acc>
  <Brake>169</Brake>
  <DayTime>15:16:13</DayTime>
  <Position>
    <X>-2408.35181</X>
    <Y>-244.180527</Y>
    <Z>16.06827</Z>
  </Position>
  <Rotation>
    <X>1.03029466</X>
    <Y>0.540330052</Y>
    <Z>61.47747</Z>
  </Rotation>
</Screenshot>