<?xml version="1.0" encoding="utf-8"?>
<Screenshot xmlns:xsd="http://www.w3.org/2001/XMLSchema" xmlns:xsi="http://www.w3.org/2001/XMLSchema-instance">
  <Cars />
  <MyCar>
    <Position>
      <X>-2407.67334</X>
      <Y>-244.550125</Y>
      <Z>15.1469994</Z>
    </Position>
    <Rotation>
      <X>1.53481567</X>
      <Y>0.0439756922</Y>
      <Z>61.4731064</Z>
    </Rotation>
    <Handle>663810</Handle>
    <Bounds>
      <Vector3>
        <X>-2405.93213</X>
        <Y>-246.6597</Y>
        <Z>14.3515863</Z>
      </Vector3>
      <Vector3>
        <X>-2404.95654</X>
        <Y>-244.864975</Y>
        <Z>14.3500185</Z>
      </Vector3>
      <Vector3>
        <X>-2410.4248</X>
        <Y>-244.217422</Y>
        <Z>14.4886045</Z>
      </Vector3>
      <Vector3>
        <X>-2405.89722</X>
        <Y>-246.677338</Y>
        <Z>15.8069611</Z>
      </Vector3>
      <Vector3>
        <X>-2409.44922</X>
        <Y>-242.4227</Y>
        <Z>14.4870367</Z>
      </Vector3>
      <Vector3>
        <X>-2404.92163</X>
        <Y>-244.882614</Y>
        <Z>15.8053932</Z>
      </Vector3>
      <Vector3>
        <X>-2410.39014</X>
        <Y>-244.235062</Y>
        <Z>15.9439793</Z>
      </Vector3>
      <Vector3>
        <X>-2409.41455</X>
        <Y>-242.440338</Y>
        <Z>15.9424114</Z>
      </Vector3>
    </Bounds>
    <CenterCamPosition>
      <X>0</X>
      <Y>0</Y>
    </CenterCamPosition>
    <ScreenBounds />
    <DistanceToCam>0</DistanceToCam>
    <Speed>7.751474</Speed>
    <AccInput>0</AccInput>
    <RPM>1.35798967</RPM>
    <Gear>0</Gear>
    <SteeringAngle>5.853084E-41</SteeringAngle>
    <WheelSpeed>0</WheelSpeed>
    <CarType>Sports</CarType>
  </MyCar>
  <Peds />
  <Time>135549</Time>
  <LastFrameTime>0.0323602557</LastFrameTime>
  <MyProperty>0</MyProperty>
  <Weather>Clear</Weather>
  <Steering>127</Steering>
  <Acc>177</Acc>
  <Brake>169</Brake>
  <DayTime>15:16:13</DayTime>
  <Position>
    <X>-2408.4856</X>
    <Y>-244.107864</Y>
    <Z>16.0722485</Z>
  </Position>
  <Rotation>
    <X>1.03192675</X>
    <Y>0.541607559</Y>
    <Z>61.4800034</Z>
  </Rotation>
</Screenshot>