<?xml version="1.0" encoding="utf-8"?>
<Screenshot xmlns:xsd="http://www.w3.org/2001/XMLSchema" xmlns:xsi="http://www.w3.org/2001/XMLSchema-instance">
  <Cars />
  <MyCar>
    <Position>
      <X>-2407.81641</X>
      <Y>-244.472427</Y>
      <Z>15.1512146</Z>
    </Position>
    <Rotation>
      <X>1.53644574</X>
      <Y>0.04587768</Y>
      <Z>61.4744644</Z>
    </Rotation>
    <Handle>663810</Handle>
    <Bounds>
      <Vector3>
        <X>-2406.075</X>
        <Y>-246.58197</Y>
        <Z>14.3557634</Z>
      </Vector3>
      <Vector3>
        <X>-2405.09961</X>
        <Y>-244.787231</Y>
        <Z>14.3541279</Z>
      </Vector3>
      <Vector3>
        <X>-2410.56787</X>
        <Y>-244.1398</Y>
        <Z>14.4929266</Z>
      </Vector3>
      <Vector3>
        <X>-2406.04028</X>
        <Y>-246.5996</Y>
        <Z>15.8111372</Z>
      </Vector3>
      <Vector3>
        <X>-2409.59253</X>
        <Y>-242.345047</Y>
        <Z>14.491291</Z>
      </Vector3>
      <Vector3>
        <X>-2405.0647</X>
        <Y>-244.80484</Y>
        <Z>15.8095007</Z>
      </Vector3>
      <Vector3>
        <X>-2410.5332</X>
        <Y>-244.15741</Y>
        <Z>15.9483</Z>
      </Vector3>
      <Vector3>
        <X>-2409.55762</X>
        <Y>-242.362671</Y>
        <Z>15.9466648</Z>
      </Vector3>
    </Bounds>
    <CenterCamPosition>
      <X>0</X>
      <Y>0</Y>
    </CenterCamPosition>
    <ScreenBounds />
    <DistanceToCam>0</DistanceToCam>
    <Speed>7.7551136</Speed>
    <AccInput>0</AccInput>
    <RPM>1.35798967</RPM>
    <Gear>0</Gear>
    <SteeringAngle>5.853084E-41</SteeringAngle>
    <WheelSpeed>0</WheelSpeed>
    <CarType>Sports</CarType>
  </MyCar>
  <Peds />
  <Time>135570</Time>
  <LastFrameTime>0.0209783427</LastFrameTime>
  <MyProperty>0</MyProperty>
  <Weather>Clear</Weather>
  <Steering>127</Steering>
  <Acc>177</Acc>
  <Brake>169</Brake>
  <DayTime>15:16:13</DayTime>
  <Position>
    <X>-2408.70581</X>
    <Y>-243.988129</Y>
    <Z>16.0788174</Z>
  </Position>
  <Rotation>
    <X>1.03486228</X>
    <Y>0.5438869</Y>
    <Z>61.48292</Z>
  </Rotation>
</Screenshot>