<?xml version="1.0" encoding="utf-8"?>
<Screenshot xmlns:xsd="http://www.w3.org/2001/XMLSchema" xmlns:xsi="http://www.w3.org/2001/XMLSchema-instance">
  <Cars />
  <MyCar>
    <Position>
      <X>-2408.33984</X>
      <Y>-244.187714</Y>
      <Z>15.1666956</Z>
    </Position>
    <Rotation>
      <X>1.54465485</X>
      <Y>0.05188857</Y>
      <Z>61.4768562</Z>
    </Rotation>
    <Handle>663810</Handle>
    <Bounds>
      <Vector3>
        <X>-2406.59863</X>
        <Y>-246.297211</Y>
        <Z>14.3709879</Z>
      </Vector3>
      <Vector3>
        <X>-2405.623</X>
        <Y>-244.502411</Y>
        <Z>14.3691378</Z>
      </Vector3>
      <Vector3>
        <X>-2411.09155</X>
        <Y>-243.855209</Y>
        <Z>14.5088844</Z>
      </Vector3>
      <Vector3>
        <X>-2406.56348</X>
        <Y>-246.314789</Y>
        <Z>15.8263559</Z>
      </Vector3>
      <Vector3>
        <X>-2410.11621</X>
        <Y>-242.060425</Y>
        <Z>14.5070343</Z>
      </Vector3>
      <Vector3>
        <X>-2405.58813</X>
        <Y>-244.52</Y>
        <Z>15.8245058</Z>
      </Vector3>
      <Vector3>
        <X>-2411.0564</X>
        <Y>-243.8728</Y>
        <Z>15.9642515</Z>
      </Vector3>
      <Vector3>
        <X>-2410.081</X>
        <Y>-242.078</Y>
        <Z>15.9624023</Z>
      </Vector3>
    </Bounds>
    <CenterCamPosition>
      <X>0</X>
      <Y>0</Y>
    </CenterCamPosition>
    <ScreenBounds />
    <DistanceToCam>0</DistanceToCam>
    <Speed>7.76811934</Speed>
    <AccInput>0</AccInput>
    <RPM>1.35798967</RPM>
    <Gear>0</Gear>
    <SteeringAngle>5.853084E-41</SteeringAngle>
    <WheelSpeed>0</WheelSpeed>
    <CarType>Sports</CarType>
  </MyCar>
  <Peds />
  <Time>135646</Time>
  <LastFrameTime>0.0471021272</LastFrameTime>
  <MyProperty>0</MyProperty>
  <Weather>Clear</Weather>
  <Steering>127</Steering>
  <Acc>177</Acc>
  <Brake>169</Brake>
  <DayTime>15:16:13</DayTime>
  <Position>
    <X>-2409.05078</X>
    <Y>-243.800446</Y>
    <Z>16.0891</Z>
  </Position>
  <Rotation>
    <X>1.03927517</X>
    <Y>0.548051</Y>
    <Z>61.4857063</Z>
  </Rotation>
</Screenshot>