<?xml version="1.0" encoding="utf-8"?>
<Screenshot xmlns:xsd="http://www.w3.org/2001/XMLSchema" xmlns:xsi="http://www.w3.org/2001/XMLSchema-instance">
  <Cars />
  <MyCar>
    <Position>
      <X>-2408.5874</X>
      <Y>-244.0532</Y>
      <Z>15.174037</Z>
    </Position>
    <Rotation>
      <X>1.54575694</X>
      <Y>0.0538785048</Y>
      <Z>61.4772873</Z>
    </Rotation>
    <Handle>663810</Handle>
    <Bounds>
      <Vector3>
        <X>-2406.84619</X>
        <Y>-246.1627</Y>
        <Z>14.3783159</Z>
      </Vector3>
      <Vector3>
        <X>-2405.87061</X>
        <Y>-244.3679</Y>
        <Z>14.3763952</Z>
      </Vector3>
      <Vector3>
        <X>-2411.339</X>
        <Y>-243.720749</Y>
        <Z>14.5163107</Z>
      </Vector3>
      <Vector3>
        <X>-2406.811</X>
        <Y>-246.180252</Y>
        <Z>15.833683</Z>
      </Vector3>
      <Vector3>
        <X>-2410.36377</X>
        <Y>-241.925949</Y>
        <Z>14.51439</Z>
      </Vector3>
      <Vector3>
        <X>-2405.83545</X>
        <Y>-244.385452</Y>
        <Z>15.8317623</Z>
      </Vector3>
      <Vector3>
        <X>-2411.304</X>
        <Y>-243.7383</Y>
        <Z>15.9716778</Z>
      </Vector3>
      <Vector3>
        <X>-2410.32861</X>
        <Y>-241.9435</Y>
        <Z>15.9697571</Z>
      </Vector3>
    </Bounds>
    <CenterCamPosition>
      <X>0</X>
      <Y>0</Y>
    </CenterCamPosition>
    <ScreenBounds />
    <DistanceToCam>0</DistanceToCam>
    <Speed>7.774067</Speed>
    <AccInput>0</AccInput>
    <RPM>1.35798967</RPM>
    <Gear>0</Gear>
    <SteeringAngle>5.853084E-41</SteeringAngle>
    <WheelSpeed>0</WheelSpeed>
    <CarType>Sports</CarType>
  </MyCar>
  <Peds />
  <Time>135683</Time>
  <LastFrameTime>0.0169962235</LastFrameTime>
  <MyProperty>0</MyProperty>
  <Weather>Clear</Weather>
  <Steering>127</Steering>
  <Acc>177</Acc>
  <Brake>169</Brake>
  <DayTime>15:16:13</DayTime>
  <Position>
    <X>-2409.50342</X>
    <Y>-243.554337</Y>
    <Z>16.10262</Z>
  </Position>
  <Rotation>
    <X>1.0462</X>
    <Y>0.552856266</Y>
    <Z>61.4872169</Z>
  </Rotation>
</Screenshot>