<?xml version="1.0" encoding="utf-8"?>
<Screenshot xmlns:xsd="http://www.w3.org/2001/XMLSchema" xmlns:xsi="http://www.w3.org/2001/XMLSchema-instance">
  <Cars />
  <MyCar>
    <Position>
      <X>-2408.47119</X>
      <Y>-244.1163</Y>
      <Z>15.1705694</Z>
    </Position>
    <Rotation>
      <X>1.54615128</X>
      <Y>0.0529484227</Y>
      <Z>61.4771233</Z>
    </Rotation>
    <Handle>663810</Handle>
    <Bounds>
      <Vector3>
        <X>-2406.73</X>
        <Y>-246.225784</Y>
        <Z>14.374814</Z>
      </Vector3>
      <Vector3>
        <X>-2405.75439</X>
        <Y>-244.431</Y>
        <Z>14.3729267</Z>
      </Vector3>
      <Vector3>
        <X>-2411.223</X>
        <Y>-243.783813</Y>
        <Z>14.5128441</Z>
      </Vector3>
      <Vector3>
        <X>-2406.69482</X>
        <Y>-246.243362</Y>
        <Z>15.8301811</Z>
      </Vector3>
      <Vector3>
        <X>-2410.24756</X>
        <Y>-241.989029</Y>
        <Z>14.5109568</Z>
      </Vector3>
      <Vector3>
        <X>-2405.71924</X>
        <Y>-244.448578</Y>
        <Z>15.8282938</Z>
      </Vector3>
      <Vector3>
        <X>-2411.18774</X>
        <Y>-243.801392</Y>
        <Z>15.9682112</Z>
      </Vector3>
      <Vector3>
        <X>-2410.2124</X>
        <Y>-242.0066</Y>
        <Z>15.9663229</Z>
      </Vector3>
    </Bounds>
    <CenterCamPosition>
      <X>0</X>
      <Y>0</Y>
    </CenterCamPosition>
    <ScreenBounds />
    <DistanceToCam>0</DistanceToCam>
    <Speed>7.77131128</Speed>
    <AccInput>0</AccInput>
    <RPM>1.35798967</RPM>
    <Gear>0</Gear>
    <SteeringAngle>5.853084E-41</SteeringAngle>
    <WheelSpeed>0</WheelSpeed>
    <CarType>Sports</CarType>
  </MyCar>
  <Peds />
  <Time>135666</Time>
  <LastFrameTime>0.0192431286</LastFrameTime>
  <MyProperty>0</MyProperty>
  <Weather>Clear</Weather>
  <Steering>127</Steering>
  <Acc>177</Acc>
  <Brake>169</Brake>
  <DayTime>15:16:13</DayTime>
  <Position>
    <X>-2409.372</X>
    <Y>-243.625748</Y>
    <Z>16.0987148</Z>
  </Position>
  <Rotation>
    <X>1.04470336</X>
    <Y>0.5517968</Y>
    <Z>61.48691</Z>
  </Rotation>
</Screenshot>