<?xml version="1.0" encoding="utf-8"?>
<Screenshot xmlns:xsd="http://www.w3.org/2001/XMLSchema" xmlns:xsi="http://www.w3.org/2001/XMLSchema-instance">
  <Cars />
  <MyCar>
    <Position>
      <X>-2408.93433</X>
      <Y>-243.8646</Y>
      <Z>15.1844311</Z>
    </Position>
    <Rotation>
      <X>1.54225934</X>
      <Y>0.0564768</Y>
      <Z>61.4774</Z>
    </Rotation>
    <Handle>663810</Handle>
    <Bounds>
      <Vector3>
        <X>-2407.193</X>
        <Y>-245.974136</Y>
        <Z>14.3889112</Z>
      </Vector3>
      <Vector3>
        <X>-2406.21753</X>
        <Y>-244.179337</Y>
        <Z>14.386898</Z>
      </Vector3>
      <Vector3>
        <X>-2411.686</X>
        <Y>-243.532181</Y>
        <Z>14.5265942</Z>
      </Vector3>
      <Vector3>
        <X>-2407.158</X>
        <Y>-245.9916</Y>
        <Z>15.84428</Z>
      </Vector3>
      <Vector3>
        <X>-2410.71069</X>
        <Y>-241.737381</Y>
        <Z>14.52458</Z>
      </Vector3>
      <Vector3>
        <X>-2406.18237</X>
        <Y>-244.1968</Y>
        <Z>15.842267</Z>
      </Vector3>
      <Vector3>
        <X>-2411.651</X>
        <Y>-243.549622</Y>
        <Z>15.9819632</Z>
      </Vector3>
      <Vector3>
        <X>-2410.67554</X>
        <Y>-241.754837</Y>
        <Z>15.97995</Z>
      </Vector3>
    </Bounds>
    <CenterCamPosition>
      <X>0</X>
      <Y>0</Y>
    </CenterCamPosition>
    <ScreenBounds />
    <DistanceToCam>0</DistanceToCam>
    <Speed>7.782169</Speed>
    <AccInput>0</AccInput>
    <RPM>1.35798967</RPM>
    <Gear>0</Gear>
    <SteeringAngle>5.853084E-41</SteeringAngle>
    <WheelSpeed>0</WheelSpeed>
    <CarType>Sports</CarType>
  </MyCar>
  <Peds />
  <Time>135733</Time>
  <LastFrameTime>0.0507674254</LastFrameTime>
  <MyProperty>0</MyProperty>
  <Weather>Clear</Weather>
  <Steering>127</Steering>
  <Acc>177</Acc>
  <Brake>169</Brake>
  <DayTime>15:16:13</DayTime>
  <Position>
    <X>-2409.61963</X>
    <Y>-243.491226</Y>
    <Z>16.10608</Z>
  </Position>
  <Rotation>
    <X>1.04580569</X>
    <Y>0.5537862</Y>
    <Z>61.4873962</Z>
  </Rotation>
</Screenshot>