<?xml version="1.0" encoding="utf-8"?>
<Screenshot xmlns:xsd="http://www.w3.org/2001/XMLSchema" xmlns:xsi="http://www.w3.org/2001/XMLSchema-instance">
  <Cars />
  <MyCar>
    <Position>
      <X>-2409.26</X>
      <Y>-243.687561</Y>
      <Z>15.1941624</Z>
    </Position>
    <Rotation>
      <X>1.538883</X>
      <Y>0.05783073</Y>
      <Z>61.47726</Z>
    </Rotation>
    <Handle>663810</Handle>
    <Bounds>
      <Vector3>
        <X>-2407.51855</X>
        <Y>-245.79715</Y>
        <Z>14.3988161</Z>
      </Vector3>
      <Vector3>
        <X>-2406.54321</X>
        <Y>-244.00235</Y>
        <Z>14.3967543</Z>
      </Vector3>
      <Vector3>
        <X>-2412.01172</X>
        <Y>-243.355179</Y>
        <Z>14.5361977</Z>
      </Vector3>
      <Vector3>
        <X>-2407.48364</X>
        <Y>-245.814529</Y>
        <Z>15.854188</Z>
      </Vector3>
      <Vector3>
        <X>-2411.03638</X>
        <Y>-241.560379</Y>
        <Z>14.5341358</Z>
      </Vector3>
      <Vector3>
        <X>-2406.5083</X>
        <Y>-244.01973</Y>
        <Z>15.8521261</Z>
      </Vector3>
      <Vector3>
        <X>-2411.97656</X>
        <Y>-243.372559</Y>
        <Z>15.9915686</Z>
      </Vector3>
      <Vector3>
        <X>-2411.00122</X>
        <Y>-241.577759</Y>
        <Z>15.9895067</Z>
      </Vector3>
    </Bounds>
    <CenterCamPosition>
      <X>0</X>
      <Y>0</Y>
    </CenterCamPosition>
    <ScreenBounds />
    <DistanceToCam>0</DistanceToCam>
    <Speed>7.789671</Speed>
    <AccInput>0</AccInput>
    <RPM>1.35798967</RPM>
    <Gear>0</Gear>
    <SteeringAngle>5.853084E-41</SteeringAngle>
    <WheelSpeed>0</WheelSpeed>
    <CarType>Sports</CarType>
  </MyCar>
  <Peds />
  <Time>135781</Time>
  <LastFrameTime>0.0476060621</LastFrameTime>
  <MyProperty>0</MyProperty>
  <Weather>Clear</Weather>
  <Steering>127</Steering>
  <Acc>177</Acc>
  <Brake>169</Brake>
  <DayTime>15:16:13</DayTime>
  <Position>
    <X>-2409.96655</X>
    <Y>-243.302551</Y>
    <Z>16.1164017</Z>
  </Position>
  <Rotation>
    <X>1.04230857</X>
    <Y>0.5563848</Y>
    <Z>61.48752</Z>
  </Rotation>
</Screenshot>