<?xml version="1.0" encoding="utf-8"?>
<Screenshot xmlns:xsd="http://www.w3.org/2001/XMLSchema" xmlns:xsi="http://www.w3.org/2001/XMLSchema-instance">
  <Cars />
  <MyCar>
    <Position>
      <X>-2409.49927</X>
      <Y>-243.55748</Y>
      <Z>15.20131</Z>
    </Position>
    <Rotation>
      <X>1.53667474</X>
      <Y>0.058044713</Y>
      <Z>61.477066</Z>
    </Rotation>
    <Handle>663810</Handle>
    <Bounds>
      <Vector3>
        <X>-2407.75781</X>
        <Y>-245.6671</Y>
        <Z>14.4060659</Z>
      </Vector3>
      <Vector3>
        <X>-2406.78247</X>
        <Y>-243.8723</Y>
        <Z>14.4039965</Z>
      </Vector3>
      <Vector3>
        <X>-2412.251</X>
        <Y>-243.2251</Y>
        <Z>14.54325</Z>
      </Vector3>
      <Vector3>
        <X>-2407.723</X>
        <Y>-245.684433</Y>
        <Z>15.8614388</Z>
      </Vector3>
      <Vector3>
        <X>-2411.27539</X>
        <Y>-241.430313</Y>
        <Z>14.5411806</Z>
      </Vector3>
      <Vector3>
        <X>-2406.74756</X>
        <Y>-243.889648</Y>
        <Z>15.8593693</Z>
      </Vector3>
      <Vector3>
        <X>-2412.21582</X>
        <Y>-243.242447</Y>
        <Z>15.9986229</Z>
      </Vector3>
      <Vector3>
        <X>-2411.24048</X>
        <Y>-241.447647</Y>
        <Z>15.9965534</Z>
      </Vector3>
    </Bounds>
    <CenterCamPosition>
      <X>0</X>
      <Y>0</Y>
    </CenterCamPosition>
    <ScreenBounds />
    <DistanceToCam>0</DistanceToCam>
    <Speed>7.79513359</Speed>
    <AccInput>0</AccInput>
    <RPM>1.35798967</RPM>
    <Gear>0</Gear>
    <SteeringAngle>5.853084E-41</SteeringAngle>
    <WheelSpeed>0</WheelSpeed>
    <CarType>Sports</CarType>
  </MyCar>
  <Peds />
  <Time>135816</Time>
  <LastFrameTime>0.03495625</LastFrameTime>
  <MyProperty>0</MyProperty>
  <Weather>Clear</Weather>
  <Steering>127</Steering>
  <Acc>177</Acc>
  <Brake>169</Brake>
  <DayTime>15:16:13</DayTime>
  <Position>
    <X>-2410.29224</X>
    <Y>-243.125473</Y>
    <Z>16.1260643</Z>
  </Position>
  <Rotation>
    <X>1.0389322</X>
    <Y>0.55773896</Y>
    <Z>61.4873734</Z>
  </Rotation>
</Screenshot>