<?xml version="1.0" encoding="utf-8"?>
<Screenshot xmlns:xsd="http://www.w3.org/2001/XMLSchema" xmlns:xsi="http://www.w3.org/2001/XMLSchema-instance">
  <Cars />
  <MyCar>
    <Position>
      <X>-2409.95459</X>
      <Y>-243.310028</Y>
      <Z>15.2149439</Z>
    </Position>
    <Rotation>
      <X>1.53018546</X>
      <Y>0.0545577332</Y>
      <Z>61.4764</Z>
    </Rotation>
    <Handle>663810</Handle>
    <Bounds>
      <Vector3>
        <X>-2408.21313</X>
        <Y>-245.419662</Y>
        <Z>14.4199247</Z>
      </Vector3>
      <Vector3>
        <X>-2407.23779</X>
        <Y>-243.624878</Y>
        <Z>14.4179792</Z>
      </Vector3>
      <Vector3>
        <X>-2412.706</X>
        <Y>-242.977615</Y>
        <Z>14.55653</Z>
      </Vector3>
      <Vector3>
        <X>-2408.17822</X>
        <Y>-245.437012</Y>
        <Z>15.8753023</Z>
      </Vector3>
      <Vector3>
        <X>-2411.73071</X>
        <Y>-241.182831</Y>
        <Z>14.5545845</Z>
      </Vector3>
      <Vector3>
        <X>-2407.203</X>
        <Y>-243.642227</Y>
        <Z>15.8733568</Z>
      </Vector3>
      <Vector3>
        <X>-2412.67139</X>
        <Y>-242.994965</Y>
        <Z>16.0119076</Z>
      </Vector3>
      <Vector3>
        <X>-2411.6958</X>
        <Y>-241.20018</Y>
        <Z>16.0099621</Z>
      </Vector3>
    </Bounds>
    <CenterCamPosition>
      <X>0</X>
      <Y>0</Y>
    </CenterCamPosition>
    <ScreenBounds />
    <DistanceToCam>0</DistanceToCam>
    <Speed>7.80540276</Speed>
    <AccInput>0</AccInput>
    <RPM>1.35798967</RPM>
    <Gear>0</Gear>
    <SteeringAngle>5.853084E-41</SteeringAngle>
    <WheelSpeed>0</WheelSpeed>
    <CarType>Sports</CarType>
  </MyCar>
  <Peds />
  <Time>135882</Time>
  <LastFrameTime>0.0190730821</LastFrameTime>
  <MyProperty>0</MyProperty>
  <Weather>Clear</Weather>
  <Steering>127</Steering>
  <Acc>177</Acc>
  <Brake>169</Brake>
  <DayTime>15:16:13</DayTime>
  <Position>
    <X>-2410.8562</X>
    <Y>-242.81897</Y>
    <Z>16.1427879</Z>
  </Position>
  <Rotation>
    <X>1.0339247</X>
    <Y>0.5579833</Y>
    <Z>61.4868126</Z>
  </Rotation>
</Screenshot>