<?xml version="1.0" encoding="utf-8"?>
<Screenshot xmlns:xsd="http://www.w3.org/2001/XMLSchema" xmlns:xsi="http://www.w3.org/2001/XMLSchema-instance">
  <Cars />
  <MyCar>
    <Position>
      <X>-2409.82373</X>
      <Y>-243.3811</Y>
      <Z>15.21099</Z>
    </Position>
    <Rotation>
      <X>1.53387582</X>
      <Y>0.0580741055</Y>
      <Z>61.4767532</Z>
    </Rotation>
    <Handle>663810</Handle>
    <Bounds>
      <Vector3>
        <X>-2408.08228</X>
        <Y>-245.490738</Y>
        <Z>14.41587</Z>
      </Vector3>
      <Vector3>
        <X>-2407.107</X>
        <Y>-243.695953</Y>
        <Z>14.4137993</Z>
      </Vector3>
      <Vector3>
        <X>-2412.57544</X>
        <Y>-243.048721</Y>
        <Z>14.552804</Z>
      </Vector3>
      <Vector3>
        <X>-2408.04736</X>
        <Y>-245.508057</Y>
        <Z>15.8712454</Z>
      </Vector3>
      <Vector3>
        <X>-2411.59985</X>
        <Y>-241.253937</Y>
        <Z>14.5507336</Z>
      </Vector3>
      <Vector3>
        <X>-2407.072</X>
        <Y>-243.713272</Y>
        <Z>15.869174</Z>
      </Vector3>
      <Vector3>
        <X>-2412.54053</X>
        <Y>-243.06604</Y>
        <Z>16.0081787</Z>
      </Vector3>
      <Vector3>
        <X>-2411.565</X>
        <Y>-241.271255</Y>
        <Z>16.00611</Z>
      </Vector3>
    </Bounds>
    <CenterCamPosition>
      <X>0</X>
      <Y>0</Y>
    </CenterCamPosition>
    <ScreenBounds />
    <DistanceToCam>0</DistanceToCam>
    <Speed>7.80246973</Speed>
    <AccInput>0</AccInput>
    <RPM>1.35798967</RPM>
    <Gear>0</Gear>
    <SteeringAngle>5.853084E-41</SteeringAngle>
    <WheelSpeed>0</WheelSpeed>
    <CarType>Sports</CarType>
  </MyCar>
  <Peds />
  <Time>135863</Time>
  <LastFrameTime>0.0473547168</LastFrameTime>
  <MyProperty>0</MyProperty>
  <Weather>Clear</Weather>
  <Steering>127</Steering>
  <Acc>177</Acc>
  <Brake>169</Brake>
  <DayTime>15:16:13</DayTime>
  <Position>
    <X>-2410.53149</X>
    <Y>-242.995361</Y>
    <Z>16.1331654</Z>
  </Position>
  <Rotation>
    <X>1.03672385</X>
    <Y>0.5579534</Y>
    <Z>61.4871559</Z>
  </Rotation>
</Screenshot>