<?xml version="1.0" encoding="utf-8"?>
<Screenshot xmlns:xsd="http://www.w3.org/2001/XMLSchema" xmlns:xsi="http://www.w3.org/2001/XMLSchema-instance">
  <Cars />
  <MyCar>
    <Position>
      <X>-2410.283</X>
      <Y>-243.131546</Y>
      <Z>15.2248268</Z>
    </Position>
    <Rotation>
      <X>1.52399623</X>
      <Y>0.0525669456</Y>
      <Z>61.475708</Z>
    </Rotation>
    <Handle>663810</Handle>
    <Bounds>
      <Vector3>
        <X>-2408.5415</X>
        <Y>-245.241211</Y>
        <Z>14.4300461</Z>
      </Vector3>
      <Vector3>
        <X>-2407.566</X>
        <Y>-243.446442</Y>
        <Z>14.4281721</Z>
      </Vector3>
      <Vector3>
        <X>-2413.03442</X>
        <Y>-242.799118</Y>
        <Z>14.5660982</Z>
      </Vector3>
      <Vector3>
        <X>-2408.50684</X>
        <Y>-245.25853</Y>
        <Z>15.8854275</Z>
      </Vector3>
      <Vector3>
        <X>-2412.059</X>
        <Y>-241.004349</Y>
        <Z>14.5642242</Z>
      </Vector3>
      <Vector3>
        <X>-2407.53125</X>
        <Y>-243.46376</Y>
        <Z>15.8835535</Z>
      </Vector3>
      <Vector3>
        <X>-2412.99976</X>
        <Y>-242.816422</Y>
        <Z>16.02148</Z>
      </Vector3>
      <Vector3>
        <X>-2412.02441</X>
        <Y>-241.021667</Y>
        <Z>16.0196056</Z>
      </Vector3>
    </Bounds>
    <CenterCamPosition>
      <X>0</X>
      <Y>0</Y>
    </CenterCamPosition>
    <ScreenBounds />
    <DistanceToCam>0</DistanceToCam>
    <Speed>7.812808</Speed>
    <AccInput>0</AccInput>
    <RPM>1.35798967</RPM>
    <Gear>0</Gear>
    <SteeringAngle>5.853084E-41</SteeringAngle>
    <WheelSpeed>0</WheelSpeed>
    <CarType>Sports</CarType>
  </MyCar>
  <Peds />
  <Time>135930</Time>
  <LastFrameTime>0.04787044</LastFrameTime>
  <MyProperty>0</MyProperty>
  <Weather>Clear</Weather>
  <Steering>127</Steering>
  <Acc>177</Acc>
  <Brake>169</Brake>
  <DayTime>15:16:13</DayTime>
  <Position>
    <X>-2410.987</X>
    <Y>-242.74791</Y>
    <Z>16.1466675</Z>
  </Position>
  <Rotation>
    <X>1.0302335</X>
    <Y>0.5544681</Y>
    <Z>61.4863625</Z>
  </Rotation>
</Screenshot>