<?xml version="1.0" encoding="utf-8"?>
<Screenshot xmlns:xsd="http://www.w3.org/2001/XMLSchema" xmlns:xsi="http://www.w3.org/2001/XMLSchema-instance">
  <Cars />
  <MyCar>
    <Position>
      <X>-2410.41235</X>
      <Y>-243.06131</Y>
      <Z>15.2286892</Z>
    </Position>
    <Rotation>
      <X>1.523069</X>
      <Y>0.0531904139</Y>
      <Z>61.47556</Z>
    </Rotation>
    <Handle>663810</Handle>
    <Bounds>
      <Vector3>
        <X>-2408.671</X>
        <Y>-245.171</Y>
        <Z>14.4339609</Z>
      </Vector3>
      <Vector3>
        <X>-2407.69531</X>
        <Y>-243.376236</Y>
        <Z>14.4320641</Z>
      </Vector3>
      <Vector3>
        <X>-2413.16382</X>
        <Y>-242.728882</Y>
        <Z>14.56993</Z>
      </Vector3>
      <Vector3>
        <X>-2408.63623</X>
        <Y>-245.1883</Y>
        <Z>15.8893433</Z>
      </Vector3>
      <Vector3>
        <X>-2412.18848</X>
        <Y>-240.934113</Y>
        <Z>14.5680342</Z>
      </Vector3>
      <Vector3>
        <X>-2407.66064</X>
        <Y>-243.393524</Y>
        <Z>15.8874464</Z>
      </Vector3>
      <Vector3>
        <X>-2413.12915</X>
        <Y>-242.74617</Y>
        <Z>16.0253124</Z>
      </Vector3>
      <Vector3>
        <X>-2412.15381</X>
        <Y>-240.9514</Y>
        <Z>16.0234165</Z>
      </Vector3>
    </Bounds>
    <CenterCamPosition>
      <X>0</X>
      <Y>0</Y>
    </CenterCamPosition>
    <ScreenBounds />
    <DistanceToCam>0</DistanceToCam>
    <Speed>7.81575871</Speed>
    <AccInput>0</AccInput>
    <RPM>1.35798967</RPM>
    <Gear>0</Gear>
    <SteeringAngle>5.853084E-41</SteeringAngle>
    <WheelSpeed>0</WheelSpeed>
    <CarType>Sports</CarType>
  </MyCar>
  <Peds />
  <Time>135949</Time>
  <LastFrameTime>0.01882515</LastFrameTime>
  <MyProperty>0</MyProperty>
  <Weather>Clear</Weather>
  <Steering>127</Steering>
  <Acc>177</Acc>
  <Brake>169</Brake>
  <DayTime>15:16:13</DayTime>
  <Position>
    <X>-2411.31543</X>
    <Y>-242.5694</Y>
    <Z>16.1564236</Z>
  </Position>
  <Rotation>
    <X>1.02404392</X>
    <Y>0.5524787</Y>
    <Z>61.4855766</Z>
  </Rotation>
</Screenshot>