<?xml version="1.0" encoding="utf-8"?>
<Screenshot xmlns:xsd="http://www.w3.org/2001/XMLSchema" xmlns:xsi="http://www.w3.org/2001/XMLSchema-instance">
  <Cars />
  <MyCar>
    <Position>
      <X>-2410.74023</X>
      <Y>-242.8831</Y>
      <Z>15.2384644</Z>
    </Position>
    <Rotation>
      <X>1.52143931</X>
      <Y>0.0555849336</Y>
      <Z>61.4753952</Z>
    </Rotation>
    <Handle>663810</Handle>
    <Bounds>
      <Vector3>
        <X>-2408.99878</X>
        <Y>-244.992828</Y>
        <Z>14.4438505</Z>
      </Vector3>
      <Vector3>
        <X>-2408.02319</X>
        <Y>-243.198074</Y>
        <Z>14.4418688</Z>
      </Vector3>
      <Vector3>
        <X>-2413.4917</X>
        <Y>-242.5507</Y>
        <Z>14.5796747</Z>
      </Vector3>
      <Vector3>
        <X>-2408.964</X>
        <Y>-245.010056</Y>
        <Z>15.8992338</Z>
      </Vector3>
      <Vector3>
        <X>-2412.51636</X>
        <Y>-240.755936</Y>
        <Z>14.577693</Z>
      </Vector3>
      <Vector3>
        <X>-2407.98853</X>
        <Y>-243.215286</Y>
        <Z>15.8972521</Z>
      </Vector3>
      <Vector3>
        <X>-2413.457</X>
        <Y>-242.567917</Y>
        <Z>16.035059</Z>
      </Vector3>
      <Vector3>
        <X>-2412.48169</X>
        <Y>-240.773148</Y>
        <Z>16.0330772</Z>
      </Vector3>
    </Bounds>
    <CenterCamPosition>
      <X>0</X>
      <Y>0</Y>
    </CenterCamPosition>
    <ScreenBounds />
    <DistanceToCam>0</DistanceToCam>
    <Speed>7.82324266</Speed>
    <AccInput>0</AccInput>
    <RPM>1.35798967</RPM>
    <Gear>0</Gear>
    <SteeringAngle>5.853084E-41</SteeringAngle>
    <WheelSpeed>0</WheelSpeed>
    <CarType>Sports</CarType>
  </MyCar>
  <Peds />
  <Time>135997</Time>
  <LastFrameTime>0.0477245972</LastFrameTime>
  <MyProperty>0</MyProperty>
  <Weather>Clear</Weather>
  <Steering>127</Steering>
  <Acc>177</Acc>
  <Brake>169</Brake>
  <DayTime>15:16:13</DayTime>
  <Position>
    <X>-2411.44482</X>
    <Y>-242.49913</Y>
    <Z>16.1602669</Z>
  </Position>
  <Rotation>
    <X>1.02311683</X>
    <Y>0.5531023</Y>
    <Z>61.4854355</Z>
  </Rotation>
</Screenshot>