<?xml version="1.0" encoding="utf-8"?>
<Screenshot xmlns:xsd="http://www.w3.org/2001/XMLSchema" xmlns:xsi="http://www.w3.org/2001/XMLSchema-instance">
  <Cars />
  <MyCar>
    <Position>
      <X>-2411.33374</X>
      <Y>-242.560349</Y>
      <Z>15.2562361</Z>
    </Position>
    <Rotation>
      <X>1.52074063</X>
      <Y>0.05888766</Y>
      <Z>61.4753</Z>
    </Rotation>
    <Handle>663810</Handle>
    <Bounds>
      <Vector3>
        <X>-2409.59229</X>
        <Y>-244.670135</Y>
        <Z>14.4617128</Z>
      </Vector3>
      <Vector3>
        <X>-2408.6167</X>
        <Y>-242.875366</Y>
        <Z>14.4596128</Z>
      </Vector3>
      <Vector3>
        <X>-2414.08521</X>
        <Y>-242.227982</Y>
        <Z>14.5974741</Z>
      </Vector3>
      <Vector3>
        <X>-2409.55762</X>
        <Y>-244.687271</Y>
        <Z>15.9170961</Z>
      </Vector3>
      <Vector3>
        <X>-2413.10986</X>
        <Y>-240.433212</Y>
        <Z>14.5953751</Z>
      </Vector3>
      <Vector3>
        <X>-2408.582</X>
        <Y>-242.8925</Y>
        <Z>15.9149971</Z>
      </Vector3>
      <Vector3>
        <X>-2414.05054</X>
        <Y>-242.245117</Y>
        <Z>16.0528584</Z>
      </Vector3>
      <Vector3>
        <X>-2413.0752</X>
        <Y>-240.450348</Y>
        <Z>16.0507584</Z>
      </Vector3>
    </Bounds>
    <CenterCamPosition>
      <X>0</X>
      <Y>0</Y>
    </CenterCamPosition>
    <ScreenBounds />
    <DistanceToCam>0</DistanceToCam>
    <Speed>7.836556</Speed>
    <AccInput>0</AccInput>
    <RPM>1.35798967</RPM>
    <Gear>0</Gear>
    <SteeringAngle>5.853084E-41</SteeringAngle>
    <WheelSpeed>0</WheelSpeed>
    <CarType>Sports</CarType>
  </MyCar>
  <Peds />
  <Time>136083</Time>
  <LastFrameTime>0.0199326221</LastFrameTime>
  <MyProperty>0</MyProperty>
  <Weather>Clear</Weather>
  <Steering>127</Steering>
  <Acc>177</Acc>
  <Brake>169</Brake>
  <DayTime>15:16:13</DayTime>
  <Position>
    <X>-2412.229</X>
    <Y>-242.072647</Y>
    <Z>16.1835861</Z>
  </Position>
  <Rotation>
    <X>1.01910663</X>
    <Y>0.5580383</Y>
    <Z>61.48523</Z>
  </Rotation>
</Screenshot>