<?xml version="1.0" encoding="utf-8"?>
<Screenshot xmlns:xsd="http://www.w3.org/2001/XMLSchema" xmlns:xsi="http://www.w3.org/2001/XMLSchema-instance">
  <Cars />
  <MyCar>
    <Position>
      <X>-2411.19653</X>
      <Y>-242.634933</Y>
      <Z>15.2520924</Z>
    </Position>
    <Rotation>
      <X>1.51905811</X>
      <Y>0.05812651</Y>
      <Z>61.47531</Z>
    </Rotation>
    <Handle>663810</Handle>
    <Bounds>
      <Vector3>
        <X>-2409.455</X>
        <Y>-244.74472</Y>
        <Z>14.4576292</Z>
      </Vector3>
      <Vector3>
        <X>-2408.47949</X>
        <Y>-242.949951</Y>
        <Z>14.4555569</Z>
      </Vector3>
      <Vector3>
        <X>-2413.948</X>
        <Y>-242.302567</Y>
        <Z>14.5932417</Z>
      </Vector3>
      <Vector3>
        <X>-2409.42041</X>
        <Y>-244.761856</Y>
        <Z>15.9130144</Z>
      </Vector3>
      <Vector3>
        <X>-2412.97266</X>
        <Y>-240.5078</Y>
        <Z>14.5911694</Z>
      </Vector3>
      <Vector3>
        <X>-2408.44482</X>
        <Y>-242.967087</Y>
        <Z>15.9109421</Z>
      </Vector3>
      <Vector3>
        <X>-2413.91333</X>
        <Y>-242.3197</Y>
        <Z>16.0486259</Z>
      </Vector3>
      <Vector3>
        <X>-2412.938</X>
        <Y>-240.524933</Y>
        <Z>16.0465546</Z>
      </Vector3>
    </Bounds>
    <CenterCamPosition>
      <X>0</X>
      <Y>0</Y>
    </CenterCamPosition>
    <ScreenBounds />
    <DistanceToCam>0</DistanceToCam>
    <Speed>7.83352</Speed>
    <AccInput>0</AccInput>
    <RPM>1.35798967</RPM>
    <Gear>0</Gear>
    <SteeringAngle>5.853084E-41</SteeringAngle>
    <WheelSpeed>0</WheelSpeed>
    <CarType>Sports</CarType>
  </MyCar>
  <Peds />
  <Time>136063</Time>
  <LastFrameTime>0.0459695235</LastFrameTime>
  <MyProperty>0</MyProperty>
  <Weather>Clear</Weather>
  <Steering>127</Steering>
  <Acc>177</Acc>
  <Brake>169</Brake>
  <DayTime>15:16:13</DayTime>
  <Position>
    <X>-2411.91284</X>
    <Y>-242.2446</Y>
    <Z>16.1741829</Z>
  </Position>
  <Rotation>
    <X>1.02015054</X>
    <Y>0.5557993</Y>
    <Z>61.48523</Z>
  </Rotation>
</Screenshot>