<?xml version="1.0" encoding="utf-8"?>
<Screenshot xmlns:xsd="http://www.w3.org/2001/XMLSchema" xmlns:xsi="http://www.w3.org/2001/XMLSchema-instance">
  <Cars />
  <MyCar>
    <Position>
      <X>-2410.88037</X>
      <Y>-242.806839</Y>
      <Z>15.2426662</Z>
    </Position>
    <Rotation>
      <X>1.5201025</X>
      <Y>0.0558874346</Y>
      <Z>61.475338</Z>
    </Rotation>
    <Handle>663810</Handle>
    <Bounds>
      <Vector3>
        <X>-2409.139</X>
        <Y>-244.91658</Y>
        <Z>14.4481173</Z>
      </Vector3>
      <Vector3>
        <X>-2408.16333</X>
        <Y>-243.121826</Y>
        <Z>14.446125</Z>
      </Vector3>
      <Vector3>
        <X>-2413.63184</X>
        <Y>-242.474442</Y>
        <Z>14.5838223</Z>
      </Vector3>
      <Vector3>
        <X>-2409.10425</X>
        <Y>-244.933777</Y>
        <Z>15.9035015</Z>
      </Vector3>
      <Vector3>
        <X>-2412.65625</X>
        <Y>-240.679688</Y>
        <Z>14.58183</Z>
      </Vector3>
      <Vector3>
        <X>-2408.12866</X>
        <Y>-243.139023</Y>
        <Z>15.9015093</Z>
      </Vector3>
      <Vector3>
        <X>-2413.59717</X>
        <Y>-242.491638</Y>
        <Z>16.0392075</Z>
      </Vector3>
      <Vector3>
        <X>-2412.62183</X>
        <Y>-240.696884</Y>
        <Z>16.0372143</Z>
      </Vector3>
    </Bounds>
    <CenterCamPosition>
      <X>0</X>
      <Y>0</Y>
    </CenterCamPosition>
    <ScreenBounds />
    <DistanceToCam>0</DistanceToCam>
    <Speed>7.82641268</Speed>
    <AccInput>0</AccInput>
    <RPM>1.35798967</RPM>
    <Gear>0</Gear>
    <SteeringAngle>5.853084E-41</SteeringAngle>
    <WheelSpeed>0</WheelSpeed>
    <CarType>Sports</CarType>
  </MyCar>
  <Peds />
  <Time>136017</Time>
  <LastFrameTime>0.02041235</LastFrameTime>
  <MyProperty>0</MyProperty>
  <Weather>Clear</Weather>
  <Steering>127</Steering>
  <Acc>177</Acc>
  <Brake>169</Brake>
  <DayTime>15:16:13</DayTime>
  <Position>
    <X>-2411.77271</X>
    <Y>-242.320877</Y>
    <Z>16.1700077</Z>
  </Position>
  <Rotation>
    <X>1.02148724</X>
    <Y>0.555496633</Y>
    <Z>61.4853</Z>
  </Rotation>
</Screenshot>