<?xml version="1.0" encoding="utf-8"?>
<Screenshot xmlns:xsd="http://www.w3.org/2001/XMLSchema" xmlns:xsi="http://www.w3.org/2001/XMLSchema-instance">
  <Cars />
  <MyCar>
    <Position>
      <X>-2411.66</X>
      <Y>-242.383026</Y>
      <Z>15.2660742</Z>
    </Position>
    <Rotation>
      <X>1.5256747</X>
      <Y>0.05954197</Y>
      <Z>61.4752769</Z>
    </Rotation>
    <Handle>663810</Handle>
    <Bounds>
      <Vector3>
        <X>-2409.91846</X>
        <Y>-244.492783</Y>
        <Z>14.471344</Z>
      </Vector3>
      <Vector3>
        <X>-2408.943</X>
        <Y>-242.698029</Y>
        <Z>14.4692211</Z>
      </Vector3>
      <Vector3>
        <X>-2414.41138</X>
        <Y>-242.050629</Y>
        <Z>14.6075459</Z>
      </Vector3>
      <Vector3>
        <X>-2409.88379</X>
        <Y>-244.509964</Y>
        <Z>15.9267244</Z>
      </Vector3>
      <Vector3>
        <X>-2413.436</X>
        <Y>-240.255875</Y>
        <Z>14.605423</Z>
      </Vector3>
      <Vector3>
        <X>-2408.9082</X>
        <Y>-242.71521</Y>
        <Z>15.9246016</Z>
      </Vector3>
      <Vector3>
        <X>-2414.37671</X>
        <Y>-242.06781</Y>
        <Z>16.0629272</Z>
      </Vector3>
      <Vector3>
        <X>-2413.40112</X>
        <Y>-240.273056</Y>
        <Z>16.0608044</Z>
      </Vector3>
    </Bounds>
    <CenterCamPosition>
      <X>0</X>
      <Y>0</Y>
    </CenterCamPosition>
    <ScreenBounds />
    <DistanceToCam>0</DistanceToCam>
    <Speed>7.843739</Speed>
    <AccInput>0</AccInput>
    <RPM>1.35798967</RPM>
    <Gear>0</Gear>
    <SteeringAngle>5.853084E-41</SteeringAngle>
    <WheelSpeed>0</WheelSpeed>
    <CarType>Sports</CarType>
  </MyCar>
  <Peds />
  <Time>136131</Time>
  <LastFrameTime>0.04735689</LastFrameTime>
  <MyProperty>0</MyProperty>
  <Weather>Clear</Weather>
  <Steering>127</Steering>
  <Acc>177</Acc>
  <Brake>169</Brake>
  <DayTime>15:16:13</DayTime>
  <Position>
    <X>-2412.36621</X>
    <Y>-241.998077</Y>
    <Z>16.1877651</Z>
  </Position>
  <Rotation>
    <X>1.020789</X>
    <Y>0.558798969</Y>
    <Z>61.48525</Z>
  </Rotation>
</Screenshot>