<?xml version="1.0" encoding="utf-8"?>
<Screenshot xmlns:xsd="http://www.w3.org/2001/XMLSchema" xmlns:xsi="http://www.w3.org/2001/XMLSchema-instance">
  <Cars />
  <MyCar>
    <Position>
      <X>-2411.78979</X>
      <Y>-242.312317</Y>
      <Z>15.2699986</Z>
    </Position>
    <Rotation>
      <X>1.527767</X>
      <Y>0.0596457049</Y>
      <Z>61.4752655</Z>
    </Rotation>
    <Handle>663810</Handle>
    <Bounds>
      <Vector3>
        <X>-2410.04834</X>
        <Y>-244.422058</Y>
        <Z>14.4751768</Z>
      </Vector3>
      <Vector3>
        <X>-2409.073</X>
        <Y>-242.6273</Y>
        <Z>14.4730511</Z>
      </Vector3>
      <Vector3>
        <X>-2414.54126</X>
        <Y>-241.979919</Y>
        <Z>14.6115665</Z>
      </Vector3>
      <Vector3>
        <X>-2410.01367</X>
        <Y>-244.43927</Y>
        <Z>15.9305563</Z>
      </Vector3>
      <Vector3>
        <X>-2413.566</X>
        <Y>-240.18515</Y>
        <Z>14.60944</Z>
      </Vector3>
      <Vector3>
        <X>-2409.038</X>
        <Y>-242.6445</Y>
        <Z>15.92843</Z>
      </Vector3>
      <Vector3>
        <X>-2414.50659</X>
        <Y>-241.997116</Y>
        <Z>16.066946</Z>
      </Vector3>
      <Vector3>
        <X>-2413.531</X>
        <Y>-240.202362</Y>
        <Z>16.06482</Z>
      </Vector3>
    </Bounds>
    <CenterCamPosition>
      <X>0</X>
      <Y>0</Y>
    </CenterCamPosition>
    <ScreenBounds />
    <DistanceToCam>0</DistanceToCam>
    <Speed>7.84656954</Speed>
    <AccInput>0</AccInput>
    <RPM>1.35798967</RPM>
    <Gear>0</Gear>
    <SteeringAngle>5.853084E-41</SteeringAngle>
    <WheelSpeed>0</WheelSpeed>
    <CarType>Sports</CarType>
  </MyCar>
  <Peds />
  <Time>136149</Time>
  <LastFrameTime>0.0188732464</LastFrameTime>
  <MyProperty>0</MyProperty>
  <Weather>Clear</Weather>
  <Steering>127</Steering>
  <Acc>177</Acc>
  <Brake>169</Brake>
  <DayTime>15:16:13</DayTime>
  <Position>
    <X>-2412.69238</X>
    <Y>-241.82077</Y>
    <Z>16.1977043</Z>
  </Position>
  <Rotation>
    <X>1.02572358</X>
    <Y>0.559452355</Y>
    <Z>61.48529</Z>
  </Rotation>
</Screenshot>