<?xml version="1.0" encoding="utf-8"?>
<Screenshot xmlns:xsd="http://www.w3.org/2001/XMLSchema" xmlns:xsi="http://www.w3.org/2001/XMLSchema-instance">
  <Cars />
  <MyCar>
    <Position>
      <X>-2412.12134</X>
      <Y>-242.132065</Y>
      <Z>15.279994</Z>
    </Position>
    <Rotation>
      <X>1.53270435</X>
      <Y>0.06026778</Y>
      <Z>61.4752426</Z>
    </Rotation>
    <Handle>663810</Handle>
    <Bounds>
      <Vector3>
        <X>-2410.38013</X>
        <Y>-244.241791</Y>
        <Z>14.4849653</Z>
      </Vector3>
      <Vector3>
        <X>-2409.40454</X>
        <Y>-242.447021</Y>
        <Z>14.4828167</Z>
      </Vector3>
      <Vector3>
        <X>-2414.873</X>
        <Y>-241.799637</Y>
        <Z>14.6217947</Z>
      </Vector3>
      <Vector3>
        <X>-2410.345</X>
        <Y>-244.259033</Y>
        <Z>15.940341</Z>
      </Vector3>
      <Vector3>
        <X>-2413.89746</X>
        <Y>-240.004883</Y>
        <Z>14.6196461</Z>
      </Vector3>
      <Vector3>
        <X>-2409.36963</X>
        <Y>-242.464279</Y>
        <Z>15.9381924</Z>
      </Vector3>
      <Vector3>
        <X>-2414.83813</X>
        <Y>-241.8169</Y>
        <Z>16.0771713</Z>
      </Vector3>
      <Vector3>
        <X>-2413.86255</X>
        <Y>-240.022125</Y>
        <Z>16.0750217</Z>
      </Vector3>
    </Bounds>
    <CenterCamPosition>
      <X>0</X>
      <Y>0</Y>
    </CenterCamPosition>
    <ScreenBounds />
    <DistanceToCam>0</DistanceToCam>
    <Speed>7.855763</Speed>
    <AccInput>0</AccInput>
    <RPM>1.35798967</RPM>
    <Gear>0</Gear>
    <SteeringAngle>5.853084E-41</SteeringAngle>
    <WheelSpeed>0</WheelSpeed>
    <CarType>Sports</CarType>
  </MyCar>
  <Peds />
  <Time>136197</Time>
  <LastFrameTime>0.04806655</LastFrameTime>
  <MyProperty>0</MyProperty>
  <Weather>Clear</Weather>
  <Steering>127</Steering>
  <Acc>177</Acc>
  <Brake>169</Brake>
  <DayTime>15:16:13</DayTime>
  <Position>
    <X>-2412.82227</X>
    <Y>-241.750076</Y>
    <Z>16.2016716</Z>
  </Position>
  <Rotation>
    <X>1.027816</X>
    <Y>0.5595556</Y>
    <Z>61.4853058</Z>
  </Rotation>
</Screenshot>