<?xml version="1.0" encoding="utf-8"?>
<Screenshot xmlns:xsd="http://www.w3.org/2001/XMLSchema" xmlns:xsi="http://www.w3.org/2001/XMLSchema-instance">
  <Cars />
  <MyCar>
    <Position>
      <X>-2412.277</X>
      <Y>-242.047272</Y>
      <Z>15.284709</Z>
    </Position>
    <Rotation>
      <X>1.53561425</X>
      <Y>0.0610331334</Y>
      <Z>61.4752426</Z>
    </Rotation>
    <Handle>663810</Handle>
    <Bounds>
      <Vector3>
        <X>-2410.536</X>
        <Y>-244.156982</Y>
        <Z>14.4895649</Z>
      </Vector3>
      <Vector3>
        <X>-2409.5603</X>
        <Y>-242.362228</Y>
        <Z>14.4873886</Z>
      </Vector3>
      <Vector3>
        <X>-2415.02881</X>
        <Y>-241.714844</Y>
        <Z>14.6266546</Z>
      </Vector3>
      <Vector3>
        <X>-2410.50073</X>
        <Y>-244.174255</Y>
        <Z>15.9449387</Z>
      </Vector3>
      <Vector3>
        <X>-2414.05322</X>
        <Y>-239.920074</Y>
        <Z>14.6244783</Z>
      </Vector3>
      <Vector3>
        <X>-2409.52539</X>
        <Y>-242.379486</Y>
        <Z>15.9427624</Z>
      </Vector3>
      <Vector3>
        <X>-2414.99365</X>
        <Y>-241.7321</Y>
        <Z>16.0820274</Z>
      </Vector3>
      <Vector3>
        <X>-2414.01831</X>
        <Y>-239.937347</Y>
        <Z>16.0798512</Z>
      </Vector3>
    </Bounds>
    <CenterCamPosition>
      <X>0</X>
      <Y>0</Y>
    </CenterCamPosition>
    <ScreenBounds />
    <DistanceToCam>0</DistanceToCam>
    <Speed>7.860218</Speed>
    <AccInput>0</AccInput>
    <RPM>1.35798967</RPM>
    <Gear>0</Gear>
    <SteeringAngle>5.853084E-41</SteeringAngle>
    <WheelSpeed>0</WheelSpeed>
    <CarType>Sports</CarType>
  </MyCar>
  <Peds />
  <Time>136220</Time>
  <LastFrameTime>0.022592539</LastFrameTime>
  <MyProperty>0</MyProperty>
  <Weather>Clear</Weather>
  <Steering>127</Steering>
  <Acc>177</Acc>
  <Brake>169</Brake>
  <DayTime>15:16:13</DayTime>
  <Position>
    <X>-2413.15356</X>
    <Y>-241.569855</Y>
    <Z>16.21177</Z>
  </Position>
  <Rotation>
    <X>1.03275371</X>
    <Y>0.5601768</Y>
    <Z>61.48534</Z>
  </Rotation>
</Screenshot>