<?xml version="1.0" encoding="utf-8"?>
<Screenshot xmlns:xsd="http://www.w3.org/2001/XMLSchema" xmlns:xsi="http://www.w3.org/2001/XMLSchema-instance">
  <Cars />
  <MyCar>
    <Position>
      <X>-2412.824</X>
      <Y>-241.7502</Y>
      <Z>15.3011847</Z>
    </Position>
    <Rotation>
      <X>1.54476368</X>
      <Y>0.0624668375</Y>
      <Z>61.47772</Z>
    </Rotation>
    <Handle>663810</Handle>
    <Bounds>
      <Vector3>
        <X>-2411.08276</X>
        <Y>-243.859787</Y>
        <Z>14.505661</Z>
      </Vector3>
      <Vector3>
        <X>-2410.10742</X>
        <Y>-242.064987</Y>
        <Z>14.5034342</Z>
      </Vector3>
      <Vector3>
        <X>-2415.57568</X>
        <Y>-241.417847</Y>
        <Z>14.6435671</Z>
      </Vector3>
      <Vector3>
        <X>-2411.04736</X>
        <Y>-243.877136</Y>
        <Z>15.9610281</Z>
      </Vector3>
      <Vector3>
        <X>-2414.60034</X>
        <Y>-239.623047</Y>
        <Z>14.64134</Z>
      </Vector3>
      <Vector3>
        <X>-2410.072</X>
        <Y>-242.082336</Y>
        <Z>15.9588013</Z>
      </Vector3>
      <Vector3>
        <X>-2415.54053</X>
        <Y>-241.4352</Y>
        <Z>16.0989342</Z>
      </Vector3>
      <Vector3>
        <X>-2414.56519</X>
        <Y>-239.6404</Y>
        <Z>16.0967064</Z>
      </Vector3>
    </Bounds>
    <CenterCamPosition>
      <X>0</X>
      <Y>0</Y>
    </CenterCamPosition>
    <ScreenBounds />
    <DistanceToCam>0</DistanceToCam>
    <Speed>7.875825</Speed>
    <AccInput>0</AccInput>
    <RPM>1.35798967</RPM>
    <Gear>0</Gear>
    <SteeringAngle>5.853084E-41</SteeringAngle>
    <WheelSpeed>0</WheelSpeed>
    <CarType>Sports</CarType>
  </MyCar>
  <Peds />
  <Time>136299</Time>
  <LastFrameTime>0.0338627435</LastFrameTime>
  <MyProperty>0</MyProperty>
  <Weather>Clear</Weather>
  <Steering>126</Steering>
  <Acc>177</Acc>
  <Brake>169</Brake>
  <DayTime>15:16:13</DayTime>
  <Position>
    <X>-2413.62183</X>
    <Y>-241.315323</Y>
    <Z>16.2260761</Z>
  </Position>
  <Rotation>
    <X>1.04146075</X>
    <Y>0.5599618</Y>
    <Z>61.48535</Z>
  </Rotation>
</Screenshot>