<?xml version="1.0" encoding="utf-8"?>
<Screenshot xmlns:xsd="http://www.w3.org/2001/XMLSchema" xmlns:xsi="http://www.w3.org/2001/XMLSchema-instance">
  <Cars />
  <MyCar>
    <Position>
      <X>-2412.5896</X>
      <Y>-241.877457</Y>
      <Z>15.2941236</Z>
    </Position>
    <Rotation>
      <X>1.541411</X>
      <Y>0.06005438</Y>
      <Z>61.47518</Z>
    </Rotation>
    <Handle>663810</Handle>
    <Bounds>
      <Vector3>
        <X>-2410.84839</X>
        <Y>-243.987122</Y>
        <Z>14.4987049</Z>
      </Vector3>
      <Vector3>
        <X>-2409.8728</X>
        <Y>-242.192368</Y>
        <Z>14.4965639</Z>
      </Vector3>
      <Vector3>
        <X>-2415.34131</X>
        <Y>-241.544983</Y>
        <Z>14.6363125</Z>
      </Vector3>
      <Vector3>
        <X>-2410.81323</X>
        <Y>-244.004486</Y>
        <Z>15.9540749</Z>
      </Vector3>
      <Vector3>
        <X>-2414.36572</X>
        <Y>-239.750214</Y>
        <Z>14.6341715</Z>
      </Vector3>
      <Vector3>
        <X>-2409.838</X>
        <Y>-242.209717</Y>
        <Z>15.9519339</Z>
      </Vector3>
      <Vector3>
        <X>-2415.30615</X>
        <Y>-241.562332</Y>
        <Z>16.0916824</Z>
      </Vector3>
      <Vector3>
        <X>-2414.33081</X>
        <Y>-239.767578</Y>
        <Z>16.08954</Z>
      </Vector3>
    </Bounds>
    <CenterCamPosition>
      <X>0</X>
      <Y>0</Y>
    </CenterCamPosition>
    <ScreenBounds />
    <DistanceToCam>0</DistanceToCam>
    <Speed>7.869151</Speed>
    <AccInput>0</AccInput>
    <RPM>1.35798967</RPM>
    <Gear>0</Gear>
    <SteeringAngle>5.853084E-41</SteeringAngle>
    <WheelSpeed>0</WheelSpeed>
    <CarType>Sports</CarType>
  </MyCar>
  <Peds />
  <Time>136265</Time>
  <LastFrameTime>0.04520928</LastFrameTime>
  <MyProperty>0</MyProperty>
  <Weather>Clear</Weather>
  <Steering>127</Steering>
  <Acc>177</Acc>
  <Brake>169</Brake>
  <DayTime>15:16:13</DayTime>
  <Position>
    <X>-2413.30933</X>
    <Y>-241.485077</Y>
    <Z>16.2165432</Z>
  </Position>
  <Rotation>
    <X>1.03566384</X>
    <Y>0.5609414</Y>
    <Z>61.48538</Z>
  </Rotation>
</Screenshot>