<?xml version="1.0" encoding="utf-8"?>
<Screenshot xmlns:xsd="http://www.w3.org/2001/XMLSchema" xmlns:xsi="http://www.w3.org/2001/XMLSchema-instance">
  <Cars />
  <MyCar>
    <Position>
      <X>-2413.28735</X>
      <Y>-241.499</Y>
      <Z>15.31512</Z>
    </Position>
    <Rotation>
      <X>1.55137229</X>
      <Y>0.06673431</Y>
      <Z>61.49634</Z>
    </Rotation>
    <Handle>663810</Handle>
    <Bounds>
      <Vector3>
        <X>-2411.54541</X>
        <Y>-243.608032</Y>
        <Z>14.51938</Z>
      </Vector3>
      <Vector3>
        <X>-2410.5708</X>
        <Y>-241.812912</Y>
        <Z>14.517</Z>
      </Vector3>
      <Vector3>
        <X>-2416.03931</X>
        <Y>-241.167542</Y>
        <Z>14.6578751</Z>
      </Vector3>
      <Vector3>
        <X>-2411.51</X>
        <Y>-243.625351</Y>
        <Z>15.9747419</Z>
      </Vector3>
      <Vector3>
        <X>-2415.06445</X>
        <Y>-239.372421</Y>
        <Z>14.6554956</Z>
      </Vector3>
      <Vector3>
        <X>-2410.53516</X>
        <Y>-241.830231</Y>
        <Z>15.9723625</Z>
      </Vector3>
      <Vector3>
        <X>-2416.004</X>
        <Y>-241.18486</Y>
        <Z>16.1132374</Z>
      </Vector3>
      <Vector3>
        <X>-2415.029</X>
        <Y>-239.38974</Y>
        <Z>16.1108589</Z>
      </Vector3>
    </Bounds>
    <CenterCamPosition>
      <X>0</X>
      <Y>0</Y>
    </CenterCamPosition>
    <ScreenBounds />
    <DistanceToCam>0</DistanceToCam>
    <Speed>7.88896275</Speed>
    <AccInput>0</AccInput>
    <RPM>1.35798967</RPM>
    <Gear>0</Gear>
    <SteeringAngle>5.853084E-41</SteeringAngle>
    <WheelSpeed>0</WheelSpeed>
    <CarType>Sports</CarType>
  </MyCar>
  <Peds />
  <Time>136366</Time>
  <LastFrameTime>0.0190479476</LastFrameTime>
  <MyProperty>0</MyProperty>
  <Weather>Clear</Weather>
  <Steering>126</Steering>
  <Acc>177</Acc>
  <Brake>169</Brake>
  <DayTime>15:16:13</DayTime>
  <Position>
    <X>-2414.1875</X>
    <Y>-241.008667</Y>
    <Z>16.24326</Z>
  </Position>
  <Rotation>
    <X>1.04931891</X>
    <Y>0.565597951</Y>
    <Z>61.5001755</Z>
  </Rotation>
</Screenshot>