<?xml version="1.0" encoding="utf-8"?>
<Screenshot xmlns:xsd="http://www.w3.org/2001/XMLSchema" xmlns:xsi="http://www.w3.org/2001/XMLSchema-instance">
  <Cars />
  <MyCar>
    <Position>
      <X>-2413.15527</X>
      <Y>-241.570557</Y>
      <Z>15.3111448</Z>
    </Position>
    <Rotation>
      <X>1.54926777</X>
      <Y>0.06569275</Y>
      <Z>61.4898262</Z>
    </Rotation>
    <Handle>663810</Handle>
    <Bounds>
      <Vector3>
        <X>-2411.41357</X>
        <Y>-243.6798</Y>
        <Z>14.5154791</Z>
      </Vector3>
      <Vector3>
        <X>-2410.43872</X>
        <Y>-241.884781</Y>
        <Z>14.5131369</Z>
      </Vector3>
      <Vector3>
        <X>-2415.90723</X>
        <Y>-241.2388</Y>
        <Z>14.6537876</Z>
      </Vector3>
      <Vector3>
        <X>-2411.37817</X>
        <Y>-243.697113</Y>
        <Z>15.9708433</Z>
      </Vector3>
      <Vector3>
        <X>-2414.93213</X>
        <Y>-239.443787</Y>
        <Z>14.6514454</Z>
      </Vector3>
      <Vector3>
        <X>-2410.40332</X>
        <Y>-241.9021</Y>
        <Z>15.9685011</Z>
      </Vector3>
      <Vector3>
        <X>-2415.87183</X>
        <Y>-241.256119</Y>
        <Z>16.1091518</Z>
      </Vector3>
      <Vector3>
        <X>-2414.89673</X>
        <Y>-239.4611</Y>
        <Z>16.10681</Z>
      </Vector3>
    </Bounds>
    <CenterCamPosition>
      <X>0</X>
      <Y>0</Y>
    </CenterCamPosition>
    <ScreenBounds />
    <DistanceToCam>0</DistanceToCam>
    <Speed>7.88523</Speed>
    <AccInput>0</AccInput>
    <RPM>1.35798967</RPM>
    <Gear>0</Gear>
    <SteeringAngle>5.853084E-41</SteeringAngle>
    <WheelSpeed>0</WheelSpeed>
    <CarType>Sports</CarType>
  </MyCar>
  <Peds />
  <Time>136347</Time>
  <LastFrameTime>0.0478164442</LastFrameTime>
  <MyProperty>0</MyProperty>
  <Weather>Clear</Weather>
  <Steering>126</Steering>
  <Acc>177</Acc>
  <Brake>169</Brake>
  <DayTime>15:16:13</DayTime>
  <Position>
    <X>-2413.8562</X>
    <Y>-241.1881</Y>
    <Z>16.2332058</Z>
  </Position>
  <Rotation>
    <X>1.04481411</X>
    <Y>0.56237334</Y>
    <Z>61.48797</Z>
  </Rotation>
</Screenshot>