<?xml version="1.0" encoding="utf-8"?>
<Screenshot xmlns:xsd="http://www.w3.org/2001/XMLSchema" xmlns:xsi="http://www.w3.org/2001/XMLSchema-instance">
  <Cars />
  <MyCar>
    <Position>
      <X>-2413.991</X>
      <Y>-241.11879</Y>
      <Z>15.3363543</Z>
    </Position>
    <Rotation>
      <X>1.55777991</X>
      <Y>0.07233824</Y>
      <Z>61.55518</Z>
    </Rotation>
    <Handle>663810</Handle>
    <Bounds>
      <Vector3>
        <X>-2412.247</X>
        <Y>-243.226059</Y>
        <Z>14.54043</Z>
      </Vector3>
      <Vector3>
        <X>-2411.27417</X>
        <Y>-241.429947</Y>
        <Z>14.5378513</Z>
      </Vector3>
      <Vector3>
        <X>-2416.74341</X>
        <Y>-240.790192</Y>
        <Z>14.6794977</Z>
      </Vector3>
      <Vector3>
        <X>-2412.21143</X>
        <Y>-243.2433</Y>
        <Z>15.9957886</Z>
      </Vector3>
      <Vector3>
        <X>-2415.77051</X>
        <Y>-238.994064</Y>
        <Z>14.676919</Z>
      </Vector3>
      <Vector3>
        <X>-2411.23853</X>
        <Y>-241.447174</Y>
        <Z>15.9932089</Z>
      </Vector3>
      <Vector3>
        <X>-2416.70776</X>
        <Y>-240.807419</Y>
        <Z>16.1348553</Z>
      </Vector3>
      <Vector3>
        <X>-2415.73462</X>
        <Y>-239.0113</Y>
        <Z>16.1322765</Z>
      </Vector3>
    </Bounds>
    <CenterCamPosition>
      <X>0</X>
      <Y>0</Y>
    </CenterCamPosition>
    <ScreenBounds />
    <DistanceToCam>0</DistanceToCam>
    <Speed>7.908751</Speed>
    <AccInput>0</AccInput>
    <RPM>1.35798967</RPM>
    <Gear>0</Gear>
    <SteeringAngle>5.853084E-41</SteeringAngle>
    <WheelSpeed>0</WheelSpeed>
    <CarType>Sports</CarType>
  </MyCar>
  <Peds />
  <Time>136467</Time>
  <LastFrameTime>0.0309604779</LastFrameTime>
  <MyProperty>0</MyProperty>
  <Weather>Clear</Weather>
  <Steering>126</Steering>
  <Acc>177</Acc>
  <Brake>169</Brake>
  <DayTime>15:16:13</DayTime>
  <Position>
    <X>-2414.808</X>
    <Y>-240.673874</Y>
    <Z>16.2621136</Z>
  </Position>
  <Rotation>
    <X>1.05872154</X>
    <Y>0.5713644</Y>
    <Z>61.54432</Z>
  </Rotation>
</Screenshot>