<?xml version="1.0" encoding="utf-8"?>
<Screenshot xmlns:xsd="http://www.w3.org/2001/XMLSchema" xmlns:xsi="http://www.w3.org/2001/XMLSchema-instance">
  <Cars />
  <MyCar>
    <Position>
      <X>-2413.63062</X>
      <Y>-241.313339</Y>
      <Z>15.3254375</Z>
    </Position>
    <Rotation>
      <X>1.55610812</X>
      <Y>0.0698502138</Y>
      <Z>61.5212173</Z>
    </Rotation>
    <Handle>663810</Handle>
    <Bounds>
      <Vector3>
        <X>-2411.888</X>
        <Y>-243.421631</Y>
        <Z>14.5295429</Z>
      </Vector3>
      <Vector3>
        <X>-2410.91382</X>
        <Y>-241.626083</Y>
        <Z>14.5270529</Z>
      </Vector3>
      <Vector3>
        <X>-2416.38281</X>
        <Y>-240.9831</Y>
        <Z>14.6684618</Z>
      </Vector3>
      <Vector3>
        <X>-2411.85229</X>
        <Y>-243.438919</Y>
        <Z>15.9849033</Z>
      </Vector3>
      <Vector3>
        <X>-2415.40869</X>
        <Y>-239.187546</Y>
        <Z>14.6659718</Z>
      </Vector3>
      <Vector3>
        <X>-2410.87842</X>
        <Y>-241.643372</Y>
        <Z>15.9824133</Z>
      </Vector3>
      <Vector3>
        <X>-2416.34717</X>
        <Y>-241.000381</Y>
        <Z>16.1238213</Z>
      </Vector3>
      <Vector3>
        <X>-2415.373</X>
        <Y>-239.204834</Y>
        <Z>16.1213322</Z>
      </Vector3>
    </Bounds>
    <CenterCamPosition>
      <X>0</X>
      <Y>0</Y>
    </CenterCamPosition>
    <ScreenBounds />
    <DistanceToCam>0</DistanceToCam>
    <Speed>7.89868546</Speed>
    <AccInput>0</AccInput>
    <RPM>1.35798967</RPM>
    <Gear>0</Gear>
    <SteeringAngle>5.853084E-41</SteeringAngle>
    <WheelSpeed>0</WheelSpeed>
    <CarType>Sports</CarType>
  </MyCar>
  <Peds />
  <Time>136415</Time>
  <LastFrameTime>0.0494458452</LastFrameTime>
  <MyProperty>0</MyProperty>
  <Weather>Clear</Weather>
  <Steering>126</Steering>
  <Acc>177</Acc>
  <Brake>169</Brake>
  <DayTime>15:16:13</DayTime>
  <Position>
    <X>-2414.31958</X>
    <Y>-240.937225</Y>
    <Z>16.2472763</Z>
  </Position>
  <Rotation>
    <X>1.05142379</X>
    <Y>0.566638947</Y>
    <Z>61.5067329</Z>
  </Rotation>
</Screenshot>