<?xml version="1.0" encoding="utf-8"?>
<Screenshot xmlns:xsd="http://www.w3.org/2001/XMLSchema" xmlns:xsi="http://www.w3.org/2001/XMLSchema-instance">
  <Cars />
  <MyCar>
    <Position>
      <X>-2413.77563</X>
      <Y>-241.234985</Y>
      <Z>15.3298063</Z>
    </Position>
    <Rotation>
      <X>1.55866873</X>
      <Y>0.07146197</Y>
      <Z>61.5337639</Z>
    </Rotation>
    <Handle>663810</Handle>
    <Bounds>
      <Vector3>
        <X>-2412.03247</X>
        <Y>-243.3429</Y>
        <Z>14.5338278</Z>
      </Vector3>
      <Vector3>
        <X>-2411.05884</X>
        <Y>-241.547134</Y>
        <Z>14.53128</Z>
      </Vector3>
      <Vector3>
        <X>-2416.52783</X>
        <Y>-240.905334</Y>
        <Z>14.6729746</Z>
      </Vector3>
      <Vector3>
        <X>-2411.99683</X>
        <Y>-243.360168</Y>
        <Z>15.9891844</Z>
      </Vector3>
      <Vector3>
        <X>-2415.5542</X>
        <Y>-239.109589</Y>
        <Z>14.6704264</Z>
      </Vector3>
      <Vector3>
        <X>-2411.02319</X>
        <Y>-241.564423</Y>
        <Z>15.9866371</Z>
      </Vector3>
      <Vector3>
        <X>-2416.49219</X>
        <Y>-240.922623</Y>
        <Z>16.1283321</Z>
      </Vector3>
      <Vector3>
        <X>-2415.51855</X>
        <Y>-239.126862</Y>
        <Z>16.1257839</Z>
      </Vector3>
    </Bounds>
    <CenterCamPosition>
      <X>0</X>
      <Y>0</Y>
    </CenterCamPosition>
    <ScreenBounds />
    <DistanceToCam>0</DistanceToCam>
    <Speed>7.90276957</Speed>
    <AccInput>0</AccInput>
    <RPM>1.35798967</RPM>
    <Gear>0</Gear>
    <SteeringAngle>5.853084E-41</SteeringAngle>
    <WheelSpeed>0</WheelSpeed>
    <CarType>Sports</CarType>
  </MyCar>
  <Peds />
  <Time>136436</Time>
  <LastFrameTime>0.0208740812</LastFrameTime>
  <MyProperty>0</MyProperty>
  <Weather>Clear</Weather>
  <Steering>126</Steering>
  <Acc>177</Acc>
  <Brake>169</Brake>
  <DayTime>15:16:13</DayTime>
  <Position>
    <X>-2414.663</X>
    <Y>-240.752</Y>
    <Z>16.2576923</Z>
  </Position>
  <Rotation>
    <X>1.05616033</X>
    <Y>0.5697534</Y>
    <Z>61.5317154</Z>
  </Rotation>
</Screenshot>