<?xml version="1.0" encoding="utf-8"?>
<Screenshot xmlns:xsd="http://www.w3.org/2001/XMLSchema" xmlns:xsi="http://www.w3.org/2001/XMLSchema-instance">
  <Cars />
  <MyCar>
    <Position>
      <X>-2414.77637</X>
      <Y>-240.696518</Y>
      <Z>15.3602133</Z>
    </Position>
    <Rotation>
      <X>1.55276847</X>
      <Y>0.0745185</Y>
      <Z>61.6538544</Z>
    </Rotation>
    <Handle>663810</Handle>
    <Bounds>
      <Vector3>
        <X>-2413.02881</X>
        <Y>-242.800842</Y>
        <Z>14.56455</Z>
      </Vector3>
      <Vector3>
        <X>-2412.05884</X>
        <Y>-241.003052</Y>
        <Z>14.5618935</Z>
      </Vector3>
      <Vector3>
        <X>-2417.5293</X>
        <Y>-240.372711</Y>
        <Z>14.7031708</Z>
      </Vector3>
      <Vector3>
        <X>-2412.99316</X>
        <Y>-242.8179</Y>
        <Z>16.01991</Z>
      </Vector3>
      <Vector3>
        <X>-2416.55933</X>
        <Y>-238.574921</Y>
        <Z>14.7005138</Z>
      </Vector3>
      <Vector3>
        <X>-2412.02344</X>
        <Y>-241.020111</Y>
        <Z>16.0172539</Z>
      </Vector3>
      <Vector3>
        <X>-2417.49365</X>
        <Y>-240.389771</Y>
        <Z>16.1585312</Z>
      </Vector3>
      <Vector3>
        <X>-2416.52368</X>
        <Y>-238.59198</Y>
        <Z>16.1558762</Z>
      </Vector3>
    </Bounds>
    <CenterCamPosition>
      <X>0</X>
      <Y>0</Y>
    </CenterCamPosition>
    <ScreenBounds />
    <DistanceToCam>0</DistanceToCam>
    <Speed>7.930451</Speed>
    <AccInput>0</AccInput>
    <RPM>1.35798967</RPM>
    <Gear>0</Gear>
    <SteeringAngle>5.853084E-41</SteeringAngle>
    <WheelSpeed>0</WheelSpeed>
    <CarType>Sports</CarType>
  </MyCar>
  <Peds />
  <Time>136580</Time>
  <LastFrameTime>0.0470112078</LastFrameTime>
  <MyProperty>0</MyProperty>
  <Weather>Clear</Weather>
  <Steering>126</Steering>
  <Acc>177</Acc>
  <Brake>169</Brake>
  <DayTime>15:16:13</DayTime>
  <Position>
    <X>-2415.4812</X>
    <Y>-240.312927</Y>
    <Z>16.2824669</Z>
  </Position>
  <Rotation>
    <X>1.054438</X>
    <Y>0.573500335</Y>
    <Z>61.61996</Z>
  </Rotation>
</Screenshot>