<?xml version="1.0" encoding="utf-8"?>
<Screenshot xmlns:xsd="http://www.w3.org/2001/XMLSchema" xmlns:xsi="http://www.w3.org/2001/XMLSchema-instance">
  <Cars />
  <MyCar>
    <Position>
      <X>-2414.31616</X>
      <Y>-240.9437</Y>
      <Z>15.3462467</Z>
    </Position>
    <Rotation>
      <X>1.55510449</X>
      <Y>0.07372775</Y>
      <Z>61.5929756</Z>
    </Rotation>
    <Handle>663810</Handle>
    <Bounds>
      <Vector3>
        <X>-2412.5708</X>
        <Y>-243.04985</Y>
        <Z>14.5504656</Z>
      </Vector3>
      <Vector3>
        <X>-2411.599</X>
        <Y>-241.2531</Y>
        <Z>14.5478373</Z>
      </Vector3>
      <Vector3>
        <X>-2417.06885</X>
        <Y>-240.616928</Y>
        <Z>14.6892948</Z>
      </Vector3>
      <Vector3>
        <X>-2412.53516</X>
        <Y>-243.067</Y>
        <Z>16.005827</Z>
      </Vector3>
      <Vector3>
        <X>-2416.097</X>
        <Y>-238.820175</Y>
        <Z>14.6866665</Z>
      </Vector3>
      <Vector3>
        <X>-2411.56348</X>
        <Y>-241.270233</Y>
        <Z>16.0031986</Z>
      </Vector3>
      <Vector3>
        <X>-2417.0332</X>
        <Y>-240.634079</Y>
        <Z>16.1446552</Z>
      </Vector3>
      <Vector3>
        <X>-2416.06128</X>
        <Y>-238.837326</Y>
        <Z>16.1420269</Z>
      </Vector3>
    </Bounds>
    <CenterCamPosition>
      <X>0</X>
      <Y>0</Y>
    </CenterCamPosition>
    <ScreenBounds />
    <DistanceToCam>0</DistanceToCam>
    <Speed>7.91774654</Speed>
    <AccInput>0</AccInput>
    <RPM>1.35798967</RPM>
    <Gear>0</Gear>
    <SteeringAngle>5.853084E-41</SteeringAngle>
    <WheelSpeed>0</WheelSpeed>
    <CarType>Sports</CarType>
  </MyCar>
  <Peds />
  <Time>136514</Time>
  <LastFrameTime>0.04667391</LastFrameTime>
  <MyProperty>0</MyProperty>
  <Weather>Clear</Weather>
  <Steering>126</Steering>
  <Acc>177</Acc>
  <Brake>169</Brake>
  <DayTime>15:16:13</DayTime>
  <Position>
    <X>-2415.02368</X>
    <Y>-240.558044</Y>
    <Z>16.2686424</Z>
  </Position>
  <Rotation>
    <X>1.05783272</X>
    <Y>0.5722407</Y>
    <Z>61.5657425</Z>
  </Rotation>
</Screenshot>