<?xml version="1.0" encoding="utf-8"?>
<Screenshot xmlns:xsd="http://www.w3.org/2001/XMLSchema" xmlns:xsi="http://www.w3.org/2001/XMLSchema-instance">
  <Cars />
  <MyCar>
    <Position>
      <X>-2414.912</X>
      <Y>-240.623734</Y>
      <Z>15.364337</Z>
    </Position>
    <Rotation>
      <X>1.55167389</X>
      <Y>0.07448126</Y>
      <Z>61.6729927</Z>
    </Rotation>
    <Handle>663810</Handle>
    <Bounds>
      <Vector3>
        <X>-2413.16382</X>
        <Y>-242.727478</Y>
        <Z>14.5687218</Z>
      </Vector3>
      <Vector3>
        <X>-2412.19458</X>
        <Y>-240.929367</Y>
        <Z>14.5660658</Z>
      </Vector3>
      <Vector3>
        <X>-2417.665</X>
        <Y>-240.300842</Y>
        <Z>14.7072439</Z>
      </Vector3>
      <Vector3>
        <X>-2413.12817</X>
        <Y>-242.744522</Y>
        <Z>16.0240841</Z>
      </Vector3>
      <Vector3>
        <X>-2416.6958</X>
        <Y>-238.502731</Y>
        <Z>14.7045889</Z>
      </Vector3>
      <Vector3>
        <X>-2412.159</X>
        <Y>-240.946411</Y>
        <Z>16.02143</Z>
      </Vector3>
      <Vector3>
        <X>-2417.62964</X>
        <Y>-240.317886</Y>
        <Z>16.1626072</Z>
      </Vector3>
      <Vector3>
        <X>-2416.66016</X>
        <Y>-238.519775</Y>
        <Z>16.15995</Z>
      </Vector3>
    </Bounds>
    <CenterCamPosition>
      <X>0</X>
      <Y>0</Y>
    </CenterCamPosition>
    <ScreenBounds />
    <DistanceToCam>0</DistanceToCam>
    <Speed>7.934188</Speed>
    <AccInput>0</AccInput>
    <RPM>1.35798967</RPM>
    <Gear>0</Gear>
    <SteeringAngle>5.853084E-41</SteeringAngle>
    <WheelSpeed>0</WheelSpeed>
    <CarType>Sports</CarType>
  </MyCar>
  <Peds />
  <Time>136599</Time>
  <LastFrameTime>0.0194218624</LastFrameTime>
  <MyProperty>0</MyProperty>
  <Weather>Clear</Weather>
  <Steering>126</Steering>
  <Acc>177</Acc>
  <Brake>169</Brake>
  <DayTime>15:16:13</DayTime>
  <Position>
    <X>-2415.81</X>
    <Y>-240.137482</Y>
    <Z>16.2923985</Z>
  </Position>
  <Rotation>
    <X>1.0528214</X>
    <Y>0.574421465</Y>
    <Z>61.6644058</Z>
  </Rotation>
</Screenshot>