<?xml version="1.0" encoding="utf-8"?>
<Screenshot xmlns:xsd="http://www.w3.org/2001/XMLSchema" xmlns:xsi="http://www.w3.org/2001/XMLSchema-instance">
  <Cars />
  <MyCar>
    <Position>
      <X>-2414.448</X>
      <Y>-240.872742</Y>
      <Z>15.3502483</Z>
    </Position>
    <Rotation>
      <X>1.55438519</X>
      <Y>0.07359754</Y>
      <Z>61.60941</Z>
    </Rotation>
    <Handle>663810</Handle>
    <Bounds>
      <Vector3>
        <X>-2412.70215</X>
        <Y>-242.9784</Y>
        <Z>14.5544968</Z>
      </Vector3>
      <Vector3>
        <X>-2411.73071</X>
        <Y>-241.181366</Y>
        <Z>14.5518732</Z>
      </Vector3>
      <Vector3>
        <X>-2417.20068</X>
        <Y>-240.546768</Y>
        <Z>14.6932621</Z>
      </Vector3>
      <Vector3>
        <X>-2412.6665</X>
        <Y>-242.995529</Y>
        <Z>16.00986</Z>
      </Vector3>
      <Vector3>
        <X>-2416.22949</X>
        <Y>-238.749741</Y>
        <Z>14.6906376</Z>
      </Vector3>
      <Vector3>
        <X>-2411.69531</X>
        <Y>-241.1985</Y>
        <Z>16.0072346</Z>
      </Vector3>
      <Vector3>
        <X>-2417.165</X>
        <Y>-240.5639</Y>
        <Z>16.1486225</Z>
      </Vector3>
      <Vector3>
        <X>-2416.19385</X>
        <Y>-238.766876</Y>
        <Z>16.146</Z>
      </Vector3>
    </Bounds>
    <CenterCamPosition>
      <X>0</X>
      <Y>0</Y>
    </CenterCamPosition>
    <ScreenBounds />
    <DistanceToCam>0</DistanceToCam>
    <Speed>7.921389</Speed>
    <AccInput>0</AccInput>
    <RPM>1.35798967</RPM>
    <Gear>0</Gear>
    <SteeringAngle>5.853084E-41</SteeringAngle>
    <WheelSpeed>0</WheelSpeed>
    <CarType>Sports</CarType>
  </MyCar>
  <Peds />
  <Time>136533</Time>
  <LastFrameTime>0.0189232063</LastFrameTime>
  <MyProperty>0</MyProperty>
  <Weather>Clear</Weather>
  <Steering>126</Steering>
  <Acc>177</Acc>
  <Brake>169</Brake>
  <DayTime>15:16:13</DayTime>
  <Position>
    <X>-2415.349</X>
    <Y>-240.383591</Y>
    <Z>16.27848</Z>
  </Position>
  <Rotation>
    <X>1.05515718</X>
    <Y>0.5736304</Y>
    <Z>61.6035347</Z>
  </Rotation>
</Screenshot>