<?xml version="1.0" encoding="utf-8"?>
<Screenshot xmlns:xsd="http://www.w3.org/2001/XMLSchema" xmlns:xsi="http://www.w3.org/2001/XMLSchema-instance">
  <Cars />
  <MyCar>
    <Position>
      <X>-2415.14063</X>
      <Y>-240.5013</Y>
      <Z>15.3712673</Z>
    </Position>
    <Rotation>
      <X>1.5496949</X>
      <Y>0.07483648</Y>
      <Z>61.70482</Z>
    </Rotation>
    <Handle>663810</Handle>
    <Bounds>
      <Vector3>
        <X>-2413.391</X>
        <Y>-242.6041</Y>
        <Z>14.5757456</Z>
      </Vector3>
      <Vector3>
        <X>-2412.42285</X>
        <Y>-240.805435</Y>
        <Z>14.5730782</Z>
      </Vector3>
      <Vector3>
        <X>-2417.8938</X>
        <Y>-240.179947</Y>
        <Z>14.7140923</Z>
      </Vector3>
      <Vector3>
        <X>-2413.35571</X>
        <Y>-242.621078</Y>
        <Z>16.03111</Z>
      </Vector3>
      <Vector3>
        <X>-2416.92554</X>
        <Y>-238.3813</Y>
        <Z>14.7114239</Z>
      </Vector3>
      <Vector3>
        <X>-2412.38721</X>
        <Y>-240.822433</Y>
        <Z>16.0284424</Z>
      </Vector3>
      <Vector3>
        <X>-2417.85815</X>
        <Y>-240.196945</Y>
        <Z>16.1694565</Z>
      </Vector3>
      <Vector3>
        <X>-2416.89</X>
        <Y>-238.398285</Y>
        <Z>16.1667881</Z>
      </Vector3>
    </Bounds>
    <CenterCamPosition>
      <X>0</X>
      <Y>0</Y>
    </CenterCamPosition>
    <ScreenBounds />
    <DistanceToCam>0</DistanceToCam>
    <Speed>7.94048929</Speed>
    <AccInput>0</AccInput>
    <RPM>1.35798967</RPM>
    <Gear>0</Gear>
    <SteeringAngle>5.853084E-41</SteeringAngle>
    <WheelSpeed>0</WheelSpeed>
    <CarType>Sports</CarType>
  </MyCar>
  <Peds />
  <Time>136632</Time>
  <LastFrameTime>0.0326680765</LastFrameTime>
  <MyProperty>0</MyProperty>
  <Weather>Clear</Weather>
  <Steering>127</Steering>
  <Acc>177</Acc>
  <Brake>169</Brake>
  <DayTime>15:16:13</DayTime>
  <Position>
    <X>-2415.946</X>
    <Y>-240.065033</Y>
    <Z>16.2965012</Z>
  </Position>
  <Rotation>
    <X>1.0517267</X>
    <Y>0.574384451</Y>
    <Z>61.6835365</Z>
  </Rotation>
</Screenshot>