<?xml version="1.0" encoding="utf-8"?>
<Screenshot xmlns:xsd="http://www.w3.org/2001/XMLSchema" xmlns:xsi="http://www.w3.org/2001/XMLSchema-instance">
  <Cars />
  <MyCar>
    <Position>
      <X>-2415.267</X>
      <Y>-240.43364</Y>
      <Z>15.375104</Z>
    </Position>
    <Rotation>
      <X>1.54892063</X>
      <Y>0.07492308</Y>
      <Z>61.72184</Z>
    </Rotation>
    <Handle>663810</Handle>
    <Bounds>
      <Vector3>
        <X>-2413.517</X>
        <Y>-242.535919</Y>
        <Z>14.5796185</Z>
      </Vector3>
      <Vector3>
        <X>-2412.54932</X>
        <Y>-240.736984</Y>
        <Z>14.5769472</Z>
      </Vector3>
      <Vector3>
        <X>-2418.02026</X>
        <Y>-240.113113</Y>
        <Z>14.7178955</Z>
      </Vector3>
      <Vector3>
        <X>-2413.48145</X>
        <Y>-242.552887</Y>
        <Z>16.0349827</Z>
      </Vector3>
      <Vector3>
        <X>-2417.05273</X>
        <Y>-238.314178</Y>
        <Z>14.7152243</Z>
      </Vector3>
      <Vector3>
        <X>-2412.51367</X>
        <Y>-240.753952</Y>
        <Z>16.03231</Z>
      </Vector3>
      <Vector3>
        <X>-2417.98486</X>
        <Y>-240.130081</Y>
        <Z>16.17326</Z>
      </Vector3>
      <Vector3>
        <X>-2417.017</X>
        <Y>-238.331146</Y>
        <Z>16.1705875</Z>
      </Vector3>
    </Bounds>
    <CenterCamPosition>
      <X>0</X>
      <Y>0</Y>
    </CenterCamPosition>
    <ScreenBounds />
    <DistanceToCam>0</DistanceToCam>
    <Speed>7.94397068</Speed>
    <AccInput>0</AccInput>
    <RPM>1.35798967</RPM>
    <Gear>0</Gear>
    <SteeringAngle>5.853084E-41</SteeringAngle>
    <WheelSpeed>0</WheelSpeed>
    <CarType>Sports</CarType>
  </MyCar>
  <Peds />
  <Time>136650</Time>
  <LastFrameTime>0.0180512536</LastFrameTime>
  <MyProperty>0</MyProperty>
  <Weather>Clear</Weather>
  <Steering>127</Steering>
  <Acc>177</Acc>
  <Brake>169</Brake>
  <DayTime>15:16:13</DayTime>
  <Position>
    <X>-2416.1748</X>
    <Y>-239.943161</Y>
    <Z>16.30339</Z>
  </Position>
  <Rotation>
    <X>1.04974759</X>
    <Y>0.574740052</Y>
    <Z>61.7153473</Z>
  </Rotation>
</Screenshot>