<?xml version="1.0" encoding="utf-8"?>
<Screenshot xmlns:xsd="http://www.w3.org/2001/XMLSchema" xmlns:xsi="http://www.w3.org/2001/XMLSchema-instance">
  <Cars />
  <MyCar>
    <Position>
      <X>-2415.59326</X>
      <Y>-240.258972</Y>
      <Z>15.3849888</Z>
    </Position>
    <Rotation>
      <X>1.54800272</X>
      <Y>0.0749820545</Y>
      <Z>61.75919</Z>
    </Rotation>
    <Handle>663810</Handle>
    <Bounds>
      <Vector3>
        <X>-2413.8418</X>
        <Y>-242.360123</Y>
        <Z>14.5895452</Z>
      </Vector3>
      <Vector3>
        <X>-2412.87524</X>
        <Y>-240.560547</Y>
        <Z>14.5868711</Z>
      </Vector3>
      <Vector3>
        <X>-2418.34668</X>
        <Y>-239.940247</Y>
        <Z>14.72774</Z>
      </Vector3>
      <Vector3>
        <X>-2413.80615</X>
        <Y>-242.377045</Y>
        <Z>16.04491</Z>
      </Vector3>
      <Vector3>
        <X>-2417.38013</X>
        <Y>-238.140686</Y>
        <Z>14.7250671</Z>
      </Vector3>
      <Vector3>
        <X>-2412.8396</X>
        <Y>-240.577484</Y>
        <Z>16.0422382</Z>
      </Vector3>
      <Vector3>
        <X>-2418.31128</X>
        <Y>-239.957184</Y>
        <Z>16.1831055</Z>
      </Vector3>
      <Vector3>
        <X>-2417.34473</X>
        <Y>-238.157608</Y>
        <Z>16.1804333</Z>
      </Vector3>
    </Bounds>
    <CenterCamPosition>
      <X>0</X>
      <Y>0</Y>
    </CenterCamPosition>
    <ScreenBounds />
    <DistanceToCam>0</DistanceToCam>
    <Speed>7.952982</Speed>
    <AccInput>0</AccInput>
    <RPM>1.35798967</RPM>
    <Gear>0</Gear>
    <SteeringAngle>5.853084E-41</SteeringAngle>
    <WheelSpeed>0</WheelSpeed>
    <CarType>Sports</CarType>
  </MyCar>
  <Peds />
  <Time>136697</Time>
  <LastFrameTime>0.0465572365</LastFrameTime>
  <MyProperty>0</MyProperty>
  <Weather>Clear</Weather>
  <Steering>127</Steering>
  <Acc>177</Acc>
  <Brake>169</Brake>
  <DayTime>15:16:13</DayTime>
  <Position>
    <X>-2416.30151</X>
    <Y>-239.8758</Y>
    <Z>16.30721</Z>
  </Position>
  <Rotation>
    <X>1.0489732</X>
    <Y>0.5748267</Y>
    <Z>61.73236</Z>
  </Rotation>
</Screenshot>