<?xml version="1.0" encoding="utf-8"?>
<Screenshot xmlns:xsd="http://www.w3.org/2001/XMLSchema" xmlns:xsi="http://www.w3.org/2001/XMLSchema-instance">
  <Cars />
  <MyCar>
    <Position>
      <X>-2416.1936</X>
      <Y>-239.937561</Y>
      <Z>15.40319</Z>
    </Position>
    <Rotation>
      <X>1.54648936</X>
      <Y>0.06916966</Y>
      <Z>61.8037071</Z>
    </Rotation>
    <Handle>663810</Handle>
    <Bounds>
      <Vector3>
        <X>-2414.44043</X>
        <Y>-242.037277</Y>
        <Z>14.6077089</Z>
      </Vector3>
      <Vector3>
        <X>-2413.47534</X>
        <Y>-240.236969</Y>
        <Z>14.6052427</Z>
      </Vector3>
      <Vector3>
        <X>-2418.94727</X>
        <Y>-239.620926</Y>
        <Z>14.7457695</Z>
      </Vector3>
      <Vector3>
        <X>-2414.405</X>
        <Y>-242.0543</Y>
        <Z>16.0630741</Z>
      </Vector3>
      <Vector3>
        <X>-2417.98218</X>
        <Y>-237.8206</Y>
        <Z>14.7433033</Z>
      </Vector3>
      <Vector3>
        <X>-2413.4397</X>
        <Y>-240.253983</Y>
        <Z>16.06061</Z>
      </Vector3>
      <Vector3>
        <X>-2418.91187</X>
        <Y>-239.637939</Y>
        <Z>16.2011356</Z>
      </Vector3>
      <Vector3>
        <X>-2417.94653</X>
        <Y>-237.837616</Y>
        <Z>16.19867</Z>
      </Vector3>
    </Bounds>
    <CenterCamPosition>
      <X>0</X>
      <Y>0</Y>
    </CenterCamPosition>
    <ScreenBounds />
    <DistanceToCam>0</DistanceToCam>
    <Speed>7.9694767</Speed>
    <AccInput>0</AccInput>
    <RPM>1.35798967</RPM>
    <Gear>0</Gear>
    <SteeringAngle>5.853084E-41</SteeringAngle>
    <WheelSpeed>0</WheelSpeed>
    <CarType>Sports</CarType>
  </MyCar>
  <Peds />
  <Time>136781</Time>
  <LastFrameTime>0.06666667</LastFrameTime>
  <MyProperty>0</MyProperty>
  <Weather>Clear</Weather>
  <Steering>127</Steering>
  <Acc>177</Acc>
  <Brake>169</Brake>
  <DayTime>15:16:13</DayTime>
  <Position>
    <X>-2416.7605</X>
    <Y>-239.631256</Y>
    <Z>16.3210754</Z>
  </Position>
  <Rotation>
    <X>1.04773152</X>
    <Y>0.5750109</Y>
    <Z>61.7830467</Z>
  </Rotation>
</Screenshot>