<?xml version="1.0" encoding="utf-8"?>
<Screenshot xmlns:xsd="http://www.w3.org/2001/XMLSchema" xmlns:xsi="http://www.w3.org/2001/XMLSchema-instance">
  <Cars />
  <MyCar>
    <Position>
      <X>-2415.72559</X>
      <Y>-240.1882</Y>
      <Z>15.3889942</Z>
    </Position>
    <Rotation>
      <X>1.54767883</X>
      <Y>0.07510718</Y>
      <Z>61.7725334</Z>
    </Rotation>
    <Handle>663810</Handle>
    <Bounds>
      <Vector3>
        <X>-2413.97363</X>
        <Y>-242.28894</Y>
        <Z>14.5935669</Z>
      </Vector3>
      <Vector3>
        <X>-2413.00757</X>
        <Y>-240.489151</Y>
        <Z>14.590889</Z>
      </Vector3>
      <Vector3>
        <X>-2418.47925</X>
        <Y>-239.870132</Y>
        <Z>14.7317333</Z>
      </Vector3>
      <Vector3>
        <X>-2413.938</X>
        <Y>-242.305862</Y>
        <Z>16.048933</Z>
      </Vector3>
      <Vector3>
        <X>-2417.513</X>
        <Y>-238.070328</Y>
        <Z>14.7290554</Z>
      </Vector3>
      <Vector3>
        <X>-2412.972</X>
        <Y>-240.506058</Y>
        <Z>16.0462551</Z>
      </Vector3>
      <Vector3>
        <X>-2418.4436</X>
        <Y>-239.887039</Y>
        <Z>16.1871</Z>
      </Vector3>
      <Vector3>
        <X>-2417.47754</X>
        <Y>-238.08725</Y>
        <Z>16.1844215</Z>
      </Vector3>
    </Bounds>
    <CenterCamPosition>
      <X>0</X>
      <Y>0</Y>
    </CenterCamPosition>
    <ScreenBounds />
    <DistanceToCam>0</DistanceToCam>
    <Speed>7.95661736</Speed>
    <AccInput>0</AccInput>
    <RPM>1.35798967</RPM>
    <Gear>0</Gear>
    <SteeringAngle>5.853084E-41</SteeringAngle>
    <WheelSpeed>0</WheelSpeed>
    <CarType>Sports</CarType>
  </MyCar>
  <Peds />
  <Time>136715</Time>
  <LastFrameTime>0.0188543182</LastFrameTime>
  <MyProperty>0</MyProperty>
  <Weather>Clear</Weather>
  <Steering>127</Steering>
  <Acc>177</Acc>
  <Brake>169</Brake>
  <DayTime>15:16:13</DayTime>
  <Position>
    <X>-2416.628</X>
    <Y>-239.7018</Y>
    <Z>16.3170776</Z>
  </Position>
  <Rotation>
    <X>1.04805529</X>
    <Y>0.574885845</Y>
    <Z>61.7697067</Z>
  </Rotation>
</Screenshot>