<?xml version="1.0" encoding="utf-8"?>
<Screenshot xmlns:xsd="http://www.w3.org/2001/XMLSchema" xmlns:xsi="http://www.w3.org/2001/XMLSchema-instance">
  <Cars />
  <MyCar>
    <Position>
      <X>-2416.529</X>
      <Y>-239.75795</Y>
      <Z>15.4133749</Z>
    </Position>
    <Rotation>
      <X>1.54409122</X>
      <Y>0.07029521</Y>
      <Z>61.81638</Z>
    </Rotation>
    <Handle>663810</Handle>
    <Bounds>
      <Vector3>
        <X>-2414.77539</X>
        <Y>-241.857315</Y>
        <Z>14.618021</Z>
      </Vector3>
      <Vector3>
        <X>-2413.81055</X>
        <Y>-240.056778</Y>
        <Z>14.6155148</Z>
      </Vector3>
      <Vector3>
        <X>-2419.28271</X>
        <Y>-239.441956</Y>
        <Z>14.755867</Z>
      </Vector3>
      <Vector3>
        <X>-2414.74</X>
        <Y>-241.874268</Y>
        <Z>16.07339</Z>
      </Vector3>
      <Vector3>
        <X>-2418.318</X>
        <Y>-237.641418</Y>
        <Z>14.7533607</Z>
      </Vector3>
      <Vector3>
        <X>-2413.77515</X>
        <Y>-240.07373</Y>
        <Z>16.0708828</Z>
      </Vector3>
      <Vector3>
        <X>-2419.24731</X>
        <Y>-239.458908</Y>
        <Z>16.211235</Z>
      </Vector3>
      <Vector3>
        <X>-2418.28247</X>
        <Y>-237.658371</Y>
        <Z>16.2087288</Z>
      </Vector3>
    </Bounds>
    <CenterCamPosition>
      <X>0</X>
      <Y>0</Y>
    </CenterCamPosition>
    <ScreenBounds />
    <DistanceToCam>0</DistanceToCam>
    <Speed>7.97865152</Speed>
    <AccInput>0</AccInput>
    <RPM>1.35798967</RPM>
    <Gear>0</Gear>
    <SteeringAngle>5.853084E-41</SteeringAngle>
    <WheelSpeed>0</WheelSpeed>
    <CarType>Sports</CarType>
  </MyCar>
  <Peds />
  <Time>136829</Time>
  <LastFrameTime>0.04770722</LastFrameTime>
  <MyProperty>0</MyProperty>
  <Weather>Clear</Weather>
  <Steering>127</Steering>
  <Acc>177</Acc>
  <Brake>169</Brake>
  <DayTime>15:16:13</DayTime>
  <Position>
    <X>-2417.22876</X>
    <Y>-239.381256</Y>
    <Z>16.335247</Z>
  </Position>
  <Rotation>
    <X>1.046541</X>
    <Y>0.5690748</Y>
    <Z>61.8141</Z>
  </Rotation>
</Screenshot>