<?xml version="1.0" encoding="utf-8"?>
<Screenshot xmlns:xsd="http://www.w3.org/2001/XMLSchema" xmlns:xsi="http://www.w3.org/2001/XMLSchema-instance">
  <Cars />
  <MyCar>
    <Position>
      <X>-2416.896</X>
      <Y>-239.561356</Y>
      <Z>15.424571</Z>
    </Position>
    <Rotation>
      <X>1.55223441</X>
      <Y>0.06662681</Y>
      <Z>61.8238144</Z>
    </Rotation>
    <Handle>663810</Handle>
    <Bounds>
      <Vector3>
        <X>-2415.142</X>
        <Y>-241.6604</Y>
        <Z>14.6287909</Z>
      </Vector3>
      <Vector3>
        <X>-2414.17773</X>
        <Y>-239.859741</Y>
        <Z>14.6264153</Z>
      </Vector3>
      <Vector3>
        <X>-2419.65</X>
        <Y>-239.245636</Y>
        <Z>14.7673635</Z>
      </Vector3>
      <Vector3>
        <X>-2415.10669</X>
        <Y>-241.677521</Y>
        <Z>16.0841522</Z>
      </Vector3>
      <Vector3>
        <X>-2418.6853</X>
        <Y>-237.444977</Y>
        <Z>14.7649879</Z>
      </Vector3>
      <Vector3>
        <X>-2414.142</X>
        <Y>-239.876862</Y>
        <Z>16.0817776</Z>
      </Vector3>
      <Vector3>
        <X>-2419.61426</X>
        <Y>-239.262756</Y>
        <Z>16.2227249</Z>
      </Vector3>
      <Vector3>
        <X>-2418.64966</X>
        <Y>-237.4621</Y>
        <Z>16.22035</Z>
      </Vector3>
    </Bounds>
    <CenterCamPosition>
      <X>0</X>
      <Y>0</Y>
    </CenterCamPosition>
    <ScreenBounds />
    <DistanceToCam>0</DistanceToCam>
    <Speed>7.9898386</Speed>
    <AccInput>0</AccInput>
    <RPM>1.35798967</RPM>
    <Gear>0</Gear>
    <SteeringAngle>5.853084E-41</SteeringAngle>
    <WheelSpeed>0</WheelSpeed>
    <CarType>Sports</CarType>
  </MyCar>
  <Peds />
  <Time>136881</Time>
  <LastFrameTime>0.0191844814</LastFrameTime>
  <MyProperty>0</MyProperty>
  <Weather>Clear</Weather>
  <Steering>127</Steering>
  <Acc>177</Acc>
  <Brake>169</Brake>
  <DayTime>15:16:13</DayTime>
  <Position>
    <X>-2417.79639</X>
    <Y>-239.077744</Y>
    <Z>16.3525658</Z>
  </Position>
  <Rotation>
    <X>1.04800427</X>
    <Y>0.5707889</Y>
    <Z>61.8316422</Z>
  </Rotation>
</Screenshot>