<?xml version="1.0" encoding="utf-8"?>
<Screenshot xmlns:xsd="http://www.w3.org/2001/XMLSchema" xmlns:xsi="http://www.w3.org/2001/XMLSchema-instance">
  <Cars />
  <MyCar>
    <Position>
      <X>-2416.761</X>
      <Y>-239.633743</Y>
      <Z>15.4204788</Z>
    </Position>
    <Rotation>
      <X>1.54795241</X>
      <Y>0.07088442</Y>
      <Z>61.8212</Z>
    </Rotation>
    <Handle>663810</Handle>
    <Bounds>
      <Vector3>
        <X>-2415.00732</X>
        <Y>-241.732941</Y>
        <Z>14.6249638</Z>
      </Vector3>
      <Vector3>
        <X>-2414.04248</X>
        <Y>-239.932327</Y>
        <Z>14.6224365</Z>
      </Vector3>
      <Vector3>
        <X>-2419.515</X>
        <Y>-239.317963</Y>
        <Z>14.763155</Z>
      </Vector3>
      <Vector3>
        <X>-2414.97168</X>
        <Y>-241.749924</Y>
        <Z>16.08033</Z>
      </Vector3>
      <Vector3>
        <X>-2418.55</X>
        <Y>-237.517349</Y>
        <Z>14.7606277</Z>
      </Vector3>
      <Vector3>
        <X>-2414.007</X>
        <Y>-239.94931</Y>
        <Z>16.0778027</Z>
      </Vector3>
      <Vector3>
        <X>-2419.47925</X>
        <Y>-239.334946</Y>
        <Z>16.2185211</Z>
      </Vector3>
      <Vector3>
        <X>-2418.51465</X>
        <Y>-237.534332</Y>
        <Z>16.2159939</Z>
      </Vector3>
    </Bounds>
    <CenterCamPosition>
      <X>0</X>
      <Y>0</Y>
    </CenterCamPosition>
    <ScreenBounds />
    <DistanceToCam>0</DistanceToCam>
    <Speed>7.984965</Speed>
    <AccInput>0</AccInput>
    <RPM>1.35798967</RPM>
    <Gear>0</Gear>
    <SteeringAngle>5.853084E-41</SteeringAngle>
    <WheelSpeed>0</WheelSpeed>
    <CarType>Sports</CarType>
  </MyCar>
  <Peds />
  <Time>136862</Time>
  <LastFrameTime>0.0329563469</LastFrameTime>
  <MyProperty>0</MyProperty>
  <Weather>Clear</Weather>
  <Steering>127</Steering>
  <Acc>177</Acc>
  <Brake>169</Brake>
  <DayTime>15:16:13</DayTime>
  <Position>
    <X>-2417.56445</X>
    <Y>-239.201843</Y>
    <Z>16.3453827</Z>
  </Position>
  <Rotation>
    <X>1.04414284</X>
    <Y>0.5702005</Y>
    <Z>61.826767</Z>
  </Rotation>
</Screenshot>