<?xml version="1.0" encoding="utf-8"?>
<Screenshot xmlns:xsd="http://www.w3.org/2001/XMLSchema" xmlns:xsi="http://www.w3.org/2001/XMLSchema-instance">
  <Cars />
  <MyCar>
    <Position>
      <X>-2417.70239</X>
      <Y>-239.129166</Y>
      <Z>15.4492807</Z>
    </Position>
    <Rotation>
      <X>1.56578541</X>
      <Y>0.06394947</Y>
      <Z>61.8287621</Z>
    </Rotation>
    <Handle>663810</Handle>
    <Bounds>
      <Vector3>
        <X>-2415.94849</X>
        <Y>-241.227936</Y>
        <Z>14.652853</Z>
      </Vector3>
      <Vector3>
        <X>-2414.98413</X>
        <Y>-239.427185</Y>
        <Z>14.6505728</Z>
      </Vector3>
      <Vector3>
        <X>-2420.4563</X>
        <Y>-238.813583</Y>
        <Z>14.792635</Z>
      </Vector3>
      <Vector3>
        <X>-2415.9126</X>
        <Y>-241.245285</Y>
        <Z>16.1082058</Z>
      </Vector3>
      <Vector3>
        <X>-2419.492</X>
        <Y>-237.012833</Y>
        <Z>14.7903547</Z>
      </Vector3>
      <Vector3>
        <X>-2414.94824</X>
        <Y>-239.444534</Y>
        <Z>16.1059246</Z>
      </Vector3>
      <Vector3>
        <X>-2420.42065</X>
        <Y>-238.830933</Y>
        <Z>16.2479877</Z>
      </Vector3>
      <Vector3>
        <X>-2419.456</X>
        <Y>-237.030182</Y>
        <Z>16.2457085</Z>
      </Vector3>
    </Bounds>
    <CenterCamPosition>
      <X>0</X>
      <Y>0</Y>
    </CenterCamPosition>
    <ScreenBounds />
    <DistanceToCam>0</DistanceToCam>
    <Speed>8.014051</Speed>
    <AccInput>0</AccInput>
    <RPM>1.35798967</RPM>
    <Gear>0</Gear>
    <SteeringAngle>5.853084E-41</SteeringAngle>
    <WheelSpeed>0</WheelSpeed>
    <CarType>Sports</CarType>
  </MyCar>
  <Peds />
  <Time>136995</Time>
  <LastFrameTime>0.0479514264</LastFrameTime>
  <MyProperty>0</MyProperty>
  <Weather>Clear</Weather>
  <Steering>127</Steering>
  <Acc>177</Acc>
  <Brake>169</Brake>
  <DayTime>15:16:13</DayTime>
  <Position>
    <X>-2418.39941</X>
    <Y>-238.754852</Y>
    <Z>16.37128</Z>
  </Position>
  <Rotation>
    <X>1.06127524</X>
    <Y>0.564025164</Y>
    <Z>61.8383179</Z>
  </Rotation>
</Screenshot>