<?xml version="1.0" encoding="utf-8"?>
<Screenshot xmlns:xsd="http://www.w3.org/2001/XMLSchema" xmlns:xsi="http://www.w3.org/2001/XMLSchema-instance">
  <Cars />
  <MyCar>
    <Position>
      <X>-2417.23413</X>
      <Y>-239.380219</Y>
      <Z>15.4349422</Z>
    </Position>
    <Rotation>
      <X>1.55886388</X>
      <Y>0.06389452</Y>
      <Z>61.8270874</Z>
    </Rotation>
    <Handle>663810</Handle>
    <Bounds>
      <Vector3>
        <X>-2415.48022</X>
        <Y>-241.47908</Y>
        <Z>14.63882</Z>
      </Vector3>
      <Vector3>
        <X>-2414.51587</X>
        <Y>-239.67836</Y>
        <Z>14.6365414</Z>
      </Vector3>
      <Vector3>
        <X>-2419.988</X>
        <Y>-239.06459</Y>
        <Z>14.7779837</Z>
      </Vector3>
      <Vector3>
        <X>-2415.44458</X>
        <Y>-241.496353</Y>
        <Z>16.0941772</Z>
      </Vector3>
      <Vector3>
        <X>-2419.02368</X>
        <Y>-237.26387</Y>
        <Z>14.7757063</Z>
      </Vector3>
      <Vector3>
        <X>-2414.48022</X>
        <Y>-239.695633</Y>
        <Z>16.0919</Z>
      </Vector3>
      <Vector3>
        <X>-2419.95239</X>
        <Y>-239.081863</Y>
        <Z>16.2333431</Z>
      </Vector3>
      <Vector3>
        <X>-2418.98779</X>
        <Y>-237.281143</Y>
        <Z>16.2310638</Z>
      </Vector3>
    </Bounds>
    <CenterCamPosition>
      <X>0</X>
      <Y>0</Y>
    </CenterCamPosition>
    <ScreenBounds />
    <DistanceToCam>0</DistanceToCam>
    <Speed>8.00019</Speed>
    <AccInput>0</AccInput>
    <RPM>1.35798967</RPM>
    <Gear>0</Gear>
    <SteeringAngle>5.853084E-41</SteeringAngle>
    <WheelSpeed>0</WheelSpeed>
    <CarType>Sports</CarType>
  </MyCar>
  <Peds />
  <Time>136929</Time>
  <LastFrameTime>0.0479706675</LastFrameTime>
  <MyProperty>0</MyProperty>
  <Weather>Clear</Weather>
  <Steering>127</Steering>
  <Acc>177</Acc>
  <Brake>169</Brake>
  <DayTime>15:16:13</DayTime>
  <Position>
    <X>-2417.9314</X>
    <Y>-239.0055</Y>
    <Z>16.3567467</Z>
  </Position>
  <Rotation>
    <X>1.05228591</X>
    <Y>0.5665312</Y>
    <Z>61.8342171</Z>
  </Rotation>
</Screenshot>