<?xml version="1.0" encoding="utf-8"?>
<Screenshot xmlns:xsd="http://www.w3.org/2001/XMLSchema" xmlns:xsi="http://www.w3.org/2001/XMLSchema-instance">
  <Cars />
  <MyCar>
    <Position>
      <X>-2417.364</X>
      <Y>-239.310532</Y>
      <Z>15.438921</Z>
    </Position>
    <Rotation>
      <X>1.56122375</X>
      <Y>0.06412189</Y>
      <Z>61.8278732</Z>
    </Rotation>
    <Handle>663810</Handle>
    <Bounds>
      <Vector3>
        <X>-2415.61</X>
        <Y>-241.409363</Y>
        <Z>14.6426983</Z>
      </Vector3>
      <Vector3>
        <X>-2414.64575</X>
        <Y>-239.608627</Y>
        <Z>14.6404114</Z>
      </Vector3>
      <Vector3>
        <X>-2420.118</X>
        <Y>-238.994934</Y>
        <Z>14.782073</Z>
      </Vector3>
      <Vector3>
        <X>-2415.57446</X>
        <Y>-241.426651</Y>
        <Z>16.0980549</Z>
      </Vector3>
      <Vector3>
        <X>-2419.15356</X>
        <Y>-237.1942</Y>
        <Z>14.7797871</Z>
      </Vector3>
      <Vector3>
        <X>-2414.60986</X>
        <Y>-239.625916</Y>
        <Z>16.095768</Z>
      </Vector3>
      <Vector3>
        <X>-2420.08228</X>
        <Y>-239.012222</Y>
        <Z>16.23743</Z>
      </Vector3>
      <Vector3>
        <X>-2419.11768</X>
        <Y>-237.211487</Y>
        <Z>16.2351437</Z>
      </Vector3>
    </Bounds>
    <CenterCamPosition>
      <X>0</X>
      <Y>0</Y>
    </CenterCamPosition>
    <ScreenBounds />
    <DistanceToCam>0</DistanceToCam>
    <Speed>8.004083</Speed>
    <AccInput>0</AccInput>
    <RPM>1.35798967</RPM>
    <Gear>0</Gear>
    <SteeringAngle>5.853084E-41</SteeringAngle>
    <WheelSpeed>0</WheelSpeed>
    <CarType>Sports</CarType>
  </MyCar>
  <Peds />
  <Time>136947</Time>
  <LastFrameTime>0.0184444077</LastFrameTime>
  <MyProperty>0</MyProperty>
  <Weather>Clear</Weather>
  <Steering>127</Steering>
  <Acc>177</Acc>
  <Brake>169</Brake>
  <DayTime>15:16:13</DayTime>
  <Position>
    <X>-2418.26953</X>
    <Y>-238.824509</Y>
    <Z>16.3672523</Z>
  </Position>
  <Rotation>
    <X>1.0589149</X>
    <Y>0.563798249</Y>
    <Z>61.8375053</Z>
  </Rotation>
</Screenshot>