<?xml version="1.0" encoding="utf-8"?>
<Screenshot xmlns:xsd="http://www.w3.org/2001/XMLSchema" xmlns:xsi="http://www.w3.org/2001/XMLSchema-instance">
  <Cars />
  <MyCar>
    <Position>
      <X>-2418.329</X>
      <Y>-238.793274</Y>
      <Z>15.4684734</Z>
    </Position>
    <Rotation>
      <X>1.57476735</X>
      <Y>0.0637498945</Y>
      <Z>61.8288155</Z>
    </Rotation>
    <Handle>663810</Handle>
    <Bounds>
      <Vector3>
        <X>-2416.57544</X>
        <Y>-240.891983</Y>
        <Z>14.6716442</Z>
      </Vector3>
      <Vector3>
        <X>-2415.61084</X>
        <Y>-239.091232</Y>
        <Z>14.6693716</Z>
      </Vector3>
      <Vector3>
        <X>-2421.08325</X>
        <Y>-238.477646</Y>
        <Z>14.8122282</Z>
      </Vector3>
      <Vector3>
        <X>-2416.53931</X>
        <Y>-240.909439</Y>
        <Z>16.1269913</Z>
      </Vector3>
      <Vector3>
        <X>-2420.119</X>
        <Y>-236.6769</Y>
        <Z>14.8099546</Z>
      </Vector3>
      <Vector3>
        <X>-2415.575</X>
        <Y>-239.108688</Y>
        <Z>16.12472</Z>
      </Vector3>
      <Vector3>
        <X>-2421.047</X>
        <Y>-238.4951</Y>
        <Z>16.2675762</Z>
      </Vector3>
      <Vector3>
        <X>-2420.08276</X>
        <Y>-236.694351</Y>
        <Z>16.2653027</Z>
      </Vector3>
    </Bounds>
    <CenterCamPosition>
      <X>0</X>
      <Y>0</Y>
    </CenterCamPosition>
    <ScreenBounds />
    <DistanceToCam>0</DistanceToCam>
    <Speed>8.031968</Speed>
    <AccInput>0</AccInput>
    <RPM>1.35798967</RPM>
    <Gear>0</Gear>
    <SteeringAngle>5.853084E-41</SteeringAngle>
    <WheelSpeed>0</WheelSpeed>
    <CarType>Sports</CarType>
  </MyCar>
  <Peds />
  <Time>137084</Time>
  <LastFrameTime>0.02148724</LastFrameTime>
  <MyProperty>0</MyProperty>
  <Weather>Clear</Weather>
  <Steering>127</Steering>
  <Acc>177</Acc>
  <Brake>169</Brake>
  <DayTime>15:16:13</DayTime>
  <Position>
    <X>-2419.2124</X>
    <Y>-238.319168</Y>
    <Z>16.3964062</Z>
  </Position>
  <Rotation>
    <X>1.07239223</X>
    <Y>0.5635508</Y>
    <Z>61.83945</Z>
  </Rotation>
</Screenshot>