<?xml version="1.0" encoding="utf-8"?>
<Screenshot xmlns:xsd="http://www.w3.org/2001/XMLSchema" xmlns:xsi="http://www.w3.org/2001/XMLSchema-instance">
  <Cars />
  <MyCar>
    <Position>
      <X>-2417.84448</X>
      <Y>-239.053055</Y>
      <Z>15.4536419</Z>
    </Position>
    <Rotation>
      <X>1.56769407</X>
      <Y>0.06385849</Y>
      <Z>61.82892</Z>
    </Rotation>
    <Handle>663810</Handle>
    <Bounds>
      <Vector3>
        <X>-2416.09058</X>
        <Y>-241.15181</Y>
        <Z>14.6571274</Z>
      </Vector3>
      <Vector3>
        <X>-2415.12622</X>
        <Y>-239.351059</Y>
        <Z>14.654851</Z>
      </Vector3>
      <Vector3>
        <X>-2420.59839</X>
        <Y>-238.737457</Y>
        <Z>14.79708</Z>
      </Vector3>
      <Vector3>
        <X>-2416.05469</X>
        <Y>-241.169174</Y>
        <Z>16.11248</Z>
      </Vector3>
      <Vector3>
        <X>-2419.634</X>
        <Y>-236.936722</Y>
        <Z>14.7948036</Z>
      </Vector3>
      <Vector3>
        <X>-2415.09033</X>
        <Y>-239.368423</Y>
        <Z>16.1102028</Z>
      </Vector3>
      <Vector3>
        <X>-2420.5625</X>
        <Y>-238.754837</Y>
        <Z>16.2524319</Z>
      </Vector3>
      <Vector3>
        <X>-2419.59814</X>
        <Y>-236.954086</Y>
        <Z>16.2501564</Z>
      </Vector3>
    </Bounds>
    <CenterCamPosition>
      <X>0</X>
      <Y>0</Y>
    </CenterCamPosition>
    <ScreenBounds />
    <DistanceToCam>0</DistanceToCam>
    <Speed>8.018136</Speed>
    <AccInput>0</AccInput>
    <RPM>1.35798967</RPM>
    <Gear>0</Gear>
    <SteeringAngle>5.853084E-41</SteeringAngle>
    <WheelSpeed>0</WheelSpeed>
    <CarType>Sports</CarType>
  </MyCar>
  <Peds />
  <Time>137015</Time>
  <LastFrameTime>0.0201113559</LastFrameTime>
  <MyProperty>0</MyProperty>
  <Weather>Clear</Weather>
  <Steering>127</Steering>
  <Acc>177</Acc>
  <Brake>169</Brake>
  <DayTime>15:16:13</DayTime>
  <Position>
    <X>-2418.73779</X>
    <Y>-238.573547</Y>
    <Z>16.3817329</Z>
  </Position>
  <Rotation>
    <X>1.06583714</X>
    <Y>0.563851953</Y>
    <Z>61.8392525</Z>
  </Rotation>
</Screenshot>