<?xml version="1.0" encoding="utf-8"?>
<Screenshot xmlns:xsd="http://www.w3.org/2001/XMLSchema" xmlns:xsi="http://www.w3.org/2001/XMLSchema-instance">
  <Cars />
  <MyCar>
    <Position>
      <X>-2418.17725</X>
      <Y>-238.874741</Y>
      <Z>15.4638186</Z>
    </Position>
    <Rotation>
      <X>1.57234037</X>
      <Y>0.06364953</Y>
      <Z>61.8289</Z>
    </Rotation>
    <Handle>663810</Handle>
    <Bounds>
      <Vector3>
        <X>-2416.42334</X>
        <Y>-240.97345</Y>
        <Z>14.6670952</Z>
      </Vector3>
      <Vector3>
        <X>-2415.459</X>
        <Y>-239.172714</Y>
        <Z>14.6648254</Z>
      </Vector3>
      <Vector3>
        <X>-2420.9314</X>
        <Y>-238.559128</Y>
        <Z>14.8074617</Z>
      </Vector3>
      <Vector3>
        <X>-2416.38745</X>
        <Y>-240.990891</Y>
        <Z>16.1224422</Z>
      </Vector3>
      <Vector3>
        <X>-2419.9668</X>
        <Y>-236.758377</Y>
        <Z>14.8051929</Z>
      </Vector3>
      <Vector3>
        <X>-2415.423</X>
        <Y>-239.19014</Y>
        <Z>16.1201744</Z>
      </Vector3>
      <Vector3>
        <X>-2420.89526</X>
        <Y>-238.576553</Y>
        <Z>16.26281</Z>
      </Vector3>
      <Vector3>
        <X>-2419.931</X>
        <Y>-236.7758</Y>
        <Z>16.2605419</Z>
      </Vector3>
    </Bounds>
    <CenterCamPosition>
      <X>0</X>
      <Y>0</Y>
    </CenterCamPosition>
    <ScreenBounds />
    <DistanceToCam>0</DistanceToCam>
    <Speed>8.027681</Speed>
    <AccInput>0</AccInput>
    <RPM>1.35798967</RPM>
    <Gear>0</Gear>
    <SteeringAngle>5.853084E-41</SteeringAngle>
    <WheelSpeed>0</WheelSpeed>
    <CarType>Sports</CarType>
  </MyCar>
  <Peds />
  <Time>137063</Time>
  <LastFrameTime>0.0470689274</LastFrameTime>
  <MyProperty>0</MyProperty>
  <Weather>Clear</Weather>
  <Steering>127</Steering>
  <Acc>177</Acc>
  <Brake>169</Brake>
  <DayTime>15:16:13</DayTime>
  <Position>
    <X>-2418.87964</X>
    <Y>-238.497452</Y>
    <Z>16.3861332</Z>
  </Position>
  <Rotation>
    <X>1.0677458</X>
    <Y>0.5637606</Y>
    <Z>61.8394165</Z>
  </Rotation>
</Screenshot>