<?xml version="1.0" encoding="utf-8"?>
<Screenshot xmlns:xsd="http://www.w3.org/2001/XMLSchema" xmlns:xsi="http://www.w3.org/2001/XMLSchema-instance">
  <Cars />
  <MyCar>
    <Position>
      <X>-2418.644</X>
      <Y>-238.624557</Y>
      <Z>15.4780979</Z>
    </Position>
    <Rotation>
      <X>1.57866919</X>
      <Y>0.06404156</Y>
      <Z>61.8285561</Z>
    </Rotation>
    <Handle>663810</Handle>
    <Bounds>
      <Vector3>
        <X>-2416.89038</X>
        <Y>-240.723251</Y>
        <Z>14.6811008</Z>
      </Vector3>
      <Vector3>
        <X>-2415.926</X>
        <Y>-238.9225</Y>
        <Z>14.6788177</Z>
      </Vector3>
      <Vector3>
        <X>-2421.39819</X>
        <Y>-238.308884</Y>
        <Z>14.8220329</Z>
      </Vector3>
      <Vector3>
        <X>-2416.85425</X>
        <Y>-240.740753</Y>
        <Z>16.136446</Z>
      </Vector3>
      <Vector3>
        <X>-2420.43384</X>
        <Y>-236.508148</Y>
        <Z>14.81975</Z>
      </Vector3>
      <Vector3>
        <X>-2415.89</X>
        <Y>-238.94</Y>
        <Z>16.1341629</Z>
      </Vector3>
      <Vector3>
        <X>-2421.362</X>
        <Y>-238.3264</Y>
        <Z>16.2773781</Z>
      </Vector3>
      <Vector3>
        <X>-2420.39771</X>
        <Y>-236.52565</Y>
        <Z>16.275095</Z>
      </Vector3>
    </Bounds>
    <CenterCamPosition>
      <X>0</X>
      <Y>0</Y>
    </CenterCamPosition>
    <ScreenBounds />
    <DistanceToCam>0</DistanceToCam>
    <Speed>8.040804</Speed>
    <AccInput>0</AccInput>
    <RPM>1.35798967</RPM>
    <Gear>0</Gear>
    <SteeringAngle>5.853084E-41</SteeringAngle>
    <WheelSpeed>0</WheelSpeed>
    <CarType>Sports</CarType>
  </MyCar>
  <Peds />
  <Time>137129</Time>
  <LastFrameTime>0.04446052</LastFrameTime>
  <MyProperty>0</MyProperty>
  <Weather>Clear</Weather>
  <Steering>127</Steering>
  <Acc>177</Acc>
  <Brake>169</Brake>
  <DayTime>15:16:13</DayTime>
  <Position>
    <X>-2419.36426</X>
    <Y>-238.237717</Y>
    <Z>16.4011116</Z>
  </Position>
  <Rotation>
    <X>1.07481933</X>
    <Y>0.563650668</Y>
    <Z>61.8393822</Z>
  </Rotation>
</Screenshot>