<?xml version="1.0" encoding="utf-8"?>
<Screenshot xmlns:xsd="http://www.w3.org/2001/XMLSchema" xmlns:xsi="http://www.w3.org/2001/XMLSchema-instance">
  <Cars />
  <MyCar>
    <Position>
      <X>-2419.12134</X>
      <Y>-238.368835</Y>
      <Z>15.4927111</Z>
    </Position>
    <Rotation>
      <X>1.58615589</X>
      <Y>0.06572606</Y>
      <Z>61.82814</Z>
    </Rotation>
    <Handle>663810</Handle>
    <Bounds>
      <Vector3>
        <X>-2417.36768</X>
        <Y>-240.467514</Y>
        <Z>14.6954126</Z>
      </Vector3>
      <Vector3>
        <X>-2416.40332</X>
        <Y>-238.666779</Y>
        <Z>14.6930695</Z>
      </Vector3>
      <Vector3>
        <X>-2421.87549</X>
        <Y>-238.053131</Y>
        <Z>14.8370132</Z>
      </Vector3>
      <Vector3>
        <X>-2417.33154</X>
        <Y>-240.485062</Y>
        <Z>16.1507511</Z>
      </Vector3>
      <Vector3>
        <X>-2420.91113</X>
        <Y>-236.2524</Y>
        <Z>14.83467</Z>
      </Vector3>
      <Vector3>
        <X>-2416.367</X>
        <Y>-238.684326</Y>
        <Z>16.1484089</Z>
      </Vector3>
      <Vector3>
        <X>-2421.839</X>
        <Y>-238.070679</Y>
        <Z>16.29235</Z>
      </Vector3>
      <Vector3>
        <X>-2420.87476</X>
        <Y>-236.269943</Y>
        <Z>16.2900085</Z>
      </Vector3>
    </Bounds>
    <CenterCamPosition>
      <X>0</X>
      <Y>0</Y>
    </CenterCamPosition>
    <ScreenBounds />
    <DistanceToCam>0</DistanceToCam>
    <Speed>8.053973</Speed>
    <AccInput>0</AccInput>
    <RPM>1.35798967</RPM>
    <Gear>0</Gear>
    <SteeringAngle>5.853084E-41</SteeringAngle>
    <WheelSpeed>0</WheelSpeed>
    <CarType>Sports</CarType>
  </MyCar>
  <Peds />
  <Time>137196</Time>
  <LastFrameTime>0.04716605</LastFrameTime>
  <MyProperty>0</MyProperty>
  <Weather>Clear</Weather>
  <Steering>127</Steering>
  <Acc>177</Acc>
  <Brake>169</Brake>
  <DayTime>15:16:13</DayTime>
  <Position>
    <X>-2419.82178</X>
    <Y>-237.992584</Y>
    <Z>16.415226</Z>
  </Position>
  <Rotation>
    <X>1.080648</X>
    <Y>0.56412673</Y>
    <Z>61.8390732</Z>
  </Rotation>
</Screenshot>