<?xml version="1.0" encoding="utf-8"?>
<Screenshot xmlns:xsd="http://www.w3.org/2001/XMLSchema" xmlns:xsi="http://www.w3.org/2001/XMLSchema-instance">
  <Cars />
  <MyCar>
    <Position>
      <X>-2418.78662</X>
      <Y>-238.548111</Y>
      <Z>15.48247</Z>
    </Position>
    <Rotation>
      <X>1.58059549</X>
      <Y>0.0642271042</Y>
      <Z>61.828434</Z>
    </Rotation>
    <Handle>663810</Handle>
    <Bounds>
      <Vector3>
        <X>-2417.033</X>
        <Y>-240.64679</Y>
        <Z>14.68539</Z>
      </Vector3>
      <Vector3>
        <X>-2416.0686</X>
        <Y>-238.846054</Y>
        <Z>14.6831007</Z>
      </Vector3>
      <Vector3>
        <X>-2421.54077</X>
        <Y>-238.232437</Y>
        <Z>14.8264942</Z>
      </Vector3>
      <Vector3>
        <X>-2416.99683</X>
        <Y>-240.664322</Y>
        <Z>16.1407337</Z>
      </Vector3>
      <Vector3>
        <X>-2420.57642</X>
        <Y>-236.431686</Y>
        <Z>14.8242044</Z>
      </Vector3>
      <Vector3>
        <X>-2416.03247</X>
        <Y>-238.863571</Y>
        <Z>16.1384449</Z>
      </Vector3>
      <Vector3>
        <X>-2421.50464</X>
        <Y>-238.249954</Y>
        <Z>16.2818375</Z>
      </Vector3>
      <Vector3>
        <X>-2420.54028</X>
        <Y>-236.449219</Y>
        <Z>16.2795486</Z>
      </Vector3>
    </Bounds>
    <CenterCamPosition>
      <X>0</X>
      <Y>0</Y>
    </CenterCamPosition>
    <ScreenBounds />
    <DistanceToCam>0</DistanceToCam>
    <Speed>8.044742</Speed>
    <AccInput>0</AccInput>
    <RPM>1.35798967</RPM>
    <Gear>0</Gear>
    <SteeringAngle>5.853084E-41</SteeringAngle>
    <WheelSpeed>0</WheelSpeed>
    <CarType>Sports</CarType>
  </MyCar>
  <Peds />
  <Time>137149</Time>
  <LastFrameTime>0.0201343186</LastFrameTime>
  <MyProperty>0</MyProperty>
  <Weather>Clear</Weather>
  <Steering>127</Steering>
  <Acc>177</Acc>
  <Brake>169</Brake>
  <DayTime>15:16:13</DayTime>
  <Position>
    <X>-2419.6792</X>
    <Y>-238.069031</Y>
    <Z>16.4108143</Z>
  </Position>
  <Rotation>
    <X>1.07872152</X>
    <Y>0.563941658</Y>
    <Z>61.8391647</Z>
  </Rotation>
</Screenshot>