<?xml version="1.0" encoding="utf-8"?>
<Screenshot xmlns:xsd="http://www.w3.org/2001/XMLSchema" xmlns:xsi="http://www.w3.org/2001/XMLSchema-instance">
  <Cars />
  <MyCar>
    <Position>
      <X>-2419.71631</X>
      <Y>-238.050018</Y>
      <Z>15.5111284</Z>
    </Position>
    <Rotation>
      <X>1.58174467</X>
      <Y>0.06723745</Y>
      <Z>61.8276062</Z>
    </Rotation>
    <Handle>663810</Handle>
    <Bounds>
      <Vector3>
        <X>-2417.96265</X>
        <Y>-240.148758</Y>
        <Z>14.7140522</Z>
      </Vector3>
      <Vector3>
        <X>-2416.99829</X>
        <Y>-238.348038</Y>
        <Z>14.7116556</Z>
      </Vector3>
      <Vector3>
        <X>-2422.47046</X>
        <Y>-237.734329</Y>
        <Z>14.8552589</Z>
      </Vector3>
      <Vector3>
        <X>-2417.92651</X>
        <Y>-240.166229</Y>
        <Z>16.1693935</Z>
      </Vector3>
      <Vector3>
        <X>-2421.506</X>
        <Y>-235.9336</Y>
        <Z>14.8528614</Z>
      </Vector3>
      <Vector3>
        <X>-2416.96216</X>
        <Y>-238.3655</Y>
        <Z>16.166996</Z>
      </Vector3>
      <Vector3>
        <X>-2422.43433</X>
        <Y>-237.751785</Y>
        <Z>16.3106</Z>
      </Vector3>
      <Vector3>
        <X>-2421.46973</X>
        <Y>-235.951065</Y>
        <Z>16.3082027</Z>
      </Vector3>
    </Bounds>
    <CenterCamPosition>
      <X>0</X>
      <Y>0</Y>
    </CenterCamPosition>
    <ScreenBounds />
    <DistanceToCam>0</DistanceToCam>
    <Speed>8.069872</Speed>
    <AccInput>0</AccInput>
    <RPM>1.35798967</RPM>
    <Gear>0</Gear>
    <SteeringAngle>5.853084E-41</SteeringAngle>
    <WheelSpeed>0</WheelSpeed>
    <CarType>Sports</CarType>
  </MyCar>
  <Peds />
  <Time>137280</Time>
  <LastFrameTime>0.0478148945</LastFrameTime>
  <MyProperty>0</MyProperty>
  <Weather>Clear</Weather>
  <Steering>127</Steering>
  <Acc>177</Acc>
  <Brake>169</Brake>
  <DayTime>15:16:13</DayTime>
  <Position>
    <X>-2420.41138</X>
    <Y>-237.6766</Y>
    <Z>16.4334488</Z>
  </Position>
  <Rotation>
    <X>1.085502</X>
    <Y>0.5659456</Y>
    <Z>61.83861</Z>
  </Rotation>
</Screenshot>