<?xml version="1.0" encoding="utf-8"?>
<Screenshot xmlns:xsd="http://www.w3.org/2001/XMLSchema" xmlns:xsi="http://www.w3.org/2001/XMLSchema-instance">
  <Cars />
  <MyCar>
    <Position>
      <X>-2419.37646</X>
      <Y>-238.232132</Y>
      <Z>15.5005932</Z>
    </Position>
    <Rotation>
      <X>1.585449</X>
      <Y>0.06604724</Y>
      <Z>61.8278923</Z>
    </Rotation>
    <Handle>663810</Handle>
    <Bounds>
      <Vector3>
        <X>-2417.6228</X>
        <Y>-240.330826</Y>
        <Z>14.7033319</Z>
      </Vector3>
      <Vector3>
        <X>-2416.65845</X>
        <Y>-238.53009</Y>
        <Z>14.7009773</Z>
      </Vector3>
      <Vector3>
        <X>-2422.13062</X>
        <Y>-237.916412</Y>
        <Z>14.8448687</Z>
      </Vector3>
      <Vector3>
        <X>-2417.58667</X>
        <Y>-240.348358</Y>
        <Z>16.1586723</Z>
      </Vector3>
      <Vector3>
        <X>-2421.16626</X>
        <Y>-236.115692</Y>
        <Z>14.842514</Z>
      </Vector3>
      <Vector3>
        <X>-2416.622</X>
        <Y>-238.547638</Y>
        <Z>16.1563168</Z>
      </Vector3>
      <Vector3>
        <X>-2422.09424</X>
        <Y>-237.93396</Y>
        <Z>16.300209</Z>
      </Vector3>
      <Vector3>
        <X>-2421.13</X>
        <Y>-236.133224</Y>
        <Z>16.2978535</Z>
      </Vector3>
    </Bounds>
    <CenterCamPosition>
      <X>0</X>
      <Y>0</Y>
    </CenterCamPosition>
    <ScreenBounds />
    <DistanceToCam>0</DistanceToCam>
    <Speed>8.060844</Speed>
    <AccInput>0</AccInput>
    <RPM>1.35798967</RPM>
    <Gear>0</Gear>
    <SteeringAngle>5.853084E-41</SteeringAngle>
    <WheelSpeed>0</WheelSpeed>
    <CarType>Sports</CarType>
  </MyCar>
  <Peds />
  <Time>137232</Time>
  <LastFrameTime>0.03593277</LastFrameTime>
  <MyProperty>0</MyProperty>
  <Weather>Clear</Weather>
  <Steering>127</Steering>
  <Acc>177</Acc>
  <Brake>169</Brake>
  <DayTime>15:16:13</DayTime>
  <Position>
    <X>-2420.15625</X>
    <Y>-237.813324</Y>
    <Z>16.425581</Z>
  </Position>
  <Rotation>
    <X>1.08620882</X>
    <Y>0.5656244</Y>
    <Z>61.8388634</Z>
  </Rotation>
</Screenshot>