<?xml version="1.0" encoding="utf-8"?>
<Screenshot xmlns:xsd="http://www.w3.org/2001/XMLSchema" xmlns:xsi="http://www.w3.org/2001/XMLSchema-instance">
  <Cars />
  <MyCar>
    <Position>
      <X>-2419.96045</X>
      <Y>-237.9193</Y>
      <Z>15.5186787</Z>
    </Position>
    <Rotation>
      <X>1.58086419</X>
      <Y>0.0669966862</Y>
      <Z>61.82738</Z>
    </Rotation>
    <Handle>663810</Handle>
    <Bounds>
      <Vector3>
        <X>-2418.20679</X>
        <Y>-240.018036</Y>
        <Z>14.7216368</Z>
      </Vector3>
      <Vector3>
        <X>-2417.24243</X>
        <Y>-238.217316</Y>
        <Z>14.7192488</Z>
      </Vector3>
      <Vector3>
        <X>-2422.7146</X>
        <Y>-237.603592</Y>
        <Z>14.8627653</Z>
      </Vector3>
      <Vector3>
        <X>-2418.17065</X>
        <Y>-240.0355</Y>
        <Z>16.176981</Z>
      </Vector3>
      <Vector3>
        <X>-2421.75024</X>
        <Y>-235.802872</Y>
        <Z>14.8603764</Z>
      </Vector3>
      <Vector3>
        <X>-2417.2063</X>
        <Y>-238.234787</Y>
        <Z>16.1745911</Z>
      </Vector3>
      <Vector3>
        <X>-2422.67847</X>
        <Y>-237.621048</Y>
        <Z>16.3181076</Z>
      </Vector3>
      <Vector3>
        <X>-2421.71387</X>
        <Y>-235.820328</Y>
        <Z>16.31572</Z>
      </Vector3>
    </Bounds>
    <CenterCamPosition>
      <X>0</X>
      <Y>0</Y>
    </CenterCamPosition>
    <ScreenBounds />
    <DistanceToCam>0</DistanceToCam>
    <Speed>8.076336</Speed>
    <AccInput>0</AccInput>
    <RPM>1.35798967</RPM>
    <Gear>0</Gear>
    <SteeringAngle>5.853084E-41</SteeringAngle>
    <WheelSpeed>0</WheelSpeed>
    <CarType>Sports</CarType>
  </MyCar>
  <Peds />
  <Time>137314</Time>
  <LastFrameTime>0.03429282</LastFrameTime>
  <MyProperty>0</MyProperty>
  <Weather>Clear</Weather>
  <Steering>127</Steering>
  <Acc>177</Acc>
  <Brake>169</Brake>
  <DayTime>15:16:13</DayTime>
  <Position>
    <X>-2420.75122</X>
    <Y>-237.494446</Y>
    <Z>16.4439087</Z>
  </Position>
  <Rotation>
    <X>1.08179748</X>
    <Y>0.5671362</Y>
    <Z>61.83831</Z>
  </Rotation>
</Screenshot>