<?xml version="1.0" encoding="utf-8"?>
<Screenshot xmlns:xsd="http://www.w3.org/2001/XMLSchema" xmlns:xsi="http://www.w3.org/2001/XMLSchema-instance">
  <Cars />
  <MyCar>
    <Position>
      <X>-2420.32031</X>
      <Y>-237.726517</Y>
      <Z>15.5297995</Z>
    </Position>
    <Rotation>
      <X>1.57951581</X>
      <Y>0.06687764</Y>
      <Z>61.8270721</Z>
    </Rotation>
    <Handle>663810</Handle>
    <Bounds>
      <Vector3>
        <X>-2418.56665</X>
        <Y>-239.825287</Y>
        <Z>14.7328157</Z>
      </Vector3>
      <Vector3>
        <X>-2417.60229</X>
        <Y>-238.024567</Y>
        <Z>14.7304316</Z>
      </Vector3>
      <Vector3>
        <X>-2423.07446</X>
        <Y>-237.4108</Y>
        <Z>14.8738232</Z>
      </Vector3>
      <Vector3>
        <X>-2418.53052</X>
        <Y>-239.842728</Y>
        <Z>16.188158</Z>
      </Vector3>
      <Vector3>
        <X>-2422.11</X>
        <Y>-235.610092</Y>
        <Z>14.871439</Z>
      </Vector3>
      <Vector3>
        <X>-2417.56616</X>
        <Y>-238.042</Y>
        <Z>16.1857738</Z>
      </Vector3>
      <Vector3>
        <X>-2423.03833</X>
        <Y>-237.428253</Y>
        <Z>16.3291664</Z>
      </Vector3>
      <Vector3>
        <X>-2422.07373</X>
        <Y>-235.627533</Y>
        <Z>16.3267822</Z>
      </Vector3>
    </Bounds>
    <CenterCamPosition>
      <X>0</X>
      <Y>0</Y>
    </CenterCamPosition>
    <ScreenBounds />
    <DistanceToCam>0</DistanceToCam>
    <Speed>8.08579</Speed>
    <AccInput>0</AccInput>
    <RPM>1.35798967</RPM>
    <Gear>0</Gear>
    <SteeringAngle>5.853084E-41</SteeringAngle>
    <WheelSpeed>0</WheelSpeed>
    <CarType>Sports</CarType>
  </MyCar>
  <Peds />
  <Time>137364</Time>
  <LastFrameTime>0.01885649</LastFrameTime>
  <MyProperty>0</MyProperty>
  <Weather>Clear</Weather>
  <Steering>127</Steering>
  <Acc>177</Acc>
  <Brake>169</Brake>
  <DayTime>15:16:13</DayTime>
  <Position>
    <X>-2421.22119</X>
    <Y>-237.2429</Y>
    <Z>16.4583912</Z>
  </Position>
  <Rotation>
    <X>1.07991636</X>
    <Y>0.5667223</Y>
    <Z>61.83786</Z>
  </Rotation>
</Screenshot>