<?xml version="1.0" encoding="utf-8"?>
<Screenshot xmlns:xsd="http://www.w3.org/2001/XMLSchema" xmlns:xsi="http://www.w3.org/2001/XMLSchema-instance">
  <Cars />
  <MyCar>
    <Position>
      <X>-2420.186</X>
      <Y>-237.7985</Y>
      <Z>15.5256491</Z>
    </Position>
    <Rotation>
      <X>1.57986355</X>
      <Y>0.06682295</Y>
      <Z>61.8271828</Z>
    </Rotation>
    <Handle>663810</Handle>
    <Bounds>
      <Vector3>
        <X>-2418.43237</X>
        <Y>-239.897247</Y>
        <Z>14.7286491</Z>
      </Vector3>
      <Vector3>
        <X>-2417.468</X>
        <Y>-238.096527</Y>
        <Z>14.7262669</Z>
      </Vector3>
      <Vector3>
        <X>-2422.94019</X>
        <Y>-237.482788</Y>
        <Z>14.8696871</Z>
      </Vector3>
      <Vector3>
        <X>-2418.39624</X>
        <Y>-239.9147</Y>
        <Z>16.1839924</Z>
      </Vector3>
      <Vector3>
        <X>-2421.97583</X>
        <Y>-235.682068</Y>
        <Z>14.8673048</Z>
      </Vector3>
      <Vector3>
        <X>-2417.432</X>
        <Y>-238.113983</Y>
        <Z>16.18161</Z>
      </Vector3>
      <Vector3>
        <X>-2422.904</X>
        <Y>-237.500244</Y>
        <Z>16.3250313</Z>
      </Vector3>
      <Vector3>
        <X>-2421.93945</X>
        <Y>-235.699524</Y>
        <Z>16.3226471</Z>
      </Vector3>
    </Bounds>
    <CenterCamPosition>
      <X>0</X>
      <Y>0</Y>
    </CenterCamPosition>
    <ScreenBounds />
    <DistanceToCam>0</DistanceToCam>
    <Speed>8.082263</Speed>
    <AccInput>0</AccInput>
    <RPM>1.35798967</RPM>
    <Gear>0</Gear>
    <SteeringAngle>5.853084E-41</SteeringAngle>
    <WheelSpeed>0</WheelSpeed>
    <CarType>Sports</CarType>
  </MyCar>
  <Peds />
  <Time>137346</Time>
  <LastFrameTime>0.03166797</LastFrameTime>
  <MyProperty>0</MyProperty>
  <Weather>Clear</Weather>
  <Steering>127</Steering>
  <Acc>177</Acc>
  <Brake>169</Brake>
  <DayTime>15:16:13</DayTime>
  <Position>
    <X>-2420.99536</X>
    <Y>-237.363724</Y>
    <Z>16.45144</Z>
  </Position>
  <Rotation>
    <X>1.080917</X>
    <Y>0.5668957</Y>
    <Z>61.83807</Z>
  </Rotation>
</Screenshot>