<?xml version="1.0" encoding="utf-8"?>
<Screenshot xmlns:xsd="http://www.w3.org/2001/XMLSchema" xmlns:xsi="http://www.w3.org/2001/XMLSchema-instance">
  <Cars />
  <MyCar>
    <Position>
      <X>-2421.154</X>
      <Y>-237.279953</Y>
      <Z>15.5555553</Z>
    </Position>
    <Rotation>
      <X>1.57680964</X>
      <Y>0.06627339</Y>
      <Z>61.8264542</Z>
    </Rotation>
    <Handle>663810</Handle>
    <Bounds>
      <Vector3>
        <X>-2419.40039</X>
        <Y>-239.378738</Y>
        <Z>14.75868</Z>
      </Vector3>
      <Vector3>
        <X>-2418.436</X>
        <Y>-237.578049</Y>
        <Z>14.7563181</Z>
      </Vector3>
      <Vector3>
        <X>-2423.9082</X>
        <Y>-236.964218</Y>
        <Z>14.8994465</Z>
      </Vector3>
      <Vector3>
        <X>-2419.36426</X>
        <Y>-239.396179</Y>
        <Z>16.2140274</Z>
      </Vector3>
      <Vector3>
        <X>-2422.9436</X>
        <Y>-235.163513</Y>
        <Z>14.8970842</Z>
      </Vector3>
      <Vector3>
        <X>-2418.4</X>
        <Y>-237.595474</Y>
        <Z>16.2116642</Z>
      </Vector3>
      <Vector3>
        <X>-2423.872</X>
        <Y>-236.981644</Y>
        <Z>16.3547935</Z>
      </Vector3>
      <Vector3>
        <X>-2422.90747</X>
        <Y>-235.180939</Y>
        <Z>16.35243</Z>
      </Vector3>
    </Bounds>
    <CenterCamPosition>
      <X>0</X>
      <Y>0</Y>
    </CenterCamPosition>
    <ScreenBounds />
    <DistanceToCam>0</DistanceToCam>
    <Speed>8.107512</Speed>
    <AccInput>0</AccInput>
    <RPM>1.35798967</RPM>
    <Gear>0</Gear>
    <SteeringAngle>5.853084E-41</SteeringAngle>
    <WheelSpeed>0</WheelSpeed>
    <CarType>Sports</CarType>
  </MyCar>
  <Peds />
  <Time>137481</Time>
  <LastFrameTime>0.0292246435</LastFrameTime>
  <MyProperty>0</MyProperty>
  <Weather>Clear</Weather>
  <Steering>127</Steering>
  <Acc>177</Acc>
  <Brake>169</Brake>
  <DayTime>15:16:13</DayTime>
  <Position>
    <X>-2421.98047</X>
    <Y>-236.836182</Y>
    <Z>16.4817982</Z>
  </Position>
  <Rotation>
    <X>1.07726908</X>
    <Y>0.5659628</Y>
    <Z>61.8372154</Z>
  </Rotation>
</Screenshot>