<?xml version="1.0" encoding="utf-8"?>
<Screenshot xmlns:xsd="http://www.w3.org/2001/XMLSchema" xmlns:xsi="http://www.w3.org/2001/XMLSchema-instance">
  <Cars />
  <MyCar>
    <Position>
      <X>-2420.65918</X>
      <Y>-237.545013</Y>
      <Z>15.5402784</Z>
    </Position>
    <Rotation>
      <X>1.57786</X>
      <Y>0.06524603</Y>
      <Z>61.82675</Z>
    </Rotation>
    <Handle>663810</Handle>
    <Bounds>
      <Vector3>
        <X>-2418.90552</X>
        <Y>-239.643784</Y>
        <Z>14.7433386</Z>
      </Vector3>
      <Vector3>
        <X>-2417.94116</X>
        <Y>-237.843063</Y>
        <Z>14.7410126</Z>
      </Vector3>
      <Vector3>
        <X>-2423.41333</X>
        <Y>-237.229279</Y>
        <Z>14.8841982</Z>
      </Vector3>
      <Vector3>
        <X>-2418.86938</X>
        <Y>-239.66124</Y>
        <Z>16.1986828</Z>
      </Vector3>
      <Vector3>
        <X>-2422.44873</X>
        <Y>-235.428574</Y>
        <Z>14.8818722</Z>
      </Vector3>
      <Vector3>
        <X>-2417.905</X>
        <Y>-237.860535</Y>
        <Z>16.1963577</Z>
      </Vector3>
      <Vector3>
        <X>-2423.3772</X>
        <Y>-237.24675</Y>
        <Z>16.3395424</Z>
      </Vector3>
      <Vector3>
        <X>-2422.4126</X>
        <Y>-235.44603</Y>
        <Z>16.3372173</Z>
      </Vector3>
    </Bounds>
    <CenterCamPosition>
      <X>0</X>
      <Y>0</Y>
    </CenterCamPosition>
    <ScreenBounds />
    <DistanceToCam>0</DistanceToCam>
    <Speed>8.094641</Speed>
    <AccInput>0</AccInput>
    <RPM>1.35798967</RPM>
    <Gear>0</Gear>
    <SteeringAngle>5.853084E-41</SteeringAngle>
    <WheelSpeed>0</WheelSpeed>
    <CarType>Sports</CarType>
  </MyCar>
  <Peds />
  <Time>137412</Time>
  <LastFrameTime>0.0475126579</LastFrameTime>
  <MyProperty>0</MyProperty>
  <Weather>Clear</Weather>
  <Steering>127</Steering>
  <Acc>177</Acc>
  <Brake>169</Brake>
  <DayTime>15:16:13</DayTime>
  <Position>
    <X>-2421.35547</X>
    <Y>-237.170929</Y>
    <Z>16.462534</Z>
  </Position>
  <Rotation>
    <X>1.07956851</X>
    <Y>0.566776931</Y>
    <Z>61.83775</Z>
  </Rotation>
</Screenshot>