<?xml version="1.0" encoding="utf-8"?>
<Screenshot xmlns:xsd="http://www.w3.org/2001/XMLSchema" xmlns:xsi="http://www.w3.org/2001/XMLSchema-instance">
  <Cars />
  <MyCar>
    <Position>
      <X>-2420.94531</X>
      <Y>-237.391785</Y>
      <Z>15.5491114</Z>
    </Position>
    <Rotation>
      <X>1.57721663</X>
      <Y>0.06606293</Y>
      <Z>61.8265762</Z>
    </Rotation>
    <Handle>663810</Handle>
    <Bounds>
      <Vector3>
        <X>-2419.19165</X>
        <Y>-239.49057</Y>
        <Z>14.7522144</Z>
      </Vector3>
      <Vector3>
        <X>-2418.22729</X>
        <Y>-237.689865</Y>
        <Z>14.74986</Z>
      </Vector3>
      <Vector3>
        <X>-2423.69946</X>
        <Y>-237.07605</Y>
        <Z>14.8930168</Z>
      </Vector3>
      <Vector3>
        <X>-2419.15552</X>
        <Y>-239.508011</Y>
        <Z>16.20756</Z>
      </Vector3>
      <Vector3>
        <X>-2422.73486</X>
        <Y>-235.275345</Y>
        <Z>14.8906622</Z>
      </Vector3>
      <Vector3>
        <X>-2418.19116</X>
        <Y>-237.7073</Y>
        <Z>16.205204</Z>
      </Vector3>
      <Vector3>
        <X>-2423.66333</X>
        <Y>-237.093491</Y>
        <Z>16.348362</Z>
      </Vector3>
      <Vector3>
        <X>-2422.69873</X>
        <Y>-235.292786</Y>
        <Z>16.3460064</Z>
      </Vector3>
    </Bounds>
    <CenterCamPosition>
      <X>0</X>
      <Y>0</Y>
    </CenterCamPosition>
    <ScreenBounds />
    <DistanceToCam>0</DistanceToCam>
    <Speed>8.102096</Speed>
    <AccInput>0</AccInput>
    <RPM>1.35798967</RPM>
    <Gear>0</Gear>
    <SteeringAngle>5.853084E-41</SteeringAngle>
    <WheelSpeed>0</WheelSpeed>
    <CarType>Sports</CarType>
  </MyCar>
  <Peds />
  <Time>137452</Time>
  <LastFrameTime>0.0211173575</LastFrameTime>
  <MyProperty>0</MyProperty>
  <Weather>Clear</Weather>
  <Steering>127</Steering>
  <Acc>177</Acc>
  <Brake>169</Brake>
  <DayTime>15:16:13</DayTime>
  <Position>
    <X>-2421.82959</X>
    <Y>-236.916962</Y>
    <Z>16.4771519</Z>
  </Position>
  <Rotation>
    <X>1.07756031</X>
    <Y>0.565316141</Y>
    <Z>61.8372841</Z>
  </Rotation>
</Screenshot>