<?xml version="1.0" encoding="utf-8"?>
<Screenshot xmlns:xsd="http://www.w3.org/2001/XMLSchema" xmlns:xsi="http://www.w3.org/2001/XMLSchema-instance">
  <Cars />
  <MyCar>
    <Position>
      <X>-2420.79443</X>
      <Y>-237.472549</Y>
      <Z>15.5444593</Z>
    </Position>
    <Rotation>
      <X>1.577508</X>
      <Y>0.0654162</Y>
      <Z>61.8266563</Z>
    </Rotation>
    <Handle>663810</Handle>
    <Bounds>
      <Vector3>
        <X>-2419.04077</X>
        <Y>-239.57132</Y>
        <Z>14.7475386</Z>
      </Vector3>
      <Vector3>
        <X>-2418.07642</X>
        <Y>-237.770615</Y>
        <Z>14.7452059</Z>
      </Vector3>
      <Vector3>
        <X>-2423.54858</X>
        <Y>-237.156815</Y>
        <Z>14.8883667</Z>
      </Vector3>
      <Vector3>
        <X>-2419.00464</X>
        <Y>-239.588776</Y>
        <Z>16.2028828</Z>
      </Vector3>
      <Vector3>
        <X>-2422.584</X>
        <Y>-235.35611</Y>
        <Z>14.886035</Z>
      </Vector3>
      <Vector3>
        <X>-2418.04028</X>
        <Y>-237.788071</Y>
        <Z>16.20055</Z>
      </Vector3>
      <Vector3>
        <X>-2423.51245</X>
        <Y>-237.174271</Y>
        <Z>16.3437119</Z>
      </Vector3>
      <Vector3>
        <X>-2422.54785</X>
        <Y>-235.373566</Y>
        <Z>16.34138</Z>
      </Vector3>
    </Bounds>
    <CenterCamPosition>
      <X>0</X>
      <Y>0</Y>
    </CenterCamPosition>
    <ScreenBounds />
    <DistanceToCam>0</DistanceToCam>
    <Speed>8.09817</Speed>
    <AccInput>0</AccInput>
    <RPM>1.35798967</RPM>
    <Gear>0</Gear>
    <SteeringAngle>5.853084E-41</SteeringAngle>
    <WheelSpeed>0</WheelSpeed>
    <CarType>Sports</CarType>
  </MyCar>
  <Peds />
  <Time>137431</Time>
  <LastFrameTime>0.0189598221</LastFrameTime>
  <MyProperty>0</MyProperty>
  <Weather>Clear</Weather>
  <Steering>127</Steering>
  <Acc>177</Acc>
  <Brake>169</Brake>
  <DayTime>15:16:13</DayTime>
  <Position>
    <X>-2421.69434</X>
    <Y>-236.989426</Y>
    <Z>16.4729786</Z>
  </Position>
  <Rotation>
    <X>1.07791245</X>
    <Y>0.565145969</Y>
    <Z>61.83738</Z>
  </Rotation>
</Screenshot>