<?xml version="1.0" encoding="utf-8"?>
<Screenshot xmlns:xsd="http://www.w3.org/2001/XMLSchema" xmlns:xsi="http://www.w3.org/2001/XMLSchema-instance">
  <Cars />
  <MyCar>
    <Position>
      <X>-2421.9895</X>
      <Y>-236.8322</Y>
      <Z>15.5813847</Z>
    </Position>
    <Rotation>
      <X>1.57576036</X>
      <Y>0.06343411</Y>
      <Z>61.82588</Z>
    </Rotation>
    <Handle>663810</Handle>
    <Bounds>
      <Vector3>
        <X>-2420.23584</X>
        <Y>-238.930984</Y>
        <Z>14.7845058</Z>
      </Vector3>
      <Vector3>
        <X>-2419.27148</X>
        <Y>-237.13028</Y>
        <Z>14.7822437</Z>
      </Vector3>
      <Vector3>
        <X>-2424.74365</X>
        <Y>-236.516418</Y>
        <Z>14.9251785</Z>
      </Vector3>
      <Vector3>
        <X>-2420.19971</X>
        <Y>-238.948471</Y>
        <Z>16.2398529</Z>
      </Vector3>
      <Vector3>
        <X>-2423.779</X>
        <Y>-234.715714</Y>
        <Z>14.9229164</Z>
      </Vector3>
      <Vector3>
        <X>-2419.23535</X>
        <Y>-237.147766</Y>
        <Z>16.23759</Z>
      </Vector3>
      <Vector3>
        <X>-2424.70752</X>
        <Y>-236.53389</Y>
        <Z>16.3805256</Z>
      </Vector3>
      <Vector3>
        <X>-2423.743</X>
        <Y>-234.7332</Y>
        <Z>16.3782635</Z>
      </Vector3>
    </Bounds>
    <CenterCamPosition>
      <X>0</X>
      <Y>0</Y>
    </CenterCamPosition>
    <ScreenBounds />
    <DistanceToCam>0</DistanceToCam>
    <Speed>8.129186</Speed>
    <AccInput>0</AccInput>
    <RPM>1.35798967</RPM>
    <Gear>0</Gear>
    <SteeringAngle>5.853084E-41</SteeringAngle>
    <WheelSpeed>0</WheelSpeed>
    <CarType>Sports</CarType>
  </MyCar>
  <Peds />
  <Time>137598</Time>
  <LastFrameTime>0.019309843</LastFrameTime>
  <MyProperty>0</MyProperty>
  <Weather>Clear</Weather>
  <Steering>127</Steering>
  <Acc>177</Acc>
  <Brake>169</Brake>
  <DayTime>15:16:13</DayTime>
  <Position>
    <X>-2422.88647</X>
    <Y>-236.3507</Y>
    <Z>16.5097141</Z>
  </Position>
  <Rotation>
    <X>1.07459033</X>
    <Y>0.5632284</Y>
    <Z>61.8365326</Z>
  </Rotation>
</Screenshot>