<?xml version="1.0" encoding="utf-8"?>
<Screenshot xmlns:xsd="http://www.w3.org/2001/XMLSchema" xmlns:xsi="http://www.w3.org/2001/XMLSchema-instance">
  <Cars />
  <MyCar>
    <Position>
      <X>-2421.509</X>
      <Y>-237.089722</Y>
      <Z>15.5665283</Z>
    </Position>
    <Rotation>
      <X>1.575725</X>
      <Y>0.0666926354</Y>
      <Z>61.8262825</Z>
    </Rotation>
    <Handle>663810</Handle>
    <Bounds>
      <Vector3>
        <X>-2419.75537</X>
        <Y>-239.188538</Y>
        <Z>14.7697086</Z>
      </Vector3>
      <Vector3>
        <X>-2418.791</X>
        <Y>-237.387833</Y>
        <Z>14.7673311</Z>
      </Vector3>
      <Vector3>
        <X>-2424.26318</X>
        <Y>-236.773987</Y>
        <Z>14.9103785</Z>
      </Vector3>
      <Vector3>
        <X>-2419.71924</X>
        <Y>-239.205948</Y>
        <Z>16.2250557</Z>
      </Vector3>
      <Vector3>
        <X>-2423.29858</X>
        <Y>-234.973282</Y>
        <Z>14.9080009</Z>
      </Vector3>
      <Vector3>
        <X>-2418.755</X>
        <Y>-237.405243</Y>
        <Z>16.2226772</Z>
      </Vector3>
      <Vector3>
        <X>-2424.227</X>
        <Y>-236.7914</Y>
        <Z>16.3657246</Z>
      </Vector3>
      <Vector3>
        <X>-2423.26245</X>
        <Y>-234.990692</Y>
        <Z>16.363348</Z>
      </Vector3>
    </Bounds>
    <CenterCamPosition>
      <X>0</X>
      <Y>0</Y>
    </CenterCamPosition>
    <ScreenBounds />
    <DistanceToCam>0</DistanceToCam>
    <Speed>8.1166935</Speed>
    <AccInput>0</AccInput>
    <RPM>1.35798967</RPM>
    <Gear>0</Gear>
    <SteeringAngle>5.853084E-41</SteeringAngle>
    <WheelSpeed>0</WheelSpeed>
    <CarType>Sports</CarType>
  </MyCar>
  <Peds />
  <Time>137531</Time>
  <LastFrameTime>0.0168748964</LastFrameTime>
  <MyProperty>0</MyProperty>
  <Weather>Clear</Weather>
  <Steering>127</Steering>
  <Acc>177</Acc>
  <Brake>169</Brake>
  <DayTime>15:16:13</DayTime>
  <Position>
    <X>-2422.42358</X>
    <Y>-236.59874</Y>
    <Z>16.4954624</Z>
  </Position>
  <Rotation>
    <X>1.07605791</X>
    <Y>0.56640476</Y>
    <Z>61.8369637</Z>
  </Rotation>
</Screenshot>