<?xml version="1.0" encoding="utf-8"?>
<Screenshot xmlns:xsd="http://www.w3.org/2001/XMLSchema" xmlns:xsi="http://www.w3.org/2001/XMLSchema-instance">
  <Cars />
  <MyCar>
    <Position>
      <X>-2421.38843</X>
      <Y>-237.154373</Y>
      <Z>15.5627995</Z>
    </Position>
    <Rotation>
      <X>1.57600534</X>
      <Y>0.0665047</Y>
      <Z>61.8263359</Z>
    </Rotation>
    <Handle>663810</Handle>
    <Bounds>
      <Vector3>
        <X>-2419.63477</X>
        <Y>-239.253174</Y>
        <Z>14.7659645</Z>
      </Vector3>
      <Vector3>
        <X>-2418.67041</X>
        <Y>-237.452469</Y>
        <Z>14.7635937</Z>
      </Vector3>
      <Vector3>
        <X>-2424.14258</X>
        <Y>-236.838638</Y>
        <Z>14.9066591</Z>
      </Vector3>
      <Vector3>
        <X>-2419.59863</X>
        <Y>-239.2706</Y>
        <Z>16.2213116</Z>
      </Vector3>
      <Vector3>
        <X>-2423.178</X>
        <Y>-235.037933</Y>
        <Z>14.9042873</Z>
      </Vector3>
      <Vector3>
        <X>-2418.63428</X>
        <Y>-237.4699</Y>
        <Z>16.21894</Z>
      </Vector3>
      <Vector3>
        <X>-2424.10645</X>
        <Y>-236.856064</Y>
        <Z>16.3620052</Z>
      </Vector3>
      <Vector3>
        <X>-2423.14185</X>
        <Y>-235.055359</Y>
        <Z>16.3596344</Z>
      </Vector3>
    </Bounds>
    <CenterCamPosition>
      <X>0</X>
      <Y>0</Y>
    </CenterCamPosition>
    <ScreenBounds />
    <DistanceToCam>0</DistanceToCam>
    <Speed>8.113576</Speed>
    <AccInput>0</AccInput>
    <RPM>1.35798967</RPM>
    <Gear>0</Gear>
    <SteeringAngle>5.853084E-41</SteeringAngle>
    <WheelSpeed>0</WheelSpeed>
    <CarType>Sports</CarType>
  </MyCar>
  <Peds />
  <Time>137514</Time>
  <LastFrameTime>0.0327934362</LastFrameTime>
  <MyProperty>0</MyProperty>
  <Weather>Clear</Weather>
  <Steering>127</Steering>
  <Acc>177</Acc>
  <Brake>169</Brake>
  <DayTime>15:16:13</DayTime>
  <Position>
    <X>-2422.18921</X>
    <Y>-236.724335</Y>
    <Z>16.4882336</Z>
  </Position>
  <Rotation>
    <X>1.07686222</X>
    <Y>0.5661734</Y>
    <Z>61.8370934</Z>
  </Rotation>
</Screenshot>