<?xml version="1.0" encoding="utf-8"?>
<Screenshot xmlns:xsd="http://www.w3.org/2001/XMLSchema" xmlns:xsi="http://www.w3.org/2001/XMLSchema-instance">
  <Cars />
  <MyCar>
    <Position>
      <X>-2421.85132</X>
      <Y>-236.9063</Y>
      <Z>15.5770817</Z>
    </Position>
    <Rotation>
      <X>1.57453823</X>
      <Y>0.0633275</Y>
      <Z>61.8259735</Z>
    </Rotation>
    <Handle>663810</Handle>
    <Bounds>
      <Vector3>
        <X>-2420.09766</X>
        <Y>-239.005081</Y>
        <Z>14.7802553</Z>
      </Vector3>
      <Vector3>
        <X>-2419.133</X>
        <Y>-237.204391</Y>
        <Z>14.777997</Z>
      </Vector3>
      <Vector3>
        <X>-2424.60547</X>
        <Y>-236.590515</Y>
        <Z>14.9208183</Z>
      </Vector3>
      <Vector3>
        <X>-2420.06152</X>
        <Y>-239.022552</Y>
        <Z>16.2356033</Z>
      </Vector3>
      <Vector3>
        <X>-2423.64087</X>
        <Y>-234.789825</Y>
        <Z>14.918561</Z>
      </Vector3>
      <Vector3>
        <X>-2419.09717</X>
        <Y>-237.221863</Y>
        <Z>16.233345</Z>
      </Vector3>
      <Vector3>
        <X>-2424.56934</X>
        <Y>-236.607986</Y>
        <Z>16.3761654</Z>
      </Vector3>
      <Vector3>
        <X>-2423.605</X>
        <Y>-234.8073</Y>
        <Z>16.373909</Z>
      </Vector3>
    </Bounds>
    <CenterCamPosition>
      <X>0</X>
      <Y>0</Y>
    </CenterCamPosition>
    <ScreenBounds />
    <DistanceToCam>0</DistanceToCam>
    <Speed>8.125648</Speed>
    <AccInput>0</AccInput>
    <RPM>1.35798967</RPM>
    <Gear>0</Gear>
    <SteeringAngle>5.853084E-41</SteeringAngle>
    <WheelSpeed>0</WheelSpeed>
    <CarType>Sports</CarType>
  </MyCar>
  <Peds />
  <Time>137579</Time>
  <LastFrameTime>0.0478338227</LastFrameTime>
  <MyProperty>0</MyProperty>
  <Weather>Clear</Weather>
  <Steering>127</Steering>
  <Acc>177</Acc>
  <Brake>169</Brake>
  <DayTime>15:16:13</DayTime>
  <Position>
    <X>-2422.54419</X>
    <Y>-236.534088</Y>
    <Z>16.4991856</Z>
  </Position>
  <Rotation>
    <X>1.07577741</X>
    <Y>0.5665928</Y>
    <Z>61.8369179</Z>
  </Rotation>
</Screenshot>