<?xml version="1.0" encoding="utf-8"?>
<Screenshot xmlns:xsd="http://www.w3.org/2001/XMLSchema" xmlns:xsi="http://www.w3.org/2001/XMLSchema-instance">
  <Cars />
  <MyCar>
    <Position>
      <X>-2422.46216</X>
      <Y>-236.578827</Y>
      <Z>15.5961094</Z>
    </Position>
    <Rotation>
      <X>1.57853353</X>
      <Y>0.0658713654</Y>
      <Z>61.8257027</Z>
    </Rotation>
    <Handle>663810</Handle>
    <Bounds>
      <Vector3>
        <X>-2420.7085</X>
        <Y>-238.677628</Y>
        <Z>14.7991514</Z>
      </Vector3>
      <Vector3>
        <X>-2419.74414</X>
        <Y>-236.876938</Y>
        <Z>14.7968025</Z>
      </Vector3>
      <Vector3>
        <X>-2425.21631</X>
        <Y>-236.263046</Y>
        <Z>14.9400711</Z>
      </Vector3>
      <Vector3>
        <X>-2420.67236</X>
        <Y>-238.695084</Y>
        <Z>16.2544956</Z>
      </Vector3>
      <Vector3>
        <X>-2424.25171</X>
        <Y>-234.462357</Y>
        <Z>14.9377222</Z>
      </Vector3>
      <Vector3>
        <X>-2419.708</X>
        <Y>-236.8944</Y>
        <Z>16.2521477</Z>
      </Vector3>
      <Vector3>
        <X>-2425.18018</X>
        <Y>-236.2805</Y>
        <Z>16.3954163</Z>
      </Vector3>
      <Vector3>
        <X>-2424.21558</X>
        <Y>-234.479813</Y>
        <Z>16.3930683</Z>
      </Vector3>
    </Bounds>
    <CenterCamPosition>
      <X>0</X>
      <Y>0</Y>
    </CenterCamPosition>
    <ScreenBounds />
    <DistanceToCam>0</DistanceToCam>
    <Speed>8.141265</Speed>
    <AccInput>0</AccInput>
    <RPM>1.35798967</RPM>
    <Gear>0</Gear>
    <SteeringAngle>5.853084E-41</SteeringAngle>
    <WheelSpeed>0</WheelSpeed>
    <CarType>Sports</CarType>
  </MyCar>
  <Peds />
  <Time>137664</Time>
  <LastFrameTime>0.0182725</LastFrameTime>
  <MyProperty>0</MyProperty>
  <Weather>Clear</Weather>
  <Steering>127</Steering>
  <Acc>177</Acc>
  <Brake>169</Brake>
  <DayTime>15:16:13</DayTime>
  <Position>
    <X>-2423.36646</X>
    <Y>-236.09343</Y>
    <Z>16.52472</Z>
  </Position>
  <Rotation>
    <X>1.07768154</X>
    <Y>0.5653756</Y>
    <Z>61.8363762</Z>
  </Rotation>
</Screenshot>