<?xml version="1.0" encoding="utf-8"?>
<Screenshot xmlns:xsd="http://www.w3.org/2001/XMLSchema" xmlns:xsi="http://www.w3.org/2001/XMLSchema-instance">
  <Cars />
  <MyCar>
    <Position>
      <X>-2422.3313</X>
      <Y>-236.649048</Y>
      <Z>15.5920238</Z>
    </Position>
    <Rotation>
      <X>1.57762909</X>
      <Y>0.0654757</Y>
      <Z>61.82575</Z>
    </Rotation>
    <Handle>663810</Handle>
    <Bounds>
      <Vector3>
        <X>-2420.57764</X>
        <Y>-238.747849</Y>
        <Z>14.7950983</Z>
      </Vector3>
      <Vector3>
        <X>-2419.61328</X>
        <Y>-236.947159</Y>
        <Z>14.7927637</Z>
      </Vector3>
      <Vector3>
        <X>-2425.08545</X>
        <Y>-236.333267</Y>
        <Z>14.9359379</Z>
      </Vector3>
      <Vector3>
        <X>-2420.5415</X>
        <Y>-238.7653</Y>
        <Z>16.2504444</Z>
      </Vector3>
      <Vector3>
        <X>-2424.12085</X>
        <Y>-234.532578</Y>
        <Z>14.9336033</Z>
      </Vector3>
      <Vector3>
        <X>-2419.57715</X>
        <Y>-236.964615</Y>
        <Z>16.24811</Z>
      </Vector3>
      <Vector3>
        <X>-2425.04932</X>
        <Y>-236.350723</Y>
        <Z>16.391283</Z>
      </Vector3>
      <Vector3>
        <X>-2424.08472</X>
        <Y>-234.550034</Y>
        <Z>16.3889484</Z>
      </Vector3>
    </Bounds>
    <CenterCamPosition>
      <X>0</X>
      <Y>0</Y>
    </CenterCamPosition>
    <ScreenBounds />
    <DistanceToCam>0</DistanceToCam>
    <Speed>8.137926</Speed>
    <AccInput>0</AccInput>
    <RPM>1.35798967</RPM>
    <Gear>0</Gear>
    <SteeringAngle>5.853084E-41</SteeringAngle>
    <WheelSpeed>0</WheelSpeed>
    <CarType>Sports</CarType>
  </MyCar>
  <Peds />
  <Time>137646</Time>
  <LastFrameTime>0.04768736</LastFrameTime>
  <MyProperty>0</MyProperty>
  <Weather>Clear</Weather>
  <Steering>127</Steering>
  <Acc>177</Acc>
  <Brake>169</Brake>
  <DayTime>15:16:13</DayTime>
  <Position>
    <X>-2423.02466</X>
    <Y>-236.276611</Y>
    <Z>16.5140419</Z>
  </Position>
  <Rotation>
    <X>1.07581246</X>
    <Y>0.5633349</Y>
    <Z>61.8364525</Z>
  </Rotation>
</Screenshot>