<?xml version="1.0" encoding="utf-8"?>
<Screenshot xmlns:xsd="http://www.w3.org/2001/XMLSchema" xmlns:xsi="http://www.w3.org/2001/XMLSchema-instance">
  <Cars />
  <MyCar>
    <Position>
      <X>-2422.59521</X>
      <Y>-236.507538</Y>
      <Z>15.6002378</Z>
    </Position>
    <Rotation>
      <X>1.58001661</X>
      <Y>0.06585643</Y>
      <Z>61.8256454</Z>
    </Rotation>
    <Handle>663810</Handle>
    <Bounds>
      <Vector3>
        <X>-2420.84155</X>
        <Y>-238.606323</Y>
        <Z>14.8032141</Z>
      </Vector3>
      <Vector3>
        <X>-2419.8772</X>
        <Y>-236.805634</Y>
        <Z>14.8008661</Z>
      </Vector3>
      <Vector3>
        <X>-2425.34937</X>
        <Y>-236.191742</Y>
        <Z>14.9442663</Z>
      </Vector3>
      <Vector3>
        <X>-2420.80542</X>
        <Y>-238.62381</Y>
        <Z>16.2585564</Z>
      </Vector3>
      <Vector3>
        <X>-2424.38477</X>
        <Y>-234.391052</Y>
        <Z>14.9419184</Z>
      </Vector3>
      <Vector3>
        <X>-2419.841</X>
        <Y>-236.82312</Y>
        <Z>16.2562084</Z>
      </Vector3>
      <Vector3>
        <X>-2425.31323</X>
        <Y>-236.209229</Y>
        <Z>16.3996086</Z>
      </Vector3>
      <Vector3>
        <X>-2424.34863</X>
        <Y>-234.408524</Y>
        <Z>16.39726</Z>
      </Vector3>
    </Bounds>
    <CenterCamPosition>
      <X>0</X>
      <Y>0</Y>
    </CenterCamPosition>
    <ScreenBounds />
    <DistanceToCam>0</DistanceToCam>
    <Speed>8.144685</Speed>
    <AccInput>0</AccInput>
    <RPM>1.35798967</RPM>
    <Gear>0</Gear>
    <SteeringAngle>5.853084E-41</SteeringAngle>
    <WheelSpeed>0</WheelSpeed>
    <CarType>Sports</CarType>
  </MyCar>
  <Peds />
  <Time>137683</Time>
  <LastFrameTime>0.0185433943</LastFrameTime>
  <MyProperty>0</MyProperty>
  <Weather>Clear</Weather>
  <Steering>127</Steering>
  <Acc>177</Acc>
  <Brake>169</Brake>
  <DayTime>15:16:13</DayTime>
  <Position>
    <X>-2423.49731</X>
    <Y>-236.023209</Y>
    <Z>16.5288239</Z>
  </Position>
  <Rotation>
    <X>1.078586</X>
    <Y>0.5657711</Y>
    <Z>61.8363571</Z>
  </Rotation>
</Screenshot>