<?xml version="1.0" encoding="utf-8"?>
<Screenshot xmlns:xsd="http://www.w3.org/2001/XMLSchema" xmlns:xsi="http://www.w3.org/2001/XMLSchema-instance">
  <Cars />
  <MyCar>
    <Position>
      <X>-2422.94556</X>
      <Y>-236.3198</Y>
      <Z>15.6111317</Z>
    </Position>
    <Rotation>
      <X>1.58336663</X>
      <Y>0.0663014054</Y>
      <Z>61.82553</Z>
    </Rotation>
    <Handle>663810</Handle>
    <Bounds>
      <Vector3>
        <X>-2421.19214</X>
        <Y>-238.418579</Y>
        <Z>14.8139668</Z>
      </Vector3>
      <Vector3>
        <X>-2420.22754</X>
        <Y>-236.617889</Y>
        <Z>14.8116035</Z>
      </Vector3>
      <Vector3>
        <X>-2425.69971</X>
        <Y>-236.003983</Y>
        <Z>14.9553185</Z>
      </Vector3>
      <Vector3>
        <X>-2421.15576</X>
        <Y>-238.436081</Y>
        <Z>16.2693081</Z>
      </Vector3>
      <Vector3>
        <X>-2424.735</X>
        <Y>-234.2033</Y>
        <Z>14.9529543</Z>
      </Vector3>
      <Vector3>
        <X>-2420.19141</X>
        <Y>-236.635391</Y>
        <Z>16.2669449</Z>
      </Vector3>
      <Vector3>
        <X>-2425.66333</X>
        <Y>-236.021484</Y>
        <Z>16.41066</Z>
      </Vector3>
      <Vector3>
        <X>-2424.699</X>
        <Y>-234.2208</Y>
        <Z>16.4082966</Z>
      </Vector3>
    </Bounds>
    <CenterCamPosition>
      <X>0</X>
      <Y>0</Y>
    </CenterCamPosition>
    <ScreenBounds />
    <DistanceToCam>0</DistanceToCam>
    <Speed>8.153659</Speed>
    <AccInput>0</AccInput>
    <RPM>1.35798967</RPM>
    <Gear>0</Gear>
    <SteeringAngle>5.853084E-41</SteeringAngle>
    <WheelSpeed>0</WheelSpeed>
    <CarType>Sports</CarType>
  </MyCar>
  <Peds />
  <Time>137731</Time>
  <LastFrameTime>0.0487870723</LastFrameTime>
  <MyProperty>0</MyProperty>
  <Weather>Clear</Weather>
  <Steering>127</Steering>
  <Acc>177</Acc>
  <Brake>169</Brake>
  <DayTime>15:16:13</DayTime>
  <Position>
    <X>-2423.63013</X>
    <Y>-235.951935</Y>
    <Z>16.5329819</Z>
  </Position>
  <Rotation>
    <X>1.08006918</X>
    <Y>0.565755844</Y>
    <Z>61.8363075</Z>
  </Rotation>
</Screenshot>