<?xml version="1.0" encoding="utf-8"?>
<Screenshot xmlns:xsd="http://www.w3.org/2001/XMLSchema" xmlns:xsi="http://www.w3.org/2001/XMLSchema-instance">
  <Cars />
  <MyCar>
    <Position>
      <X>-2423.18433</X>
      <Y>-236.191772</Y>
      <Z>15.6185589</Z>
    </Position>
    <Rotation>
      <X>1.58645451</X>
      <Y>0.0659756362</Y>
      <Z>61.8254433</Z>
    </Rotation>
    <Handle>663810</Handle>
    <Bounds>
      <Vector3>
        <X>-2421.431</X>
        <Y>-238.290527</Y>
        <Z>14.8212519</Z>
      </Vector3>
      <Vector3>
        <X>-2420.46631</X>
        <Y>-236.489838</Y>
        <Z>14.8188992</Z>
      </Vector3>
      <Vector3>
        <X>-2425.93848</X>
        <Y>-235.875931</Y>
        <Z>14.9628782</Z>
      </Vector3>
      <Vector3>
        <X>-2421.39453</X>
        <Y>-238.30809</Y>
        <Z>16.27659</Z>
      </Vector3>
      <Vector3>
        <X>-2424.974</X>
        <Y>-234.075241</Y>
        <Z>14.9605265</Z>
      </Vector3>
      <Vector3>
        <X>-2420.43</X>
        <Y>-236.5074</Y>
        <Z>16.2742386</Z>
      </Vector3>
      <Vector3>
        <X>-2425.902</X>
        <Y>-235.8935</Y>
        <Z>16.4182186</Z>
      </Vector3>
      <Vector3>
        <X>-2424.93774</X>
        <Y>-234.0928</Y>
        <Z>16.4158649</Z>
      </Vector3>
    </Bounds>
    <CenterCamPosition>
      <X>0</X>
      <Y>0</Y>
    </CenterCamPosition>
    <ScreenBounds />
    <DistanceToCam>0</DistanceToCam>
    <Speed>8.159722</Speed>
    <AccInput>0</AccInput>
    <RPM>1.35798967</RPM>
    <Gear>0</Gear>
    <SteeringAngle>5.853084E-41</SteeringAngle>
    <WheelSpeed>0</WheelSpeed>
    <CarType>Sports</CarType>
  </MyCar>
  <Peds />
  <Time>137765</Time>
  <LastFrameTime>0.0332402736</LastFrameTime>
  <MyProperty>0</MyProperty>
  <Weather>Clear</Weather>
  <Steering>127</Steering>
  <Acc>177</Acc>
  <Brake>169</Brake>
  <DayTime>15:16:13</DayTime>
  <Position>
    <X>-2423.98047</X>
    <Y>-235.7642</Y>
    <Z>16.5439453</Z>
  </Position>
  <Rotation>
    <X>1.08341932</X>
    <Y>0.5662002</Y>
    <Z>61.83624</Z>
  </Rotation>
</Screenshot>