<?xml version="1.0" encoding="utf-8"?>
<Screenshot xmlns:xsd="http://www.w3.org/2001/XMLSchema" xmlns:xsi="http://www.w3.org/2001/XMLSchema-instance">
  <Cars />
  <MyCar>
    <Position>
      <X>-2423.76465</X>
      <Y>-235.8809</Y>
      <Z>15.6365833</Z>
    </Position>
    <Rotation>
      <X>1.59205437</X>
      <Y>0.06592643</Y>
      <Z>61.82527</Z>
    </Rotation>
    <Handle>663810</Handle>
    <Bounds>
      <Vector3>
        <X>-2422.01123</X>
        <Y>-237.97963</Y>
        <Z>14.8390274</Z>
      </Vector3>
      <Vector3>
        <X>-2421.04663</X>
        <Y>-236.17894</Y>
        <Z>14.8366766</Z>
      </Vector3>
      <Vector3>
        <X>-2426.5188</X>
        <Y>-235.565033</Y>
        <Z>14.9811544</Z>
      </Vector3>
      <Vector3>
        <X>-2421.97485</X>
        <Y>-237.997253</Y>
        <Z>16.294363</Z>
      </Vector3>
      <Vector3>
        <X>-2425.55444</X>
        <Y>-233.764343</Y>
        <Z>14.9788036</Z>
      </Vector3>
      <Vector3>
        <X>-2421.01025</X>
        <Y>-236.196564</Y>
        <Z>16.2920132</Z>
      </Vector3>
      <Vector3>
        <X>-2426.48242</X>
        <Y>-235.582642</Y>
        <Z>16.43649</Z>
      </Vector3>
      <Vector3>
        <X>-2425.51782</X>
        <Y>-233.781967</Y>
        <Z>16.43414</Z>
      </Vector3>
    </Bounds>
    <CenterCamPosition>
      <X>0</X>
      <Y>0</Y>
    </CenterCamPosition>
    <ScreenBounds />
    <DistanceToCam>0</DistanceToCam>
    <Speed>8.174433</Speed>
    <AccInput>0</AccInput>
    <RPM>1.35798967</RPM>
    <Gear>0</Gear>
    <SteeringAngle>5.853084E-41</SteeringAngle>
    <WheelSpeed>0</WheelSpeed>
    <CarType>Sports</CarType>
  </MyCar>
  <Peds />
  <Time>137845</Time>
  <LastFrameTime>0.0329346247</LastFrameTime>
  <MyProperty>0</MyProperty>
  <Weather>Clear</Weather>
  <Steering>127</Steering>
  <Acc>177</Acc>
  <Brake>169</Brake>
  <DayTime>15:16:13</DayTime>
  <Position>
    <X>-2424.56226</X>
    <Y>-235.452438</Y>
    <Z>16.5621433</Z>
  </Position>
  <Rotation>
    <X>1.08942366</X>
    <Y>0.5660246</Y>
    <Z>61.8361</Z>
  </Rotation>
</Screenshot>