<?xml version="1.0" encoding="utf-8"?>
<Screenshot xmlns:xsd="http://www.w3.org/2001/XMLSchema" xmlns:xsi="http://www.w3.org/2001/XMLSchema-instance">
  <Cars />
  <MyCar>
    <Position>
      <X>-2423.90918</X>
      <Y>-235.803558</Y>
      <Z>15.64107</Z>
    </Position>
    <Rotation>
      <X>1.59357667</X>
      <Y>0.06606736</Y>
      <Z>61.8252373</Z>
    </Rotation>
    <Handle>663810</Handle>
    <Bounds>
      <Vector3>
        <X>-2422.15576</X>
        <Y>-237.902283</Y>
        <Z>14.84345</Z>
      </Vector3>
      <Vector3>
        <X>-2421.19141</X>
        <Y>-236.1016</Y>
        <Z>14.841094</Z>
      </Vector3>
      <Vector3>
        <X>-2426.66333</X>
        <Y>-235.487671</Y>
        <Z>14.9857121</Z>
      </Vector3>
      <Vector3>
        <X>-2422.11938</X>
        <Y>-237.919922</Y>
        <Z>16.2987823</Z>
      </Vector3>
      <Vector3>
        <X>-2425.699</X>
        <Y>-233.686981</Y>
        <Z>14.9833565</Z>
      </Vector3>
      <Vector3>
        <X>-2421.15479</X>
        <Y>-236.119232</Y>
        <Z>16.2964268</Z>
      </Vector3>
      <Vector3>
        <X>-2426.627</X>
        <Y>-235.50531</Y>
        <Z>16.4410458</Z>
      </Vector3>
      <Vector3>
        <X>-2425.66235</X>
        <Y>-233.70462</Y>
        <Z>16.43869</Z>
      </Vector3>
    </Bounds>
    <CenterCamPosition>
      <X>0</X>
      <Y>0</Y>
    </CenterCamPosition>
    <ScreenBounds />
    <DistanceToCam>0</DistanceToCam>
    <Speed>8.178078</Speed>
    <AccInput>0</AccInput>
    <RPM>1.35798967</RPM>
    <Gear>0</Gear>
    <SteeringAngle>5.853084E-41</SteeringAngle>
    <WheelSpeed>0</WheelSpeed>
    <CarType>Sports</CarType>
  </MyCar>
  <Peds />
  <Time>137865</Time>
  <LastFrameTime>0.0200344</LastFrameTime>
  <MyProperty>0</MyProperty>
  <Weather>Clear</Weather>
  <Steering>127</Steering>
  <Acc>177</Acc>
  <Brake>169</Brake>
  <DayTime>15:16:13</DayTime>
  <Position>
    <X>-2424.79956</X>
    <Y>-235.3254</Y>
    <Z>16.5695744</Z>
  </Position>
  <Rotation>
    <X>1.09210765</X>
    <Y>0.565823555</Y>
    <Z>61.8360558</Z>
  </Rotation>
</Screenshot>