<?xml version="1.0" encoding="utf-8"?>
<Screenshot xmlns:xsd="http://www.w3.org/2001/XMLSchema" xmlns:xsi="http://www.w3.org/2001/XMLSchema-instance">
  <Cars />
  <MyCar>
    <Position>
      <X>-2423.52734</X>
      <Y>-236.00798</Y>
      <Z>15.6292076</Z>
    </Position>
    <Rotation>
      <X>1.58937061</X>
      <Y>0.0661269054</Y>
      <Z>61.8253441</Z>
    </Rotation>
    <Handle>663810</Handle>
    <Bounds>
      <Vector3>
        <X>-2421.774</X>
        <Y>-238.10672</Y>
        <Z>14.8317738</Z>
      </Vector3>
      <Vector3>
        <X>-2420.80933</X>
        <Y>-236.30603</Y>
        <Z>14.8294163</Z>
      </Vector3>
      <Vector3>
        <X>-2426.28149</X>
        <Y>-235.692123</Y>
        <Z>14.9736614</Z>
      </Vector3>
      <Vector3>
        <X>-2421.73755</X>
        <Y>-238.124313</Y>
        <Z>16.2871113</Z>
      </Vector3>
      <Vector3>
        <X>-2425.31714</X>
        <Y>-233.891434</Y>
        <Z>14.9713039</Z>
      </Vector3>
      <Vector3>
        <X>-2420.773</X>
        <Y>-236.323624</Y>
        <Z>16.2847538</Z>
      </Vector3>
      <Vector3>
        <X>-2426.245</X>
        <Y>-235.7097</Y>
        <Z>16.4289989</Z>
      </Vector3>
      <Vector3>
        <X>-2425.28076</X>
        <Y>-233.909027</Y>
        <Z>16.4266415</Z>
      </Vector3>
    </Bounds>
    <CenterCamPosition>
      <X>0</X>
      <Y>0</Y>
    </CenterCamPosition>
    <ScreenBounds />
    <DistanceToCam>0</DistanceToCam>
    <Speed>8.168437</Speed>
    <AccInput>0</AccInput>
    <RPM>1.35798967</RPM>
    <Gear>0</Gear>
    <SteeringAngle>5.853084E-41</SteeringAngle>
    <WheelSpeed>0</WheelSpeed>
    <CarType>Sports</CarType>
  </MyCar>
  <Peds />
  <Time>137812</Time>
  <LastFrameTime>0.0476702936</LastFrameTime>
  <MyProperty>0</MyProperty>
  <Weather>Clear</Weather>
  <Steering>127</Steering>
  <Acc>177</Acc>
  <Brake>169</Brake>
  <DayTime>15:16:13</DayTime>
  <Position>
    <X>-2424.21924</X>
    <Y>-235.636215</Y>
    <Z>16.5514355</Z>
  </Position>
  <Rotation>
    <X>1.08650732</X>
    <Y>0.565873861</Y>
    <Z>61.83617</Z>
  </Rotation>
</Screenshot>