<?xml version="1.0" encoding="utf-8"?>
<Screenshot xmlns:xsd="http://www.w3.org/2001/XMLSchema" xmlns:xsi="http://www.w3.org/2001/XMLSchema-instance">
  <Cars />
  <MyCar>
    <Position>
      <X>-2424.50342</X>
      <Y>-235.485077</Y>
      <Z>15.6595373</Z>
    </Position>
    <Rotation>
      <X>1.59822881</X>
      <Y>0.0672787</Y>
      <Z>61.82512</Z>
    </Rotation>
    <Handle>663810</Handle>
    <Bounds>
      <Vector3>
        <X>-2422.75</X>
        <Y>-237.583786</Y>
        <Z>14.8617325</Z>
      </Vector3>
      <Vector3>
        <X>-2421.78564</X>
        <Y>-235.7831</Y>
        <Z>14.859333</Z>
      </Vector3>
      <Vector3>
        <X>-2427.25781</X>
        <Y>-235.169174</Y>
        <Z>15.00441</Z>
      </Vector3>
      <Vector3>
        <X>-2422.71338</X>
        <Y>-237.601456</Y>
        <Z>16.3170624</Z>
      </Vector3>
      <Vector3>
        <X>-2426.29321</X>
        <Y>-233.368484</Y>
        <Z>15.0020113</Z>
      </Vector3>
      <Vector3>
        <X>-2421.749</X>
        <Y>-235.800766</Y>
        <Z>16.3146629</Z>
      </Vector3>
      <Vector3>
        <X>-2427.22119</X>
        <Y>-235.186844</Y>
        <Z>16.45974</Z>
      </Vector3>
      <Vector3>
        <X>-2426.25659</X>
        <Y>-233.386154</Y>
        <Z>16.4573421</Z>
      </Vector3>
    </Bounds>
    <CenterCamPosition>
      <X>0</X>
      <Y>0</Y>
    </CenterCamPosition>
    <ScreenBounds />
    <DistanceToCam>0</DistanceToCam>
    <Speed>8.193005</Speed>
    <AccInput>0</AccInput>
    <RPM>1.35798967</RPM>
    <Gear>0</Gear>
    <SteeringAngle>5.853084E-41</SteeringAngle>
    <WheelSpeed>0</WheelSpeed>
    <CarType>Sports</CarType>
  </MyCar>
  <Peds />
  <Time>137948</Time>
  <LastFrameTime>0.0170604568</LastFrameTime>
  <MyProperty>0</MyProperty>
  <Weather>Clear</Weather>
  <Steering>127</Steering>
  <Acc>177</Acc>
  <Brake>169</Brake>
  <DayTime>15:16:13</DayTime>
  <Position>
    <X>-2425.415</X>
    <Y>-234.99556</Y>
    <Z>16.5888119</Z>
  </Position>
  <Rotation>
    <X>1.09809792</X>
    <Y>0.567538738</Y>
    <Z>61.8360367</Z>
  </Rotation>
</Screenshot>