<?xml version="1.0" encoding="utf-8"?>
<Screenshot xmlns:xsd="http://www.w3.org/2001/XMLSchema" xmlns:xsi="http://www.w3.org/2001/XMLSchema-instance">
  <Cars />
  <MyCar>
    <Position>
      <X>-2424.38037</X>
      <Y>-235.551056</Y>
      <Z>15.6556978</Z>
    </Position>
    <Rotation>
      <X>1.5980438</X>
      <Y>0.067643</Y>
      <Z>61.82516</Z>
    </Rotation>
    <Handle>663810</Handle>
    <Bounds>
      <Vector3>
        <X>-2422.627</X>
        <Y>-237.649765</Y>
        <Z>14.8579073</Z>
      </Vector3>
      <Vector3>
        <X>-2421.6626</X>
        <Y>-235.849091</Y>
        <Z>14.8554955</Z>
      </Vector3>
      <Vector3>
        <X>-2427.13477</X>
        <Y>-235.235153</Y>
        <Z>15.0005684</Z>
      </Vector3>
      <Vector3>
        <X>-2422.59033</X>
        <Y>-237.667419</Y>
        <Z>16.3132381</Z>
      </Vector3>
      <Vector3>
        <X>-2426.17017</X>
        <Y>-233.434479</Y>
        <Z>14.9981565</Z>
      </Vector3>
      <Vector3>
        <X>-2421.626</X>
        <Y>-235.866745</Y>
        <Z>16.3108253</Z>
      </Vector3>
      <Vector3>
        <X>-2427.09814</X>
        <Y>-235.2528</Y>
        <Z>16.4558983</Z>
      </Vector3>
      <Vector3>
        <X>-2426.13354</X>
        <Y>-233.452133</Y>
        <Z>16.4534874</Z>
      </Vector3>
    </Bounds>
    <CenterCamPosition>
      <X>0</X>
      <Y>0</Y>
    </CenterCamPosition>
    <ScreenBounds />
    <DistanceToCam>0</DistanceToCam>
    <Speed>8.18994</Speed>
    <AccInput>0</AccInput>
    <RPM>1.35798967</RPM>
    <Gear>0</Gear>
    <SteeringAngle>5.853084E-41</SteeringAngle>
    <WheelSpeed>0</WheelSpeed>
    <CarType>Sports</CarType>
  </MyCar>
  <Peds />
  <Time>137931</Time>
  <LastFrameTime>0.0188279431</LastFrameTime>
  <MyProperty>0</MyProperty>
  <Weather>Clear</Weather>
  <Steering>127</Steering>
  <Acc>177</Acc>
  <Brake>169</Brake>
  <DayTime>15:16:13</DayTime>
  <Position>
    <X>-2425.2793</X>
    <Y>-235.068359</Y>
    <Z>16.58456</Z>
  </Position>
  <Rotation>
    <X>1.09661043</X>
    <Y>0.5672159</Y>
    <Z>61.83603</Z>
  </Rotation>
</Screenshot>