<?xml version="1.0" encoding="utf-8"?>
<Screenshot xmlns:xsd="http://www.w3.org/2001/XMLSchema" xmlns:xsi="http://www.w3.org/2001/XMLSchema-instance">
  <Cars />
  <MyCar>
    <Position>
      <X>-2424.24463</X>
      <Y>-235.623856</Y>
      <Z>15.6514769</Z>
    </Position>
    <Rotation>
      <X>1.59655654</X>
      <Y>0.0673198</Y>
      <Z>61.82518</Z>
    </Rotation>
    <Handle>663810</Handle>
    <Bounds>
      <Vector3>
        <X>-2422.49121</X>
        <Y>-237.722565</Y>
        <Z>14.8537464</Z>
      </Vector3>
      <Vector3>
        <X>-2421.52686</X>
        <Y>-235.92189</Y>
        <Z>14.851346</Z>
      </Vector3>
      <Vector3>
        <X>-2426.999</X>
        <Y>-235.307968</Y>
        <Z>14.9962749</Z>
      </Vector3>
      <Vector3>
        <X>-2422.45483</X>
        <Y>-237.740219</Y>
        <Z>16.3090782</Z>
      </Vector3>
      <Vector3>
        <X>-2426.03442</X>
        <Y>-233.507278</Y>
        <Z>14.9938745</Z>
      </Vector3>
      <Vector3>
        <X>-2421.49023</X>
        <Y>-235.939529</Y>
        <Z>16.3066769</Z>
      </Vector3>
      <Vector3>
        <X>-2426.9624</X>
        <Y>-235.3256</Y>
        <Z>16.4516068</Z>
      </Vector3>
      <Vector3>
        <X>-2425.9978</X>
        <Y>-233.524918</Y>
        <Z>16.4492054</Z>
      </Vector3>
    </Bounds>
    <CenterCamPosition>
      <X>0</X>
      <Y>0</Y>
    </CenterCamPosition>
    <ScreenBounds />
    <DistanceToCam>0</DistanceToCam>
    <Speed>8.186534</Speed>
    <AccInput>0</AccInput>
    <RPM>1.35798967</RPM>
    <Gear>0</Gear>
    <SteeringAngle>5.853084E-41</SteeringAngle>
    <WheelSpeed>0</WheelSpeed>
    <CarType>Sports</CarType>
  </MyCar>
  <Peds />
  <Time>137912</Time>
  <LastFrameTime>0.0465069674</LastFrameTime>
  <MyProperty>0</MyProperty>
  <Weather>Clear</Weather>
  <Steering>127</Steering>
  <Acc>177</Acc>
  <Brake>169</Brake>
  <DayTime>15:16:13</DayTime>
  <Position>
    <X>-2424.944</X>
    <Y>-235.248047</Y>
    <Z>16.5740929</Z>
  </Position>
  <Rotation>
    <X>1.09363</X>
    <Y>0.5659641</Y>
    <Z>61.83604</Z>
  </Rotation>
</Screenshot>