<?xml version="1.0" encoding="utf-8"?>
<Screenshot xmlns:xsd="http://www.w3.org/2001/XMLSchema" xmlns:xsi="http://www.w3.org/2001/XMLSchema-instance">
  <Cars />
  <MyCar>
    <Position>
      <X>-2424.84741</X>
      <Y>-235.3007</Y>
      <Z>15.6702938</Z>
    </Position>
    <Rotation>
      <X>1.59823692</X>
      <Y>0.06855109</Y>
      <Z>61.82508</Z>
    </Rotation>
    <Handle>663810</Handle>
    <Bounds>
      <Vector3>
        <X>-2423.094</X>
        <Y>-237.399429</Y>
        <Z>14.8725109</Z>
      </Vector3>
      <Vector3>
        <X>-2422.12964</X>
        <Y>-235.598755</Y>
        <Z>14.8700666</Z>
      </Vector3>
      <Vector3>
        <X>-2427.60181</X>
        <Y>-234.9848</Y>
        <Z>15.0151892</Z>
      </Vector3>
      <Vector3>
        <X>-2423.05737</X>
        <Y>-237.417068</Y>
        <Z>16.3278427</Z>
      </Vector3>
      <Vector3>
        <X>-2426.63721</X>
        <Y>-233.184128</Y>
        <Z>15.0127459</Z>
      </Vector3>
      <Vector3>
        <X>-2422.093</X>
        <Y>-235.616379</Y>
        <Z>16.3253975</Z>
      </Vector3>
      <Vector3>
        <X>-2427.56519</X>
        <Y>-235.002441</Y>
        <Z>16.47052</Z>
      </Vector3>
      <Vector3>
        <X>-2426.60059</X>
        <Y>-233.201767</Y>
        <Z>16.4680767</Z>
      </Vector3>
    </Bounds>
    <CenterCamPosition>
      <X>0</X>
      <Y>0</Y>
    </CenterCamPosition>
    <ScreenBounds />
    <DistanceToCam>0</DistanceToCam>
    <Speed>8.201538</Speed>
    <AccInput>0</AccInput>
    <RPM>1.35798967</RPM>
    <Gear>0</Gear>
    <SteeringAngle>5.853084E-41</SteeringAngle>
    <WheelSpeed>0</WheelSpeed>
    <CarType>Sports</CarType>
  </MyCar>
  <Peds />
  <Time>137995</Time>
  <LastFrameTime>0.04762623</LastFrameTime>
  <MyProperty>0</MyProperty>
  <Weather>Clear</Weather>
  <Steering>127</Steering>
  <Acc>177</Acc>
  <Brake>169</Brake>
  <DayTime>15:16:13</DayTime>
  <Position>
    <X>-2425.538</X>
    <Y>-234.929581</Y>
    <Z>16.5926552</Z>
  </Position>
  <Rotation>
    <X>1.09828258</X>
    <Y>0.5671745</Y>
    <Z>61.8359871</Z>
  </Rotation>
</Screenshot>