<?xml version="1.0" encoding="utf-8"?>
<Screenshot xmlns:xsd="http://www.w3.org/2001/XMLSchema" xmlns:xsi="http://www.w3.org/2001/XMLSchema-instance">
  <Cars />
  <MyCar>
    <Position>
      <X>-2424.98364</X>
      <Y>-235.2277</Y>
      <Z>15.6745605</Z>
    </Position>
    <Rotation>
      <X>1.59738338</X>
      <Y>0.06860126</Y>
      <Z>61.8250465</Z>
    </Rotation>
    <Handle>663810</Handle>
    <Bounds>
      <Vector3>
        <X>-2423.23022</X>
        <Y>-237.326431</Y>
        <Z>14.8768167</Z>
      </Vector3>
      <Vector3>
        <X>-2422.26587</X>
        <Y>-235.525757</Y>
        <Z>14.8743706</Z>
      </Vector3>
      <Vector3>
        <X>-2427.738</X>
        <Y>-234.911819</Y>
        <Z>15.0194187</Z>
      </Vector3>
      <Vector3>
        <X>-2423.19385</X>
        <Y>-237.34407</Y>
        <Z>16.3321476</Z>
      </Vector3>
      <Vector3>
        <X>-2426.77344</X>
        <Y>-233.11113</Y>
        <Z>15.0169725</Z>
      </Vector3>
      <Vector3>
        <X>-2422.22925</X>
        <Y>-235.543381</Y>
        <Z>16.3297024</Z>
      </Vector3>
      <Vector3>
        <X>-2427.70142</X>
        <Y>-234.929443</Y>
        <Z>16.47475</Z>
      </Vector3>
      <Vector3>
        <X>-2426.73682</X>
        <Y>-233.128754</Y>
        <Z>16.4723053</Z>
      </Vector3>
    </Bounds>
    <CenterCamPosition>
      <X>0</X>
      <Y>0</Y>
    </CenterCamPosition>
    <ScreenBounds />
    <DistanceToCam>0</DistanceToCam>
    <Speed>8.204908</Speed>
    <AccInput>0</AccInput>
    <RPM>1.35798967</RPM>
    <Gear>0</Gear>
    <SteeringAngle>5.853084E-41</SteeringAngle>
    <WheelSpeed>0</WheelSpeed>
    <CarType>Sports</CarType>
  </MyCar>
  <Peds />
  <Time>138014</Time>
  <LastFrameTime>0.0188462511</LastFrameTime>
  <MyProperty>0</MyProperty>
  <Weather>Clear</Weather>
  <Steering>127</Steering>
  <Acc>177</Acc>
  <Brake>169</Brake>
  <DayTime>15:16:13</DayTime>
  <Position>
    <X>-2425.882</X>
    <Y>-234.7452</Y>
    <Z>16.6034126</Z>
  </Position>
  <Rotation>
    <X>1.098291</X>
    <Y>0.5684467</Y>
    <Z>61.83598</Z>
  </Rotation>
</Screenshot>