<?xml version="1.0" encoding="utf-8"?>
<Screenshot xmlns:xsd="http://www.w3.org/2001/XMLSchema" xmlns:xsi="http://www.w3.org/2001/XMLSchema-instance">
  <Cars />
  <MyCar>
    <Position>
      <X>-2425.32959</X>
      <Y>-235.042374</Y>
      <Z>15.6853724</Z>
    </Position>
    <Rotation>
      <X>1.59705853</X>
      <Y>0.06936373</Y>
      <Z>61.8249855</Z>
    </Rotation>
    <Handle>663810</Handle>
    <Bounds>
      <Vector3>
        <X>-2423.57617</X>
        <Y>-237.141113</Y>
        <Z>14.8876562</Z>
      </Vector3>
      <Vector3>
        <X>-2422.61182</X>
        <Y>-235.340439</Y>
        <Z>14.8851833</Z>
      </Vector3>
      <Vector3>
        <X>-2428.084</X>
        <Y>-234.726486</Y>
        <Z>15.03023</Z>
      </Vector3>
      <Vector3>
        <X>-2423.53979</X>
        <Y>-237.158722</Y>
        <Z>16.3429871</Z>
      </Vector3>
      <Vector3>
        <X>-2427.11938</X>
        <Y>-232.925812</Y>
        <Z>15.0277567</Z>
      </Vector3>
      <Vector3>
        <X>-2422.5752</X>
        <Y>-235.358047</Y>
        <Z>16.3405132</Z>
      </Vector3>
      <Vector3>
        <X>-2428.04736</X>
        <Y>-234.7441</Y>
        <Z>16.48556</Z>
      </Vector3>
      <Vector3>
        <X>-2427.08276</X>
        <Y>-232.94342</Y>
        <Z>16.4830875</Z>
      </Vector3>
    </Bounds>
    <CenterCamPosition>
      <X>0</X>
      <Y>0</Y>
    </CenterCamPosition>
    <ScreenBounds />
    <DistanceToCam>0</DistanceToCam>
    <Speed>8.213456</Speed>
    <AccInput>0</AccInput>
    <RPM>1.35798967</RPM>
    <Gear>0</Gear>
    <SteeringAngle>5.853084E-41</SteeringAngle>
    <WheelSpeed>0</WheelSpeed>
    <CarType>Sports</CarType>
  </MyCar>
  <Peds />
  <Time>138062</Time>
  <LastFrameTime>0.0478068255</LastFrameTime>
  <MyProperty>0</MyProperty>
  <Weather>Clear</Weather>
  <Steering>127</Steering>
  <Acc>177</Acc>
  <Brake>169</Brake>
  <DayTime>15:16:13</DayTime>
  <Position>
    <X>-2426.01831</X>
    <Y>-234.6722</Y>
    <Z>16.6076622</Z>
  </Position>
  <Rotation>
    <X>1.09743726</X>
    <Y>0.568496943</Y>
    <Z>61.83594</Z>
  </Rotation>
</Screenshot>