<?xml version="1.0" encoding="utf-8"?>
<Screenshot xmlns:xsd="http://www.w3.org/2001/XMLSchema" xmlns:xsi="http://www.w3.org/2001/XMLSchema-instance">
  <Cars />
  <MyCar>
    <Position>
      <X>-2425.46826</X>
      <Y>-234.96817</Y>
      <Z>15.6897106</Z>
    </Position>
    <Rotation>
      <X>1.59638214</X>
      <Y>0.0691313</Y>
      <Z>61.8249359</Z>
    </Rotation>
    <Handle>663810</Handle>
    <Bounds>
      <Vector3>
        <X>-2423.71484</X>
        <Y>-237.06691</Y>
        <Z>14.89202</Z>
      </Vector3>
      <Vector3>
        <X>-2422.75049</X>
        <Y>-235.266235</Y>
        <Z>14.8895559</Z>
      </Vector3>
      <Vector3>
        <X>-2428.22266</X>
        <Y>-234.652283</Y>
        <Z>15.0345335</Z>
      </Vector3>
      <Vector3>
        <X>-2423.67847</X>
        <Y>-237.084518</Y>
        <Z>16.347353</Z>
      </Vector3>
      <Vector3>
        <X>-2427.258</X>
        <Y>-232.851608</Y>
        <Z>15.0320683</Z>
      </Vector3>
      <Vector3>
        <X>-2422.71387</X>
        <Y>-235.283844</Y>
        <Z>16.3448868</Z>
      </Vector3>
      <Vector3>
        <X>-2428.186</X>
        <Y>-234.669891</Y>
        <Z>16.4898663</Z>
      </Vector3>
      <Vector3>
        <X>-2427.22144</X>
        <Y>-232.8692</Y>
        <Z>16.4874</Z>
      </Vector3>
    </Bounds>
    <CenterCamPosition>
      <X>0</X>
      <Y>0</Y>
    </CenterCamPosition>
    <ScreenBounds />
    <DistanceToCam>0</DistanceToCam>
    <Speed>8.216868</Speed>
    <AccInput>0</AccInput>
    <RPM>1.35798967</RPM>
    <Gear>0</Gear>
    <SteeringAngle>5.853084E-41</SteeringAngle>
    <WheelSpeed>0</WheelSpeed>
    <CarType>Sports</CarType>
  </MyCar>
  <Peds />
  <Time>138081</Time>
  <LastFrameTime>0.0191314183</LastFrameTime>
  <MyProperty>0</MyProperty>
  <Weather>Clear</Weather>
  <Steering>127</Steering>
  <Acc>177</Acc>
  <Brake>169</Brake>
  <DayTime>15:16:13</DayTime>
  <Position>
    <X>-2426.36426</X>
    <Y>-234.486847</Y>
    <Z>16.6184654</Z>
  </Position>
  <Rotation>
    <X>1.09711254</X>
    <Y>0.569259346</Y>
    <Z>61.8358841</Z>
  </Rotation>
</Screenshot>