<?xml version="1.0" encoding="utf-8"?>
<Screenshot xmlns:xsd="http://www.w3.org/2001/XMLSchema" xmlns:xsi="http://www.w3.org/2001/XMLSchema-instance">
  <Cars />
  <MyCar>
    <Position>
      <X>-2425.81348</X>
      <Y>-234.783218</Y>
      <Z>15.7005014</Z>
    </Position>
    <Rotation>
      <X>1.59661031</X>
      <Y>0.069198586</Y>
      <Z>61.82485</Z>
    </Rotation>
    <Handle>663810</Handle>
    <Bounds>
      <Vector3>
        <X>-2424.06</X>
        <Y>-236.881973</Y>
        <Z>14.9028025</Z>
      </Vector3>
      <Vector3>
        <X>-2423.0957</X>
        <Y>-235.081284</Y>
        <Z>14.9003353</Z>
      </Vector3>
      <Vector3>
        <X>-2428.56787</X>
        <Y>-234.467331</Y>
        <Z>15.0453358</Z>
      </Vector3>
      <Vector3>
        <X>-2424.02368</X>
        <Y>-236.899567</Y>
        <Z>16.3581333</Z>
      </Vector3>
      <Vector3>
        <X>-2427.60327</X>
        <Y>-232.666656</Y>
        <Z>15.0428686</Z>
      </Vector3>
      <Vector3>
        <X>-2423.059</X>
        <Y>-235.098892</Y>
        <Z>16.3556652</Z>
      </Vector3>
      <Vector3>
        <X>-2428.53125</X>
        <Y>-234.484924</Y>
        <Z>16.5006657</Z>
      </Vector3>
      <Vector3>
        <X>-2427.56665</X>
        <Y>-232.68425</Y>
        <Z>16.4982</Z>
      </Vector3>
    </Bounds>
    <CenterCamPosition>
      <X>0</X>
      <Y>0</Y>
    </CenterCamPosition>
    <ScreenBounds />
    <DistanceToCam>0</DistanceToCam>
    <Speed>8.225358</Speed>
    <AccInput>0</AccInput>
    <RPM>1.35798967</RPM>
    <Gear>0</Gear>
    <SteeringAngle>5.853084E-41</SteeringAngle>
    <WheelSpeed>0</WheelSpeed>
    <CarType>Sports</CarType>
  </MyCar>
  <Peds />
  <Time>138129</Time>
  <LastFrameTime>0.0476408154</LastFrameTime>
  <MyProperty>0</MyProperty>
  <Weather>Clear</Weather>
  <Steering>127</Steering>
  <Acc>177</Acc>
  <Brake>169</Brake>
  <DayTime>15:16:13</DayTime>
  <Position>
    <X>-2426.503</X>
    <Y>-234.412628</Y>
    <Z>16.6227913</Z>
  </Position>
  <Rotation>
    <X>1.09643638</X>
    <Y>0.5690271</Y>
    <Z>61.8358154</Z>
  </Rotation>
</Screenshot>