<?xml version="1.0" encoding="utf-8"?>
<Screenshot xmlns:xsd="http://www.w3.org/2001/XMLSchema" xmlns:xsi="http://www.w3.org/2001/XMLSchema-instance">
  <Cars />
  <MyCar>
    <Position>
      <X>-2426.29688</X>
      <Y>-234.524475</Y>
      <Z>15.7162743</Z>
    </Position>
    <Rotation>
      <X>1.5625757</X>
      <Y>0.0207534749</Y>
      <Z>61.82038</Z>
    </Rotation>
    <Handle>663810</Handle>
    <Bounds>
      <Vector3>
        <X>-2424.543</X>
        <Y>-236.622986</Y>
        <Z>14.9192181</Z>
      </Vector3>
      <Vector3>
        <X>-2423.57837</X>
        <Y>-234.822388</Y>
        <Z>14.918478</Z>
      </Vector3>
      <Vector3>
        <X>-2429.05054</X>
        <Y>-234.208069</Y>
        <Z>15.0587139</Z>
      </Vector3>
      <Vector3>
        <X>-2424.50781</X>
        <Y>-236.641266</Y>
        <Z>16.3745747</Z>
      </Vector3>
      <Vector3>
        <X>-2428.086</X>
        <Y>-232.407455</Y>
        <Z>15.0579739</Z>
      </Vector3>
      <Vector3>
        <X>-2423.54321</X>
        <Y>-234.840668</Y>
        <Z>16.3738346</Z>
      </Vector3>
      <Vector3>
        <X>-2429.01538</X>
        <Y>-234.226349</Y>
        <Z>16.51407</Z>
      </Vector3>
      <Vector3>
        <X>-2428.05054</X>
        <Y>-232.425751</Y>
        <Z>16.51333</Z>
      </Vector3>
    </Bounds>
    <CenterCamPosition>
      <X>0</X>
      <Y>0</Y>
    </CenterCamPosition>
    <ScreenBounds />
    <DistanceToCam>0</DistanceToCam>
    <Speed>8.237263</Speed>
    <AccInput>0</AccInput>
    <RPM>1.35798967</RPM>
    <Gear>0</Gear>
    <SteeringAngle>5.853084E-41</SteeringAngle>
    <WheelSpeed>0</WheelSpeed>
    <CarType>Sports</CarType>
  </MyCar>
  <Peds />
  <Time>138195</Time>
  <LastFrameTime>0.0476271622</LastFrameTime>
  <MyProperty>0</MyProperty>
  <Weather>Clear</Weather>
  <Steering>127</Steering>
  <Acc>177</Acc>
  <Brake>169</Brake>
  <DayTime>15:16:13</DayTime>
  <Position>
    <X>-2426.98584</X>
    <Y>-234.153854</Y>
    <Z>16.637886</Z>
  </Position>
  <Rotation>
    <X>1.09587336</X>
    <Y>0.5690543</Y>
    <Z>61.8356857</Z>
  </Rotation>
</Screenshot>