<?xml version="1.0" encoding="utf-8"?>
<Screenshot xmlns:xsd="http://www.w3.org/2001/XMLSchema" xmlns:xsi="http://www.w3.org/2001/XMLSchema-instance">
  <Cars />
  <MyCar>
    <Position>
      <X>-2425.95117</X>
      <Y>-234.7094</Y>
      <Z>15.7048168</Z>
    </Position>
    <Rotation>
      <X>1.59581947</X>
      <Y>0.0691584</Y>
      <Z>61.8248062</Z>
    </Rotation>
    <Handle>663810</Handle>
    <Bounds>
      <Vector3>
        <X>-2424.19775</X>
        <Y>-236.808151</Y>
        <Z>14.9071522</Z>
      </Vector3>
      <Vector3>
        <X>-2423.2334</X>
        <Y>-235.007477</Y>
        <Z>14.904686</Z>
      </Vector3>
      <Vector3>
        <X>-2428.70557</X>
        <Y>-234.393509</Y>
        <Z>15.0496149</Z>
      </Vector3>
      <Vector3>
        <X>-2424.16138</X>
        <Y>-236.825745</Y>
        <Z>16.362484</Z>
      </Vector3>
      <Vector3>
        <X>-2427.741</X>
        <Y>-232.592834</Y>
        <Z>15.0471487</Z>
      </Vector3>
      <Vector3>
        <X>-2423.19678</X>
        <Y>-235.02507</Y>
        <Z>16.36002</Z>
      </Vector3>
      <Vector3>
        <X>-2428.669</X>
        <Y>-234.4111</Y>
        <Z>16.5049477</Z>
      </Vector3>
      <Vector3>
        <X>-2427.70435</X>
        <Y>-232.610428</Y>
        <Z>16.5024815</Z>
      </Vector3>
    </Bounds>
    <CenterCamPosition>
      <X>0</X>
      <Y>0</Y>
    </CenterCamPosition>
    <ScreenBounds />
    <DistanceToCam>0</DistanceToCam>
    <Speed>8.228736</Speed>
    <AccInput>0</AccInput>
    <RPM>1.35798967</RPM>
    <Gear>0</Gear>
    <SteeringAngle>5.853084E-41</SteeringAngle>
    <WheelSpeed>0</WheelSpeed>
    <CarType>Sports</CarType>
  </MyCar>
  <Peds />
  <Time>138148</Time>
  <LastFrameTime>0.0190029535</LastFrameTime>
  <MyProperty>0</MyProperty>
  <Weather>Clear</Weather>
  <Steering>127</Steering>
  <Acc>177</Acc>
  <Brake>169</Brake>
  <DayTime>15:16:13</DayTime>
  <Position>
    <X>-2426.84814</X>
    <Y>-234.227676</Y>
    <Z>16.6335869</Z>
  </Position>
  <Rotation>
    <X>1.09666443</X>
    <Y>0.56909436</Y>
    <Z>61.835743</Z>
  </Rotation>
</Screenshot>