<?xml version="1.0" encoding="utf-8"?>
<Screenshot xmlns:xsd="http://www.w3.org/2001/XMLSchema" xmlns:xsi="http://www.w3.org/2001/XMLSchema-instance">
  <Cars />
  <MyCar>
    <Position>
      <X>-2427.04419</X>
      <Y>-234.124359</Y>
      <Z>15.7397242</Z>
    </Position>
    <Rotation>
      <X>1.56055522</X>
      <Y>0.02625402</Y>
      <Z>61.81853</Z>
    </Rotation>
    <Handle>663810</Handle>
    <Bounds>
      <Vector3>
        <X>-2425.29028</X>
        <Y>-236.223</Y>
        <Z>14.9428549</Z>
      </Vector3>
      <Vector3>
        <X>-2424.32568</X>
        <Y>-234.42244</Y>
        <Z>14.9419193</Z>
      </Vector3>
      <Vector3>
        <X>-2429.79785</X>
        <Y>-233.807922</Y>
        <Z>15.0821705</Z>
      </Vector3>
      <Vector3>
        <X>-2425.25513</X>
        <Y>-236.24115</Y>
        <Z>16.3982124</Z>
      </Vector3>
      <Vector3>
        <X>-2428.83325</X>
        <Y>-232.007355</Y>
        <Z>15.0812349</Z>
      </Vector3>
      <Vector3>
        <X>-2424.29053</X>
        <Y>-234.440582</Y>
        <Z>16.3972759</Z>
      </Vector3>
      <Vector3>
        <X>-2429.7627</X>
        <Y>-233.826065</Y>
        <Z>16.5375271</Z>
      </Vector3>
      <Vector3>
        <X>-2428.79785</X>
        <Y>-232.0255</Y>
        <Z>16.5365925</Z>
      </Vector3>
    </Bounds>
    <CenterCamPosition>
      <X>0</X>
      <Y>0</Y>
    </CenterCamPosition>
    <ScreenBounds />
    <DistanceToCam>0</DistanceToCam>
    <Speed>8.25844</Speed>
    <AccInput>0</AccInput>
    <RPM>1.35798967</RPM>
    <Gear>0</Gear>
    <SteeringAngle>5.853084E-41</SteeringAngle>
    <WheelSpeed>0</WheelSpeed>
    <CarType>Sports</CarType>
  </MyCar>
  <Peds />
  <Time>138298</Time>
  <LastFrameTime>0.0349944159</LastFrameTime>
  <MyProperty>0</MyProperty>
  <Weather>Clear</Weather>
  <Steering>127</Steering>
  <Acc>177</Acc>
  <Brake>169</Brake>
  <DayTime>15:16:13</DayTime>
  <Position>
    <X>-2427.8252</X>
    <Y>-233.70549</Y>
    <Z>16.6641235</Z>
  </Position>
  <Rotation>
    <X>1.06084406</X>
    <Y>0.522324145</Y>
    <Z>61.82829</Z>
  </Rotation>
</Screenshot>