<?xml version="1.0" encoding="utf-8"?>
<Screenshot xmlns:xsd="http://www.w3.org/2001/XMLSchema" xmlns:xsi="http://www.w3.org/2001/XMLSchema-instance">
  <Cars />
  <MyCar>
    <Position>
      <X>-2426.45068</X>
      <Y>-234.4421</Y>
      <Z>15.7212038</Z>
    </Position>
    <Rotation>
      <X>1.559439</X>
      <Y>0.0181602985</Y>
      <Z>61.81939</Z>
    </Rotation>
    <Handle>663810</Handle>
    <Bounds>
      <Vector3>
        <X>-2424.69678</X>
        <Y>-236.540619</Y>
        <Z>14.92424</Z>
      </Vector3>
      <Vector3>
        <X>-2423.73218</X>
        <Y>-234.740036</Y>
        <Z>14.9235926</Z>
      </Vector3>
      <Vector3>
        <X>-2429.20435</X>
        <Y>-234.125626</Y>
        <Z>15.0634556</Z>
      </Vector3>
      <Vector3>
        <X>-2424.66162</X>
        <Y>-236.558929</Y>
        <Z>16.3795986</Z>
      </Vector3>
      <Vector3>
        <X>-2428.2395</X>
        <Y>-232.325043</Y>
        <Z>15.062808</Z>
      </Vector3>
      <Vector3>
        <X>-2423.697</X>
        <Y>-234.758347</Y>
        <Z>16.37895</Z>
      </Vector3>
      <Vector3>
        <X>-2429.16919</X>
        <Y>-234.143936</Y>
        <Z>16.5188141</Z>
      </Vector3>
      <Vector3>
        <X>-2428.20459</X>
        <Y>-232.343338</Y>
        <Z>16.5181656</Z>
      </Vector3>
    </Bounds>
    <CenterCamPosition>
      <X>0</X>
      <Y>0</Y>
    </CenterCamPosition>
    <ScreenBounds />
    <DistanceToCam>0</DistanceToCam>
    <Speed>8.24152851</Speed>
    <AccInput>0</AccInput>
    <RPM>1.35798967</RPM>
    <Gear>0</Gear>
    <SteeringAngle>5.853084E-41</SteeringAngle>
    <WheelSpeed>0</WheelSpeed>
    <CarType>Sports</CarType>
  </MyCar>
  <Peds />
  <Time>138216</Time>
  <LastFrameTime>0.02120269</LastFrameTime>
  <MyProperty>0</MyProperty>
  <Weather>Clear</Weather>
  <Steering>127</Steering>
  <Acc>177</Acc>
  <Brake>169</Brake>
  <DayTime>15:16:13</DayTime>
  <Position>
    <X>-2427.33252</X>
    <Y>-233.9693</Y>
    <Z>16.6486626</Z>
  </Position>
  <Rotation>
    <X>1.06261969</X>
    <Y>0.5206639</Y>
    <Z>61.83004</Z>
  </Rotation>
</Screenshot>