<?xml version="1.0" encoding="utf-8"?>
<Screenshot xmlns:xsd="http://www.w3.org/2001/XMLSchema" xmlns:xsi="http://www.w3.org/2001/XMLSchema-instance">
  <Cars />
  <MyCar>
    <Position>
      <X>-2426.78955</X>
      <Y>-234.260742</Y>
      <Z>15.7317724</Z>
    </Position>
    <Rotation>
      <X>1.56080008</X>
      <Y>0.0224137455</Y>
      <Z>61.81862</Z>
    </Rotation>
    <Handle>663810</Handle>
    <Bounds>
      <Vector3>
        <X>-2425.03564</X>
        <Y>-236.359344</Y>
        <Z>14.934824</Z>
      </Vector3>
      <Vector3>
        <X>-2424.071</X>
        <Y>-234.558762</Y>
        <Z>14.9340248</Z>
      </Vector3>
      <Vector3>
        <X>-2429.54321</X>
        <Y>-233.944275</Y>
        <Z>15.0741615</Z>
      </Vector3>
      <Vector3>
        <X>-2425.00049</X>
        <Y>-236.377563</Y>
        <Z>16.39018</Z>
      </Vector3>
      <Vector3>
        <X>-2428.57861</X>
        <Y>-232.1437</Y>
        <Z>15.0733624</Z>
      </Vector3>
      <Vector3>
        <X>-2424.036</X>
        <Y>-234.577</Y>
        <Z>16.3893814</Z>
      </Vector3>
      <Vector3>
        <X>-2429.508</X>
        <Y>-233.9625</Y>
        <Z>16.5295181</Z>
      </Vector3>
      <Vector3>
        <X>-2428.54321</X>
        <Y>-232.161926</Y>
        <Z>16.5287189</Z>
      </Vector3>
    </Bounds>
    <CenterCamPosition>
      <X>0</X>
      <Y>0</Y>
    </CenterCamPosition>
    <ScreenBounds />
    <DistanceToCam>0</DistanceToCam>
    <Speed>8.251271</Speed>
    <AccInput>0</AccInput>
    <RPM>1.35798967</RPM>
    <Gear>0</Gear>
    <SteeringAngle>5.853084E-41</SteeringAngle>
    <WheelSpeed>0</WheelSpeed>
    <CarType>Sports</CarType>
  </MyCar>
  <Peds />
  <Time>138263</Time>
  <LastFrameTime>0.0465969555</LastFrameTime>
  <MyProperty>0</MyProperty>
  <Weather>Clear</Weather>
  <Steering>127</Steering>
  <Acc>177</Acc>
  <Brake>169</Brake>
  <DayTime>15:16:13</DayTime>
  <Position>
    <X>-2427.48633</X>
    <Y>-233.8869</Y>
    <Z>16.6535263</Z>
  </Position>
  <Rotation>
    <X>1.05948222</X>
    <Y>0.5180718</Y>
    <Z>61.8289642</Z>
  </Rotation>
</Screenshot>