<?xml version="1.0" encoding="utf-8"?>
<Screenshot xmlns:xsd="http://www.w3.org/2001/XMLSchema" xmlns:xsi="http://www.w3.org/2001/XMLSchema-instance">
  <Cars />
  <MyCar>
    <Position>
      <X>-2427.3877</X>
      <Y>-233.9403</Y>
      <Z>15.7503672</Z>
    </Position>
    <Rotation>
      <X>1.55706966</X>
      <Y>0.0307406522</Y>
      <Z>61.8187752</Z>
    </Rotation>
    <Handle>663810</Handle>
    <Bounds>
      <Vector3>
        <X>-2425.63379</X>
        <Y>-236.039032</Y>
        <Z>14.9537325</Z>
      </Vector3>
      <Vector3>
        <X>-2424.66919</X>
        <Y>-234.238449</Y>
        <Z>14.9526367</Z>
      </Vector3>
      <Vector3>
        <X>-2430.14136</X>
        <Y>-233.623947</Y>
        <Z>15.0927372</Z>
      </Vector3>
      <Vector3>
        <X>-2425.59863</X>
        <Y>-236.057022</Y>
        <Z>16.4090919</Z>
      </Vector3>
      <Vector3>
        <X>-2429.17676</X>
        <Y>-231.82338</Y>
        <Z>15.0916414</Z>
      </Vector3>
      <Vector3>
        <X>-2424.634</X>
        <Y>-234.256454</Y>
        <Z>16.4079971</Z>
      </Vector3>
      <Vector3>
        <X>-2430.1062</X>
        <Y>-233.641953</Y>
        <Z>16.5480957</Z>
      </Vector3>
      <Vector3>
        <X>-2429.14136</X>
        <Y>-231.84137</Y>
        <Z>16.547</Z>
      </Vector3>
    </Bounds>
    <CenterCamPosition>
      <X>0</X>
      <Y>0</Y>
    </CenterCamPosition>
    <ScreenBounds />
    <DistanceToCam>0</DistanceToCam>
    <Speed>8.267897</Speed>
    <AccInput>0</AccInput>
    <RPM>1.35798967</RPM>
    <Gear>0</Gear>
    <SteeringAngle>5.853084E-41</SteeringAngle>
    <WheelSpeed>0</WheelSpeed>
    <CarType>Sports</CarType>
  </MyCar>
  <Peds />
  <Time>138345</Time>
  <LastFrameTime>0.0471598431</LastFrameTime>
  <MyProperty>0</MyProperty>
  <Weather>Clear</Weather>
  <Steering>127</Steering>
  <Acc>177</Acc>
  <Brake>169</Brake>
  <DayTime>15:16:13</DayTime>
  <Position>
    <X>-2428.07983</X>
    <Y>-233.569046</Y>
    <Z>16.67207</Z>
  </Position>
  <Rotation>
    <X>1.0605998</X>
    <Y>0.5261638</Y>
    <Z>61.82827</Z>
  </Rotation>
</Screenshot>