<?xml version="1.0" encoding="utf-8"?>
<Screenshot xmlns:xsd="http://www.w3.org/2001/XMLSchema" xmlns:xsi="http://www.w3.org/2001/XMLSchema-instance">
  <Cars />
  <MyCar>
    <Position>
      <X>-2427.52832</X>
      <Y>-233.865036</Y>
      <Z>15.754714</Z>
    </Position>
    <Rotation>
      <X>1.55548441</X>
      <Y>0.0310779456</Y>
      <Z>61.819313</Z>
    </Rotation>
    <Handle>663810</Handle>
    <Bounds>
      <Vector3>
        <X>-2425.77441</X>
        <Y>-235.96376</Y>
        <Z>14.9581556</Z>
      </Vector3>
      <Vector3>
        <X>-2424.80981</X>
        <Y>-234.163162</Y>
        <Z>14.9570475</Z>
      </Vector3>
      <Vector3>
        <X>-2430.282</X>
        <Y>-233.548721</Y>
        <Z>15.0970182</Z>
      </Vector3>
      <Vector3>
        <X>-2425.73926</X>
        <Y>-235.98172</Y>
        <Z>16.413517</Z>
      </Vector3>
      <Vector3>
        <X>-2429.31738</X>
        <Y>-231.748138</Y>
        <Z>15.095911</Z>
      </Vector3>
      <Vector3>
        <X>-2424.77466</X>
        <Y>-234.181137</Y>
        <Z>16.4124088</Z>
      </Vector3>
      <Vector3>
        <X>-2430.24683</X>
        <Y>-233.566681</Y>
        <Z>16.55238</Z>
      </Vector3>
      <Vector3>
        <X>-2429.282</X>
        <Y>-231.7661</Y>
        <Z>16.5512714</Z>
      </Vector3>
    </Bounds>
    <CenterCamPosition>
      <X>0</X>
      <Y>0</Y>
    </CenterCamPosition>
    <ScreenBounds />
    <DistanceToCam>0</DistanceToCam>
    <Speed>8.273005</Speed>
    <AccInput>0</AccInput>
    <RPM>1.35798967</RPM>
    <Gear>0</Gear>
    <SteeringAngle>5.853084E-41</SteeringAngle>
    <WheelSpeed>0</WheelSpeed>
    <CarType>Sports</CarType>
  </MyCar>
  <Peds />
  <Time>138364</Time>
  <LastFrameTime>0.0192676429</LastFrameTime>
  <MyProperty>0</MyProperty>
  <Weather>Clear</Weather>
  <Steering>127</Steering>
  <Acc>177</Acc>
  <Brake>169</Brake>
  <DayTime>15:16:13</DayTime>
  <Position>
    <X>-2428.42334</X>
    <Y>-233.384918</Y>
    <Z>16.682642</Z>
  </Position>
  <Rotation>
    <X>1.05711508</X>
    <Y>0.5306503</Y>
    <Z>61.8285561</Z>
  </Rotation>
</Screenshot>