<?xml version="1.0" encoding="utf-8"?>
<Screenshot xmlns:xsd="http://www.w3.org/2001/XMLSchema" xmlns:xsi="http://www.w3.org/2001/XMLSchema-instance">
  <Cars />
  <MyCar>
    <Position>
      <X>-2428.49951</X>
      <Y>-233.344543</Y>
      <Z>15.7847033</Z>
    </Position>
    <Rotation>
      <X>1.54619575</X>
      <Y>0.03827622</Y>
      <Z>61.82231</Z>
    </Rotation>
    <Handle>663810</Handle>
    <Bounds>
      <Vector3>
        <X>-2426.74536</X>
        <Y>-235.443314</Y>
        <Z>14.9886847</Z>
      </Vector3>
      <Vector3>
        <X>-2425.78076</X>
        <Y>-233.642685</Y>
        <Z>14.98732</Z>
      </Vector3>
      <Vector3>
        <X>-2431.25317</X>
        <Y>-233.028488</Y>
        <Z>15.1267185</Z>
      </Vector3>
      <Vector3>
        <X>-2426.71045</X>
        <Y>-235.461014</Y>
        <Z>16.4440517</Z>
      </Vector3>
      <Vector3>
        <X>-2430.28857</X>
        <Y>-231.227859</Y>
        <Z>15.1253538</Z>
      </Vector3>
      <Vector3>
        <X>-2425.74585</X>
        <Y>-233.660385</Y>
        <Z>16.4426861</Z>
      </Vector3>
      <Vector3>
        <X>-2431.218</X>
        <Y>-233.046188</Y>
        <Z>16.5820847</Z>
      </Vector3>
      <Vector3>
        <X>-2430.25342</X>
        <Y>-231.245544</Y>
        <Z>16.58072</Z>
      </Vector3>
    </Bounds>
    <CenterCamPosition>
      <X>0</X>
      <Y>0</Y>
    </CenterCamPosition>
    <ScreenBounds />
    <DistanceToCam>0</DistanceToCam>
    <Speed>8.299652</Speed>
    <AccInput>0</AccInput>
    <RPM>1.35798967</RPM>
    <Gear>0</Gear>
    <SteeringAngle>5.853084E-41</SteeringAngle>
    <WheelSpeed>0</WheelSpeed>
    <CarType>Sports</CarType>
  </MyCar>
  <Peds />
  <Time>138497</Time>
  <LastFrameTime>0.0189511329</LastFrameTime>
  <MyProperty>0</MyProperty>
  <Weather>Clear</Weather>
  <Steering>127</Steering>
  <Acc>177</Acc>
  <Brake>169</Brake>
  <DayTime>15:16:13</DayTime>
  <Position>
    <X>-2429.39648</X>
    <Y>-232.863327</Y>
    <Z>16.7124958</Z>
  </Position>
  <Rotation>
    <X>1.048071</X>
    <Y>0.536769867</Y>
    <Z>61.8319435</Z>
  </Rotation>
</Screenshot>