<?xml version="1.0" encoding="utf-8"?>
<Screenshot xmlns:xsd="http://www.w3.org/2001/XMLSchema" xmlns:xsi="http://www.w3.org/2001/XMLSchema-instance">
  <Cars />
  <MyCar>
    <Position>
      <X>-2427.87622</X>
      <Y>-233.678528</Y>
      <Z>15.765398</Z>
    </Position>
    <Rotation>
      <X>1.55457807</X>
      <Y>0.03140377</Y>
      <Z>61.82096</Z>
    </Rotation>
    <Handle>663810</Handle>
    <Bounds>
      <Vector3>
        <X>-2426.12231</X>
        <Y>-235.7772</Y>
        <Z>14.9688854</Z>
      </Vector3>
      <Vector3>
        <X>-2425.15771</X>
        <Y>-233.9766</Y>
        <Z>14.9677658</Z>
      </Vector3>
      <Vector3>
        <X>-2430.63</X>
        <Y>-233.3623</Y>
        <Z>15.1076679</Z>
      </Vector3>
      <Vector3>
        <X>-2426.08716</X>
        <Y>-235.795151</Y>
        <Z>16.4242477</Z>
      </Vector3>
      <Vector3>
        <X>-2429.66528</X>
        <Y>-231.561691</Y>
        <Z>15.1065483</Z>
      </Vector3>
      <Vector3>
        <X>-2425.12256</X>
        <Y>-233.994537</Y>
        <Z>16.4231281</Z>
      </Vector3>
      <Vector3>
        <X>-2430.59473</X>
        <Y>-233.380249</Y>
        <Z>16.56303</Z>
      </Vector3>
      <Vector3>
        <X>-2429.63013</X>
        <Y>-231.579636</Y>
        <Z>16.56191</Z>
      </Vector3>
    </Bounds>
    <CenterCamPosition>
      <X>0</X>
      <Y>0</Y>
    </CenterCamPosition>
    <ScreenBounds />
    <DistanceToCam>0</DistanceToCam>
    <Speed>8.282543</Speed>
    <AccInput>0</AccInput>
    <RPM>1.35798967</RPM>
    <Gear>0</Gear>
    <SteeringAngle>5.853084E-41</SteeringAngle>
    <WheelSpeed>0</WheelSpeed>
    <CarType>Sports</CarType>
  </MyCar>
  <Peds />
  <Time>138412</Time>
  <LastFrameTime>0.04768736</LastFrameTime>
  <MyProperty>0</MyProperty>
  <Weather>Clear</Weather>
  <Steering>127</Steering>
  <Acc>177</Acc>
  <Brake>169</Brake>
  <DayTime>15:16:13</DayTime>
  <Position>
    <X>-2428.564</X>
    <Y>-233.309631</Y>
    <Z>16.6869564</Z>
  </Position>
  <Rotation>
    <X>1.05552983</X>
    <Y>0.530987859</Y>
    <Z>61.82909</Z>
  </Rotation>
</Screenshot>