<?xml version="1.0" encoding="utf-8"?>
<Screenshot xmlns:xsd="http://www.w3.org/2001/XMLSchema" xmlns:xsi="http://www.w3.org/2001/XMLSchema-instance">
  <Cars />
  <MyCar>
    <Position>
      <X>-2428.014</X>
      <Y>-233.604767</Y>
      <Z>15.7696733</Z>
    </Position>
    <Rotation>
      <X>1.5530405</X>
      <Y>0.0333034135</Y>
      <Z>61.821434</Z>
    </Rotation>
    <Handle>663810</Handle>
    <Bounds>
      <Vector3>
        <X>-2426.26</X>
        <Y>-235.703461</Y>
        <Z>14.9732628</Z>
      </Vector3>
      <Vector3>
        <X>-2425.29541</X>
        <Y>-233.902847</Y>
        <Z>14.9720755</Z>
      </Vector3>
      <Vector3>
        <X>-2430.76758</X>
        <Y>-233.288589</Y>
        <Z>15.111908</Z>
      </Vector3>
      <Vector3>
        <X>-2426.22485</X>
        <Y>-235.721359</Y>
        <Z>16.4286251</Z>
      </Vector3>
      <Vector3>
        <X>-2429.803</X>
        <Y>-231.487961</Y>
        <Z>15.1107206</Z>
      </Vector3>
      <Vector3>
        <X>-2425.26025</X>
        <Y>-233.920731</Y>
        <Z>16.4274387</Z>
      </Vector3>
      <Vector3>
        <X>-2430.73242</X>
        <Y>-233.306473</Y>
        <Z>16.56727</Z>
      </Vector3>
      <Vector3>
        <X>-2429.76782</X>
        <Y>-231.505859</Y>
        <Z>16.566082</Z>
      </Vector3>
    </Bounds>
    <CenterCamPosition>
      <X>0</X>
      <Y>0</Y>
    </CenterCamPosition>
    <ScreenBounds />
    <DistanceToCam>0</DistanceToCam>
    <Speed>8.286364</Speed>
    <AccInput>0</AccInput>
    <RPM>1.35798967</RPM>
    <Gear>0</Gear>
    <SteeringAngle>5.853084E-41</SteeringAngle>
    <WheelSpeed>0</WheelSpeed>
    <CarType>Sports</CarType>
  </MyCar>
  <Peds />
  <Time>138431</Time>
  <LastFrameTime>0.0188487321</LastFrameTime>
  <MyProperty>0</MyProperty>
  <Weather>Clear</Weather>
  <Steering>127</Steering>
  <Acc>177</Acc>
  <Brake>169</Brake>
  <DayTime>15:16:13</DayTime>
  <Position>
    <X>-2428.91187</X>
    <Y>-233.123138</Y>
    <Z>16.6976223</Z>
  </Position>
  <Rotation>
    <X>1.05462337</X>
    <Y>0.5313138</Y>
    <Z>61.8307343</Z>
  </Rotation>
</Screenshot>