<?xml version="1.0" encoding="utf-8"?>
<Screenshot xmlns:xsd="http://www.w3.org/2001/XMLSchema" xmlns:xsi="http://www.w3.org/2001/XMLSchema-instance">
  <Cars />
  <MyCar>
    <Position>
      <X>-2428.36084</X>
      <Y>-233.418823</Y>
      <Z>15.780407</Z>
    </Position>
    <Rotation>
      <X>1.54802513</X>
      <Y>0.03685965</Y>
      <Z>61.82213</Z>
    </Rotation>
    <Handle>663810</Handle>
    <Bounds>
      <Vector3>
        <X>-2426.607</X>
        <Y>-235.517578</Y>
        <Z>14.9842825</Z>
      </Vector3>
      <Vector3>
        <X>-2425.64233</X>
        <Y>-233.716949</Y>
        <Z>14.9829683</Z>
      </Vector3>
      <Vector3>
        <X>-2431.1145</X>
        <Y>-233.102737</Y>
        <Z>15.1224794</Z>
      </Vector3>
      <Vector3>
        <X>-2426.57178</X>
        <Y>-235.535324</Y>
        <Z>16.43965</Z>
      </Vector3>
      <Vector3>
        <X>-2430.15</X>
        <Y>-231.302109</Y>
        <Z>15.1211653</Z>
      </Vector3>
      <Vector3>
        <X>-2425.60718</X>
        <Y>-233.7347</Y>
        <Z>16.4383354</Z>
      </Vector3>
      <Vector3>
        <X>-2431.07935</X>
        <Y>-233.120483</Y>
        <Z>16.5778465</Z>
      </Vector3>
      <Vector3>
        <X>-2430.11475</X>
        <Y>-231.319855</Y>
        <Z>16.5765324</Z>
      </Vector3>
    </Bounds>
    <CenterCamPosition>
      <X>0</X>
      <Y>0</Y>
    </CenterCamPosition>
    <ScreenBounds />
    <DistanceToCam>0</DistanceToCam>
    <Speed>8.295891</Speed>
    <AccInput>0</AccInput>
    <RPM>1.35798967</RPM>
    <Gear>0</Gear>
    <SteeringAngle>5.853084E-41</SteeringAngle>
    <WheelSpeed>0</WheelSpeed>
    <CarType>Sports</CarType>
  </MyCar>
  <Peds />
  <Time>138478</Time>
  <LastFrameTime>0.04747108</LastFrameTime>
  <MyProperty>0</MyProperty>
  <Weather>Clear</Weather>
  <Steering>127</Steering>
  <Acc>177</Acc>
  <Brake>169</Brake>
  <DayTime>15:16:13</DayTime>
  <Position>
    <X>-2429.04956</X>
    <Y>-233.049347</Y>
    <Z>16.7018661</Z>
  </Position>
  <Rotation>
    <X>1.053086</X>
    <Y>0.5332133</Y>
    <Z>61.831234</Z>
  </Rotation>
</Screenshot>