<?xml version="1.0" encoding="utf-8"?>
<Screenshot xmlns:xsd="http://www.w3.org/2001/XMLSchema" xmlns:xsi="http://www.w3.org/2001/XMLSchema-instance">
  <Cars />
  <MyCar>
    <Position>
      <X>-2428.623</X>
      <Y>-233.27829</Y>
      <Z>15.7885284</Z>
    </Position>
    <Rotation>
      <X>1.54455352</X>
      <Y>0.0390365049</Y>
      <Z>61.8224373</Z>
    </Rotation>
    <Handle>663810</Handle>
    <Bounds>
      <Vector3>
        <X>-2426.869</X>
        <Y>-235.377075</Y>
        <Z>14.9925957</Z>
      </Vector3>
      <Vector3>
        <X>-2425.9043</X>
        <Y>-233.576447</Y>
        <Z>14.9912043</Z>
      </Vector3>
      <Vector3>
        <X>-2431.37671</X>
        <Y>-232.962265</Y>
        <Z>15.1304836</Z>
      </Vector3>
      <Vector3>
        <X>-2426.834</X>
        <Y>-235.394745</Y>
        <Z>16.4479656</Z>
      </Vector3>
      <Vector3>
        <X>-2430.412</X>
        <Y>-231.161621</Y>
        <Z>15.1290913</Z>
      </Vector3>
      <Vector3>
        <X>-2425.86938</X>
        <Y>-233.5941</Y>
        <Z>16.4465733</Z>
      </Vector3>
      <Vector3>
        <X>-2431.34155</X>
        <Y>-232.979919</Y>
        <Z>16.5858517</Z>
      </Vector3>
      <Vector3>
        <X>-2430.377</X>
        <Y>-231.179276</Y>
        <Z>16.5844612</Z>
      </Vector3>
    </Bounds>
    <CenterCamPosition>
      <X>0</X>
      <Y>0</Y>
    </CenterCamPosition>
    <ScreenBounds />
    <DistanceToCam>0</DistanceToCam>
    <Speed>8.302985</Speed>
    <AccInput>0</AccInput>
    <RPM>1.35798967</RPM>
    <Gear>0</Gear>
    <SteeringAngle>5.853084E-41</SteeringAngle>
    <WheelSpeed>0</WheelSpeed>
    <CarType>Sports</CarType>
  </MyCar>
  <Peds />
  <Time>138514</Time>
  <LastFrameTime>0.01689972</LastFrameTime>
  <MyProperty>0</MyProperty>
  <Weather>Clear</Weather>
  <Steering>127</Steering>
  <Acc>177</Acc>
  <Brake>169</Brake>
  <DayTime>15:16:13</DayTime>
  <Position>
    <X>-2429.53516</X>
    <Y>-232.789017</Y>
    <Z>16.7167549</Z>
  </Position>
  <Rotation>
    <X>1.04624188</X>
    <Y>0.538186431</Y>
    <Z>61.8321342</Z>
  </Rotation>
</Screenshot>