<?xml version="1.0" encoding="utf-8"?>
<Screenshot xmlns:xsd="http://www.w3.org/2001/XMLSchema" xmlns:xsi="http://www.w3.org/2001/XMLSchema-instance">
  <Cars />
  <MyCar>
    <Position>
      <X>-2428.97144</X>
      <Y>-233.091522</Y>
      <Z>15.799304</Z>
    </Position>
    <Rotation>
      <X>1.53973663</X>
      <Y>0.044473704</Y>
      <Z>61.8227158</Z>
    </Rotation>
    <Handle>663810</Handle>
    <Bounds>
      <Vector3>
        <X>-2427.21729</X>
        <Y>-235.1904</Y>
        <Z>15.0036821</Z>
      </Vector3>
      <Vector3>
        <X>-2426.25269</X>
        <Y>-233.389755</Y>
        <Z>15.0020962</Z>
      </Vector3>
      <Vector3>
        <X>-2431.725</X>
        <Y>-232.775589</Y>
        <Z>15.141139</Z>
      </Vector3>
      <Vector3>
        <X>-2427.18237</X>
        <Y>-235.207886</Y>
        <Z>16.459053</Z>
      </Vector3>
      <Vector3>
        <X>-2430.7605</X>
        <Y>-230.974945</Y>
        <Z>15.139554</Z>
      </Vector3>
      <Vector3>
        <X>-2426.21777</X>
        <Y>-233.407242</Y>
        <Z>16.457468</Z>
      </Vector3>
      <Vector3>
        <X>-2431.69</X>
        <Y>-232.79306</Y>
        <Z>16.59651</Z>
      </Vector3>
      <Vector3>
        <X>-2430.72534</X>
        <Y>-230.992432</Y>
        <Z>16.5949249</Z>
      </Vector3>
    </Bounds>
    <CenterCamPosition>
      <X>0</X>
      <Y>0</Y>
    </CenterCamPosition>
    <ScreenBounds />
    <DistanceToCam>0</DistanceToCam>
    <Speed>8.312263</Speed>
    <AccInput>0</AccInput>
    <RPM>1.35798967</RPM>
    <Gear>0</Gear>
    <SteeringAngle>5.853084E-41</SteeringAngle>
    <WheelSpeed>0</WheelSpeed>
    <CarType>Sports</CarType>
  </MyCar>
  <Peds />
  <Time>138562</Time>
  <LastFrameTime>0.04759272</LastFrameTime>
  <MyProperty>0</MyProperty>
  <Weather>Clear</Weather>
  <Steering>127</Steering>
  <Acc>177</Acc>
  <Brake>169</Brake>
  <DayTime>15:16:13</DayTime>
  <Position>
    <X>-2429.65869</X>
    <Y>-232.722748</Y>
    <Z>16.7205467</Z>
  </Position>
  <Rotation>
    <X>1.04459965</X>
    <Y>0.538946867</Y>
    <Z>61.8322563</Z>
  </Rotation>
</Screenshot>