<?xml version="1.0" encoding="utf-8"?>
<Screenshot xmlns:xsd="http://www.w3.org/2001/XMLSchema" xmlns:xsi="http://www.w3.org/2001/XMLSchema-instance">
  <Cars />
  <MyCar>
    <Position>
      <X>-2429.23267</X>
      <Y>-232.951431</Y>
      <Z>15.807394</Z>
    </Position>
    <Rotation>
      <X>1.53620064</X>
      <Y>0.0471445248</Y>
      <Z>61.8228264</Z>
    </Rotation>
    <Handle>663810</Handle>
    <Bounds>
      <Vector3>
        <X>-2427.47852</X>
        <Y>-235.050369</Y>
        <Z>15.0119762</Z>
      </Vector3>
      <Vector3>
        <X>-2426.514</X>
        <Y>-233.249725</Y>
        <Z>15.0102949</Z>
      </Vector3>
      <Vector3>
        <X>-2431.98633</X>
        <Y>-232.635544</Y>
        <Z>15.1491184</Z>
      </Vector3>
      <Vector3>
        <X>-2427.4436</X>
        <Y>-235.067734</Y>
        <Z>16.46735</Z>
      </Vector3>
      <Vector3>
        <X>-2431.02173</X>
        <Y>-230.8349</Y>
        <Z>15.1474371</Z>
      </Vector3>
      <Vector3>
        <X>-2426.479</X>
        <Y>-233.26709</Y>
        <Z>16.46567</Z>
      </Vector3>
      <Vector3>
        <X>-2431.95117</X>
        <Y>-232.652924</Y>
        <Z>16.6044922</Z>
      </Vector3>
      <Vector3>
        <X>-2430.98657</X>
        <Y>-230.85228</Y>
        <Z>16.6028118</Z>
      </Vector3>
    </Bounds>
    <CenterCamPosition>
      <X>0</X>
      <Y>0</Y>
    </CenterCamPosition>
    <ScreenBounds />
    <DistanceToCam>0</DistanceToCam>
    <Speed>8.319156</Speed>
    <AccInput>0</AccInput>
    <RPM>1.35798967</RPM>
    <Gear>0</Gear>
    <SteeringAngle>5.853084E-41</SteeringAngle>
    <WheelSpeed>0</WheelSpeed>
    <CarType>Sports</CarType>
  </MyCar>
  <Peds />
  <Time>138598</Time>
  <LastFrameTime>0.0167371221</LastFrameTime>
  <MyProperty>0</MyProperty>
  <Weather>Clear</Weather>
  <Steering>127</Steering>
  <Acc>177</Acc>
  <Brake>169</Brake>
  <DayTime>15:16:13</DayTime>
  <Position>
    <X>-2430.14575</X>
    <Y>-232.461487</Y>
    <Z>16.7354813</Z>
  </Position>
  <Rotation>
    <X>1.03792691</X>
    <Y>0.5457691</Y>
    <Z>61.83267</Z>
  </Rotation>
</Screenshot>