<?xml version="1.0" encoding="utf-8"?>
<Screenshot xmlns:xsd="http://www.w3.org/2001/XMLSchema" xmlns:xsi="http://www.w3.org/2001/XMLSchema-instance">
  <Cars />
  <MyCar>
    <Position>
      <X>-2429.11</X>
      <Y>-233.017181</Y>
      <Z>15.8036</Z>
    </Position>
    <Rotation>
      <X>1.53788</X>
      <Y>0.0458587371</Y>
      <Z>61.8227844</Z>
    </Rotation>
    <Handle>663810</Handle>
    <Bounds>
      <Vector3>
        <X>-2427.356</X>
        <Y>-235.116089</Y>
        <Z>15.0080853</Z>
      </Vector3>
      <Vector3>
        <X>-2426.39136</X>
        <Y>-233.315445</Y>
        <Z>15.0064507</Z>
      </Vector3>
      <Vector3>
        <X>-2431.86377</X>
        <Y>-232.701279</Y>
        <Z>15.1453772</Z>
      </Vector3>
      <Vector3>
        <X>-2427.321</X>
        <Y>-235.133514</Y>
        <Z>16.463459</Z>
      </Vector3>
      <Vector3>
        <X>-2430.89917</X>
        <Y>-230.900635</Y>
        <Z>15.1437416</Z>
      </Vector3>
      <Vector3>
        <X>-2426.35645</X>
        <Y>-233.33287</Y>
        <Z>16.4618244</Z>
      </Vector3>
      <Vector3>
        <X>-2431.82861</X>
        <Y>-232.7187</Y>
        <Z>16.60075</Z>
      </Vector3>
      <Vector3>
        <X>-2430.864</X>
        <Y>-230.91806</Y>
        <Z>16.5991154</Z>
      </Vector3>
    </Bounds>
    <CenterCamPosition>
      <X>0</X>
      <Y>0</Y>
    </CenterCamPosition>
    <ScreenBounds />
    <DistanceToCam>0</DistanceToCam>
    <Speed>8.31592751</Speed>
    <AccInput>0</AccInput>
    <RPM>1.35798967</RPM>
    <Gear>0</Gear>
    <SteeringAngle>5.853084E-41</SteeringAngle>
    <WheelSpeed>0</WheelSpeed>
    <CarType>Sports</CarType>
  </MyCar>
  <Peds />
  <Time>138581</Time>
  <LastFrameTime>0.0189325158</LastFrameTime>
  <MyProperty>0</MyProperty>
  <Weather>Clear</Weather>
  <Steering>127</Steering>
  <Acc>177</Acc>
  <Brake>169</Brake>
  <DayTime>15:16:13</DayTime>
  <Position>
    <X>-2430.007</X>
    <Y>-232.535873</Y>
    <Z>16.7312222</Z>
  </Position>
  <Rotation>
    <X>1.0397836</X>
    <Y>0.544384</Y>
    <Z>61.8325844</Z>
  </Rotation>
</Screenshot>