<?xml version="1.0" encoding="utf-8"?>
<Screenshot xmlns:xsd="http://www.w3.org/2001/XMLSchema" xmlns:xsi="http://www.w3.org/2001/XMLSchema-instance">
  <Cars />
  <MyCar>
    <Position>
      <X>-2429.581</X>
      <Y>-232.764709</Y>
      <Z>15.81816</Z>
    </Position>
    <Rotation>
      <X>1.53197134</X>
      <Y>0.0508509763</Y>
      <Z>61.8229065</Z>
    </Rotation>
    <Handle>663810</Handle>
    <Bounds>
      <Vector3>
        <X>-2427.827</X>
        <Y>-234.863708</Y>
        <Z>15.0229959</Z>
      </Vector3>
      <Vector3>
        <X>-2426.8623</X>
        <Y>-233.063065</Y>
        <Z>15.021183</Z>
      </Vector3>
      <Vector3>
        <X>-2432.33447</X>
        <Y>-232.4489</Y>
        <Z>15.1597595</Z>
      </Vector3>
      <Vector3>
        <X>-2427.792</X>
        <Y>-234.880951</Y>
        <Z>16.4783726</Z>
      </Vector3>
      <Vector3>
        <X>-2431.37</X>
        <Y>-230.648254</Y>
        <Z>15.1579466</Z>
      </Vector3>
      <Vector3>
        <X>-2426.82739</X>
        <Y>-233.0803</Y>
        <Z>16.4765587</Z>
      </Vector3>
      <Vector3>
        <X>-2432.29956</X>
        <Y>-232.466141</Y>
        <Z>16.6151371</Z>
      </Vector3>
      <Vector3>
        <X>-2431.33521</X>
        <Y>-230.665482</Y>
        <Z>16.6133232</Z>
      </Vector3>
    </Bounds>
    <CenterCamPosition>
      <X>0</X>
      <Y>0</Y>
    </CenterCamPosition>
    <ScreenBounds />
    <DistanceToCam>0</DistanceToCam>
    <Speed>8.328241</Speed>
    <AccInput>0</AccInput>
    <RPM>1.35798967</RPM>
    <Gear>0</Gear>
    <SteeringAngle>5.853084E-41</SteeringAngle>
    <WheelSpeed>0</WheelSpeed>
    <CarType>Sports</CarType>
  </MyCar>
  <Peds />
  <Time>138645</Time>
  <LastFrameTime>0.0474862829</LastFrameTime>
  <MyProperty>0</MyProperty>
  <Weather>Clear</Weather>
  <Steering>127</Steering>
  <Acc>177</Acc>
  <Brake>169</Brake>
  <DayTime>15:16:13</DayTime>
  <Position>
    <X>-2430.26855</X>
    <Y>-232.3957</Y>
    <Z>16.73924</Z>
  </Position>
  <Rotation>
    <X>1.03624785</X>
    <Y>0.547055066</Y>
    <Z>61.8327141</Z>
  </Rotation>
</Screenshot>