<?xml version="1.0" encoding="utf-8"?>
<Screenshot xmlns:xsd="http://www.w3.org/2001/XMLSchema" xmlns:xsi="http://www.w3.org/2001/XMLSchema-instance">
  <Cars />
  <MyCar>
    <Position>
      <X>-2429.73145</X>
      <Y>-232.684219</Y>
      <Z>15.8228073</Z>
    </Position>
    <Rotation>
      <X>1.53016591</X>
      <Y>0.0520671681</Y>
      <Z>61.82293</Z>
    </Rotation>
    <Handle>663810</Handle>
    <Bounds>
      <Vector3>
        <X>-2427.97729</X>
        <Y>-234.783249</Y>
        <Z>15.0277443</Z>
      </Vector3>
      <Vector3>
        <X>-2427.0127</X>
        <Y>-232.9826</Y>
        <Z>15.0258884</Z>
      </Vector3>
      <Vector3>
        <X>-2432.48486</X>
        <Y>-232.368423</Y>
        <Z>15.1643476</Z>
      </Vector3>
      <Vector3>
        <X>-2427.94238</X>
        <Y>-234.800446</Y>
        <Z>16.4831238</Z>
      </Vector3>
      <Vector3>
        <X>-2431.52051</X>
        <Y>-230.56778</Y>
        <Z>15.1624918</Z>
      </Vector3>
      <Vector3>
        <X>-2426.97778</X>
        <Y>-232.9998</Y>
        <Z>16.481266</Z>
      </Vector3>
      <Vector3>
        <X>-2432.4502</X>
        <Y>-232.38562</Y>
        <Z>16.6197262</Z>
      </Vector3>
      <Vector3>
        <X>-2431.4856</X>
        <Y>-230.584976</Y>
        <Z>16.61787</Z>
      </Vector3>
    </Bounds>
    <CenterCamPosition>
      <X>0</X>
      <Y>0</Y>
    </CenterCamPosition>
    <ScreenBounds />
    <DistanceToCam>0</DistanceToCam>
    <Speed>8.332134</Speed>
    <AccInput>0</AccInput>
    <RPM>1.35798967</RPM>
    <Gear>0</Gear>
    <SteeringAngle>5.853084E-41</SteeringAngle>
    <WheelSpeed>0</WheelSpeed>
    <CarType>Sports</CarType>
  </MyCar>
  <Peds />
  <Time>138666</Time>
  <LastFrameTime>0.0204592049</LastFrameTime>
  <MyProperty>0</MyProperty>
  <Weather>Clear</Weather>
  <Steering>127</Steering>
  <Acc>177</Acc>
  <Brake>169</Brake>
  <DayTime>15:16:13</DayTime>
  <Position>
    <X>-2430.617</X>
    <Y>-232.208908</Y>
    <Z>16.74992</Z>
  </Position>
  <Rotation>
    <X>1.0320189</X>
    <Y>0.5507616</Y>
    <Z>61.8328171</Z>
  </Rotation>
</Screenshot>