<?xml version="1.0" encoding="utf-8"?>
<Screenshot xmlns:xsd="http://www.w3.org/2001/XMLSchema" xmlns:xsi="http://www.w3.org/2001/XMLSchema-instance">
  <Cars />
  <MyCar>
    <Position>
      <X>-2430.07813</X>
      <Y>-232.498322</Y>
      <Z>15.83343</Z>
    </Position>
    <Rotation>
      <X>1.53049755</X>
      <Y>0.0558454953</Y>
      <Z>61.8229675</Z>
    </Rotation>
    <Handle>663810</Handle>
    <Bounds>
      <Vector3>
        <X>-2428.324</X>
        <Y>-234.5974</Y>
        <Z>15.0384207</Z>
      </Vector3>
      <Vector3>
        <X>-2427.35938</X>
        <Y>-232.796753</Y>
        <Z>15.0364294</Z>
      </Vector3>
      <Vector3>
        <X>-2432.83179</X>
        <Y>-232.182571</Y>
        <Z>15.1750526</Z>
      </Vector3>
      <Vector3>
        <X>-2428.289</X>
        <Y>-234.6145</Y>
        <Z>16.4937973</Z>
      </Vector3>
      <Vector3>
        <X>-2431.86719</X>
        <Y>-230.381927</Y>
        <Z>15.1730623</Z>
      </Vector3>
      <Vector3>
        <X>-2427.32446</X>
        <Y>-232.813858</Y>
        <Z>16.491806</Z>
      </Vector3>
      <Vector3>
        <X>-2432.79663</X>
        <Y>-232.199677</Y>
        <Z>16.63043</Z>
      </Vector3>
      <Vector3>
        <X>-2431.83228</X>
        <Y>-230.399033</Y>
        <Z>16.6284389</Z>
      </Vector3>
    </Bounds>
    <CenterCamPosition>
      <X>0</X>
      <Y>0</Y>
    </CenterCamPosition>
    <ScreenBounds />
    <DistanceToCam>0</DistanceToCam>
    <Speed>8.341074</Speed>
    <AccInput>0</AccInput>
    <RPM>1.35798967</RPM>
    <Gear>0</Gear>
    <SteeringAngle>5.853084E-41</SteeringAngle>
    <WheelSpeed>0</WheelSpeed>
    <CarType>Sports</CarType>
  </MyCar>
  <Peds />
  <Time>138713</Time>
  <LastFrameTime>0.04720546</LastFrameTime>
  <MyProperty>0</MyProperty>
  <Weather>Clear</Weather>
  <Steering>127</Steering>
  <Acc>177</Acc>
  <Brake>169</Brake>
  <DayTime>15:16:13</DayTime>
  <Position>
    <X>-2430.76733</X>
    <Y>-232.128387</Y>
    <Z>16.75453</Z>
  </Position>
  <Rotation>
    <X>1.03021371</X>
    <Y>0.551978052</Y>
    <Z>61.83285</Z>
  </Rotation>
</Screenshot>