<?xml version="1.0" encoding="utf-8"?>
<Screenshot xmlns:xsd="http://www.w3.org/2001/XMLSchema" xmlns:xsi="http://www.w3.org/2001/XMLSchema-instance">
  <Cars />
  <MyCar>
    <Position>
      <X>-2430.479</X>
      <Y>-232.283508</Y>
      <Z>15.8457012</Z>
    </Position>
    <Rotation>
      <X>1.5303514</X>
      <Y>0.0588558</Y>
      <Z>61.8229828</Z>
    </Rotation>
    <Handle>663810</Handle>
    <Bounds>
      <Vector3>
        <X>-2428.72485</X>
        <Y>-234.382614</Y>
        <Z>15.0507517</Z>
      </Vector3>
      <Vector3>
        <X>-2427.76025</X>
        <Y>-232.58197</Y>
        <Z>15.0486526</Z>
      </Vector3>
      <Vector3>
        <X>-2433.23267</X>
        <Y>-231.967789</Y>
        <Z>15.1873713</Z>
      </Vector3>
      <Vector3>
        <X>-2428.69</X>
        <Y>-234.399658</Y>
        <Z>16.50613</Z>
      </Vector3>
      <Vector3>
        <X>-2432.268</X>
        <Y>-230.167145</Y>
        <Z>15.1852722</Z>
      </Vector3>
      <Vector3>
        <X>-2427.72534</X>
        <Y>-232.599014</Y>
        <Z>16.50403</Z>
      </Vector3>
      <Vector3>
        <X>-2433.19751</X>
        <Y>-231.984833</Y>
        <Z>16.64275</Z>
      </Vector3>
      <Vector3>
        <X>-2432.233</X>
        <Y>-230.184189</Y>
        <Z>16.6406517</Z>
      </Vector3>
    </Bounds>
    <CenterCamPosition>
      <X>0</X>
      <Y>0</Y>
    </CenterCamPosition>
    <ScreenBounds />
    <DistanceToCam>0</DistanceToCam>
    <Speed>8.351317</Speed>
    <AccInput>0</AccInput>
    <RPM>1.35798967</RPM>
    <Gear>0</Gear>
    <SteeringAngle>5.853084E-41</SteeringAngle>
    <WheelSpeed>0</WheelSpeed>
    <CarType>Sports</CarType>
  </MyCar>
  <Peds />
  <Time>138767</Time>
  <LastFrameTime>0.0281162411</LastFrameTime>
  <MyProperty>0</MyProperty>
  <Weather>Clear</Weather>
  <Steering>127</Steering>
  <Acc>177</Acc>
  <Brake>169</Brake>
  <DayTime>15:16:13</DayTime>
  <Position>
    <X>-2431.30786</X>
    <Y>-231.83844</Y>
    <Z>16.7711</Z>
  </Position>
  <Rotation>
    <X>1.03061664</X>
    <Y>0.5581755</Y>
    <Z>61.83304</Z>
  </Rotation>
</Screenshot>