<?xml version="1.0" encoding="utf-8"?>
<Screenshot xmlns:xsd="http://www.w3.org/2001/XMLSchema" xmlns:xsi="http://www.w3.org/2001/XMLSchema-instance">
  <Cars />
  <MyCar>
    <Position>
      <X>-2430.272</X>
      <Y>-232.394363</Y>
      <Z>15.8393679</Z>
    </Position>
    <Rotation>
      <X>1.53056788</X>
      <Y>0.05826589</Y>
      <Z>61.822998</Z>
    </Rotation>
    <Handle>663810</Handle>
    <Bounds>
      <Vector3>
        <X>-2428.51782</X>
        <Y>-234.493469</Y>
        <Z>15.0443983</Z>
      </Vector3>
      <Vector3>
        <X>-2427.55322</X>
        <Y>-232.692825</Y>
        <Z>15.04232</Z>
      </Vector3>
      <Vector3>
        <X>-2433.02563</X>
        <Y>-232.078629</Y>
        <Z>15.1810369</Z>
      </Vector3>
      <Vector3>
        <X>-2428.483</X>
        <Y>-234.510529</Y>
        <Z>16.4997749</Z>
      </Vector3>
      <Vector3>
        <X>-2432.061</X>
        <Y>-230.277985</Y>
        <Z>15.17896</Z>
      </Vector3>
      <Vector3>
        <X>-2427.51831</X>
        <Y>-232.709869</Y>
        <Z>16.4976978</Z>
      </Vector3>
      <Vector3>
        <X>-2432.99048</X>
        <Y>-232.095688</Y>
        <Z>16.6364136</Z>
      </Vector3>
      <Vector3>
        <X>-2432.026</X>
        <Y>-230.295044</Y>
        <Z>16.6343365</Z>
      </Vector3>
    </Bounds>
    <CenterCamPosition>
      <X>0</X>
      <Y>0</Y>
    </CenterCamPosition>
    <ScreenBounds />
    <DistanceToCam>0</DistanceToCam>
    <Speed>8.346041</Speed>
    <AccInput>0</AccInput>
    <RPM>1.35798967</RPM>
    <Gear>0</Gear>
    <SteeringAngle>5.853084E-41</SteeringAngle>
    <WheelSpeed>0</WheelSpeed>
    <CarType>Sports</CarType>
  </MyCar>
  <Peds />
  <Time>138739</Time>
  <LastFrameTime>0.0263819583</LastFrameTime>
  <MyProperty>0</MyProperty>
  <Weather>Clear</Weather>
  <Steering>127</Steering>
  <Acc>177</Acc>
  <Brake>169</Brake>
  <DayTime>15:16:13</DayTime>
  <Position>
    <X>-2431.114</X>
    <Y>-231.942444</Y>
    <Z>16.76516</Z>
  </Position>
  <Rotation>
    <X>1.03054583</X>
    <Y>0.5557555</Y>
    <Z>61.832962</Z>
  </Rotation>
</Screenshot>