<?xml version="1.0" encoding="utf-8"?>
<Screenshot xmlns:xsd="http://www.w3.org/2001/XMLSchema" xmlns:xsi="http://www.w3.org/2001/XMLSchema-instance">
  <Cars />
  <MyCar>
    <Position>
      <X>-2430.81616</X>
      <Y>-232.1028</Y>
      <Z>15.8560257</Z>
    </Position>
    <Rotation>
      <X>1.53009725</X>
      <Y>0.06009889</Y>
      <Z>61.8229065</Z>
    </Rotation>
    <Handle>663810</Handle>
    <Bounds>
      <Vector3>
        <X>-2429.062</X>
        <Y>-234.201935</Y>
        <Z>15.06111</Z>
      </Vector3>
      <Vector3>
        <X>-2428.09741</X>
        <Y>-232.401291</Y>
        <Z>15.0589666</Z>
      </Vector3>
      <Vector3>
        <X>-2433.56982</X>
        <Y>-231.7871</Y>
        <Z>15.1977062</Z>
      </Vector3>
      <Vector3>
        <X>-2429.027</X>
        <Y>-234.218933</Y>
        <Z>16.5164871</Z>
      </Vector3>
      <Vector3>
        <X>-2432.60522</X>
        <Y>-229.986435</Y>
        <Z>15.1955633</Z>
      </Vector3>
      <Vector3>
        <X>-2428.0625</X>
        <Y>-232.418289</Y>
        <Z>16.5143452</Z>
      </Vector3>
      <Vector3>
        <X>-2433.53467</X>
        <Y>-231.8041</Y>
        <Z>16.6530838</Z>
      </Vector3>
      <Vector3>
        <X>-2432.57</X>
        <Y>-230.003448</Y>
        <Z>16.6509418</Z>
      </Vector3>
    </Bounds>
    <CenterCamPosition>
      <X>0</X>
      <Y>0</Y>
    </CenterCamPosition>
    <ScreenBounds />
    <DistanceToCam>0</DistanceToCam>
    <Speed>8.359884</Speed>
    <AccInput>0</AccInput>
    <RPM>1.35798967</RPM>
    <Gear>0</Gear>
    <SteeringAngle>5.853084E-41</SteeringAngle>
    <WheelSpeed>0</WheelSpeed>
    <CarType>Sports</CarType>
  </MyCar>
  <Peds />
  <Time>138813</Time>
  <LastFrameTime>0.0457883067</LastFrameTime>
  <MyProperty>0</MyProperty>
  <Weather>Clear</Weather>
  <Steering>127</Steering>
  <Acc>177</Acc>
  <Brake>169</Brake>
  <DayTime>15:16:13</DayTime>
  <Position>
    <X>-2431.515</X>
    <Y>-231.727585</Y>
    <Z>16.7774277</Z>
  </Position>
  <Rotation>
    <X>1.03040051</X>
    <Y>0.558765352</Y>
    <Z>61.83303</Z>
  </Rotation>
</Screenshot>