<?xml version="1.0" encoding="utf-8"?>
<Screenshot xmlns:xsd="http://www.w3.org/2001/XMLSchema" xmlns:xsi="http://www.w3.org/2001/XMLSchema-instance">
  <Cars />
  <MyCar>
    <Position>
      <X>-2431.05347</X>
      <Y>-231.97551</Y>
      <Z>15.8632908</Z>
    </Position>
    <Rotation>
      <X>1.52973127</X>
      <Y>0.060883943</Y>
      <Z>61.8228455</Z>
    </Rotation>
    <Handle>663810</Handle>
    <Bounds>
      <Vector3>
        <X>-2429.29932</X>
        <Y>-234.074661</Y>
        <Z>15.0684042</Z>
      </Vector3>
      <Vector3>
        <X>-2428.33472</X>
        <Y>-232.274</Y>
        <Z>15.0662336</Z>
      </Vector3>
      <Vector3>
        <X>-2433.80713</X>
        <Y>-231.6598</Y>
        <Z>15.2049685</Z>
      </Vector3>
      <Vector3>
        <X>-2429.2644</X>
        <Y>-234.091644</Y>
        <Z>16.5237827</Z>
      </Vector3>
      <Vector3>
        <X>-2432.84253</X>
        <Y>-229.859161</Y>
        <Z>15.2027979</Z>
      </Vector3>
      <Vector3>
        <X>-2428.2998</X>
        <Y>-232.291</Y>
        <Z>16.5216122</Z>
      </Vector3>
      <Vector3>
        <X>-2433.772</X>
        <Y>-231.676788</Y>
        <Z>16.660347</Z>
      </Vector3>
      <Vector3>
        <X>-2432.80737</X>
        <Y>-229.876144</Y>
        <Z>16.6581764</Z>
      </Vector3>
    </Bounds>
    <CenterCamPosition>
      <X>0</X>
      <Y>0</Y>
    </CenterCamPosition>
    <ScreenBounds />
    <DistanceToCam>0</DistanceToCam>
    <Speed>8.365887</Speed>
    <AccInput>0</AccInput>
    <RPM>1.35798967</RPM>
    <Gear>0</Gear>
    <SteeringAngle>5.853084E-41</SteeringAngle>
    <WheelSpeed>0</WheelSpeed>
    <CarType>Sports</CarType>
  </MyCar>
  <Peds />
  <Time>138845</Time>
  <LastFrameTime>0.0322271362</LastFrameTime>
  <MyProperty>0</MyProperty>
  <Weather>Clear</Weather>
  <Steering>127</Steering>
  <Acc>177</Acc>
  <Brake>169</Brake>
  <DayTime>15:16:13</DayTime>
  <Position>
    <X>-2431.852</X>
    <Y>-231.546844</Y>
    <Z>16.7877464</Z>
  </Position>
  <Rotation>
    <X>1.03014624</X>
    <Y>0.560008347</Y>
    <Z>61.83297</Z>
  </Rotation>
</Screenshot>