<?xml version="1.0" encoding="utf-8"?>
<Screenshot xmlns:xsd="http://www.w3.org/2001/XMLSchema" xmlns:xsi="http://www.w3.org/2001/XMLSchema-instance">
  <Cars />
  <MyCar>
    <Position>
      <X>-2431.19067</X>
      <Y>-231.902</Y>
      <Z>15.8674879</Z>
    </Position>
    <Rotation>
      <X>1.52932763</X>
      <Y>0.061257787</Y>
      <Z>61.8228035</Z>
    </Rotation>
    <Handle>663810</Handle>
    <Bounds>
      <Vector3>
        <X>-2429.43652</X>
        <Y>-234.001144</Y>
        <Z>15.0726261</Z>
      </Vector3>
      <Vector3>
        <X>-2428.472</X>
        <Y>-232.2005</Y>
        <Z>15.0704422</Z>
      </Vector3>
      <Vector3>
        <X>-2433.94434</X>
        <Y>-231.586288</Y>
        <Z>15.2091541</Z>
      </Vector3>
      <Vector3>
        <X>-2429.40161</X>
        <Y>-234.018127</Y>
        <Z>16.5280037</Z>
      </Vector3>
      <Vector3>
        <X>-2432.97974</X>
        <Y>-229.785645</Y>
        <Z>15.20697</Z>
      </Vector3>
      <Vector3>
        <X>-2428.437</X>
        <Y>-232.217484</Y>
        <Z>16.52582</Z>
      </Vector3>
      <Vector3>
        <X>-2433.90918</X>
        <Y>-231.603271</Y>
        <Z>16.6645317</Z>
      </Vector3>
      <Vector3>
        <X>-2432.94458</X>
        <Y>-229.802628</Y>
        <Z>16.6623478</Z>
      </Vector3>
    </Bounds>
    <CenterCamPosition>
      <X>0</X>
      <Y>0</Y>
    </CenterCamPosition>
    <ScreenBounds />
    <DistanceToCam>0</DistanceToCam>
    <Speed>8.369348</Speed>
    <AccInput>0</AccInput>
    <RPM>1.35798967</RPM>
    <Gear>0</Gear>
    <SteeringAngle>5.853084E-41</SteeringAngle>
    <WheelSpeed>0</WheelSpeed>
    <CarType>Sports</CarType>
  </MyCar>
  <Peds />
  <Time>138864</Time>
  <LastFrameTime>0.0186032839</LastFrameTime>
  <MyProperty>0</MyProperty>
  <Weather>Clear</Weather>
  <Steering>127</Steering>
  <Acc>177</Acc>
  <Brake>169</Brake>
  <DayTime>15:16:13</DayTime>
  <Position>
    <X>-2432.08936</X>
    <Y>-231.41954</Y>
    <Z>16.7950039</Z>
  </Position>
  <Rotation>
    <X>1.02978051</X>
    <Y>0.5607933</Y>
    <Z>61.83292</Z>
  </Rotation>
</Screenshot>