<?xml version="1.0" encoding="utf-8"?>
<Screenshot xmlns:xsd="http://www.w3.org/2001/XMLSchema" xmlns:xsi="http://www.w3.org/2001/XMLSchema-instance">
  <Cars />
  <MyCar>
    <Position>
      <X>-2431.54663</X>
      <Y>-231.711288</Y>
      <Z>15.8783731</Z>
    </Position>
    <Rotation>
      <X>1.52913916</X>
      <Y>0.06322258</Y>
      <Z>61.82273</Z>
    </Rotation>
    <Handle>663810</Handle>
    <Bounds>
      <Vector3>
        <X>-2429.79248</X>
        <Y>-233.810471</Y>
        <Z>15.0835552</Z>
      </Vector3>
      <Vector3>
        <X>-2428.828</X>
        <Y>-232.009827</Y>
        <Z>15.0813007</Z>
      </Vector3>
      <Vector3>
        <X>-2434.30029</X>
        <Y>-231.3956</Y>
        <Z>15.2200661</Z>
      </Vector3>
      <Vector3>
        <X>-2429.75757</X>
        <Y>-233.8274</Y>
        <Z>16.5389328</Z>
      </Vector3>
      <Vector3>
        <X>-2433.33569</X>
        <Y>-229.594955</Y>
        <Z>15.2178125</Z>
      </Vector3>
      <Vector3>
        <X>-2428.793</X>
        <Y>-232.026764</Y>
        <Z>16.5366783</Z>
      </Vector3>
      <Vector3>
        <X>-2434.26514</X>
        <Y>-231.412537</Y>
        <Z>16.6754436</Z>
      </Vector3>
      <Vector3>
        <X>-2433.30054</X>
        <Y>-229.6119</Y>
        <Z>16.6731911</Z>
      </Vector3>
    </Bounds>
    <CenterCamPosition>
      <X>0</X>
      <Y>0</Y>
    </CenterCamPosition>
    <ScreenBounds />
    <DistanceToCam>0</DistanceToCam>
    <Speed>8.378295</Speed>
    <AccInput>0</AccInput>
    <RPM>1.35798967</RPM>
    <Gear>0</Gear>
    <SteeringAngle>5.853084E-41</SteeringAngle>
    <WheelSpeed>0</WheelSpeed>
    <CarType>Sports</CarType>
  </MyCar>
  <Peds />
  <Time>138912</Time>
  <LastFrameTime>0.0482185967</LastFrameTime>
  <MyProperty>0</MyProperty>
  <Weather>Clear</Weather>
  <Steering>127</Steering>
  <Acc>177</Acc>
  <Brake>169</Brake>
  <DayTime>15:16:13</DayTime>
  <Position>
    <X>-2432.22656</X>
    <Y>-231.346024</Y>
    <Z>16.7991924</Z>
  </Position>
  <Rotation>
    <X>1.02937686</X>
    <Y>0.56116724</Y>
    <Z>61.83288</Z>
  </Rotation>
</Screenshot>