<?xml version="1.0" encoding="utf-8"?>
<Screenshot xmlns:xsd="http://www.w3.org/2001/XMLSchema" xmlns:xsi="http://www.w3.org/2001/XMLSchema-instance">
  <Cars />
  <MyCar>
    <Position>
      <X>-2432.05151</X>
      <Y>-231.440735</Y>
      <Z>15.8938084</Z>
    </Position>
    <Rotation>
      <X>1.5287863</X>
      <Y>0.0660172</Y>
      <Z>61.8226357</Z>
    </Rotation>
    <Handle>663810</Handle>
    <Bounds>
      <Vector3>
        <X>-2430.29736</X>
        <Y>-233.539948</Y>
        <Z>15.0990553</Z>
      </Vector3>
      <Vector3>
        <X>-2429.33276</X>
        <Y>-231.739319</Y>
        <Z>15.0967016</Z>
      </Vector3>
      <Vector3>
        <X>-2434.80518</X>
        <Y>-231.125076</Y>
        <Z>15.2355356</Z>
      </Vector3>
      <Vector3>
        <X>-2430.26245</X>
        <Y>-233.556824</Y>
        <Z>16.5544338</Z>
      </Vector3>
      <Vector3>
        <X>-2433.84058</X>
        <Y>-229.324432</Y>
        <Z>15.233182</Z>
      </Vector3>
      <Vector3>
        <X>-2429.29785</X>
        <Y>-231.75618</Y>
        <Z>16.55208</Z>
      </Vector3>
      <Vector3>
        <X>-2434.77</X>
        <Y>-231.141937</Y>
        <Z>16.6909142</Z>
      </Vector3>
      <Vector3>
        <X>-2433.80542</X>
        <Y>-229.3413</Y>
        <Z>16.68856</Z>
      </Vector3>
    </Bounds>
    <CenterCamPosition>
      <X>0</X>
      <Y>0</Y>
    </CenterCamPosition>
    <ScreenBounds />
    <DistanceToCam>0</DistanceToCam>
    <Speed>8.390922</Speed>
    <AccInput>0</AccInput>
    <RPM>1.35798967</RPM>
    <Gear>0</Gear>
    <SteeringAngle>5.853084E-41</SteeringAngle>
    <WheelSpeed>0</WheelSpeed>
    <CarType>Sports</CarType>
  </MyCar>
  <Peds />
  <Time>138980</Time>
  <LastFrameTime>0.0271710586</LastFrameTime>
  <MyProperty>0</MyProperty>
  <Weather>Clear</Weather>
  <Steering>127</Steering>
  <Acc>177</Acc>
  <Brake>169</Brake>
  <DayTime>15:16:13</DayTime>
  <Position>
    <X>-2432.88647</X>
    <Y>-230.992355</Y>
    <Z>16.8193626</Z>
  </Position>
  <Rotation>
    <X>1.02890134</X>
    <Y>0.5650493</Y>
    <Z>61.8328171</Z>
  </Rotation>
</Screenshot>