<?xml version="1.0" encoding="utf-8"?>
<Screenshot xmlns:xsd="http://www.w3.org/2001/XMLSchema" xmlns:xsi="http://www.w3.org/2001/XMLSchema-instance">
  <Cars />
  <MyCar>
    <Position>
      <X>-2431.85083</X>
      <Y>-231.548386</Y>
      <Z>15.8876677</Z>
    </Position>
    <Rotation>
      <X>1.52885139</X>
      <Y>0.0651404858</Y>
      <Z>61.8226738</Z>
    </Rotation>
    <Handle>663810</Handle>
    <Bounds>
      <Vector3>
        <X>-2430.09668</X>
        <Y>-233.6476</Y>
        <Z>15.0928965</Z>
      </Vector3>
      <Vector3>
        <X>-2429.132</X>
        <Y>-231.846954</Y>
        <Z>15.0905743</Z>
      </Vector3>
      <Vector3>
        <X>-2434.60449</X>
        <Y>-231.232727</Y>
        <Z>15.2293825</Z>
      </Vector3>
      <Vector3>
        <X>-2430.06177</X>
        <Y>-233.664474</Y>
        <Z>16.548275</Z>
      </Vector3>
      <Vector3>
        <X>-2433.64</X>
        <Y>-229.432083</Y>
        <Z>15.2270594</Z>
      </Vector3>
      <Vector3>
        <X>-2429.09717</X>
        <Y>-231.863831</Y>
        <Z>16.5459518</Z>
      </Vector3>
      <Vector3>
        <X>-2434.56934</X>
        <Y>-231.2496</Y>
        <Z>16.684761</Z>
      </Vector3>
      <Vector3>
        <X>-2433.60474</X>
        <Y>-229.448959</Y>
        <Z>16.6824379</Z>
      </Vector3>
    </Bounds>
    <CenterCamPosition>
      <X>0</X>
      <Y>0</Y>
    </CenterCamPosition>
    <ScreenBounds />
    <DistanceToCam>0</DistanceToCam>
    <Speed>8.385906</Speed>
    <AccInput>0</AccInput>
    <RPM>1.35798967</RPM>
    <Gear>0</Gear>
    <SteeringAngle>5.853084E-41</SteeringAngle>
    <WheelSpeed>0</WheelSpeed>
    <CarType>Sports</CarType>
  </MyCar>
  <Peds />
  <Time>138953</Time>
  <LastFrameTime>0.0224535223</LastFrameTime>
  <MyProperty>0</MyProperty>
  <Weather>Clear</Weather>
  <Steering>127</Steering>
  <Acc>177</Acc>
  <Brake>169</Brake>
  <DayTime>15:16:13</DayTime>
  <Position>
    <X>-2432.72046</X>
    <Y>-231.081268</Y>
    <Z>16.81429</Z>
  </Position>
  <Rotation>
    <X>1.02891064</X>
    <Y>0.564052939</Y>
    <Z>61.8328323</Z>
  </Rotation>
</Screenshot>