<?xml version="1.0" encoding="utf-8"?>
<Screenshot xmlns:xsd="http://www.w3.org/2001/XMLSchema" xmlns:xsi="http://www.w3.org/2001/XMLSchema-instance">
  <Cars />
  <MyCar>
    <Position>
      <X>-2431.68481</X>
      <Y>-231.637283</Y>
      <Z>15.8825932</Z>
    </Position>
    <Rotation>
      <X>1.52886081</X>
      <Y>0.06414397</Y>
      <Z>61.8227043</Z>
    </Rotation>
    <Handle>663810</Handle>
    <Bounds>
      <Vector3>
        <X>-2429.93066</X>
        <Y>-233.736481</Y>
        <Z>15.0878038</Z>
      </Vector3>
      <Vector3>
        <X>-2428.966</X>
        <Y>-231.935837</Y>
        <Z>15.0855169</Z>
      </Vector3>
      <Vector3>
        <X>-2434.43848</X>
        <Y>-231.321609</Y>
        <Z>15.22429</Z>
      </Vector3>
      <Vector3>
        <X>-2429.89575</X>
        <Y>-233.753387</Y>
        <Z>16.5431824</Z>
      </Vector3>
      <Vector3>
        <X>-2433.47388</X>
        <Y>-229.520966</Y>
        <Z>15.222003</Z>
      </Vector3>
      <Vector3>
        <X>-2428.93115</X>
        <Y>-231.952744</Y>
        <Z>16.5408955</Z>
      </Vector3>
      <Vector3>
        <X>-2434.40332</X>
        <Y>-231.338516</Y>
        <Z>16.6796684</Z>
      </Vector3>
      <Vector3>
        <X>-2433.43872</X>
        <Y>-229.537872</Y>
        <Z>16.6773815</Z>
      </Vector3>
    </Bounds>
    <CenterCamPosition>
      <X>0</X>
      <Y>0</Y>
    </CenterCamPosition>
    <ScreenBounds />
    <DistanceToCam>0</DistanceToCam>
    <Speed>8.381756</Speed>
    <AccInput>0</AccInput>
    <RPM>1.35798967</RPM>
    <Gear>0</Gear>
    <SteeringAngle>5.853084E-41</SteeringAngle>
    <WheelSpeed>0</WheelSpeed>
    <CarType>Sports</CarType>
  </MyCar>
  <Peds />
  <Time>138931</Time>
  <LastFrameTime>0.0186988562</LastFrameTime>
  <MyProperty>0</MyProperty>
  <Weather>Clear</Weather>
  <Steering>127</Steering>
  <Acc>177</Acc>
  <Brake>169</Brake>
  <DayTime>15:16:13</DayTime>
  <Position>
    <X>-2432.58228</X>
    <Y>-231.155289</Y>
    <Z>16.8100739</Z>
  </Position>
  <Rotation>
    <X>1.02918875</X>
    <Y>0.56313175</Y>
    <Z>61.8328438</Z>
  </Rotation>
</Screenshot>