<?xml version="1.0" encoding="utf-8"?>
<Screenshot xmlns:xsd="http://www.w3.org/2001/XMLSchema" xmlns:xsi="http://www.w3.org/2001/XMLSchema-instance">
  <Cars />
  <MyCar>
    <Position>
      <X>-2432.423</X>
      <Y>-231.241776</Y>
      <Z>15.9052343</Z>
    </Position>
    <Rotation>
      <X>1.53290522</X>
      <Y>0.0689103752</Y>
      <Z>61.8226051</Z>
    </Rotation>
    <Handle>663810</Handle>
    <Bounds>
      <Vector3>
        <X>-2430.66919</X>
        <Y>-233.341</Y>
        <Z>15.1103506</Z>
      </Vector3>
      <Vector3>
        <X>-2429.70459</X>
        <Y>-231.540359</Y>
        <Z>15.1078939</Z>
      </Vector3>
      <Vector3>
        <X>-2435.17676</X>
        <Y>-230.926117</Y>
        <Z>15.2471981</Z>
      </Vector3>
      <Vector3>
        <X>-2430.634</X>
        <Y>-233.357849</Y>
        <Z>16.5657253</Z>
      </Vector3>
      <Vector3>
        <X>-2434.21216</X>
        <Y>-229.125488</Y>
        <Z>15.2447414</Z>
      </Vector3>
      <Vector3>
        <X>-2429.66943</X>
        <Y>-231.5572</Y>
        <Z>16.5632687</Z>
      </Vector3>
      <Vector3>
        <X>-2435.1416</X>
        <Y>-230.942978</Y>
        <Z>16.7025738</Z>
      </Vector3>
      <Vector3>
        <X>-2434.177</X>
        <Y>-229.142334</Y>
        <Z>16.7001171</Z>
      </Vector3>
    </Bounds>
    <CenterCamPosition>
      <X>0</X>
      <Y>0</Y>
    </CenterCamPosition>
    <ScreenBounds />
    <DistanceToCam>0</DistanceToCam>
    <Speed>8.400166</Speed>
    <AccInput>0</AccInput>
    <RPM>1.35798967</RPM>
    <Gear>0</Gear>
    <SteeringAngle>5.853084E-41</SteeringAngle>
    <WheelSpeed>0</WheelSpeed>
    <CarType>Sports</CarType>
  </MyCar>
  <Peds />
  <Time>139031</Time>
  <LastFrameTime>0.01817972</LastFrameTime>
  <MyProperty>0</MyProperty>
  <Weather>Clear</Weather>
  <Steering>127</Steering>
  <Acc>177</Acc>
  <Brake>169</Brake>
  <DayTime>15:16:13</DayTime>
  <Position>
    <X>-2433.324</X>
    <Y>-230.7578</Y>
    <Z>16.83274</Z>
  </Position>
  <Rotation>
    <X>1.0288316</X>
    <Y>0.5676093</Y>
    <Z>61.83279</Z>
  </Rotation>
</Screenshot>