<?xml version="1.0" encoding="utf-8"?>
<Screenshot xmlns:xsd="http://www.w3.org/2001/XMLSchema" xmlns:xsi="http://www.w3.org/2001/XMLSchema-instance">
  <Cars />
  <MyCar>
    <Position>
      <X>-2432.56128</X>
      <Y>-231.1677</Y>
      <Z>15.9096251</Z>
    </Position>
    <Rotation>
      <X>1.54214442</X>
      <Y>0.06973603</Y>
      <Z>61.8225937</Z>
    </Rotation>
    <Handle>663810</Handle>
    <Bounds>
      <Vector3>
        <X>-2430.80737</X>
        <Y>-233.266876</Y>
        <Z>15.1143475</Z>
      </Vector3>
      <Vector3>
        <X>-2429.84277</X>
        <Y>-231.466232</Y>
        <Z>15.1118612</Z>
      </Vector3>
      <Vector3>
        <X>-2435.315</X>
        <Y>-230.852</Y>
        <Z>15.2520189</Z>
      </Vector3>
      <Vector3>
        <X>-2430.772</X>
        <Y>-233.283813</Y>
        <Z>16.5697155</Z>
      </Vector3>
      <Vector3>
        <X>-2434.35034</X>
        <Y>-229.051361</Y>
        <Z>15.2495327</Z>
      </Vector3>
      <Vector3>
        <X>-2429.80737</X>
        <Y>-231.48317</Y>
        <Z>16.56723</Z>
      </Vector3>
      <Vector3>
        <X>-2435.27954</X>
        <Y>-230.868942</Y>
        <Z>16.7073879</Z>
      </Vector3>
      <Vector3>
        <X>-2434.315</X>
        <Y>-229.0683</Y>
        <Z>16.7049026</Z>
      </Vector3>
    </Bounds>
    <CenterCamPosition>
      <X>0</X>
      <Y>0</Y>
    </CenterCamPosition>
    <ScreenBounds />
    <DistanceToCam>0</DistanceToCam>
    <Speed>8.403582</Speed>
    <AccInput>0</AccInput>
    <RPM>1.35798967</RPM>
    <Gear>0</Gear>
    <SteeringAngle>5.853084E-41</SteeringAngle>
    <WheelSpeed>0</WheelSpeed>
    <CarType>Sports</CarType>
  </MyCar>
  <Peds />
  <Time>139049</Time>
  <LastFrameTime>0.01867217</LastFrameTime>
  <MyProperty>0</MyProperty>
  <Weather>Clear</Weather>
  <Steering>127</Steering>
  <Acc>177</Acc>
  <Brake>169</Brake>
  <DayTime>15:16:13</DayTime>
  <Position>
    <X>-2433.45874</X>
    <Y>-230.685715</Y>
    <Z>16.8370132</Z>
  </Position>
  <Rotation>
    <X>1.03295612</X>
    <Y>0.568818</Y>
    <Z>61.83286</Z>
  </Rotation>
</Screenshot>