<?xml version="1.0" encoding="utf-8"?>
<Screenshot xmlns:xsd="http://www.w3.org/2001/XMLSchema" xmlns:xsi="http://www.w3.org/2001/XMLSchema-instance">
  <Cars />
  <MyCar>
    <Position>
      <X>-2432.9</X>
      <Y>-230.98616</Y>
      <Z>15.9204721</Z>
    </Position>
    <Rotation>
      <X>1.57515383</X>
      <Y>0.07286683</Y>
      <Z>61.8225861</Z>
    </Rotation>
    <Handle>663810</Handle>
    <Bounds>
      <Vector3>
        <X>-2431.14648</X>
        <Y>-233.085159</Y>
        <Z>15.1237879</Z>
      </Vector3>
      <Vector3>
        <X>-2430.182</X>
        <Y>-231.284531</Y>
        <Z>15.12119</Z>
      </Vector3>
      <Vector3>
        <X>-2435.654</X>
        <Y>-230.670319</Y>
        <Z>15.2644062</Z>
      </Vector3>
      <Vector3>
        <X>-2431.11035</X>
        <Y>-233.102432</Y>
        <Z>16.579134</Z>
      </Vector3>
      <Vector3>
        <X>-2434.68945</X>
        <Y>-228.869675</Y>
        <Z>15.2618084</Z>
      </Vector3>
      <Vector3>
        <X>-2430.14575</X>
        <Y>-231.301788</Y>
        <Z>16.5765362</Z>
      </Vector3>
      <Vector3>
        <X>-2435.618</X>
        <Y>-230.687576</Y>
        <Z>16.7197533</Z>
      </Vector3>
      <Vector3>
        <X>-2434.65332</X>
        <Y>-228.886948</Y>
        <Z>16.7171555</Z>
      </Vector3>
    </Bounds>
    <CenterCamPosition>
      <X>0</X>
      <Y>0</Y>
    </CenterCamPosition>
    <ScreenBounds />
    <DistanceToCam>0</DistanceToCam>
    <Speed>8.411835</Speed>
    <AccInput>0</AccInput>
    <RPM>1.35798967</RPM>
    <Gear>0</Gear>
    <SteeringAngle>5.853084E-41</SteeringAngle>
    <WheelSpeed>0</WheelSpeed>
    <CarType>Sports</CarType>
  </MyCar>
  <Peds />
  <Time>139095</Time>
  <LastFrameTime>0.04571259</LastFrameTime>
  <MyProperty>0</MyProperty>
  <Weather>Clear</Weather>
  <Steering>127</Steering>
  <Acc>177</Acc>
  <Brake>169</Brake>
  <DayTime>15:16:13</DayTime>
  <Position>
    <X>-2433.59668</X>
    <Y>-230.6117</Y>
    <Z>16.8415928</Z>
  </Position>
  <Rotation>
    <X>1.04219615</X>
    <Y>0.5696417</Y>
    <Z>61.8329468</Z>
  </Rotation>
</Screenshot>