<?xml version="1.0" encoding="utf-8"?>
<Screenshot xmlns:xsd="http://www.w3.org/2001/XMLSchema" xmlns:xsi="http://www.w3.org/2001/XMLSchema-instance">
  <Cars />
  <MyCar>
    <Position>
      <X>-2432.28833</X>
      <Y>-231.313873</Y>
      <Z>15.9010468</Z>
    </Position>
    <Rotation>
      <X>1.52878118</X>
      <Y>0.06770079</Y>
      <Z>61.8226051</Z>
    </Rotation>
    <Handle>663810</Handle>
    <Bounds>
      <Vector3>
        <X>-2430.53418</X>
        <Y>-233.413116</Y>
        <Z>15.1063242</Z>
      </Vector3>
      <Vector3>
        <X>-2429.56958</X>
        <Y>-231.612473</Y>
        <Z>15.10391</Z>
      </Vector3>
      <Vector3>
        <X>-2435.042</X>
        <Y>-230.99823</Y>
        <Z>15.2428036</Z>
      </Vector3>
      <Vector3>
        <X>-2430.49927</X>
        <Y>-233.429947</Y>
        <Z>16.5617027</Z>
      </Vector3>
      <Vector3>
        <X>-2434.07739</X>
        <Y>-229.197586</Y>
        <Z>15.24039</Z>
      </Vector3>
      <Vector3>
        <X>-2429.53467</X>
        <Y>-231.6293</Y>
        <Z>16.55929</Z>
      </Vector3>
      <Vector3>
        <X>-2435.00684</X>
        <Y>-231.01506</Y>
        <Z>16.6981831</Z>
      </Vector3>
      <Vector3>
        <X>-2434.04224</X>
        <Y>-229.214417</Y>
        <Z>16.6957684</Z>
      </Vector3>
    </Bounds>
    <CenterCamPosition>
      <X>0</X>
      <Y>0</Y>
    </CenterCamPosition>
    <ScreenBounds />
    <DistanceToCam>0</DistanceToCam>
    <Speed>8.396817</Speed>
    <AccInput>0</AccInput>
    <RPM>1.35798967</RPM>
    <Gear>0</Gear>
    <SteeringAngle>5.853084E-41</SteeringAngle>
    <WheelSpeed>0</WheelSpeed>
    <CarType>Sports</CarType>
  </MyCar>
  <Peds />
  <Time>139012</Time>
  <LastFrameTime>0.0320015438</LastFrameTime>
  <MyProperty>0</MyProperty>
  <Weather>Clear</Weather>
  <Steering>127</Steering>
  <Acc>177</Acc>
  <Brake>169</Brake>
  <DayTime>15:16:13</DayTime>
  <Position>
    <X>-2433.08716</X>
    <Y>-230.884689</Y>
    <Z>16.8255024</Z>
  </Position>
  <Rotation>
    <X>1.02883637</X>
    <Y>0.565926</Y>
    <Z>61.832798</Z>
  </Rotation>
</Screenshot>