<?xml version="1.0" encoding="utf-8"?>
<Screenshot xmlns:xsd="http://www.w3.org/2001/XMLSchema" xmlns:xsi="http://www.w3.org/2001/XMLSchema-instance">
  <Cars />
  <MyCar>
    <Position>
      <X>-2433.67383</X>
      <Y>-230.5719</Y>
      <Z>15.9452667</Z>
    </Position>
    <Rotation>
      <X>1.63823855</X>
      <Y>0.08069059</Y>
      <Z>61.83734</Z>
    </Rotation>
    <Handle>663810</Handle>
    <Bounds>
      <Vector3>
        <X>-2431.92065</X>
        <Y>-232.670135</Y>
        <Z>15.14593</Z>
      </Vector3>
      <Vector3>
        <X>-2430.95654</X>
        <Y>-230.869247</Y>
        <Z>15.1430531</Z>
      </Vector3>
      <Vector3>
        <X>-2436.42871</X>
        <Y>-230.2565</Y>
        <Z>15.2921782</Z>
      </Vector3>
      <Vector3>
        <X>-2431.883</X>
        <Y>-232.687973</Y>
        <Z>16.60123</Z>
      </Vector3>
      <Vector3>
        <X>-2435.4646</X>
        <Y>-228.455612</Y>
        <Z>15.2893019</Z>
      </Vector3>
      <Vector3>
        <X>-2430.919</X>
        <Y>-230.887085</Y>
        <Z>16.5983543</Z>
      </Vector3>
      <Vector3>
        <X>-2436.391</X>
        <Y>-230.274338</Y>
        <Z>16.74748</Z>
      </Vector3>
      <Vector3>
        <X>-2435.427</X>
        <Y>-228.47345</Y>
        <Z>16.7446041</Z>
      </Vector3>
    </Bounds>
    <CenterCamPosition>
      <X>0</X>
      <Y>0</Y>
    </CenterCamPosition>
    <ScreenBounds />
    <DistanceToCam>0</DistanceToCam>
    <Speed>8.430274</Speed>
    <AccInput>0</AccInput>
    <RPM>1.35798967</RPM>
    <Gear>0</Gear>
    <SteeringAngle>5.853084E-41</SteeringAngle>
    <WheelSpeed>0</WheelSpeed>
    <CarType>Sports</CarType>
  </MyCar>
  <Peds />
  <Time>139199</Time>
  <LastFrameTime>0.0184698533</LastFrameTime>
  <MyProperty>0</MyProperty>
  <Weather>Clear</Weather>
  <Steering>126</Steering>
  <Acc>177</Acc>
  <Brake>169</Brake>
  <DayTime>15:16:13</DayTime>
  <Position>
    <X>-2434.571</X>
    <Y>-230.089966</Y>
    <Z>16.8746071</Z>
  </Position>
  <Rotation>
    <X>1.1280936</X>
    <Y>0.5788723</Y>
    <Z>61.8436928</Z>
  </Rotation>
</Screenshot>