<?xml version="1.0" encoding="utf-8"?>
<Screenshot xmlns:xsd="http://www.w3.org/2001/XMLSchema" xmlns:xsi="http://www.w3.org/2001/XMLSchema-instance">
  <Cars />
  <MyCar>
    <Position>
      <X>-2433.53662</X>
      <Y>-230.645264</Y>
      <Z>15.9408789</Z>
    </Position>
    <Rotation>
      <X>1.62803614</X>
      <Y>0.07898449</Y>
      <Z>61.8323</Z>
    </Rotation>
    <Handle>663810</Handle>
    <Bounds>
      <Vector3>
        <X>-2431.78345</X>
        <Y>-232.7437</Y>
        <Z>15.141963</Z>
      </Vector3>
      <Vector3>
        <X>-2430.819</X>
        <Y>-230.9429</Y>
        <Z>15.1391468</Z>
      </Vector3>
      <Vector3>
        <X>-2436.29126</X>
        <Y>-230.329666</Y>
        <Z>15.2873011</Z>
      </Vector3>
      <Vector3>
        <X>-2431.746</X>
        <Y>-232.761459</Y>
        <Z>16.597271</Z>
      </Vector3>
      <Vector3>
        <X>-2435.32715</X>
        <Y>-228.528854</Y>
        <Z>15.2844849</Z>
      </Vector3>
      <Vector3>
        <X>-2430.78174</X>
        <Y>-230.960648</Y>
        <Z>16.5944557</Z>
      </Vector3>
      <Vector3>
        <X>-2436.254</X>
        <Y>-230.347412</Y>
        <Z>16.742609</Z>
      </Vector3>
      <Vector3>
        <X>-2435.28955</X>
        <Y>-228.546616</Y>
        <Z>16.7397938</Z>
      </Vector3>
    </Bounds>
    <CenterCamPosition>
      <X>0</X>
      <Y>0</Y>
    </CenterCamPosition>
    <ScreenBounds />
    <DistanceToCam>0</DistanceToCam>
    <Speed>8.427052</Speed>
    <AccInput>0</AccInput>
    <RPM>1.35798967</RPM>
    <Gear>0</Gear>
    <SteeringAngle>5.853084E-41</SteeringAngle>
    <WheelSpeed>0</WheelSpeed>
    <CarType>Sports</CarType>
  </MyCar>
  <Peds />
  <Time>139181</Time>
  <LastFrameTime>0.0185421538</LastFrameTime>
  <MyProperty>0</MyProperty>
  <Weather>Clear</Weather>
  <Steering>126</Steering>
  <Acc>177</Acc>
  <Brake>169</Brake>
  <DayTime>15:16:13</DayTime>
  <Position>
    <X>-2434.43335</X>
    <Y>-230.163513</Y>
    <Z>16.8700085</Z>
  </Position>
  <Rotation>
    <X>1.11901283</X>
    <Y>0.5780156</Y>
    <Z>61.83977</Z>
  </Rotation>
</Screenshot>