<?xml version="1.0" encoding="utf-8"?>
<Screenshot xmlns:xsd="http://www.w3.org/2001/XMLSchema" xmlns:xsi="http://www.w3.org/2001/XMLSchema-instance">
  <Cars />
  <MyCar>
    <Position>
      <X>-2433.04248</X>
      <Y>-230.90979</Y>
      <Z>15.9250536</Z>
    </Position>
    <Rotation>
      <X>1.58502007</X>
      <Y>0.07408297</Y>
      <Z>61.8225861</Z>
    </Rotation>
    <Handle>663810</Handle>
    <Bounds>
      <Vector3>
        <X>-2431.289</X>
        <Y>-233.008743</Y>
        <Z>15.1279545</Z>
      </Vector3>
      <Vector3>
        <X>-2430.32446</X>
        <Y>-231.2081</Y>
        <Z>15.1253138</Z>
      </Vector3>
      <Vector3>
        <X>-2435.79663</X>
        <Y>-230.5939</Y>
        <Z>15.269453</Z>
      </Vector3>
      <Vector3>
        <X>-2431.25269</X>
        <Y>-233.026108</Y>
        <Z>16.5832939</Z>
      </Vector3>
      <Vector3>
        <X>-2434.832</X>
        <Y>-228.793259</Y>
        <Z>15.2668123</Z>
      </Vector3>
      <Vector3>
        <X>-2430.288</X>
        <Y>-231.225464</Y>
        <Z>16.5806522</Z>
      </Vector3>
      <Vector3>
        <X>-2435.76025</X>
        <Y>-230.611267</Y>
        <Z>16.7247925</Z>
      </Vector3>
      <Vector3>
        <X>-2434.79565</X>
        <Y>-228.810623</Y>
        <Z>16.72215</Z>
      </Vector3>
    </Bounds>
    <CenterCamPosition>
      <X>0</X>
      <Y>0</Y>
    </CenterCamPosition>
    <ScreenBounds />
    <DistanceToCam>0</DistanceToCam>
    <Speed>8.415275</Speed>
    <AccInput>0</AccInput>
    <RPM>1.35798967</RPM>
    <Gear>0</Gear>
    <SteeringAngle>5.853084E-41</SteeringAngle>
    <WheelSpeed>0</WheelSpeed>
    <CarType>Sports</CarType>
  </MyCar>
  <Peds />
  <Time>139114</Time>
  <LastFrameTime>0.0192220267</LastFrameTime>
  <MyProperty>0</MyProperty>
  <Weather>Clear</Weather>
  <Steering>127</Steering>
  <Acc>177</Acc>
  <Brake>169</Brake>
  <DayTime>15:16:13</DayTime>
  <Position>
    <X>-2433.93481</X>
    <Y>-230.430374</Y>
    <Z>16.853117</Z>
  </Position>
  <Rotation>
    <X>1.07520771</X>
    <Y>0.572765946</Y>
    <Z>61.8333321</Z>
  </Rotation>
</Screenshot>