<?xml version="1.0" encoding="utf-8"?>
<Screenshot xmlns:xsd="http://www.w3.org/2001/XMLSchema" xmlns:xsi="http://www.w3.org/2001/XMLSchema-instance">
  <Cars />
  <MyCar>
    <Position>
      <X>-2433.399</X>
      <Y>-230.718933</Y>
      <Z>15.9364662</Z>
    </Position>
    <Rotation>
      <X>1.618956</X>
      <Y>0.0781259239</Y>
      <Z>61.8284874</Z>
    </Rotation>
    <Handle>663810</Handle>
    <Bounds>
      <Vector3>
        <X>-2431.64575</X>
        <Y>-232.817535</Y>
        <Z>15.1379366</Z>
      </Vector3>
      <Vector3>
        <X>-2430.6814</X>
        <Y>-231.0168</Y>
        <Z>15.1351519</Z>
      </Vector3>
      <Vector3>
        <X>-2436.15356</X>
        <Y>-230.403183</Y>
        <Z>15.282465</Z>
      </Vector3>
      <Vector3>
        <X>-2431.60864</X>
        <Y>-232.8352</Y>
        <Z>16.5932522</Z>
      </Vector3>
      <Vector3>
        <X>-2435.18921</X>
        <Y>-228.602448</Y>
        <Z>15.2796793</Z>
      </Vector3>
      <Vector3>
        <X>-2430.64429</X>
        <Y>-231.03447</Y>
        <Z>16.5904675</Z>
      </Vector3>
      <Vector3>
        <X>-2436.11621</X>
        <Y>-230.420853</Y>
        <Z>16.73778</Z>
      </Vector3>
      <Vector3>
        <X>-2435.15186</X>
        <Y>-228.620117</Y>
        <Z>16.7349949</Z>
      </Vector3>
    </Bounds>
    <CenterCamPosition>
      <X>0</X>
      <Y>0</Y>
    </CenterCamPosition>
    <ScreenBounds />
    <DistanceToCam>0</DistanceToCam>
    <Speed>8.423784</Speed>
    <AccInput>0</AccInput>
    <RPM>1.35798967</RPM>
    <Gear>0</Gear>
    <SteeringAngle>5.853084E-41</SteeringAngle>
    <WheelSpeed>0</WheelSpeed>
    <CarType>Sports</CarType>
  </MyCar>
  <Peds />
  <Time>139162</Time>
  <LastFrameTime>0.0480324179</LastFrameTime>
  <MyProperty>0</MyProperty>
  <Weather>Clear</Weather>
  <Steering>126</Steering>
  <Acc>177</Acc>
  <Brake>169</Brake>
  <DayTime>15:16:13</DayTime>
  <Position>
    <X>-2434.07739</X>
    <Y>-230.35405</Y>
    <Z>16.8579</Z>
  </Position>
  <Rotation>
    <X>1.08507442</X>
    <Y>0.5739799</Y>
    <Z>61.8334541</Z>
  </Rotation>
</Screenshot>