<?xml version="1.0" encoding="utf-8"?>
<Screenshot xmlns:xsd="http://www.w3.org/2001/XMLSchema" xmlns:xsi="http://www.w3.org/2001/XMLSchema-instance">
  <Cars />
  <MyCar>
    <Position>
      <X>-2434.04419</X>
      <Y>-230.374329</Y>
      <Z>15.9571075</Z>
    </Position>
    <Rotation>
      <X>1.67066336</X>
      <Y>0.08484809</Y>
      <Z>61.8597565</Z>
    </Rotation>
    <Handle>663810</Handle>
    <Bounds>
      <Vector3>
        <X>-2432.29053</X>
        <Y>-232.47171</Y>
        <Z>15.15641</Z>
      </Vector3>
      <Vector3>
        <X>-2431.32715</X>
        <Y>-230.670456</Y>
        <Z>15.1533852</Z>
      </Vector3>
      <Vector3>
        <X>-2436.79956</X>
        <Y>-230.059875</Y>
        <Z>15.3055525</Z>
      </Vector3>
      <Vector3>
        <X>-2432.2522</X>
        <Y>-232.489838</Y>
        <Z>16.6116867</Z>
      </Vector3>
      <Vector3>
        <X>-2435.83618</X>
        <Y>-228.2586</Y>
        <Z>15.3025274</Z>
      </Vector3>
      <Vector3>
        <X>-2431.28882</X>
        <Y>-230.688568</Y>
        <Z>16.6086617</Z>
      </Vector3>
      <Vector3>
        <X>-2436.761</X>
        <Y>-230.077988</Y>
        <Z>16.76083</Z>
      </Vector3>
      <Vector3>
        <X>-2435.79761</X>
        <Y>-228.276718</Y>
        <Z>16.7578049</Z>
      </Vector3>
    </Bounds>
    <CenterCamPosition>
      <X>0</X>
      <Y>0</Y>
    </CenterCamPosition>
    <ScreenBounds />
    <DistanceToCam>0</DistanceToCam>
    <Speed>8.43889</Speed>
    <AccInput>0</AccInput>
    <RPM>1.35798967</RPM>
    <Gear>0</Gear>
    <SteeringAngle>5.853084E-41</SteeringAngle>
    <WheelSpeed>0</WheelSpeed>
    <CarType>Sports</CarType>
  </MyCar>
  <Peds />
  <Time>139249</Time>
  <LastFrameTime>0.0497614257</LastFrameTime>
  <MyProperty>0</MyProperty>
  <Weather>Clear</Weather>
  <Steering>126</Steering>
  <Acc>177</Acc>
  <Brake>169</Brake>
  <DayTime>15:16:13</DayTime>
  <Position>
    <X>-2434.708</X>
    <Y>-230.016739</Y>
    <Z>16.8792038</Z>
  </Position>
  <Rotation>
    <X>1.138297</X>
    <Y>0.580576062</Y>
    <Z>61.848877</Z>
  </Rotation>
</Screenshot>