<?xml version="1.0" encoding="utf-8"?>
<Screenshot xmlns:xsd="http://www.w3.org/2001/XMLSchema" xmlns:xsi="http://www.w3.org/2001/XMLSchema-instance">
  <Cars />
  <MyCar>
    <Position>
      <X>-2434.39258</X>
      <Y>-230.188782</Y>
      <Z>15.9682112</Z>
    </Position>
    <Rotation>
      <X>1.69874728</X>
      <Y>0.0868018</Y>
      <Z>61.88905</Z>
    </Rotation>
    <Handle>663810</Handle>
    <Bounds>
      <Vector3>
        <X>-2432.63818</X>
        <Y>-232.28511</Y>
        <Z>15.1663055</Z>
      </Vector3>
      <Vector3>
        <X>-2431.67578</X>
        <Y>-230.483353</Y>
        <Z>15.1632109</Z>
      </Vector3>
      <Vector3>
        <X>-2437.14844</X>
        <Y>-229.8756</Y>
        <Z>15.3179541</Z>
      </Vector3>
      <Vector3>
        <X>-2432.599</X>
        <Y>-232.3035</Y>
        <Z>16.6215611</Z>
      </Vector3>
      <Vector3>
        <X>-2436.18579</X>
        <Y>-228.073837</Y>
        <Z>15.3148594</Z>
      </Vector3>
      <Vector3>
        <X>-2431.63672</X>
        <Y>-230.501755</Y>
        <Z>16.6184673</Z>
      </Vector3>
      <Vector3>
        <X>-2437.10913</X>
        <Y>-229.894</Y>
        <Z>16.77321</Z>
      </Vector3>
      <Vector3>
        <X>-2436.14673</X>
        <Y>-228.092239</Y>
        <Z>16.7701149</Z>
      </Vector3>
    </Bounds>
    <CenterCamPosition>
      <X>0</X>
      <Y>0</Y>
    </CenterCamPosition>
    <ScreenBounds />
    <DistanceToCam>0</DistanceToCam>
    <Speed>8.446878</Speed>
    <AccInput>0</AccInput>
    <RPM>1.35798967</RPM>
    <Gear>0</Gear>
    <SteeringAngle>5.853084E-41</SteeringAngle>
    <WheelSpeed>0</WheelSpeed>
    <CarType>Sports</CarType>
  </MyCar>
  <Peds />
  <Time>139296</Time>
  <LastFrameTime>0.0467604846</LastFrameTime>
  <MyProperty>0</MyProperty>
  <Weather>Clear</Weather>
  <Steering>126</Steering>
  <Acc>177</Acc>
  <Brake>169</Brake>
  <DayTime>15:16:13</DayTime>
  <Position>
    <X>-2435.07813</X>
    <Y>-229.819763</Y>
    <Z>16.8917084</Z>
  </Position>
  <Rotation>
    <X>1.17072427</X>
    <Y>0.584726036</Y>
    <Z>61.8716965</Z>
  </Rotation>
</Screenshot>