<?xml version="1.0" encoding="utf-8"?>
<Screenshot xmlns:xsd="http://www.w3.org/2001/XMLSchema" xmlns:xsi="http://www.w3.org/2001/XMLSchema-instance">
  <Cars />
  <MyCar>
    <Position>
      <X>-2434.885</X>
      <Y>-229.927246</Y>
      <Z>15.9839211</Z>
    </Position>
    <Rotation>
      <X>1.73252738</X>
      <Y>0.08995656</Y>
      <Z>61.9407959</Z>
    </Rotation>
    <Handle>663810</Handle>
    <Bounds>
      <Vector3>
        <X>-2433.12915</X>
        <Y>-232.0218</Y>
        <Z>15.1805773</Z>
      </Vector3>
      <Vector3>
        <X>-2432.16846</X>
        <Y>-230.2192</Y>
        <Z>15.17737</Z>
      </Vector3>
      <Vector3>
        <X>-2437.64136</X>
        <Y>-229.6164</Y>
        <Z>15.33524</Z>
      </Vector3>
      <Vector3>
        <X>-2433.08936</X>
        <Y>-232.0405</Y>
        <Z>16.6358089</Z>
      </Vector3>
      <Vector3>
        <X>-2436.68066</X>
        <Y>-227.813782</Y>
        <Z>15.3320332</Z>
      </Vector3>
      <Vector3>
        <X>-2432.12842</X>
        <Y>-230.237869</Y>
        <Z>16.6326</Z>
      </Vector3>
      <Vector3>
        <X>-2437.60156</X>
        <Y>-229.635086</Y>
        <Z>16.790472</Z>
      </Vector3>
      <Vector3>
        <X>-2436.64063</X>
        <Y>-227.832458</Y>
        <Z>16.7872639</Z>
      </Vector3>
    </Bounds>
    <CenterCamPosition>
      <X>0</X>
      <Y>0</Y>
    </CenterCamPosition>
    <ScreenBounds />
    <DistanceToCam>0</DistanceToCam>
    <Speed>8.458057</Speed>
    <AccInput>0</AccInput>
    <RPM>1.35798967</RPM>
    <Gear>0</Gear>
    <SteeringAngle>5.853084E-41</SteeringAngle>
    <WheelSpeed>0</WheelSpeed>
    <CarType>Sports</CarType>
  </MyCar>
  <Peds />
  <Time>139362</Time>
  <LastFrameTime>0.032727655</LastFrameTime>
  <MyProperty>0</MyProperty>
  <Weather>Clear</Weather>
  <Steering>126</Steering>
  <Acc>177</Acc>
  <Brake>169</Brake>
  <DayTime>15:16:13</DayTime>
  <Position>
    <X>-2435.67432</X>
    <Y>-229.503662</Y>
    <Z>16.9116554</Z>
  </Position>
  <Rotation>
    <X>1.21530151</X>
    <Y>0.588171244</Y>
    <Z>61.9261665</Z>
  </Rotation>
</Screenshot>