<?xml version="1.0" encoding="utf-8"?>
<Screenshot xmlns:xsd="http://www.w3.org/2001/XMLSchema" xmlns:xsi="http://www.w3.org/2001/XMLSchema-instance">
  <Cars />
  <MyCar>
    <Position>
      <X>-2435.04175</X>
      <Y>-229.844223</Y>
      <Z>15.9889412</Z>
    </Position>
    <Rotation>
      <X>1.74129748</X>
      <Y>0.09095314</Y>
      <Z>61.9592857</Z>
    </Rotation>
    <Handle>663810</Handle>
    <Bounds>
      <Vector3>
        <X>-2433.2854</X>
        <Y>-231.938171</Y>
        <Z>15.1852274</Z>
      </Vector3>
      <Vector3>
        <X>-2432.3252</X>
        <Y>-230.135239</Y>
        <Z>15.1819849</Z>
      </Vector3>
      <Vector3>
        <X>-2437.79834</X>
        <Y>-229.534225</Y>
        <Z>15.3406734</Z>
      </Vector3>
      <Vector3>
        <X>-2433.24536</X>
        <Y>-231.95694</Y>
        <Z>16.6404514</Z>
      </Vector3>
      <Vector3>
        <X>-2436.83813</X>
        <Y>-227.7313</Y>
        <Z>15.337431</Z>
      </Vector3>
      <Vector3>
        <X>-2432.28516</X>
        <Y>-230.153992</Y>
        <Z>16.6372089</Z>
      </Vector3>
      <Vector3>
        <X>-2437.7583</X>
        <Y>-229.553</Y>
        <Z>16.7958965</Z>
      </Vector3>
      <Vector3>
        <X>-2436.79785</X>
        <Y>-227.750061</Y>
        <Z>16.792654</Z>
      </Vector3>
    </Bounds>
    <CenterCamPosition>
      <X>0</X>
      <Y>0</Y>
    </CenterCamPosition>
    <ScreenBounds />
    <DistanceToCam>0</DistanceToCam>
    <Speed>8.461483</Speed>
    <AccInput>0</AccInput>
    <RPM>1.35798967</RPM>
    <Gear>0</Gear>
    <SteeringAngle>5.853084E-41</SteeringAngle>
    <WheelSpeed>0</WheelSpeed>
    <CarType>Sports</CarType>
  </MyCar>
  <Peds />
  <Time>139383</Time>
  <LastFrameTime>0.0209538285</LastFrameTime>
  <MyProperty>0</MyProperty>
  <Weather>Clear</Weather>
  <Steering>126</Steering>
  <Acc>177</Acc>
  <Brake>169</Brake>
  <DayTime>15:16:13</DayTime>
  <Position>
    <X>-2435.9187</X>
    <Y>-229.374542</Y>
    <Z>16.9197884</Z>
  </Position>
  <Rotation>
    <X>1.23259258</X>
    <Y>0.58982</Y>
    <Z>61.95348</Z>
  </Rotation>
</Screenshot>