<?xml version="1.0" encoding="utf-8"?>
<Screenshot xmlns:xsd="http://www.w3.org/2001/XMLSchema" xmlns:xsi="http://www.w3.org/2001/XMLSchema-instance">
  <Cars />
  <MyCar>
    <Position>
      <X>-2434.64063</X>
      <Y>-230.056961</Y>
      <Z>15.976141</Z>
    </Position>
    <Rotation>
      <X>1.71523738</X>
      <Y>0.08830349</Y>
      <Z>61.91369</Z>
    </Rotation>
    <Handle>663810</Handle>
    <Bounds>
      <Vector3>
        <X>-2432.88574</X>
        <Y>-232.152451</Y>
        <Z>15.1735325</Z>
      </Vector3>
      <Vector3>
        <X>-2431.92383</X>
        <Y>-230.350281</Y>
        <Z>15.1703844</Z>
      </Vector3>
      <Vector3>
        <X>-2437.39673</X>
        <Y>-229.744888</Y>
        <Z>15.3266525</Z>
      </Vector3>
      <Vector3>
        <X>-2432.84619</X>
        <Y>-232.17099</Y>
        <Z>16.6287766</Z>
      </Vector3>
      <Vector3>
        <X>-2436.435</X>
        <Y>-227.942719</Y>
        <Z>15.3235044</Z>
      </Vector3>
      <Vector3>
        <X>-2431.88452</X>
        <Y>-230.36882</Y>
        <Z>16.62563</Z>
      </Vector3>
      <Vector3>
        <X>-2437.35718</X>
        <Y>-229.763428</Y>
        <Z>16.7818966</Z>
      </Vector3>
      <Vector3>
        <X>-2436.39551</X>
        <Y>-227.961258</Y>
        <Z>16.77875</Z>
      </Vector3>
    </Bounds>
    <CenterCamPosition>
      <X>0</X>
      <Y>0</Y>
    </CenterCamPosition>
    <ScreenBounds />
    <DistanceToCam>0</DistanceToCam>
    <Speed>8.452518</Speed>
    <AccInput>0</AccInput>
    <RPM>1.35798967</RPM>
    <Gear>0</Gear>
    <SteeringAngle>5.853084E-41</SteeringAngle>
    <WheelSpeed>0</WheelSpeed>
    <CarType>Sports</CarType>
  </MyCar>
  <Peds />
  <Time>139329</Time>
  <LastFrameTime>0.03323717</LastFrameTime>
  <MyProperty>0</MyProperty>
  <Weather>Clear</Weather>
  <Steering>126</Steering>
  <Acc>177</Acc>
  <Brake>169</Brake>
  <DayTime>15:16:13</DayTime>
  <Position>
    <X>-2435.42627</X>
    <Y>-229.634933</Y>
    <Z>16.9033871</Z>
  </Position>
  <Rotation>
    <X>1.1988101</X>
    <Y>0.5866733</Y>
    <Z>61.9013176</Z>
  </Rotation>
</Screenshot>