<?xml version="1.0" encoding="utf-8"?>
<Screenshot xmlns:xsd="http://www.w3.org/2001/XMLSchema" xmlns:xsi="http://www.w3.org/2001/XMLSchema-instance">
  <Cars />
  <MyCar>
    <Position>
      <X>-2435.27661</X>
      <Y>-229.719833</Y>
      <Z>15.99674</Z>
    </Position>
    <Rotation>
      <X>1.74156725</X>
      <Y>0.0913858861</Y>
      <Z>61.98868</Z>
    </Rotation>
    <Handle>663810</Handle>
    <Bounds>
      <Vector3>
        <X>-2433.51929</X>
        <Y>-231.812881</Y>
        <Z>15.1930218</Z>
      </Vector3>
      <Vector3>
        <X>-2432.55981</X>
        <Y>-230.00946</Y>
        <Z>15.189764</Z>
      </Vector3>
      <Vector3>
        <X>-2438.03345</X>
        <Y>-229.411255</Y>
        <Z>15.3484926</Z>
      </Vector3>
      <Vector3>
        <X>-2433.479</X>
        <Y>-231.831619</Y>
        <Z>16.6482468</Z>
      </Vector3>
      <Vector3>
        <X>-2437.074</X>
        <Y>-227.607834</Y>
        <Z>15.3452339</Z>
      </Vector3>
      <Vector3>
        <X>-2432.51978</X>
        <Y>-230.0282</Y>
        <Z>16.644989</Z>
      </Vector3>
      <Vector3>
        <X>-2437.99316</X>
        <Y>-229.43</Y>
        <Z>16.8037167</Z>
      </Vector3>
      <Vector3>
        <X>-2437.034</X>
        <Y>-227.626556</Y>
        <Z>16.8004589</Z>
      </Vector3>
    </Bounds>
    <CenterCamPosition>
      <X>0</X>
      <Y>0</Y>
    </CenterCamPosition>
    <ScreenBounds />
    <DistanceToCam>0</DistanceToCam>
    <Speed>8.465955</Speed>
    <AccInput>0</AccInput>
    <RPM>1.35798967</RPM>
    <Gear>0</Gear>
    <SteeringAngle>5.853084E-41</SteeringAngle>
    <WheelSpeed>0</WheelSpeed>
    <CarType>Sports</CarType>
  </MyCar>
  <Peds />
  <Time>139414</Time>
  <LastFrameTime>0.0314085558</LastFrameTime>
  <MyProperty>0</MyProperty>
  <Weather>Clear</Weather>
  <Steering>126</Steering>
  <Acc>176</Acc>
  <Brake>169</Brake>
  <DayTime>15:16:13</DayTime>
  <Position>
    <X>-2436.07544</X>
    <Y>-229.291916</Y>
    <Z>16.9249878</Z>
  </Position>
  <Rotation>
    <X>1.24136341</X>
    <Y>0.590814352</Y>
    <Z>61.97208</Z>
  </Rotation>
</Screenshot>