<?xml version="1.0" encoding="utf-8"?>
<Screenshot xmlns:xsd="http://www.w3.org/2001/XMLSchema" xmlns:xsi="http://www.w3.org/2001/XMLSchema-instance">
  <Cars />
  <MyCar>
    <Position>
      <X>-2435.76147</X>
      <Y>-229.463638</Y>
      <Z>16.0125751</Z>
    </Position>
    <Rotation>
      <X>1.71064782</X>
      <Y>0.05579017</Y>
      <Z>62.04563</Z>
    </Rotation>
    <Handle>663810</Handle>
    <Bounds>
      <Vector3>
        <X>-2434.00146</X>
        <Y>-231.5547</Y>
        <Z>15.20959</Z>
      </Vector3>
      <Vector3>
        <X>-2433.044</X>
        <Y>-229.75032</Y>
        <Z>15.2076006</Z>
      </Vector3>
      <Vector3>
        <X>-2438.518</X>
        <Y>-229.157608</Y>
        <Z>15.3623009</Z>
      </Vector3>
      <Vector3>
        <X>-2433.9624</X>
        <Y>-231.573822</Y>
        <Z>16.6648388</Z>
      </Vector3>
      <Vector3>
        <X>-2437.56055</X>
        <Y>-227.353226</Y>
        <Z>15.3603115</Z>
      </Vector3>
      <Vector3>
        <X>-2433.005</X>
        <Y>-229.76944</Y>
        <Z>16.66285</Z>
      </Vector3>
      <Vector3>
        <X>-2438.479</X>
        <Y>-229.176743</Y>
        <Z>16.8175488</Z>
      </Vector3>
      <Vector3>
        <X>-2437.52148</X>
        <Y>-227.37236</Y>
        <Z>16.8155613</Z>
      </Vector3>
    </Bounds>
    <CenterCamPosition>
      <X>0</X>
      <Y>0</Y>
    </CenterCamPosition>
    <ScreenBounds />
    <DistanceToCam>0</DistanceToCam>
    <Speed>8.476486</Speed>
    <AccInput>0</AccInput>
    <RPM>1.35798967</RPM>
    <Gear>0</Gear>
    <SteeringAngle>5.853084E-41</SteeringAngle>
    <WheelSpeed>0</WheelSpeed>
    <CarType>Sports</CarType>
  </MyCar>
  <Peds />
  <Time>139479</Time>
  <LastFrameTime>0.0461457744</LastFrameTime>
  <MyProperty>0</MyProperty>
  <Weather>Clear</Weather>
  <Steering>126</Steering>
  <Acc>176</Acc>
  <Brake>169</Brake>
  <DayTime>15:16:13</DayTime>
  <Position>
    <X>-2436.45</X>
    <Y>-229.094833</Y>
    <Z>16.9374065</Z>
  </Position>
  <Rotation>
    <X>1.24042344</X>
    <Y>0.591766953</Y>
    <Z>62.019516</Z>
  </Rotation>
</Screenshot>