<?xml version="1.0" encoding="utf-8"?>
<Screenshot xmlns:xsd="http://www.w3.org/2001/XMLSchema" xmlns:xsi="http://www.w3.org/2001/XMLSchema-instance">
  <Cars />
  <MyCar>
    <Position>
      <X>-2435.41577</X>
      <Y>-229.646317</Y>
      <Z>16.001379</Z>
    </Position>
    <Rotation>
      <X>1.7403574</X>
      <Y>0.09190574</Y>
      <Z>62.0067024</Z>
    </Rotation>
    <Handle>663810</Handle>
    <Bounds>
      <Vector3>
        <X>-2433.65771</X>
        <Y>-231.738831</Y>
        <Z>15.1977234</Z>
      </Vector3>
      <Vector3>
        <X>-2432.699</X>
        <Y>-229.9351</Y>
        <Z>15.1944475</Z>
      </Vector3>
      <Vector3>
        <X>-2438.17261</X>
        <Y>-229.338623</Y>
        <Z>15.3530855</Z>
      </Vector3>
      <Vector3>
        <X>-2433.61768</X>
        <Y>-231.757523</Y>
        <Z>16.6529484</Z>
      </Vector3>
      <Vector3>
        <X>-2437.21387</X>
        <Y>-227.5349</Y>
        <Z>15.3498087</Z>
      </Vector3>
      <Vector3>
        <X>-2432.65869</X>
        <Y>-229.9538</Y>
        <Z>16.6496716</Z>
      </Vector3>
      <Vector3>
        <X>-2438.13257</X>
        <Y>-229.357315</Y>
        <Z>16.8083115</Z>
      </Vector3>
      <Vector3>
        <X>-2437.17358</X>
        <Y>-227.553589</Y>
        <Z>16.8050346</Z>
      </Vector3>
    </Bounds>
    <CenterCamPosition>
      <X>0</X>
      <Y>0</Y>
    </CenterCamPosition>
    <ScreenBounds />
    <DistanceToCam>0</DistanceToCam>
    <Speed>8.468439</Speed>
    <AccInput>0</AccInput>
    <RPM>1.35798967</RPM>
    <Gear>0</Gear>
    <SteeringAngle>5.853084E-41</SteeringAngle>
    <WheelSpeed>0</WheelSpeed>
    <CarType>Sports</CarType>
  </MyCar>
  <Peds />
  <Time>139433</Time>
  <LastFrameTime>0.0185734946</LastFrameTime>
  <MyProperty>0</MyProperty>
  <Weather>Clear</Weather>
  <Steering>126</Steering>
  <Acc>176</Acc>
  <Brake>169</Brake>
  <DayTime>15:16:13</DayTime>
  <Position>
    <X>-2436.31079</X>
    <Y>-229.168045</Y>
    <Z>16.9327927</Z>
  </Position>
  <Rotation>
    <X>1.24163342</X>
    <Y>0.591247141</Y>
    <Z>62.0014877</Z>
  </Rotation>
</Screenshot>