<?xml version="1.0" encoding="utf-8"?>
<Screenshot xmlns:xsd="http://www.w3.org/2001/XMLSchema" xmlns:xsi="http://www.w3.org/2001/XMLSchema-instance">
  <Cars />
  <MyCar>
    <Position>
      <X>-2436.26514</X>
      <Y>-229.198242</Y>
      <Z>16.0293751</Z>
    </Position>
    <Rotation>
      <X>1.7025516</X>
      <Y>0.0510930754</Y>
      <Z>62.111927</Z>
    </Rotation>
    <Handle>663810</Handle>
    <Bounds>
      <Vector3>
        <X>-2434.50244</X>
        <Y>-231.287262</Y>
        <Z>15.2266636</Z>
      </Vector3>
      <Vector3>
        <X>-2433.547</X>
        <Y>-229.481781</Y>
        <Z>15.224843</Z>
      </Vector3>
      <Vector3>
        <X>-2439.022</X>
        <Y>-228.8954</Y>
        <Z>15.3786526</Z>
      </Vector3>
      <Vector3>
        <X>-2434.46362</X>
        <Y>-231.306351</Y>
        <Z>16.68192</Z>
      </Vector3>
      <Vector3>
        <X>-2438.06641</X>
        <Y>-227.08992</Y>
        <Z>15.3768311</Z>
      </Vector3>
      <Vector3>
        <X>-2433.5083</X>
        <Y>-229.50087</Y>
        <Z>16.6800976</Z>
      </Vector3>
      <Vector3>
        <X>-2438.98315</X>
        <Y>-228.91449</Y>
        <Z>16.8339081</Z>
      </Vector3>
      <Vector3>
        <X>-2438.02759</X>
        <Y>-227.109</Y>
        <Z>16.8320866</Z>
      </Vector3>
    </Bounds>
    <CenterCamPosition>
      <X>0</X>
      <Y>0</Y>
    </CenterCamPosition>
    <ScreenBounds />
    <DistanceToCam>0</DistanceToCam>
    <Speed>8.48304</Speed>
    <AccInput>0</AccInput>
    <RPM>1.35798967</RPM>
    <Gear>0</Gear>
    <SteeringAngle>5.853084E-41</SteeringAngle>
    <WheelSpeed>0</WheelSpeed>
    <CarType>Sports</CarType>
  </MyCar>
  <Peds />
  <Time>139546</Time>
  <LastFrameTime>0.0459223576</LastFrameTime>
  <MyProperty>0</MyProperty>
  <Weather>Clear</Weather>
  <Steering>126</Steering>
  <Acc>175</Acc>
  <Brake>169</Brake>
  <DayTime>15:16:13</DayTime>
  <Position>
    <X>-2436.9563</X>
    <Y>-228.829575</Y>
    <Z>16.9531784</Z>
  </Position>
  <Rotation>
    <X>1.20516169</X>
    <Y>0.5479296</Y>
    <Z>62.076767</Z>
  </Rotation>
</Screenshot>