<?xml version="1.0" encoding="utf-8"?>
<Screenshot xmlns:xsd="http://www.w3.org/2001/XMLSchema" xmlns:xsi="http://www.w3.org/2001/XMLSchema-instance">
  <Cars />
  <MyCar>
    <Position>
      <X>-2436.4043</X>
      <Y>-229.125061</Y>
      <Z>16.0340233</Z>
    </Position>
    <Rotation>
      <X>1.70165884</X>
      <Y>0.05237635</Y>
      <Z>62.13149</Z>
    </Rotation>
    <Handle>663810</Handle>
    <Bounds>
      <Vector3>
        <X>-2434.64087</X>
        <Y>-231.2135</Y>
        <Z>15.2313747</Z>
      </Vector3>
      <Vector3>
        <X>-2433.686</X>
        <Y>-229.407684</Y>
        <Z>15.2295074</Z>
      </Vector3>
      <Vector3>
        <X>-2439.16113</X>
        <Y>-228.823181</Y>
        <Z>15.3832836</Z>
      </Vector3>
      <Vector3>
        <X>-2434.602</X>
        <Y>-231.232544</Y>
        <Z>16.68663</Z>
      </Vector3>
      <Vector3>
        <X>-2438.2063</X>
        <Y>-227.017365</Y>
        <Z>15.3814163</Z>
      </Vector3>
      <Vector3>
        <X>-2433.64722</X>
        <Y>-229.426727</Y>
        <Z>16.684763</Z>
      </Vector3>
      <Vector3>
        <X>-2439.12231</X>
        <Y>-228.842209</Y>
        <Z>16.83854</Z>
      </Vector3>
      <Vector3>
        <X>-2438.16748</X>
        <Y>-227.0364</Y>
        <Z>16.8366718</Z>
      </Vector3>
    </Bounds>
    <CenterCamPosition>
      <X>0</X>
      <Y>0</Y>
    </CenterCamPosition>
    <ScreenBounds />
    <DistanceToCam>0</DistanceToCam>
    <Speed>8.484542</Speed>
    <AccInput>0</AccInput>
    <RPM>1.35798967</RPM>
    <Gear>0</Gear>
    <SteeringAngle>5.853084E-41</SteeringAngle>
    <WheelSpeed>0</WheelSpeed>
    <CarType>Sports</CarType>
  </MyCar>
  <Peds />
  <Time>139565</Time>
  <LastFrameTime>0.018537499</LastFrameTime>
  <MyProperty>0</MyProperty>
  <Weather>Clear</Weather>
  <Steering>126</Steering>
  <Acc>175</Acc>
  <Brake>169</Brake>
  <DayTime>15:16:13</DayTime>
  <Position>
    <X>-2437.30127</X>
    <Y>-228.648972</Y>
    <Z>16.96463</Z>
  </Position>
  <Rotation>
    <X>1.20260727</X>
    <Y>0.550971746</Y>
    <Z>62.12348</Z>
  </Rotation>
</Screenshot>