<?xml version="1.0" encoding="utf-8"?>
<Screenshot xmlns:xsd="http://www.w3.org/2001/XMLSchema" xmlns:xsi="http://www.w3.org/2001/XMLSchema-instance">
  <Cars />
  <MyCar>
    <Position>
      <X>-2435.92065</X>
      <Y>-229.379639</Y>
      <Z>16.01787</Z>
    </Position>
    <Rotation>
      <X>1.70510674</X>
      <Y>0.0480508655</Y>
      <Z>62.0652428</Z>
    </Rotation>
    <Handle>663810</Handle>
    <Bounds>
      <Vector3>
        <X>-2434.15967</X>
        <Y>-231.470047</Y>
        <Z>15.2149916</Z>
      </Vector3>
      <Vector3>
        <X>-2433.203</X>
        <Y>-229.665329</Y>
        <Z>15.2132788</Z>
      </Vector3>
      <Vector3>
        <X>-2438.67725</X>
        <Y>-229.074509</Y>
        <Z>15.3672075</Z>
      </Vector3>
      <Vector3>
        <X>-2434.12085</X>
        <Y>-231.489258</Y>
        <Z>16.6702442</Z>
      </Vector3>
      <Vector3>
        <X>-2437.72021</X>
        <Y>-227.2698</Y>
        <Z>15.3654947</Z>
      </Vector3>
      <Vector3>
        <X>-2433.164</X>
        <Y>-229.684555</Y>
        <Z>16.6685314</Z>
      </Vector3>
      <Vector3>
        <X>-2438.63843</X>
        <Y>-229.093719</Y>
        <Z>16.82246</Z>
      </Vector3>
      <Vector3>
        <X>-2437.6814</X>
        <Y>-227.289017</Y>
        <Z>16.8207474</Z>
      </Vector3>
    </Bounds>
    <CenterCamPosition>
      <X>0</X>
      <Y>0</Y>
    </CenterCamPosition>
    <ScreenBounds />
    <DistanceToCam>0</DistanceToCam>
    <Speed>8.478705</Speed>
    <AccInput>0</AccInput>
    <RPM>1.35798967</RPM>
    <Gear>0</Gear>
    <SteeringAngle>5.853084E-41</SteeringAngle>
    <WheelSpeed>0</WheelSpeed>
    <CarType>Sports</CarType>
  </MyCar>
  <Peds />
  <Time>139500</Time>
  <LastFrameTime>0.0212470647</LastFrameTime>
  <MyProperty>0</MyProperty>
  <Weather>Clear</Weather>
  <Steering>126</Steering>
  <Acc>176</Acc>
  <Brake>169</Brake>
  <DayTime>15:16:13</DayTime>
  <Position>
    <X>-2436.79688</X>
    <Y>-228.913162</Y>
    <Z>16.9479961</Z>
  </Position>
  <Rotation>
    <X>1.21070468</X>
    <Y>0.55566597</Y>
    <Z>62.05737</Z>
  </Rotation>
</Screenshot>