<?xml version="1.0" encoding="utf-8"?>
<Screenshot xmlns:xsd="http://www.w3.org/2001/XMLSchema" xmlns:xsi="http://www.w3.org/2001/XMLSchema-instance">
  <Cars />
  <MyCar>
    <Position>
      <X>-2436.90186</X>
      <Y>-228.863831</Y>
      <Z>16.0506115</Z>
    </Position>
    <Rotation>
      <X>1.69862926</X>
      <Y>0.0565982126</Y>
      <Z>62.20444</Z>
    </Rotation>
    <Handle>663810</Handle>
    <Bounds>
      <Vector3>
        <X>-2435.13574</X>
        <Y>-230.9501</Y>
        <Z>15.2481718</Z>
      </Vector3>
      <Vector3>
        <X>-2434.18335</X>
        <Y>-229.143066</Y>
        <Z>15.2461548</Z>
      </Vector3>
      <Vector3>
        <X>-2439.65918</X>
        <Y>-228.565521</Y>
        <Z>15.3998108</Z>
      </Vector3>
      <Vector3>
        <X>-2435.097</X>
        <Y>-230.968948</Y>
        <Z>16.70343</Z>
      </Vector3>
      <Vector3>
        <X>-2438.70654</X>
        <Y>-226.758484</Y>
        <Z>15.3977928</Z>
      </Vector3>
      <Vector3>
        <X>-2434.14453</X>
        <Y>-229.161926</Y>
        <Z>16.7014122</Z>
      </Vector3>
      <Vector3>
        <X>-2439.62036</X>
        <Y>-228.584366</Y>
        <Z>16.8550682</Z>
      </Vector3>
      <Vector3>
        <X>-2438.66772</X>
        <Y>-226.777344</Y>
        <Z>16.85305</Z>
      </Vector3>
    </Bounds>
    <CenterCamPosition>
      <X>0</X>
      <Y>0</Y>
    </CenterCamPosition>
    <ScreenBounds />
    <DistanceToCam>0</DistanceToCam>
    <Speed>8.488905</Speed>
    <AccInput>0</AccInput>
    <RPM>1.35798967</RPM>
    <Gear>0</Gear>
    <SteeringAngle>5.853084E-41</SteeringAngle>
    <WheelSpeed>0</WheelSpeed>
    <CarType>Sports</CarType>
  </MyCar>
  <Peds />
  <Time>139631</Time>
  <LastFrameTime>0.0191236623</LastFrameTime>
  <MyProperty>0</MyProperty>
  <Weather>Clear</Weather>
  <Steering>126</Steering>
  <Acc>175</Acc>
  <Brake>169</Brake>
  <DayTime>15:16:13</DayTime>
  <Position>
    <X>-2437.79517</X>
    <Y>-228.391144</Y>
    <Z>16.9810085</Z>
  </Position>
  <Rotation>
    <X>1.19902849</X>
    <Y>0.554849863</Y>
    <Z>62.19473</Z>
  </Rotation>
</Screenshot>