<?xml version="1.0" encoding="utf-8"?>
<Screenshot xmlns:xsd="http://www.w3.org/2001/XMLSchema" xmlns:xsi="http://www.w3.org/2001/XMLSchema-instance">
  <Cars />
  <MyCar>
    <Position>
      <X>-2437.038</X>
      <Y>-228.792374</Y>
      <Z>16.0551586</Z>
    </Position>
    <Rotation>
      <X>1.69842458</X>
      <Y>0.05788799</Y>
      <Z>62.22483</Z>
    </Rotation>
    <Handle>663810</Handle>
    <Bounds>
      <Vector3>
        <X>-2435.27124</X>
        <Y>-230.878036</Y>
        <Z>15.2527514</Z>
      </Vector3>
      <Vector3>
        <X>-2434.31934</X>
        <Y>-229.070663</Y>
        <Z>15.2506876</Z>
      </Vector3>
      <Vector3>
        <X>-2439.79541</X>
        <Y>-228.495056</Y>
        <Z>15.4043713</Z>
      </Vector3>
      <Vector3>
        <X>-2435.23242</X>
        <Y>-230.896835</Y>
        <Z>16.70801</Z>
      </Vector3>
      <Vector3>
        <X>-2438.84351</X>
        <Y>-226.6877</Y>
        <Z>15.4023075</Z>
      </Vector3>
      <Vector3>
        <X>-2434.28052</X>
        <Y>-229.089478</Y>
        <Z>16.705946</Z>
      </Vector3>
      <Vector3>
        <X>-2439.75659</X>
        <Y>-228.51387</Y>
        <Z>16.8596287</Z>
      </Vector3>
      <Vector3>
        <X>-2438.80469</X>
        <Y>-226.7065</Y>
        <Z>16.8575649</Z>
      </Vector3>
    </Bounds>
    <CenterCamPosition>
      <X>0</X>
      <Y>0</Y>
    </CenterCamPosition>
    <ScreenBounds />
    <DistanceToCam>0</DistanceToCam>
    <Speed>8.489891</Speed>
    <AccInput>0</AccInput>
    <RPM>1.35798967</RPM>
    <Gear>0</Gear>
    <SteeringAngle>5.853084E-41</SteeringAngle>
    <WheelSpeed>0</WheelSpeed>
    <CarType>Sports</CarType>
  </MyCar>
  <Peds />
  <Time>139649</Time>
  <LastFrameTime>0.01813845</LastFrameTime>
  <MyProperty>0</MyProperty>
  <Weather>Clear</Weather>
  <Steering>126</Steering>
  <Acc>175</Acc>
  <Brake>169</Brake>
  <DayTime>15:16:13</DayTime>
  <Position>
    <X>-2437.939</X>
    <Y>-228.316116</Y>
    <Z>16.9857864</Z>
  </Position>
  <Rotation>
    <X>1.19868565</X>
    <Y>0.556476355</Y>
    <Z>62.21608</Z>
  </Rotation>
</Screenshot>