<?xml version="1.0" encoding="utf-8"?>
<Screenshot xmlns:xsd="http://www.w3.org/2001/XMLSchema" xmlns:xsi="http://www.w3.org/2001/XMLSchema-instance">
  <Cars />
  <MyCar>
    <Position>
      <X>-2437.38867</X>
      <Y>-228.608841</Y>
      <Z>16.0668335</Z>
    </Position>
    <Rotation>
      <X>1.69716763</X>
      <Y>0.0602551922</Y>
      <Z>62.27339</Z>
    </Rotation>
    <Handle>663810</Handle>
    <Bounds>
      <Vector3>
        <X>-2435.62</X>
        <Y>-230.693039</Y>
        <Z>15.2645245</Z>
      </Vector3>
      <Vector3>
        <X>-2434.66968</X>
        <Y>-228.884872</Y>
        <Z>15.2623758</Z>
      </Vector3>
      <Vector3>
        <X>-2440.14624</X>
        <Y>-228.313889</Y>
        <Z>15.4160318</Z>
      </Vector3>
      <Vector3>
        <X>-2435.5813</X>
        <Y>-230.711746</Y>
        <Z>16.7197838</Z>
      </Vector3>
      <Vector3>
        <X>-2439.196</X>
        <Y>-226.505722</Y>
        <Z>15.4138842</Z>
      </Vector3>
      <Vector3>
        <X>-2434.63086</X>
        <Y>-228.90358</Y>
        <Z>16.7176342</Z>
      </Vector3>
      <Vector3>
        <X>-2440.10742</X>
        <Y>-228.3326</Y>
        <Z>16.87129</Z>
      </Vector3>
      <Vector3>
        <X>-2439.157</X>
        <Y>-226.524429</Y>
        <Z>16.8691425</Z>
      </Vector3>
    </Bounds>
    <CenterCamPosition>
      <X>0</X>
      <Y>0</Y>
    </CenterCamPosition>
    <ScreenBounds />
    <DistanceToCam>0</DistanceToCam>
    <Speed>8.492086</Speed>
    <AccInput>0</AccInput>
    <RPM>1.35798967</RPM>
    <Gear>0</Gear>
    <SteeringAngle>5.853084E-41</SteeringAngle>
    <WheelSpeed>0</WheelSpeed>
    <CarType>Sports</CarType>
  </MyCar>
  <Peds />
  <Time>139695</Time>
  <LastFrameTime>0.0466078147</LastFrameTime>
  <MyProperty>0</MyProperty>
  <Weather>Clear</Weather>
  <Steering>127</Steering>
  <Acc>175</Acc>
  <Brake>169</Brake>
  <DayTime>15:16:13</DayTime>
  <Position>
    <X>-2438.0752</X>
    <Y>-228.24501</Y>
    <Z>16.99033</Z>
  </Position>
  <Rotation>
    <X>1.19848132</X>
    <Y>0.557765961</Y>
    <Z>62.236496</Z>
  </Rotation>
</Screenshot>