<?xml version="1.0" encoding="utf-8"?>
<Screenshot xmlns:xsd="http://www.w3.org/2001/XMLSchema" xmlns:xsi="http://www.w3.org/2001/XMLSchema-instance">
  <Cars />
  <MyCar>
    <Position>
      <X>-2436.7583</X>
      <Y>-228.939209</Y>
      <Z>16.045826</Z>
    </Position>
    <Rotation>
      <X>1.69897234</X>
      <Y>0.0549714044</Y>
      <Z>62.1831245</Z>
    </Rotation>
    <Handle>663810</Handle>
    <Bounds>
      <Vector3>
        <X>-2434.99316</X>
        <Y>-231.026108</Y>
        <Z>15.2433424</Z>
      </Vector3>
      <Vector3>
        <X>-2434.03979</X>
        <Y>-229.219437</Y>
        <Z>15.2413826</Z>
      </Vector3>
      <Vector3>
        <X>-2439.51538</X>
        <Y>-228.639847</Y>
        <Z>15.3950109</Z>
      </Vector3>
      <Vector3>
        <X>-2434.95435</X>
        <Y>-231.045029</Y>
        <Z>16.6986</Z>
      </Vector3>
      <Vector3>
        <X>-2438.56226</X>
        <Y>-226.833176</Y>
        <Z>15.3930511</Z>
      </Vector3>
      <Vector3>
        <X>-2434.001</X>
        <Y>-229.238342</Y>
        <Z>16.69664</Z>
      </Vector3>
      <Vector3>
        <X>-2439.47656</X>
        <Y>-228.658768</Y>
        <Z>16.85027</Z>
      </Vector3>
      <Vector3>
        <X>-2438.52344</X>
        <Y>-226.852081</Y>
        <Z>16.8483086</Z>
      </Vector3>
    </Bounds>
    <CenterCamPosition>
      <X>0</X>
      <Y>0</Y>
    </CenterCamPosition>
    <ScreenBounds />
    <DistanceToCam>0</DistanceToCam>
    <Speed>8.487781</Speed>
    <AccInput>0</AccInput>
    <RPM>1.35798967</RPM>
    <Gear>0</Gear>
    <SteeringAngle>5.853084E-41</SteeringAngle>
    <WheelSpeed>0</WheelSpeed>
    <CarType>Sports</CarType>
  </MyCar>
  <Peds />
  <Time>139612</Time>
  <LastFrameTime>0.0471160933</LastFrameTime>
  <MyProperty>0</MyProperty>
  <Weather>Clear</Weather>
  <Steering>126</Steering>
  <Acc>175</Acc>
  <Brake>169</Brake>
  <DayTime>15:16:13</DayTime>
  <Position>
    <X>-2437.44067</X>
    <Y>-228.576111</Y>
    <Z>16.9692612</Z>
  </Position>
  <Rotation>
    <X>1.20171487</X>
    <Y>0.5522548</Y>
    <Z>62.1430664</Z>
  </Rotation>
</Screenshot>