<?xml version="1.0" encoding="utf-8"?>
<Screenshot xmlns:xsd="http://www.w3.org/2001/XMLSchema" xmlns:xsi="http://www.w3.org/2001/XMLSchema-instance">
  <Cars />
  <MyCar>
    <Position>
      <X>-2437.5293</X>
      <Y>-228.535141</Y>
      <Z>16.07152</Z>
    </Position>
    <Rotation>
      <X>1.697135</X>
      <Y>0.0607026219</Y>
      <Z>62.2916374</Z>
    </Rotation>
    <Handle>663810</Handle>
    <Bounds>
      <Vector3>
        <X>-2435.76025</X>
        <Y>-230.618774</Y>
        <Z>15.26922</Z>
      </Vector3>
      <Vector3>
        <X>-2434.8103</X>
        <Y>-228.8103</Y>
        <Z>15.2670555</Z>
      </Vector3>
      <Vector3>
        <X>-2440.287</X>
        <Y>-228.241074</Y>
        <Z>15.4207249</Z>
      </Vector3>
      <Vector3>
        <X>-2435.72119</X>
        <Y>-230.637466</Y>
        <Z>16.72448</Z>
      </Vector3>
      <Vector3>
        <X>-2439.33716</X>
        <Y>-226.4326</Y>
        <Z>15.418561</Z>
      </Vector3>
      <Vector3>
        <X>-2434.77148</X>
        <Y>-228.829</Y>
        <Z>16.7223148</Z>
      </Vector3>
      <Vector3>
        <X>-2440.248</X>
        <Y>-228.259766</Y>
        <Z>16.8759842</Z>
      </Vector3>
      <Vector3>
        <X>-2439.29834</X>
        <Y>-226.451279</Y>
        <Z>16.87382</Z>
      </Vector3>
    </Bounds>
    <CenterCamPosition>
      <X>0</X>
      <Y>0</Y>
    </CenterCamPosition>
    <ScreenBounds />
    <DistanceToCam>0</DistanceToCam>
    <Speed>8.492834</Speed>
    <AccInput>0</AccInput>
    <RPM>1.35798967</RPM>
    <Gear>0</Gear>
    <SteeringAngle>5.853084E-41</SteeringAngle>
    <WheelSpeed>0</WheelSpeed>
    <CarType>Sports</CarType>
  </MyCar>
  <Peds />
  <Time>139714</Time>
  <LastFrameTime>0.0187211987</LastFrameTime>
  <MyProperty>0</MyProperty>
  <Weather>Clear</Weather>
  <Steering>127</Steering>
  <Acc>175</Acc>
  <Brake>169</Brake>
  <DayTime>15:16:13</DayTime>
  <Position>
    <X>-2438.42627</X>
    <Y>-228.062317</Y>
    <Z>17.0019779</Z>
  </Position>
  <Rotation>
    <X>1.19722486</X>
    <Y>0.5601329</Y>
    <Z>62.28509</Z>
  </Rotation>
</Screenshot>