<?xml version="1.0" encoding="utf-8"?>
<Screenshot xmlns:xsd="http://www.w3.org/2001/XMLSchema" xmlns:xsi="http://www.w3.org/2001/XMLSchema-instance">
  <Cars />
  <MyCar>
    <Position>
      <X>-2437.66357</X>
      <Y>-228.4648</Y>
      <Z>16.076</Z>
    </Position>
    <Rotation>
      <X>1.696318</X>
      <Y>0.0616299324</Y>
      <Z>62.3080368</Z>
    </Rotation>
    <Handle>663810</Handle>
    <Bounds>
      <Vector3>
        <X>-2435.8938</X>
        <Y>-230.547943</Y>
        <Z>15.2737532</Z>
      </Vector3>
      <Vector3>
        <X>-2434.94458</X>
        <Y>-228.7392</Y>
        <Z>15.2715559</Z>
      </Vector3>
      <Vector3>
        <X>-2440.42139</X>
        <Y>-228.171539</Y>
        <Z>15.4251852</Z>
      </Vector3>
      <Vector3>
        <X>-2435.855</X>
        <Y>-230.566589</Y>
        <Z>16.7290115</Z>
      </Vector3>
      <Vector3>
        <X>-2439.47217</X>
        <Y>-226.3628</Y>
        <Z>15.4229879</Z>
      </Vector3>
      <Vector3>
        <X>-2434.90552</X>
        <Y>-228.757843</Y>
        <Z>16.7268143</Z>
      </Vector3>
      <Vector3>
        <X>-2440.38257</X>
        <Y>-228.190186</Y>
        <Z>16.8804436</Z>
      </Vector3>
      <Vector3>
        <X>-2439.433</X>
        <Y>-226.381424</Y>
        <Z>16.8782463</Z>
      </Vector3>
    </Bounds>
    <CenterCamPosition>
      <X>0</X>
      <Y>0</Y>
    </CenterCamPosition>
    <ScreenBounds />
    <DistanceToCam>0</DistanceToCam>
    <Speed>8.493504</Speed>
    <AccInput>0</AccInput>
    <RPM>1.35798967</RPM>
    <Gear>0</Gear>
    <SteeringAngle>5.853084E-41</SteeringAngle>
    <WheelSpeed>0</WheelSpeed>
    <CarType>Sports</CarType>
  </MyCar>
  <Peds />
  <Time>139732</Time>
  <LastFrameTime>0.017875934</LastFrameTime>
  <MyProperty>0</MyProperty>
  <Weather>Clear</Weather>
  <Steering>127</Steering>
  <Acc>175</Acc>
  <Brake>169</Brake>
  <DayTime>15:16:13</DayTime>
  <Position>
    <X>-2438.56714</X>
    <Y>-227.988937</Y>
    <Z>17.0066643</Z>
  </Position>
  <Rotation>
    <X>1.19719219</X>
    <Y>0.5605802</Y>
    <Z>62.30335</Z>
  </Rotation>
</Screenshot>