<?xml version="1.0" encoding="utf-8"?>
<Screenshot xmlns:xsd="http://www.w3.org/2001/XMLSchema" xmlns:xsi="http://www.w3.org/2001/XMLSchema-instance">
  <Cars />
  <MyCar>
    <Position>
      <X>-2438.02979</X>
      <Y>-228.27327</Y>
      <Z>16.0880985</Z>
    </Position>
    <Rotation>
      <X>1.68979943</X>
      <Y>0.06337638</Y>
      <Z>62.34375</Z>
    </Rotation>
    <Handle>663810</Handle>
    <Bounds>
      <Vector3>
        <X>-2436.25854</X>
        <Y>-230.355377</Y>
        <Z>15.286171</Z>
      </Vector3>
      <Vector3>
        <X>-2435.31055</X>
        <Y>-228.546036</Y>
        <Z>15.2839117</Z>
      </Vector3>
      <Vector3>
        <X>-2440.78784</X>
        <Y>-227.981781</Y>
        <Z>15.4370213</Z>
      </Vector3>
      <Vector3>
        <X>-2436.22</X>
        <Y>-230.373886</Y>
        <Z>16.741436</Z>
      </Vector3>
      <Vector3>
        <X>-2439.8396</X>
        <Y>-226.17244</Y>
        <Z>15.434762</Z>
      </Vector3>
      <Vector3>
        <X>-2435.27173</X>
        <Y>-228.564545</Y>
        <Z>16.7391758</Z>
      </Vector3>
      <Vector3>
        <X>-2440.749</X>
        <Y>-228.000275</Y>
        <Z>16.8922863</Z>
      </Vector3>
      <Vector3>
        <X>-2439.80078</X>
        <Y>-226.190948</Y>
        <Z>16.8900261</Z>
      </Vector3>
    </Bounds>
    <CenterCamPosition>
      <X>0</X>
      <Y>0</Y>
    </CenterCamPosition>
    <ScreenBounds />
    <DistanceToCam>0</DistanceToCam>
    <Speed>8.495175</Speed>
    <AccInput>0</AccInput>
    <RPM>1.35798967</RPM>
    <Gear>0</Gear>
    <SteeringAngle>5.853084E-41</SteeringAngle>
    <WheelSpeed>0</WheelSpeed>
    <CarType>Sports</CarType>
  </MyCar>
  <Peds />
  <Time>139781</Time>
  <LastFrameTime>0.0486570559</LastFrameTime>
  <MyProperty>0</MyProperty>
  <Weather>Clear</Weather>
  <Steering>127</Steering>
  <Acc>175</Acc>
  <Brake>169</Brake>
  <DayTime>15:16:13</DayTime>
  <Position>
    <X>-2438.70166</X>
    <Y>-227.918869</Y>
    <Z>17.0111275</Z>
  </Position>
  <Rotation>
    <X>1.19637549</X>
    <Y>0.561507463</Y>
    <Z>62.3197632</Z>
  </Rotation>
</Screenshot>