<?xml version="1.0" encoding="utf-8"?>
<Screenshot xmlns:xsd="http://www.w3.org/2001/XMLSchema" xmlns:xsi="http://www.w3.org/2001/XMLSchema-instance">
  <Cars />
  <MyCar>
    <Position>
      <X>-2438.894</X>
      <Y>-227.821533</Y>
      <Z>16.1161785</Z>
    </Position>
    <Rotation>
      <X>1.6473527</X>
      <Y>0.0218012743</Y>
      <Z>62.389492</Z>
    </Rotation>
    <Handle>663810</Handle>
    <Bounds>
      <Vector3>
        <X>-2437.12036</X>
        <Y>-229.902</Y>
        <Z>15.3153877</Z>
      </Vector3>
      <Vector3>
        <X>-2436.17383</X>
        <Y>-228.091888</Y>
        <Z>15.3146105</Z>
      </Vector3>
      <Vector3>
        <X>-2441.65161</X>
        <Y>-227.532043</Y>
        <Z>15.46245</Z>
      </Vector3>
      <Vector3>
        <X>-2437.083</X>
        <Y>-229.9209</Y>
        <Z>16.7706852</Z>
      </Vector3>
      <Vector3>
        <X>-2440.70483</X>
        <Y>-225.721954</Y>
        <Z>15.4616728</Z>
      </Vector3>
      <Vector3>
        <X>-2436.13647</X>
        <Y>-228.1108</Y>
        <Z>16.769907</Z>
      </Vector3>
      <Vector3>
        <X>-2441.61426</X>
        <Y>-227.550964</Y>
        <Z>16.9177456</Z>
      </Vector3>
      <Vector3>
        <X>-2440.66748</X>
        <Y>-225.74086</Y>
        <Z>16.91697</Z>
      </Vector3>
    </Bounds>
    <CenterCamPosition>
      <X>0</X>
      <Y>0</Y>
    </CenterCamPosition>
    <ScreenBounds />
    <DistanceToCam>0</DistanceToCam>
    <Speed>8.499032</Speed>
    <AccInput>0</AccInput>
    <RPM>1.35798967</RPM>
    <Gear>0</Gear>
    <SteeringAngle>5.853084E-41</SteeringAngle>
    <WheelSpeed>0</WheelSpeed>
    <CarType>Sports</CarType>
  </MyCar>
  <Peds />
  <Time>139896</Time>
  <LastFrameTime>0.0334438346</LastFrameTime>
  <MyProperty>0</MyProperty>
  <Weather>Clear</Weather>
  <Steering>127</Steering>
  <Acc>175</Acc>
  <Brake>169</Brake>
  <DayTime>15:16:13</DayTime>
  <Position>
    <X>-2439.68115</X>
    <Y>-227.408356</Y>
    <Z>17.0430012</Z>
  </Position>
  <Rotation>
    <X>1.17681551</X>
    <Y>0.565746069</Y>
    <Z>62.3934326</Z>
  </Rotation>
</Screenshot>