<?xml version="1.0" encoding="utf-8"?>
<Screenshot xmlns:xsd="http://www.w3.org/2001/XMLSchema" xmlns:xsi="http://www.w3.org/2001/XMLSchema-instance">
  <Cars />
  <MyCar>
    <Position>
      <X>-2438.294</X>
      <Y>-228.135147</Y>
      <Z>16.0968037</Z>
    </Position>
    <Rotation>
      <X>1.68396711</X>
      <Y>0.06432599</Y>
      <Z>62.36372</Z>
    </Rotation>
    <Handle>663810</Handle>
    <Bounds>
      <Vector3>
        <X>-2436.522</X>
        <Y>-230.21669</Y>
        <Z>15.2951508</Z>
      </Vector3>
      <Vector3>
        <X>-2435.57446</X>
        <Y>-228.407028</Y>
        <Z>15.2928581</Z>
      </Vector3>
      <Vector3>
        <X>-2441.052</X>
        <Y>-227.844666</Y>
        <Z>15.44548</Z>
      </Vector3>
      <Vector3>
        <X>-2436.4834</X>
        <Y>-230.235092</Y>
        <Z>16.75042</Z>
      </Vector3>
      <Vector3>
        <X>-2440.10449</X>
        <Y>-226.034988</Y>
        <Z>15.4431877</Z>
      </Vector3>
      <Vector3>
        <X>-2435.536</X>
        <Y>-228.425415</Y>
        <Z>16.748127</Z>
      </Vector3>
      <Vector3>
        <X>-2441.01318</X>
        <Y>-227.863052</Y>
        <Z>16.90075</Z>
      </Vector3>
      <Vector3>
        <X>-2440.06567</X>
        <Y>-226.053391</Y>
        <Z>16.8984566</Z>
      </Vector3>
    </Bounds>
    <CenterCamPosition>
      <X>0</X>
      <Y>0</Y>
    </CenterCamPosition>
    <ScreenBounds />
    <DistanceToCam>0</DistanceToCam>
    <Speed>8.496215</Speed>
    <AccInput>0</AccInput>
    <RPM>1.35798967</RPM>
    <Gear>0</Gear>
    <SteeringAngle>5.853084E-41</SteeringAngle>
    <WheelSpeed>0</WheelSpeed>
    <CarType>Sports</CarType>
  </MyCar>
  <Peds />
  <Time>139816</Time>
  <LastFrameTime>0.0350927822</LastFrameTime>
  <MyProperty>0</MyProperty>
  <Weather>Clear</Weather>
  <Steering>127</Steering>
  <Acc>175</Acc>
  <Brake>169</Brake>
  <DayTime>15:16:13</DayTime>
  <Position>
    <X>-2439.068</X>
    <Y>-227.727921</Y>
    <Z>17.0230923</Z>
  </Position>
  <Rotation>
    <X>1.189857</X>
    <Y>0.5632549</Y>
    <Z>62.355442</Z>
  </Rotation>
</Screenshot>