<?xml version="1.0" encoding="utf-8"?>
<Screenshot xmlns:xsd="http://www.w3.org/2001/XMLSchema" xmlns:xsi="http://www.w3.org/2001/XMLSchema-instance">
  <Cars />
  <MyCar>
    <Position>
      <X>-2438.642</X>
      <Y>-227.953156</Y>
      <Z>16.1082745</Z>
    </Position>
    <Rotation>
      <X>1.67675817</X>
      <Y>0.06586546</Y>
      <Z>62.3818169</Z>
    </Rotation>
    <Handle>663810</Handle>
    <Bounds>
      <Vector3>
        <X>-2436.86938</X>
        <Y>-230.03421</Y>
        <Z>15.3069687</Z>
      </Vector3>
      <Vector3>
        <X>-2435.92236</X>
        <Y>-228.224243</Y>
        <Z>15.30462</Z>
      </Vector3>
      <Vector3>
        <X>-2441.40015</X>
        <Y>-227.663589</Y>
        <Z>15.4566545</Z>
      </Vector3>
      <Vector3>
        <X>-2436.83081</X>
        <Y>-230.052475</Y>
        <Z>16.7622414</Z>
      </Vector3>
      <Vector3>
        <X>-2440.45313</X>
        <Y>-225.853622</Y>
        <Z>15.4543066</Z>
      </Vector3>
      <Vector3>
        <X>-2435.884</X>
        <Y>-228.242508</Y>
        <Z>16.7598934</Z>
      </Vector3>
      <Vector3>
        <X>-2441.36157</X>
        <Y>-227.681854</Y>
        <Z>16.9119282</Z>
      </Vector3>
      <Vector3>
        <X>-2440.41455</X>
        <Y>-225.871887</Y>
        <Z>16.90958</Z>
      </Vector3>
    </Bounds>
    <CenterCamPosition>
      <X>0</X>
      <Y>0</Y>
    </CenterCamPosition>
    <ScreenBounds />
    <DistanceToCam>0</DistanceToCam>
    <Speed>8.497397</Speed>
    <AccInput>0</AccInput>
    <RPM>1.35798967</RPM>
    <Gear>0</Gear>
    <SteeringAngle>5.853084E-41</SteeringAngle>
    <WheelSpeed>0</WheelSpeed>
    <CarType>Sports</CarType>
  </MyCar>
  <Peds />
  <Time>139862</Time>
  <LastFrameTime>0.04623018</LastFrameTime>
  <MyProperty>0</MyProperty>
  <Weather>Clear</Weather>
  <Steering>127</Steering>
  <Acc>175</Acc>
  <Brake>169</Brake>
  <DayTime>15:16:13</DayTime>
  <Position>
    <X>-2439.33276</X>
    <Y>-227.5901</Y>
    <Z>17.03168</Z>
  </Position>
  <Rotation>
    <X>1.18402457</X>
    <Y>0.5642055</Y>
    <Z>62.3753738</Z>
  </Rotation>
</Screenshot>