<?xml version="1.0" encoding="utf-8"?>
<Screenshot xmlns:xsd="http://www.w3.org/2001/XMLSchema" xmlns:xsi="http://www.w3.org/2001/XMLSchema-instance">
  <Cars />
  <MyCar>
    <Position>
      <X>-2439.03955</X>
      <Y>-227.745819</Y>
      <Z>16.1199</Z>
    </Position>
    <Rotation>
      <X>1.58086038</X>
      <Y>-0.06434531</Y>
      <Z>62.39363</Z>
    </Rotation>
    <Handle>663810</Handle>
    <Bounds>
      <Vector3>
        <X>-2437.2644</X>
        <Y>-229.825516</Y>
        <Z>15.3205175</Z>
      </Vector3>
      <Vector3>
        <X>-2436.31787</X>
        <Y>-228.01535</Y>
        <Z>15.3228111</Z>
      </Vector3>
      <Vector3>
        <X>-2441.796</X>
        <Y>-227.456009</Y>
        <Z>15.4616451</Z>
      </Vector3>
      <Vector3>
        <X>-2437.22949</X>
        <Y>-229.845566</Y>
        <Z>16.77586</Z>
      </Vector3>
      <Vector3>
        <X>-2440.84937</X>
        <Y>-225.645844</Y>
        <Z>15.4639387</Z>
      </Vector3>
      <Vector3>
        <X>-2436.283</X>
        <Y>-228.035416</Y>
        <Z>16.7781544</Z>
      </Vector3>
      <Vector3>
        <X>-2441.76123</X>
        <Y>-227.476074</Y>
        <Z>16.9169884</Z>
      </Vector3>
      <Vector3>
        <X>-2440.81445</X>
        <Y>-225.665909</Y>
        <Z>16.9192829</Z>
      </Vector3>
    </Bounds>
    <CenterCamPosition>
      <X>0</X>
      <Y>0</Y>
    </CenterCamPosition>
    <ScreenBounds />
    <DistanceToCam>0</DistanceToCam>
    <Speed>8.499702</Speed>
    <AccInput>0</AccInput>
    <RPM>1.35798967</RPM>
    <Gear>0</Gear>
    <SteeringAngle>5.853084E-41</SteeringAngle>
    <WheelSpeed>0</WheelSpeed>
    <CarType>Sports</CarType>
  </MyCar>
  <Peds />
  <Time>139915</Time>
  <LastFrameTime>0.0192837771</LastFrameTime>
  <MyProperty>0</MyProperty>
  <Weather>Clear</Weather>
  <Steering>127</Steering>
  <Acc>175</Acc>
  <Brake>169</Brake>
  <DayTime>15:16:13</DayTime>
  <Position>
    <X>-2439.93384</X>
    <Y>-227.277283</Y>
    <Z>17.0503044</Z>
  </Position>
  <Rotation>
    <X>1.14740026</X>
    <Y>0.5216967</Y>
    <Z>62.3999367</Z>
  </Rotation>
</Screenshot>