<?xml version="1.0" encoding="utf-8"?>
<Screenshot xmlns:xsd="http://www.w3.org/2001/XMLSchema" xmlns:xsi="http://www.w3.org/2001/XMLSchema-instance">
  <Cars />
  <MyCar>
    <Position>
      <X>-2439.53662</X>
      <Y>-227.48999</Y>
      <Z>16.12798</Z>
    </Position>
    <Rotation>
      <X>1.12265742</X>
      <Y>-0.6855429</Y>
      <Z>62.4177132</Z>
    </Rotation>
    <Handle>663810</Handle>
    <Bounds>
      <Vector3>
        <X>-2437.75122</X>
        <Y>-229.564331</Y>
        <Z>15.3378925</Z>
      </Vector3>
      <Vector3>
        <X>-2436.80542</X>
        <Y>-227.7539</Y>
        <Z>15.3623333</Z>
      </Vector3>
      <Vector3>
        <X>-2442.285</X>
        <Y>-227.19722</Y>
        <Z>15.4381142</Z>
      </Vector3>
      <Vector3>
        <X>-2437.734</X>
        <Y>-229.592972</Y>
        <Z>16.7934074</Z>
      </Vector3>
      <Vector3>
        <X>-2441.33936</X>
        <Y>-225.38678</Y>
        <Z>15.4625549</Z>
      </Vector3>
      <Vector3>
        <X>-2436.788</X>
        <Y>-227.782547</Y>
        <Z>16.8178482</Z>
      </Vector3>
      <Vector3>
        <X>-2442.26782</X>
        <Y>-227.225861</Y>
        <Z>16.89363</Z>
      </Vector3>
      <Vector3>
        <X>-2441.322</X>
        <Y>-225.415436</Y>
        <Z>16.91807</Z>
      </Vector3>
    </Bounds>
    <CenterCamPosition>
      <X>0</X>
      <Y>0</Y>
    </CenterCamPosition>
    <ScreenBounds />
    <DistanceToCam>0</DistanceToCam>
    <Speed>8.507289</Speed>
    <AccInput>0</AccInput>
    <RPM>1.35798967</RPM>
    <Gear>0</Gear>
    <SteeringAngle>5.853084E-41</SteeringAngle>
    <WheelSpeed>0</WheelSpeed>
    <CarType>Sports</CarType>
  </MyCar>
  <Peds />
  <Time>139981</Time>
  <LastFrameTime>0.0186659638</LastFrameTime>
  <MyProperty>0</MyProperty>
  <Weather>Clear</Weather>
  <Steering>127</Steering>
  <Acc>175</Acc>
  <Brake>169</Brake>
  <DayTime>15:16:13</DayTime>
  <Position>
    <X>-2440.445</X>
    <Y>-227.022919</Y>
    <Z>17.05152</Z>
  </Position>
  <Rotation>
    <X>0.743700266</X>
    <Y>-0.00775490562</Y>
    <Z>62.4064865</Z>
  </Rotation>
</Screenshot>