<?xml version="1.0" encoding="utf-8"?>
<Screenshot xmlns:xsd="http://www.w3.org/2001/XMLSchema" xmlns:xsi="http://www.w3.org/2001/XMLSchema-instance">
  <Cars />
  <MyCar>
    <Position>
      <X>-2439.66724</X>
      <Y>-227.423508</Y>
      <Z>16.1304569</Z>
    </Position>
    <Rotation>
      <X>1.02689517</X>
      <Y>-0.8299435</Y>
      <Z>62.43303</Z>
    </Rotation>
    <Handle>663810</Handle>
    <Bounds>
      <Vector3>
        <X>-2437.87915</X>
        <Y>-229.496262</Y>
        <Z>15.3420734</Z>
      </Vector3>
      <Vector3>
        <X>-2436.93384</X>
        <Y>-227.685638</Y>
        <Z>15.3716612</Z>
      </Vector3>
      <Vector3>
        <X>-2442.41382</X>
        <Y>-227.1304</Y>
        <Z>15.4337444</Z>
      </Vector3>
      <Vector3>
        <X>-2437.86572</X>
        <Y>-229.527023</Y>
        <Z>16.7975845</Z>
      </Vector3>
      <Vector3>
        <X>-2441.46851</X>
        <Y>-225.319763</Y>
        <Z>15.4633322</Z>
      </Vector3>
      <Vector3>
        <X>-2436.92041</X>
        <Y>-227.7164</Y>
        <Z>16.8271732</Z>
      </Vector3>
      <Vector3>
        <X>-2442.40039</X>
        <Y>-227.161163</Y>
        <Z>16.8892555</Z>
      </Vector3>
      <Vector3>
        <X>-2441.45532</X>
        <Y>-225.35054</Y>
        <Z>16.9188442</Z>
      </Vector3>
    </Bounds>
    <CenterCamPosition>
      <X>0</X>
      <Y>0</Y>
    </CenterCamPosition>
    <ScreenBounds />
    <DistanceToCam>0</DistanceToCam>
    <Speed>8.511712</Speed>
    <AccInput>0</AccInput>
    <RPM>1.35798967</RPM>
    <Gear>0</Gear>
    <SteeringAngle>5.853084E-41</SteeringAngle>
    <WheelSpeed>0</WheelSpeed>
    <CarType>Sports</CarType>
  </MyCar>
  <Peds />
  <Time>139998</Time>
  <LastFrameTime>0.0172184017</LastFrameTime>
  <MyProperty>0</MyProperty>
  <Weather>Clear</Weather>
  <Steering>127</Steering>
  <Acc>175</Acc>
  <Brake>169</Brake>
  <DayTime>15:16:13</DayTime>
  <Position>
    <X>-2440.5896</X>
    <Y>-226.952423</Y>
    <Z>17.0512524</Z>
  </Position>
  <Rotation>
    <X>0.622660637</X>
    <Y>-0.185531884</Y>
    <Z>62.41569</Z>
  </Rotation>
</Screenshot>