<?xml version="1.0" encoding="utf-8"?>
<Screenshot xmlns:xsd="http://www.w3.org/2001/XMLSchema" xmlns:xsi="http://www.w3.org/2001/XMLSchema-instance">
  <Cars />
  <MyCar>
    <Position>
      <X>-2439.39526</X>
      <Y>-227.5623</Y>
      <Z>16.1257229</Z>
    </Position>
    <Rotation>
      <X>1.24370027</X>
      <Y>-0.5077555</Y>
      <Z>62.4065933</Z>
    </Rotation>
    <Handle>663810</Handle>
    <Bounds>
      <Vector3>
        <X>-2437.61279</X>
        <Y>-229.638351</Y>
        <Z>15.3334093</Z>
      </Vector3>
      <Vector3>
        <X>-2436.6665</X>
        <Y>-227.828049</Y>
        <Z>15.351511</Z>
      </Vector3>
      <Vector3>
        <X>-2442.14575</X>
        <Y>-227.270264</Y>
        <Z>15.444438</Z>
      </Vector3>
      <Vector3>
        <X>-2437.59082</X>
        <Y>-229.664429</Y>
        <Z>16.788908</Z>
      </Vector3>
      <Vector3>
        <X>-2441.19971</X>
        <Y>-225.459961</Y>
        <Z>15.4625406</Z>
      </Vector3>
      <Vector3>
        <X>-2436.64453</X>
        <Y>-227.854111</Y>
        <Z>16.8070087</Z>
      </Vector3>
      <Vector3>
        <X>-2442.12378</X>
        <Y>-227.296341</Y>
        <Z>16.8999367</Z>
      </Vector3>
      <Vector3>
        <X>-2441.17773</X>
        <Y>-225.486038</Y>
        <Z>16.91804</Z>
      </Vector3>
    </Bounds>
    <CenterCamPosition>
      <X>0</X>
      <Y>0</Y>
    </CenterCamPosition>
    <ScreenBounds />
    <DistanceToCam>0</DistanceToCam>
    <Speed>8.503971</Speed>
    <AccInput>0</AccInput>
    <RPM>1.35798967</RPM>
    <Gear>0</Gear>
    <SteeringAngle>5.853084E-41</SteeringAngle>
    <WheelSpeed>0</WheelSpeed>
    <CarType>Sports</CarType>
  </MyCar>
  <Peds />
  <Time>139962</Time>
  <LastFrameTime>0.04709468</LastFrameTime>
  <MyProperty>0</MyProperty>
  <Weather>Clear</Weather>
  <Steering>127</Steering>
  <Acc>175</Acc>
  <Brake>169</Brake>
  <DayTime>15:16:13</DayTime>
  <Position>
    <X>-2440.081</X>
    <Y>-227.2024</Y>
    <Z>17.0526619</Z>
  </Position>
  <Rotation>
    <X>1.08089149</X>
    <Y>0.435577184</Y>
    <Z>62.40184</Z>
  </Rotation>
</Screenshot>