<?xml version="1.0" encoding="utf-8"?>
<Screenshot xmlns:xsd="http://www.w3.org/2001/XMLSchema" xmlns:xsi="http://www.w3.org/2001/XMLSchema-instance">
  <Cars />
  <MyCar>
    <Position>
      <X>-2440.02637</X>
      <Y>-227.241959</Y>
      <Z>16.1393375</Z>
    </Position>
    <Rotation>
      <X>0.852213</X>
      <Y>-1.10632</Y>
      <Z>62.5017548</Z>
    </Rotation>
    <Handle>663810</Handle>
    <Bounds>
      <Vector3>
        <X>-2438.232</X>
        <Y>-229.3104</Y>
        <Z>15.35385</Z>
      </Vector3>
      <Vector3>
        <X>-2437.289</X>
        <Y>-227.4988</Y>
        <Z>15.3932915</Z>
      </Vector3>
      <Vector3>
        <X>-2442.76978</X>
        <Y>-226.949982</Y>
        <Z>15.4299231</Z>
      </Vector3>
      <Vector3>
        <X>-2438.22583</X>
        <Y>-229.345337</Y>
        <Z>16.8093166</Z>
      </Vector3>
      <Vector3>
        <X>-2441.827</X>
        <Y>-225.138367</Y>
        <Z>15.4693632</Z>
      </Vector3>
      <Vector3>
        <X>-2437.28271</X>
        <Y>-227.533722</Y>
        <Z>16.8487568</Z>
      </Vector3>
      <Vector3>
        <X>-2442.76367</X>
        <Y>-226.984909</Y>
        <Z>16.88539</Z>
      </Vector3>
      <Vector3>
        <X>-2441.82056</X>
        <Y>-225.1733</Y>
        <Z>16.92483</Z>
      </Vector3>
    </Bounds>
    <CenterCamPosition>
      <X>0</X>
      <Y>0</Y>
    </CenterCamPosition>
    <ScreenBounds />
    <DistanceToCam>0</DistanceToCam>
    <Speed>8.5244</Speed>
    <AccInput>0</AccInput>
    <RPM>1.35798967</RPM>
    <Gear>0</Gear>
    <SteeringAngle>5.853084E-41</SteeringAngle>
    <WheelSpeed>0</WheelSpeed>
    <CarType>Sports</CarType>
  </MyCar>
  <Peds />
  <Time>140045</Time>
  <LastFrameTime>0.0472175628</LastFrameTime>
  <MyProperty>0</MyProperty>
  <Weather>Clear</Weather>
  <Steering>127</Steering>
  <Acc>175</Acc>
  <Brake>169</Brake>
  <DayTime>15:16:13</DayTime>
  <Position>
    <X>-2440.72266</X>
    <Y>-226.887543</Y>
    <Z>17.0517216</Z>
  </Position>
  <Rotation>
    <X>0.526903868</X>
    <Y>-0.329929441</Y>
    <Z>62.4299965</Z>
  </Rotation>
</Screenshot>