<?xml version="1.0" encoding="utf-8"?>
<Screenshot xmlns:xsd="http://www.w3.org/2001/XMLSchema" xmlns:xsi="http://www.w3.org/2001/XMLSchema-instance">
  <Cars />
  <MyCar>
    <Position>
      <X>-2440.79785</X>
      <Y>-226.851471</Y>
      <Z>16.1659126</Z>
    </Position>
    <Rotation>
      <X>0.845826268</X>
      <Y>-1.00740576</Y>
      <Z>62.71267</Z>
    </Rotation>
    <Handle>663810</Handle>
    <Bounds>
      <Vector3>
        <X>-2438.99634</X>
        <Y>-228.914536</Y>
        <Z>15.3824482</Z>
      </Vector3>
      <Vector3>
        <X>-2438.06</X>
        <Y>-227.099411</Y>
        <Z>15.4183626</Z>
      </Vector3>
      <Vector3>
        <X>-2443.543</X>
        <Y>-226.570709</Y>
        <Z>15.4579525</Z>
      </Vector3>
      <Vector3>
        <X>-2438.989</X>
        <Y>-228.947144</Y>
        <Z>16.8379631</Z>
      </Vector3>
      <Vector3>
        <X>-2442.60645</X>
        <Y>-224.755585</Y>
        <Z>15.4938669</Z>
      </Vector3>
      <Vector3>
        <X>-2438.05273</X>
        <Y>-227.132019</Y>
        <Z>16.8738766</Z>
      </Vector3>
      <Vector3>
        <X>-2443.5354</X>
        <Y>-226.603317</Y>
        <Z>16.9134674</Z>
      </Vector3>
      <Vector3>
        <X>-2442.599</X>
        <Y>-224.7882</Y>
        <Z>16.94938</Z>
      </Vector3>
    </Bounds>
    <CenterCamPosition>
      <X>0</X>
      <Y>0</Y>
    </CenterCamPosition>
    <ScreenBounds />
    <DistanceToCam>0</DistanceToCam>
    <Speed>8.551776</Speed>
    <AccInput>0</AccInput>
    <RPM>1.35798967</RPM>
    <Gear>0</Gear>
    <SteeringAngle>5.853084E-41</SteeringAngle>
    <WheelSpeed>0</WheelSpeed>
    <CarType>Sports</CarType>
  </MyCar>
  <Peds />
  <Time>140146</Time>
  <LastFrameTime>0.03459754</LastFrameTime>
  <MyProperty>0</MyProperty>
  <Weather>Clear</Weather>
  <Steering>127</Steering>
  <Acc>175</Acc>
  <Brake>169</Brake>
  <DayTime>15:16:13</DayTime>
  <Position>
    <X>-2441.59766</X>
    <Y>-226.4563</Y>
    <Z>17.07154</Z>
  </Position>
  <Rotation>
    <X>0.2724583</X>
    <Y>-0.686993</Y>
    <Z>62.63443</Z>
  </Rotation>
</Screenshot>