<?xml version="1.0" encoding="utf-8"?>
<Screenshot xmlns:xsd="http://www.w3.org/2001/XMLSchema" xmlns:xsi="http://www.w3.org/2001/XMLSchema-instance">
  <Cars />
  <MyCar>
    <Position>
      <X>-2440.99829</X>
      <Y>-226.7488</Y>
      <Z>16.1753864</Z>
    </Position>
    <Rotation>
      <X>0.9822424</X>
      <Y>-0.7511846</Y>
      <Z>62.77013</Z>
    </Rotation>
    <Handle>663810</Handle>
    <Bounds>
      <Vector3>
        <X>-2439.198</X>
        <Y>-228.812256</Y>
        <Z>15.3903751</Z>
      </Vector3>
      <Vector3>
        <X>-2438.26343</X>
        <Y>-226.996063</Y>
        <Z>15.4171553</Z>
      </Vector3>
      <Vector3>
        <X>-2443.74658</X>
        <Y>-226.472916</Y>
        <Z>15.4780617</Z>
      </Vector3>
      <Vector3>
        <X>-2439.18457</X>
        <Y>-228.840637</Y>
        <Z>16.8459339</Z>
      </Vector3>
      <Vector3>
        <X>-2442.812</X>
        <Y>-224.656723</Y>
        <Z>15.5048418</Z>
      </Vector3>
      <Vector3>
        <X>-2438.25</X>
        <Y>-227.02446</Y>
        <Z>16.872715</Z>
      </Vector3>
      <Vector3>
        <X>-2443.73315</X>
        <Y>-226.501312</Y>
        <Z>16.93362</Z>
      </Vector3>
      <Vector3>
        <X>-2442.79858</X>
        <Y>-224.68512</Y>
        <Z>16.9604015</Z>
      </Vector3>
    </Bounds>
    <CenterCamPosition>
      <X>0</X>
      <Y>0</Y>
    </CenterCamPosition>
    <ScreenBounds />
    <DistanceToCam>0</DistanceToCam>
    <Speed>8.560282</Speed>
    <AccInput>0</AccInput>
    <RPM>1.35798967</RPM>
    <Gear>0</Gear>
    <SteeringAngle>5.853084E-41</SteeringAngle>
    <WheelSpeed>0</WheelSpeed>
    <CarType>Sports</CarType>
  </MyCar>
  <Peds />
  <Time>140172</Time>
  <LastFrameTime>0.0263475142</LastFrameTime>
  <MyProperty>0</MyProperty>
  <Weather>Clear</Weather>
  <Steering>127</Steering>
  <Acc>175</Acc>
  <Brake>169</Brake>
  <DayTime>15:16:13</DayTime>
  <Position>
    <X>-2441.85986</X>
    <Y>-226.321823</Y>
    <Z>17.0833874</Z>
  </Position>
  <Rotation>
    <X>0.3458398</X>
    <Y>-0.5073964</Y>
    <Z>62.7096024</Z>
  </Rotation>
</Screenshot>