<?xml version="1.0" encoding="utf-8"?>
<Screenshot xmlns:xsd="http://www.w3.org/2001/XMLSchema" xmlns:xsi="http://www.w3.org/2001/XMLSchema-instance">
  <Cars />
  <MyCar>
    <Position>
      <X>-2440.53418</X>
      <Y>-226.985352</Y>
      <Z>16.1556416</Z>
    </Position>
    <Rotation>
      <X>0.7724387</X>
      <Y>-1.18700075</Y>
      <Z>62.6377029</Z>
    </Rotation>
    <Handle>663810</Handle>
    <Bounds>
      <Vector3>
        <X>-2438.7334</X>
        <Y>-229.0491</Y>
        <Z>15.3722839</Z>
      </Vector3>
      <Vector3>
        <X>-2437.795</X>
        <Y>-227.2353</Y>
        <Z>15.4146</Z>
      </Vector3>
      <Vector3>
        <X>-2443.277</X>
        <Y>-226.699371</Y>
        <Z>15.4412336</Z>
      </Vector3>
      <Vector3>
        <X>-2438.73</X>
        <Y>-229.0849</Y>
        <Z>16.8277378</Z>
      </Vector3>
      <Vector3>
        <X>-2442.33838</X>
        <Y>-224.88559</Y>
        <Z>15.48355</Z>
      </Vector3>
      <Vector3>
        <X>-2437.79126</X>
        <Y>-227.271118</Y>
        <Z>16.8700542</Z>
      </Vector3>
      <Vector3>
        <X>-2443.27344</X>
        <Y>-226.735184</Y>
        <Z>16.8966866</Z>
      </Vector3>
      <Vector3>
        <X>-2442.33472</X>
        <Y>-224.921387</Y>
        <Z>16.939003</Z>
      </Vector3>
    </Bounds>
    <CenterCamPosition>
      <X>0</X>
      <Y>0</Y>
    </CenterCamPosition>
    <ScreenBounds />
    <DistanceToCam>0</DistanceToCam>
    <Speed>8.542434</Speed>
    <AccInput>0</AccInput>
    <RPM>1.35798967</RPM>
    <Gear>0</Gear>
    <SteeringAngle>5.853084E-41</SteeringAngle>
    <WheelSpeed>0</WheelSpeed>
    <CarType>Sports</CarType>
  </MyCar>
  <Peds />
  <Time>140111</Time>
  <LastFrameTime>0.06666667</LastFrameTime>
  <MyProperty>0</MyProperty>
  <Weather>Clear</Weather>
  <Steering>127</Steering>
  <Acc>175</Acc>
  <Brake>169</Brake>
  <DayTime>15:16:13</DayTime>
  <Position>
    <X>-2441.087</X>
    <Y>-226.709854</Y>
    <Z>17.0569153</Z>
  </Position>
  <Rotation>
    <X>0.352232724</X>
    <Y>-0.6063085</Y>
    <Z>62.498024</Z>
  </Rotation>
</Screenshot>