<?xml version="1.0" encoding="utf-8"?>
<Screenshot xmlns:xsd="http://www.w3.org/2001/XMLSchema" xmlns:xsi="http://www.w3.org/2001/XMLSchema-instance">
  <Cars />
  <MyCar>
    <Position>
      <X>-2441.74829</X>
      <Y>-226.35849</Y>
      <Z>16.2068768</Z>
    </Position>
    <Rotation>
      <X>1.51340091</X>
      <Y>-0.0400249</Y>
      <Z>62.8920021</Z>
    </Rotation>
    <Handle>663810</Handle>
    <Bounds>
      <Vector3>
        <X>-2439.95459</X>
        <Y>-228.4234</Y>
        <Z>15.4109144</Z>
      </Vector3>
      <Vector3>
        <X>-2439.02368</X>
        <Y>-226.605072</Y>
        <Z>15.4123421</Z>
      </Vector3>
      <Vector3>
        <X>-2444.50659</X>
        <Y>-226.093277</Y>
        <Z>15.5460215</Z>
      </Vector3>
      <Vector3>
        <X>-2439.92065</X>
        <Y>-228.441818</Y>
        <Z>16.8663044</Z>
      </Vector3>
      <Vector3>
        <X>-2443.57568</X>
        <Y>-224.274948</Y>
        <Z>15.5474491</Z>
      </Vector3>
      <Vector3>
        <X>-2438.99</X>
        <Y>-226.623489</Y>
        <Z>16.8677311</Z>
      </Vector3>
      <Vector3>
        <X>-2444.473</X>
        <Y>-226.1117</Y>
        <Z>17.0014114</Z>
      </Vector3>
      <Vector3>
        <X>-2443.542</X>
        <Y>-224.293365</Y>
        <Z>17.0028381</Z>
      </Vector3>
    </Bounds>
    <CenterCamPosition>
      <X>0</X>
      <Y>0</Y>
    </CenterCamPosition>
    <ScreenBounds />
    <DistanceToCam>0</DistanceToCam>
    <Speed>8.572287</Speed>
    <AccInput>0</AccInput>
    <RPM>1.35798967</RPM>
    <Gear>0</Gear>
    <SteeringAngle>5.853084E-41</SteeringAngle>
    <WheelSpeed>0</WheelSpeed>
    <CarType>Sports</CarType>
  </MyCar>
  <Peds />
  <Time>140271</Time>
  <LastFrameTime>0.0191391762</LastFrameTime>
  <MyProperty>0</MyProperty>
  <Weather>Clear</Weather>
  <Steering>127</Steering>
  <Acc>175</Acc>
  <Brake>169</Brake>
  <DayTime>15:16:13</DayTime>
  <Position>
    <X>-2442.652</X>
    <Y>-225.899277</Y>
    <Z>17.1313686</Z>
  </Position>
  <Rotation>
    <X>0.88951695</X>
    <Y>0.377479434</Y>
    <Z>62.88432</Z>
  </Rotation>
</Screenshot>