<?xml version="1.0" encoding="utf-8"?>
<Screenshot xmlns:xsd="http://www.w3.org/2001/XMLSchema" xmlns:xsi="http://www.w3.org/2001/XMLSchema-instance">
  <Cars />
  <MyCar>
    <Position>
      <X>-2441.60278</X>
      <Y>-226.434448</Y>
      <Z>16.2025375</Z>
    </Position>
    <Rotation>
      <X>1.38949776</X>
      <Y>-0.122475021</Y>
      <Z>62.87846</Z>
    </Rotation>
    <Handle>663810</Handle>
    <Bounds>
      <Vector3>
        <X>-2439.80737</X>
        <Y>-228.499542</Y>
        <Z>15.4105978</Z>
      </Vector3>
      <Vector3>
        <X>-2438.87622</X>
        <Y>-226.681442</Y>
        <Z>15.4149637</Z>
      </Vector3>
      <Vector3>
        <X>-2444.35938</X>
        <Y>-226.168365</Y>
        <Z>15.5346451</Z>
      </Vector3>
      <Vector3>
        <X>-2439.77734</X>
        <Y>-228.518417</Y>
        <Z>16.8660641</Z>
      </Vector3>
      <Vector3>
        <X>-2443.428</X>
        <Y>-224.350266</Y>
        <Z>15.539011</Z>
      </Vector3>
      <Vector3>
        <X>-2438.84619</X>
        <Y>-226.7003</Y>
        <Z>16.87043</Z>
      </Vector3>
      <Vector3>
        <X>-2444.32935</X>
        <Y>-226.187241</Y>
        <Z>16.9901123</Z>
      </Vector3>
      <Vector3>
        <X>-2443.398</X>
        <Y>-224.369125</Y>
        <Z>16.9944782</Z>
      </Vector3>
    </Bounds>
    <CenterCamPosition>
      <X>0</X>
      <Y>0</Y>
    </CenterCamPosition>
    <ScreenBounds />
    <DistanceToCam>0</DistanceToCam>
    <Speed>8.574574</Speed>
    <AccInput>0</AccInput>
    <RPM>1.35798967</RPM>
    <Gear>0</Gear>
    <SteeringAngle>5.853084E-41</SteeringAngle>
    <WheelSpeed>0</WheelSpeed>
    <CarType>Sports</CarType>
  </MyCar>
  <Peds />
  <Time>140252</Time>
  <LastFrameTime>0.048227597</LastFrameTime>
  <MyProperty>0</MyProperty>
  <Weather>Clear</Weather>
  <Steering>127</Steering>
  <Acc>175</Acc>
  <Brake>169</Brake>
  <DayTime>15:16:13</DayTime>
  <Position>
    <X>-2442.29126</X>
    <Y>-226.0926</Y>
    <Z>17.1107979</Z>
  </Position>
  <Rotation>
    <X>0.647137165</X>
    <Y>0.0264440123</Y>
    <Z>62.82555</Z>
  </Rotation>
</Screenshot>