<?xml version="1.0" encoding="utf-8"?>
<Screenshot xmlns:xsd="http://www.w3.org/2001/XMLSchema" xmlns:xsi="http://www.w3.org/2001/XMLSchema-instance">
  <Cars />
  <MyCar>
    <Position>
      <X>-2441.23657</X>
      <Y>-226.625519</Y>
      <Z>16.186985</Z>
    </Position>
    <Rotation>
      <X>1.14713717</X>
      <Y>-0.473554283</Y>
      <Z>62.825264</Z>
    </Rotation>
    <Handle>663810</Handle>
    <Bounds>
      <Vector3>
        <X>-2439.438</X>
        <Y>-228.689545</Y>
        <Z>15.3995609</Z>
      </Vector3>
      <Vector3>
        <X>-2438.50513</X>
        <Y>-226.87236</Y>
        <Z>15.4164438</Z>
      </Vector3>
      <Vector3>
        <X>-2443.98828</X>
        <Y>-226.354446</Y>
        <Z>15.5019712</Z>
      </Vector3>
      <Vector3>
        <X>-2439.41748</X>
        <Y>-228.713562</Y>
        <Z>16.8551178</Z>
      </Vector3>
      <Vector3>
        <X>-2443.05542</X>
        <Y>-224.537262</Y>
        <Z>15.5188541</Z>
      </Vector3>
      <Vector3>
        <X>-2438.48462</X>
        <Y>-226.896378</Y>
        <Z>16.872</Z>
      </Vector3>
      <Vector3>
        <X>-2443.968</X>
        <Y>-226.378464</Y>
        <Z>16.95753</Z>
      </Vector3>
      <Vector3>
        <X>-2443.03516</X>
        <Y>-224.561279</Y>
        <Z>16.974411</Z>
      </Vector3>
    </Bounds>
    <CenterCamPosition>
      <X>0</X>
      <Y>0</Y>
    </CenterCamPosition>
    <ScreenBounds />
    <DistanceToCam>0</DistanceToCam>
    <Speed>8.565557</Speed>
    <AccInput>0</AccInput>
    <RPM>1.35798967</RPM>
    <Gear>0</Gear>
    <SteeringAngle>5.853084E-41</SteeringAngle>
    <WheelSpeed>0</WheelSpeed>
    <CarType>Sports</CarType>
  </MyCar>
  <Peds />
  <Time>140203</Time>
  <LastFrameTime>0.0313585959</LastFrameTime>
  <MyProperty>0</MyProperty>
  <Weather>Clear</Weather>
  <Steering>127</Steering>
  <Acc>175</Acc>
  <Brake>169</Brake>
  <DayTime>15:16:13</DayTime>
  <Position>
    <X>-2442.057</X>
    <Y>-226.21759</Y>
    <Z>17.0957451</Z>
  </Position>
  <Rotation>
    <X>0.482246965</X>
    <Y>-0.251175672</Y>
    <Z>62.768013</Z>
  </Rotation>
</Screenshot>