<?xml version="1.0" encoding="utf-8"?>
<Screenshot xmlns:xsd="http://www.w3.org/2001/XMLSchema" xmlns:xsi="http://www.w3.org/2001/XMLSchema-instance">
  <Cars />
  <MyCar>
    <Position>
      <X>-2442.11865</X>
      <Y>-226.1664</Y>
      <Z>16.2130814</Z>
    </Position>
    <Rotation>
      <X>1.9631474</X>
      <Y>-0.2769696</Y>
      <Z>62.8859177</Z>
    </Rotation>
    <Handle>663810</Handle>
    <Bounds>
      <Vector3>
        <X>-2440.329</X>
        <Y>-228.225586</Y>
        <Z>15.39301</Z>
      </Vector3>
      <Vector3>
        <X>-2439.39819</X>
        <Y>-226.407379</Y>
        <Z>15.4028854</Z>
      </Vector3>
      <Vector3>
        <X>-2444.88013</X>
        <Y>-225.89621</Y>
        <Z>15.5682516</Z>
      </Vector3>
      <Vector3>
        <X>-2440.28784</X>
        <Y>-228.254578</Y>
        <Z>16.8480377</Z>
      </Vector3>
      <Vector3>
        <X>-2443.94922</X>
        <Y>-224.078</Y>
        <Z>15.5781269</Z>
      </Vector3>
      <Vector3>
        <X>-2439.357</X>
        <Y>-226.436371</Y>
        <Z>16.8579121</Z>
      </Vector3>
      <Vector3>
        <X>-2444.839</X>
        <Y>-225.9252</Y>
        <Z>17.02328</Z>
      </Vector3>
      <Vector3>
        <X>-2443.908</X>
        <Y>-224.107</Y>
        <Z>17.0331535</Z>
      </Vector3>
    </Bounds>
    <CenterCamPosition>
      <X>0</X>
      <Y>0</Y>
    </CenterCamPosition>
    <ScreenBounds />
    <DistanceToCam>0</DistanceToCam>
    <Speed>8.572409</Speed>
    <AccInput>0</AccInput>
    <RPM>1.35798967</RPM>
    <Gear>0</Gear>
    <SteeringAngle>5.853084E-41</SteeringAngle>
    <WheelSpeed>0</WheelSpeed>
    <CarType>Sports</CarType>
  </MyCar>
  <Peds />
  <Time>140319</Time>
  <LastFrameTime>0.0486527123</LastFrameTime>
  <MyProperty>0</MyProperty>
  <Weather>Clear</Weather>
  <Steering>127</Steering>
  <Acc>175</Acc>
  <Brake>169</Brake>
  <DayTime>15:16:13</DayTime>
  <Position>
    <X>-2442.79517</X>
    <Y>-225.823288</Y>
    <Z>17.1382561</Z>
  </Position>
  <Rotation>
    <X>1.01343369</X>
    <Y>0.459903181</Y>
    <Z>62.90013</Z>
  </Rotation>
</Screenshot>