<?xml version="1.0" encoding="utf-8"?>
<Screenshot xmlns:xsd="http://www.w3.org/2001/XMLSchema" xmlns:xsi="http://www.w3.org/2001/XMLSchema-instance">
  <Cars />
  <MyCar>
    <Position>
      <X>-2442.40454</X>
      <Y>-226.019867</Y>
      <Z>16.2170143</Z>
    </Position>
    <Rotation>
      <X>2.255459</X>
      <Y>-0.5061531</Y>
      <Z>62.8592453</Z>
    </Rotation>
    <Handle>663810</Handle>
    <Bounds>
      <Vector3>
        <X>-2440.61816</X>
        <Y>-228.074951</Y>
        <Z>15.3799772</Z>
      </Vector3>
      <Vector3>
        <X>-2439.68628</X>
        <Y>-226.257217</Y>
        <Z>15.3980227</Z>
      </Vector3>
      <Vector3>
        <X>-2445.16772</X>
        <Y>-225.74472</Y>
        <Z>15.5812941</Z>
      </Vector3>
      <Vector3>
        <X>-2440.573</X>
        <Y>-228.112518</Y>
        <Z>16.834692</Z>
      </Vector3>
      <Vector3>
        <X>-2444.23584</X>
        <Y>-223.926987</Y>
        <Z>15.5993395</Z>
      </Vector3>
      <Vector3>
        <X>-2439.641</X>
        <Y>-226.2948</Y>
        <Z>16.8527374</Z>
      </Vector3>
      <Vector3>
        <X>-2445.12256</X>
        <Y>-225.782288</Y>
        <Z>17.0360088</Z>
      </Vector3>
      <Vector3>
        <X>-2444.191</X>
        <Y>-223.964569</Y>
        <Z>17.0540524</Z>
      </Vector3>
    </Bounds>
    <CenterCamPosition>
      <X>0</X>
      <Y>0</Y>
    </CenterCamPosition>
    <ScreenBounds />
    <DistanceToCam>0</DistanceToCam>
    <Speed>8.596142</Speed>
    <AccInput>0</AccInput>
    <RPM>1.35798967</RPM>
    <Gear>0</Gear>
    <SteeringAngle>5.853084E-41</SteeringAngle>
    <WheelSpeed>0</WheelSpeed>
    <CarType>Sports</CarType>
  </MyCar>
  <Peds />
  <Time>140357</Time>
  <LastFrameTime>0.0374119878</LastFrameTime>
  <MyProperty>0</MyProperty>
  <Weather>Clear</Weather>
  <Steering>127</Steering>
  <Acc>175</Acc>
  <Brake>169</Brake>
  <DayTime>15:16:13</DayTime>
  <Position>
    <X>-2443.161</X>
    <Y>-225.6379</Y>
    <Z>17.15365</Z>
  </Position>
  <Rotation>
    <X>1.46315849</X>
    <Y>0.222957686</Y>
    <Z>62.891613</Z>
  </Rotation>
</Screenshot>