<?xml version="1.0" encoding="utf-8"?>
<Screenshot xmlns:xsd="http://www.w3.org/2001/XMLSchema" xmlns:xsi="http://www.w3.org/2001/XMLSchema-instance">
  <Cars />
  <MyCar>
    <Position>
      <X>-2443.01855</X>
      <Y>-225.708786</Y>
      <Z>16.2304668</Z>
    </Position>
    <Rotation>
      <X>2.58051181</X>
      <Y>-0.748335</Y>
      <Z>62.7833481</Z>
    </Rotation>
    <Handle>663810</Handle>
    <Bounds>
      <Vector3>
        <X>-2441.2373</X>
        <Y>-227.760742</Y>
        <Z>15.3748293</Z>
      </Vector3>
      <Vector3>
        <X>-2440.30322</X>
        <Y>-225.944336</Y>
        <Z>15.4015083</Z>
      </Vector3>
      <Vector3>
        <X>-2445.78345</X>
        <Y>-225.426147</Y>
        <Z>15.60513</Z>
      </Vector3>
      <Vector3>
        <X>-2441.18774</X>
        <Y>-227.807617</Y>
        <Z>16.8291264</Z>
      </Vector3>
      <Vector3>
        <X>-2444.849</X>
        <Y>-223.609741</Y>
        <Z>15.6318092</Z>
      </Vector3>
      <Vector3>
        <X>-2440.25366</X>
        <Y>-225.991211</Y>
        <Z>16.8558064</Z>
      </Vector3>
      <Vector3>
        <X>-2445.734</X>
        <Y>-225.473</Y>
        <Z>17.05943</Z>
      </Vector3>
      <Vector3>
        <X>-2444.79956</X>
        <Y>-223.6566</Y>
        <Z>17.0861073</Z>
      </Vector3>
    </Bounds>
    <CenterCamPosition>
      <X>0</X>
      <Y>0</Y>
    </CenterCamPosition>
    <ScreenBounds />
    <DistanceToCam>0</DistanceToCam>
    <Speed>8.649675</Speed>
    <AccInput>0</AccInput>
    <RPM>1.35798967</RPM>
    <Gear>0</Gear>
    <SteeringAngle>5.853084E-41</SteeringAngle>
    <WheelSpeed>0</WheelSpeed>
    <CarType>Sports</CarType>
  </MyCar>
  <Peds />
  <Time>140437</Time>
  <LastFrameTime>0.03449328</LastFrameTime>
  <MyProperty>0</MyProperty>
  <Weather>Clear</Weather>
  <Steering>127</Steering>
  <Acc>175</Acc>
  <Brake>169</Brake>
  <DayTime>15:16:13</DayTime>
  <Position>
    <X>-2443.78955</X>
    <Y>-225.32341</Y>
    <Z>17.17486</Z>
  </Position>
  <Rotation>
    <X>1.98580742</X>
    <Y>-0.182591349</Y>
    <Z>62.8086472</Z>
  </Rotation>
</Screenshot>