<?xml version="1.0" encoding="utf-8"?>
<Screenshot xmlns:xsd="http://www.w3.org/2001/XMLSchema" xmlns:xsi="http://www.w3.org/2001/XMLSchema-instance">
  <Cars />
  <MyCar>
    <Position>
      <X>-2443.389</X>
      <Y>-225.521637</Y>
      <Z>16.2424259</Z>
    </Position>
    <Rotation>
      <X>2.58162785</X>
      <Y>-0.7021269</Y>
      <Z>62.7533569</Z>
    </Rotation>
    <Handle>663810</Handle>
    <Bounds>
      <Vector3>
        <X>-2441.60913</X>
        <Y>-227.575134</Y>
        <Z>15.3875542</Z>
      </Vector3>
      <Vector3>
        <X>-2440.674</X>
        <Y>-225.7592</Y>
        <Z>15.4125862</Z>
      </Vector3>
      <Vector3>
        <X>-2446.15381</X>
        <Y>-225.237991</Y>
        <Z>15.6179571</Z>
      </Vector3>
      <Vector3>
        <X>-2441.559</X>
        <Y>-227.621</Y>
        <Z>16.8418655</Z>
      </Vector3>
      <Vector3>
        <X>-2445.21875</X>
        <Y>-223.422058</Y>
        <Z>15.6429892</Z>
      </Vector3>
      <Vector3>
        <X>-2440.62378</X>
        <Y>-225.805069</Y>
        <Z>16.8668976</Z>
      </Vector3>
      <Vector3>
        <X>-2446.10376</X>
        <Y>-225.283859</Y>
        <Z>17.07227</Z>
      </Vector3>
      <Vector3>
        <X>-2445.16846</X>
        <Y>-223.467926</Y>
        <Z>17.0973</Z>
      </Vector3>
    </Bounds>
    <CenterCamPosition>
      <X>0</X>
      <Y>0</Y>
    </CenterCamPosition>
    <ScreenBounds />
    <DistanceToCam>0</DistanceToCam>
    <Speed>8.678881</Speed>
    <AccInput>0</AccInput>
    <RPM>1.35798967</RPM>
    <Gear>0</Gear>
    <SteeringAngle>5.853084E-41</SteeringAngle>
    <WheelSpeed>0</WheelSpeed>
    <CarType>Sports</CarType>
  </MyCar>
  <Peds />
  <Time>140485</Time>
  <LastFrameTime>0.04786051</LastFrameTime>
  <MyProperty>0</MyProperty>
  <Weather>Clear</Weather>
  <Steering>127</Steering>
  <Acc>175</Acc>
  <Brake>169</Brake>
  <DayTime>15:16:13</DayTime>
  <Position>
    <X>-2444.0542</X>
    <Y>-225.190125</Y>
    <Z>17.1835</Z>
  </Position>
  <Rotation>
    <X>2.08053112</X>
    <Y>-0.248171315</Y>
    <Z>62.7743263</Z>
  </Rotation>
</Screenshot>