<?xml version="1.0" encoding="utf-8"?>
<Screenshot xmlns:xsd="http://www.w3.org/2001/XMLSchema" xmlns:xsi="http://www.w3.org/2001/XMLSchema-instance">
  <Cars />
  <MyCar>
    <Position>
      <X>-2442.75269</X>
      <Y>-225.843216</Y>
      <Z>16.2237282</Z>
    </Position>
    <Rotation>
      <X>2.48579717</X>
      <Y>-0.682701051</Y>
      <Z>62.81498</Z>
    </Rotation>
    <Handle>663810</Handle>
    <Bounds>
      <Vector3>
        <X>-2440.96973</X>
        <Y>-227.895737</Y>
        <Z>15.3734188</Z>
      </Vector3>
      <Vector3>
        <X>-2440.03638</X>
        <Y>-226.0788</Y>
        <Z>15.3977585</Z>
      </Vector3>
      <Vector3>
        <X>-2445.517</X>
        <Y>-225.563156</Y>
        <Z>15.5952759</Z>
      </Vector3>
      <Vector3>
        <X>-2440.92139</X>
        <Y>-227.94</Y>
        <Z>16.8278446</Z>
      </Vector3>
      <Vector3>
        <X>-2444.584</X>
        <Y>-223.7462</Y>
        <Z>15.6196156</Z>
      </Vector3>
      <Vector3>
        <X>-2439.98828</X>
        <Y>-226.123062</Y>
        <Z>16.8521843</Z>
      </Vector3>
      <Vector3>
        <X>-2445.46875</X>
        <Y>-225.607422</Y>
        <Z>17.0497017</Z>
      </Vector3>
      <Vector3>
        <X>-2444.53564</X>
        <Y>-223.790466</Y>
        <Z>17.07404</Z>
      </Vector3>
    </Bounds>
    <CenterCamPosition>
      <X>0</X>
      <Y>0</Y>
    </CenterCamPosition>
    <ScreenBounds />
    <DistanceToCam>0</DistanceToCam>
    <Speed>8.62667751</Speed>
    <AccInput>0</AccInput>
    <RPM>1.35798967</RPM>
    <Gear>0</Gear>
    <SteeringAngle>5.853084E-41</SteeringAngle>
    <WheelSpeed>0</WheelSpeed>
    <CarType>Sports</CarType>
  </MyCar>
  <Peds />
  <Time>140402</Time>
  <LastFrameTime>0.04531106</LastFrameTime>
  <MyProperty>0</MyProperty>
  <Weather>Clear</Weather>
  <Steering>127</Steering>
  <Acc>175</Acc>
  <Brake>169</Brake>
  <DayTime>15:16:13</DayTime>
  <Position>
    <X>-2443.44385</X>
    <Y>-225.496475</Y>
    <Z>17.1635056</Z>
  </Position>
  <Rotation>
    <X>1.75545919</X>
    <Y>-0.006150212</Y>
    <Z>62.8590469</Z>
  </Rotation>
</Screenshot>