<?xml version="1.0" encoding="utf-8"?>
<Screenshot xmlns:xsd="http://www.w3.org/2001/XMLSchema" xmlns:xsi="http://www.w3.org/2001/XMLSchema-instance">
  <Cars />
  <MyCar>
    <Position>
      <X>-2443.54419</X>
      <Y>-225.44278</Y>
      <Z>16.24887</Z>
    </Position>
    <Rotation>
      <X>2.51238</X>
      <Y>-0.580822766</Y>
      <Z>62.7469559</Z>
    </Rotation>
    <Handle>663810</Handle>
    <Bounds>
      <Vector3>
        <X>-2441.76465</X>
        <Y>-227.498581</Y>
        <Z>15.39919</Z>
      </Vector3>
      <Vector3>
        <X>-2440.82935</X>
        <Y>-225.682709</Y>
        <Z>15.419898</Z>
      </Vector3>
      <Vector3>
        <X>-2446.309</X>
        <Y>-225.160309</Y>
        <Z>15.6234226</Z>
      </Vector3>
      <Vector3>
        <X>-2441.7146</X>
        <Y>-227.540909</Y>
        <Z>16.8536148</Z>
      </Vector3>
      <Vector3>
        <X>-2445.37354</X>
        <Y>-223.344437</Y>
        <Z>15.64413</Z>
      </Vector3>
      <Vector3>
        <X>-2440.7793</X>
        <Y>-225.725037</Y>
        <Z>16.874321</Z>
      </Vector3>
      <Vector3>
        <X>-2446.259</X>
        <Y>-225.202637</Y>
        <Z>17.0778465</Z>
      </Vector3>
      <Vector3>
        <X>-2445.32373</X>
        <Y>-223.386765</Y>
        <Z>17.0985546</Z>
      </Vector3>
    </Bounds>
    <CenterCamPosition>
      <X>0</X>
      <Y>0</Y>
    </CenterCamPosition>
    <ScreenBounds />
    <DistanceToCam>0</DistanceToCam>
    <Speed>8.692801</Speed>
    <AccInput>0</AccInput>
    <RPM>1.35798967</RPM>
    <Gear>0</Gear>
    <SteeringAngle>5.853084E-41</SteeringAngle>
    <WheelSpeed>0</WheelSpeed>
    <CarType>Sports</CarType>
  </MyCar>
  <Peds />
  <Time>140505</Time>
  <LastFrameTime>0.0200719479</LastFrameTime>
  <MyProperty>0</MyProperty>
  <Weather>Clear</Weather>
  <Steering>127</Steering>
  <Acc>175</Acc>
  <Brake>169</Brake>
  <DayTime>15:16:13</DayTime>
  <Position>
    <X>-2444.424</X>
    <Y>-225.001755</Y>
    <Z>17.1954918</Z>
  </Position>
  <Rotation>
    <X>2.081641</X>
    <Y>-0.201993376</Y>
    <Z>62.746006</Z>
  </Rotation>
</Screenshot>