<?xml version="1.0" encoding="utf-8"?>
<Screenshot xmlns:xsd="http://www.w3.org/2001/XMLSchema" xmlns:xsi="http://www.w3.org/2001/XMLSchema-instance">
  <Cars />
  <MyCar>
    <Position>
      <X>-2444.06372</X>
      <Y>-225.175156</Y>
      <Z>16.2764359</Z>
    </Position>
    <Rotation>
      <X>2.032644</X>
      <Y>-0.120397389</Y>
      <Z>62.744976</Z>
    </Rotation>
    <Handle>663810</Handle>
    <Bounds>
      <Vector3>
        <X>-2442.28125</X>
        <Y>-227.240265</Y>
        <Z>15.4560785</Z>
      </Vector3>
      <Vector3>
        <X>-2441.3457</X>
        <Y>-225.424347</Y>
        <Z>15.460371</Z>
      </Vector3>
      <Vector3>
        <X>-2446.82617</X>
        <Y>-224.899384</Y>
        <Z>15.6375227</Z>
      </Vector3>
      <Vector3>
        <X>-2442.23657</X>
        <Y>-227.266632</Y>
        <Z>16.9110565</Z>
      </Vector3>
      <Vector3>
        <X>-2445.89063</X>
        <Y>-223.08345</Y>
        <Z>15.6418152</Z>
      </Vector3>
      <Vector3>
        <X>-2441.30127</X>
        <Y>-225.450714</Y>
        <Z>16.91535</Z>
      </Vector3>
      <Vector3>
        <X>-2446.78174</X>
        <Y>-224.925751</Y>
        <Z>17.0925</Z>
      </Vector3>
      <Vector3>
        <X>-2445.84619</X>
        <Y>-223.109818</Y>
        <Z>17.0967941</Z>
      </Vector3>
    </Bounds>
    <CenterCamPosition>
      <X>0</X>
      <Y>0</Y>
    </CenterCamPosition>
    <ScreenBounds />
    <DistanceToCam>0</DistanceToCam>
    <Speed>8.719941</Speed>
    <AccInput>0</AccInput>
    <RPM>1.35798967</RPM>
    <Gear>0</Gear>
    <SteeringAngle>5.853084E-41</SteeringAngle>
    <WheelSpeed>0</WheelSpeed>
    <CarType>Sports</CarType>
  </MyCar>
  <Peds />
  <Time>140572</Time>
  <LastFrameTime>0.0205733962</LastFrameTime>
  <MyProperty>0</MyProperty>
  <Weather>Clear</Weather>
  <Steering>127</Steering>
  <Acc>175</Acc>
  <Brake>169</Brake>
  <DayTime>15:16:13</DayTime>
  <Position>
    <X>-2444.94238</X>
    <Y>-224.727356</Y>
    <Z>17.212841</Z>
  </Position>
  <Rotation>
    <X>1.65583873</X>
    <Y>0.260550469</Y>
    <Z>62.7543335</Z>
  </Rotation>
</Screenshot>