<?xml version="1.0" encoding="utf-8"?>
<Screenshot xmlns:xsd="http://www.w3.org/2001/XMLSchema" xmlns:xsi="http://www.w3.org/2001/XMLSchema-instance">
  <Cars />
  <MyCar>
    <Position>
      <X>-2443.90454</X>
      <Y>-225.257462</Y>
      <Z>16.2683449</Z>
    </Position>
    <Rotation>
      <X>2.15582156</X>
      <Y>-0.239340708</Y>
      <Z>62.7468071</Z>
    </Rotation>
    <Handle>663810</Handle>
    <Bounds>
      <Vector3>
        <X>-2442.1228</X>
        <Y>-227.320175</Y>
        <Z>15.4404345</Z>
      </Vector3>
      <Vector3>
        <X>-2441.18726</X>
        <Y>-225.504227</Y>
        <Z>15.4489679</Z>
      </Vector3>
      <Vector3>
        <X>-2446.66748</X>
        <Y>-224.98</Y>
        <Z>15.6328678</Z>
      </Vector3>
      <Vector3>
        <X>-2442.077</X>
        <Y>-227.350662</Y>
        <Z>16.89529</Z>
      </Vector3>
      <Vector3>
        <X>-2445.73218</X>
        <Y>-223.164047</Y>
        <Z>15.6414013</Z>
      </Vector3>
      <Vector3>
        <X>-2441.14136</X>
        <Y>-225.534714</Y>
        <Z>16.9038219</Z>
      </Vector3>
      <Vector3>
        <X>-2446.62158</X>
        <Y>-225.010483</Y>
        <Z>17.0877228</Z>
      </Vector3>
      <Vector3>
        <X>-2445.68628</X>
        <Y>-223.194534</Y>
        <Z>17.0962563</Z>
      </Vector3>
    </Bounds>
    <CenterCamPosition>
      <X>0</X>
      <Y>0</Y>
    </CenterCamPosition>
    <ScreenBounds />
    <DistanceToCam>0</DistanceToCam>
    <Speed>8.71594</Speed>
    <AccInput>0</AccInput>
    <RPM>1.35798967</RPM>
    <Gear>0</Gear>
    <SteeringAngle>5.853084E-41</SteeringAngle>
    <WheelSpeed>0</WheelSpeed>
    <CarType>Sports</CarType>
  </MyCar>
  <Peds />
  <Time>140551</Time>
  <LastFrameTime>0.04658175</LastFrameTime>
  <MyProperty>0</MyProperty>
  <Weather>Clear</Weather>
  <Steering>127</Steering>
  <Acc>175</Acc>
  <Brake>169</Brake>
  <DayTime>15:16:13</DayTime>
  <Position>
    <X>-2444.57935</X>
    <Y>-224.920441</Y>
    <Z>17.20056</Z>
  </Position>
  <Rotation>
    <X>2.012382</X>
    <Y>-0.08077293</Y>
    <Z>62.7441139</Z>
  </Rotation>
</Screenshot>