<?xml version="1.0" encoding="utf-8"?>
<Screenshot xmlns:xsd="http://www.w3.org/2001/XMLSchema" xmlns:xsi="http://www.w3.org/2001/XMLSchema-instance">
  <Cars />
  <MyCar>
    <Position>
      <X>-2444.69946</X>
      <Y>-224.8446</Y>
      <Z>16.3046169</Z>
    </Position>
    <Rotation>
      <X>1.73263836</X>
      <Y>0.126219824</Y>
      <Z>62.7200661</Z>
    </Rotation>
    <Handle>663810</Handle>
    <Bounds>
      <Vector3>
        <X>-2442.91553</X>
        <Y>-226.915543</Y>
        <Z>15.5019159</Z>
      </Vector3>
      <Vector3>
        <X>-2441.97949</X>
        <Y>-225.100021</Y>
        <Z>15.4974155</Z>
      </Vector3>
      <Vector3>
        <X>-2447.46</X>
        <Y>-224.57164</Y>
        <Z>15.6565886</Z>
      </Vector3>
      <Vector3>
        <X>-2442.875</X>
        <Y>-226.932877</Y>
        <Z>16.9571457</Z>
      </Vector3>
      <Vector3>
        <X>-2446.52368</X>
        <Y>-222.756119</Y>
        <Z>15.6520882</Z>
      </Vector3>
      <Vector3>
        <X>-2441.93872</X>
        <Y>-225.117355</Y>
        <Z>16.9526443</Z>
      </Vector3>
      <Vector3>
        <X>-2447.41943</X>
        <Y>-224.588974</Y>
        <Z>17.1118183</Z>
      </Vector3>
      <Vector3>
        <X>-2446.48315</X>
        <Y>-222.773438</Y>
        <Z>17.107317</Z>
      </Vector3>
    </Bounds>
    <CenterCamPosition>
      <X>0</X>
      <Y>0</Y>
    </CenterCamPosition>
    <ScreenBounds />
    <DistanceToCam>0</DistanceToCam>
    <Speed>8.739513</Speed>
    <AccInput>0</AccInput>
    <RPM>1.35798967</RPM>
    <Gear>0</Gear>
    <SteeringAngle>5.853084E-41</SteeringAngle>
    <WheelSpeed>0</WheelSpeed>
    <CarType>Sports</CarType>
  </MyCar>
  <Peds />
  <Time>140654</Time>
  <LastFrameTime>0.0170260128</LastFrameTime>
  <MyProperty>0</MyProperty>
  <Weather>Clear</Weather>
  <Steering>127</Steering>
  <Acc>175</Acc>
  <Brake>169</Brake>
  <DayTime>15:16:13</DayTime>
  <Position>
    <X>-2445.60815</X>
    <Y>-224.374939</Y>
    <Z>17.236</Z>
  </Position>
  <Rotation>
    <X>1.27159679</X>
    <Y>0.5987254</Y>
    <Z>62.74044</Z>
  </Rotation>
</Screenshot>