<?xml version="1.0" encoding="utf-8"?>
<Screenshot xmlns:xsd="http://www.w3.org/2001/XMLSchema" xmlns:xsi="http://www.w3.org/2001/XMLSchema-instance">
  <Cars />
  <MyCar>
    <Position>
      <X>-2444.56763</X>
      <Y>-224.913239</Y>
      <Z>16.2993355</Z>
    </Position>
    <Rotation>
      <X>1.77152729</X>
      <Y>0.0988728851</Y>
      <Z>62.72715</Z>
    </Rotation>
    <Handle>663810</Handle>
    <Bounds>
      <Vector3>
        <X>-2442.784</X>
        <Y>-226.983368</Y>
        <Z>15.4944258</Z>
      </Vector3>
      <Vector3>
        <X>-2441.848</X>
        <Y>-225.167725</Y>
        <Z>15.490901</Z>
      </Vector3>
      <Vector3>
        <X>-2447.32837</X>
        <Y>-224.640137</Y>
        <Z>15.65257</Z>
      </Vector3>
      <Vector3>
        <X>-2442.74268</X>
        <Y>-227.00177</Y>
        <Z>16.9496269</Z>
      </Vector3>
      <Vector3>
        <X>-2446.39233</X>
        <Y>-222.8245</Y>
        <Z>15.649044</Z>
      </Vector3>
      <Vector3>
        <X>-2441.80664</X>
        <Y>-225.186127</Y>
        <Z>16.9461</Z>
      </Vector3>
      <Vector3>
        <X>-2447.28735</X>
        <Y>-224.658524</Y>
        <Z>17.107769</Z>
      </Vector3>
      <Vector3>
        <X>-2446.35132</X>
        <Y>-222.84288</Y>
        <Z>17.1042442</Z>
      </Vector3>
    </Bounds>
    <CenterCamPosition>
      <X>0</X>
      <Y>0</Y>
    </CenterCamPosition>
    <ScreenBounds />
    <DistanceToCam>0</DistanceToCam>
    <Speed>8.73533249</Speed>
    <AccInput>0</AccInput>
    <RPM>1.35798967</RPM>
    <Gear>0</Gear>
    <SteeringAngle>5.853084E-41</SteeringAngle>
    <WheelSpeed>0</WheelSpeed>
    <CarType>Sports</CarType>
  </MyCar>
  <Peds />
  <Time>140637</Time>
  <LastFrameTime>0.019011952</LastFrameTime>
  <MyProperty>0</MyProperty>
  <Weather>Clear</Weather>
  <Steering>127</Steering>
  <Acc>175</Acc>
  <Brake>169</Brake>
  <DayTime>15:16:13</DayTime>
  <Position>
    <X>-2445.46069</X>
    <Y>-224.452637</Y>
    <Z>17.2308865</Z>
  </Position>
  <Rotation>
    <X>1.32375371</X>
    <Y>0.557980657</Y>
    <Z>62.7468758</Z>
  </Rotation>
</Screenshot>