<?xml version="1.0" encoding="utf-8"?>
<Screenshot xmlns:xsd="http://www.w3.org/2001/XMLSchema" xmlns:xsi="http://www.w3.org/2001/XMLSchema-instance">
  <Cars />
  <MyCar>
    <Position>
      <X>-2444.42041</X>
      <Y>-224.989822</Y>
      <Z>16.2931538</Z>
    </Position>
    <Rotation>
      <X>1.82369089</X>
      <Y>0.0581295975</Y>
      <Z>62.7339935</Z>
    </Rotation>
    <Handle>663810</Handle>
    <Bounds>
      <Vector3>
        <X>-2442.63672</X>
        <Y>-227.0589</Y>
        <Z>15.48521</Z>
      </Vector3>
      <Vector3>
        <X>-2441.701</X>
        <Y>-225.243149</Y>
        <Z>15.4831381</Z>
      </Vector3>
      <Vector3>
        <X>-2447.18164</X>
        <Y>-224.71637</Y>
        <Z>15.6480093</Z>
      </Vector3>
      <Vector3>
        <X>-2442.595</X>
        <Y>-227.078812</Y>
        <Z>16.94037</Z>
      </Vector3>
      <Vector3>
        <X>-2446.24585</X>
        <Y>-222.90062</Y>
        <Z>15.645937</Z>
      </Vector3>
      <Vector3>
        <X>-2441.65918</X>
        <Y>-225.263062</Y>
        <Z>16.9382973</Z>
      </Vector3>
      <Vector3>
        <X>-2447.13965</X>
        <Y>-224.736282</Y>
        <Z>17.1031685</Z>
      </Vector3>
      <Vector3>
        <X>-2446.20386</X>
        <Y>-222.920532</Y>
        <Z>17.1010971</Z>
      </Vector3>
    </Bounds>
    <CenterCamPosition>
      <X>0</X>
      <Y>0</Y>
    </CenterCamPosition>
    <ScreenBounds />
    <DistanceToCam>0</DistanceToCam>
    <Speed>8.73247</Speed>
    <AccInput>0</AccInput>
    <RPM>1.35798967</RPM>
    <Gear>0</Gear>
    <SteeringAngle>5.853084E-41</SteeringAngle>
    <WheelSpeed>0</WheelSpeed>
    <CarType>Sports</CarType>
  </MyCar>
  <Peds />
  <Time>140618</Time>
  <LastFrameTime>0.0460781269</LastFrameTime>
  <MyProperty>0</MyProperty>
  <Weather>Clear</Weather>
  <Steering>127</Steering>
  <Acc>175</Acc>
  <Brake>169</Brake>
  <DayTime>15:16:13</DayTime>
  <Position>
    <X>-2445.10229</X>
    <Y>-224.642334</Y>
    <Z>17.21843</Z>
  </Position>
  <Rotation>
    <X>1.53267765</X>
    <Y>0.379466861</Y>
    <Z>62.75512</Z>
  </Rotation>
</Screenshot>