<?xml version="1.0" encoding="utf-8"?>
<Screenshot xmlns:xsd="http://www.w3.org/2001/XMLSchema" xmlns:xsi="http://www.w3.org/2001/XMLSchema-instance">
  <Cars />
  <MyCar>
    <Position>
      <X>-2445.21777</X>
      <Y>-224.575043</Y>
      <Z>16.3234844</Z>
    </Position>
    <Rotation>
      <X>1.63539612</X>
      <Y>0.165591225</Y>
      <Z>62.6867752</Z>
    </Rotation>
    <Handle>663810</Handle>
    <Bounds>
      <Vector3>
        <X>-2443.434</X>
        <Y>-226.648132</Y>
        <Z>15.5257893</Z>
      </Vector3>
      <Vector3>
        <X>-2442.49683</X>
        <Y>-224.833145</Y>
        <Z>15.5198851</Z>
      </Vector3>
      <Vector3>
        <X>-2447.97729</X>
        <Y>-224.301392</Y>
        <Z>15.6717834</Z>
      </Vector3>
      <Vector3>
        <X>-2443.39526</X>
        <Y>-226.663452</Y>
        <Z>16.9810886</Z>
      </Vector3>
      <Vector3>
        <X>-2447.04</X>
        <Y>-222.48642</Y>
        <Z>15.66588</Z>
      </Vector3>
      <Vector3>
        <X>-2442.458</X>
        <Y>-224.84848</Y>
        <Z>16.9751854</Z>
      </Vector3>
      <Vector3>
        <X>-2447.93848</X>
        <Y>-224.316727</Y>
        <Z>17.1270828</Z>
      </Vector3>
      <Vector3>
        <X>-2447.00122</X>
        <Y>-222.50174</Y>
        <Z>17.12118</Z>
      </Vector3>
    </Bounds>
    <CenterCamPosition>
      <X>0</X>
      <Y>0</Y>
    </CenterCamPosition>
    <ScreenBounds />
    <DistanceToCam>0</DistanceToCam>
    <Speed>8.754194</Speed>
    <AccInput>0</AccInput>
    <RPM>1.35798967</RPM>
    <Gear>0</Gear>
    <SteeringAngle>5.853084E-41</SteeringAngle>
    <WheelSpeed>0</WheelSpeed>
    <CarType>Sports</CarType>
  </MyCar>
  <Peds />
  <Time>140721</Time>
  <LastFrameTime>0.0187556427</LastFrameTime>
  <MyProperty>0</MyProperty>
  <Weather>Clear</Weather>
  <Steering>127</Steering>
  <Acc>175</Acc>
  <Brake>169</Brake>
  <DayTime>15:16:13</DayTime>
  <Position>
    <X>-2446.11377</X>
    <Y>-224.109985</Y>
    <Z>17.252573</Z>
  </Position>
  <Rotation>
    <X>1.14954436</X>
    <Y>0.663701</Y>
    <Z>62.7096443</Z>
  </Rotation>
</Screenshot>