<?xml version="1.0" encoding="utf-8"?>
<Screenshot xmlns:xsd="http://www.w3.org/2001/XMLSchema" xmlns:xsi="http://www.w3.org/2001/XMLSchema-instance">
  <Cars />
  <MyCar>
    <Position>
      <X>-2445.583</X>
      <Y>-224.3856</Y>
      <Z>16.33556</Z>
    </Position>
    <Rotation>
      <X>1.62518108</X>
      <Y>0.151990831</Y>
      <Z>62.66464</Z>
    </Rotation>
    <Handle>663810</Handle>
    <Bounds>
      <Vector3>
        <X>-2443.8</X>
        <Y>-226.459274</Y>
        <Z>15.5380735</Z>
      </Vector3>
      <Vector3>
        <X>-2442.862</X>
        <Y>-224.644653</Y>
        <Z>15.5326548</Z>
      </Vector3>
      <Vector3>
        <X>-2448.34229</X>
        <Y>-224.110809</Y>
        <Z>15.683156</Z>
      </Vector3>
      <Vector3>
        <X>-2443.76147</X>
        <Y>-226.474808</Y>
        <Z>16.9933815</Z>
      </Vector3>
      <Vector3>
        <X>-2447.4043</X>
        <Y>-222.296188</Y>
        <Z>15.6777372</Z>
      </Vector3>
      <Vector3>
        <X>-2442.82349</X>
        <Y>-224.660187</Y>
        <Z>16.9879627</Z>
      </Vector3>
      <Vector3>
        <X>-2448.304</X>
        <Y>-224.126343</Y>
        <Z>17.138464</Z>
      </Vector3>
      <Vector3>
        <X>-2447.366</X>
        <Y>-222.311722</Y>
        <Z>17.1330452</Z>
      </Vector3>
    </Bounds>
    <CenterCamPosition>
      <X>0</X>
      <Y>0</Y>
    </CenterCamPosition>
    <ScreenBounds />
    <DistanceToCam>0</DistanceToCam>
    <Speed>8.76335049</Speed>
    <AccInput>0</AccInput>
    <RPM>1.35798967</RPM>
    <Gear>0</Gear>
    <SteeringAngle>5.853084E-41</SteeringAngle>
    <WheelSpeed>0</WheelSpeed>
    <CarType>Sports</CarType>
  </MyCar>
  <Peds />
  <Time>140768</Time>
  <LastFrameTime>0.04697118</LastFrameTime>
  <MyProperty>0</MyProperty>
  <Weather>Clear</Weather>
  <Steering>127</Steering>
  <Acc>175</Acc>
  <Brake>169</Brake>
  <DayTime>15:16:13</DayTime>
  <Position>
    <X>-2446.25952</X>
    <Y>-224.034027</Y>
    <Z>17.25736</Z>
  </Position>
  <Rotation>
    <X>1.13547242</X>
    <Y>0.665460348</Y>
    <Z>62.69996</Z>
  </Rotation>
</Screenshot>