<?xml version="1.0" encoding="utf-8"?>
<Screenshot xmlns:xsd="http://www.w3.org/2001/XMLSchema" xmlns:xsi="http://www.w3.org/2001/XMLSchema-instance">
  <Cars />
  <MyCar>
    <Position>
      <X>-2445.07227</X>
      <Y>-224.6507</Y>
      <Z>16.318409</Z>
    </Position>
    <Rotation>
      <X>1.64946723</X>
      <Y>0.163834646</Y>
      <Z>62.69634</Z>
    </Rotation>
    <Handle>663810</Handle>
    <Bounds>
      <Vector3>
        <X>-2443.28857</X>
        <Y>-226.723373</Y>
        <Z>15.52006</Z>
      </Vector3>
      <Vector3>
        <X>-2442.35156</X>
        <Y>-224.908234</Y>
        <Z>15.5142183</Z>
      </Vector3>
      <Vector3>
        <X>-2447.832</X>
        <Y>-224.377411</Y>
        <Z>15.66731</Z>
      </Vector3>
      <Vector3>
        <X>-2443.24927</X>
        <Y>-226.738892</Y>
        <Z>16.97535</Z>
      </Vector3>
      <Vector3>
        <X>-2446.895</X>
        <Y>-222.562271</Y>
        <Z>15.6614685</Z>
      </Vector3>
      <Vector3>
        <X>-2442.31226</X>
        <Y>-224.923767</Y>
        <Z>16.9695072</Z>
      </Vector3>
      <Vector3>
        <X>-2447.793</X>
        <Y>-224.392944</Y>
        <Z>17.1225986</Z>
      </Vector3>
      <Vector3>
        <X>-2446.856</X>
        <Y>-222.5778</Y>
        <Z>17.1167583</Z>
      </Vector3>
    </Bounds>
    <CenterCamPosition>
      <X>0</X>
      <Y>0</Y>
    </CenterCamPosition>
    <ScreenBounds />
    <DistanceToCam>0</DistanceToCam>
    <Speed>8.750826</Speed>
    <AccInput>0</AccInput>
    <RPM>1.35798967</RPM>
    <Gear>0</Gear>
    <SteeringAngle>5.853084E-41</SteeringAngle>
    <WheelSpeed>0</WheelSpeed>
    <CarType>Sports</CarType>
  </MyCar>
  <Peds />
  <Time>140702</Time>
  <LastFrameTime>0.04806872</LastFrameTime>
  <MyProperty>0</MyProperty>
  <Weather>Clear</Weather>
  <Steering>127</Steering>
  <Acc>175</Acc>
  <Brake>169</Brake>
  <DayTime>15:16:13</DayTime>
  <Position>
    <X>-2445.74048</X>
    <Y>-224.3055</Y>
    <Z>17.2404861</Z>
  </Position>
  <Rotation>
    <X>1.23271191</X>
    <Y>0.6260748</Y>
    <Z>62.7335358</Z>
  </Rotation>
</Screenshot>