<?xml version="1.0" encoding="utf-8"?>
<Screenshot xmlns:xsd="http://www.w3.org/2001/XMLSchema" xmlns:xsi="http://www.w3.org/2001/XMLSchema-instance">
  <Cars />
  <MyCar>
    <Position>
      <X>-2445.734</X>
      <Y>-224.307327</Y>
      <Z>16.3404713</Z>
    </Position>
    <Rotation>
      <X>1.62695074</X>
      <Y>0.148105651</Y>
      <Z>62.6568069</Z>
    </Rotation>
    <Handle>663810</Handle>
    <Bounds>
      <Vector3>
        <X>-2443.95117</X>
        <Y>-226.38118</Y>
        <Z>15.5428371</Z>
      </Vector3>
      <Vector3>
        <X>-2443.013</X>
        <Y>-224.5667</Y>
        <Z>15.5375576</Z>
      </Vector3>
      <Vector3>
        <X>-2448.49316</X>
        <Y>-224.0321</Y>
        <Z>15.6880779</Z>
      </Vector3>
      <Vector3>
        <X>-2443.9126</X>
        <Y>-226.39682</Y>
        <Z>16.9981441</Z>
      </Vector3>
      <Vector3>
        <X>-2447.555</X>
        <Y>-222.2176</Y>
        <Z>15.6827984</Z>
      </Vector3>
      <Vector3>
        <X>-2442.97437</X>
        <Y>-224.582336</Y>
        <Z>16.9928627</Z>
      </Vector3>
      <Vector3>
        <X>-2448.45483</X>
        <Y>-224.047745</Y>
        <Z>17.1433849</Z>
      </Vector3>
      <Vector3>
        <X>-2447.5166</X>
        <Y>-222.233261</Y>
        <Z>17.1381054</Z>
      </Vector3>
    </Bounds>
    <CenterCamPosition>
      <X>0</X>
      <Y>0</Y>
    </CenterCamPosition>
    <ScreenBounds />
    <DistanceToCam>0</DistanceToCam>
    <Speed>8.766765</Speed>
    <AccInput>0</AccInput>
    <RPM>1.35798967</RPM>
    <Gear>0</Gear>
    <SteeringAngle>5.853084E-41</SteeringAngle>
    <WheelSpeed>0</WheelSpeed>
    <CarType>Sports</CarType>
  </MyCar>
  <Peds />
  <Time>140787</Time>
  <LastFrameTime>0.0194156561</LastFrameTime>
  <MyProperty>0</MyProperty>
  <Weather>Clear</Weather>
  <Steering>127</Steering>
  <Acc>175</Acc>
  <Brake>169</Brake>
  <DayTime>15:16:13</DayTime>
  <Position>
    <X>-2446.62476</X>
    <Y>-223.844315</Y>
    <Z>17.269228</Z>
  </Position>
  <Rotation>
    <X>1.12525392</X>
    <Y>0.6518652</Y>
    <Z>62.677433</Z>
  </Rotation>
</Screenshot>