<?xml version="1.0" encoding="utf-8"?>
<Screenshot xmlns:xsd="http://www.w3.org/2001/XMLSchema" xmlns:xsi="http://www.w3.org/2001/XMLSchema-instance">
  <Cars />
  <MyCar>
    <Position>
      <X>-2446.50073</X>
      <Y>-223.9103</Y>
      <Z>16.3653812</Z>
    </Position>
    <Rotation>
      <X>1.63296759</X>
      <Y>0.129786879</Y>
      <Z>62.63563</Z>
    </Rotation>
    <Handle>663810</Handle>
    <Bounds>
      <Vector3>
        <X>-2444.71875</X>
        <Y>-225.984543</Y>
        <Z>15.5671539</Z>
      </Vector3>
      <Vector3>
        <X>-2443.77979</X>
        <Y>-224.1704</Y>
        <Z>15.5625267</Z>
      </Vector3>
      <Vector3>
        <X>-2449.26</X>
        <Y>-223.633835</Y>
        <Z>15.7129316</Z>
      </Vector3>
      <Vector3>
        <X>-2444.68042</X>
        <Y>-226.000687</Y>
        <Z>17.0224571</Z>
      </Vector3>
      <Vector3>
        <X>-2448.321</X>
        <Y>-221.819687</Y>
        <Z>15.7083044</Z>
      </Vector3>
      <Vector3>
        <X>-2443.74146</X>
        <Y>-224.186539</Y>
        <Z>17.01783</Z>
      </Vector3>
      <Vector3>
        <X>-2449.22144</X>
        <Y>-223.649979</Y>
        <Z>17.1682358</Z>
      </Vector3>
      <Vector3>
        <X>-2448.28271</X>
        <Y>-221.835831</Y>
        <Z>17.1636086</Z>
      </Vector3>
    </Bounds>
    <CenterCamPosition>
      <X>0</X>
      <Y>0</Y>
    </CenterCamPosition>
    <ScreenBounds />
    <DistanceToCam>0</DistanceToCam>
    <Speed>8.779958</Speed>
    <AccInput>0</AccInput>
    <RPM>1.35798967</RPM>
    <Gear>0</Gear>
    <SteeringAngle>5.853084E-41</SteeringAngle>
    <WheelSpeed>0</WheelSpeed>
    <CarType>Sports</CarType>
  </MyCar>
  <Peds />
  <Time>140886</Time>
  <LastFrameTime>0.0485881679</LastFrameTime>
  <MyProperty>0</MyProperty>
  <Weather>Clear</Weather>
  <Steering>127</Steering>
  <Acc>175</Acc>
  <Brake>169</Brake>
  <DayTime>15:16:13</DayTime>
  <Position>
    <X>-2447.16357</X>
    <Y>-223.564865</Y>
    <Z>17.2868767</Z>
  </Position>
  <Rotation>
    <X>1.131496</X>
    <Y>0.636771441</Y>
    <Z>62.65589</Z>
  </Rotation>
</Screenshot>