<?xml version="1.0" encoding="utf-8"?>
<Screenshot xmlns:xsd="http://www.w3.org/2001/XMLSchema" xmlns:xsi="http://www.w3.org/2001/XMLSchema-instance">
  <Cars />
  <MyCar>
    <Position>
      <X>-2446.122</X>
      <Y>-224.106277</Y>
      <Z>16.35308</Z>
    </Position>
    <Rotation>
      <X>1.6314261</X>
      <Y>0.136895686</Y>
      <Z>62.64331</Z>
    </Rotation>
    <Handle>663810</Handle>
    <Bounds>
      <Vector3>
        <X>-2444.33984</X>
        <Y>-226.180389</Y>
        <Z>15.5550489</Z>
      </Vector3>
      <Vector3>
        <X>-2443.40112</X>
        <Y>-224.366119</Y>
        <Z>15.550168</Z>
      </Vector3>
      <Vector3>
        <X>-2448.88135</X>
        <Y>-223.830261</Y>
        <Z>15.7006893</Z>
      </Vector3>
      <Vector3>
        <X>-2444.30151</X>
        <Y>-226.19635</Y>
        <Z>17.0103531</Z>
      </Vector3>
      <Vector3>
        <X>-2447.94263</X>
        <Y>-222.015991</Y>
        <Z>15.6958084</Z>
      </Vector3>
      <Vector3>
        <X>-2443.36279</X>
        <Y>-224.38208</Y>
        <Z>17.0054722</Z>
      </Vector3>
      <Vector3>
        <X>-2448.84277</X>
        <Y>-223.846222</Y>
        <Z>17.1559925</Z>
      </Vector3>
      <Vector3>
        <X>-2447.9043</X>
        <Y>-222.031952</Y>
        <Z>17.1511116</Z>
      </Vector3>
    </Bounds>
    <CenterCamPosition>
      <X>0</X>
      <Y>0</Y>
    </CenterCamPosition>
    <ScreenBounds />
    <DistanceToCam>0</DistanceToCam>
    <Speed>8.774195</Speed>
    <AccInput>0</AccInput>
    <RPM>1.35798967</RPM>
    <Gear>0</Gear>
    <SteeringAngle>5.853084E-41</SteeringAngle>
    <WheelSpeed>0</WheelSpeed>
    <CarType>Sports</CarType>
  </MyCar>
  <Peds />
  <Time>140837</Time>
  <LastFrameTime>0.0498635136</LastFrameTime>
  <MyProperty>0</MyProperty>
  <Weather>Clear</Weather>
  <Steering>127</Steering>
  <Acc>175</Acc>
  <Brake>169</Brake>
  <DayTime>15:16:13</DayTime>
  <Position>
    <X>-2446.77563</X>
    <Y>-223.765961</Y>
    <Z>17.2741756</Z>
  </Position>
  <Rotation>
    <X>1.12702274</X>
    <Y>0.647980154</Y>
    <Z>62.66955</Z>
  </Rotation>
</Screenshot>