<?xml version="1.0" encoding="utf-8"?>
<Screenshot xmlns:xsd="http://www.w3.org/2001/XMLSchema" xmlns:xsi="http://www.w3.org/2001/XMLSchema-instance">
  <Cars />
  <MyCar>
    <Position>
      <X>-2447.153</X>
      <Y>-223.572525</Y>
      <Z>16.386591</Z>
    </Position>
    <Rotation>
      <X>1.63397241</X>
      <Y>0.118699357</Y>
      <Z>62.62796</Z>
    </Rotation>
    <Handle>663810</Handle>
    <Bounds>
      <Vector3>
        <X>-2445.37134</X>
        <Y>-225.646866</Y>
        <Z>15.5881214</Z>
      </Vector3>
      <Vector3>
        <X>-2444.43213</X>
        <Y>-223.832855</Y>
        <Z>15.583889</Z>
      </Vector3>
      <Vector3>
        <X>-2449.912</X>
        <Y>-223.295578</Y>
        <Z>15.7339888</Z>
      </Vector3>
      <Vector3>
        <X>-2445.333</X>
        <Y>-225.663269</Y>
        <Z>17.0434246</Z>
      </Vector3>
      <Vector3>
        <X>-2448.973</X>
        <Y>-221.481552</Y>
        <Z>15.7297573</Z>
      </Vector3>
      <Vector3>
        <X>-2444.3938</X>
        <Y>-223.849258</Y>
        <Z>17.0391922</Z>
      </Vector3>
      <Vector3>
        <X>-2449.874</X>
        <Y>-223.311981</Y>
        <Z>17.1892929</Z>
      </Vector3>
      <Vector3>
        <X>-2448.93481</X>
        <Y>-221.497971</Y>
        <Z>17.18506</Z>
      </Vector3>
    </Bounds>
    <CenterCamPosition>
      <X>0</X>
      <Y>0</Y>
    </CenterCamPosition>
    <ScreenBounds />
    <DistanceToCam>0</DistanceToCam>
    <Speed>8.787382</Speed>
    <AccInput>0</AccInput>
    <RPM>1.35798967</RPM>
    <Gear>0</Gear>
    <SteeringAngle>5.853084E-41</SteeringAngle>
    <WheelSpeed>0</WheelSpeed>
    <CarType>Sports</CarType>
  </MyCar>
  <Peds />
  <Time>140969</Time>
  <LastFrameTime>0.0487157032</LastFrameTime>
  <MyProperty>0</MyProperty>
  <Weather>Clear</Weather>
  <Steering>127</Steering>
  <Acc>175</Acc>
  <Brake>169</Brake>
  <DayTime>15:16:13</DayTime>
  <Position>
    <X>-2447.8147</X>
    <Y>-223.227753</Y>
    <Z>17.308094</Z>
  </Position>
  <Rotation>
    <X>1.13368249</X>
    <Y>0.6251748</Y>
    <Z>62.64428</Z>
  </Rotation>
</Screenshot>