<?xml version="1.0" encoding="utf-8"?>
<Screenshot xmlns:xsd="http://www.w3.org/2001/XMLSchema" xmlns:xsi="http://www.w3.org/2001/XMLSchema-instance">
  <Cars />
  <MyCar>
    <Position>
      <X>-2447.29077</X>
      <Y>-223.5013</Y>
      <Z>16.3910789</Z>
    </Position>
    <Rotation>
      <X>1.63424182</X>
      <Y>0.116891317</Y>
      <Z>62.62681</Z>
    </Rotation>
    <Handle>663810</Handle>
    <Bounds>
      <Vector3>
        <X>-2445.509</X>
        <Y>-225.575653</Y>
        <Z>15.5925655</Z>
      </Vector3>
      <Vector3>
        <X>-2444.56982</X>
        <Y>-223.761658</Y>
        <Z>15.588398</Z>
      </Vector3>
      <Vector3>
        <X>-2450.0498</X>
        <Y>-223.224274</Y>
        <Z>15.7384567</Z>
      </Vector3>
      <Vector3>
        <X>-2445.4707</X>
        <Y>-225.5921</Y>
        <Z>17.0478687</Z>
      </Vector3>
      <Vector3>
        <X>-2449.1106</X>
        <Y>-221.410278</Y>
        <Z>15.7342892</Z>
      </Vector3>
      <Vector3>
        <X>-2444.53149</X>
        <Y>-223.7781</Y>
        <Z>17.0437012</Z>
      </Vector3>
      <Vector3>
        <X>-2450.01172</X>
        <Y>-223.240723</Y>
        <Z>17.19376</Z>
      </Vector3>
      <Vector3>
        <X>-2449.07251</X>
        <Y>-221.426727</Y>
        <Z>17.1895924</Z>
      </Vector3>
    </Bounds>
    <CenterCamPosition>
      <X>0</X>
      <Y>0</Y>
    </CenterCamPosition>
    <ScreenBounds />
    <DistanceToCam>0</DistanceToCam>
    <Speed>8.788634</Speed>
    <AccInput>0</AccInput>
    <RPM>1.35798967</RPM>
    <Gear>0</Gear>
    <SteeringAngle>5.853084E-41</SteeringAngle>
    <WheelSpeed>0</WheelSpeed>
    <CarType>Sports</CarType>
  </MyCar>
  <Peds />
  <Time>140987</Time>
  <LastFrameTime>0.01763762</LastFrameTime>
  <MyProperty>0</MyProperty>
  <Weather>Clear</Weather>
  <Steering>127</Steering>
  <Acc>175</Acc>
  <Brake>169</Brake>
  <DayTime>15:16:13</DayTime>
  <Position>
    <X>-2448.19458</X>
    <Y>-223.031113</Y>
    <Z>17.32044</Z>
  </Position>
  <Rotation>
    <X>1.13403845</X>
    <Y>0.6185781</Y>
    <Z>62.6402</Z>
  </Rotation>
</Screenshot>