<?xml version="1.0" encoding="utf-8"?>
<Screenshot xmlns:xsd="http://www.w3.org/2001/XMLSchema" xmlns:xsi="http://www.w3.org/2001/XMLSchema-instance">
  <Cars />
  <MyCar>
    <Position>
      <X>-2446.77319</X>
      <Y>-223.7692</Y>
      <Z>16.3742523</Z>
    </Position>
    <Rotation>
      <X>1.633615</X>
      <Y>0.125297338</Y>
      <Z>62.63191</Z>
    </Rotation>
    <Handle>663810</Handle>
    <Bounds>
      <Vector3>
        <X>-2444.99121</X>
        <Y>-225.8435</Y>
        <Z>15.5759163</Z>
      </Vector3>
      <Vector3>
        <X>-2444.05225</X>
        <Y>-224.029419</Y>
        <Z>15.5714493</Z>
      </Vector3>
      <Vector3>
        <X>-2449.53223</X>
        <Y>-223.492508</Y>
        <Z>15.7217522</Z>
      </Vector3>
      <Vector3>
        <X>-2444.953</X>
        <Y>-225.859756</Y>
        <Z>17.03122</Z>
      </Vector3>
      <Vector3>
        <X>-2448.59326</X>
        <Y>-221.678421</Y>
        <Z>15.7172852</Z>
      </Vector3>
      <Vector3>
        <X>-2444.014</X>
        <Y>-224.04567</Y>
        <Z>17.0267525</Z>
      </Vector3>
      <Vector3>
        <X>-2449.494</X>
        <Y>-223.508759</Y>
        <Z>17.1770554</Z>
      </Vector3>
      <Vector3>
        <X>-2448.555</X>
        <Y>-221.694672</Y>
        <Z>17.1725883</Z>
      </Vector3>
    </Bounds>
    <CenterCamPosition>
      <X>0</X>
      <Y>0</Y>
    </CenterCamPosition>
    <ScreenBounds />
    <DistanceToCam>0</DistanceToCam>
    <Speed>8.783437</Speed>
    <AccInput>0</AccInput>
    <RPM>1.35798967</RPM>
    <Gear>0</Gear>
    <SteeringAngle>5.853084E-41</SteeringAngle>
    <WheelSpeed>0</WheelSpeed>
    <CarType>Sports</CarType>
  </MyCar>
  <Peds />
  <Time>140921</Time>
  <LastFrameTime>0.03496773</LastFrameTime>
  <MyProperty>0</MyProperty>
  <Weather>Clear</Weather>
  <Steering>127</Steering>
  <Acc>175</Acc>
  <Brake>169</Brake>
  <DayTime>15:16:13</DayTime>
  <Position>
    <X>-2447.54224</X>
    <Y>-223.368851</Y>
    <Z>17.29921</Z>
  </Position>
  <Rotation>
    <X>1.13303566</X>
    <Y>0.6296637</Y>
    <Z>62.6480751</Z>
  </Rotation>
</Screenshot>