<?xml version="1.0" encoding="utf-8"?>
<Screenshot xmlns:xsd="http://www.w3.org/2001/XMLSchema" xmlns:xsi="http://www.w3.org/2001/XMLSchema-instance">
  <Cars />
  <MyCar>
    <Position>
      <X>-2447.93677</X>
      <Y>-223.167038</Y>
      <Z>16.4121265</Z>
    </Position>
    <Rotation>
      <X>1.63187158</X>
      <Y>0.102270588</Y>
      <Z>62.6213646</Z>
    </Rotation>
    <Handle>663810</Handle>
    <Bounds>
      <Vector3>
        <X>-2446.155</X>
        <Y>-225.2414</Y>
        <Z>15.6134567</Z>
      </Vector3>
      <Vector3>
        <X>-2445.21582</X>
        <Y>-223.42749</Y>
        <Z>15.6098108</Z>
      </Vector3>
      <Vector3>
        <X>-2450.6958</X>
        <Y>-222.889618</Y>
        <Z>15.7591372</Z>
      </Vector3>
      <Vector3>
        <X>-2446.11719</X>
        <Y>-225.258148</Y>
        <Z>17.0687618</Z>
      </Vector3>
      <Vector3>
        <X>-2449.75635</X>
        <Y>-221.0757</Y>
        <Z>15.75549</Z>
      </Vector3>
      <Vector3>
        <X>-2445.17773</X>
        <Y>-223.444244</Y>
        <Z>17.0651169</Z>
      </Vector3>
      <Vector3>
        <X>-2450.65771</X>
        <Y>-222.906372</Y>
        <Z>17.2144413</Z>
      </Vector3>
      <Vector3>
        <X>-2449.71826</X>
        <Y>-221.092468</Y>
        <Z>17.2107964</Z>
      </Vector3>
    </Bounds>
    <CenterCamPosition>
      <X>0</X>
      <Y>0</Y>
    </CenterCamPosition>
    <ScreenBounds />
    <DistanceToCam>0</DistanceToCam>
    <Speed>8.79317</Speed>
    <AccInput>0</AccInput>
    <RPM>1.35798967</RPM>
    <Gear>0</Gear>
    <SteeringAngle>5.853084E-41</SteeringAngle>
    <WheelSpeed>0</WheelSpeed>
    <CarType>Sports</CarType>
  </MyCar>
  <Peds />
  <Time>141070</Time>
  <LastFrameTime>0.03226189</LastFrameTime>
  <MyProperty>0</MyProperty>
  <Weather>Clear</Weather>
  <Steering>127</Steering>
  <Acc>175</Acc>
  <Brake>169</Brake>
  <DayTime>15:16:13</DayTime>
  <Position>
    <X>-2448.72656</X>
    <Y>-222.756088</Y>
    <Z>17.337738</Z>
  </Position>
  <Rotation>
    <X>1.131445</X>
    <Y>0.603592336</Y>
    <Z>62.63501</Z>
  </Rotation>
</Screenshot>