<?xml version="1.0" encoding="utf-8"?>
<Screenshot xmlns:xsd="http://www.w3.org/2001/XMLSchema" xmlns:xsi="http://www.w3.org/2001/XMLSchema-instance">
  <Cars />
  <MyCar>
    <Position>
      <X>-2447.68481</X>
      <Y>-223.2974</Y>
      <Z>16.4039421</Z>
    </Position>
    <Rotation>
      <X>1.63138247</X>
      <Y>0.103710055</Y>
      <Z>62.6230927</Z>
    </Rotation>
    <Handle>663810</Handle>
    <Bounds>
      <Vector3>
        <X>-2445.903</X>
        <Y>-225.371719</Y>
        <Z>15.60532</Z>
      </Vector3>
      <Vector3>
        <X>-2444.96387</X>
        <Y>-223.557785</Y>
        <Z>15.6016216</Z>
      </Vector3>
      <Vector3>
        <X>-2450.44385</X>
        <Y>-223.020065</Y>
        <Z>15.7509556</Z>
      </Vector3>
      <Vector3>
        <X>-2445.865</X>
        <Y>-225.388443</Y>
        <Z>17.0606251</Z>
      </Vector3>
      <Vector3>
        <X>-2449.50439</X>
        <Y>-221.206131</Y>
        <Z>15.7472582</Z>
      </Vector3>
      <Vector3>
        <X>-2444.92578</X>
        <Y>-223.5745</Y>
        <Z>17.0569286</Z>
      </Vector3>
      <Vector3>
        <X>-2450.40576</X>
        <Y>-223.036789</Y>
        <Z>17.2062626</Z>
      </Vector3>
      <Vector3>
        <X>-2449.46655</X>
        <Y>-221.222855</Y>
        <Z>17.2025642</Z>
      </Vector3>
    </Bounds>
    <CenterCamPosition>
      <X>0</X>
      <Y>0</Y>
    </CenterCamPosition>
    <ScreenBounds />
    <DistanceToCam>0</DistanceToCam>
    <Speed>8.791495</Speed>
    <AccInput>0</AccInput>
    <RPM>1.35798967</RPM>
    <Gear>0</Gear>
    <SteeringAngle>5.853084E-41</SteeringAngle>
    <WheelSpeed>0</WheelSpeed>
    <CarType>Sports</CarType>
  </MyCar>
  <Peds />
  <Time>141037</Time>
  <LastFrameTime>0.0302818455</LastFrameTime>
  <MyProperty>0</MyProperty>
  <Weather>Clear</Weather>
  <Steering>127</Steering>
  <Acc>175</Acc>
  <Brake>169</Brake>
  <DayTime>15:16:13</DayTime>
  <Position>
    <X>-2448.49</X>
    <Y>-222.878342</Y>
    <Z>17.3300552</Z>
  </Position>
  <Rotation>
    <X>1.131278</X>
    <Y>0.6094903</Y>
    <Z>62.6372643</Z>
  </Rotation>
</Screenshot>