<?xml version="1.0" encoding="utf-8"?>
<Screenshot xmlns:xsd="http://www.w3.org/2001/XMLSchema" xmlns:xsi="http://www.w3.org/2001/XMLSchema-instance">
  <Cars />
  <MyCar>
    <Position>
      <X>-2447.44849</X>
      <Y>-223.4197</Y>
      <Z>16.3962612</Z>
    </Position>
    <Rotation>
      <X>1.6312139</X>
      <Y>0.109609164</Y>
      <Z>62.6252365</Z>
    </Rotation>
    <Handle>663810</Handle>
    <Bounds>
      <Vector3>
        <X>-2445.66675</X>
        <Y>-225.494019</Y>
        <Z>15.5977516</Z>
      </Vector3>
      <Vector3>
        <X>-2444.72754</X>
        <Y>-223.680054</Y>
        <Z>15.5938435</Z>
      </Vector3>
      <Vector3>
        <X>-2450.20752</X>
        <Y>-223.142532</Y>
        <Z>15.7433729</Z>
      </Vector3>
      <Vector3>
        <X>-2445.62866</X>
        <Y>-225.5106</Y>
        <Z>17.0530567</Z>
      </Vector3>
      <Vector3>
        <X>-2449.26831</X>
        <Y>-221.328568</Y>
        <Z>15.7394648</Z>
      </Vector3>
      <Vector3>
        <X>-2444.68945</X>
        <Y>-223.69664</Y>
        <Z>17.0491486</Z>
      </Vector3>
      <Vector3>
        <X>-2450.16943</X>
        <Y>-223.159119</Y>
        <Z>17.198679</Z>
      </Vector3>
      <Vector3>
        <X>-2449.23022</X>
        <Y>-221.345139</Y>
        <Z>17.19477</Z>
      </Vector3>
    </Bounds>
    <CenterCamPosition>
      <X>0</X>
      <Y>0</Y>
    </CenterCamPosition>
    <ScreenBounds />
    <DistanceToCam>0</DistanceToCam>
    <Speed>8.789958</Speed>
    <AccInput>0</AccInput>
    <RPM>1.35798967</RPM>
    <Gear>0</Gear>
    <SteeringAngle>5.853084E-41</SteeringAngle>
    <WheelSpeed>0</WheelSpeed>
    <CarType>Sports</CarType>
  </MyCar>
  <Peds />
  <Time>141007</Time>
  <LastFrameTime>0.0202047564</LastFrameTime>
  <MyProperty>0</MyProperty>
  <Weather>Clear</Weather>
  <Steering>127</Steering>
  <Acc>175</Acc>
  <Brake>169</Brake>
  <DayTime>15:16:13</DayTime>
  <Position>
    <X>-2448.33228</X>
    <Y>-222.959885</Y>
    <Z>17.324934</Z>
  </Position>
  <Rotation>
    <X>1.13430762</X>
    <Y>0.616770446</Y>
    <Z>62.63902</Z>
  </Rotation>
</Screenshot>