<?xml version="1.0" encoding="utf-8"?>
<Screenshot xmlns:xsd="http://www.w3.org/2001/XMLSchema" xmlns:xsi="http://www.w3.org/2001/XMLSchema-instance">
  <Cars />
  <MyCar>
    <Position>
      <X>-3145.80786</X>
      <Y>968.9676</Y>
      <Z>14.9478216</Z>
    </Position>
    <Rotation>
      <X>3.147916</X>
      <Y>-0.102278836</Y>
      <Z>-11.2279835</Z>
    </Rotation>
    <Handle>1538</Handle>
    <Bounds>
      <Vector3>
        <X>-3147.29761</X>
        <Y>966.7003</Y>
        <Z>14.0786905</Z>
      </Vector3>
      <Vector3>
        <X>-3145.294</X>
        <Y>966.302551</Y>
        <Z>14.0823374</Z>
      </Vector3>
      <Vector3>
        <X>-3146.30347</X>
        <Y>971.7105</Y>
        <Z>14.3596077</Z>
      </Vector3>
      <Vector3>
        <X>-3147.31567</X>
        <Y>966.6224</Y>
        <Z>15.5323887</Z>
      </Vector3>
      <Vector3>
        <X>-3144.2998</X>
        <Y>971.312744</Y>
        <Z>14.3632536</Z>
      </Vector3>
      <Vector3>
        <X>-3145.312</X>
        <Y>966.2246</Y>
        <Z>15.5360355</Z>
      </Vector3>
      <Vector3>
        <X>-3146.32153</X>
        <Y>971.632568</Y>
        <Z>15.8133059</Z>
      </Vector3>
      <Vector3>
        <X>-3144.31787</X>
        <Y>971.234863</Y>
        <Z>15.8169518</Z>
      </Vector3>
    </Bounds>
    <CenterCamPosition>
      <X>0</X>
      <Y>0</Y>
    </CenterCamPosition>
    <ScreenBounds />
    <DistanceToCam>0</DistanceToCam>
    <Speed>9.838614</Speed>
    <AccInput>0.236601353</AccInput>
    <RPM>0.3933767</RPM>
    <Gear>2</Gear>
    <SteeringAngle>-0.572770357</SteeringAngle>
    <WheelSpeed>0</WheelSpeed>
    <CarType>Sports</CarType>
  </MyCar>
  <Peds />
  <Time>100095</Time>
  <LastFrameTime>0.0291322265</LastFrameTime>
  <MyProperty>0</MyProperty>
  <Weather>ExtraSunny</Weather>
  <Steering>127</Steering>
  <Acc>157</Acc>
  <Brake>127</Brake>
  <DayTime>06:52:16</DayTime>
  <Position>
    <X>-3145.64453</X>
    <Y>969.816</Y>
    <Z>15.8971605</Z>
  </Position>
  <Rotation>
    <X>2.565436</X>
    <Y>0.353267819</Y>
    <Z>-11.117383</Z>
  </Rotation>
</Screenshot>