<?xml version="1.0" encoding="utf-8"?>
<Screenshot xmlns:xsd="http://www.w3.org/2001/XMLSchema" xmlns:xsi="http://www.w3.org/2001/XMLSchema-instance">
  <Cars />
  <MyCar>
    <Position>
      <X>-3145.86377</X>
      <Y>968.686951</Y>
      <Z>14.9342794</Z>
    </Position>
    <Rotation>
      <X>3.06543612</X>
      <Y>-0.146732152</Y>
      <Z>-11.117384</Z>
    </Rotation>
    <Handle>1538</Handle>
    <Bounds>
      <Vector3>
        <X>-3147.34863</X>
        <Y>966.4154</Y>
        <Z>14.067977</Z>
      </Vector3>
      <Vector3>
        <X>-3145.34424</X>
        <Y>966.021545</Y>
        <Z>14.0732088</Z>
      </Vector3>
      <Vector3>
        <X>-3146.36426</X>
        <Y>971.428</Y>
        <Z>14.34154</Z>
      </Vector3>
      <Vector3>
        <X>-3147.36743</X>
        <Y>966.3397</Y>
        <Z>15.5217867</Z>
      </Vector3>
      <Vector3>
        <X>-3144.35986</X>
        <Y>971.0341</Y>
        <Z>14.3467722</Z>
      </Vector3>
      <Vector3>
        <X>-3145.363</X>
        <Y>965.945862</Y>
        <Z>15.5270176</Z>
      </Vector3>
      <Vector3>
        <X>-3146.383</X>
        <Y>971.3523</Y>
        <Z>15.79535</Z>
      </Vector3>
      <Vector3>
        <X>-3144.37866</X>
        <Y>970.958435</Y>
        <Z>15.800581</Z>
      </Vector3>
    </Bounds>
    <CenterCamPosition>
      <X>0</X>
      <Y>0</Y>
    </CenterCamPosition>
    <ScreenBounds />
    <DistanceToCam>0</DistanceToCam>
    <Speed>9.818801</Speed>
    <AccInput>0.236601353</AccInput>
    <RPM>0.392786</RPM>
    <Gear>2</Gear>
    <SteeringAngle>-0.757281542</SteeringAngle>
    <WheelSpeed>0</WheelSpeed>
    <CarType>Sports</CarType>
  </MyCar>
  <Peds />
  <Time>100066</Time>
  <LastFrameTime>0.0206063259</LastFrameTime>
  <MyProperty>0</MyProperty>
  <Weather>ExtraSunny</Weather>
  <Steering>127</Steering>
  <Acc>157</Acc>
  <Brake>127</Brake>
  <DayTime>06:52:15</DayTime>
  <Position>
    <X>-3145.686</X>
    <Y>969.6192</Y>
    <Z>15.8864746</Z>
  </Position>
  <Rotation>
    <X>2.50903058</X>
    <Y>0.319878936</Y>
    <Z>-11.0247583</Z>
  </Rotation>
</Screenshot>