<?xml version="1.0" encoding="utf-8"?>
<Screenshot xmlns:xsd="http://www.w3.org/2001/XMLSchema" xmlns:xsi="http://www.w3.org/2001/XMLSchema-instance">
  <Cars />
  <MyCar>
    <Position>
      <X>-3145.903</X>
      <Y>968.4888</Y>
      <Z>14.9247284</Z>
    </Position>
    <Rotation>
      <X>3.00903082</X>
      <Y>-0.180121064</Y>
      <Z>-11.0247583</Z>
    </Rotation>
    <Handle>1538</Handle>
    <Bounds>
      <Vector3>
        <X>-3147.384</X>
        <Y>966.2139</Y>
        <Z>14.0603094</Z>
      </Vector3>
      <Vector3>
        <X>-3145.379</X>
        <Y>965.8233</Y>
        <Z>14.0667305</Z>
      </Vector3>
      <Vector3>
        <X>-3146.408</X>
        <Y>971.228333</Y>
        <Z>14.3288431</Z>
      </Vector3>
      <Vector3>
        <X>-3147.403</X>
        <Y>966.1398</Y>
        <Z>15.5141916</Z>
      </Vector3>
      <Vector3>
        <X>-3144.40283</X>
        <Y>970.8377</Y>
        <Z>14.3352642</Z>
      </Vector3>
      <Vector3>
        <X>-3145.398</X>
        <Y>965.749146</Y>
        <Z>15.5206137</Z>
      </Vector3>
      <Vector3>
        <X>-3146.427</X>
        <Y>971.154236</Y>
        <Z>15.7827253</Z>
      </Vector3>
      <Vector3>
        <X>-3144.42188</X>
        <Y>970.76355</Y>
        <Z>15.7891474</Z>
      </Vector3>
    </Bounds>
    <CenterCamPosition>
      <X>0</X>
      <Y>0</Y>
    </CenterCamPosition>
    <ScreenBounds />
    <DistanceToCam>0</DistanceToCam>
    <Speed>9.804753</Speed>
    <AccInput>0.236601353</AccInput>
    <RPM>0.392075628</RPM>
    <Gear>2</Gear>
    <SteeringAngle>-0.9150225</SteeringAngle>
    <WheelSpeed>0</WheelSpeed>
    <CarType>Sports</CarType>
  </MyCar>
  <Peds />
  <Time>100046</Time>
  <LastFrameTime>0.0289128423</LastFrameTime>
  <MyProperty>0</MyProperty>
  <Weather>ExtraSunny</Weather>
  <Steering>127</Steering>
  <Acc>157</Acc>
  <Brake>127</Brake>
  <DayTime>06:52:14</DayTime>
  <Position>
    <X>-3145.744</X>
    <Y>969.3437</Y>
    <Z>15.8710365</Z>
  </Position>
  <Rotation>
    <X>2.417284</X>
    <Y>0.2856884</Y>
    <Z>-10.8745089</Z>
  </Rotation>
</Screenshot>