<?xml version="1.0" encoding="utf-8"?>
<Screenshot xmlns:xsd="http://www.w3.org/2001/XMLSchema" xmlns:xsi="http://www.w3.org/2001/XMLSchema-instance">
  <Cars />
  <MyCar>
    <Position>
      <X>-3145.95776</X>
      <Y>968.21106</Y>
      <Z>14.9111366</Z>
    </Position>
    <Rotation>
      <X>2.91728425</X>
      <Y>-0.214311615</Y>
      <Z>-10.8745089</Z>
    </Rotation>
    <Handle>1538</Handle>
    <Bounds>
      <Vector3>
        <X>-3147.43237</X>
        <Y>965.9309</Y>
        <Z>14.0501394</Z>
      </Vector3>
      <Vector3>
        <X>-3145.42651</X>
        <Y>965.545532</Y>
        <Z>14.05778</Z>
      </Vector3>
      <Vector3>
        <X>-3146.46948</X>
        <Y>970.9483</Y>
        <Z>14.3104925</Z>
      </Vector3>
      <Vector3>
        <X>-3147.45166</X>
        <Y>965.859131</Y>
        <Z>15.50414</Z>
      </Vector3>
      <Vector3>
        <X>-3144.46362</X>
        <Y>970.5629</Y>
        <Z>14.3181334</Z>
      </Vector3>
      <Vector3>
        <X>-3145.4458</X>
        <Y>965.473755</Y>
        <Z>15.5117807</Z>
      </Vector3>
      <Vector3>
        <X>-3146.48877</X>
        <Y>970.8766</Y>
        <Z>15.764493</Z>
      </Vector3>
      <Vector3>
        <X>-3144.483</X>
        <Y>970.4912</Y>
        <Z>15.7721338</Z>
      </Vector3>
    </Bounds>
    <CenterCamPosition>
      <X>0</X>
      <Y>0</Y>
    </CenterCamPosition>
    <ScreenBounds />
    <DistanceToCam>0</DistanceToCam>
    <Speed>9.78449</Speed>
    <AccInput>0.236601353</AccInput>
    <RPM>0.391333818</RPM>
    <Gear>2</Gear>
    <SteeringAngle>-1.20712113</SteeringAngle>
    <WheelSpeed>0</WheelSpeed>
    <CarType>Sports</CarType>
  </MyCar>
  <Peds />
  <Time>100017</Time>
  <LastFrameTime>0.0200245082</LastFrameTime>
  <MyProperty>0</MyProperty>
  <Weather>ExtraSunny</Weather>
  <Steering>127</Steering>
  <Acc>157</Acc>
  <Brake>127</Brake>
  <DayTime>06:52:13</DayTime>
  <Position>
    <X>-3145.78418</X>
    <Y>969.1532</Y>
    <Z>15.8605776</Z>
  </Position>
  <Rotation>
    <X>2.360051</X>
    <Y>0.256601781</Y>
    <Z>-10.7536154</Z>
  </Rotation>
</Screenshot>