<?xml version="1.0" encoding="utf-8"?>
<Screenshot xmlns:xsd="http://www.w3.org/2001/XMLSchema" xmlns:xsi="http://www.w3.org/2001/XMLSchema-instance">
  <Cars />
  <MyCar>
    <Position>
      <X>-3145.66846</X>
      <Y>969.6602</Y>
      <Z>14.9839821</Z>
    </Position>
    <Rotation>
      <X>3.21266031</X>
      <Y>-0.0391066857</Y>
      <Z>-11.4255934</Z>
    </Rotation>
    <Handle>1538</Handle>
    <Bounds>
      <Vector3>
        <X>-3147.16675</X>
        <Y>967.399231</Y>
        <Z>14.1131353</Z>
      </Vector3>
      <Vector3>
        <X>-3145.16455</X>
        <Y>966.994568</Y>
        <Z>14.11453</Z>
      </Vector3>
      <Vector3>
        <X>-3146.155</X>
        <Y>972.4056</Y>
        <Z>14.3998251</Z>
      </Vector3>
      <Vector3>
        <X>-3147.18384</X>
        <Y>967.319458</Y>
        <Z>15.5667448</Z>
      </Vector3>
      <Vector3>
        <X>-3144.15283</X>
        <Y>972.001</Y>
        <Z>14.4012184</Z>
      </Vector3>
      <Vector3>
        <X>-3145.18164</X>
        <Y>966.9148</Y>
        <Z>15.5681391</Z>
      </Vector3>
      <Vector3>
        <X>-3146.172</X>
        <Y>972.3258</Y>
        <Z>15.8534336</Z>
      </Vector3>
      <Vector3>
        <X>-3144.17</X>
        <Y>971.921143</Y>
        <Z>15.8548279</Z>
      </Vector3>
    </Bounds>
    <CenterCamPosition>
      <X>0</X>
      <Y>0</Y>
    </CenterCamPosition>
    <ScreenBounds />
    <DistanceToCam>0</DistanceToCam>
    <Speed>9.884891</Speed>
    <AccInput>0.236601353</AccInput>
    <RPM>0.3946484</RPM>
    <Gear>2</Gear>
    <SteeringAngle>-0.293250859</SteeringAngle>
    <WheelSpeed>0</WheelSpeed>
    <CarType>Sports</CarType>
  </MyCar>
  <Peds />
  <Time>100167</Time>
  <LastFrameTime>0.0213625357</LastFrameTime>
  <MyProperty>0</MyProperty>
  <Weather>ExtraSunny</Weather>
  <Steering>127</Steering>
  <Acc>157</Acc>
  <Brake>127</Brake>
  <DayTime>06:52:18</DayTime>
  <Position>
    <X>-3145.48462</X>
    <Y>970.578857</Y>
    <Z>15.9387684</Z>
  </Position>
  <Rotation>
    <X>2.71411586</X>
    <Y>0.45414</Y>
    <Z>-11.3763361</Z>
  </Rotation>
</Screenshot>