<?xml version="1.0" encoding="utf-8"?>
<Screenshot xmlns:xsd="http://www.w3.org/2001/XMLSchema" xmlns:xsi="http://www.w3.org/2001/XMLSchema-instance">
  <Cars />
  <MyCar>
    <Position>
      <X>-3145.76245</X>
      <Y>969.194</Y>
      <Z>14.9592648</Z>
    </Position>
    <Rotation>
      <X>3.19523525</X>
      <Y>-0.06893431</Y>
      <Z>-11.3036718</Z>
    </Rotation>
    <Handle>1538</Handle>
    <Bounds>
      <Vector3>
        <X>-3147.25537</X>
        <Y>966.929443</Y>
        <Z>14.0886517</Z>
      </Vector3>
      <Vector3>
        <X>-3145.25244</X>
        <Y>966.529053</Y>
        <Z>14.0911093</Z>
      </Vector3>
      <Vector3>
        <X>-3146.25464</X>
        <Y>971.938049</Y>
        <Z>14.3737869</Z>
      </Vector3>
      <Vector3>
        <X>-3147.27319</X>
        <Y>966.8502</Y>
        <Z>15.542284</Z>
      </Vector3>
      <Vector3>
        <X>-3144.25146</X>
        <Y>971.537659</Y>
        <Z>14.3762445</Z>
      </Vector3>
      <Vector3>
        <X>-3145.27</X>
        <Y>966.4498</Y>
        <Z>15.5447416</Z>
      </Vector3>
      <Vector3>
        <X>-3146.27222</X>
        <Y>971.8588</Y>
        <Z>15.82742</Z>
      </Vector3>
      <Vector3>
        <X>-3144.26929</X>
        <Y>971.458435</Y>
        <Z>15.8298779</Z>
      </Vector3>
    </Bounds>
    <CenterCamPosition>
      <X>0</X>
      <Y>0</Y>
    </CenterCamPosition>
    <ScreenBounds />
    <DistanceToCam>0</DistanceToCam>
    <Speed>9.853541</Speed>
    <AccInput>0.236601353</AccInput>
    <RPM>0.394130319</RPM>
    <Gear>2</Gear>
    <SteeringAngle>-0.4603936</SteeringAngle>
    <WheelSpeed>0</WheelSpeed>
    <CarType>Sports</CarType>
  </MyCar>
  <Peds />
  <Time>100119</Time>
  <LastFrameTime>0.0234679468</LastFrameTime>
  <MyProperty>0</MyProperty>
  <Weather>ExtraSunny</Weather>
  <Steering>127</Steering>
  <Acc>157</Acc>
  <Brake>127</Brake>
  <DayTime>06:52:16</DayTime>
  <Position>
    <X>-3145.586</X>
    <Y>970.0947</Y>
    <Z>15.9123583</Z>
  </Position>
  <Rotation>
    <X>2.6479156</X>
    <Y>0.3977211</Y>
    <Z>-11.2279825</Z>
  </Rotation>
</Screenshot>