<?xml version="1.0" encoding="utf-8"?>
<Screenshot xmlns:xsd="http://www.w3.org/2001/XMLSchema" xmlns:xsi="http://www.w3.org/2001/XMLSchema-instance">
  <Cars />
  <MyCar>
    <Position>
      <X>-3145.71021</X>
      <Y>969.4536</Y>
      <Z>14.9729033</Z>
    </Position>
    <Rotation>
      <X>3.21411586</X>
      <Y>-0.04585998</Y>
      <Z>-11.3763361</Z>
    </Rotation>
    <Handle>1538</Handle>
    <Bounds>
      <Vector3>
        <X>-3147.2063</X>
        <Y>967.191345</Y>
        <Z>14.1018724</Z>
      </Vector3>
      <Vector3>
        <X>-3145.20386</X>
        <Y>966.7884</Y>
        <Z>14.103508</Z>
      </Vector3>
      <Vector3>
        <X>-3146.19922</X>
        <Y>972.198547</Y>
        <Z>14.3886909</Z>
      </Vector3>
      <Vector3>
        <X>-3147.22363</X>
        <Y>967.1115</Y>
        <Z>15.555479</Z>
      </Vector3>
      <Vector3>
        <X>-3144.19653</X>
        <Y>971.795654</Y>
        <Z>14.3903265</Z>
      </Vector3>
      <Vector3>
        <X>-3145.221</X>
        <Y>966.7086</Y>
        <Z>15.5571146</Z>
      </Vector3>
      <Vector3>
        <X>-3146.21631</X>
        <Y>972.1188</Y>
        <Z>15.8422985</Z>
      </Vector3>
      <Vector3>
        <X>-3144.21387</X>
        <Y>971.7158</Y>
        <Z>15.8439331</Z>
      </Vector3>
    </Bounds>
    <CenterCamPosition>
      <X>0</X>
      <Y>0</Y>
    </CenterCamPosition>
    <ScreenBounds />
    <DistanceToCam>0</DistanceToCam>
    <Speed>9.871027</Speed>
    <AccInput>0.236601353</AccInput>
    <RPM>0.3945887</RPM>
    <Gear>2</Gear>
    <SteeringAngle>-0.3569616</SteeringAngle>
    <WheelSpeed>0</WheelSpeed>
    <CarType>Sports</CarType>
  </MyCar>
  <Peds />
  <Time>100146</Time>
  <LastFrameTime>0.0268803537</LastFrameTime>
  <MyProperty>0</MyProperty>
  <Weather>ExtraSunny</Weather>
  <Steering>127</Steering>
  <Acc>157</Acc>
  <Brake>127</Brake>
  <DayTime>06:52:17</DayTime>
  <Position>
    <X>-3145.53857</X>
    <Y>970.3199</Y>
    <Z>15.9247513</Z>
  </Position>
  <Rotation>
    <X>2.695235</X>
    <Y>0.431065649</Y>
    <Z>-11.3036709</Z>
  </Rotation>
</Screenshot>