<?xml version="1.0" encoding="utf-8"?>
<Screenshot xmlns:xsd="http://www.w3.org/2001/XMLSchema" xmlns:xsi="http://www.w3.org/2001/XMLSchema-instance">
  <Cars />
  <MyCar>
    <Position>
      <X>-3145.61328</X>
      <Y>969.933533</Y>
      <Z>14.9987688</Z>
    </Position>
    <Rotation>
      <X>3.19860649</X>
      <Y>-0.0405838229</Y>
      <Z>-11.4788408</Z>
    </Rotation>
    <Handle>1538</Handle>
    <Bounds>
      <Vector3>
        <X>-3147.11353</X>
        <Y>967.6737</Y>
        <Z>14.1285124</Z>
      </Vector3>
      <Vector3>
        <X>-3145.11182</X>
        <Y>967.2672</Y>
        <Z>14.1299591</Z>
      </Vector3>
      <Vector3>
        <X>-3146.09741</X>
        <Y>972.6792</Y>
        <Z>14.413949</Z>
      </Vector3>
      <Vector3>
        <X>-3147.13086</X>
        <Y>967.5943</Y>
        <Z>15.5821409</Z>
      </Vector3>
      <Vector3>
        <X>-3144.09546</X>
        <Y>972.2727</Y>
        <Z>14.4153957</Z>
      </Vector3>
      <Vector3>
        <X>-3145.129</X>
        <Y>967.1878</Y>
        <Z>15.5835886</Z>
      </Vector3>
      <Vector3>
        <X>-3146.1145</X>
        <Y>972.5998</Y>
        <Z>15.8675776</Z>
      </Vector3>
      <Vector3>
        <X>-3144.11279</X>
        <Y>972.1933</Y>
        <Z>15.8690243</Z>
      </Vector3>
    </Bounds>
    <CenterCamPosition>
      <X>0</X>
      <Y>0</Y>
    </CenterCamPosition>
    <ScreenBounds />
    <DistanceToCam>0</DistanceToCam>
    <Speed>9.902762</Speed>
    <AccInput>0.236601353</AccInput>
    <RPM>0.394857138</RPM>
    <Gear>2</Gear>
    <SteeringAngle>-0.224136949</SteeringAngle>
    <WheelSpeed>0</WheelSpeed>
    <CarType>Sports</CarType>
  </MyCar>
  <Peds />
  <Time>100195</Time>
  <LastFrameTime>0.0282168314</LastFrameTime>
  <MyProperty>0</MyProperty>
  <Weather>ExtraSunny</Weather>
  <Steering>127</Steering>
  <Acc>157</Acc>
  <Brake>127</Brake>
  <DayTime>06:52:19</DayTime>
  <Position>
    <X>-3145.44165</X>
    <Y>970.7853</Y>
    <Z>15.9498177</Z>
  </Position>
  <Rotation>
    <X>2.71266</X>
    <Y>0.460893184</Y>
    <Z>-11.4255915</Z>
  </Rotation>
</Screenshot>