<?xml version="1.0" encoding="utf-8"?>
<Screenshot xmlns:xsd="http://www.w3.org/2001/XMLSchema" xmlns:xsi="http://www.w3.org/2001/XMLSchema-instance">
  <Cars />
  <MyCar>
    <Position>
      <X>-3145.47461</X>
      <Y>970.61554</Y>
      <Z>15.0356684</Z>
    </Position>
    <Rotation>
      <X>3.15830874</X>
      <Y>-0.06723507</Y>
      <Z>-11.566926</Z>
    </Rotation>
    <Handle>1538</Handle>
    <Bounds>
      <Vector3>
        <X>-3146.97827</X>
        <Y>968.357361</Y>
        <Z>14.1667051</Z>
      </Vector3>
      <Vector3>
        <X>-3144.97681</X>
        <Y>967.947754</Y>
        <Z>14.1691027</Z>
      </Vector3>
      <Vector3>
        <X>-3145.95435</X>
        <Y>973.3615</Y>
        <Z>14.4485493</Z>
      </Vector3>
      <Vector3>
        <X>-3146.99585</X>
        <Y>968.2791</Y>
        <Z>15.62039</Z>
      </Vector3>
      <Vector3>
        <X>-3143.95313</X>
        <Y>972.9519</Y>
        <Z>14.4509459</Z>
      </Vector3>
      <Vector3>
        <X>-3144.99463</X>
        <Y>967.8695</Y>
        <Z>15.6227875</Z>
      </Vector3>
      <Vector3>
        <X>-3145.97217</X>
        <Y>973.283264</Y>
        <Z>15.9022341</Z>
      </Vector3>
      <Vector3>
        <X>-3143.9707</X>
        <Y>972.873657</Y>
        <Z>15.9046307</Z>
      </Vector3>
    </Bounds>
    <CenterCamPosition>
      <X>0</X>
      <Y>0</Y>
    </CenterCamPosition>
    <ScreenBounds />
    <DistanceToCam>0</DistanceToCam>
    <Speed>9.945889</Speed>
    <AccInput>0.236601353</AccInput>
    <RPM>0.3965332</RPM>
    <Gear>2</Gear>
    <SteeringAngle>-0.116608925</SteeringAngle>
    <WheelSpeed>0</WheelSpeed>
    <CarType>Sports</CarType>
  </MyCar>
  <Peds />
  <Time>100266</Time>
  <LastFrameTime>0.0190700144</LastFrameTime>
  <MyProperty>0</MyProperty>
  <Weather>ExtraSunny</Weather>
  <Steering>127</Steering>
  <Acc>157</Acc>
  <Brake>127</Brake>
  <DayTime>06:52:21</DayTime>
  <Position>
    <X>-3145.2832</X>
    <Y>971.555359</Y>
    <Z>15.9906063</Z>
  </Position>
  <Rotation>
    <X>2.66946483</X>
    <Y>0.441250861</Y>
    <Z>-11.5484295</Z>
  </Rotation>
</Screenshot>