<?xml version="1.0" encoding="utf-8"?>
<Screenshot xmlns:xsd="http://www.w3.org/2001/XMLSchema" xmlns:xsi="http://www.w3.org/2001/XMLSchema-instance">
  <Cars />
  <MyCar>
    <Position>
      <X>-3145.51221</X>
      <Y>970.43</Y>
      <Z>15.0256367</Z>
    </Position>
    <Rotation>
      <X>3.169465</X>
      <Y>-0.0587490425</Y>
      <Z>-11.5484295</Z>
    </Rotation>
    <Handle>1538</Handle>
    <Bounds>
      <Vector3>
        <X>-3147.01514</X>
        <Y>968.1715</Y>
        <Z>14.1563349</Z>
      </Vector3>
      <Vector3>
        <X>-3145.01367</X>
        <Y>967.7626</Y>
        <Z>14.15843</Z>
      </Vector3>
      <Vector3>
        <X>-3145.993</X>
        <Y>973.175964</Y>
        <Z>14.4391737</Z>
      </Vector3>
      <Vector3>
        <X>-3147.03271</X>
        <Y>968.092957</Y>
        <Z>15.6100044</Z>
      </Vector3>
      <Vector3>
        <X>-3143.99146</X>
        <Y>972.766968</Y>
        <Z>14.441268</Z>
      </Vector3>
      <Vector3>
        <X>-3145.03125</X>
        <Y>967.684</Y>
        <Z>15.6121</Z>
      </Vector3>
      <Vector3>
        <X>-3146.0105</X>
        <Y>973.097351</Y>
        <Z>15.8928432</Z>
      </Vector3>
      <Vector3>
        <X>-3144.009</X>
        <Y>972.6884</Y>
        <Z>15.8949375</Z>
      </Vector3>
    </Bounds>
    <CenterCamPosition>
      <X>0</X>
      <Y>0</Y>
    </CenterCamPosition>
    <ScreenBounds />
    <DistanceToCam>0</DistanceToCam>
    <Speed>9.934343</Speed>
    <AccInput>0.236601353</AccInput>
    <RPM>0.39590168</RPM>
    <Gear>2</Gear>
    <SteeringAngle>-0.1386758</SteeringAngle>
    <WheelSpeed>0</WheelSpeed>
    <CarType>Sports</CarType>
  </MyCar>
  <Peds />
  <Time>100246</Time>
  <LastFrameTime>0.0251367576</LastFrameTime>
  <MyProperty>0</MyProperty>
  <Weather>ExtraSunny</Weather>
  <Steering>127</Steering>
  <Acc>157</Acc>
  <Brake>127</Brake>
  <DayTime>06:52:20</DayTime>
  <Position>
    <X>-3145.3335</X>
    <Y>971.3109</Y>
    <Z>15.9776545</Z>
  </Position>
  <Rotation>
    <X>2.68352151</X>
    <Y>0.4516425</Y>
    <Z>-11.518383</Z>
  </Rotation>
</Screenshot>