<?xml version="1.0" encoding="utf-8"?>
<Screenshot xmlns:xsd="http://www.w3.org/2001/XMLSchema" xmlns:xsi="http://www.w3.org/2001/XMLSchema-instance">
  <Cars />
  <MyCar>
    <Position>
      <X>-3145.41553</X>
      <Y>970.9067</Y>
      <Z>15.05141</Z>
    </Position>
    <Rotation>
      <X>3.14056659</X>
      <Y>-0.08316952</Y>
      <Z>-11.588891</Z>
    </Rotation>
    <Handle>1538</Handle>
    <Bounds>
      <Vector3>
        <X>-3146.91968</X>
        <Y>968.648743</Y>
        <Z>14.1829414</Z>
      </Vector3>
      <Vector3>
        <X>-3144.9187</X>
        <Y>968.2384</Y>
        <Z>14.1859064</Z>
      </Vector3>
      <Vector3>
        <X>-3145.894</X>
        <Y>973.652649</Y>
        <Z>14.4632034</Z>
      </Vector3>
      <Vector3>
        <X>-3146.93774</X>
        <Y>968.571045</Y>
        <Z>15.63665</Z>
      </Vector3>
      <Vector3>
        <X>-3143.893</X>
        <Y>973.242249</Y>
        <Z>14.4661684</Z>
      </Vector3>
      <Vector3>
        <X>-3144.93677</X>
        <Y>968.1607</Y>
        <Z>15.639616</Z>
      </Vector3>
      <Vector3>
        <X>-3145.912</X>
        <Y>973.5749</Y>
        <Z>15.9169121</Z>
      </Vector3>
      <Vector3>
        <X>-3143.91113</X>
        <Y>973.164551</Y>
        <Z>15.919878</Z>
      </Vector3>
    </Bounds>
    <CenterCamPosition>
      <X>0</X>
      <Y>0</Y>
    </CenterCamPosition>
    <ScreenBounds />
    <DistanceToCam>0</DistanceToCam>
    <Speed>9.963942</Speed>
    <AccInput>0.236601353</AccInput>
    <RPM>0.3970472</RPM>
    <Gear>2</Gear>
    <SteeringAngle>-0.08754483</SteeringAngle>
    <WheelSpeed>0</WheelSpeed>
    <CarType>Sports</CarType>
  </MyCar>
  <Peds />
  <Time>100295</Time>
  <LastFrameTime>0.0298769549</LastFrameTime>
  <MyProperty>0</MyProperty>
  <Weather>ExtraSunny</Weather>
  <Steering>127</Steering>
  <Acc>157</Acc>
  <Brake>127</Brake>
  <DayTime>06:52:22</DayTime>
  <Position>
    <X>-3145.24536</X>
    <Y>971.741</Y>
    <Z>16.0004139</Z>
  </Position>
  <Rotation>
    <X>2.65830874</X>
    <Y>0.4327649</Y>
    <Z>-11.566925</Z>
  </Rotation>
</Screenshot>