<?xml version="1.0" encoding="utf-8"?>
<Screenshot xmlns:xsd="http://www.w3.org/2001/XMLSchema" xmlns:xsi="http://www.w3.org/2001/XMLSchema-instance">
  <Cars />
  <MyCar>
    <Position>
      <X>-3145.562</X>
      <Y>970.1857</Y>
      <Z>15.0124025</Z>
    </Position>
    <Rotation>
      <X>3.18352151</X>
      <Y>-0.04835738</Y>
      <Z>-11.518384</Z>
    </Rotation>
    <Handle>1538</Handle>
    <Bounds>
      <Vector3>
        <X>-3147.064</X>
        <Y>967.9267</Y>
        <Z>14.14267</Z>
      </Vector3>
      <Vector3>
        <X>-3145.06226</X>
        <Y>967.5188</Y>
        <Z>14.144393</Z>
      </Vector3>
      <Vector3>
        <X>-3146.04419</X>
        <Y>972.9316</Y>
        <Z>14.4267607</Z>
      </Vector3>
      <Vector3>
        <X>-3147.0813</X>
        <Y>967.8477</Y>
        <Z>15.5963192</Z>
      </Vector3>
      <Vector3>
        <X>-3144.04248</X>
        <Y>972.5237</Y>
        <Z>14.4284849</Z>
      </Vector3>
      <Vector3>
        <X>-3145.07959</X>
        <Y>967.4398</Y>
        <Z>15.5980434</Z>
      </Vector3>
      <Vector3>
        <X>-3146.06152</X>
        <Y>972.8526</Y>
        <Z>15.8804111</Z>
      </Vector3>
      <Vector3>
        <X>-3144.05981</X>
        <Y>972.4447</Y>
        <Z>15.8821354</Z>
      </Vector3>
    </Bounds>
    <CenterCamPosition>
      <X>0</X>
      <Y>0</Y>
    </CenterCamPosition>
    <ScreenBounds />
    <DistanceToCam>0</DistanceToCam>
    <Speed>9.918894</Speed>
    <AccInput>0.236601353</AccInput>
    <RPM>0.395276785</RPM>
    <Gear>2</Gear>
    <SteeringAngle>-0.175497428</SteeringAngle>
    <WheelSpeed>0</WheelSpeed>
    <CarType>Sports</CarType>
  </MyCar>
  <Peds />
  <Time>100221</Time>
  <LastFrameTime>0.0259904042</LastFrameTime>
  <MyProperty>0</MyProperty>
  <Weather>ExtraSunny</Weather>
  <Steering>127</Steering>
  <Acc>157</Acc>
  <Brake>127</Brake>
  <DayTime>06:52:20</DayTime>
  <Position>
    <X>-3145.3855</X>
    <Y>971.0586</Y>
    <Z>15.964323</Z>
  </Position>
  <Rotation>
    <X>2.69860649</X>
    <Y>0.459416151</Y>
    <Z>-11.4788389</Z>
  </Rotation>
</Screenshot>