<?xml version="1.0" encoding="utf-8"?>
<Screenshot xmlns:xsd="http://www.w3.org/2001/XMLSchema" xmlns:xsi="http://www.w3.org/2001/XMLSchema-instance">
  <Cars />
  <MyCar>
    <Position>
      <X>-3145.374</X>
      <Y>971.1111</Y>
      <Z>15.0624733</Z>
    </Position>
    <Rotation>
      <X>3.12994719</X>
      <Y>-0.09287271</Y>
      <Z>-11.600872</Z>
    </Rotation>
    <Handle>1538</Handle>
    <Bounds>
      <Vector3>
        <X>-3146.87866</X>
        <Y>968.8533</Y>
        <Z>14.1942978</Z>
      </Vector3>
      <Vector3>
        <X>-3144.87769</X>
        <Y>968.4425</Y>
        <Z>14.1976089</Z>
      </Vector3>
      <Vector3>
        <X>-3145.85181</X>
        <Y>973.857</Y>
        <Z>14.4736128</Z>
      </Vector3>
      <Vector3>
        <X>-3146.897</X>
        <Y>968.7759</Y>
        <Z>15.6480217</Z>
      </Vector3>
      <Vector3>
        <X>-3143.85083</X>
        <Y>973.4462</Y>
        <Z>14.4769239</Z>
      </Vector3>
      <Vector3>
        <X>-3144.896</X>
        <Y>968.3651</Y>
        <Z>15.6513329</Z>
      </Vector3>
      <Vector3>
        <X>-3145.87</X>
        <Y>973.7796</Y>
        <Z>15.9273367</Z>
      </Vector3>
      <Vector3>
        <X>-3143.86914</X>
        <Y>973.368835</Y>
        <Z>15.9306479</Z>
      </Vector3>
    </Bounds>
    <CenterCamPosition>
      <X>0</X>
      <Y>0</Y>
    </CenterCamPosition>
    <ScreenBounds />
    <DistanceToCam>0</DistanceToCam>
    <Speed>9.976581</Speed>
    <AccInput>0.236601353</AccInput>
    <RPM>0.397633255</RPM>
    <Gear>2</Gear>
    <SteeringAngle>-0.072253</SteeringAngle>
    <WheelSpeed>0</WheelSpeed>
    <CarType>Sports</CarType>
  </MyCar>
  <Peds />
  <Time>100316</Time>
  <LastFrameTime>0.0209457986</LastFrameTime>
  <MyProperty>0</MyProperty>
  <Weather>ExtraSunny</Weather>
  <Steering>127</Steering>
  <Acc>157</Acc>
  <Brake>127</Brake>
  <DayTime>06:52:22</DayTime>
  <Position>
    <X>-3145.186</X>
    <Y>972.0324</Y>
    <Z>16.0158</Z>
  </Position>
  <Rotation>
    <X>2.64056635</X>
    <Y>0.4168305</Y>
    <Z>-11.588891</Z>
  </Rotation>
</Screenshot>