<?xml version="1.0" encoding="utf-8"?>
<Screenshot xmlns:xsd="http://www.w3.org/2001/XMLSchema" xmlns:xsi="http://www.w3.org/2001/XMLSchema-instance">
  <Cars />
  <MyCar>
    <Position>
      <X>-3145.27856</X>
      <Y>971.5793</Y>
      <Z>15.0881615</Z>
    </Position>
    <Rotation>
      <X>3.118674</X>
      <Y>-0.123567879</Y>
      <Z>-11.62186</Z>
    </Rotation>
    <Handle>1538</Handle>
    <Bounds>
      <Vector3>
        <X>-3146.78345</X>
        <Y>969.3218</Y>
        <Z>14.2199345</Z>
      </Vector3>
      <Vector3>
        <X>-3144.78271</X>
        <Y>968.9103</Y>
        <Z>14.22434</Z>
      </Vector3>
      <Vector3>
        <X>-3145.75513</X>
        <Y>974.3252</Y>
        <Z>14.4982443</Z>
      </Vector3>
      <Vector3>
        <X>-3146.80249</X>
        <Y>969.2448</Y>
        <Z>15.6736727</Z>
      </Vector3>
      <Vector3>
        <X>-3143.75439</X>
        <Y>973.9137</Y>
        <Z>14.50265</Z>
      </Vector3>
      <Vector3>
        <X>-3144.80176</X>
        <Y>968.8333</Y>
        <Z>15.6780777</Z>
      </Vector3>
      <Vector3>
        <X>-3145.77417</X>
        <Y>974.2482</Y>
        <Z>15.9519825</Z>
      </Vector3>
      <Vector3>
        <X>-3143.77344</X>
        <Y>973.836731</Y>
        <Z>15.9563875</Z>
      </Vector3>
    </Bounds>
    <CenterCamPosition>
      <X>0</X>
      <Y>0</Y>
    </CenterCamPosition>
    <ScreenBounds />
    <DistanceToCam>0</DistanceToCam>
    <Speed>10.0056038</Speed>
    <AccInput>0.236601353</AccInput>
    <RPM>0.398851871</RPM>
    <Gear>2</Gear>
    <SteeringAngle>-0.0461707264</SteeringAngle>
    <WheelSpeed>0</WheelSpeed>
    <CarType>Sports</CarType>
  </MyCar>
  <Peds />
  <Time>100364</Time>
  <LastFrameTime>0.0189911965</LastFrameTime>
  <MyProperty>0</MyProperty>
  <Weather>ExtraSunny</Weather>
  <Steering>127</Steering>
  <Acc>157</Acc>
  <Brake>127</Brake>
  <DayTime>06:52:24</DayTime>
  <Position>
    <X>-3145.087</X>
    <Y>972.5196</Y>
    <Z>16.0416584</Z>
  </Position>
  <Rotation>
    <X>2.61637</X>
    <Y>0.391312838</Y>
    <Z>-11.6133432</Z>
  </Rotation>
</Screenshot>