<?xml version="1.0" encoding="utf-8"?>
<Screenshot xmlns:xsd="http://www.w3.org/2001/XMLSchema" xmlns:xsi="http://www.w3.org/2001/XMLSchema-instance">
  <Cars />
  <MyCar>
    <Position>
      <X>-3145.216</X>
      <Y>971.8851</Y>
      <Z>15.1055717</Z>
    </Position>
    <Rotation>
      <X>3.160725</X>
      <Y>-0.130815312</Y>
      <Z>-11.627449</Z>
    </Rotation>
    <Handle>1538</Handle>
    <Bounds>
      <Vector3>
        <X>-3146.721</X>
        <Y>969.6283</Y>
        <Z>14.2353706</Z>
      </Vector3>
      <Vector3>
        <X>-3144.72021</X>
        <Y>969.2166</Y>
        <Z>14.2400351</Z>
      </Vector3>
      <Vector3>
        <X>-3145.69214</X>
        <Y>974.6315</Y>
        <Z>14.5174294</Z>
      </Vector3>
      <Vector3>
        <X>-3146.74048</X>
        <Y>969.550354</Y>
        <Z>15.68905</Z>
      </Vector3>
      <Vector3>
        <X>-3143.69141</X>
        <Y>974.2197</Y>
        <Z>14.5220938</Z>
      </Vector3>
      <Vector3>
        <X>-3144.73975</X>
        <Y>969.1387</Y>
        <Z>15.6937132</Z>
      </Vector3>
      <Vector3>
        <X>-3145.71167</X>
        <Y>974.553467</Y>
        <Z>15.9711084</Z>
      </Vector3>
      <Vector3>
        <X>-3143.711</X>
        <Y>974.1418</Y>
        <Z>15.9757719</Z>
      </Vector3>
    </Bounds>
    <CenterCamPosition>
      <X>0</X>
      <Y>0</Y>
    </CenterCamPosition>
    <ScreenBounds />
    <DistanceToCam>0</DistanceToCam>
    <Speed>10.0349989</Speed>
    <AccInput>0.236601353</AccInput>
    <RPM>0.400032938</RPM>
    <Gear>2</Gear>
    <SteeringAngle>-0.03417875</SteeringAngle>
    <WheelSpeed>0</WheelSpeed>
    <CarType>Sports</CarType>
  </MyCar>
  <Peds />
  <Time>100395</Time>
  <LastFrameTime>0.03117123</LastFrameTime>
  <MyProperty>0</MyProperty>
  <Weather>ExtraSunny</Weather>
  <Steering>127</Steering>
  <Acc>157</Acc>
  <Brake>127</Brake>
  <DayTime>06:52:25</DayTime>
  <Position>
    <X>-3145.049</X>
    <Y>972.7054</Y>
    <Z>16.05211</Z>
  </Position>
  <Rotation>
    <X>2.6186738</X>
    <Y>0.3764321</Y>
    <Z>-11.62186</Z>
  </Rotation>
</Screenshot>