<?xml version="1.0" encoding="utf-8"?>
<Screenshot xmlns:xsd="http://www.w3.org/2001/XMLSchema" xmlns:xsi="http://www.w3.org/2001/XMLSchema-instance">
  <Cars />
  <MyCar>
    <Position>
      <X>-3145.31641</X>
      <Y>971.393433</Y>
      <Z>15.077755</Z>
    </Position>
    <Rotation>
      <X>3.11637044</X>
      <Y>-0.108687177</Y>
      <Z>-11.6133432</Z>
    </Rotation>
    <Handle>1538</Handle>
    <Bounds>
      <Vector3>
        <X>-3146.82129</X>
        <Y>969.135742</Y>
        <Z>14.2098942</Z>
      </Vector3>
      <Vector3>
        <X>-3144.82031</X>
        <Y>968.7245</Y>
        <Z>14.213769</Z>
      </Vector3>
      <Vector3>
        <X>-3145.79346</X>
        <Y>974.1393</Y>
        <Z>14.487999</Z>
      </Vector3>
      <Vector3>
        <X>-3146.83984</X>
        <Y>969.0587</Y>
        <Z>15.6636362</Z>
      </Vector3>
      <Vector3>
        <X>-3143.79272</X>
        <Y>973.7281</Y>
        <Z>14.4918737</Z>
      </Vector3>
      <Vector3>
        <X>-3144.839</X>
        <Y>968.6475</Y>
        <Z>15.667511</Z>
      </Vector3>
      <Vector3>
        <X>-3145.81226</X>
        <Y>974.0623</Y>
        <Z>15.94174</Z>
      </Vector3>
      <Vector3>
        <X>-3143.81128</X>
        <Y>973.6511</Y>
        <Z>15.9456158</Z>
      </Vector3>
    </Bounds>
    <CenterCamPosition>
      <X>0</X>
      <Y>0</Y>
    </CenterCamPosition>
    <ScreenBounds />
    <DistanceToCam>0</DistanceToCam>
    <Speed>9.993813</Speed>
    <AccInput>0.236601353</AccInput>
    <RPM>0.398297846</RPM>
    <Gear>2</Gear>
    <SteeringAngle>-0.0548528135</SteeringAngle>
    <WheelSpeed>0</WheelSpeed>
    <CarType>Sports</CarType>
  </MyCar>
  <Peds />
  <Time>100345</Time>
  <LastFrameTime>0.0288852248</LastFrameTime>
  <MyProperty>0</MyProperty>
  <Weather>ExtraSunny</Weather>
  <Steering>127</Steering>
  <Acc>157</Acc>
  <Brake>127</Brake>
  <DayTime>06:52:23</DayTime>
  <Position>
    <X>-3145.14453</X>
    <Y>972.237</Y>
    <Z>16.02665</Z>
  </Position>
  <Rotation>
    <X>2.62994742</X>
    <Y>0.407127321</Y>
    <Z>-11.600872</Z>
  </Rotation>
</Screenshot>