<?xml version="1.0" encoding="utf-8"?>
<Screenshot xmlns:xsd="http://www.w3.org/2001/XMLSchema" xmlns:xsi="http://www.w3.org/2001/XMLSchema-instance">
  <Cars />
  <MyCar>
    <Position>
      <X>-3145.116</X>
      <Y>972.3766</Y>
      <Z>15.1341333</Z>
    </Position>
    <Rotation>
      <X>3.262136</X>
      <Y>-0.148314178</Y>
      <Z>-11.62648</Z>
    </Rotation>
    <Handle>1538</Handle>
    <Bounds>
      <Vector3>
        <X>-3146.62036</X>
        <Y>970.1213</Y>
        <Z>14.2591734</Z>
      </Vector3>
      <Vector3>
        <X>-3144.61963</X>
        <Y>969.7096</Y>
        <Z>14.2644615</Z>
      </Vector3>
      <Vector3>
        <X>-3145.5918</X>
        <Y>975.1239</Y>
        <Z>14.550272</Z>
      </Vector3>
      <Vector3>
        <X>-3146.64063</X>
        <Y>970.0409</Y>
        <Z>15.7127066</Z>
      </Vector3>
      <Vector3>
        <X>-3143.591</X>
        <Y>974.7123</Y>
        <Z>14.5555592</Z>
      </Vector3>
      <Vector3>
        <X>-3144.64</X>
        <Y>969.6292</Y>
        <Z>15.7179947</Z>
      </Vector3>
      <Vector3>
        <X>-3145.612</X>
        <Y>975.0435</Y>
        <Z>16.0038052</Z>
      </Vector3>
      <Vector3>
        <X>-3143.61133</X>
        <Y>974.6319</Y>
        <Z>16.0090923</Z>
      </Vector3>
    </Bounds>
    <CenterCamPosition>
      <X>0</X>
      <Y>0</Y>
    </CenterCamPosition>
    <ScreenBounds />
    <DistanceToCam>0</DistanceToCam>
    <Speed>10.07876</Speed>
    <AccInput>0.236601353</AccInput>
    <RPM>0.4025884</RPM>
    <Gear>2</Gear>
    <SteeringAngle>-0.0213836022</SteeringAngle>
    <WheelSpeed>0</WheelSpeed>
    <CarType>Sports</CarType>
  </MyCar>
  <Peds />
  <Time>100445</Time>
  <LastFrameTime>0.0301459879</LastFrameTime>
  <MyProperty>0</MyProperty>
  <Weather>ExtraSunny</Weather>
  <Steering>127</Steering>
  <Acc>157</Acc>
  <Brake>127</Brake>
  <DayTime>06:52:26</DayTime>
  <Position>
    <X>-3144.94727</X>
    <Y>973.204346</Y>
    <Z>16.0823574</Z>
  </Position>
  <Rotation>
    <X>2.69686484</X>
    <Y>0.364418745</Y>
    <Z>-11.628191</Z>
  </Rotation>
</Screenshot>