<?xml version="1.0" encoding="utf-8"?>
<Screenshot xmlns:xsd="http://www.w3.org/2001/XMLSchema" xmlns:xsi="http://www.w3.org/2001/XMLSchema-instance">
  <Cars />
  <MyCar>
    <Position>
      <X>-3145.17651</X>
      <Y>972.0795</Y>
      <Z>15.1168413</Z>
    </Position>
    <Rotation>
      <X>3.1968646</X>
      <Y>-0.135581255</Y>
      <Z>-11.6281919</Z>
    </Rotation>
    <Handle>1538</Handle>
    <Bounds>
      <Vector3>
        <X>-3146.6814</X>
        <Y>969.8233</Y>
        <Z>14.24497</Z>
      </Vector3>
      <Vector3>
        <X>-3144.68066</X>
        <Y>969.41156</Y>
        <Z>14.2498045</Z>
      </Vector3>
      <Vector3>
        <X>-3145.65259</X>
        <Y>974.826233</Y>
        <Z>14.5302505</Z>
      </Vector3>
      <Vector3>
        <X>-3146.70117</X>
        <Y>969.7445</Y>
        <Z>15.6985979</Z>
      </Vector3>
      <Vector3>
        <X>-3143.65161</X>
        <Y>974.414551</Y>
        <Z>14.5350847</Z>
      </Vector3>
      <Vector3>
        <X>-3144.7002</X>
        <Y>969.332764</Y>
        <Z>15.7034321</Z>
      </Vector3>
      <Vector3>
        <X>-3145.672</X>
        <Y>974.747437</Y>
        <Z>15.9838781</Z>
      </Vector3>
      <Vector3>
        <X>-3143.67139</X>
        <Y>974.3357</Y>
        <Z>15.9887123</Z>
      </Vector3>
    </Bounds>
    <CenterCamPosition>
      <X>0</X>
      <Y>0</Y>
    </CenterCamPosition>
    <ScreenBounds />
    <DistanceToCam>0</DistanceToCam>
    <Speed>10.0529051</Speed>
    <AccInput>0.236601353</AccInput>
    <RPM>0.401419729</RPM>
    <Gear>2</Gear>
    <SteeringAngle>-0.0285476632</SteeringAngle>
    <WheelSpeed>0</WheelSpeed>
    <CarType>Sports</CarType>
  </MyCar>
  <Peds />
  <Time>100415</Time>
  <LastFrameTime>0.0197843332</LastFrameTime>
  <MyProperty>0</MyProperty>
  <Weather>ExtraSunny</Weather>
  <Steering>127</Steering>
  <Acc>157</Acc>
  <Brake>127</Brake>
  <DayTime>06:52:25</DayTime>
  <Position>
    <X>-3144.98682</X>
    <Y>973.0105</Y>
    <Z>16.070364</Z>
  </Position>
  <Rotation>
    <X>2.660725</X>
    <Y>0.369184673</Y>
    <Z>-11.6274462</Z>
  </Rotation>
</Screenshot>