<?xml version="1.0" encoding="utf-8"?>
<Screenshot xmlns:xsd="http://www.w3.org/2001/XMLSchema" xmlns:xsi="http://www.w3.org/2001/XMLSchema-instance">
  <Cars />
  <MyCar>
    <Position>
      <X>-3145.015</X>
      <Y>972.871948</Y>
      <Z>15.1629457</Z>
    </Position>
    <Rotation>
      <X>3.373479</X>
      <Y>-0.180578649</Y>
      <Z>-11.620923</Z>
    </Rotation>
    <Handle>1538</Handle>
    <Bounds>
      <Vector3>
        <X>-3146.51831</X>
        <Y>970.618042</Y>
        <Z>14.2825317</Z>
      </Vector3>
      <Vector3>
        <X>-3144.51733</X>
        <Y>970.206543</Y>
        <Z>14.28897</Z>
      </Vector3>
      <Vector3>
        <X>-3145.49048</X>
        <Y>975.6203</Y>
        <Z>14.5835543</Z>
      </Vector3>
      <Vector3>
        <X>-3146.54</X>
        <Y>970.535034</Y>
        <Z>15.735899</Z>
      </Vector3>
      <Vector3>
        <X>-3143.4895</X>
        <Y>975.2088</Y>
        <Z>14.5899925</Z>
      </Vector3>
      <Vector3>
        <X>-3144.539</X>
        <Y>970.123535</Y>
        <Z>15.7423372</Z>
      </Vector3>
      <Vector3>
        <X>-3145.51221</X>
        <Y>975.5373</Y>
        <Z>16.0369225</Z>
      </Vector3>
      <Vector3>
        <X>-3143.51123</X>
        <Y>975.1258</Y>
        <Z>16.04336</Z>
      </Vector3>
    </Bounds>
    <CenterCamPosition>
      <X>0</X>
      <Y>0</Y>
    </CenterCamPosition>
    <ScreenBounds />
    <DistanceToCam>0</DistanceToCam>
    <Speed>10.1193228</Speed>
    <AccInput>0.236601353</AccInput>
    <RPM>0.404395044</RPM>
    <Gear>2</Gear>
    <SteeringAngle>-0.0133544179</SteeringAngle>
    <WheelSpeed>0</WheelSpeed>
    <CarType>Sports</CarType>
  </MyCar>
  <Peds />
  <Time>100495</Time>
  <LastFrameTime>0.03048546</LastFrameTime>
  <MyProperty>0</MyProperty>
  <Weather>ExtraSunny</Weather>
  <Steering>127</Steering>
  <Acc>157</Acc>
  <Brake>127</Brake>
  <DayTime>06:52:28</DayTime>
  <Position>
    <X>-3144.84814</X>
    <Y>973.693542</Y>
    <Z>16.1130581</Z>
  </Position>
  <Rotation>
    <X>2.80449724</X>
    <Y>0.341387272</Y>
    <Z>-11.6245728</Z>
  </Rotation>
</Screenshot>