<?xml version="1.0" encoding="utf-8"?>
<Screenshot xmlns:xsd="http://www.w3.org/2001/XMLSchema" xmlns:xsi="http://www.w3.org/2001/XMLSchema-instance">
  <Cars />
  <MyCar>
    <Position>
      <X>-3145.07642</X>
      <Y>972.5704</Y>
      <Z>15.1453876</Z>
    </Position>
    <Rotation>
      <X>3.304497</X>
      <Y>-0.158612758</Y>
      <Z>-11.6245737</Z>
    </Rotation>
    <Handle>1538</Handle>
    <Bounds>
      <Vector3>
        <X>-3146.58032</X>
        <Y>970.3156</Y>
        <Z>14.2683878</Z>
      </Vector3>
      <Vector3>
        <X>-3144.57959</X>
        <Y>969.904</Y>
        <Z>14.2740421</Z>
      </Vector3>
      <Vector3>
        <X>-3145.55225</X>
        <Y>975.3181</Y>
        <Z>14.563262</Z>
      </Vector3>
      <Vector3>
        <X>-3146.60132</X>
        <Y>970.2342</Y>
        <Z>15.721858</Z>
      </Vector3>
      <Vector3>
        <X>-3143.55127</X>
        <Y>974.9065</Y>
        <Z>14.5689163</Z>
      </Vector3>
      <Vector3>
        <X>-3144.60034</X>
        <Y>969.8226</Y>
        <Z>15.7275133</Z>
      </Vector3>
      <Vector3>
        <X>-3145.573</X>
        <Y>975.2367</Y>
        <Z>16.0167332</Z>
      </Vector3>
      <Vector3>
        <X>-3143.57227</X>
        <Y>974.825134</Y>
        <Z>16.0223885</Z>
      </Vector3>
    </Bounds>
    <CenterCamPosition>
      <X>0</X>
      <Y>0</Y>
    </CenterCamPosition>
    <ScreenBounds />
    <DistanceToCam>0</DistanceToCam>
    <Speed>10.0950813</Speed>
    <AccInput>0.236601353</AccInput>
    <RPM>0.403580427</RPM>
    <Gear>2</Gear>
    <SteeringAngle>-0.0178908724</SteeringAngle>
    <WheelSpeed>0</WheelSpeed>
    <CarType>Sports</CarType>
  </MyCar>
  <Peds />
  <Time>100465</Time>
  <LastFrameTime>0.0196313523</LastFrameTime>
  <MyProperty>0</MyProperty>
  <Weather>ExtraSunny</Weather>
  <Steering>127</Steering>
  <Acc>157</Acc>
  <Brake>127</Brake>
  <DayTime>06:52:27</DayTime>
  <Position>
    <X>-3144.88721</X>
    <Y>973.5004</Y>
    <Z>16.100956</Z>
  </Position>
  <Rotation>
    <X>2.76213622</X>
    <Y>0.351685822</Y>
    <Z>-11.62648</Z>
  </Rotation>
</Screenshot>