<?xml version="1.0" encoding="utf-8"?>
<Screenshot xmlns:xsd="http://www.w3.org/2001/XMLSchema" xmlns:xsi="http://www.w3.org/2001/XMLSchema-instance">
  <Cars />
  <MyCar>
    <Position>
      <X>-3144.81177</X>
      <Y>973.8666</Y>
      <Z>15.22063</Z>
    </Position>
    <Rotation>
      <X>3.58247066</X>
      <Y>-0.250846326</Y>
      <Z>-11.6074562</Z>
    </Rotation>
    <Handle>1538</Handle>
    <Bounds>
      <Vector3>
        <X>-3146.31274</X>
        <Y>971.615234</Y>
        <Z>14.3298159</Z>
      </Vector3>
      <Vector3>
        <X>-3144.31177</X>
        <Y>971.2042</Y>
        <Z>14.3387594</Z>
      </Vector3>
      <Vector3>
        <X>-3145.28687</X>
        <Y>976.6167</Y>
        <Z>14.6494617</Z>
      </Vector3>
      <Vector3>
        <X>-3146.3374</X>
        <Y>971.5274</Y>
        <Z>15.7828541</Z>
      </Vector3>
      <Vector3>
        <X>-3143.286</X>
        <Y>976.2057</Y>
        <Z>14.6584053</Z>
      </Vector3>
      <Vector3>
        <X>-3144.33643</X>
        <Y>971.1164</Y>
        <Z>15.7917976</Z>
      </Vector3>
      <Vector3>
        <X>-3145.31152</X>
        <Y>976.5289</Y>
        <Z>16.1025</Z>
      </Vector3>
      <Vector3>
        <X>-3143.31055</X>
        <Y>976.117859</Y>
        <Z>16.1114445</Z>
      </Vector3>
    </Bounds>
    <CenterCamPosition>
      <X>0</X>
      <Y>0</Y>
    </CenterCamPosition>
    <ScreenBounds />
    <DistanceToCam>0</DistanceToCam>
    <Speed>10.193841</Speed>
    <AccInput>0.247058868</AccInput>
    <RPM>0.407365382</RPM>
    <Gear>2</Gear>
    <SteeringAngle>-0.005241552</SteeringAngle>
    <WheelSpeed>0</WheelSpeed>
    <CarType>Sports</CarType>
  </MyCar>
  <Peds />
  <Time>100596</Time>
  <LastFrameTime>0.0297115631</LastFrameTime>
  <MyProperty>0</MyProperty>
  <Weather>ExtraSunny</Weather>
  <Steering>127</Steering>
  <Acc>158</Acc>
  <Brake>127</Brake>
  <DayTime>06:52:31</DayTime>
  <Position>
    <X>-3144.64624</X>
    <Y>974.690369</Y>
    <Z>16.1754513</Z>
  </Position>
  <Rotation>
    <X>3.02124929</X>
    <Y>0.2719734</Y>
    <Z>-11.6111221</Z>
  </Rotation>
</Screenshot>