<?xml version="1.0" encoding="utf-8"?>
<Screenshot xmlns:xsd="http://www.w3.org/2001/XMLSchema" xmlns:xsi="http://www.w3.org/2001/XMLSchema-instance">
  <Cars />
  <MyCar>
    <Position>
      <X>-3144.96118</X>
      <Y>973.1354</Y>
      <Z>15.1782293</Z>
    </Position>
    <Rotation>
      <X>3.430846</X>
      <Y>-0.198374242</Y>
      <Z>-11.6172714</Z>
    </Rotation>
    <Handle>1538</Handle>
    <Bounds>
      <Vector3>
        <X>-3146.46387</X>
        <Y>970.882141</Y>
        <Z>14.2949858</Z>
      </Vector3>
      <Vector3>
        <X>-3144.46313</X>
        <Y>970.4708</Y>
        <Z>14.3020582</Z>
      </Vector3>
      <Vector3>
        <X>-3145.43652</X>
        <Y>975.8842</Y>
        <Z>14.6011209</Z>
      </Vector3>
      <Vector3>
        <X>-3146.48633</X>
        <Y>970.797852</Y>
        <Z>15.7482653</Z>
      </Vector3>
      <Vector3>
        <X>-3143.43579</X>
        <Y>975.472839</Y>
        <Z>14.6081934</Z>
      </Vector3>
      <Vector3>
        <X>-3144.4856</X>
        <Y>970.3865</Y>
        <Z>15.7553377</Z>
      </Vector3>
      <Vector3>
        <X>-3145.459</X>
        <Y>975.799866</Y>
        <Z>16.0544</Z>
      </Vector3>
      <Vector3>
        <X>-3143.45825</X>
        <Y>975.38855</Y>
        <Z>16.0614719</Z>
      </Vector3>
    </Bounds>
    <CenterCamPosition>
      <X>0</X>
      <Y>0</Y>
    </CenterCamPosition>
    <ScreenBounds />
    <DistanceToCam>0</DistanceToCam>
    <Speed>10.1397943</Speed>
    <AccInput>0.241830111</AccInput>
    <RPM>0.405229449</RPM>
    <Gear>2</Gear>
    <SteeringAngle>-0.0104039563</SteeringAngle>
    <WheelSpeed>0</WheelSpeed>
    <CarType>Sports</CarType>
  </MyCar>
  <Peds />
  <Time>100522</Time>
  <LastFrameTime>0.0265756361</LastFrameTime>
  <MyProperty>0</MyProperty>
  <Weather>ExtraSunny</Weather>
  <Steering>127</Steering>
  <Acc>157</Acc>
  <Brake>127</Brake>
  <DayTime>06:52:29</DayTime>
  <Position>
    <X>-3144.78735</X>
    <Y>973.9941</Y>
    <Z>16.1319942</Z>
  </Position>
  <Rotation>
    <X>2.87347937</X>
    <Y>0.31942147</Y>
    <Z>-11.6209221</Z>
  </Rotation>
</Screenshot>