<?xml version="1.0" encoding="utf-8"?>
<Screenshot xmlns:xsd="http://www.w3.org/2001/XMLSchema" xmlns:xsi="http://www.w3.org/2001/XMLSchema-instance">
  <Cars />
  <MyCar>
    <Position>
      <X>-3144.87231</X>
      <Y>973.5705</Y>
      <Z>15.2034559</Z>
    </Position>
    <Rotation>
      <X>3.52124929</X>
      <Y>-0.228026658</Y>
      <Z>-11.6111212</Z>
    </Rotation>
    <Handle>1538</Handle>
    <Bounds>
      <Vector3>
        <X>-3146.374</X>
        <Y>971.3184</Y>
        <Z>14.3157272</Z>
      </Vector3>
      <Vector3>
        <X>-3144.373</X>
        <Y>970.9073</Y>
        <Z>14.3238564</Z>
      </Vector3>
      <Vector3>
        <X>-3145.34766</X>
        <Y>976.3201</Y>
        <Z>14.6299181</Z>
      </Vector3>
      <Vector3>
        <X>-3146.39771</X>
        <Y>971.232</Y>
        <Z>15.7688637</Z>
      </Vector3>
      <Vector3>
        <X>-3143.34668</X>
        <Y>975.909</Y>
        <Z>14.6380482</Z>
      </Vector3>
      <Vector3>
        <X>-3144.39673</X>
        <Y>970.820862</Y>
        <Z>15.7769938</Z>
      </Vector3>
      <Vector3>
        <X>-3145.37134</X>
        <Y>976.2337</Y>
        <Z>16.0830555</Z>
      </Vector3>
      <Vector3>
        <X>-3143.37036</X>
        <Y>975.8226</Y>
        <Z>16.0911846</Z>
      </Vector3>
    </Bounds>
    <CenterCamPosition>
      <X>0</X>
      <Y>0</Y>
    </CenterCamPosition>
    <ScreenBounds />
    <DistanceToCam>0</DistanceToCam>
    <Speed>10.1723232</Speed>
    <AccInput>0.241830111</AccInput>
    <RPM>0.4067676</RPM>
    <Gear>2</Gear>
    <SteeringAngle>-0.0069585233</SteeringAngle>
    <WheelSpeed>0</WheelSpeed>
    <CarType>Sports</CarType>
  </MyCar>
  <Peds />
  <Time>100566</Time>
  <LastFrameTime>0.0194007978</LastFrameTime>
  <MyProperty>0</MyProperty>
  <Weather>ExtraSunny</Weather>
  <Steering>127</Steering>
  <Acc>157</Acc>
  <Brake>127</Brake>
  <DayTime>06:52:30</DayTime>
  <Position>
    <X>-3144.6853</X>
    <Y>974.498047</Y>
    <Z>16.1634731</Z>
  </Position>
  <Rotation>
    <X>2.98178554</X>
    <Y>0.285635471</Y>
    <Z>-11.6137962</Z>
  </Rotation>
</Screenshot>