<?xml version="1.0" encoding="utf-8"?>
<Screenshot xmlns:xsd="http://www.w3.org/2001/XMLSchema" xmlns:xsi="http://www.w3.org/2001/XMLSchema-instance">
  <Cars />
  <MyCar>
    <Position>
      <X>-3144.91187</X>
      <Y>973.377563</Y>
      <Z>15.1922646</Z>
    </Position>
    <Rotation>
      <X>3.48178554</X>
      <Y>-0.214364529</Y>
      <Z>-11.6137972</Z>
    </Rotation>
    <Handle>1538</Handle>
    <Bounds>
      <Vector3>
        <X>-3146.414</X>
        <Y>971.125</Y>
        <Z>14.3065062</Z>
      </Vector3>
      <Vector3>
        <X>-3144.413</X>
        <Y>970.713745</Y>
        <Z>14.3141489</Z>
      </Vector3>
      <Vector3>
        <X>-3145.38721</X>
        <Y>976.126831</Y>
        <Z>14.6171808</Z>
      </Vector3>
      <Vector3>
        <X>-3146.43726</X>
        <Y>971.0395</Y>
        <Z>15.7597055</Z>
      </Vector3>
      <Vector3>
        <X>-3143.38623</X>
        <Y>975.715637</Y>
        <Z>14.6248236</Z>
      </Vector3>
      <Vector3>
        <X>-3144.43628</X>
        <Y>970.628235</Y>
        <Z>15.7673483</Z>
      </Vector3>
      <Vector3>
        <X>-3145.4104</X>
        <Y>976.0413</Y>
        <Z>16.0703812</Z>
      </Vector3>
      <Vector3>
        <X>-3143.40942</X>
        <Y>975.630066</Y>
        <Z>16.078022</Z>
      </Vector3>
    </Bounds>
    <CenterCamPosition>
      <X>0</X>
      <Y>0</Y>
    </CenterCamPosition>
    <ScreenBounds />
    <DistanceToCam>0</DistanceToCam>
    <Speed>10.1580715</Speed>
    <AccInput>0.241830111</AccInput>
    <RPM>0.406049669</RPM>
    <Gear>2</Gear>
    <SteeringAngle>-0.008295435</SteeringAngle>
    <WheelSpeed>0</WheelSpeed>
    <CarType>Sports</CarType>
  </MyCar>
  <Peds />
  <Time>100546</Time>
  <LastFrameTime>0.0243879966</LastFrameTime>
  <MyProperty>0</MyProperty>
  <Weather>ExtraSunny</Weather>
  <Steering>127</Steering>
  <Acc>157</Acc>
  <Brake>127</Brake>
  <DayTime>06:52:29</DayTime>
  <Position>
    <X>-3144.73413</X>
    <Y>974.2566</Y>
    <Z>16.1484222</Z>
  </Position>
  <Rotation>
    <X>2.93084574</X>
    <Y>0.3016257</Y>
    <Z>-11.61727</Z>
  </Rotation>
</Screenshot>