<?xml version="1.0" encoding="utf-8"?>
<Screenshot xmlns:xsd="http://www.w3.org/2001/XMLSchema" xmlns:xsi="http://www.w3.org/2001/XMLSchema-instance">
  <Cars />
  <MyCar>
    <Position>
      <X>-3144.6062</X>
      <Y>974.8696</Y>
      <Z>15.2804174</Z>
    </Position>
    <Rotation>
      <X>3.6980567</X>
      <Y>-0.333533078</Y>
      <Z>-11.6294918</Z>
    </Rotation>
    <Handle>1538</Handle>
    <Bounds>
      <Vector3>
        <X>-3146.10645</X>
        <Y>972.620361</Y>
        <Z>14.3830805</Z>
      </Vector3>
      <Vector3>
        <X>-3144.10571</X>
        <Y>972.208557</Y>
        <Z>14.3949709</Z>
      </Vector3>
      <Vector3>
        <X>-3145.07935</X>
        <Y>977.6209</Y>
        <Z>14.7130232</Z>
      </Vector3>
      <Vector3>
        <X>-3146.13354</X>
        <Y>972.5301</Y>
        <Z>15.8359213</Z>
      </Vector3>
      <Vector3>
        <X>-3143.07861</X>
        <Y>977.2091</Y>
        <Z>14.7249136</Z>
      </Vector3>
      <Vector3>
        <X>-3144.13281</X>
        <Y>972.1183</Y>
        <Z>15.8478127</Z>
      </Vector3>
      <Vector3>
        <X>-3145.10645</X>
        <Y>977.53064</Y>
        <Z>16.1658649</Z>
      </Vector3>
      <Vector3>
        <X>-3143.10571</X>
        <Y>977.118835</Y>
        <Z>16.1777554</Z>
      </Vector3>
    </Bounds>
    <CenterCamPosition>
      <X>0</X>
      <Y>0</Y>
    </CenterCamPosition>
    <ScreenBounds />
    <DistanceToCam>0</DistanceToCam>
    <Speed>10.2670069</Speed>
    <AccInput>0.257516384</AccInput>
    <RPM>0.40984875</RPM>
    <Gear>2</Gear>
    <SteeringAngle>-1.04494643</SteeringAngle>
    <WheelSpeed>0</WheelSpeed>
    <CarType>Sports</CarType>
  </MyCar>
  <Peds />
  <Time>100696</Time>
  <LastFrameTime>0.0305720344</LastFrameTime>
  <MyProperty>0</MyProperty>
  <Weather>ExtraSunny</Weather>
  <Steering>136</Steering>
  <Acc>159</Acc>
  <Brake>127</Brake>
  <DayTime>06:52:34</DayTime>
  <Position>
    <X>-3144.44531</X>
    <Y>975.6802</Y>
    <Z>16.2368813</Z>
  </Position>
  <Rotation>
    <X>3.19535613</X>
    <Y>0.19144477</Y>
    <Z>-11.6125021</Z>
  </Rotation>
</Screenshot>