<?xml version="1.0" encoding="utf-8"?>
<Screenshot xmlns:xsd="http://www.w3.org/2001/XMLSchema" xmlns:xsi="http://www.w3.org/2001/XMLSchema-instance">
  <Cars />
  <MyCar>
    <Position>
      <X>-3144.66943</X>
      <Y>974.5629</Y>
      <Z>15.261425</Z>
    </Position>
    <Rotation>
      <X>3.69535637</X>
      <Y>-0.308555216</Y>
      <Z>-11.6125021</Z>
    </Rotation>
    <Handle>1538</Handle>
    <Bounds>
      <Vector3>
        <X>-3146.16943</X>
        <Y>972.313232</Y>
        <Z>14.3646488</Z>
      </Vector3>
      <Vector3>
        <X>-3144.16846</X>
        <Y>971.902039</Y>
        <Z>14.3756495</Z>
      </Vector3>
      <Vector3>
        <X>-3145.14355</X>
        <Y>977.3141</Y>
        <Z>14.6943521</Z>
      </Vector3>
      <Vector3>
        <X>-3146.196</X>
        <Y>972.2229</Y>
        <Z>15.8174982</Z>
      </Vector3>
      <Vector3>
        <X>-3143.14258</X>
        <Y>976.9029</Y>
        <Z>14.7053528</Z>
      </Vector3>
      <Vector3>
        <X>-3144.195</X>
        <Y>971.8117</Y>
        <Z>15.8284988</Z>
      </Vector3>
      <Vector3>
        <X>-3145.17017</X>
        <Y>977.223755</Y>
        <Z>16.1472015</Z>
      </Vector3>
      <Vector3>
        <X>-3143.16919</X>
        <Y>976.812561</Y>
        <Z>16.1582012</Z>
      </Vector3>
    </Bounds>
    <CenterCamPosition>
      <X>0</X>
      <Y>0</Y>
    </CenterCamPosition>
    <ScreenBounds />
    <DistanceToCam>0</DistanceToCam>
    <Speed>10.245676</Speed>
    <AccInput>0.257516384</AccInput>
    <RPM>0.4097978</RPM>
    <Gear>2</Gear>
    <SteeringAngle>-0.3658308</SteeringAngle>
    <WheelSpeed>0</WheelSpeed>
    <CarType>Sports</CarType>
  </MyCar>
  <Peds />
  <Time>100665</Time>
  <LastFrameTime>0.01985353</LastFrameTime>
  <MyProperty>0</MyProperty>
  <Weather>ExtraSunny</Weather>
  <Steering>134</Steering>
  <Acc>159</Acc>
  <Brake>127</Brake>
  <DayTime>06:52:33</DayTime>
  <Position>
    <X>-3144.4856</X>
    <Y>975.481445</Y>
    <Z>16.224659</Z>
  </Position>
  <Rotation>
    <X>3.17855644</X>
    <Y>0.215154067</Y>
    <Z>-11.6081448</Z>
  </Rotation>
</Screenshot>