<?xml version="1.0" encoding="utf-8"?>
<Screenshot xmlns:xsd="http://www.w3.org/2001/XMLSchema" xmlns:xsi="http://www.w3.org/2001/XMLSchema-instance">
  <Cars />
  <MyCar>
    <Position>
      <X>-3144.765</X>
      <Y>974.096558</Y>
      <Z>15.2339449</Z>
    </Position>
    <Rotation>
      <X>3.627815</X>
      <Y>-0.26495105</Y>
      <Z>-11.6047182</Z>
    </Rotation>
    <Handle>1538</Handle>
    <Bounds>
      <Vector3>
        <X>-3146.26538</X>
        <Y>971.845764</Y>
        <Z>14.3408966</Z>
      </Vector3>
      <Vector3>
        <X>-3144.2644</X>
        <Y>971.4349</Y>
        <Z>14.3503428</Z>
      </Vector3>
      <Vector3>
        <X>-3145.24</X>
        <Y>976.847046</Y>
        <Z>14.6645832</Z>
      </Vector3>
      <Vector3>
        <X>-3146.29053</X>
        <Y>971.7569</Y>
        <Z>15.7938614</Z>
      </Vector3>
      <Vector3>
        <X>-3143.239</X>
        <Y>976.436157</Y>
        <Z>14.6740294</Z>
      </Vector3>
      <Vector3>
        <X>-3144.28955</X>
        <Y>971.346</Y>
        <Z>15.8033066</Z>
      </Vector3>
      <Vector3>
        <X>-3145.26514</X>
        <Y>976.7582</Y>
        <Z>16.117548</Z>
      </Vector3>
      <Vector3>
        <X>-3143.26416</X>
        <Y>976.3473</Y>
        <Z>16.1269932</Z>
      </Vector3>
    </Bounds>
    <CenterCamPosition>
      <X>0</X>
      <Y>0</Y>
    </CenterCamPosition>
    <ScreenBounds />
    <DistanceToCam>0</DistanceToCam>
    <Speed>10.2105455</Speed>
    <AccInput>0.252287626</AccInput>
    <RPM>0.408099532</RPM>
    <Gear>2</Gear>
    <SteeringAngle>-0.00423923275</SteeringAngle>
    <WheelSpeed>0</WheelSpeed>
    <CarType>Sports</CarType>
  </MyCar>
  <Peds />
  <Time>100619</Time>
  <LastFrameTime>0.0230363142</LastFrameTime>
  <MyProperty>0</MyProperty>
  <Weather>ExtraSunny</Weather>
  <Steering>127</Steering>
  <Acc>159</Acc>
  <Brake>127</Brake>
  <DayTime>06:52:31</DayTime>
  <Position>
    <X>-3144.58618</X>
    <Y>974.985535</Y>
    <Z>16.1938438</Z>
  </Position>
  <Rotation>
    <X>3.082471</X>
    <Y>0.2491537</Y>
    <Z>-11.6074553</Z>
  </Rotation>
</Screenshot>