<?xml version="1.0" encoding="utf-8"?>
<Screenshot xmlns:xsd="http://www.w3.org/2001/XMLSchema" xmlns:xsi="http://www.w3.org/2001/XMLSchema-instance">
  <Cars />
  <MyCar>
    <Position>
      <X>-3144.71021</X>
      <Y>974.364</Y>
      <Z>15.2495346</Z>
    </Position>
    <Rotation>
      <X>3.678557</X>
      <Y>-0.284845859</Y>
      <Z>-11.6081467</Z>
    </Rotation>
    <Handle>1538</Handle>
    <Bounds>
      <Vector3>
        <X>-3146.21045</X>
        <Y>972.114</Y>
        <Z>14.3539133</Z>
      </Vector3>
      <Vector3>
        <X>-3144.20947</X>
        <Y>971.703</Y>
        <Z>14.364069</Z>
      </Vector3>
      <Vector3>
        <X>-3145.18481</X>
        <Y>977.115</Y>
        <Z>14.68212</Z>
      </Vector3>
      <Vector3>
        <X>-3146.23633</X>
        <Y>972.024</Y>
        <Z>15.8067932</Z>
      </Vector3>
      <Vector3>
        <X>-3143.18384</X>
        <Y>976.704</Y>
        <Z>14.692276</Z>
      </Vector3>
      <Vector3>
        <X>-3144.23535</X>
        <Y>971.613</Y>
        <Z>15.8169489</Z>
      </Vector3>
      <Vector3>
        <X>-3145.21069</X>
        <Y>977.024963</Y>
        <Z>16.135</Z>
      </Vector3>
      <Vector3>
        <X>-3143.20972</X>
        <Y>976.613953</Y>
        <Z>16.145155</Z>
      </Vector3>
    </Bounds>
    <CenterCamPosition>
      <X>0</X>
      <Y>0</Y>
    </CenterCamPosition>
    <ScreenBounds />
    <DistanceToCam>0</DistanceToCam>
    <Speed>10.2316446</Speed>
    <AccInput>0.257516384</AccInput>
    <RPM>0.408813864</RPM>
    <Gear>2</Gear>
    <SteeringAngle>-0.00329871313</SteeringAngle>
    <WheelSpeed>0</WheelSpeed>
    <CarType>Sports</CarType>
  </MyCar>
  <Peds />
  <Time>100645</Time>
  <LastFrameTime>0.0267357528</LastFrameTime>
  <MyProperty>0</MyProperty>
  <Weather>ExtraSunny</Weather>
  <Steering>127</Steering>
  <Acc>159</Acc>
  <Brake>127</Brake>
  <DayTime>06:52:32</DayTime>
  <Position>
    <X>-3144.53979</X>
    <Y>975.2148</Y>
    <Z>16.2080612</Z>
  </Position>
  <Rotation>
    <X>3.12781525</X>
    <Y>0.235048965</Y>
    <Z>-11.6047173</Z>
  </Rotation>
</Screenshot>