<?xml version="1.0" encoding="utf-8"?>
<Screenshot xmlns:xsd="http://www.w3.org/2001/XMLSchema" xmlns:xsi="http://www.w3.org/2001/XMLSchema-instance">
  <Cars />
  <MyCar>
    <Position>
      <X>-3144.56714</X>
      <Y>975.0579</Y>
      <Z>15.2922277</Z>
    </Position>
    <Rotation>
      <X>3.69593549</X>
      <Y>-0.345933944</Y>
      <Z>-11.646697</Z>
    </Rotation>
    <Handle>1538</Handle>
    <Bounds>
      <Vector3>
        <X>-3146.06787</X>
        <Y>972.809</Y>
        <Z>14.394763</Z>
      </Vector3>
      <Vector3>
        <X>-3144.06714</X>
        <Y>972.396667</Y>
        <Z>14.4070969</Z>
      </Vector3>
      <Vector3>
        <X>-3145.03931</X>
        <Y>977.809265</Y>
        <Z>14.7245169</Z>
      </Vector3>
      <Vector3>
        <X>-3146.09546</X>
        <Y>972.7189</Y>
        <Z>15.8476057</Z>
      </Vector3>
      <Vector3>
        <X>-3143.03857</X>
        <Y>977.3969</Y>
        <Z>14.73685</Z>
      </Vector3>
      <Vector3>
        <X>-3144.09473</X>
        <Y>972.3065</Y>
        <Z>15.85994</Z>
      </Vector3>
      <Vector3>
        <X>-3145.067</X>
        <Y>977.7191</Y>
        <Z>16.1773586</Z>
      </Vector3>
      <Vector3>
        <X>-3143.06616</X>
        <Y>977.306763</Y>
        <Z>16.1896935</Z>
      </Vector3>
    </Bounds>
    <CenterCamPosition>
      <X>0</X>
      <Y>0</Y>
    </CenterCamPosition>
    <ScreenBounds />
    <DistanceToCam>0</DistanceToCam>
    <Speed>10.2796974</Speed>
    <AccInput>0.257516384</AccInput>
    <RPM>0.410222471</RPM>
    <Gear>2</Gear>
    <SteeringAngle>-1.42102647</SteeringAngle>
    <WheelSpeed>0</WheelSpeed>
    <CarType>Sports</CarType>
  </MyCar>
  <Peds />
  <Time>100715</Time>
  <LastFrameTime>0.0187516417</LastFrameTime>
  <MyProperty>0</MyProperty>
  <Weather>ExtraSunny</Weather>
  <Steering>138</Steering>
  <Acc>159</Acc>
  <Brake>127</Brake>
  <DayTime>06:52:34</DayTime>
  <Position>
    <X>-3144.382</X>
    <Y>975.9868</Y>
    <Z>16.2559242</Z>
  </Position>
  <Rotation>
    <X>3.198057</X>
    <Y>0.166467</Y>
    <Z>-11.6294909</Z>
  </Rotation>
</Screenshot>