<?xml version="1.0" encoding="utf-8"?>
<Screenshot xmlns:xsd="http://www.w3.org/2001/XMLSchema" xmlns:xsi="http://www.w3.org/2001/XMLSchema-instance">
  <Cars />
  <MyCar>
    <Position>
      <X>-3144.50146</X>
      <Y>975.372253</Y>
      <Z>15.3120337</Z>
    </Position>
    <Rotation>
      <X>3.68796468</X>
      <Y>-0.364577234</Y>
      <Z>-11.6965561</Z>
    </Rotation>
    <Handle>1538</Handle>
    <Bounds>
      <Vector3>
        <X>-3146.004</X>
        <Y>973.1245</Y>
        <Z>14.414587</Z>
      </Vector3>
      <Vector3>
        <X>-3144.00366</X>
        <Y>972.7104</Y>
        <Z>14.4275856</Z>
      </Vector3>
      <Vector3>
        <X>-3144.971</X>
        <Y>978.1239</Y>
        <Z>14.7436295</Z>
      </Vector3>
      <Vector3>
        <X>-3146.032</X>
        <Y>973.034668</Y>
        <Z>15.86744</Z>
      </Vector3>
      <Vector3>
        <X>-3142.9707</X>
        <Y>977.7098</Y>
        <Z>14.756628</Z>
      </Vector3>
      <Vector3>
        <X>-3144.03174</X>
        <Y>972.620544</Y>
        <Z>15.8804379</Z>
      </Vector3>
      <Vector3>
        <X>-3144.999</X>
        <Y>978.034058</Y>
        <Z>16.1964836</Z>
      </Vector3>
      <Vector3>
        <X>-3142.99878</X>
        <Y>977.62</Y>
        <Z>16.20948</Z>
      </Vector3>
    </Bounds>
    <CenterCamPosition>
      <X>0</X>
      <Y>0</Y>
    </CenterCamPosition>
    <ScreenBounds />
    <DistanceToCam>0</DistanceToCam>
    <Speed>10.3007746</Speed>
    <AccInput>0.2679739</AccInput>
    <RPM>0.41074717</RPM>
    <Gear>2</Gear>
    <SteeringAngle>-1.95034385</SteeringAngle>
    <WheelSpeed>0</WheelSpeed>
    <CarType>Sports</CarType>
  </MyCar>
  <Peds />
  <Time>100746</Time>
  <LastFrameTime>0.0312571861</LastFrameTime>
  <MyProperty>0</MyProperty>
  <Weather>ExtraSunny</Weather>
  <Steering>138</Steering>
  <Acc>161</Acc>
  <Brake>127</Brake>
  <DayTime>06:52:35</DayTime>
  <Position>
    <X>-3144.34277</X>
    <Y>976.1751</Y>
    <Z>16.2676926</Z>
  </Position>
  <Rotation>
    <X>3.19593573</X>
    <Y>0.1540661</Y>
    <Z>-11.646697</Z>
  </Rotation>
</Screenshot>