<?xml version="1.0" encoding="utf-8"?>
<Screenshot xmlns:xsd="http://www.w3.org/2001/XMLSchema" xmlns:xsi="http://www.w3.org/2001/XMLSchema-instance">
  <Cars />
  <MyCar>
    <Position>
      <X>-3144.39331</X>
      <Y>975.880737</Y>
      <Z>15.3446617</Z>
    </Position>
    <Rotation>
      <X>3.69788933</X>
      <Y>-0.437773645</Y>
      <Z>-11.8283281</Z>
    </Rotation>
    <Handle>1538</Handle>
    <Bounds>
      <Vector3>
        <X>-3145.89966</X>
        <Y>973.636353</Y>
        <Z>14.4454851</Z>
      </Vector3>
      <Vector3>
        <X>-3143.90039</X>
        <Y>973.217651</Y>
        <Z>14.461092</Z>
      </Vector3>
      <Vector3>
        <X>-3144.85571</X>
        <Y>978.6334</Y>
        <Z>14.7754087</Z>
      </Vector3>
      <Vector3>
        <X>-3145.93</X>
        <Y>973.5467</Y>
        <Z>15.89831</Z>
      </Vector3>
      <Vector3>
        <X>-3142.85645</X>
        <Y>978.2147</Y>
        <Z>14.7910156</Z>
      </Vector3>
      <Vector3>
        <X>-3143.93066</X>
        <Y>973.128</Y>
        <Z>15.9139166</Z>
      </Vector3>
      <Vector3>
        <X>-3144.886</X>
        <Y>978.543762</Y>
        <Z>16.2282333</Z>
      </Vector3>
      <Vector3>
        <X>-3142.88672</X>
        <Y>978.125061</Y>
        <Z>16.2438412</Z>
      </Vector3>
    </Bounds>
    <CenterCamPosition>
      <X>0</X>
      <Y>0</Y>
    </CenterCamPosition>
    <ScreenBounds />
    <DistanceToCam>0</DistanceToCam>
    <Speed>10.3349295</Speed>
    <AccInput>0.273202658</AccInput>
    <RPM>0.4120353</RPM>
    <Gear>2</Gear>
    <SteeringAngle>-2.52140546</SteeringAngle>
    <WheelSpeed>0</WheelSpeed>
    <CarType>Sports</CarType>
  </MyCar>
  <Peds />
  <Time>100796</Time>
  <LastFrameTime>0.031676095</LastFrameTime>
  <MyProperty>0</MyProperty>
  <Weather>ExtraSunny</Weather>
  <Steering>138</Steering>
  <Acc>161</Acc>
  <Brake>127</Brake>
  <DayTime>06:52:37</DayTime>
  <Position>
    <X>-3144.23584</X>
    <Y>976.6785</Y>
    <Z>16.29926</Z>
  </Position>
  <Rotation>
    <X>3.185002</X>
    <Y>0.122477755</Y>
    <Z>-11.737031</Z>
  </Rotation>
</Screenshot>