<?xml version="1.0" encoding="utf-8"?>
<Screenshot xmlns:xsd="http://www.w3.org/2001/XMLSchema" xmlns:xsi="http://www.w3.org/2001/XMLSchema-instance">
  <Cars />
  <MyCar>
    <Position>
      <X>-3144.46143</X>
      <Y>975.5614</Y>
      <Z>15.3240166</Z>
    </Position>
    <Rotation>
      <X>3.685002</X>
      <Y>-0.3775222</Y>
      <Z>-11.737031</Z>
    </Rotation>
    <Handle>1538</Handle>
    <Bounds>
      <Vector3>
        <X>-3145.96533</X>
        <Y>973.314636</Y>
        <Z>14.4264708</Z>
      </Vector3>
      <Vector3>
        <X>-3143.96533</X>
        <Y>972.8991</Y>
        <Z>14.43993</Z>
      </Vector3>
      <Vector3>
        <X>-3144.929</X>
        <Y>978.313354</Y>
        <Z>14.7552481</Z>
      </Vector3>
      <Vector3>
        <X>-3145.99365</X>
        <Y>973.2249</Y>
        <Z>15.8793268</Z>
      </Vector3>
      <Vector3>
        <X>-3142.929</X>
        <Y>977.8978</Y>
        <Z>14.7687082</Z>
      </Vector3>
      <Vector3>
        <X>-3143.99365</X>
        <Y>972.809448</Y>
        <Z>15.892786</Z>
      </Vector3>
      <Vector3>
        <X>-3144.95728</X>
        <Y>978.2237</Y>
        <Z>16.2081051</Z>
      </Vector3>
      <Vector3>
        <X>-3142.95728</X>
        <Y>977.808167</Y>
        <Z>16.2215652</Z>
      </Vector3>
    </Bounds>
    <CenterCamPosition>
      <X>0</X>
      <Y>0</Y>
    </CenterCamPosition>
    <ScreenBounds />
    <DistanceToCam>0</DistanceToCam>
    <Speed>10.3132076</Speed>
    <AccInput>0.2679739</AccInput>
    <RPM>0.411366969</RPM>
    <Gear>2</Gear>
    <SteeringAngle>-2.18602562</SteeringAngle>
    <WheelSpeed>0</WheelSpeed>
    <CarType>Sports</CarType>
  </MyCar>
  <Peds />
  <Time>100765</Time>
  <LastFrameTime>0.0187904313</LastFrameTime>
  <MyProperty>0</MyProperty>
  <Weather>ExtraSunny</Weather>
  <Steering>138</Steering>
  <Acc>161</Acc>
  <Brake>127</Brake>
  <DayTime>06:52:36</DayTime>
  <Position>
    <X>-3144.27661</X>
    <Y>976.4895</Y>
    <Z>16.2873383</Z>
  </Position>
  <Rotation>
    <X>3.18796444</X>
    <Y>0.1354227</Y>
    <Z>-11.6965561</Z>
  </Rotation>
</Screenshot>