<?xml version="1.0" encoding="utf-8"?>
<Screenshot xmlns:xsd="http://www.w3.org/2001/XMLSchema" xmlns:xsi="http://www.w3.org/2001/XMLSchema-instance">
  <Cars />
  <MyCar>
    <Position>
      <X>-3144.23975</X>
      <Y>976.5846</Y>
      <Z>15.3892565</Z>
    </Position>
    <Rotation>
      <X>3.674966</X>
      <Y>-0.471018136</Y>
      <Z>-12.0987787</Z>
    </Rotation>
    <Handle>1538</Handle>
    <Bounds>
      <Vector3>
        <X>-3145.75635</X>
        <Y>974.346863</Y>
        <Z>14.4904938</Z>
      </Vector3>
      <Vector3>
        <X>-3143.759</X>
        <Y>973.918762</Y>
        <Z>14.5072861</Z>
      </Vector3>
      <Vector3>
        <X>-3144.689</X>
        <Y>979.3391</Y>
        <Z>14.8183737</Z>
      </Vector3>
      <Vector3>
        <X>-3145.7876</X>
        <Y>974.2581</Y>
        <Z>15.9433479</Z>
      </Vector3>
      <Vector3>
        <X>-3142.69165</X>
        <Y>978.911</Y>
        <Z>14.835166</Z>
      </Vector3>
      <Vector3>
        <X>-3143.79028</X>
        <Y>973.83</Y>
        <Z>15.96014</Z>
      </Vector3>
      <Vector3>
        <X>-3144.72021</X>
        <Y>979.250366</Y>
        <Z>16.2712269</Z>
      </Vector3>
      <Vector3>
        <X>-3142.723</X>
        <Y>978.822266</Y>
        <Z>16.2880211</Z>
      </Vector3>
    </Bounds>
    <CenterCamPosition>
      <X>0</X>
      <Y>0</Y>
    </CenterCamPosition>
    <ScreenBounds />
    <DistanceToCam>0</DistanceToCam>
    <Speed>10.38224</Speed>
    <AccInput>0.273202658</AccInput>
    <RPM>0.414077967</RPM>
    <Gear>2</Gear>
    <SteeringAngle>-3.03989387</SteeringAngle>
    <WheelSpeed>0</WheelSpeed>
    <CarType>Sports</CarType>
  </MyCar>
  <Peds />
  <Time>100866</Time>
  <LastFrameTime>0.0204527266</LastFrameTime>
  <MyProperty>0</MyProperty>
  <Weather>ExtraSunny</Weather>
  <Steering>139</Steering>
  <Acc>161</Acc>
  <Brake>127</Brake>
  <DayTime>06:52:39</DayTime>
  <Position>
    <X>-3144.05615</X>
    <Y>977.4942</Y>
    <Z>16.3513126</Z>
  </Position>
  <Rotation>
    <X>3.180984</X>
    <Y>0.0339650363</Y>
    <Z>-12.007349</Z>
  </Rotation>
</Screenshot>