<?xml version="1.0" encoding="utf-8"?>
<Screenshot xmlns:xsd="http://www.w3.org/2001/XMLSchema" xmlns:xsi="http://www.w3.org/2001/XMLSchema-instance">
  <Cars />
  <MyCar>
    <Position>
      <X>-3144.172</X>
      <Y>976.8853</Y>
      <Z>15.4085417</Z>
    </Position>
    <Rotation>
      <X>3.68101239</X>
      <Y>-0.4884293</Y>
      <Z>-12.2537985</Z>
    </Rotation>
    <Handle>1538</Handle>
    <Bounds>
      <Vector3>
        <X>-3145.69458</X>
        <Y>974.651733</Y>
        <Z>14.5092058</Z>
      </Vector3>
      <Vector3>
        <X>-3143.69824</X>
        <Y>974.2182</Y>
        <Z>14.52662</Z>
      </Vector3>
      <Vector3>
        <X>-3144.61377</X>
        <Y>979.641052</Y>
        <Z>14.8376236</Z>
      </Vector3>
      <Vector3>
        <X>-3145.72632</X>
        <Y>974.563049</Y>
        <Z>15.9620476</Z>
      </Vector3>
      <Vector3>
        <X>-3142.61768</X>
        <Y>979.2075</Y>
        <Z>14.8550377</Z>
      </Vector3>
      <Vector3>
        <X>-3143.73022</X>
        <Y>974.1295</Y>
        <Z>15.9794607</Z>
      </Vector3>
      <Vector3>
        <X>-3144.64575</X>
        <Y>979.552368</Y>
        <Z>16.2904644</Z>
      </Vector3>
      <Vector3>
        <X>-3142.64941</X>
        <Y>979.118835</Y>
        <Z>16.3078785</Z>
      </Vector3>
    </Bounds>
    <CenterCamPosition>
      <X>0</X>
      <Y>0</Y>
    </CenterCamPosition>
    <ScreenBounds />
    <DistanceToCam>0</DistanceToCam>
    <Speed>10.4023142</Speed>
    <AccInput>0.278431416</AccInput>
    <RPM>0.414779156</RPM>
    <Gear>2</Gear>
    <SteeringAngle>-3.35048127</SteeringAngle>
    <WheelSpeed>0</WheelSpeed>
    <CarType>Sports</CarType>
  </MyCar>
  <Peds />
  <Time>100896</Time>
  <LastFrameTime>0.0296997726</LastFrameTime>
  <MyProperty>0</MyProperty>
  <Weather>ExtraSunny</Weather>
  <Steering>140</Steering>
  <Acc>162</Acc>
  <Brake>127</Brake>
  <DayTime>06:52:40</DayTime>
  <Position>
    <X>-3144.00879</X>
    <Y>977.7008</Y>
    <Z>16.3642883</Z>
  </Position>
  <Rotation>
    <X>3.17496586</X>
    <Y>0.02898188</Y>
    <Z>-12.0987778</Z>
  </Rotation>
</Screenshot>