<?xml version="1.0" encoding="utf-8"?>
<Screenshot xmlns:xsd="http://www.w3.org/2001/XMLSchema" xmlns:xsi="http://www.w3.org/2001/XMLSchema-instance">
  <Cars />
  <MyCar>
    <Position>
      <X>-3144.2854</X>
      <Y>976.377747</Y>
      <Z>15.3761606</Z>
    </Position>
    <Rotation>
      <X>3.68098426</X>
      <Y>-0.466034979</Y>
      <Z>-12.00735</Z>
    </Rotation>
    <Handle>1538</Handle>
    <Bounds>
      <Vector3>
        <X>-3145.79858</X>
        <Y>974.1377</Y>
        <Z>14.4772224</Z>
      </Vector3>
      <Vector3>
        <X>-3143.80054</X>
        <Y>973.712769</Y>
        <Z>14.4938374</Z>
      </Vector3>
      <Vector3>
        <X>-3144.739</X>
        <Y>979.131653</Y>
        <Z>14.8056393</Z>
      </Vector3>
      <Vector3>
        <X>-3145.82959</X>
        <Y>974.048767</Y>
        <Z>15.930068</Z>
      </Vector3>
      <Vector3>
        <X>-3142.741</X>
        <Y>978.706665</Y>
        <Z>14.8222542</Z>
      </Vector3>
      <Vector3>
        <X>-3143.83154</X>
        <Y>973.6238</Y>
        <Z>15.9466829</Z>
      </Vector3>
      <Vector3>
        <X>-3144.77</X>
        <Y>979.042664</Y>
        <Z>16.2584839</Z>
      </Vector3>
      <Vector3>
        <X>-3142.772</X>
        <Y>978.617737</Y>
        <Z>16.2750988</Z>
      </Vector3>
    </Bounds>
    <CenterCamPosition>
      <X>0</X>
      <Y>0</Y>
    </CenterCamPosition>
    <ScreenBounds />
    <DistanceToCam>0</DistanceToCam>
    <Speed>10.3684988</Speed>
    <AccInput>0.273202658</AccInput>
    <RPM>0.413442254</RPM>
    <Gear>2</Gear>
    <SteeringAngle>-2.867899</SteeringAngle>
    <WheelSpeed>0</WheelSpeed>
    <CarType>Sports</CarType>
  </MyCar>
  <Peds />
  <Time>100845</Time>
  <LastFrameTime>0.0294841118</LastFrameTime>
  <MyProperty>0</MyProperty>
  <Weather>ExtraSunny</Weather>
  <Steering>138</Steering>
  <Acc>161</Acc>
  <Brake>127</Brake>
  <DayTime>06:52:38</DayTime>
  <Position>
    <X>-3144.12329</X>
    <Y>977.1965</Y>
    <Z>16.33265</Z>
  </Position>
  <Rotation>
    <X>3.19154024</X>
    <Y>0.047450874</Y>
    <Z>-11.89196</Z>
  </Rotation>
</Screenshot>