<?xml version="1.0" encoding="utf-8"?>
<Screenshot xmlns:xsd="http://www.w3.org/2001/XMLSchema" xmlns:xsi="http://www.w3.org/2001/XMLSchema-instance">
  <Cars />
  <MyCar>
    <Position>
      <X>-3144.35059</X>
      <Y>976.0798</Y>
      <Z>15.3572855</Z>
    </Position>
    <Rotation>
      <X>3.69154024</X>
      <Y>-0.45254916</Y>
      <Z>-11.89196</Z>
    </Rotation>
    <Handle>1538</Handle>
    <Bounds>
      <Vector3>
        <X>-3145.85938</X>
        <Y>973.8369</Y>
        <Z>14.4581242</Z>
      </Vector3>
      <Vector3>
        <X>-3143.8606</X>
        <Y>973.416</Y>
        <Z>14.4742584</Z>
      </Vector3>
      <Vector3>
        <X>-3144.80981</X>
        <Y>978.8329</Y>
        <Z>14.7874823</Z>
      </Vector3>
      <Vector3>
        <X>-3145.89</X>
        <Y>973.747559</Y>
        <Z>15.9109554</Z>
      </Vector3>
      <Vector3>
        <X>-3142.811</X>
        <Y>978.4119</Y>
        <Z>14.8036165</Z>
      </Vector3>
      <Vector3>
        <X>-3143.891</X>
        <Y>973.3266</Y>
        <Z>15.92709</Z>
      </Vector3>
      <Vector3>
        <X>-3144.84033</X>
        <Y>978.7435</Y>
        <Z>16.2403126</Z>
      </Vector3>
      <Vector3>
        <X>-3142.84155</X>
        <Y>978.3226</Y>
        <Z>16.2564468</Z>
      </Vector3>
    </Bounds>
    <CenterCamPosition>
      <X>0</X>
      <Y>0</Y>
    </CenterCamPosition>
    <ScreenBounds />
    <DistanceToCam>0</DistanceToCam>
    <Speed>10.3484564</Speed>
    <AccInput>0.273202658</AccInput>
    <RPM>0.412929565</RPM>
    <Gear>2</Gear>
    <SteeringAngle>-2.67533445</SteeringAngle>
    <WheelSpeed>0</WheelSpeed>
    <CarType>Sports</CarType>
  </MyCar>
  <Peds />
  <Time>100816</Time>
  <LastFrameTime>0.0197166856</LastFrameTime>
  <MyProperty>0</MyProperty>
  <Weather>ExtraSunny</Weather>
  <Steering>138</Steering>
  <Acc>161</Acc>
  <Brake>127</Brake>
  <DayTime>06:52:37</DayTime>
  <Position>
    <X>-3144.167</X>
    <Y>976.9975</Y>
    <Z>16.3201542</Z>
  </Position>
  <Rotation>
    <X>3.19788885</X>
    <Y>0.062226288</Y>
    <Z>-11.8283262</Z>
  </Rotation>
</Screenshot>