<?xml version="1.0" encoding="utf-8"?>
<Screenshot xmlns:xsd="http://www.w3.org/2001/XMLSchema" xmlns:xsi="http://www.w3.org/2001/XMLSchema-instance">
  <Cars />
  <MyCar>
    <Position>
      <X>-3144.00513</X>
      <Y>977.606445</Y>
      <Z>15.45645</Z>
    </Position>
    <Rotation>
      <X>3.77882171</X>
      <Y>-0.514270961</Y>
      <Z>-12.7107248</Z>
    </Rotation>
    <Handle>1538</Handle>
    <Bounds>
      <Vector3>
        <X>-3145.54443</X>
        <Y>975.3865</Y>
        <Z>14.5523815</Z>
      </Vector3>
      <Vector3>
        <X>-3143.552</X>
        <Y>974.937</Y>
        <Z>14.5707169</Z>
      </Vector3>
      <Vector3>
        <X>-3144.42432</X>
        <Y>980.3665</Y>
        <Z>14.8895121</Z>
      </Vector3>
      <Vector3>
        <X>-3145.57837</X>
        <Y>975.2958</Y>
        <Z>16.0050545</Z>
      </Vector3>
      <Vector3>
        <X>-3142.43164</X>
        <Y>979.9171</Y>
        <Z>14.9078465</Z>
      </Vector3>
      <Vector3>
        <X>-3143.58569</X>
        <Y>974.8463</Y>
        <Z>16.02339</Z>
      </Vector3>
      <Vector3>
        <X>-3144.458</X>
        <Y>980.2758</Y>
        <Z>16.342186</Z>
      </Vector3>
      <Vector3>
        <X>-3142.46558</X>
        <Y>979.826355</Y>
        <Z>16.3605213</Z>
      </Vector3>
    </Bounds>
    <CenterCamPosition>
      <X>0</X>
      <Y>0</Y>
    </CenterCamPosition>
    <ScreenBounds />
    <DistanceToCam>0</DistanceToCam>
    <Speed>10.4574413</Speed>
    <AccInput>0.278431416</AccInput>
    <RPM>0.418015748</RPM>
    <Gear>2</Gear>
    <SteeringAngle>-4.024137</SteeringAngle>
    <WheelSpeed>0</WheelSpeed>
    <CarType>Sports</CarType>
  </MyCar>
  <Peds />
  <Time>100967</Time>
  <LastFrameTime>0.0209644176</LastFrameTime>
  <MyProperty>0</MyProperty>
  <Weather>ExtraSunny</Weather>
  <Steering>143</Steering>
  <Acc>162</Acc>
  <Brake>127</Brake>
  <DayTime>06:52:42</DayTime>
  <Position>
    <X>-3143.816</X>
    <Y>978.5069</Y>
    <Z>16.4185734</Z>
  </Position>
  <Rotation>
    <X>3.244284</X>
    <Y>-0.0119784437</Y>
    <Z>-12.5624542</Z>
  </Rotation>
</Screenshot>