<?xml version="1.0" encoding="utf-8"?>
<Screenshot xmlns:xsd="http://www.w3.org/2001/XMLSchema" xmlns:xsi="http://www.w3.org/2001/XMLSchema-instance">
  <Cars />
  <MyCar>
    <Position>
      <X>-3143.9353</X>
      <Y>977.898</Y>
      <Z>15.4761047</Z>
    </Position>
    <Rotation>
      <X>3.82744861</X>
      <Y>-0.5112659</Y>
      <Z>-12.9344025</Z>
    </Rotation>
    <Handle>1538</Handle>
    <Bounds>
      <Vector3>
        <X>-3145.48315</X>
        <Y>975.6848</Y>
        <Z>14.5699644</Z>
      </Vector3>
      <Vector3>
        <X>-3143.49243</X>
        <Y>975.2276</Y>
        <Z>14.588192</Z>
      </Vector3>
      <Vector3>
        <X>-3144.34375</X>
        <Y>980.660156</Y>
        <Z>14.9114265</Z>
      </Vector3>
      <Vector3>
        <X>-3145.51758</X>
        <Y>975.593</Y>
        <Z>16.0225582</Z>
      </Vector3>
      <Vector3>
        <X>-3142.35278</X>
        <Y>980.202942</Y>
        <Z>14.9296541</Z>
      </Vector3>
      <Vector3>
        <X>-3143.52686</X>
        <Y>975.1358</Y>
        <Z>16.0407848</Z>
      </Vector3>
      <Vector3>
        <X>-3144.378</X>
        <Y>980.568359</Y>
        <Z>16.36402</Z>
      </Vector3>
      <Vector3>
        <X>-3142.38721</X>
        <Y>980.111145</Y>
        <Z>16.3822479</Z>
      </Vector3>
    </Bounds>
    <CenterCamPosition>
      <X>0</X>
      <Y>0</Y>
    </CenterCamPosition>
    <ScreenBounds />
    <DistanceToCam>0</DistanceToCam>
    <Speed>10.4805031</Speed>
    <AccInput>0.283660173</AccInput>
    <RPM>0.4187553</RPM>
    <Gear>2</Gear>
    <SteeringAngle>-4.289505</SteeringAngle>
    <WheelSpeed>0</WheelSpeed>
    <CarType>Sports</CarType>
  </MyCar>
  <Peds />
  <Time>100995</Time>
  <LastFrameTime>0.0286888033</LastFrameTime>
  <MyProperty>0</MyProperty>
  <Weather>ExtraSunny</Weather>
  <Steering>143</Steering>
  <Acc>163</Acc>
  <Brake>127</Brake>
  <DayTime>06:52:43</DayTime>
  <Position>
    <X>-3143.76318</X>
    <Y>978.718567</Y>
    <Z>16.43354</Z>
  </Position>
  <Rotation>
    <X>3.27882147</X>
    <Y>-0.0142709846</Y>
    <Z>-12.7107239</Z>
  </Rotation>
</Screenshot>