<?xml version="1.0" encoding="utf-8"?>
<Screenshot xmlns:xsd="http://www.w3.org/2001/XMLSchema" xmlns:xsi="http://www.w3.org/2001/XMLSchema-instance">
  <Cars />
  <MyCar>
    <Position>
      <X>-3144.11255</X>
      <Y>977.1461</Y>
      <Z>15.4257488</Z>
    </Position>
    <Rotation>
      <X>3.70383215</X>
      <Y>-0.4969138</Y>
      <Z>-12.4040995</Z>
    </Rotation>
    <Handle>1538</Handle>
    <Bounds>
      <Vector3>
        <X>-3145.64063</X>
        <Y>974.9169</Y>
        <Z>14.5252657</Z>
      </Vector3>
      <Vector3>
        <X>-3143.64551</X>
        <Y>974.4781</Y>
        <Z>14.5429811</Z>
      </Vector3>
      <Vector3>
        <X>-3144.54688</X>
        <Y>979.903259</Y>
        <Z>14.8557158</Z>
      </Vector3>
      <Vector3>
        <X>-3145.673</X>
        <Y>974.8277</Y>
        <Z>15.9780684</Z>
      </Vector3>
      <Vector3>
        <X>-3142.55176</X>
        <Y>979.4645</Y>
        <Z>14.8734322</Z>
      </Vector3>
      <Vector3>
        <X>-3143.678</X>
        <Y>974.389</Y>
        <Z>15.9957838</Z>
      </Vector3>
      <Vector3>
        <X>-3144.57935</X>
        <Y>979.8141</Y>
        <Z>16.30852</Z>
      </Vector3>
      <Vector3>
        <X>-3142.58423</X>
        <Y>979.3753</Y>
        <Z>16.3262348</Z>
      </Vector3>
    </Bounds>
    <CenterCamPosition>
      <X>0</X>
      <Y>0</Y>
    </CenterCamPosition>
    <ScreenBounds />
    <DistanceToCam>0</DistanceToCam>
    <Speed>10.4216623</Speed>
    <AccInput>0.278431416</AccInput>
    <RPM>0.415589243</RPM>
    <Gear>2</Gear>
    <SteeringAngle>-3.553433</SteeringAngle>
    <WheelSpeed>0</WheelSpeed>
    <CarType>Sports</CarType>
  </MyCar>
  <Peds />
  <Time>100921</Time>
  <LastFrameTime>0.0257359538</LastFrameTime>
  <MyProperty>0</MyProperty>
  <Weather>ExtraSunny</Weather>
  <Steering>140</Steering>
  <Acc>162</Acc>
  <Brake>127</Brake>
  <DayTime>06:52:41</DayTime>
  <Position>
    <X>-3143.93823</X>
    <Y>978.000854</Y>
    <Z>16.3836918</Z>
  </Position>
  <Rotation>
    <X>3.18101215</X>
    <Y>0.0115707135</Y>
    <Z>-12.2537975</Z>
  </Rotation>
</Screenshot>