<?xml version="1.0" encoding="utf-8"?>
<Screenshot xmlns:xsd="http://www.w3.org/2001/XMLSchema" xmlns:xsi="http://www.w3.org/2001/XMLSchema-instance">
  <Cars />
  <MyCar>
    <Position>
      <X>-3144.05518</X>
      <Y>977.3936</Y>
      <Z>15.4421692</Z>
    </Position>
    <Rotation>
      <X>3.744284</X>
      <Y>-0.5119784</Y>
      <Z>-12.5624542</Z>
    </Rotation>
    <Handle>1538</Handle>
    <Bounds>
      <Vector3>
        <X>-3145.58887</X>
        <Y>975.1691</Y>
        <Z>14.5396509</Z>
      </Vector3>
      <Vector3>
        <X>-3143.59521</X>
        <Y>974.724854</Y>
        <Z>14.5579033</Z>
      </Vector3>
      <Vector3>
        <X>-3144.48145</X>
        <Y>980.1523</Y>
        <Z>14.873704</Z>
      </Vector3>
      <Vector3>
        <X>-3145.62231</X>
        <Y>975.079163</Y>
        <Z>15.992383</Z>
      </Vector3>
      <Vector3>
        <X>-3142.48779</X>
        <Y>979.708</Y>
        <Z>14.8919573</Z>
      </Vector3>
      <Vector3>
        <X>-3143.62866</X>
        <Y>974.6349</Y>
        <Z>16.0106354</Z>
      </Vector3>
      <Vector3>
        <X>-3144.515</X>
        <Y>980.0623</Y>
        <Z>16.326437</Z>
      </Vector3>
      <Vector3>
        <X>-3142.52124</X>
        <Y>979.618042</Y>
        <Z>16.34469</Z>
      </Vector3>
    </Bounds>
    <CenterCamPosition>
      <X>0</X>
      <Y>0</Y>
    </CenterCamPosition>
    <ScreenBounds />
    <DistanceToCam>0</DistanceToCam>
    <Speed>10.4400759</Speed>
    <AccInput>0.278431416</AccInput>
    <RPM>0.4166328</RPM>
    <Gear>2</Gear>
    <SteeringAngle>-3.78952384</SteeringAngle>
    <WheelSpeed>0</WheelSpeed>
    <CarType>Sports</CarType>
  </MyCar>
  <Peds />
  <Time>100946</Time>
  <LastFrameTime>0.0243997872</LastFrameTime>
  <MyProperty>0</MyProperty>
  <Weather>ExtraSunny</Weather>
  <Steering>142</Steering>
  <Acc>162</Acc>
  <Brake>127</Brake>
  <DayTime>06:52:41</DayTime>
  <Position>
    <X>-3143.876</X>
    <Y>978.2607</Y>
    <Z>16.4013519</Z>
  </Position>
  <Rotation>
    <X>3.203832</X>
    <Y>0.00308623142</Y>
    <Z>-12.4040985</Z>
  </Rotation>
</Screenshot>