<?xml version="1.0" encoding="utf-8"?>
<Screenshot xmlns:xsd="http://www.w3.org/2001/XMLSchema" xmlns:xsi="http://www.w3.org/2001/XMLSchema-instance">
  <Cars />
  <MyCar>
    <Position>
      <X>-3143.67773</X>
      <Y>978.9207</Y>
      <Z>15.5454807</Z>
    </Position>
    <Rotation>
      <X>3.98333144</X>
      <Y>-0.4705759</Y>
      <Z>-13.8787661</Z>
    </Rotation>
    <Handle>1538</Handle>
    <Bounds>
      <Vector3>
        <X>-3145.262</X>
        <Y>976.73584</Y>
        <Z>14.6332521</Z>
      </Vector3>
      <Vector3>
        <X>-3143.27881</X>
        <Y>976.2459</Y>
        <Z>14.6500292</Z>
      </Vector3>
      <Vector3>
        <X>-3144.04053</X>
        <Y>981.6908</Y>
        <Z>14.9886017</Z>
      </Vector3>
      <Vector3>
        <X>-3145.29761</X>
        <Y>976.6405</Y>
        <Z>16.0855846</Z>
      </Vector3>
      <Vector3>
        <X>-3142.05762</X>
        <Y>981.200867</Y>
        <Z>15.0053787</Z>
      </Vector3>
      <Vector3>
        <X>-3143.3147</X>
        <Y>976.1506</Y>
        <Z>16.1023617</Z>
      </Vector3>
      <Vector3>
        <X>-3144.07642</X>
        <Y>981.595459</Y>
        <Z>16.4409332</Z>
      </Vector3>
      <Vector3>
        <X>-3142.09351</X>
        <Y>981.1055</Y>
        <Z>16.45771</Z>
      </Vector3>
    </Bounds>
    <CenterCamPosition>
      <X>0</X>
      <Y>0</Y>
    </CenterCamPosition>
    <ScreenBounds />
    <DistanceToCam>0</DistanceToCam>
    <Speed>10.5568829</Speed>
    <AccInput>0.283660173</AccInput>
    <RPM>0.421714038</RPM>
    <Gear>2</Gear>
    <SteeringAngle>-5.172108</SteeringAngle>
    <WheelSpeed>0</WheelSpeed>
    <CarType>Sports</CarType>
  </MyCar>
  <Peds />
  <Time>101096</Time>
  <LastFrameTime>0.0313766524</LastFrameTime>
  <MyProperty>0</MyProperty>
  <Weather>ExtraSunny</Weather>
  <Steering>146</Steering>
  <Acc>163</Acc>
  <Brake>127</Brake>
  <DayTime>06:52:46</DayTime>
  <Position>
    <X>-3143.50269</X>
    <Y>979.7068</Y>
    <Z>16.5037327</Z>
  </Position>
  <Rotation>
    <X>3.43135452</X>
    <Y>0.00640367623</Y>
    <Z>-13.5566645</Z>
  </Rotation>
</Screenshot>