<?xml version="1.0" encoding="utf-8"?>
<Screenshot xmlns:xsd="http://www.w3.org/2001/XMLSchema" xmlns:xsi="http://www.w3.org/2001/XMLSchema-instance">
  <Cars />
  <MyCar>
    <Position>
      <X>-3143.80957</X>
      <Y>978.4079</Y>
      <Z>15.5105448</Z>
    </Position>
    <Rotation>
      <X>3.90277886</X>
      <Y>-0.499186</Y>
      <Z>-13.37488</Z>
    </Rotation>
    <Handle>1538</Handle>
    <Bounds>
      <Vector3>
        <X>-3145.37427</X>
        <Y>976.2079</Y>
        <Z>14.6013269</Z>
      </Vector3>
      <Vector3>
        <X>-3143.387</X>
        <Y>975.735352</Y>
        <Z>14.6191244</Z>
      </Vector3>
      <Vector3>
        <X>-3144.19653</X>
        <Y>981.1739</Y>
        <Z>14.9495</Z>
      </Vector3>
      <Vector3>
        <X>-3145.40942</X>
        <Y>976.1144</Y>
        <Z>16.053793</Z>
      </Vector3>
      <Vector3>
        <X>-3142.20947</X>
        <Y>980.701355</Y>
        <Z>14.9672976</Z>
      </Vector3>
      <Vector3>
        <X>-3143.42236</X>
        <Y>975.641846</Y>
        <Z>16.07159</Z>
      </Vector3>
      <Vector3>
        <X>-3144.232</X>
        <Y>981.0804</Y>
        <Z>16.4019661</Z>
      </Vector3>
      <Vector3>
        <X>-3142.24463</X>
        <Y>980.6079</Y>
        <Z>16.4197636</Z>
      </Vector3>
    </Bounds>
    <CenterCamPosition>
      <X>0</X>
      <Y>0</Y>
    </CenterCamPosition>
    <ScreenBounds />
    <DistanceToCam>0</DistanceToCam>
    <Speed>10.5194426</Speed>
    <AccInput>0.283660173</AccInput>
    <RPM>0.4203208</RPM>
    <Gear>2</Gear>
    <SteeringAngle>-4.763559</SteeringAngle>
    <WheelSpeed>0</WheelSpeed>
    <CarType>Sports</CarType>
  </MyCar>
  <Peds />
  <Time>101045</Time>
  <LastFrameTime>0.02915581</LastFrameTime>
  <MyProperty>0</MyProperty>
  <Weather>ExtraSunny</Weather>
  <Steering>144</Steering>
  <Acc>163</Acc>
  <Brake>127</Brake>
  <DayTime>06:52:44</DayTime>
  <Position>
    <X>-3143.634</X>
    <Y>979.2201</Y>
    <Z>16.4692364</Z>
  </Position>
  <Rotation>
    <X>3.36207628</X>
    <Y>-0.007805145</Y>
    <Z>-13.1102076</Z>
  </Rotation>
</Screenshot>