<?xml version="1.0" encoding="utf-8"?>
<Screenshot xmlns:xsd="http://www.w3.org/2001/XMLSchema" xmlns:xsi="http://www.w3.org/2001/XMLSchema-instance">
  <Cars />
  <MyCar>
    <Position>
      <X>-3143.76074</X>
      <Y>978.600952</Y>
      <Z>15.523613</Z>
    </Position>
    <Rotation>
      <X>3.93135428</X>
      <Y>-0.4935963</Y>
      <Z>-13.5566654</Z>
    </Rotation>
    <Handle>1538</Handle>
    <Bounds>
      <Vector3>
        <X>-3145.33252</X>
        <Y>976.4063</Y>
        <Z>14.6132469</Z>
      </Vector3>
      <Vector3>
        <X>-3143.34668</X>
        <Y>975.927551</Y>
        <Z>14.6308441</Z>
      </Vector3>
      <Vector3>
        <X>-3144.139</X>
        <Y>981.3684</Y>
        <Z>14.9639654</Z>
      </Vector3>
      <Vector3>
        <X>-3145.368</X>
        <Y>976.312256</Y>
        <Z>16.0656643</Z>
      </Vector3>
      <Vector3>
        <X>-3142.15332</X>
        <Y>980.8896</Y>
        <Z>14.9815626</Z>
      </Vector3>
      <Vector3>
        <X>-3143.38232</X>
        <Y>975.833435</Y>
        <Z>16.0832634</Z>
      </Vector3>
      <Vector3>
        <X>-3144.17456</X>
        <Y>981.2743</Y>
        <Z>16.4163837</Z>
      </Vector3>
      <Vector3>
        <X>-3142.189</X>
        <Y>980.795532</Y>
        <Z>16.43398</Z>
      </Vector3>
    </Bounds>
    <CenterCamPosition>
      <X>0</X>
      <Y>0</Y>
    </CenterCamPosition>
    <ScreenBounds />
    <DistanceToCam>0</DistanceToCam>
    <Speed>10.5334816</Speed>
    <AccInput>0.283660173</AccInput>
    <RPM>0.420968771</RPM>
    <Gear>2</Gear>
    <SteeringAngle>-4.888704</SteeringAngle>
    <WheelSpeed>0</WheelSpeed>
    <CarType>Sports</CarType>
  </MyCar>
  <Peds />
  <Time>101064</Time>
  <LastFrameTime>0.0189508572</LastFrameTime>
  <MyProperty>0</MyProperty>
  <Weather>ExtraSunny</Weather>
  <Steering>144</Steering>
  <Acc>163</Acc>
  <Brake>127</Brake>
  <DayTime>06:52:45</DayTime>
  <Position>
    <X>-3143.55518</X>
    <Y>979.515</Y>
    <Z>16.490097</Z>
  </Position>
  <Rotation>
    <X>3.40277863</X>
    <Y>0.000814019761</Y>
    <Z>-13.37488</Z>
  </Rotation>
</Screenshot>