<?xml version="1.0" encoding="utf-8"?>
<Screenshot xmlns:xsd="http://www.w3.org/2001/XMLSchema" xmlns:xsi="http://www.w3.org/2001/XMLSchema-instance">
  <Cars />
  <MyCar>
    <Position>
      <X>-3143.8833</X>
      <Y>978.1111</Y>
      <Z>15.4904919</Z>
    </Position>
    <Rotation>
      <X>3.86207652</X>
      <Y>-0.507805169</Y>
      <Z>-13.1102085</Z>
    </Rotation>
    <Handle>1538</Handle>
    <Bounds>
      <Vector3>
        <X>-3145.43774</X>
        <Y>975.9032</Y>
        <Z>14.5829</Z>
      </Vector3>
      <Vector3>
        <X>-3143.44849</X>
        <Y>975.4399</Y>
        <Z>14.6010036</Z>
      </Vector3>
      <Vector3>
        <X>-3144.2832</X>
        <Y>980.8748</Y>
        <Z>14.9274473</Z>
      </Vector3>
      <Vector3>
        <X>-3145.47266</X>
        <Y>975.8106</Y>
        <Z>16.0354347</Z>
      </Vector3>
      <Vector3>
        <X>-3142.2937</X>
        <Y>980.4115</Y>
        <Z>14.9455509</Z>
      </Vector3>
      <Vector3>
        <X>-3143.48315</X>
        <Y>975.3473</Y>
        <Z>16.05354</Z>
      </Vector3>
      <Vector3>
        <X>-3144.31787</X>
        <Y>980.7822</Y>
        <Z>16.379982</Z>
      </Vector3>
      <Vector3>
        <X>-3142.32861</X>
        <Y>980.3189</Y>
        <Z>16.3980865</Z>
      </Vector3>
    </Bounds>
    <CenterCamPosition>
      <X>0</X>
      <Y>0</Y>
    </CenterCamPosition>
    <ScreenBounds />
    <DistanceToCam>0</DistanceToCam>
    <Speed>10.496973</Speed>
    <AccInput>0.283660173</AccInput>
    <RPM>0.419565558</RPM>
    <Gear>2</Gear>
    <SteeringAngle>-4.509923</SteeringAngle>
    <WheelSpeed>0</WheelSpeed>
    <CarType>Sports</CarType>
  </MyCar>
  <Peds />
  <Time>101016</Time>
  <LastFrameTime>0.020949522</LastFrameTime>
  <MyProperty>0</MyProperty>
  <Weather>ExtraSunny</Weather>
  <Steering>144</Steering>
  <Acc>163</Acc>
  <Brake>127</Brake>
  <DayTime>06:52:43</DayTime>
  <Position>
    <X>-3143.68921</X>
    <Y>979.008362</Y>
    <Z>16.45416</Z>
  </Position>
  <Rotation>
    <X>3.32744837</X>
    <Y>-0.01126581</Y>
    <Z>-12.9344015</Z>
  </Rotation>
</Screenshot>