<?xml version="1.0" encoding="utf-8"?>
<Screenshot xmlns:xsd="http://www.w3.org/2001/XMLSchema" xmlns:xsi="http://www.w3.org/2001/XMLSchema-instance">
  <Cars />
  <MyCar>
    <Position>
      <X>-3143.62378</X>
      <Y>979.125366</Y>
      <Z>15.55948</Z>
    </Position>
    <Rotation>
      <X>4.0007596</X>
      <Y>-0.483471662</Y>
      <Z>-14.09669</Z>
    </Rotation>
    <Handle>1538</Handle>
    <Bounds>
      <Vector3>
        <X>-3145.21582</X>
        <Y>976.9468</Y>
        <Z>14.6462622</Z>
      </Vector3>
      <Vector3>
        <X>-3143.23486</X>
        <Y>976.4493</Y>
        <Z>14.6634989</Z>
      </Vector3>
      <Vector3>
        <X>-3143.97583</X>
        <Y>981.897</Y>
        <Z>15.0031633</Z>
      </Vector3>
      <Vector3>
        <X>-3145.25244</X>
        <Y>976.8512</Y>
        <Z>16.09856</Z>
      </Vector3>
      <Vector3>
        <X>-3141.99487</X>
        <Y>981.3995</Y>
        <Z>15.0204</Z>
      </Vector3>
      <Vector3>
        <X>-3143.27148</X>
        <Y>976.3537</Y>
        <Z>16.115797</Z>
      </Vector3>
      <Vector3>
        <X>-3144.01245</X>
        <Y>981.8014</Y>
        <Z>16.4554615</Z>
      </Vector3>
      <Vector3>
        <X>-3142.03149</X>
        <Y>981.3039</Y>
        <Z>16.4726982</Z>
      </Vector3>
    </Bounds>
    <CenterCamPosition>
      <X>0</X>
      <Y>0</Y>
    </CenterCamPosition>
    <ScreenBounds />
    <DistanceToCam>0</DistanceToCam>
    <Speed>10.5716057</Speed>
    <AccInput>0.283660173</AccInput>
    <RPM>0.42268163</RPM>
    <Gear>2</Gear>
    <SteeringAngle>-5.306424</SteeringAngle>
    <WheelSpeed>0</WheelSpeed>
    <CarType>Sports</CarType>
  </MyCar>
  <Peds />
  <Time>101116</Time>
  <LastFrameTime>0.0200691912</LastFrameTime>
  <MyProperty>0</MyProperty>
  <Weather>ExtraSunny</Weather>
  <Steering>146</Steering>
  <Acc>163</Acc>
  <Brake>127</Brake>
  <DayTime>06:52:46</DayTime>
  <Position>
    <X>-3143.41333</X>
    <Y>980.0241</Y>
    <Z>16.5266323</Z>
  </Position>
  <Rotation>
    <X>3.48333144</X>
    <Y>0.0294241831</Y>
    <Z>-13.8787642</Z>
  </Rotation>
</Screenshot>