<?xml version="1.0" encoding="utf-8"?>
<Screenshot xmlns:xsd="http://www.w3.org/2001/XMLSchema" xmlns:xsi="http://www.w3.org/2001/XMLSchema-instance">
  <Cars />
  <MyCar>
    <Position>
      <X>-3143.543</X>
      <Y>979.4263</Y>
      <Z>15.5802708</Z>
    </Position>
    <Rotation>
      <X>4.01499128</X>
      <Y>-0.5195237</Y>
      <Z>-14.43965</Z>
    </Rotation>
    <Handle>1538</Handle>
    <Bounds>
      <Vector3>
        <X>-3145.14746</X>
        <Y>977.2573</Y>
        <Z>14.6657944</Z>
      </Vector3>
      <Vector3>
        <X>-3143.16943</X>
        <Y>976.7479</Y>
        <Z>14.6843166</Z>
      </Vector3>
      <Vector3>
        <X>-3143.87817</X>
        <Y>982.199951</Y>
        <Z>15.0239611</Z>
      </Vector3>
      <Vector3>
        <X>-3145.18579</X>
        <Y>977.161865</Y>
        <Z>16.1180611</Z>
      </Vector3>
      <Vector3>
        <X>-3141.90015</X>
        <Y>981.6906</Y>
        <Z>15.0424833</Z>
      </Vector3>
      <Vector3>
        <X>-3143.20752</X>
        <Y>976.6525</Y>
        <Z>16.1365814</Z>
      </Vector3>
      <Vector3>
        <X>-3143.91626</X>
        <Y>982.104553</Y>
        <Z>16.4762268</Z>
      </Vector3>
      <Vector3>
        <X>-3141.93823</X>
        <Y>981.595154</Y>
        <Z>16.49475</Z>
      </Vector3>
    </Bounds>
    <CenterCamPosition>
      <X>0</X>
      <Y>0</Y>
    </CenterCamPosition>
    <ScreenBounds />
    <DistanceToCam>0</DistanceToCam>
    <Speed>10.5929422</Speed>
    <AccInput>0.283660173</AccInput>
    <RPM>0.4229824</RPM>
    <Gear>2</Gear>
    <SteeringAngle>-5.573157</SteeringAngle>
    <WheelSpeed>0</WheelSpeed>
    <CarType>Sports</CarType>
  </MyCar>
  <Peds />
  <Time>101145</Time>
  <LastFrameTime>0.02949373</LastFrameTime>
  <MyProperty>0</MyProperty>
  <Weather>ExtraSunny</Weather>
  <Steering>147</Steering>
  <Acc>163</Acc>
  <Brake>127</Brake>
  <DayTime>06:52:47</DayTime>
  <Position>
    <X>-3143.35547</X>
    <Y>980.227539</Y>
    <Z>16.5409756</Z>
  </Position>
  <Rotation>
    <X>3.50075936</X>
    <Y>0.01652831</Y>
    <Z>-14.0966892</Z>
  </Rotation>
</Screenshot>