<?xml version="1.0" encoding="utf-8"?>
<Screenshot xmlns:xsd="http://www.w3.org/2001/XMLSchema" xmlns:xsi="http://www.w3.org/2001/XMLSchema-instance">
  <Cars />
  <MyCar>
    <Position>
      <X>-3143.47266</X>
      <Y>979.683167</Y>
      <Z>15.5976753</Z>
    </Position>
    <Rotation>
      <X>4.044228</X>
      <Y>-0.5192946</Y>
      <Z>-14.7438927</Z>
    </Rotation>
    <Handle>1538</Handle>
    <Bounds>
      <Vector3>
        <X>-3145.08862</X>
        <Y>977.5232</Y>
        <Z>14.6819277</Z>
      </Vector3>
      <Vector3>
        <X>-3143.11328</X>
        <Y>977.003357</Y>
        <Z>14.7004414</Z>
      </Vector3>
      <Vector3>
        <X>-3143.793</X>
        <Y>982.458862</Y>
        <Z>15.0426979</Z>
      </Vector3>
      <Vector3>
        <X>-3145.12744</X>
        <Y>977.427246</Y>
        <Z>16.13414</Z>
      </Vector3>
      <Vector3>
        <X>-3141.81763</X>
        <Y>981.939</Y>
        <Z>15.0612116</Z>
      </Vector3>
      <Vector3>
        <X>-3143.152</X>
        <Y>976.9074</Y>
        <Z>16.1526546</Z>
      </Vector3>
      <Vector3>
        <X>-3143.83179</X>
        <Y>982.3629</Y>
        <Z>16.4949112</Z>
      </Vector3>
      <Vector3>
        <X>-3141.85645</X>
        <Y>981.8431</Y>
        <Z>16.5134258</Z>
      </Vector3>
    </Bounds>
    <CenterCamPosition>
      <X>0</X>
      <Y>0</Y>
    </CenterCamPosition>
    <ScreenBounds />
    <DistanceToCam>0</DistanceToCam>
    <Speed>10.6158829</Speed>
    <AccInput>0.283660173</AccInput>
    <RPM>0.423470467</RPM>
    <Gear>2</Gear>
    <SteeringAngle>-5.745327</SteeringAngle>
    <WheelSpeed>0</WheelSpeed>
    <CarType>Sports</CarType>
  </MyCar>
  <Peds />
  <Time>101171</Time>
  <LastFrameTime>0.025158789</LastFrameTime>
  <MyProperty>0</MyProperty>
  <Weather>ExtraSunny</Weather>
  <Steering>147</Steering>
  <Acc>163</Acc>
  <Brake>127</Brake>
  <DayTime>06:52:48</DayTime>
  <Position>
    <X>-3143.2688</X>
    <Y>980.526733</Y>
    <Z>16.5620422</Z>
  </Position>
  <Rotation>
    <X>3.51499081</X>
    <Y>-0.0195237212</Y>
    <Z>-14.4396505</Z>
  </Rotation>
</Screenshot>