<?xml version="1.0" encoding="utf-8"?>
<Screenshot xmlns:xsd="http://www.w3.org/2001/XMLSchema" xmlns:xsi="http://www.w3.org/2001/XMLSchema-instance">
  <Cars />
  <MyCar>
    <Position>
      <X>-3143.14038</X>
      <Y>980.8219</Y>
      <Z>15.6789265</Z>
    </Position>
    <Rotation>
      <X>4.018107</X>
      <Y>-0.5005419</Y>
      <Z>-16.18977</Z>
    </Rotation>
    <Handle>1538</Handle>
    <Bounds>
      <Vector3>
        <X>-3144.81079</X>
        <Y>978.703064</Y>
        <Z>14.76465</Z>
      </Vector3>
      <Vector3>
        <X>-3142.849</X>
        <Y>978.133545</Y>
        <Z>14.7824955</Z>
      </Vector3>
      <Vector3>
        <X>-3143.39087</X>
        <Y>983.6046</Y>
        <Z>15.1230955</Z>
      </Vector3>
      <Vector3>
        <X>-3144.85132</X>
        <Y>978.608643</Y>
        <Z>16.2169151</Z>
      </Vector3>
      <Vector3>
        <X>-3141.4292</X>
        <Y>983.0351</Y>
        <Z>15.1409407</Z>
      </Vector3>
      <Vector3>
        <X>-3142.88965</X>
        <Y>978.0391</Y>
        <Z>16.23476</Z>
      </Vector3>
      <Vector3>
        <X>-3143.4314</X>
        <Y>983.5102</Y>
        <Z>16.57536</Z>
      </Vector3>
      <Vector3>
        <X>-3141.46973</X>
        <Y>982.9407</Y>
        <Z>16.5932045</Z>
      </Vector3>
    </Bounds>
    <CenterCamPosition>
      <X>0</X>
      <Y>0</Y>
    </CenterCamPosition>
    <ScreenBounds />
    <DistanceToCam>0</DistanceToCam>
    <Speed>10.7241287</Speed>
    <AccInput>0.283660173</AccInput>
    <RPM>0.427962035</RPM>
    <Gear>2</Gear>
    <SteeringAngle>-6.2005887</SteeringAngle>
    <WheelSpeed>0</WheelSpeed>
    <CarType>Sports</CarType>
  </MyCar>
  <Peds />
  <Time>101282</Time>
  <LastFrameTime>0.0194941983</LastFrameTime>
  <MyProperty>0</MyProperty>
  <Weather>ExtraSunny</Weather>
  <Steering>147</Steering>
  <Acc>163</Acc>
  <Brake>127</Brake>
  <DayTime>06:52:51</DayTime>
  <Position>
    <X>-3142.89771</X>
    <Y>981.715</Y>
    <Z>16.64654</Z>
  </Position>
  <Rotation>
    <X>3.52614856</X>
    <Y>-0.004048915</Y>
    <Z>-15.9283371</Z>
  </Rotation>
</Screenshot>