<?xml version="1.0" encoding="utf-8"?>
<Screenshot xmlns:xsd="http://www.w3.org/2001/XMLSchema" xmlns:xsi="http://www.w3.org/2001/XMLSchema-instance">
  <Cars />
  <MyCar>
    <Position>
      <X>-3143.20068</X>
      <Y>980.6223</Y>
      <Z>15.6645451</Z>
    </Position>
    <Rotation>
      <X>4.026149</X>
      <Y>-0.504049063</Y>
      <Z>-15.9283381</Z>
    </Rotation>
    <Handle>1538</Handle>
    <Bounds>
      <Vector3>
        <X>-3144.861</X>
        <Y>978.496033</Y>
        <Z>14.749856</Z>
      </Vector3>
      <Vector3>
        <X>-3142.897</X>
        <Y>977.9354</Y>
        <Z>14.7678261</Z>
      </Vector3>
      <Vector3>
        <X>-3143.46387</X>
        <Y>983.403931</Y>
        <Z>15.1090174</Z>
      </Vector3>
      <Vector3>
        <X>-3144.90161</X>
        <Y>978.4012</Y>
        <Z>16.2021046</Z>
      </Vector3>
      <Vector3>
        <X>-3141.49951</X>
        <Y>982.8433</Y>
        <Z>15.1269875</Z>
      </Vector3>
      <Vector3>
        <X>-3142.93726</X>
        <Y>977.840637</Y>
        <Z>16.2200756</Z>
      </Vector3>
      <Vector3>
        <X>-3143.50415</X>
        <Y>983.309143</Y>
        <Z>16.5612659</Z>
      </Vector3>
      <Vector3>
        <X>-3141.54</X>
        <Y>982.748535</Y>
        <Z>16.579237</Z>
      </Vector3>
    </Bounds>
    <CenterCamPosition>
      <X>0</X>
      <Y>0</Y>
    </CenterCamPosition>
    <ScreenBounds />
    <DistanceToCam>0</DistanceToCam>
    <Speed>10.70706</Speed>
    <AccInput>0.283660173</AccInput>
    <RPM>0.426357627</RPM>
    <Gear>2</Gear>
    <SteeringAngle>-6.16176033</SteeringAngle>
    <WheelSpeed>0</WheelSpeed>
    <CarType>Sports</CarType>
  </MyCar>
  <Peds />
  <Time>101262</Time>
  <LastFrameTime>0.02900283</LastFrameTime>
  <MyProperty>0</MyProperty>
  <Weather>ExtraSunny</Weather>
  <Steering>147</Steering>
  <Acc>163</Acc>
  <Brake>127</Brake>
  <DayTime>06:52:51</DayTime>
  <Position>
    <X>-3142.99316</X>
    <Y>981.42</Y>
    <Z>16.6253853</Z>
  </Position>
  <Rotation>
    <X>3.53550434</X>
    <Y>-0.00756624853</Y>
    <Z>-15.54585</Z>
  </Rotation>
</Screenshot>