<?xml version="1.0" encoding="utf-8"?>
<Screenshot xmlns:xsd="http://www.w3.org/2001/XMLSchema" xmlns:xsi="http://www.w3.org/2001/XMLSchema-instance">
  <Cars />
  <MyCar>
    <Position>
      <X>-3143.28857</X>
      <Y>980.325439</Y>
      <Z>15.6432066</Z>
    </Position>
    <Rotation>
      <X>4.03550434</X>
      <Y>-0.5075662</Y>
      <Z>-15.5458527</Z>
    </Rotation>
    <Handle>1538</Handle>
    <Bounds>
      <Vector3>
        <X>-3144.93481</X>
        <Y>978.188232</Y>
        <Z>14.7280464</Z>
      </Vector3>
      <Vector3>
        <X>-3142.9668</X>
        <Y>977.640747</Y>
        <Z>14.7461424</Z>
      </Vector3>
      <Vector3>
        <X>-3143.57031</X>
        <Y>983.1053</Y>
        <Z>15.0880413</Z>
      </Vector3>
      <Vector3>
        <X>-3144.97461</X>
        <Y>978.092957</Y>
        <Z>16.1802769</Z>
      </Vector3>
      <Vector3>
        <X>-3141.60229</X>
        <Y>982.557861</Y>
        <Z>15.1061373</Z>
      </Vector3>
      <Vector3>
        <X>-3143.00659</X>
        <Y>977.545532</Y>
        <Z>16.1983738</Z>
      </Vector3>
      <Vector3>
        <X>-3143.61</X>
        <Y>983.0101</Y>
        <Z>16.5402718</Z>
      </Vector3>
      <Vector3>
        <X>-3141.642</X>
        <Y>982.4626</Y>
        <Z>16.5583668</Z>
      </Vector3>
    </Bounds>
    <CenterCamPosition>
      <X>0</X>
      <Y>0</Y>
    </CenterCamPosition>
    <ScreenBounds />
    <DistanceToCam>0</DistanceToCam>
    <Speed>10.6805477</Speed>
    <AccInput>0.283660173</AccInput>
    <RPM>0.4251946</RPM>
    <Gear>2</Gear>
    <SteeringAngle>-6.085869</SteeringAngle>
    <WheelSpeed>0</WheelSpeed>
    <CarType>Sports</CarType>
  </MyCar>
  <Peds />
  <Time>101233</Time>
  <LastFrameTime>0.06279489</LastFrameTime>
  <MyProperty>0</MyProperty>
  <Weather>ExtraSunny</Weather>
  <Steering>147</Steering>
  <Acc>163</Acc>
  <Brake>127</Brake>
  <DayTime>06:52:50</DayTime>
  <Position>
    <X>-3143.19287</X>
    <Y>980.7816</Y>
    <Z>16.5800247</Z>
  </Position>
  <Rotation>
    <X>3.54422784</X>
    <Y>-0.0192946419</Y>
    <Z>-14.7438917</Z>
  </Rotation>
</Screenshot>