<?xml version="1.0" encoding="utf-8"?>
<Screenshot xmlns:xsd="http://www.w3.org/2001/XMLSchema" xmlns:xsi="http://www.w3.org/2001/XMLSchema-instance">
  <Cars />
  <MyCar>
    <Position>
      <X>-3142.80933</X>
      <Y>981.86145</Y>
      <Z>15.754281</Z>
    </Position>
    <Rotation>
      <X>3.96937871</X>
      <Y>-0.458135724</Y>
      <Z>-17.5865059</Z>
    </Rotation>
    <Handle>1538</Handle>
    <Bounds>
      <Vector3>
        <X>-3144.53174</X>
        <Y>979.783447</Y>
        <Z>14.8428822</Z>
      </Vector3>
      <Vector3>
        <X>-3142.58447</X>
        <Y>979.16626</Y>
        <Z>14.8592148</Z>
      </Vector3>
      <Vector3>
        <X>-3142.99243</X>
        <Y>984.6491</Y>
        <Z>15.1969891</Z>
      </Vector3>
      <Vector3>
        <X>-3144.57324</X>
        <Y>979.6909</Y>
        <Z>16.29524</Z>
      </Vector3>
      <Vector3>
        <X>-3141.04517</X>
        <Y>984.0319</Y>
        <Z>15.2133226</Z>
      </Vector3>
      <Vector3>
        <X>-3142.626</X>
        <Y>979.0737</Y>
        <Z>16.311573</Z>
      </Vector3>
      <Vector3>
        <X>-3143.034</X>
        <Y>984.5566</Y>
        <Z>16.6493473</Z>
      </Vector3>
      <Vector3>
        <X>-3141.08667</X>
        <Y>983.9394</Y>
        <Z>16.6656818</Z>
      </Vector3>
    </Bounds>
    <CenterCamPosition>
      <X>0</X>
      <Y>0</Y>
    </CenterCamPosition>
    <ScreenBounds />
    <DistanceToCam>0</DistanceToCam>
    <Speed>10.8102093</Speed>
    <AccInput>0.283660173</AccInput>
    <RPM>0.43097198</RPM>
    <Gear>2</Gear>
    <SteeringAngle>-5.58988762</SteeringAngle>
    <WheelSpeed>0</WheelSpeed>
    <CarType>Sports</CarType>
  </MyCar>
  <Peds />
  <Time>101383</Time>
  <LastFrameTime>0.0205936041</LastFrameTime>
  <MyProperty>0</MyProperty>
  <Weather>ExtraSunny</Weather>
  <Steering>140</Steering>
  <Acc>163</Acc>
  <Brake>127</Brake>
  <DayTime>06:52:54</DayTime>
  <Position>
    <X>-3142.54883</X>
    <Y>982.736267</Y>
    <Z>16.720089</Z>
  </Position>
  <Rotation>
    <X>3.47759557</X>
    <Y>0.0326932333</Y>
    <Z>-17.301836</Z>
  </Rotation>
</Screenshot>