<?xml version="1.0" encoding="utf-8"?>
<Screenshot xmlns:xsd="http://www.w3.org/2001/XMLSchema" xmlns:xsi="http://www.w3.org/2001/XMLSchema-instance">
  <Cars />
  <MyCar>
    <Position>
      <X>-3142.95532</X>
      <Y>981.4132</Y>
      <Z>15.7216988</Z>
    </Position>
    <Rotation>
      <X>3.99553227</X>
      <Y>-0.490275979</Y>
      <Z>-16.9827843</Z>
    </Rotation>
    <Handle>1538</Handle>
    <Bounds>
      <Vector3>
        <X>-3144.655</X>
        <Y>979.317444</Y>
        <Z>14.808589</Z>
      </Vector3>
      <Vector3>
        <X>-3142.70142</X>
        <Y>978.720764</Y>
        <Z>14.8260689</Z>
      </Vector3>
      <Vector3>
        <X>-3143.16748</X>
        <Y>984.1989</Y>
        <Z>15.1650248</Z>
      </Vector3>
      <Vector3>
        <X>-3144.69653</X>
        <Y>979.224</Y>
        <Z>16.2608967</Z>
      </Vector3>
      <Vector3>
        <X>-3141.21387</X>
        <Y>983.6023</Y>
        <Z>15.1825037</Z>
      </Vector3>
      <Vector3>
        <X>-3142.743</X>
        <Y>978.6274</Y>
        <Z>16.2783756</Z>
      </Vector3>
      <Vector3>
        <X>-3143.209</X>
        <Y>984.1055</Y>
        <Z>16.61733</Z>
      </Vector3>
      <Vector3>
        <X>-3141.25537</X>
        <Y>983.5089</Y>
        <Z>16.63481</Z>
      </Vector3>
    </Bounds>
    <CenterCamPosition>
      <X>0</X>
      <Y>0</Y>
    </CenterCamPosition>
    <ScreenBounds />
    <DistanceToCam>0</DistanceToCam>
    <Speed>10.7720985</Speed>
    <AccInput>0.283660173</AccInput>
    <RPM>0.4295181</RPM>
    <Gear>2</Gear>
    <SteeringAngle>-6.01715</SteeringAngle>
    <WheelSpeed>0</WheelSpeed>
    <CarType>Sports</CarType>
  </MyCar>
  <Peds />
  <Time>101340</Time>
  <LastFrameTime>0.02696817</LastFrameTime>
  <MyProperty>0</MyProperty>
  <Weather>ExtraSunny</Weather>
  <Steering>144</Steering>
  <Acc>163</Acc>
  <Brake>127</Brake>
  <DayTime>06:52:53</DayTime>
  <Position>
    <X>-3142.72656</X>
    <Y>982.2264</Y>
    <Z>16.6832867</Z>
  </Position>
  <Rotation>
    <X>3.505651</X>
    <Y>0.00656477269</Y>
    <Z>-16.61006</Z>
  </Rotation>
</Screenshot>