<?xml version="1.0" encoding="utf-8"?>
<Screenshot xmlns:xsd="http://www.w3.org/2001/XMLSchema" xmlns:xsi="http://www.w3.org/2001/XMLSchema-instance">
  <Cars />
  <MyCar>
    <Position>
      <X>-3143.04272</X>
      <Y>981.1371</Y>
      <Z>15.7016964</Z>
    </Position>
    <Rotation>
      <X>4.005651</X>
      <Y>-0.4934352</Y>
      <Z>-16.61006</Z>
    </Rotation>
    <Handle>1538</Handle>
    <Bounds>
      <Vector3>
        <X>-3144.72876</X>
        <Y>979.0304</Y>
        <Z>14.78809</Z>
      </Vector3>
      <Vector3>
        <X>-3142.77124</X>
        <Y>978.446533</Y>
        <Z>14.8056812</Z>
      </Vector3>
      <Vector3>
        <X>-3143.273</X>
        <Y>983.921448</Y>
        <Z>15.1454258</Z>
      </Vector3>
      <Vector3>
        <X>-3144.76978</X>
        <Y>978.9365</Y>
        <Z>16.2403774</Z>
      </Vector3>
      <Vector3>
        <X>-3141.31543</X>
        <Y>983.3376</Y>
        <Z>15.1630173</Z>
      </Vector3>
      <Vector3>
        <X>-3142.81226</X>
        <Y>978.352661</Y>
        <Z>16.2579689</Z>
      </Vector3>
      <Vector3>
        <X>-3143.314</X>
        <Y>983.8276</Y>
        <Z>16.5977135</Z>
      </Vector3>
      <Vector3>
        <X>-3141.35645</X>
        <Y>983.243652</Y>
        <Z>16.6153049</Z>
      </Vector3>
    </Bounds>
    <CenterCamPosition>
      <X>0</X>
      <Y>0</Y>
    </CenterCamPosition>
    <ScreenBounds />
    <DistanceToCam>0</DistanceToCam>
    <Speed>10.7499971</Speed>
    <AccInput>0.283660173</AccInput>
    <RPM>0.428730965</RPM>
    <Gear>2</Gear>
    <SteeringAngle>-6.14589548</SteeringAngle>
    <WheelSpeed>0</WheelSpeed>
    <CarType>Sports</CarType>
  </MyCar>
  <Peds />
  <Time>101313</Time>
  <LastFrameTime>0.0307830423</LastFrameTime>
  <MyProperty>0</MyProperty>
  <Weather>ExtraSunny</Weather>
  <Steering>146</Steering>
  <Acc>163</Acc>
  <Brake>127</Brake>
  <DayTime>06:52:52</DayTime>
  <Position>
    <X>-3142.83252</X>
    <Y>981.9133</Y>
    <Z>16.6607628</Z>
  </Position>
  <Rotation>
    <X>3.5181067</X>
    <Y>-0.0005420395</Y>
    <Z>-16.18977</Z>
  </Rotation>
</Screenshot>