<?xml version="1.0" encoding="utf-8"?>
<Screenshot xmlns:xsd="http://www.w3.org/2001/XMLSchema" xmlns:xsi="http://www.w3.org/2001/XMLSchema-instance">
  <Cars />
  <MyCar>
    <Position>
      <X>-3142.87866</X>
      <Y>981.6506</Y>
      <Z>15.739049</Z>
    </Position>
    <Rotation>
      <X>3.97759581</X>
      <Y>-0.467306882</Y>
      <Z>-17.3018379</Z>
    </Rotation>
    <Handle>1538</Handle>
    <Bounds>
      <Vector3>
        <X>-3144.59058</X>
        <Y>979.564148</Y>
        <Z>14.8271284</Z>
      </Vector3>
      <Vector3>
        <X>-3142.64014</X>
        <Y>978.9566</Y>
        <Z>14.8437891</Z>
      </Vector3>
      <Vector3>
        <X>-3143.07544</X>
        <Y>984.4373</Y>
        <Z>15.1819677</Z>
      </Vector3>
      <Vector3>
        <X>-3144.63184</X>
        <Y>979.471252</Y>
        <Z>16.27947</Z>
      </Vector3>
      <Vector3>
        <X>-3141.12524</X>
        <Y>983.829834</Y>
        <Z>15.1986284</Z>
      </Vector3>
      <Vector3>
        <X>-3142.68164</X>
        <Y>978.8637</Y>
        <Z>16.2961311</Z>
      </Vector3>
      <Vector3>
        <X>-3143.117</X>
        <Y>984.3444</Y>
        <Z>16.63431</Z>
      </Vector3>
      <Vector3>
        <X>-3141.1665</X>
        <Y>983.736938</Y>
        <Z>16.65097</Z>
      </Vector3>
    </Bounds>
    <CenterCamPosition>
      <X>0</X>
      <Y>0</Y>
    </CenterCamPosition>
    <ScreenBounds />
    <DistanceToCam>0</DistanceToCam>
    <Speed>10.7910051</Speed>
    <AccInput>0.283660173</AccInput>
    <RPM>0.430475026</RPM>
    <Gear>2</Gear>
    <SteeringAngle>-5.851121</SteeringAngle>
    <WheelSpeed>0</WheelSpeed>
    <CarType>Sports</CarType>
  </MyCar>
  <Peds />
  <Time>101363</Time>
  <LastFrameTime>0.02318495</LastFrameTime>
  <MyProperty>0</MyProperty>
  <Weather>ExtraSunny</Weather>
  <Steering>143</Steering>
  <Acc>163</Acc>
  <Brake>127</Brake>
  <DayTime>06:52:54</DayTime>
  <Position>
    <X>-3142.632</X>
    <Y>982.500549</Y>
    <Z>16.70309</Z>
  </Position>
  <Rotation>
    <X>3.49553227</X>
    <Y>0.00972405449</Y>
    <Z>-16.9827824</Z>
  </Rotation>
</Screenshot>