<?xml version="1.0" encoding="utf-8"?>
<Screenshot xmlns:xsd="http://www.w3.org/2001/XMLSchema" xmlns:xsi="http://www.w3.org/2001/XMLSchema-instance">
  <Cars />
  <MyCar>
    <Position>
      <X>-3142.642</X>
      <Y>982.3583</Y>
      <Z>15.7904778</Z>
    </Position>
    <Rotation>
      <X>3.98295927</X>
      <Y>-0.429966748</Y>
      <Z>-18.23729</Z>
    </Rotation>
    <Handle>1538</Handle>
    <Bounds>
      <Vector3>
        <X>-3144.38818</X>
        <Y>980.3003</Y>
        <Z>14.8789845</Z>
      </Vector3>
      <Vector3>
        <X>-3142.44824</X>
        <Y>979.6611</Y>
        <Z>14.8943138</Z>
      </Vector3>
      <Vector3>
        <X>-3142.7937</X>
        <Y>985.1481</Y>
        <Z>15.2343025</Z>
      </Vector3>
      <Vector3>
        <X>-3144.43018</X>
        <Y>980.2077</Y>
        <Z>16.3313255</Z>
      </Vector3>
      <Vector3>
        <X>-3140.85376</X>
        <Y>984.5088</Y>
        <Z>15.2496319</Z>
      </Vector3>
      <Vector3>
        <X>-3142.49023</X>
        <Y>979.5684</Y>
        <Z>16.3466549</Z>
      </Vector3>
      <Vector3>
        <X>-3142.83569</X>
        <Y>985.0554</Y>
        <Z>16.6866436</Z>
      </Vector3>
      <Vector3>
        <X>-3140.89575</X>
        <Y>984.416138</Y>
        <Z>16.701973</Z>
      </Vector3>
    </Bounds>
    <CenterCamPosition>
      <X>0</X>
      <Y>0</Y>
    </CenterCamPosition>
    <ScreenBounds />
    <DistanceToCam>0</DistanceToCam>
    <Speed>10.8627148</Speed>
    <AccInput>0.283660173</AccInput>
    <RPM>0.43340987</RPM>
    <Gear>2</Gear>
    <SteeringAngle>-4.197684</SteeringAngle>
    <WheelSpeed>0</WheelSpeed>
    <CarType>Sports</CarType>
  </MyCar>
  <Peds />
  <Time>101432</Time>
  <LastFrameTime>0.0191295929</LastFrameTime>
  <MyProperty>0</MyProperty>
  <Weather>ExtraSunny</Weather>
  <Steering>127</Steering>
  <Acc>163</Acc>
  <Brake>127</Brake>
  <DayTime>06:52:56</DayTime>
  <Position>
    <X>-3142.36548</X>
    <Y>983.2438</Y>
    <Z>16.7568913</Z>
  </Position>
  <Rotation>
    <X>3.46855164</X>
    <Y>0.05824455</Y>
    <Z>-17.9851742</Z>
  </Rotation>
</Screenshot>