<?xml version="1.0" encoding="utf-8"?>
<Screenshot xmlns:xsd="http://www.w3.org/2001/XMLSchema" xmlns:xsi="http://www.w3.org/2001/XMLSchema-instance">
  <Cars />
  <MyCar>
    <Position>
      <X>-3142.461</X>
      <Y>982.885254</Y>
      <Z>15.8299437</Z>
    </Position>
    <Rotation>
      <X>4.04061127</X>
      <Y>-0.386849463</Y>
      <Z>-18.8413525</Z>
    </Rotation>
    <Handle>1538</Handle>
    <Bounds>
      <Vector3>
        <X>-3144.229</X>
        <Y>980.8469</Y>
        <Z>14.9166975</Z>
      </Vector3>
      <Vector3>
        <X>-3142.296</X>
        <Y>980.1872</Y>
        <Z>14.93049</Z>
      </Vector3>
      <Vector3>
        <X>-3142.5835</X>
        <Y>985.6771</Y>
        <Z>15.277153</Z>
      </Vector3>
      <Vector3>
        <X>-3144.27148</X>
        <Y>980.753</Y>
        <Z>16.3689423</Z>
      </Vector3>
      <Vector3>
        <X>-3140.65015</X>
        <Y>985.017456</Y>
        <Z>15.2909451</Z>
      </Vector3>
      <Vector3>
        <X>-3142.33813</X>
        <Y>980.093262</Y>
        <Z>16.3827343</Z>
      </Vector3>
      <Vector3>
        <X>-3142.62573</X>
        <Y>985.5832</Y>
        <Z>16.7293987</Z>
      </Vector3>
      <Vector3>
        <X>-3140.69263</X>
        <Y>984.9235</Y>
        <Z>16.74319</Z>
      </Vector3>
    </Bounds>
    <CenterCamPosition>
      <X>0</X>
      <Y>0</Y>
    </CenterCamPosition>
    <ScreenBounds />
    <DistanceToCam>0</DistanceToCam>
    <Speed>10.9146061</Speed>
    <AccInput>0.283660173</AccInput>
    <RPM>0.435984045</RPM>
    <Gear>2</Gear>
    <SteeringAngle>-2.614173</SteeringAngle>
    <WheelSpeed>0</WheelSpeed>
    <CarType>Sports</CarType>
  </MyCar>
  <Peds />
  <Time>101483</Time>
  <LastFrameTime>0.0208660513</LastFrameTime>
  <MyProperty>0</MyProperty>
  <Weather>ExtraSunny</Weather>
  <Steering>127</Steering>
  <Acc>163</Acc>
  <Brake>127</Brake>
  <DayTime>06:52:57</DayTime>
  <Position>
    <X>-3142.18</X>
    <Y>983.747559</Y>
    <Z>16.7956448</Z>
  </Position>
  <Rotation>
    <X>3.51681352</X>
    <Y>0.0957086</Y>
    <Z>-18.6074142</Z>
  </Rotation>
</Screenshot>