<?xml version="1.0" encoding="utf-8"?>
<Screenshot xmlns:xsd="http://www.w3.org/2001/XMLSchema" xmlns:xsi="http://www.w3.org/2001/XMLSchema-instance">
  <Cars />
  <MyCar>
    <Position>
      <X>-3142.70874</X>
      <Y>982.162048</Y>
      <Z>15.7760267</Z>
    </Position>
    <Rotation>
      <X>3.96855187</X>
      <Y>-0.4417554</Y>
      <Z>-17.9851742</Z>
    </Rotation>
    <Handle>1538</Handle>
    <Bounds>
      <Vector3>
        <X>-3144.4458</X>
        <Y>980.0961</Y>
        <Z>14.864953</Z>
      </Vector3>
      <Vector3>
        <X>-3142.503</X>
        <Y>979.465454</Y>
        <Z>14.880703</Z>
      </Vector3>
      <Vector3>
        <X>-3142.87256</X>
        <Y>984.951</Y>
        <Z>15.2189884</Z>
      </Vector3>
      <Vector3>
        <X>-3144.48755</X>
        <Y>980.0038</Y>
        <Z>16.3173161</Z>
      </Vector3>
      <Vector3>
        <X>-3140.92969</X>
        <Y>984.320251</Y>
        <Z>15.2347374</Z>
      </Vector3>
      <Vector3>
        <X>-3142.54468</X>
        <Y>979.373047</Y>
        <Z>16.3330669</Z>
      </Vector3>
      <Vector3>
        <X>-3142.91431</X>
        <Y>984.8586</Y>
        <Z>16.6713524</Z>
      </Vector3>
      <Vector3>
        <X>-3140.97144</X>
        <Y>984.227844</Y>
        <Z>16.6871014</Z>
      </Vector3>
    </Bounds>
    <CenterCamPosition>
      <X>0</X>
      <Y>0</Y>
    </CenterCamPosition>
    <ScreenBounds />
    <DistanceToCam>0</DistanceToCam>
    <Speed>10.842123</Speed>
    <AccInput>0.283660173</AccInput>
    <RPM>0.4323347</RPM>
    <Gear>2</Gear>
    <SteeringAngle>-4.977867</SteeringAngle>
    <WheelSpeed>0</WheelSpeed>
    <CarType>Sports</CarType>
  </MyCar>
  <Peds />
  <Time>101413</Time>
  <LastFrameTime>0.02932927</LastFrameTime>
  <MyProperty>0</MyProperty>
  <Weather>ExtraSunny</Weather>
  <Steering>136</Steering>
  <Acc>163</Acc>
  <Brake>127</Brake>
  <DayTime>06:52:55</DayTime>
  <Position>
    <X>-3142.47388</X>
    <Y>982.9456</Y>
    <Z>16.7351589</Z>
  </Position>
  <Rotation>
    <X>3.46937823</X>
    <Y>0.041864153</Y>
    <Z>-17.5865059</Z>
  </Rotation>
</Screenshot>