<?xml version="1.0" encoding="utf-8"?>
<Screenshot xmlns:xsd="http://www.w3.org/2001/XMLSchema" xmlns:xsi="http://www.w3.org/2001/XMLSchema-instance">
  <Cars />
  <MyCar>
    <Position>
      <X>-3142.53516</X>
      <Y>982.6706</Y>
      <Z>15.8138208</Z>
    </Position>
    <Rotation>
      <X>4.01681376</X>
      <Y>-0.404291362</Y>
      <Z>-18.6074142</Z>
    </Rotation>
    <Handle>1538</Handle>
    <Bounds>
      <Vector3>
        <X>-3144.295</X>
        <Y>980.6246</Y>
        <Z>14.9013042</Z>
      </Vector3>
      <Vector3>
        <X>-3142.359</X>
        <Y>979.972839</Y>
        <Z>14.9157181</Z>
      </Vector3>
      <Vector3>
        <X>-3142.669</X>
        <Y>985.4617</Y>
        <Z>15.25964</Z>
      </Vector3>
      <Vector3>
        <X>-3144.33716</X>
        <Y>980.5312</Y>
        <Z>16.35359</Z>
      </Vector3>
      <Vector3>
        <X>-3140.733</X>
        <Y>984.8099</Y>
        <Z>15.2740536</Z>
      </Vector3>
      <Vector3>
        <X>-3142.40112</X>
        <Y>979.879456</Y>
        <Z>16.3680038</Z>
      </Vector3>
      <Vector3>
        <X>-3142.71118</X>
        <Y>985.3683</Y>
        <Z>16.7119236</Z>
      </Vector3>
      <Vector3>
        <X>-3140.77539</X>
        <Y>984.7165</Y>
        <Z>16.7263374</Z>
      </Vector3>
    </Bounds>
    <CenterCamPosition>
      <X>0</X>
      <Y>0</Y>
    </CenterCamPosition>
    <ScreenBounds />
    <DistanceToCam>0</DistanceToCam>
    <Speed>10.8940639</Speed>
    <AccInput>0.283660173</AccInput>
    <RPM>0.4348211</RPM>
    <Gear>2</Gear>
    <SteeringAngle>-3.152551</SteeringAngle>
    <WheelSpeed>0</WheelSpeed>
    <CarType>Sports</CarType>
  </MyCar>
  <Peds />
  <Time>101462</Time>
  <LastFrameTime>0.0304016788</LastFrameTime>
  <MyProperty>0</MyProperty>
  <Weather>ExtraSunny</Weather>
  <Steering>127</Steering>
  <Acc>163</Acc>
  <Brake>127</Brake>
  <DayTime>06:52:57</DayTime>
  <Position>
    <X>-3142.294</X>
    <Y>983.4382</Y>
    <Z>16.7716274</Z>
  </Position>
  <Rotation>
    <X>3.48295951</X>
    <Y>0.0700332448</Y>
    <Z>-18.2372875</Z>
  </Rotation>
</Screenshot>