<?xml version="1.0" encoding="utf-8"?>
<Screenshot xmlns:xsd="http://www.w3.org/2001/XMLSchema" xmlns:xsi="http://www.w3.org/2001/XMLSchema-instance">
  <Cars />
  <MyCar>
    <Position>
      <X>-3142.284</X>
      <Y>983.3912</Y>
      <Z>15.868063</Z>
    </Position>
    <Rotation>
      <X>4.0987854</X>
      <Y>-0.3385116</Y>
      <Z>-19.3073139</Z>
    </Rotation>
    <Handle>1538</Handle>
    <Bounds>
      <Vector3>
        <X>-3144.069</X>
        <Y>981.3684</Y>
        <Z>14.9531355</Z>
      </Vector3>
      <Vector3>
        <X>-3142.141</X>
        <Y>980.693</Y>
        <Z>14.9652042</Z>
      </Vector3>
      <Vector3>
        <X>-3142.384</X>
        <Y>986.184631</Y>
        <Z>15.3187733</Z>
      </Vector3>
      <Vector3>
        <X>-3144.11157</X>
        <Y>981.273</Y>
        <Z>16.4052849</Z>
      </Vector3>
      <Vector3>
        <X>-3140.456</X>
        <Y>985.5093</Y>
        <Z>15.330842</Z>
      </Vector3>
      <Vector3>
        <X>-3142.18359</X>
        <Y>980.597656</Y>
        <Z>16.4173546</Z>
      </Vector3>
      <Vector3>
        <X>-3142.42651</X>
        <Y>986.0893</Y>
        <Z>16.7709236</Z>
      </Vector3>
      <Vector3>
        <X>-3140.49854</X>
        <Y>985.4139</Y>
        <Z>16.7829914</Z>
      </Vector3>
    </Bounds>
    <CenterCamPosition>
      <X>0</X>
      <Y>0</Y>
    </CenterCamPosition>
    <ScreenBounds />
    <DistanceToCam>0</DistanceToCam>
    <Speed>10.95965</Speed>
    <AccInput>0.283660173</AccInput>
    <RPM>0.437936485</RPM>
    <Gear>2</Gear>
    <SteeringAngle>-1.66511679</SteeringAngle>
    <WheelSpeed>0</WheelSpeed>
    <CarType>Sports</CarType>
  </MyCar>
  <Peds />
  <Time>101532</Time>
  <LastFrameTime>0.0192853641</LastFrameTime>
  <MyProperty>0</MyProperty>
  <Weather>ExtraSunny</Weather>
  <Steering>127</Steering>
  <Acc>163</Acc>
  <Brake>127</Brake>
  <DayTime>06:52:59</DayTime>
  <Position>
    <X>-3141.988</X>
    <Y>984.2647</Y>
    <Z>16.8360138</Z>
  </Position>
  <Rotation>
    <X>3.573675</X>
    <Y>0.142921537</Y>
    <Z>-19.1362343</Z>
  </Rotation>
</Screenshot>