<?xml version="1.0" encoding="utf-8"?>
<Screenshot xmlns:xsd="http://www.w3.org/2001/XMLSchema" xmlns:xsi="http://www.w3.org/2001/XMLSchema-instance">
  <Cars />
  <MyCar>
    <Position>
      <X>-3142.35376</X>
      <Y>983.192261</Y>
      <Z>15.85306</Z>
    </Position>
    <Rotation>
      <X>4.07367468</X>
      <Y>-0.357078552</Y>
      <Z>-19.1362343</Z>
    </Rotation>
    <Handle>1538</Handle>
    <Bounds>
      <Vector3>
        <X>-3144.13257</X>
        <Y>981.1637</Y>
        <Z>14.938899</Z>
      </Vector3>
      <Vector3>
        <X>-3142.203</X>
        <Y>980.4941</Y>
        <Z>14.95163</Z>
      </Vector3>
      <Vector3>
        <X>-3142.462</X>
        <Y>985.9851</Y>
        <Z>15.3022995</Z>
      </Vector3>
      <Vector3>
        <X>-3144.175</X>
        <Y>981.0689</Y>
        <Z>16.39109</Z>
      </Vector3>
      <Vector3>
        <X>-3140.53223</X>
        <Y>985.3155</Y>
        <Z>15.31503</Z>
      </Vector3>
      <Vector3>
        <X>-3142.24536</X>
        <Y>980.3993</Y>
        <Z>16.4038219</Z>
      </Vector3>
      <Vector3>
        <X>-3142.50439</X>
        <Y>985.8904</Y>
        <Z>16.7544918</Z>
      </Vector3>
      <Vector3>
        <X>-3140.57471</X>
        <Y>985.220764</Y>
        <Z>16.7672215</Z>
      </Vector3>
    </Bounds>
    <CenterCamPosition>
      <X>0</X>
      <Y>0</Y>
    </CenterCamPosition>
    <ScreenBounds />
    <DistanceToCam>0</DistanceToCam>
    <Speed>10.9425287</Speed>
    <AccInput>0.283660173</AccInput>
    <RPM>0.437017053</RPM>
    <Gear>2</Gear>
    <SteeringAngle>-1.97682667</SteeringAngle>
    <WheelSpeed>0</WheelSpeed>
    <CarType>Sports</CarType>
  </MyCar>
  <Peds />
  <Time>101513</Time>
  <LastFrameTime>0.0298015513</LastFrameTime>
  <MyProperty>0</MyProperty>
  <Weather>ExtraSunny</Weather>
  <Steering>127</Steering>
  <Acc>163</Acc>
  <Brake>127</Brake>
  <DayTime>06:52:58</DayTime>
  <Position>
    <X>-3142.101</X>
    <Y>983.960266</Y>
    <Z>16.81224</Z>
  </Position>
  <Rotation>
    <X>3.54061127</X>
    <Y>0.11315047</Y>
    <Z>-18.84135</Z>
  </Rotation>
</Screenshot>