<?xml version="1.0" encoding="utf-8"?>
<Screenshot xmlns:xsd="http://www.w3.org/2001/XMLSchema" xmlns:xsi="http://www.w3.org/2001/XMLSchema-instance">
  <Cars />
  <MyCar>
    <Position>
      <X>-3142.17188</X>
      <Y>983.7082</Y>
      <Z>15.8919964</Z>
    </Position>
    <Rotation>
      <X>4.13521338</X>
      <Y>-0.308038771</Y>
      <Z>-19.53922</Z>
    </Rotation>
    <Handle>1538</Handle>
    <Bounds>
      <Vector3>
        <X>-3143.96533</X>
        <Y>981.693359</Y>
        <Z>14.9760208</Z>
      </Vector3>
      <Vector3>
        <X>-3142.04028</X>
        <Y>981.0102</Y>
        <Z>14.9870033</Z>
      </Vector3>
      <Vector3>
        <X>-3142.26074</X>
        <Y>986.502441</Y>
        <Z>15.3449039</Z>
      </Vector3>
      <Vector3>
        <X>-3144.00781</X>
        <Y>981.597046</Y>
        <Z>16.4281082</Z>
      </Vector3>
      <Vector3>
        <X>-3140.33569</X>
        <Y>985.8193</Y>
        <Z>15.3558865</Z>
      </Vector3>
      <Vector3>
        <X>-3142.08276</X>
        <Y>980.9138</Y>
        <Z>16.43909</Z>
      </Vector3>
      <Vector3>
        <X>-3142.30322</X>
        <Y>986.4061</Y>
        <Z>16.7969913</Z>
      </Vector3>
      <Vector3>
        <X>-3140.37817</X>
        <Y>985.722961</Y>
        <Z>16.8079739</Z>
      </Vector3>
    </Bounds>
    <CenterCamPosition>
      <X>0</X>
      <Y>0</Y>
    </CenterCamPosition>
    <ScreenBounds />
    <DistanceToCam>0</DistanceToCam>
    <Speed>10.9861231</Speed>
    <AccInput>0.283660173</AccInput>
    <RPM>0.4388714</RPM>
    <Gear>2</Gear>
    <SteeringAngle>-1.24733579</SteeringAngle>
    <WheelSpeed>0</WheelSpeed>
    <CarType>Sports</CarType>
  </MyCar>
  <Peds />
  <Time>101563</Time>
  <LastFrameTime>0.0306973979</LastFrameTime>
  <MyProperty>0</MyProperty>
  <Weather>ExtraSunny</Weather>
  <Steering>127</Steering>
  <Acc>163</Acc>
  <Brake>127</Brake>
  <DayTime>06:53:00</DayTime>
  <Position>
    <X>-3141.915</X>
    <Y>984.462</Y>
    <Z>16.8515148</Z>
  </Position>
  <Rotation>
    <X>3.59878516</X>
    <Y>0.16148828</Y>
    <Z>-19.3073139</Z>
  </Rotation>
</Screenshot>