<?xml version="1.0" encoding="utf-8"?>
<Screenshot xmlns:xsd="http://www.w3.org/2001/XMLSchema" xmlns:xsi="http://www.w3.org/2001/XMLSchema-instance">
  <Cars />
  <MyCar>
    <Position>
      <X>-3142.09961</X>
      <Y>983.9115</Y>
      <Z>15.9073305</Z>
    </Position>
    <Rotation>
      <X>4.158609</X>
      <Y>-0.294739753</Y>
      <Z>-19.6689377</Z>
    </Rotation>
    <Handle>1538</Handle>
    <Bounds>
      <Vector3>
        <X>-3143.89771</X>
        <Y>981.9011</Y>
        <Z>14.990571</Z>
      </Vector3>
      <Vector3>
        <X>-3141.974</X>
        <Y>981.2136</Y>
        <Z>15.0010786</Z>
      </Vector3>
      <Vector3>
        <X>-3142.18213</X>
        <Y>986.706238</Y>
        <Z>15.3615379</Z>
      </Vector3>
      <Vector3>
        <X>-3143.94019</X>
        <Y>981.80426</Y>
        <Z>16.4426155</Z>
      </Vector3>
      <Vector3>
        <X>-3140.25879</X>
        <Y>986.0187</Y>
        <Z>15.3720455</Z>
      </Vector3>
      <Vector3>
        <X>-3142.01685</X>
        <Y>981.1167</Y>
        <Z>16.4531231</Z>
      </Vector3>
      <Vector3>
        <X>-3142.22485</X>
        <Y>986.6093</Y>
        <Z>16.8135834</Z>
      </Vector3>
      <Vector3>
        <X>-3140.30127</X>
        <Y>985.921753</Y>
        <Z>16.824091</Z>
      </Vector3>
    </Bounds>
    <CenterCamPosition>
      <X>0</X>
      <Y>0</Y>
    </CenterCamPosition>
    <ScreenBounds />
    <DistanceToCam>0</DistanceToCam>
    <Speed>11.0022888</Speed>
    <AccInput>0.283660173</AccInput>
    <RPM>0.439703584</RPM>
    <Gear>2</Gear>
    <SteeringAngle>-1.04691076</SteeringAngle>
    <WheelSpeed>0</WheelSpeed>
    <CarType>Sports</CarType>
  </MyCar>
  <Peds />
  <Time>101583</Time>
  <LastFrameTime>0.01966983</LastFrameTime>
  <MyProperty>0</MyProperty>
  <Weather>ExtraSunny</Weather>
  <Steering>127</Steering>
  <Acc>163</Acc>
  <Brake>127</Brake>
  <DayTime>06:53:00</DayTime>
  <Position>
    <X>-3141.79834</X>
    <Y>984.776733</Y>
    <Z>16.8761711</Z>
  </Position>
  <Rotation>
    <X>3.63521338</X>
    <Y>0.191961214</Y>
    <Z>-19.5392189</Z>
  </Rotation>
</Screenshot>