<?xml version="1.0" encoding="utf-8"?>
<Screenshot xmlns:xsd="http://www.w3.org/2001/XMLSchema" xmlns:xsi="http://www.w3.org/2001/XMLSchema-instance">
  <Cars />
  <MyCar>
    <Position>
      <X>-3141.98975</X>
      <Y>984.21936</Y>
      <Z>15.9304838</Z>
    </Position>
    <Rotation>
      <X>4.197054</X>
      <Y>-0.2790364</Y>
      <Z>-19.8321285</Z>
    </Rotation>
    <Handle>1538</Handle>
    <Bounds>
      <Vector3>
        <X>-3143.7937</X>
        <Y>982.2148</Y>
        <Z>15.0123262</Z>
      </Vector3>
      <Vector3>
        <X>-3141.872</X>
        <Y>981.5218</Y>
        <Z>15.022275</Z>
      </Vector3>
      <Vector3>
        <X>-3142.06445</X>
        <Y>987.0147</Y>
        <Z>15.3867168</Z>
      </Vector3>
      <Vector3>
        <X>-3143.83643</X>
        <Y>982.116943</Y>
        <Z>16.4643021</Z>
      </Vector3>
      <Vector3>
        <X>-3140.14282</X>
        <Y>986.321655</Y>
        <Z>15.3966656</Z>
      </Vector3>
      <Vector3>
        <X>-3141.91479</X>
        <Y>981.42395</Y>
        <Z>16.47425</Z>
      </Vector3>
      <Vector3>
        <X>-3142.10718</X>
        <Y>986.9169</Y>
        <Z>16.8386936</Z>
      </Vector3>
      <Vector3>
        <X>-3140.18555</X>
        <Y>986.2239</Y>
        <Z>16.84864</Z>
      </Vector3>
    </Bounds>
    <CenterCamPosition>
      <X>0</X>
      <Y>0</Y>
    </CenterCamPosition>
    <ScreenBounds />
    <DistanceToCam>0</DistanceToCam>
    <Speed>11.0261221</Speed>
    <AccInput>0.283660173</AccInput>
    <RPM>0.440507561</RPM>
    <Gear>2</Gear>
    <SteeringAngle>-0.792677939</SteeringAngle>
    <WheelSpeed>0</WheelSpeed>
    <CarType>Sports</CarType>
  </MyCar>
  <Peds />
  <Time>101612</Time>
  <LastFrameTime>0.0297370087</LastFrameTime>
  <MyProperty>0</MyProperty>
  <Weather>ExtraSunny</Weather>
  <Steering>127</Steering>
  <Acc>163</Acc>
  <Brake>127</Brake>
  <DayTime>06:53:01</DayTime>
  <Position>
    <X>-3141.72339</X>
    <Y>984.97876</Y>
    <Z>16.89197</Z>
  </Position>
  <Rotation>
    <X>3.658609</X>
    <Y>0.2052604</Y>
    <Z>-19.6689358</Z>
  </Rotation>
</Screenshot>