<?xml version="1.0" encoding="utf-8"?>
<Screenshot xmlns:xsd="http://www.w3.org/2001/XMLSchema" xmlns:xsi="http://www.w3.org/2001/XMLSchema-instance">
  <Cars />
  <MyCar>
    <Position>
      <X>-3141.91772</X>
      <Y>984.420349</Y>
      <Z>15.94558</Z>
    </Position>
    <Rotation>
      <X>4.222832</X>
      <Y>-0.2745943</Y>
      <Z>-19.9232254</Z>
    </Rotation>
    <Handle>1538</Handle>
    <Bounds>
      <Vector3>
        <X>-3143.72461</X>
        <Y>982.419067</Y>
        <Z>15.0263777</Z>
      </Vector3>
      <Vector3>
        <X>-3141.8042</X>
        <Y>981.722961</Y>
        <Z>15.0361671</Z>
      </Vector3>
      <Vector3>
        <X>-3141.98779</X>
        <Y>987.216064</Y>
        <Z>15.4030638</Z>
      </Vector3>
      <Vector3>
        <X>-3143.76782</X>
        <Y>982.3206</Y>
        <Z>16.4783058</Z>
      </Vector3>
      <Vector3>
        <X>-3140.06738</X>
        <Y>986.519958</Y>
        <Z>15.4128532</Z>
      </Vector3>
      <Vector3>
        <X>-3141.84741</X>
        <Y>981.6246</Y>
        <Z>16.4880962</Z>
      </Vector3>
      <Vector3>
        <X>-3142.031</X>
        <Y>987.1176</Y>
        <Z>16.8549919</Z>
      </Vector3>
      <Vector3>
        <X>-3140.1106</X>
        <Y>986.4216</Y>
        <Z>16.8647823</Z>
      </Vector3>
    </Bounds>
    <CenterCamPosition>
      <X>0</X>
      <Y>0</Y>
    </CenterCamPosition>
    <ScreenBounds />
    <DistanceToCam>0</DistanceToCam>
    <Speed>11.0414085</Speed>
    <AccInput>0.283660173</AccInput>
    <RPM>0.4413369</RPM>
    <Gear>2</Gear>
    <SteeringAngle>-0.6672372</SteeringAngle>
    <WheelSpeed>0</WheelSpeed>
    <CarType>Sports</CarType>
  </MyCar>
  <Peds />
  <Time>101632</Time>
  <LastFrameTime>0.0193877649</LastFrameTime>
  <MyProperty>0</MyProperty>
  <Weather>ExtraSunny</Weather>
  <Steering>127</Steering>
  <Acc>163</Acc>
  <Brake>127</Brake>
  <DayTime>06:53:02</DayTime>
  <Position>
    <X>-3141.6106</X>
    <Y>985.284851</Y>
    <Z>16.9158821</Z>
  </Position>
  <Rotation>
    <X>3.69705367</X>
    <Y>0.220963538</Y>
    <Z>-19.8321285</Z>
  </Rotation>
</Screenshot>