<?xml version="1.0" encoding="utf-8"?>
<Screenshot xmlns:xsd="http://www.w3.org/2001/XMLSchema" xmlns:xsi="http://www.w3.org/2001/XMLSchema-instance">
  <Cars />
  <MyCar>
    <Position>
      <X>-3141.72437</X>
      <Y>984.9569</Y>
      <Z>15.9857035</Z>
    </Position>
    <Rotation>
      <X>4.29709959</X>
      <Y>-0.257228136</Y>
      <Z>-20.1040478</Z>
    </Rotation>
    <Handle>1538</Handle>
    <Bounds>
      <Vector3>
        <X>-3143.53735</X>
        <Y>982.9625</Y>
        <Z>15.0635738</Z>
      </Vector3>
      <Vector3>
        <X>-3141.61914</X>
        <Y>982.2604</Y>
        <Z>15.0727444</Z>
      </Vector3>
      <Vector3>
        <X>-3141.78564</X>
        <Y>987.75354</Y>
        <Z>15.4468727</Z>
      </Vector3>
      <Vector3>
        <X>-3143.581</X>
        <Y>982.8623</Y>
        <Z>16.5153637</Z>
      </Vector3>
      <Vector3>
        <X>-3139.86743</X>
        <Y>987.0514</Y>
        <Z>15.4560432</Z>
      </Vector3>
      <Vector3>
        <X>-3141.66284</X>
        <Y>982.1602</Y>
        <Z>16.5245342</Z>
      </Vector3>
      <Vector3>
        <X>-3141.82935</X>
        <Y>987.6533</Y>
        <Z>16.8986626</Z>
      </Vector3>
      <Vector3>
        <X>-3139.91113</X>
        <Y>986.9512</Y>
        <Z>16.9078331</Z>
      </Vector3>
    </Bounds>
    <CenterCamPosition>
      <X>0</X>
      <Y>0</Y>
    </CenterCamPosition>
    <ScreenBounds />
    <DistanceToCam>0</DistanceToCam>
    <Speed>11.0807753</Speed>
    <AccInput>0.283660173</AccInput>
    <RPM>0.44292742</RPM>
    <Gear>2</Gear>
    <SteeringAngle>-0.414495975</SteeringAngle>
    <WheelSpeed>0</WheelSpeed>
    <CarType>Sports</CarType>
  </MyCar>
  <Peds />
  <Time>101683</Time>
  <LastFrameTime>0.0207366534</LastFrameTime>
  <MyProperty>0</MyProperty>
  <Weather>ExtraSunny</Weather>
  <Steering>127</Steering>
  <Acc>163</Acc>
  <Brake>127</Brake>
  <DayTime>06:53:03</DayTime>
  <Position>
    <X>-3141.41943</X>
    <Y>985.80426</Y>
    <Z>16.9563675</Z>
  </Position>
  <Rotation>
    <X>3.76836276</X>
    <Y>0.236131415</Y>
    <Z>-20.0397511</Z>
  </Rotation>
</Screenshot>