<?xml version="1.0" encoding="utf-8"?>
<Screenshot xmlns:xsd="http://www.w3.org/2001/XMLSchema" xmlns:xsi="http://www.w3.org/2001/XMLSchema-instance">
  <Cars />
  <MyCar>
    <Position>
      <X>-3141.80225</X>
      <Y>984.7414</Y>
      <Z>15.96956</Z>
    </Position>
    <Rotation>
      <X>4.26836252</X>
      <Y>-0.263868451</Y>
      <Z>-20.039753</Z>
    </Rotation>
    <Handle>1538</Handle>
    <Bounds>
      <Vector3>
        <X>-3143.61328</X>
        <Y>982.7445</Y>
        <Z>15.048564</Z>
      </Vector3>
      <Vector3>
        <X>-3141.694</X>
        <Y>982.044556</Y>
        <Z>15.057971</Z>
      </Vector3>
      <Vector3>
        <X>-3141.8667</X>
        <Y>987.537659</Y>
        <Z>15.4293041</Z>
      </Vector3>
      <Vector3>
        <X>-3143.65649</X>
        <Y>982.645</Y>
        <Z>16.5004082</Z>
      </Vector3>
      <Vector3>
        <X>-3139.94775</X>
        <Y>986.8377</Y>
        <Z>15.4387121</Z>
      </Vector3>
      <Vector3>
        <X>-3141.73755</X>
        <Y>981.945</Y>
        <Z>16.5098152</Z>
      </Vector3>
      <Vector3>
        <X>-3141.91016</X>
        <Y>987.4382</Y>
        <Z>16.8811474</Z>
      </Vector3>
      <Vector3>
        <X>-3139.99121</X>
        <Y>986.738159</Y>
        <Z>16.8905563</Z>
      </Vector3>
    </Bounds>
    <CenterCamPosition>
      <X>0</X>
      <Y>0</Y>
    </CenterCamPosition>
    <ScreenBounds />
    <DistanceToCam>0</DistanceToCam>
    <Speed>11.0652094</Speed>
    <AccInput>0.283660173</AccInput>
    <RPM>0.442097425</RPM>
    <Gear>2</Gear>
    <SteeringAngle>-0.498866558</SteeringAngle>
    <WheelSpeed>0</WheelSpeed>
    <CarType>Sports</CarType>
  </MyCar>
  <Peds />
  <Time>101663</Time>
  <LastFrameTime>0.0309248511</LastFrameTime>
  <MyProperty>0</MyProperty>
  <Weather>ExtraSunny</Weather>
  <Steering>127</Steering>
  <Acc>163</Acc>
  <Brake>127</Brake>
  <DayTime>06:53:03</DayTime>
  <Position>
    <X>-3141.53687</X>
    <Y>985.484741</Y>
    <Z>16.931488</Z>
  </Position>
  <Rotation>
    <X>3.722832</X>
    <Y>0.225405544</Y>
    <Z>-19.9232235</Z>
  </Rotation>
</Screenshot>