<?xml version="1.0" encoding="utf-8"?>
<Screenshot xmlns:xsd="http://www.w3.org/2001/XMLSchema" xmlns:xsi="http://www.w3.org/2001/XMLSchema-instance">
  <Cars />
  <MyCar>
    <Position>
      <X>-3141.4248</X>
      <Y>985.780334</Y>
      <Z>16.04961</Z>
    </Position>
    <Rotation>
      <X>4.301019</X>
      <Y>-0.2364864</Y>
      <Z>-20.25759</Z>
    </Rotation>
    <Handle>1538</Handle>
    <Bounds>
      <Vector3>
        <X>-3143.24365</X>
        <Y>983.791</Y>
        <Z>15.1276779</Z>
      </Vector3>
      <Vector3>
        <X>-3141.32715</X>
        <Y>983.08374</Y>
        <Z>15.1361094</Z>
      </Vector3>
      <Vector3>
        <X>-3141.47876</X>
        <Y>988.5772</Y>
        <Z>15.5113268</Z>
      </Vector3>
      <Vector3>
        <X>-3143.28687</X>
        <Y>983.6906</Y>
        <Z>16.579464</Z>
      </Vector3>
      <Vector3>
        <X>-3139.5625</X>
        <Y>987.869934</Y>
        <Z>15.5197582</Z>
      </Vector3>
      <Vector3>
        <X>-3141.37061</X>
        <Y>982.9834</Y>
        <Z>16.5878944</Z>
      </Vector3>
      <Vector3>
        <X>-3141.52222</X>
        <Y>988.476868</Y>
        <Z>16.9631119</Z>
      </Vector3>
      <Vector3>
        <X>-3139.606</X>
        <Y>987.7696</Y>
        <Z>16.9715443</Z>
      </Vector3>
    </Bounds>
    <CenterCamPosition>
      <X>0</X>
      <Y>0</Y>
    </CenterCamPosition>
    <ScreenBounds />
    <DistanceToCam>0</DistanceToCam>
    <Speed>11.1381292</Speed>
    <AccInput>0.283660173</AccInput>
    <RPM>0.444500864</RPM>
    <Gear>2</Gear>
    <SteeringAngle>-0.200061455</SteeringAngle>
    <WheelSpeed>0</WheelSpeed>
    <CarType>Sports</CarType>
  </MyCar>
  <Peds />
  <Time>101762</Time>
  <LastFrameTime>0.03032193</LastFrameTime>
  <MyProperty>0</MyProperty>
  <Weather>ExtraSunny</Weather>
  <Steering>127</Steering>
  <Acc>163</Acc>
  <Brake>127</Brake>
  <DayTime>06:53:06</DayTime>
  <Position>
    <X>-3141.154</X>
    <Y>986.5249</Y>
    <Z>17.012495</Z>
  </Position>
  <Rotation>
    <X>3.81108832</X>
    <Y>0.256879359</Y>
    <Z>-20.2125854</Z>
  </Rotation>
</Screenshot>