<?xml version="1.0" encoding="utf-8"?>
<Screenshot xmlns:xsd="http://www.w3.org/2001/XMLSchema" xmlns:xsi="http://www.w3.org/2001/XMLSchema-instance">
  <Cars />
  <MyCar>
    <Position>
      <X>-3141.54028</X>
      <Y>985.46405</Y>
      <Z>16.0248432</Z>
    </Position>
    <Rotation>
      <X>4.311088</X>
      <Y>-0.2431206</Y>
      <Z>-20.2125854</Z>
    </Rotation>
    <Handle>1538</Handle>
    <Bounds>
      <Vector3>
        <X>-3143.35718</X>
        <Y>983.4734</Y>
        <Z>15.102354</Z>
      </Vector3>
      <Vector3>
        <X>-3141.44043</X>
        <Y>982.767639</Y>
        <Z>15.111022</Z>
      </Vector3>
      <Vector3>
        <X>-3141.59644</X>
        <Y>988.2609</Y>
        <Z>15.4868994</Z>
      </Vector3>
      <Vector3>
        <X>-3143.401</X>
        <Y>983.3728</Y>
        <Z>16.554121</Z>
      </Vector3>
      <Vector3>
        <X>-3139.67944</X>
        <Y>987.5552</Y>
        <Z>15.4955673</Z>
      </Vector3>
      <Vector3>
        <X>-3141.484</X>
        <Y>982.667053</Y>
        <Z>16.562788</Z>
      </Vector3>
      <Vector3>
        <X>-3141.64</X>
        <Y>988.1604</Y>
        <Z>16.9386654</Z>
      </Vector3>
      <Vector3>
        <X>-3139.72314</X>
        <Y>987.4546</Y>
        <Z>16.9473324</Z>
      </Vector3>
    </Bounds>
    <CenterCamPosition>
      <X>0</X>
      <Y>0</Y>
    </CenterCamPosition>
    <ScreenBounds />
    <DistanceToCam>0</DistanceToCam>
    <Speed>11.1165075</Speed>
    <AccInput>0.283660173</AccInput>
    <RPM>0.444090128</RPM>
    <Gear>2</Gear>
    <SteeringAngle>-0.265700221</SteeringAngle>
    <WheelSpeed>0</WheelSpeed>
    <CarType>Sports</CarType>
  </MyCar>
  <Peds />
  <Time>101732</Time>
  <LastFrameTime>0.020044988</LastFrameTime>
  <MyProperty>0</MyProperty>
  <Weather>ExtraSunny</Weather>
  <Steering>127</Steering>
  <Acc>163</Acc>
  <Brake>127</Brake>
  <DayTime>06:53:05</DayTime>
  <Position>
    <X>-3141.231</X>
    <Y>986.3164</Y>
    <Z>16.9962654</Z>
  </Position>
  <Rotation>
    <X>3.81210542</X>
    <Y>0.251826346</Y>
    <Z>-20.1734562</Z>
  </Rotation>
</Screenshot>