<?xml version="1.0" encoding="utf-8"?>
<Screenshot xmlns:xsd="http://www.w3.org/2001/XMLSchema" xmlns:xsi="http://www.w3.org/2001/XMLSchema-instance">
  <Cars />
  <MyCar>
    <Position>
      <X>-3141.61621</X>
      <Y>985.255249</Y>
      <Z>16.0085945</Z>
    </Position>
    <Rotation>
      <X>4.3121047</X>
      <Y>-0.248173922</Y>
      <Z>-20.1734543</Z>
    </Rotation>
    <Handle>1538</Handle>
    <Bounds>
      <Vector3>
        <X>-3143.432</X>
        <Y>983.263367</Y>
        <Z>15.0859718</Z>
      </Vector3>
      <Vector3>
        <X>-3141.5144</X>
        <Y>982.5589</Y>
        <Z>15.09482</Z>
      </Vector3>
      <Vector3>
        <X>-3141.674</X>
        <Y>988.0521</Y>
        <Z>15.4706068</Z>
      </Vector3>
      <Vector3>
        <X>-3143.47534</X>
        <Y>983.1628</Y>
        <Z>16.537735</Z>
      </Vector3>
      <Vector3>
        <X>-3139.75684</X>
        <Y>987.347656</Y>
        <Z>15.479455</Z>
      </Vector3>
      <Vector3>
        <X>-3141.558</X>
        <Y>982.4583</Y>
        <Z>16.5465832</Z>
      </Vector3>
      <Vector3>
        <X>-3141.71777</X>
        <Y>987.951538</Y>
        <Z>16.92237</Z>
      </Vector3>
      <Vector3>
        <X>-3139.80029</X>
        <Y>987.2471</Y>
        <Z>16.93122</Z>
      </Vector3>
    </Bounds>
    <CenterCamPosition>
      <X>0</X>
      <Y>0</Y>
    </CenterCamPosition>
    <ScreenBounds />
    <DistanceToCam>0</DistanceToCam>
    <Speed>11.1018581</Speed>
    <AccInput>0.283660173</AccInput>
    <RPM>0.443728536</RPM>
    <Gear>2</Gear>
    <SteeringAngle>-0.317580432</SteeringAngle>
    <WheelSpeed>0</WheelSpeed>
    <CarType>Sports</CarType>
  </MyCar>
  <Peds />
  <Time>101712</Time>
  <LastFrameTime>0.0286776312</LastFrameTime>
  <MyProperty>0</MyProperty>
  <Weather>ExtraSunny</Weather>
  <Steering>127</Steering>
  <Acc>163</Acc>
  <Brake>127</Brake>
  <DayTime>06:53:04</DayTime>
  <Position>
    <X>-3141.34033</X>
    <Y>986.0188</Y>
    <Z>16.9730778</Z>
  </Position>
  <Rotation>
    <X>3.797099</X>
    <Y>0.242771864</Y>
    <Z>-20.1040478</Z>
  </Rotation>
</Screenshot>