<?xml version="1.0" encoding="utf-8"?>
<Screenshot xmlns:xsd="http://www.w3.org/2001/XMLSchema" xmlns:xsi="http://www.w3.org/2001/XMLSchema-instance">
  <Cars />
  <MyCar>
    <Position>
      <X>-3141.35059</X>
      <Y>985.9828</Y>
      <Z>16.0654716</Z>
    </Position>
    <Rotation>
      <X>4.29498529</X>
      <Y>-0.235641271</Y>
      <Z>-20.28076</Z>
    </Rotation>
    <Handle>1538</Handle>
    <Bounds>
      <Vector3>
        <X>-3143.17017</X>
        <Y>983.9941</Y>
        <Z>15.1438169</Z>
      </Vector3>
      <Vector3>
        <X>-3141.25415</X>
        <Y>983.2861</Y>
        <Z>15.1522179</Z>
      </Vector3>
      <Vector3>
        <X>-3141.40356</X>
        <Y>988.779663</Y>
        <Z>15.5269289</Z>
      </Vector3>
      <Vector3>
        <X>-3143.21362</X>
        <Y>983.8939</Y>
        <Z>16.5956154</Z>
      </Vector3>
      <Vector3>
        <X>-3139.4873</X>
        <Y>988.0716</Y>
        <Z>15.53533</Z>
      </Vector3>
      <Vector3>
        <X>-3141.29761</X>
        <Y>983.185852</Y>
        <Z>16.6040154</Z>
      </Vector3>
      <Vector3>
        <X>-3141.44678</X>
        <Y>988.679443</Y>
        <Z>16.9787254</Z>
      </Vector3>
      <Vector3>
        <X>-3139.53076</X>
        <Y>987.9714</Y>
        <Z>16.9871273</Z>
      </Vector3>
    </Bounds>
    <CenterCamPosition>
      <X>0</X>
      <Y>0</Y>
    </CenterCamPosition>
    <ScreenBounds />
    <DistanceToCam>0</DistanceToCam>
    <Speed>11.1516409</Speed>
    <AccInput>0.283660173</AccInput>
    <RPM>0.445043445</RPM>
    <Gear>2</Gear>
    <SteeringAngle>-0.1684652</SteeringAngle>
    <WheelSpeed>0</WheelSpeed>
    <CarType>Sports</CarType>
  </MyCar>
  <Peds />
  <Time>101782</Time>
  <LastFrameTime>0.01939335</LastFrameTime>
  <MyProperty>0</MyProperty>
  <Weather>ExtraSunny</Weather>
  <Steering>127</Steering>
  <Acc>163</Acc>
  <Brake>127</Brake>
  <DayTime>06:53:06</DayTime>
  <Position>
    <X>-3141.0376</X>
    <Y>986.841</Y>
    <Z>17.0370636</Z>
  </Position>
  <Rotation>
    <X>3.801019</X>
    <Y>0.263513446</Y>
    <Z>-20.25759</Z>
  </Rotation>
</Screenshot>