<?xml version="1.0" encoding="utf-8"?>
<Screenshot xmlns:xsd="http://www.w3.org/2001/XMLSchema" xmlns:xsi="http://www.w3.org/2001/XMLSchema-instance">
  <Cars />
  <MyCar>
    <Position>
      <X>-3141.2334</X>
      <Y>986.3025</Y>
      <Z>16.090519</Z>
    </Position>
    <Rotation>
      <X>4.28375673</X>
      <Y>-0.234607428</Y>
      <Z>-20.3077412</Z>
    </Rotation>
    <Handle>1538</Handle>
    <Bounds>
      <Vector3>
        <X>-3143.054</X>
        <Y>984.3145</Y>
        <Z>15.1693716</Z>
      </Vector3>
      <Vector3>
        <X>-3141.13818</X>
        <Y>983.6055</Y>
        <Z>15.1777363</Z>
      </Vector3>
      <Vector3>
        <X>-3141.285</X>
        <Y>989.099243</Y>
        <Z>15.5514841</Z>
      </Vector3>
      <Vector3>
        <X>-3143.09741</X>
        <Y>984.2146</Y>
        <Z>16.621191</Z>
      </Vector3>
      <Vector3>
        <X>-3139.36914</X>
        <Y>988.3903</Y>
        <Z>15.5598478</Z>
      </Vector3>
      <Vector3>
        <X>-3141.18164</X>
        <Y>983.5056</Y>
        <Z>16.6295547</Z>
      </Vector3>
      <Vector3>
        <X>-3141.32837</X>
        <Y>988.9993</Y>
        <Z>17.0033035</Z>
      </Vector3>
      <Vector3>
        <X>-3139.4126</X>
        <Y>988.2904</Y>
        <Z>17.0116673</Z>
      </Vector3>
    </Bounds>
    <CenterCamPosition>
      <X>0</X>
      <Y>0</Y>
    </CenterCamPosition>
    <ScreenBounds />
    <DistanceToCam>0</DistanceToCam>
    <Speed>11.1726322</Speed>
    <AccInput>0.283660173</AccInput>
    <RPM>0.445741355</RPM>
    <Gear>2</Gear>
    <SteeringAngle>-0.126532644</SteeringAngle>
    <WheelSpeed>0</WheelSpeed>
    <CarType>Sports</CarType>
  </MyCar>
  <Peds />
  <Time>101812</Time>
  <LastFrameTime>0.0305732768</LastFrameTime>
  <MyProperty>0</MyProperty>
  <Weather>ExtraSunny</Weather>
  <Steering>127</Steering>
  <Acc>163</Acc>
  <Brake>127</Brake>
  <DayTime>06:53:07</DayTime>
  <Position>
    <X>-3140.963</X>
    <Y>987.0434</Y>
    <Z>17.0528049</Z>
  </Position>
  <Rotation>
    <X>3.79498529</X>
    <Y>0.26435867</Y>
    <Z>-20.2807579</Z>
  </Rotation>
</Screenshot>