<?xml version="1.0" encoding="utf-8"?>
<Screenshot xmlns:xsd="http://www.w3.org/2001/XMLSchema" xmlns:xsi="http://www.w3.org/2001/XMLSchema-instance">
  <Cars />
  <MyCar>
    <Position>
      <X>-3140.962</X>
      <Y>987.0398</Y>
      <Z>16.1481323</Z>
    </Position>
    <Rotation>
      <X>4.24044657</X>
      <Y>-0.209596545</Y>
      <Z>-20.3381653</Z>
    </Rotation>
    <Handle>1538</Handle>
    <Bounds>
      <Vector3>
        <X>-3142.78418</X>
        <Y>985.052246</Y>
        <Z>15.2293167</Z>
      </Vector3>
      <Vector3>
        <X>-3140.869</X>
        <Y>984.3423</Y>
        <Z>15.23679</Z>
      </Vector3>
      <Vector3>
        <X>-3141.01245</X>
        <Y>989.8363</Y>
        <Z>15.6075735</Z>
      </Vector3>
      <Vector3>
        <X>-3142.82666</X>
        <Y>984.9532</Y>
        <Z>16.68122</Z>
      </Vector3>
      <Vector3>
        <X>-3139.097</X>
        <Y>989.126343</Y>
        <Z>15.6150455</Z>
      </Vector3>
      <Vector3>
        <X>-3140.91113</X>
        <Y>984.2432</Y>
        <Z>16.6886921</Z>
      </Vector3>
      <Vector3>
        <X>-3141.05469</X>
        <Y>989.7372</Y>
        <Z>17.0594769</Z>
      </Vector3>
      <Vector3>
        <X>-3139.1394</X>
        <Y>989.0272</Y>
        <Z>17.0669479</Z>
      </Vector3>
    </Bounds>
    <CenterCamPosition>
      <X>0</X>
      <Y>0</Y>
    </CenterCamPosition>
    <ScreenBounds />
    <DistanceToCam>0</DistanceToCam>
    <Speed>11.21986</Speed>
    <AccInput>0.283660173</AccInput>
    <RPM>0.4475522</RPM>
    <Gear>2</Gear>
    <SteeringAngle>-0.0666959658</SteeringAngle>
    <WheelSpeed>0</WheelSpeed>
    <CarType>Sports</CarType>
  </MyCar>
  <Peds />
  <Time>101883</Time>
  <LastFrameTime>0.0194979217</LastFrameTime>
  <MyProperty>0</MyProperty>
  <Weather>ExtraSunny</Weather>
  <Steering>127</Steering>
  <Acc>163</Acc>
  <Brake>127</Brake>
  <DayTime>06:53:09</DayTime>
  <Position>
    <X>-3140.64819</X>
    <Y>987.896</Y>
    <Z>17.1187</Z>
  </Position>
  <Rotation>
    <X>3.75183415</X>
    <Y>0.286733419</Y>
    <Z>-20.3320141</Z>
  </Rotation>
</Screenshot>