<?xml version="1.0" encoding="utf-8"?>
<Screenshot xmlns:xsd="http://www.w3.org/2001/XMLSchema" xmlns:xsi="http://www.w3.org/2001/XMLSchema-instance">
  <Cars />
  <MyCar>
    <Position>
      <X>-3141.16016</X>
      <Y>986.501648</Y>
      <Z>16.1061268</Z>
    </Position>
    <Rotation>
      <X>4.27746058</X>
      <Y>-0.234903589</Y>
      <Z>-20.319994</Z>
    </Rotation>
    <Handle>1538</Handle>
    <Bounds>
      <Vector3>
        <X>-3142.9812</X>
        <Y>984.514</Y>
        <Z>15.1852484</Z>
      </Vector3>
      <Vector3>
        <X>-3141.06567</X>
        <Y>983.8046</Y>
        <Z>15.1936235</Z>
      </Vector3>
      <Vector3>
        <X>-3141.21118</X>
        <Y>989.2984</Y>
        <Z>15.5668</Z>
      </Vector3>
      <Vector3>
        <X>-3143.02441</X>
        <Y>984.4142</Y>
        <Z>16.63708</Z>
      </Vector3>
      <Vector3>
        <X>-3139.29565</X>
        <Y>988.58905</Y>
        <Z>15.5751753</Z>
      </Vector3>
      <Vector3>
        <X>-3141.109</X>
        <Y>983.704834</Y>
        <Z>16.6454544</Z>
      </Vector3>
      <Vector3>
        <X>-3141.25439</X>
        <Y>989.1986</Y>
        <Z>17.018631</Z>
      </Vector3>
      <Vector3>
        <X>-3139.33887</X>
        <Y>988.489258</Y>
        <Z>17.0270061</Z>
      </Vector3>
    </Bounds>
    <CenterCamPosition>
      <X>0</X>
      <Y>0</Y>
    </CenterCamPosition>
    <ScreenBounds />
    <DistanceToCam>0</DistanceToCam>
    <Speed>11.186058</Speed>
    <AccInput>0.283660173</AccInput>
    <RPM>0.446390241</RPM>
    <Gear>2</Gear>
    <SteeringAngle>-0.106945582</SteeringAngle>
    <WheelSpeed>0</WheelSpeed>
    <CarType>Sports</CarType>
  </MyCar>
  <Peds />
  <Time>101831</Time>
  <LastFrameTime>0.0190219171</LastFrameTime>
  <MyProperty>0</MyProperty>
  <Weather>ExtraSunny</Weather>
  <Steering>127</Steering>
  <Acc>163</Acc>
  <Brake>127</Brake>
  <DayTime>06:53:08</DayTime>
  <Position>
    <X>-3140.84521</X>
    <Y>987.3631</Y>
    <Z>17.0776329</Z>
  </Position>
  <Rotation>
    <X>3.78375721</X>
    <Y>0.265392631</Y>
    <Z>-20.3077374</Z>
  </Rotation>
</Screenshot>