<?xml version="1.0" encoding="utf-8"?>
<Screenshot xmlns:xsd="http://www.w3.org/2001/XMLSchema" xmlns:xsi="http://www.w3.org/2001/XMLSchema-instance">
  <Cars />
  <MyCar>
    <Position>
      <X>-3141.03735</X>
      <Y>986.835144</Y>
      <Z>16.1322155</Z>
    </Position>
    <Rotation>
      <X>4.25183439</X>
      <Y>-0.213266447</Y>
      <Z>-20.3320179</Z>
    </Rotation>
    <Handle>1538</Handle>
    <Bounds>
      <Vector3>
        <X>-3142.85938</X>
        <Y>984.8476</Y>
        <Z>15.2128382</Z>
      </Vector3>
      <Vector3>
        <X>-3140.94385</X>
        <Y>984.1378</Y>
        <Z>15.2204418</Z>
      </Vector3>
      <Vector3>
        <X>-3141.08813</X>
        <Y>989.6317</Y>
        <Z>15.5921087</Z>
      </Vector3>
      <Vector3>
        <X>-3142.90186</X>
        <Y>984.7482</Y>
        <Z>16.66472</Z>
      </Vector3>
      <Vector3>
        <X>-3139.17261</X>
        <Y>988.922</Y>
        <Z>15.5997124</Z>
      </Vector3>
      <Vector3>
        <X>-3140.98633</X>
        <Y>984.038452</Y>
        <Z>16.6723232</Z>
      </Vector3>
      <Vector3>
        <X>-3141.13062</X>
        <Y>989.5324</Y>
        <Z>17.04399</Z>
      </Vector3>
      <Vector3>
        <X>-3139.215</X>
        <Y>988.822632</Y>
        <Z>17.0515938</Z>
      </Vector3>
    </Bounds>
    <CenterCamPosition>
      <X>0</X>
      <Y>0</Y>
    </CenterCamPosition>
    <ScreenBounds />
    <DistanceToCam>0</DistanceToCam>
    <Speed>11.2070322</Speed>
    <AccInput>0.283660173</AccInput>
    <RPM>0.447183728</RPM>
    <Gear>2</Gear>
    <SteeringAngle>-0.0792641044</SteeringAngle>
    <WheelSpeed>0</WheelSpeed>
    <CarType>Sports</CarType>
  </MyCar>
  <Peds />
  <Time>101863</Time>
  <LastFrameTime>0.03181511</LastFrameTime>
  <MyProperty>0</MyProperty>
  <Weather>ExtraSunny</Weather>
  <Steering>127</Steering>
  <Acc>163</Acc>
  <Brake>127</Brake>
  <DayTime>06:53:09</DayTime>
  <Position>
    <X>-3140.77173</X>
    <Y>987.5623</Y>
    <Z>17.0931149</Z>
  </Position>
  <Rotation>
    <X>3.77746034</X>
    <Y>0.265096545</Y>
    <Z>-20.319994</Z>
  </Rotation>
</Screenshot>