<?xml version="1.0" encoding="utf-8"?>
<Screenshot xmlns:xsd="http://www.w3.org/2001/XMLSchema" xmlns:xsi="http://www.w3.org/2001/XMLSchema-instance">
  <Cars />
  <MyCar>
    <Position>
      <X>-3140.54883</X>
      <Y>988.157043</Y>
      <Z>16.2358818</Z>
    </Position>
    <Rotation>
      <X>4.266005</X>
      <Y>-0.232554272</Y>
      <Z>-20.3565655</Z>
    </Rotation>
    <Handle>1538</Handle>
    <Bounds>
      <Vector3>
        <X>-3142.37134</X>
        <Y>986.170349</Y>
        <Z>15.3155451</Z>
      </Vector3>
      <Vector3>
        <X>-3140.456</X>
        <Y>985.4598</Y>
        <Z>15.3238354</Z>
      </Vector3>
      <Vector3>
        <X>-3140.59814</X>
        <Y>990.953735</Y>
        <Z>15.6960764</Z>
      </Vector3>
      <Vector3>
        <X>-3142.41455</X>
        <Y>986.070862</Y>
        <Z>16.7673969</Z>
      </Vector3>
      <Vector3>
        <X>-3138.68286</X>
        <Y>990.243164</Y>
        <Z>15.7043667</Z>
      </Vector3>
      <Vector3>
        <X>-3140.49927</X>
        <Y>985.3603</Y>
        <Z>16.7756882</Z>
      </Vector3>
      <Vector3>
        <X>-3140.64136</X>
        <Y>990.854248</Y>
        <Z>17.1479282</Z>
      </Vector3>
      <Vector3>
        <X>-3138.726</X>
        <Y>990.1437</Y>
        <Z>17.15622</Z>
      </Vector3>
    </Bounds>
    <CenterCamPosition>
      <X>0</X>
      <Y>0</Y>
    </CenterCamPosition>
    <ScreenBounds />
    <DistanceToCam>0</DistanceToCam>
    <Speed>11.28852</Speed>
    <AccInput>0.283660173</AccInput>
    <RPM>0.450765818</RPM>
    <Gear>2</Gear>
    <SteeringAngle>-0.0251931921</SteeringAngle>
    <WheelSpeed>0</WheelSpeed>
    <CarType>Sports</CarType>
  </MyCar>
  <Peds />
  <Time>101989</Time>
  <LastFrameTime>0.0262420587</LastFrameTime>
  <MyProperty>0</MyProperty>
  <Weather>ExtraSunny</Weather>
  <Steering>127</Steering>
  <Acc>163</Acc>
  <Brake>127</Brake>
  <DayTime>06:53:13</DayTime>
  <Position>
    <X>-3140.262</X>
    <Y>988.9409</Y>
    <Z>17.2003765</Z>
  </Position>
  <Rotation>
    <X>3.74829268</X>
    <Y>0.2728438</Y>
    <Z>-20.35391</Z>
  </Rotation>
</Screenshot>