<?xml version="1.0" encoding="utf-8"?>
<Screenshot xmlns:xsd="http://www.w3.org/2001/XMLSchema" xmlns:xsi="http://www.w3.org/2001/XMLSchema-instance">
  <Cars />
  <MyCar>
    <Position>
      <X>-3140.84717</X>
      <Y>987.350342</Y>
      <Z>16.1722622</Z>
    </Position>
    <Rotation>
      <X>4.22801256</X>
      <Y>-0.213869259</Y>
      <Z>-20.34555</Z>
    </Rotation>
    <Handle>1538</Handle>
    <Bounds>
      <Vector3>
        <X>-3142.66968</X>
        <Y>985.362854</Y>
        <Z>15.2539129</Z>
      </Vector3>
      <Vector3>
        <X>-3140.75439</X>
        <Y>984.652649</Y>
        <Z>15.2615376</Z>
      </Vector3>
      <Vector3>
        <X>-3140.89722</X>
        <Y>990.1467</Y>
        <Z>15.6310616</Z>
      </Vector3>
      <Vector3>
        <X>-3142.71216</X>
        <Y>985.2641</Y>
        <Z>16.70584</Z>
      </Vector3>
      <Vector3>
        <X>-3138.982</X>
        <Y>989.4365</Y>
        <Z>15.6386862</Z>
      </Vector3>
      <Vector3>
        <X>-3140.79688</X>
        <Y>984.5539</Y>
        <Z>16.7134628</Z>
      </Vector3>
      <Vector3>
        <X>-3140.9397</X>
        <Y>990.048</Y>
        <Z>17.0829887</Z>
      </Vector3>
      <Vector3>
        <X>-3139.02441</X>
        <Y>989.337769</Y>
        <Z>17.0906124</Z>
      </Vector3>
    </Bounds>
    <CenterCamPosition>
      <X>0</X>
      <Y>0</Y>
    </CenterCamPosition>
    <ScreenBounds />
    <DistanceToCam>0</DistanceToCam>
    <Speed>11.2393007</Speed>
    <AccInput>0.283660173</AccInput>
    <RPM>0.448363423</RPM>
    <Gear>2</Gear>
    <SteeringAngle>-0.05067334</SteeringAngle>
    <WheelSpeed>0</WheelSpeed>
    <CarType>Sports</CarType>
  </MyCar>
  <Peds />
  <Time>101912</Time>
  <LastFrameTime>0.0295489635</LastFrameTime>
  <MyProperty>0</MyProperty>
  <Weather>ExtraSunny</Weather>
  <Steering>127</Steering>
  <Acc>163</Acc>
  <Brake>127</Brake>
  <DayTime>06:53:10</DayTime>
  <Position>
    <X>-3140.57251</X>
    <Y>988.100769</Y>
    <Z>17.1343937</Z>
  </Position>
  <Rotation>
    <X>3.740446</X>
    <Y>0.2904035</Y>
    <Z>-20.3381653</Z>
  </Rotation>
</Screenshot>