<?xml version="1.0" encoding="utf-8"?>
<Screenshot xmlns:xsd="http://www.w3.org/2001/XMLSchema" xmlns:xsi="http://www.w3.org/2001/XMLSchema-instance">
  <Cars />
  <MyCar>
    <Position>
      <X>-3140.65137</X>
      <Y>987.880066</Y>
      <Z>16.2139626</Z>
    </Position>
    <Rotation>
      <X>4.24829245</X>
      <Y>-0.227156118</Y>
      <Z>-20.3539124</Z>
    </Rotation>
    <Handle>1538</Handle>
    <Bounds>
      <Vector3>
        <X>-3142.47388</X>
        <Y>985.893066</Y>
        <Z>15.2944937</Z>
      </Vector3>
      <Vector3>
        <X>-3140.55859</X>
        <Y>985.182556</Y>
        <Z>15.3025913</Z>
      </Vector3>
      <Vector3>
        <X>-3140.701</X>
        <Y>990.6766</Y>
        <Z>15.6734476</Z>
      </Vector3>
      <Vector3>
        <X>-3142.51685</X>
        <Y>985.793945</Y>
        <Z>16.74638</Z>
      </Vector3>
      <Vector3>
        <X>-3138.78564</X>
        <Y>989.9661</Y>
        <Z>15.6815462</Z>
      </Vector3>
      <Vector3>
        <X>-3140.60156</X>
        <Y>985.083435</Y>
        <Z>16.7544785</Z>
      </Vector3>
      <Vector3>
        <X>-3140.744</X>
        <Y>990.577454</Y>
        <Z>17.1253338</Z>
      </Vector3>
      <Vector3>
        <X>-3138.82861</X>
        <Y>989.867</Y>
        <Z>17.1334324</Z>
      </Vector3>
    </Bounds>
    <CenterCamPosition>
      <X>0</X>
      <Y>0</Y>
    </CenterCamPosition>
    <ScreenBounds />
    <DistanceToCam>0</DistanceToCam>
    <Speed>11.2717791</Speed>
    <AccInput>0.283660173</AccInput>
    <RPM>0.4499168</RPM>
    <Gear>2</Gear>
    <SteeringAngle>-0.0320166238</SteeringAngle>
    <WheelSpeed>0</WheelSpeed>
    <CarType>Sports</CarType>
  </MyCar>
  <Peds />
  <Time>101962</Time>
  <LastFrameTime>0.0295998547</LastFrameTime>
  <MyProperty>0</MyProperty>
  <Weather>ExtraSunny</Weather>
  <Steering>127</Steering>
  <Acc>163</Acc>
  <Brake>127</Brake>
  <DayTime>06:53:12</DayTime>
  <Position>
    <X>-3140.377</X>
    <Y>988.62915</Y>
    <Z>17.1753864</Z>
  </Position>
  <Rotation>
    <X>3.73091245</X>
    <Y>0.2806728</Y>
    <Z>-20.3496628</Z>
  </Rotation>
</Screenshot>