<?xml version="1.0" encoding="utf-8"?>
<Screenshot xmlns:xsd="http://www.w3.org/2001/XMLSchema" xmlns:xsi="http://www.w3.org/2001/XMLSchema-instance">
  <Cars />
  <MyCar>
    <Position>
      <X>-3140.7666</X>
      <Y>987.568054</Y>
      <Z>16.1893139</Z>
    </Position>
    <Rotation>
      <X>4.230912</X>
      <Y>-0.219327241</Y>
      <Z>-20.3496647</Z>
    </Rotation>
    <Handle>1538</Handle>
    <Bounds>
      <Vector3>
        <X>-3142.589</X>
        <Y>985.5807</Y>
        <Z>15.2707405</Z>
      </Vector3>
      <Vector3>
        <X>-3140.674</X>
        <Y>984.870361</Y>
        <Z>15.2785606</Z>
      </Vector3>
      <Vector3>
        <X>-3140.81641</X>
        <Y>990.364441</Y>
        <Z>15.6481485</Z>
      </Vector3>
      <Vector3>
        <X>-3142.63184</X>
        <Y>985.481934</Y>
        <Z>16.722662</Z>
      </Vector3>
      <Vector3>
        <X>-3138.90112</X>
        <Y>989.6541</Y>
        <Z>15.6559677</Z>
      </Vector3>
      <Vector3>
        <X>-3140.71655</X>
        <Y>984.771545</Y>
        <Z>16.73048</Z>
      </Vector3>
      <Vector3>
        <X>-3140.859</X>
        <Y>990.2657</Y>
        <Z>17.100069</Z>
      </Vector3>
      <Vector3>
        <X>-3138.94385</X>
        <Y>989.5553</Y>
        <Z>17.1078873</Z>
      </Vector3>
    </Bounds>
    <CenterCamPosition>
      <X>0</X>
      <Y>0</Y>
    </CenterCamPosition>
    <ScreenBounds />
    <DistanceToCam>0</DistanceToCam>
    <Speed>11.2527008</Speed>
    <AccInput>0.283660173</AccInput>
    <RPM>0.44904983</RPM>
    <Gear>2</Gear>
    <SteeringAngle>-0.0421540663</SteeringAngle>
    <WheelSpeed>0</WheelSpeed>
    <CarType>Sports</CarType>
  </MyCar>
  <Peds />
  <Time>101933</Time>
  <LastFrameTime>0.0206873156</LastFrameTime>
  <MyProperty>0</MyProperty>
  <Weather>ExtraSunny</Weather>
  <Steering>127</Steering>
  <Acc>163</Acc>
  <Brake>127</Brake>
  <DayTime>06:53:11</DayTime>
  <Position>
    <X>-3140.45752</X>
    <Y>988.4115</Y>
    <Z>17.1582775</Z>
  </Position>
  <Rotation>
    <X>3.72801232</X>
    <Y>0.286130726</Y>
    <Z>-20.3455486</Z>
  </Rotation>
</Screenshot>