<?xml version="1.0" encoding="utf-8"?>
<Screenshot xmlns:xsd="http://www.w3.org/2001/XMLSchema" xmlns:xsi="http://www.w3.org/2001/XMLSchema-instance">
  <Cars />
  <MyCar>
    <Position>
      <X>-3140.379</X>
      <Y>988.6157</Y>
      <Z>16.2722664</Z>
    </Position>
    <Rotation>
      <X>4.30123568</X>
      <Y>-0.237716347</Y>
      <Z>-20.3592911</Z>
    </Rotation>
    <Handle>1538</Handle>
    <Bounds>
      <Vector3>
        <X>-3142.20117</X>
        <Y>986.629639</Y>
        <Z>15.3503027</Z>
      </Vector3>
      <Vector3>
        <X>-3140.28613</X>
        <Y>985.918945</Y>
        <Z>15.358778</Z>
      </Vector3>
      <Vector3>
        <X>-3140.428</X>
        <Y>991.412659</Y>
        <Z>15.7339706</Z>
      </Vector3>
      <Vector3>
        <X>-3142.24487</X>
        <Y>986.529358</Y>
        <Z>16.8020878</Z>
      </Vector3>
      <Vector3>
        <X>-3138.5127</X>
        <Y>990.702</Y>
        <Z>15.7424459</Z>
      </Vector3>
      <Vector3>
        <X>-3140.32959</X>
        <Y>985.818665</Y>
        <Z>16.810564</Z>
      </Vector3>
      <Vector3>
        <X>-3140.47144</X>
        <Y>991.312439</Y>
        <Z>17.1857567</Z>
      </Vector3>
      <Vector3>
        <X>-3138.5564</X>
        <Y>990.601746</Y>
        <Z>17.194231</Z>
      </Vector3>
    </Bounds>
    <CenterCamPosition>
      <X>0</X>
      <Y>0</Y>
    </CenterCamPosition>
    <ScreenBounds />
    <DistanceToCam>0</DistanceToCam>
    <Speed>11.31583</Speed>
    <AccInput>0.283660173</AccInput>
    <RPM>0.452216238</RPM>
    <Gear>2</Gear>
    <SteeringAngle>-0.0170962717</SteeringAngle>
    <WheelSpeed>0</WheelSpeed>
    <CarType>Sports</CarType>
  </MyCar>
  <Peds />
  <Time>102032</Time>
  <LastFrameTime>0.0195689816</LastFrameTime>
  <MyProperty>0</MyProperty>
  <Weather>ExtraSunny</Weather>
  <Steering>127</Steering>
  <Acc>163</Acc>
  <Brake>127</Brake>
  <DayTime>06:53:14</DayTime>
  <Position>
    <X>-3140.06641</X>
    <Y>989.468933</Y>
    <Z>17.2429466</Z>
  </Position>
  <Rotation>
    <X>3.78436184</X>
    <Y>0.262193322</Y>
    <Z>-20.3583527</Z>
  </Rotation>
</Screenshot>