<?xml version="1.0" encoding="utf-8"?>
<Screenshot xmlns:xsd="http://www.w3.org/2001/XMLSchema" xmlns:xsi="http://www.w3.org/2001/XMLSchema-instance">
  <Cars />
  <MyCar>
    <Position>
      <X>-3140.26074</X>
      <Y>988.935</Y>
      <Z>16.2974682</Z>
    </Position>
    <Rotation>
      <X>4.31853151</X>
      <Y>-0.2515404</Y>
      <Z>-20.3611679</Z>
    </Rotation>
    <Handle>1538</Handle>
    <Bounds>
      <Vector3>
        <X>-3142.08276</X>
        <Y>986.949158</Y>
        <Z>15.374506</Z>
      </Vector3>
      <Vector3>
        <X>-3140.16772</X>
        <Y>986.2384</Y>
        <Z>15.3834734</Z>
      </Vector3>
      <Vector3>
        <X>-3140.30957</X>
        <Y>991.732056</Y>
        <Z>15.7597132</Z>
      </Vector3>
      <Vector3>
        <X>-3142.127</X>
        <Y>986.8486</Y>
        <Z>16.8262558</Z>
      </Vector3>
      <Vector3>
        <X>-3138.39429</X>
        <Y>991.021362</Y>
        <Z>15.7686815</Z>
      </Vector3>
      <Vector3>
        <X>-3140.21167</X>
        <Y>986.1378</Y>
        <Z>16.8352242</Z>
      </Vector3>
      <Vector3>
        <X>-3140.35352</X>
        <Y>991.631531</Y>
        <Z>17.2114639</Z>
      </Vector3>
      <Vector3>
        <X>-3138.43848</X>
        <Y>990.9208</Y>
        <Z>17.2204323</Z>
      </Vector3>
    </Bounds>
    <CenterCamPosition>
      <X>0</X>
      <Y>0</Y>
    </CenterCamPosition>
    <ScreenBounds />
    <DistanceToCam>0</DistanceToCam>
    <Speed>11.3348322</Speed>
    <AccInput>0.283660173</AccInput>
    <RPM>0.452747315</RPM>
    <Gear>2</Gear>
    <SteeringAngle>-0.0129167559</SteeringAngle>
    <WheelSpeed>0</WheelSpeed>
    <CarType>Sports</CarType>
  </MyCar>
  <Peds />
  <Time>102062</Time>
  <LastFrameTime>0.0301292315</LastFrameTime>
  <MyProperty>0</MyProperty>
  <Weather>ExtraSunny</Weather>
  <Steering>127</Steering>
  <Acc>163</Acc>
  <Brake>127</Brake>
  <DayTime>06:53:15</DayTime>
  <Position>
    <X>-3139.99</X>
    <Y>989.6757</Y>
    <Z>17.2597237</Z>
  </Position>
  <Rotation>
    <X>3.801235</X>
    <Y>0.262283534</Y>
    <Z>-20.3592911</Z>
  </Rotation>
</Screenshot>