<?xml version="1.0" encoding="utf-8"?>
<Screenshot xmlns:xsd="http://www.w3.org/2001/XMLSchema" xmlns:xsi="http://www.w3.org/2001/XMLSchema-instance">
  <Cars />
  <MyCar>
    <Position>
      <X>-3140.45557</X>
      <Y>988.4086</Y>
      <Z>16.2558212</Z>
    </Position>
    <Rotation>
      <X>4.28436136</X>
      <Y>-0.237806737</Y>
      <Z>-20.3583565</Z>
    </Rotation>
    <Handle>1538</Handle>
    <Bounds>
      <Vector3>
        <X>-3142.27783</X>
        <Y>986.422241</Y>
        <Z>15.3345909</Z>
      </Vector3>
      <Vector3>
        <X>-3140.36279</X>
        <Y>985.7116</Y>
        <Z>15.3430691</Z>
      </Vector3>
      <Vector3>
        <X>-3140.50464</X>
        <Y>991.205444</Y>
        <Z>15.7167568</Z>
      </Vector3>
      <Vector3>
        <X>-3142.32129</X>
        <Y>986.3224</Y>
        <Z>16.78641</Z>
      </Vector3>
      <Vector3>
        <X>-3138.5896</X>
        <Y>990.4948</Y>
        <Z>15.725235</Z>
      </Vector3>
      <Vector3>
        <X>-3140.40625</X>
        <Y>985.611755</Y>
        <Z>16.7948875</Z>
      </Vector3>
      <Vector3>
        <X>-3140.548</X>
        <Y>991.1056</Y>
        <Z>17.1685734</Z>
      </Vector3>
      <Vector3>
        <X>-3138.633</X>
        <Y>990.394958</Y>
        <Z>17.1770515</Z>
      </Vector3>
    </Bounds>
    <CenterCamPosition>
      <X>0</X>
      <Y>0</Y>
    </CenterCamPosition>
    <ScreenBounds />
    <DistanceToCam>0</DistanceToCam>
    <Speed>11.3035259</Speed>
    <AccInput>0.283660173</AccInput>
    <RPM>0.451533347</RPM>
    <Gear>2</Gear>
    <SteeringAngle>-0.0203242358</SteeringAngle>
    <WheelSpeed>0</WheelSpeed>
    <CarType>Sports</CarType>
  </MyCar>
  <Peds />
  <Time>102013</Time>
  <LastFrameTime>0.0238052458</LastFrameTime>
  <MyProperty>0</MyProperty>
  <Weather>ExtraSunny</Weather>
  <Steering>127</Steering>
  <Acc>163</Acc>
  <Brake>127</Brake>
  <DayTime>06:53:13</DayTime>
  <Position>
    <X>-3140.15967</X>
    <Y>989.2176</Y>
    <Z>17.2226448</Z>
  </Position>
  <Rotation>
    <X>3.76600528</X>
    <Y>0.267445534</Y>
    <Z>-20.3565655</Z>
  </Rotation>
</Screenshot>