<?xml version="1.0" encoding="utf-8"?>
<Screenshot xmlns:xsd="http://www.w3.org/2001/XMLSchema" xmlns:xsi="http://www.w3.org/2001/XMLSchema-instance">
  <Cars />
  <MyCar>
    <Position>
      <X>-3140.185</X>
      <Y>989.139832</Y>
      <Z>16.3135757</Z>
    </Position>
    <Rotation>
      <X>4.32665062</X>
      <Y>-0.268180966</Y>
      <Z>-20.3626385</Z>
    </Rotation>
    <Handle>1538</Handle>
    <Bounds>
      <Vector3>
        <X>-3142.00684</X>
        <Y>987.154053</Y>
        <Z>15.3899641</Z>
      </Vector3>
      <Vector3>
        <X>-3140.0918</X>
        <Y>986.443237</Y>
        <Z>15.3995256</Z>
      </Vector3>
      <Vector3>
        <X>-3140.23364</X>
        <Y>991.936951</Y>
        <Z>15.7758942</Z>
      </Vector3>
      <Vector3>
        <X>-3142.05151</X>
        <Y>987.0534</Y>
        <Z>16.8416977</Z>
      </Vector3>
      <Vector3>
        <X>-3138.3186</X>
        <Y>991.226135</Y>
        <Z>15.7854548</Z>
      </Vector3>
      <Vector3>
        <X>-3140.13623</X>
        <Y>986.342651</Y>
        <Z>16.85126</Z>
      </Vector3>
      <Vector3>
        <X>-3140.278</X>
        <Y>991.8363</Y>
        <Z>17.2276268</Z>
      </Vector3>
      <Vector3>
        <X>-3138.363</X>
        <Y>991.125549</Y>
        <Z>17.2371883</Z>
      </Vector3>
    </Bounds>
    <CenterCamPosition>
      <X>0</X>
      <Y>0</Y>
    </CenterCamPosition>
    <ScreenBounds />
    <DistanceToCam>0</DistanceToCam>
    <Speed>11.347023</Speed>
    <AccInput>0.283660173</AccInput>
    <RPM>0.45333156</RPM>
    <Gear>2</Gear>
    <SteeringAngle>-0.0108942231</SteeringAngle>
    <WheelSpeed>0</WheelSpeed>
    <CarType>Sports</CarType>
  </MyCar>
  <Peds />
  <Time>102082</Time>
  <LastFrameTime>0.0193052236</LastFrameTime>
  <MyProperty>0</MyProperty>
  <Weather>ExtraSunny</Weather>
  <Steering>127</Steering>
  <Acc>163</Acc>
  <Brake>127</Brake>
  <DayTime>06:53:15</DayTime>
  <Position>
    <X>-3139.872</X>
    <Y>989.9948</Y>
    <Z>17.285265</Z>
  </Position>
  <Rotation>
    <X>3.818532</X>
    <Y>0.248459563</Y>
    <Z>-20.3611641</Z>
  </Rotation>
</Screenshot>