<?xml version="1.0" encoding="utf-8"?>
<Screenshot xmlns:xsd="http://www.w3.org/2001/XMLSchema" xmlns:xsi="http://www.w3.org/2001/XMLSchema-instance">
  <Cars />
  <MyCar>
    <Position>
      <X>-3139.95947</X>
      <Y>989.7498</Y>
      <Z>16.36122</Z>
    </Position>
    <Rotation>
      <X>4.35114861</X>
      <Y>-0.326865852</Y>
      <Z>-20.3681564</Z>
    </Rotation>
    <Handle>1538</Handle>
    <Bounds>
      <Vector3>
        <X>-3141.78027</X>
        <Y>987.7642</Y>
        <Z>15.4355</Z>
      </Vector3>
      <Vector3>
        <X>-3139.86548</X>
        <Y>987.0533</Y>
        <Z>15.4471531</Z>
      </Vector3>
      <Vector3>
        <X>-3140.007</X>
        <Y>992.546936</Y>
        <Z>15.8236084</Z>
      </Vector3>
      <Vector3>
        <X>-3141.82666</X>
        <Y>987.6636</Y>
        <Z>16.8871784</Z>
      </Vector3>
      <Vector3>
        <X>-3138.092</X>
        <Y>991.836</Y>
        <Z>15.8352623</Z>
      </Vector3>
      <Vector3>
        <X>-3139.91162</X>
        <Y>986.952637</Y>
        <Z>16.8988323</Z>
      </Vector3>
      <Vector3>
        <X>-3140.05322</X>
        <Y>992.4463</Y>
        <Z>17.2752876</Z>
      </Vector3>
      <Vector3>
        <X>-3138.13843</X>
        <Y>991.7353</Y>
        <Z>17.28694</Z>
      </Vector3>
    </Bounds>
    <CenterCamPosition>
      <X>0</X>
      <Y>0</Y>
    </CenterCamPosition>
    <ScreenBounds />
    <DistanceToCam>0</DistanceToCam>
    <Speed>11.3849211</Speed>
    <AccInput>0.283660173</AccInput>
    <RPM>0.454520553</RPM>
    <Gear>2</Gear>
    <SteeringAngle>-0.006415155</SteeringAngle>
    <WheelSpeed>0</WheelSpeed>
    <CarType>Sports</CarType>
  </MyCar>
  <Peds />
  <Time>102139</Time>
  <LastFrameTime>0.0266712084</LastFrameTime>
  <MyProperty>0</MyProperty>
  <Weather>ExtraSunny</Weather>
  <Steering>127</Steering>
  <Acc>163</Acc>
  <Brake>127</Brake>
  <DayTime>06:53:17</DayTime>
  <Position>
    <X>-3139.67676</X>
    <Y>990.525635</Y>
    <Z>17.3273087</Z>
  </Position>
  <Rotation>
    <X>3.839239</X>
    <Y>0.194249243</Y>
    <Z>-20.3663311</Z>
  </Rotation>
</Screenshot>