<?xml version="1.0" encoding="utf-8"?>
<Screenshot xmlns:xsd="http://www.w3.org/2001/XMLSchema" xmlns:xsi="http://www.w3.org/2001/XMLSchema-instance">
  <Cars />
  <MyCar>
    <Position>
      <X>-3139.736</X>
      <Y>990.3548</Y>
      <Z>16.40848</Z>
    </Position>
    <Rotation>
      <X>4.368113</X>
      <Y>-0.380513281</Y>
      <Z>-20.3697472</Z>
    </Rotation>
    <Handle>1538</Handle>
    <Bounds>
      <Vector3>
        <X>-3141.55615</X>
        <Y>988.3692</Y>
        <Z>15.4810705</Z>
      </Vector3>
      <Vector3>
        <X>-3139.641</X>
        <Y>987.6582</Y>
        <Z>15.4946365</Z>
      </Vector3>
      <Vector3>
        <X>-3139.7832</X>
        <Y>993.1519</Y>
        <Z>15.8706875</Z>
      </Vector3>
      <Vector3>
        <X>-3141.60376</X>
        <Y>988.2686</Y>
        <Z>16.9327087</Z>
      </Vector3>
      <Vector3>
        <X>-3137.86816</X>
        <Y>992.440857</Y>
        <Z>15.8842535</Z>
      </Vector3>
      <Vector3>
        <X>-3139.68872</X>
        <Y>987.5576</Y>
        <Z>16.9462738</Z>
      </Vector3>
      <Vector3>
        <X>-3139.83081</X>
        <Y>993.0513</Y>
        <Z>17.3223248</Z>
      </Vector3>
      <Vector3>
        <X>-3137.91577</X>
        <Y>992.3403</Y>
        <Z>17.33589</Z>
      </Vector3>
    </Bounds>
    <CenterCamPosition>
      <X>0</X>
      <Y>0</Y>
    </CenterCamPosition>
    <ScreenBounds />
    <DistanceToCam>0</DistanceToCam>
    <Speed>11.4226608</Speed>
    <AccInput>0.283660173</AccInput>
    <RPM>0.456066847</RPM>
    <Gear>2</Gear>
    <SteeringAngle>-0.0038042753</SteeringAngle>
    <WheelSpeed>0</WheelSpeed>
    <CarType>Sports</CarType>
  </MyCar>
  <Peds />
  <Time>102196</Time>
  <LastFrameTime>0.0311191</LastFrameTime>
  <MyProperty>0</MyProperty>
  <Weather>ExtraSunny</Weather>
  <Steering>127</Steering>
  <Acc>163</Acc>
  <Brake>127</Brake>
  <DayTime>06:53:19</DayTime>
  <Position>
    <X>-3139.472</X>
    <Y>991.082</Y>
    <Z>17.3711147</Z>
  </Position>
  <Rotation>
    <X>3.86450672</X>
    <Y>0.15072386</Y>
    <Z>-20.3692017</Z>
  </Rotation>
</Screenshot>