<?xml version="1.0" encoding="utf-8"?>
<Screenshot xmlns:xsd="http://www.w3.org/2001/XMLSchema" xmlns:xsi="http://www.w3.org/2001/XMLSchema-instance">
  <Cars />
  <MyCar>
    <Position>
      <X>-3139.859</X>
      <Y>990.0224</Y>
      <Z>16.3824215</Z>
    </Position>
    <Rotation>
      <X>4.36450672</X>
      <Y>-0.349276066</Y>
      <Z>-20.3692017</Z>
    </Rotation>
    <Handle>1538</Handle>
    <Bounds>
      <Vector3>
        <X>-3141.67944</X>
        <Y>988.0369</Y>
        <Z>15.4557228</Z>
      </Vector3>
      <Vector3>
        <X>-3139.7644</X>
        <Y>987.3259</Y>
        <Z>15.4681749</Z>
      </Vector3>
      <Vector3>
        <X>-3139.90625</X>
        <Y>992.8196</Y>
        <Z>15.84502</Z>
      </Vector3>
      <Vector3>
        <X>-3141.72632</X>
        <Y>987.936157</Y>
        <Z>16.9073715</Z>
      </Vector3>
      <Vector3>
        <X>-3137.99121</X>
        <Y>992.1086</Y>
        <Z>15.8574724</Z>
      </Vector3>
      <Vector3>
        <X>-3139.81128</X>
        <Y>987.225159</Y>
        <Z>16.9198246</Z>
      </Vector3>
      <Vector3>
        <X>-3139.95313</X>
        <Y>992.71875</Y>
        <Z>17.296669</Z>
      </Vector3>
      <Vector3>
        <X>-3138.038</X>
        <Y>992.0078</Y>
        <Z>17.3091221</Z>
      </Vector3>
    </Bounds>
    <CenterCamPosition>
      <X>0</X>
      <Y>0</Y>
    </CenterCamPosition>
    <ScreenBounds />
    <DistanceToCam>0</DistanceToCam>
    <Speed>11.4020977</Speed>
    <AccInput>0.283660173</AccInput>
    <RPM>0.455329359</RPM>
    <Gear>2</Gear>
    <SteeringAngle>-0.005086298</SteeringAngle>
    <WheelSpeed>0</WheelSpeed>
    <CarType>Sports</CarType>
  </MyCar>
  <Peds />
  <Time>102164</Time>
  <LastFrameTime>0.0255652871</LastFrameTime>
  <MyProperty>0</MyProperty>
  <Weather>ExtraSunny</Weather>
  <Steering>127</Steering>
  <Acc>163</Acc>
  <Brake>127</Brake>
  <DayTime>06:53:18</DayTime>
  <Position>
    <X>-3139.572</X>
    <Y>990.8095</Y>
    <Z>17.3496513</Z>
  </Position>
  <Rotation>
    <X>3.85114813</X>
    <Y>0.173134133</Y>
    <Z>-20.3681545</Z>
  </Rotation>
</Screenshot>