<?xml version="1.0" encoding="utf-8"?>
<Screenshot xmlns:xsd="http://www.w3.org/2001/XMLSchema" xmlns:xsi="http://www.w3.org/2001/XMLSchema-instance">
  <Cars />
  <MyCar>
    <Position>
      <X>-3140.06445</X>
      <Y>989.4659</Y>
      <Z>16.33911</Z>
    </Position>
    <Rotation>
      <X>4.339239</X>
      <Y>-0.305750549</Y>
      <Z>-20.366333</Z>
    </Rotation>
    <Handle>1538</Handle>
    <Bounds>
      <Vector3>
        <X>-3141.88574</X>
        <Y>987.480164</Y>
        <Z>15.4142828</Z>
      </Vector3>
      <Vector3>
        <X>-3139.9707</X>
        <Y>986.7693</Y>
        <Z>15.4251833</Z>
      </Vector3>
      <Vector3>
        <X>-3140.1123</X>
        <Y>992.262939</Y>
        <Z>15.8013325</Z>
      </Vector3>
      <Vector3>
        <X>-3141.9314</X>
        <Y>987.379639</Y>
        <Z>16.8659878</Z>
      </Vector3>
      <Vector3>
        <X>-3138.19751</X>
        <Y>991.552063</Y>
        <Z>15.812233</Z>
      </Vector3>
      <Vector3>
        <X>-3140.01636</X>
        <Y>986.6687</Y>
        <Z>16.8768883</Z>
      </Vector3>
      <Vector3>
        <X>-3140.158</X>
        <Y>992.1624</Y>
        <Z>17.2530365</Z>
      </Vector3>
      <Vector3>
        <X>-3138.243</X>
        <Y>991.4515</Y>
        <Z>17.263937</Z>
      </Vector3>
    </Bounds>
    <CenterCamPosition>
      <X>0</X>
      <Y>0</Y>
    </CenterCamPosition>
    <ScreenBounds />
    <DistanceToCam>0</DistanceToCam>
    <Speed>11.3669348</Speed>
    <AccInput>0.283660173</AccInput>
    <RPM>0.45386523</RPM>
    <Gear>2</Gear>
    <SteeringAngle>-0.008184516</SteeringAngle>
    <WheelSpeed>0</WheelSpeed>
    <CarType>Sports</CarType>
  </MyCar>
  <Peds />
  <Time>102112</Time>
  <LastFrameTime>0.0306738149</LastFrameTime>
  <MyProperty>0</MyProperty>
  <Weather>ExtraSunny</Weather>
  <Steering>127</Steering>
  <Acc>163</Acc>
  <Brake>127</Brake>
  <DayTime>06:53:16</DayTime>
  <Position>
    <X>-3139.79663</X>
    <Y>990.1996</Y>
    <Z>17.30153</Z>
  </Position>
  <Rotation>
    <X>3.82665086</X>
    <Y>0.231819063</Y>
    <Z>-20.3626347</Z>
  </Rotation>
</Screenshot>