<?xml version="1.0" encoding="utf-8"?>
<Screenshot xmlns:xsd="http://www.w3.org/2001/XMLSchema" xmlns:xsi="http://www.w3.org/2001/XMLSchema-instance">
  <Cars />
  <MyCar>
    <Position>
      <X>-3139.65039</X>
      <Y>990.586548</Y>
      <Z>16.4268818</Z>
    </Position>
    <Rotation>
      <X>4.360121</X>
      <Y>-0.404390574</Y>
      <Z>-20.3722553</Z>
    </Rotation>
    <Handle>1538</Handle>
    <Bounds>
      <Vector3>
        <X>-3141.47021</X>
        <Y>988.600769</Y>
        <Z>15.4993973</Z>
      </Vector3>
      <Vector3>
        <X>-3139.55542</X>
        <Y>987.8897</Y>
        <Z>15.5138149</Z>
      </Vector3>
      <Vector3>
        <X>-3139.697</X>
        <Y>993.3835</Y>
        <Z>15.8883018</Z>
      </Vector3>
      <Vector3>
        <X>-3141.51831</X>
        <Y>988.5006</Y>
        <Z>16.951046</Z>
      </Vector3>
      <Vector3>
        <X>-3137.78223</X>
        <Y>992.6724</Y>
        <Z>15.9027185</Z>
      </Vector3>
      <Vector3>
        <X>-3139.60352</X>
        <Y>987.7895</Y>
        <Z>16.9654636</Z>
      </Vector3>
      <Vector3>
        <X>-3139.74536</X>
        <Y>993.2833</Y>
        <Z>17.33995</Z>
      </Vector3>
      <Vector3>
        <X>-3137.83032</X>
        <Y>992.5722</Y>
        <Z>17.3543682</Z>
      </Vector3>
    </Bounds>
    <CenterCamPosition>
      <X>0</X>
      <Y>0</Y>
    </CenterCamPosition>
    <ScreenBounds />
    <DistanceToCam>0</DistanceToCam>
    <Speed>11.43684</Speed>
    <AccInput>0.283660173</AccInput>
    <RPM>0.4567095</RPM>
    <Gear>2</Gear>
    <SteeringAngle>-0.463597864</SteeringAngle>
    <WheelSpeed>0</WheelSpeed>
    <CarType>Sports</CarType>
  </MyCar>
  <Peds />
  <Time>102217</Time>
  <LastFrameTime>0.0216688067</LastFrameTime>
  <MyProperty>0</MyProperty>
  <Weather>ExtraSunny</Weather>
  <Steering>135</Steering>
  <Acc>163</Acc>
  <Brake>127</Brake>
  <DayTime>06:53:19</DayTime>
  <Position>
    <X>-3139.34961</X>
    <Y>991.4145</Y>
    <Z>17.39724</Z>
  </Position>
  <Rotation>
    <X>3.86811256</X>
    <Y>0.119486868</Y>
    <Z>-20.3697433</Z>
  </Rotation>
</Screenshot>