<?xml version="1.0" encoding="utf-8"?>
<Screenshot xmlns:xsd="http://www.w3.org/2001/XMLSchema" xmlns:xsi="http://www.w3.org/2001/XMLSchema-instance">
  <Cars />
  <MyCar>
    <Position>
      <X>-3139.337</X>
      <Y>991.427</Y>
      <Z>16.4939651</Z>
    </Position>
    <Rotation>
      <X>4.30217457</X>
      <Y>-0.4913076</Y>
      <Z>-20.4669724</Z>
    </Rotation>
    <Handle>1538</Handle>
    <Bounds>
      <Vector3>
        <X>-3141.159</X>
        <Y>989.442932</Y>
        <Z>15.5674667</Z>
      </Vector3>
      <Vector3>
        <X>-3139.24536</X>
        <Y>988.728638</Y>
        <Z>15.5849829</Z>
      </Vector3>
      <Vector3>
        <X>-3139.37842</X>
        <Y>994.2232</Y>
        <Z>15.9512072</Z>
      </Vector3>
      <Vector3>
        <X>-3141.209</X>
        <Y>989.3449</Y>
        <Z>17.0192089</Z>
      </Vector3>
      <Vector3>
        <X>-3137.4646</X>
        <Y>993.509</Y>
        <Z>15.9687233</Z>
      </Vector3>
      <Vector3>
        <X>-3139.29517</X>
        <Y>988.6307</Y>
        <Z>17.036726</Z>
      </Vector3>
      <Vector3>
        <X>-3139.42822</X>
        <Y>994.125244</Y>
        <Z>17.40295</Z>
      </Vector3>
      <Vector3>
        <X>-3137.51465</X>
        <Y>993.411</Y>
        <Z>17.4204655</Z>
      </Vector3>
    </Bounds>
    <CenterCamPosition>
      <X>0</X>
      <Y>0</Y>
    </CenterCamPosition>
    <ScreenBounds />
    <DistanceToCam>0</DistanceToCam>
    <Speed>11.48517</Speed>
    <AccInput>0.283660173</AccInput>
    <RPM>0.458204985</RPM>
    <Gear>2</Gear>
    <SteeringAngle>-2.56718135</SteeringAngle>
    <WheelSpeed>0</WheelSpeed>
    <CarType>Sports</CarType>
  </MyCar>
  <Peds />
  <Time>102296</Time>
  <LastFrameTime>0.0297264587</LastFrameTime>
  <MyProperty>0</MyProperty>
  <Weather>ExtraSunny</Weather>
  <Steering>143</Steering>
  <Acc>163</Acc>
  <Brake>127</Brake>
  <DayTime>06:53:22</DayTime>
  <Position>
    <X>-3139.07031</X>
    <Y>992.168945</Y>
    <Z>17.456562</Z>
  </Position>
  <Rotation>
    <X>3.83026361</X>
    <Y>0.0413940437</Y>
    <Z>-20.4093</Z>
  </Rotation>
</Screenshot>