<?xml version="1.0" encoding="utf-8"?>
<Screenshot xmlns:xsd="http://www.w3.org/2001/XMLSchema" xmlns:xsi="http://www.w3.org/2001/XMLSchema-instance">
  <Cars />
  <MyCar>
    <Position>
      <X>-3139.53467</X>
      <Y>990.8984</Y>
      <Z>16.45176</Z>
    </Position>
    <Rotation>
      <X>4.343201</X>
      <Y>-0.435459</Y>
      <Z>-20.3884945</Z>
    </Rotation>
    <Handle>1538</Handle>
    <Bounds>
      <Vector3>
        <X>-3141.35474</X>
        <Y>988.9127</Y>
        <Z>15.5244617</Z>
      </Vector3>
      <Vector3>
        <X>-3139.44</X>
        <Y>988.2011</Y>
        <Z>15.5399866</Z>
      </Vector3>
      <Vector3>
        <X>-3139.58032</X>
        <Y>993.695068</Y>
        <Z>15.9118586</Z>
      </Vector3>
      <Vector3>
        <X>-3141.40332</X>
        <Y>988.813232</Y>
        <Z>16.9761372</Z>
      </Vector3>
      <Vector3>
        <X>-3137.66577</X>
        <Y>992.983459</Y>
        <Z>15.9273834</Z>
      </Vector3>
      <Vector3>
        <X>-3139.48877</X>
        <Y>988.101563</Y>
        <Z>16.991663</Z>
      </Vector3>
      <Vector3>
        <X>-3139.62915</X>
        <Y>993.5956</Y>
        <Z>17.363533</Z>
      </Vector3>
      <Vector3>
        <X>-3137.71436</X>
        <Y>992.884</Y>
        <Z>17.3790588</Z>
      </Vector3>
    </Bounds>
    <CenterCamPosition>
      <X>0</X>
      <Y>0</Y>
    </CenterCamPosition>
    <ScreenBounds />
    <DistanceToCam>0</DistanceToCam>
    <Speed>11.4552221</Speed>
    <AccInput>0.283660173</AccInput>
    <RPM>0.457125068</RPM>
    <Gear>2</Gear>
    <SteeringAngle>-1.27002573</SteeringAngle>
    <WheelSpeed>0</WheelSpeed>
    <CarType>Sports</CarType>
  </MyCar>
  <Peds />
  <Time>102246</Time>
  <LastFrameTime>0.0291250888</LastFrameTime>
  <MyProperty>0</MyProperty>
  <Weather>ExtraSunny</Weather>
  <Steering>139</Steering>
  <Acc>163</Acc>
  <Brake>127</Brake>
  <DayTime>06:53:20</DayTime>
  <Position>
    <X>-3139.26416</X>
    <Y>991.646545</Y>
    <Z>17.4154835</Z>
  </Position>
  <Rotation>
    <X>3.86012053</X>
    <Y>0.09560956</Y>
    <Z>-20.3722534</Z>
  </Rotation>
</Screenshot>