<?xml version="1.0" encoding="utf-8"?>
<Screenshot xmlns:xsd="http://www.w3.org/2001/XMLSchema" xmlns:xsi="http://www.w3.org/2001/XMLSchema-instance">
  <Cars />
  <MyCar>
    <Position>
      <X>-3139.45654</X>
      <Y>991.1084</Y>
      <Z>16.4685555</Z>
    </Position>
    <Rotation>
      <X>4.330264</X>
      <Y>-0.4586059</Y>
      <Z>-20.4093</Z>
    </Rotation>
    <Handle>1538</Handle>
    <Bounds>
      <Vector3>
        <X>-3141.277</X>
        <Y>989.123047</Y>
        <Z>15.5414114</Z>
      </Vector3>
      <Vector3>
        <X>-3139.36255</X>
        <Y>988.410767</Y>
        <Z>15.5577621</Z>
      </Vector3>
      <Vector3>
        <X>-3139.501</X>
        <Y>993.9049</Y>
        <Z>15.9276552</Z>
      </Vector3>
      <Vector3>
        <X>-3141.32617</X>
        <Y>989.0241</Y>
        <Z>16.9931068</Z>
      </Vector3>
      <Vector3>
        <X>-3137.58667</X>
        <Y>993.1926</Y>
        <Z>15.944005</Z>
      </Vector3>
      <Vector3>
        <X>-3139.41187</X>
        <Y>988.311768</Y>
        <Z>17.0094585</Z>
      </Vector3>
      <Vector3>
        <X>-3139.55029</X>
        <Y>993.805969</Y>
        <Z>17.37935</Z>
      </Vector3>
      <Vector3>
        <X>-3137.63574</X>
        <Y>993.0936</Y>
        <Z>17.3957</Z>
      </Vector3>
    </Bounds>
    <CenterCamPosition>
      <X>0</X>
      <Y>0</Y>
    </CenterCamPosition>
    <ScreenBounds />
    <DistanceToCam>0</DistanceToCam>
    <Speed>11.4673605</Speed>
    <AccInput>0.283660173</AccInput>
    <RPM>0.457659543</RPM>
    <Gear>2</Gear>
    <SteeringAngle>-1.75132477</SteeringAngle>
    <WheelSpeed>0</WheelSpeed>
    <CarType>Sports</CarType>
  </MyCar>
  <Peds />
  <Time>102266</Time>
  <LastFrameTime>0.0196040459</LastFrameTime>
  <MyProperty>0</MyProperty>
  <Weather>ExtraSunny</Weather>
  <Steering>140</Steering>
  <Acc>163</Acc>
  <Brake>127</Brake>
  <DayTime>06:53:21</DayTime>
  <Position>
    <X>-3139.14868</X>
    <Y>991.9587</Y>
    <Z>17.4400234</Z>
  </Position>
  <Rotation>
    <X>3.84320045</X>
    <Y>0.06454092</Y>
    <Z>-20.38849</Z>
  </Rotation>
</Screenshot>