<?xml version="1.0" encoding="utf-8"?>
<Screenshot xmlns:xsd="http://www.w3.org/2001/XMLSchema" xmlns:xsi="http://www.w3.org/2001/XMLSchema-instance">
  <Cars />
  <MyCar>
    <Position>
      <X>-3138.92358</X>
      <Y>992.5014</Y>
      <Z>16.5787888</Z>
    </Position>
    <Rotation>
      <X>4.241428</X>
      <Y>-0.615378141</Y>
      <Z>-20.9323082</Z>
    </Rotation>
    <Handle>1538</Handle>
    <Bounds>
      <Vector3>
        <X>-3140.76025</X>
        <Y>990.5306</Y>
        <Z>15.6527443</Z>
      </Vector3>
      <Vector3>
        <X>-3138.85254</X>
        <Y>989.8008</Y>
        <Z>15.6746836</Z>
      </Vector3>
      <Vector3>
        <X>-3138.94141</X>
        <Y>995.296936</Y>
        <Z>16.0310688</Z>
      </Vector3>
      <Vector3>
        <X>-3140.81323</X>
        <Y>990.435547</Y>
        <Z>17.1045723</Z>
      </Vector3>
      <Vector3>
        <X>-3137.03369</X>
        <Y>994.567139</Y>
        <Z>16.053009</Z>
      </Vector3>
      <Vector3>
        <X>-3138.90552</X>
        <Y>989.7058</Y>
        <Z>17.12651</Z>
      </Vector3>
      <Vector3>
        <X>-3138.99438</X>
        <Y>995.2019</Y>
        <Z>17.4828968</Z>
      </Vector3>
      <Vector3>
        <X>-3137.08667</X>
        <Y>994.472168</Y>
        <Z>17.5048351</Z>
      </Vector3>
    </Bounds>
    <CenterCamPosition>
      <X>0</X>
      <Y>0</Y>
    </CenterCamPosition>
    <ScreenBounds />
    <DistanceToCam>0</DistanceToCam>
    <Speed>11.54183</Speed>
    <AccInput>0.283660173</AccInput>
    <RPM>0.460583836</RPM>
    <Gear>2</Gear>
    <SteeringAngle>-4.6794734</SteeringAngle>
    <WheelSpeed>0</WheelSpeed>
    <CarType>Sports</CarType>
  </MyCar>
  <Peds />
  <Time>102396</Time>
  <LastFrameTime>0.0299899057</LastFrameTime>
  <MyProperty>0</MyProperty>
  <Weather>ExtraSunny</Weather>
  <Steering>147</Steering>
  <Acc>163</Acc>
  <Brake>127</Brake>
  <DayTime>06:53:25</DayTime>
  <Position>
    <X>-3138.6582</X>
    <Y>993.2402</Y>
    <Z>17.5399361</Z>
  </Position>
  <Rotation>
    <X>3.754558</X>
    <Y>-0.07607968</Y>
    <Z>-20.7434311</Z>
  </Rotation>
</Screenshot>