<?xml version="1.0" encoding="utf-8"?>
<Screenshot xmlns:xsd="http://www.w3.org/2001/XMLSchema" xmlns:xsi="http://www.w3.org/2001/XMLSchema-instance">
  <Cars />
  <MyCar>
    <Position>
      <X>-3139.25684</X>
      <Y>991.6386</Y>
      <Z>16.5107479</Z>
    </Position>
    <Rotation>
      <X>4.285328</X>
      <Y>-0.5127059</Y>
      <Z>-20.5213737</Z>
    </Rotation>
    <Handle>1538</Handle>
    <Bounds>
      <Vector3>
        <X>-3141.08057</X>
        <Y>989.6559</Y>
        <Z>15.5846043</Z>
      </Vector3>
      <Vector3>
        <X>-3139.16772</X>
        <Y>988.9398</Y>
        <Z>15.6028833</Z>
      </Vector3>
      <Vector3>
        <X>-3139.29565</X>
        <Y>994.434631</Y>
        <Z>15.9668446</Z>
      </Vector3>
      <Vector3>
        <X>-3141.13086</X>
        <Y>989.558533</Y>
        <Z>17.036375</Z>
      </Vector3>
      <Vector3>
        <X>-3137.38257</X>
        <Y>993.718567</Y>
        <Z>15.9851236</Z>
      </Vector3>
      <Vector3>
        <X>-3139.218</X>
        <Y>988.842468</Y>
        <Z>17.0546532</Z>
      </Vector3>
      <Vector3>
        <X>-3139.346</X>
        <Y>994.337341</Y>
        <Z>17.4186134</Z>
      </Vector3>
      <Vector3>
        <X>-3137.43286</X>
        <Y>993.6213</Y>
        <Z>17.4368935</Z>
      </Vector3>
    </Bounds>
    <CenterCamPosition>
      <X>0</X>
      <Y>0</Y>
    </CenterCamPosition>
    <ScreenBounds />
    <DistanceToCam>0</DistanceToCam>
    <Speed>11.4965248</Speed>
    <AccInput>0.283660173</AccInput>
    <RPM>0.458713442</RPM>
    <Gear>2</Gear>
    <SteeringAngle>-3.045503</SteeringAngle>
    <WheelSpeed>0</WheelSpeed>
    <CarType>Sports</CarType>
  </MyCar>
  <Peds />
  <Time>102315</Time>
  <LastFrameTime>0.0197374765</LastFrameTime>
  <MyProperty>0</MyProperty>
  <Weather>ExtraSunny</Weather>
  <Steering>144</Steering>
  <Acc>163</Acc>
  <Brake>127</Brake>
  <DayTime>06:53:22</DayTime>
  <Position>
    <X>-3138.95</X>
    <Y>992.4878</Y>
    <Z>17.4814129</Z>
  </Position>
  <Rotation>
    <X>3.802174</X>
    <Y>0.00869248249</Y>
    <Z>-20.4669724</Z>
  </Rotation>
</Screenshot>