<?xml version="1.0" encoding="utf-8"?>
<Screenshot xmlns:xsd="http://www.w3.org/2001/XMLSchema" xmlns:xsi="http://www.w3.org/2001/XMLSchema-instance">
  <Cars />
  <MyCar>
    <Position>
      <X>-3139.049</X>
      <Y>992.18</Y>
      <Z>16.55344</Z>
    </Position>
    <Rotation>
      <X>4.254558</X>
      <Y>-0.5760795</Y>
      <Z>-20.74343</Z>
    </Rotation>
    <Handle>1538</Handle>
    <Bounds>
      <Vector3>
        <X>-3140.87964</X>
        <Y>990.203552</Y>
        <Z>15.6275177</Z>
      </Vector3>
      <Vector3>
        <X>-3138.96948</X>
        <Y>989.480042</Y>
        <Z>15.648056</Z>
      </Vector3>
      <Vector3>
        <X>-3139.07642</X>
        <Y>994.975647</Y>
        <Z>16.0070133</Z>
      </Vector3>
      <Vector3>
        <X>-3140.93164</X>
        <Y>990.107666</Y>
        <Z>17.07933</Z>
      </Vector3>
      <Vector3>
        <X>-3137.16626</X>
        <Y>994.2522</Y>
        <Z>16.0275517</Z>
      </Vector3>
      <Vector3>
        <X>-3139.02148</X>
        <Y>989.3842</Y>
        <Z>17.0998688</Z>
      </Vector3>
      <Vector3>
        <X>-3139.12842</X>
        <Y>994.8798</Y>
        <Z>17.4588261</Z>
      </Vector3>
      <Vector3>
        <X>-3137.21826</X>
        <Y>994.1564</Y>
        <Z>17.4793644</Z>
      </Vector3>
    </Bounds>
    <CenterCamPosition>
      <X>0</X>
      <Y>0</Y>
    </CenterCamPosition>
    <ScreenBounds />
    <DistanceToCam>0</DistanceToCam>
    <Speed>11.5252714</Speed>
    <AccInput>0.283660173</AccInput>
    <RPM>0.459925175</RPM>
    <Gear>2</Gear>
    <SteeringAngle>-4.12795258</SteeringAngle>
    <WheelSpeed>0</WheelSpeed>
    <CarType>Sports</CarType>
  </MyCar>
  <Peds />
  <Time>102366</Time>
  <LastFrameTime>0.01994445</LastFrameTime>
  <MyProperty>0</MyProperty>
  <Weather>ExtraSunny</Weather>
  <Steering>146</Steering>
  <Acc>163</Acc>
  <Brake>127</Brake>
  <DayTime>06:53:24</DayTime>
  <Position>
    <X>-3138.74219</X>
    <Y>993.0267</Y>
    <Z>17.5232944</Z>
  </Position>
  <Rotation>
    <X>3.76458073</X>
    <Y>-0.05148</Y>
    <Z>-20.643671</Z>
  </Rotation>
</Screenshot>