<?xml version="1.0" encoding="utf-8"?>
<Screenshot xmlns:xsd="http://www.w3.org/2001/XMLSchema" xmlns:xsi="http://www.w3.org/2001/XMLSchema-instance">
  <Cars />
  <MyCar>
    <Position>
      <X>-3139.13159</X>
      <Y>991.9661</Y>
      <Z>16.5365963</Z>
    </Position>
    <Rotation>
      <X>4.26458073</X>
      <Y>-0.55148</Y>
      <Z>-20.643671</Z>
    </Rotation>
    <Handle>1538</Handle>
    <Bounds>
      <Vector3>
        <X>-3140.95923</X>
        <Y>989.986755</Y>
        <Z>15.610672</Z>
      </Vector3>
      <Vector3>
        <X>-3139.04761</X>
        <Y>989.2666</Y>
        <Z>15.6303329</Z>
      </Vector3>
      <Vector3>
        <X>-3139.164</X>
        <Y>994.7619</Y>
        <Z>15.9910622</Z>
      </Vector3>
      <Vector3>
        <X>-3141.0105</X>
        <Y>989.8904</Y>
        <Z>17.0624714</Z>
      </Vector3>
      <Vector3>
        <X>-3137.25244</X>
        <Y>994.0418</Y>
        <Z>16.0107231</Z>
      </Vector3>
      <Vector3>
        <X>-3139.09888</X>
        <Y>989.1702</Y>
        <Z>17.0821323</Z>
      </Vector3>
      <Vector3>
        <X>-3139.21533</X>
        <Y>994.6655</Y>
        <Z>17.4428616</Z>
      </Vector3>
      <Vector3>
        <X>-3137.30371</X>
        <Y>993.945435</Y>
        <Z>17.4625225</Z>
      </Vector3>
    </Bounds>
    <CenterCamPosition>
      <X>0</X>
      <Y>0</Y>
    </CenterCamPosition>
    <ScreenBounds />
    <DistanceToCam>0</DistanceToCam>
    <Speed>11.5139112</Speed>
    <AccInput>0.283660173</AccInput>
    <RPM>0.459302</RPM>
    <Gear>2</Gear>
    <SteeringAngle>-3.77128339</SteeringAngle>
    <WheelSpeed>0</WheelSpeed>
    <CarType>Sports</CarType>
  </MyCar>
  <Peds />
  <Time>102346</Time>
  <LastFrameTime>0.0305506233</LastFrameTime>
  <MyProperty>0</MyProperty>
  <Weather>ExtraSunny</Weather>
  <Steering>146</Steering>
  <Acc>163</Acc>
  <Brake>127</Brake>
  <DayTime>06:53:23</DayTime>
  <Position>
    <X>-3138.86914</X>
    <Y>992.6994</Y>
    <Z>17.49786</Z>
  </Position>
  <Rotation>
    <X>3.78532767</X>
    <Y>-0.012705965</Y>
    <Z>-20.5213737</Z>
  </Rotation>
</Screenshot>