<?xml version="1.0" encoding="utf-8"?>
<Screenshot xmlns:xsd="http://www.w3.org/2001/XMLSchema" xmlns:xsi="http://www.w3.org/2001/XMLSchema-instance">
  <Cars />
  <MyCar>
    <Position>
      <X>-3138.83667</X>
      <Y>992.7213</Y>
      <Z>16.5961475</Z>
    </Position>
    <Rotation>
      <X>4.23445845</X>
      <Y>-0.6369348</Y>
      <Z>-21.0821018</Z>
    </Rotation>
    <Handle>1538</Handle>
    <Bounds>
      <Vector3>
        <X>-3140.67822</X>
        <Y>990.755066</Y>
        <Z>15.6700268</Z>
      </Vector3>
      <Vector3>
        <X>-3138.77222</X>
        <Y>990.0203</Y>
        <Z>15.6927347</Z>
      </Vector3>
      <Vector3>
        <X>-3138.84717</X>
        <Y>995.5167</Y>
        <Z>16.04773</Z>
      </Vector3>
      <Vector3>
        <X>-3140.732</X>
        <Y>990.6605</Y>
        <Z>17.12186</Z>
      </Vector3>
      <Vector3>
        <X>-3136.94116</X>
        <Y>994.782</Y>
        <Z>16.0704365</Z>
      </Vector3>
      <Vector3>
        <X>-3138.82617</X>
        <Y>989.925842</Y>
        <Z>17.14457</Z>
      </Vector3>
      <Vector3>
        <X>-3138.901</X>
        <Y>995.422241</Y>
        <Z>17.4995632</Z>
      </Vector3>
      <Vector3>
        <X>-3136.99487</X>
        <Y>994.6875</Y>
        <Z>17.52227</Z>
      </Vector3>
    </Bounds>
    <CenterCamPosition>
      <X>0</X>
      <Y>0</Y>
    </CenterCamPosition>
    <ScreenBounds />
    <DistanceToCam>0</DistanceToCam>
    <Speed>11.5529842</Speed>
    <AccInput>0.283660173</AccInput>
    <RPM>0.461154461</RPM>
    <Gear>2</Gear>
    <SteeringAngle>-4.96537971</SteeringAngle>
    <WheelSpeed>0</WheelSpeed>
    <CarType>Sports</CarType>
  </MyCar>
  <Peds />
  <Time>102416</Time>
  <LastFrameTime>0.0205250271</LastFrameTime>
  <MyProperty>0</MyProperty>
  <Weather>ExtraSunny</Weather>
  <Steering>147</Steering>
  <Acc>163</Acc>
  <Brake>127</Brake>
  <DayTime>06:53:25</DayTime>
  <Position>
    <X>-3138.52979</X>
    <Y>993.5607</Y>
    <Z>17.5650177</Z>
  </Position>
  <Rotation>
    <X>3.74142766</X>
    <Y>-0.115378067</Y>
    <Z>-20.9323063</Z>
  </Rotation>
</Screenshot>