<?xml version="1.0" encoding="utf-8"?>
<Screenshot xmlns:xsd="http://www.w3.org/2001/XMLSchema" xmlns:xsi="http://www.w3.org/2001/XMLSchema-instance">
  <Cars />
  <MyCar>
    <Position>
      <X>-3138.60156</X>
      <Y>993.3043</Y>
      <Z>16.64233</Z>
    </Position>
    <Rotation>
      <X>4.21910429</X>
      <Y>-0.6823179</Y>
      <Z>-21.5685062</Z>
    </Rotation>
    <Handle>1538</Handle>
    <Bounds>
      <Vector3>
        <X>-3140.45923</X>
        <Y>991.3533</Y>
        <Z>15.7160778</Z>
      </Vector3>
      <Vector3>
        <X>-3138.55957</X>
        <Y>990.6024</Y>
        <Z>15.7404032</Z>
      </Vector3>
      <Vector3>
        <X>-3138.588</X>
        <Y>996.0994</Y>
        <Z>16.09241</Z>
      </Vector3>
      <Vector3>
        <X>-3140.51465</X>
        <Y>991.26</Y>
        <Z>17.1679287</Z>
      </Vector3>
      <Vector3>
        <X>-3136.68823</X>
        <Y>995.3486</Y>
        <Z>16.1167355</Z>
      </Vector3>
      <Vector3>
        <X>-3138.615</X>
        <Y>990.509155</Y>
        <Z>17.1922531</Z>
      </Vector3>
      <Vector3>
        <X>-3138.64331</X>
        <Y>996.006165</Y>
        <Z>17.54426</Z>
      </Vector3>
      <Vector3>
        <X>-3136.74365</X>
        <Y>995.2553</Y>
        <Z>17.5685844</Z>
      </Vector3>
    </Bounds>
    <CenterCamPosition>
      <X>0</X>
      <Y>0</Y>
    </CenterCamPosition>
    <ScreenBounds />
    <DistanceToCam>0</DistanceToCam>
    <Speed>11.5823145</Speed>
    <AccInput>0.283660173</AccInput>
    <RPM>0.462254018</RPM>
    <Gear>2</Gear>
    <SteeringAngle>-5.52892733</SteeringAngle>
    <WheelSpeed>0</WheelSpeed>
    <CarType>Sports</CarType>
  </MyCar>
  <Peds />
  <Time>102471</Time>
  <LastFrameTime>0.02513738</LastFrameTime>
  <MyProperty>0</MyProperty>
  <Weather>ExtraSunny</Weather>
  <Steering>147</Steering>
  <Acc>163</Acc>
  <Brake>127</Brake>
  <DayTime>06:53:27</DayTime>
  <Position>
    <X>-3138.31</X>
    <Y>994.092468</Y>
    <Z>17.6069069</Z>
  </Position>
  <Rotation>
    <X>3.7254138</X>
    <Y>-0.163716123</Y>
    <Z>-21.3302631</Z>
  </Rotation>
</Screenshot>