<?xml version="1.0" encoding="utf-8"?>
<Screenshot xmlns:xsd="http://www.w3.org/2001/XMLSchema" xmlns:xsi="http://www.w3.org/2001/XMLSchema-instance">
  <Cars />
  <MyCar>
    <Position>
      <X>-3138.4873</X>
      <Y>993.5816</Y>
      <Z>16.6643562</Z>
    </Position>
    <Rotation>
      <X>4.214179</X>
      <Y>-0.6936414</Y>
      <Z>-21.8374214</Z>
    </Rotation>
    <Handle>1538</Handle>
    <Bounds>
      <Vector3>
        <X>-3140.354</X>
        <Y>991.63916</Y>
        <Z>15.7381191</Z>
      </Vector3>
      <Vector3>
        <X>-3138.45776</X>
        <Y>990.8794</Y>
        <Z>15.7628479</Z>
      </Vector3>
      <Vector3>
        <X>-3138.46045</X>
        <Y>996.3765</Y>
        <Z>16.1140118</Z>
      </Vector3>
      <Vector3>
        <X>-3140.41</X>
        <Y>991.5464</Y>
        <Z>17.1899738</Z>
      </Vector3>
      <Vector3>
        <X>-3136.56445</X>
        <Y>995.61676</Y>
        <Z>16.13874</Z>
      </Vector3>
      <Vector3>
        <X>-3138.514</X>
        <Y>990.7866</Y>
        <Z>17.2147045</Z>
      </Vector3>
      <Vector3>
        <X>-3138.5166</X>
        <Y>996.283752</Y>
        <Z>17.5658665</Z>
      </Vector3>
      <Vector3>
        <X>-3136.62061</X>
        <Y>995.524</Y>
        <Z>17.5905972</Z>
      </Vector3>
    </Bounds>
    <CenterCamPosition>
      <X>0</X>
      <Y>0</Y>
    </CenterCamPosition>
    <ScreenBounds />
    <DistanceToCam>0</DistanceToCam>
    <Speed>11.5961075</Speed>
    <AccInput>0.283660173</AccInput>
    <RPM>0.4628693</RPM>
    <Gear>2</Gear>
    <SteeringAngle>-5.71213436</SteeringAngle>
    <WheelSpeed>0</WheelSpeed>
    <CarType>Sports</CarType>
  </MyCar>
  <Peds />
  <Time>102497</Time>
  <LastFrameTime>0.0259382725</LastFrameTime>
  <MyProperty>0</MyProperty>
  <Weather>ExtraSunny</Weather>
  <Steering>147</Steering>
  <Acc>163</Acc>
  <Brake>127</Brake>
  <DayTime>06:53:28</DayTime>
  <Position>
    <X>-3138.19678</X>
    <Y>994.36</Y>
    <Z>17.6281071</Z>
  </Position>
  <Rotation>
    <X>3.71910357</X>
    <Y>-0.1823179</Y>
    <Z>-21.5685043</Z>
  </Rotation>
</Screenshot>