<?xml version="1.0" encoding="utf-8"?>
<Screenshot xmlns:xsd="http://www.w3.org/2001/XMLSchema" xmlns:xsi="http://www.w3.org/2001/XMLSchema-instance">
  <Cars />
  <MyCar>
    <Position>
      <X>-3138.71069</X>
      <Y>993.035339</Y>
      <Z>16.6210022</Z>
    </Position>
    <Rotation>
      <X>4.22541428</X>
      <Y>-0.663716137</Y>
      <Z>-21.3302631</Z>
    </Rotation>
    <Handle>1538</Handle>
    <Bounds>
      <Vector3>
        <X>-3140.5603</X>
        <Y>991.0768</Y>
        <Z>15.6948032</Z>
      </Vector3>
      <Vector3>
        <X>-3138.65771</X>
        <Y>990.3338</Y>
        <Z>15.7184658</Z>
      </Vector3>
      <Vector3>
        <X>-3138.70874</X>
        <Y>995.830566</Y>
        <Z>16.0716972</Z>
      </Vector3>
      <Vector3>
        <X>-3140.615</X>
        <Y>990.983</Y>
        <Z>17.1466465</Z>
      </Vector3>
      <Vector3>
        <X>-3136.80615</X>
        <Y>995.0876</Y>
        <Z>16.09536</Z>
      </Vector3>
      <Vector3>
        <X>-3138.7124</X>
        <Y>990.24</Y>
        <Z>17.17031</Z>
      </Vector3>
      <Vector3>
        <X>-3138.76343</X>
        <Y>995.7368</Y>
        <Z>17.5235424</Z>
      </Vector3>
      <Vector3>
        <X>-3136.86084</X>
        <Y>994.993835</Y>
        <Z>17.547205</Z>
      </Vector3>
    </Bounds>
    <CenterCamPosition>
      <X>0</X>
      <Y>0</Y>
    </CenterCamPosition>
    <ScreenBounds />
    <DistanceToCam>0</DistanceToCam>
    <Speed>11.5687933</Speed>
    <AccInput>0.283660173</AccInput>
    <RPM>0.4617325</RPM>
    <Gear>2</Gear>
    <SteeringAngle>-5.306117</SteeringAngle>
    <WheelSpeed>0</WheelSpeed>
    <CarType>Sports</CarType>
  </MyCar>
  <Peds />
  <Time>102446</Time>
  <LastFrameTime>0.029328648</LastFrameTime>
  <MyProperty>0</MyProperty>
  <Weather>ExtraSunny</Weather>
  <Steering>147</Steering>
  <Acc>163</Acc>
  <Brake>127</Brake>
  <DayTime>06:53:26</DayTime>
  <Position>
    <X>-3138.44043</X>
    <Y>993.779846</Y>
    <Z>17.5822353</Z>
  </Position>
  <Rotation>
    <X>3.73445821</X>
    <Y>-0.136934757</Y>
    <Z>-21.0821</Z>
  </Rotation>
</Screenshot>