<?xml version="1.0" encoding="utf-8"?>
<Screenshot xmlns:xsd="http://www.w3.org/2001/XMLSchema" xmlns:xsi="http://www.w3.org/2001/XMLSchema-instance">
  <Cars />
  <MyCar>
    <Position>
      <X>-3138.16455</X>
      <Y>994.344055</Y>
      <Z>16.7251263</Z>
    </Position>
    <Rotation>
      <X>4.201506</X>
      <Y>-0.7065859</Y>
      <Z>-22.6752777</Z>
    </Rotation>
    <Handle>1538</Handle>
    <Bounds>
      <Vector3>
        <X>-3140.05933</X>
        <Y>992.428833</Y>
        <Z>15.7992134</Z>
      </Vector3>
      <Vector3>
        <X>-3138.17456</X>
        <Y>991.6414</Y>
        <Z>15.8244038</Z>
      </Vector3>
      <Vector3>
        <X>-3138.09668</X>
        <Y>997.1381</Y>
        <Z>16.1739769</Z>
      </Vector3>
      <Vector3>
        <X>-3140.117</X>
        <Y>992.337341</Y>
        <Z>17.25109</Z>
      </Vector3>
      <Vector3>
        <X>-3136.212</X>
        <Y>996.3507</Y>
        <Z>16.1991673</Z>
      </Vector3>
      <Vector3>
        <X>-3138.23218</X>
        <Y>991.549866</Y>
        <Z>17.27628</Z>
      </Vector3>
      <Vector3>
        <X>-3138.1543</X>
        <Y>997.046631</Y>
        <Z>17.62585</Z>
      </Vector3>
      <Vector3>
        <X>-3136.26953</X>
        <Y>996.259155</Y>
        <Z>17.6510429</Z>
      </Vector3>
    </Bounds>
    <CenterCamPosition>
      <X>0</X>
      <Y>0</Y>
    </CenterCamPosition>
    <ScreenBounds />
    <DistanceToCam>0</DistanceToCam>
    <Speed>11.6346779</Speed>
    <AccInput>0.283660173</AccInput>
    <RPM>0.46442306</RPM>
    <Gear>2</Gear>
    <SteeringAngle>-5.88532543</SteeringAngle>
    <WheelSpeed>0</WheelSpeed>
    <CarType>Sports</CarType>
  </MyCar>
  <Peds />
  <Time>102568</Time>
  <LastFrameTime>0.022621749</LastFrameTime>
  <MyProperty>0</MyProperty>
  <Weather>ExtraSunny</Weather>
  <Steering>146</Steering>
  <Acc>163</Acc>
  <Brake>127</Brake>
  <DayTime>06:53:30</DayTime>
  <Position>
    <X>-3137.84839</X>
    <Y>995.1531</Y>
    <Z>17.69136</Z>
  </Position>
  <Rotation>
    <X>3.7016716</X>
    <Y>-0.2123277</Y>
    <Z>-22.39765</Z>
  </Rotation>
</Screenshot>