<?xml version="1.0" encoding="utf-8"?>
<Screenshot xmlns:xsd="http://www.w3.org/2001/XMLSchema" xmlns:xsi="http://www.w3.org/2001/XMLSchema-instance">
  <Cars />
  <MyCar>
    <Position>
      <X>-3138.03564</X>
      <Y>994.6398</Y>
      <Z>16.7486134</Z>
    </Position>
    <Rotation>
      <X>4.202759</X>
      <Y>-0.6903505</Y>
      <Z>-23.0276871</Z>
    </Rotation>
    <Handle>1538</Handle>
    <Bounds>
      <Vector3>
        <X>-3139.94238</X>
        <Y>992.7364</Y>
        <Z>15.8229322</Z>
      </Vector3>
      <Vector3>
        <X>-3138.0625</X>
        <Y>991.9374</Y>
        <Z>15.8475437</Z>
      </Vector3>
      <Vector3>
        <X>-3137.95068</X>
        <Y>997.4334</Y>
        <Z>16.1978073</Z>
      </Vector3>
      <Vector3>
        <X>-3140.00024</X>
        <Y>992.645</Y>
        <Z>17.27481</Z>
      </Vector3>
      <Vector3>
        <X>-3136.071</X>
        <Y>996.63446</Y>
        <Z>16.22242</Z>
      </Vector3>
      <Vector3>
        <X>-3138.12036</X>
        <Y>991.846</Y>
        <Z>17.2994213</Z>
      </Vector3>
      <Vector3>
        <X>-3138.00854</X>
        <Y>997.3421</Y>
        <Z>17.6496849</Z>
      </Vector3>
      <Vector3>
        <X>-3136.12866</X>
        <Y>996.5431</Y>
        <Z>17.6742973</Z>
      </Vector3>
    </Bounds>
    <CenterCamPosition>
      <X>0</X>
      <Y>0</Y>
    </CenterCamPosition>
    <ScreenBounds />
    <DistanceToCam>0</DistanceToCam>
    <Speed>11.6504135</Speed>
    <AccInput>0.283660173</AccInput>
    <RPM>0.465101123</RPM>
    <Gear>2</Gear>
    <SteeringAngle>-5.813464</SteeringAngle>
    <WheelSpeed>0</WheelSpeed>
    <CarType>Sports</CarType>
  </MyCar>
  <Peds />
  <Time>102596</Time>
  <LastFrameTime>0.0277696848</LastFrameTime>
  <MyProperty>0</MyProperty>
  <Weather>ExtraSunny</Weather>
  <Steering>144</Steering>
  <Acc>163</Acc>
  <Brake>127</Brake>
  <DayTime>06:53:31</DayTime>
  <Position>
    <X>-3137.73975</X>
    <Y>995.392151</Y>
    <Z>17.71055</Z>
  </Position>
  <Rotation>
    <X>3.70150685</X>
    <Y>-0.206586018</Y>
    <Z>-22.6752739</Z>
  </Rotation>
</Screenshot>