<?xml version="1.0" encoding="utf-8"?>
<Screenshot xmlns:xsd="http://www.w3.org/2001/XMLSchema" xmlns:xsi="http://www.w3.org/2001/XMLSchema-instance">
  <Cars />
  <MyCar>
    <Position>
      <X>-3138.395</X>
      <Y>993.8028</Y>
      <Z>16.68197</Z>
    </Position>
    <Rotation>
      <X>4.2086854</X>
      <Y>-0.703834951</Y>
      <Z>-22.0665321</Z>
    </Rotation>
    <Handle>1538</Handle>
    <Bounds>
      <Vector3>
        <X>-3140.26929</X>
        <Y>991.8677</Y>
        <Z>15.7557936</Z>
      </Vector3>
      <Vector3>
        <X>-3138.37622</X>
        <Y>991.100342</Y>
        <Z>15.7808857</Z>
      </Vector3>
      <Vector3>
        <X>-3138.357</X>
        <Y>996.5975</Y>
        <Z>16.1311951</Z>
      </Vector3>
      <Vector3>
        <X>-3140.326</X>
        <Y>991.7753</Y>
        <Z>17.2076569</Z>
      </Vector3>
      <Vector3>
        <X>-3136.46387</X>
        <Y>995.830139</Y>
        <Z>16.1562881</Z>
      </Vector3>
      <Vector3>
        <X>-3138.43286</X>
        <Y>991.008</Y>
        <Z>17.232748</Z>
      </Vector3>
      <Vector3>
        <X>-3138.41357</X>
        <Y>996.5052</Y>
        <Z>17.5830574</Z>
      </Vector3>
      <Vector3>
        <X>-3136.52051</X>
        <Y>995.7378</Y>
        <Z>17.60815</Z>
      </Vector3>
    </Bounds>
    <CenterCamPosition>
      <X>0</X>
      <Y>0</Y>
    </CenterCamPosition>
    <ScreenBounds />
    <DistanceToCam>0</DistanceToCam>
    <Speed>11.6071119</Speed>
    <AccInput>0.283660173</AccInput>
    <RPM>0.4634305</RPM>
    <Gear>2</Gear>
    <SteeringAngle>-5.82775927</SteeringAngle>
    <WheelSpeed>0</WheelSpeed>
    <CarType>Sports</CarType>
  </MyCar>
  <Peds />
  <Time>102518</Time>
  <LastFrameTime>0.020709347</LastFrameTime>
  <MyProperty>0</MyProperty>
  <Weather>ExtraSunny</Weather>
  <Steering>147</Steering>
  <Acc>163</Acc>
  <Brake>127</Brake>
  <DayTime>06:53:28</DayTime>
  <Position>
    <X>-3138.078</X>
    <Y>994.635559</Y>
    <Z>17.650032</Z>
  </Position>
  <Rotation>
    <X>3.71417952</X>
    <Y>-0.19364135</Y>
    <Z>-21.8374214</Z>
  </Rotation>
</Screenshot>