<?xml version="1.0" encoding="utf-8"?>
<Screenshot xmlns:xsd="http://www.w3.org/2001/XMLSchema" xmlns:xsi="http://www.w3.org/2001/XMLSchema-instance">
  <Cars />
  <MyCar>
    <Position>
      <X>-3138.268</X>
      <Y>994.1029</Y>
      <Z>16.7059345</Z>
    </Position>
    <Rotation>
      <X>4.201671</X>
      <Y>-0.7123279</Y>
      <Z>-22.3976479</Z>
    </Rotation>
    <Handle>1538</Handle>
    <Bounds>
      <Vector3>
        <X>-3140.15332</X>
        <Y>992.178467</Y>
        <Z>15.7799129</Z>
      </Vector3>
      <Vector3>
        <X>-3138.265</X>
        <Y>991.4002</Y>
        <Z>15.8053083</Z>
      </Vector3>
      <Vector3>
        <X>-3138.21362</X>
        <Y>996.8973</Y>
        <Z>16.15469</Z>
      </Vector3>
      <Vector3>
        <X>-3140.21069</X>
        <Y>992.086731</Y>
        <Z>17.2317867</Z>
      </Vector3>
      <Vector3>
        <X>-3136.3252</X>
        <Y>996.118958</Y>
        <Z>16.1800861</Z>
      </Vector3>
      <Vector3>
        <X>-3138.32227</X>
        <Y>991.3085</Y>
        <Z>17.2571812</Z>
      </Vector3>
      <Vector3>
        <X>-3138.271</X>
        <Y>996.8055</Y>
        <Z>17.6065636</Z>
      </Vector3>
      <Vector3>
        <X>-3136.38257</X>
        <Y>996.0272</Y>
        <Z>17.631958</Z>
      </Vector3>
    </Bounds>
    <CenterCamPosition>
      <X>0</X>
      <Y>0</Y>
    </CenterCamPosition>
    <ScreenBounds />
    <DistanceToCam>0</DistanceToCam>
    <Speed>11.6222687</Speed>
    <AccInput>0.283660173</AccInput>
    <RPM>0.463879257</RPM>
    <Gear>2</Gear>
    <SteeringAngle>-5.8632555</SteeringAngle>
    <WheelSpeed>0</WheelSpeed>
    <CarType>Sports</CarType>
  </MyCar>
  <Peds />
  <Time>102546</Time>
  <LastFrameTime>0.0281225</LastFrameTime>
  <MyProperty>0</MyProperty>
  <Weather>ExtraSunny</Weather>
  <Steering>146</Steering>
  <Acc>163</Acc>
  <Brake>127</Brake>
  <DayTime>06:53:29</DayTime>
  <Position>
    <X>-3137.98145</X>
    <Y>994.8552</Y>
    <Z>17.6675358</Z>
  </Position>
  <Rotation>
    <X>3.70868587</X>
    <Y>-0.203834921</Y>
    <Z>-22.06653</Z>
  </Rotation>
</Screenshot>