<?xml version="1.0" encoding="utf-8"?>
<Screenshot xmlns:xsd="http://www.w3.org/2001/XMLSchema" xmlns:xsi="http://www.w3.org/2001/XMLSchema-instance">
  <Cars />
  <MyCar>
    <Position>
      <X>-3137.929</X>
      <Y>994.8809</Y>
      <Z>16.7677784</Z>
    </Position>
    <Rotation>
      <X>4.20284128</X>
      <Y>-0.670514643</Y>
      <Z>-23.3210487</Z>
    </Rotation>
    <Handle>1538</Handle>
    <Bounds>
      <Vector3>
        <X>-3139.8457</X>
        <Y>992.9874</Y>
        <Z>15.8424435</Z>
      </Vector3>
      <Vector3>
        <X>-3137.97</X>
        <Y>992.178833</Y>
        <Z>15.8663483</Z>
      </Vector3>
      <Vector3>
        <X>-3137.82983</X>
        <Y>997.6742</Y>
        <Z>16.2173271</Z>
      </Vector3>
      <Vector3>
        <X>-3139.90356</X>
        <Y>992.8962</Y>
        <Z>17.2943268</Z>
      </Vector3>
      <Vector3>
        <X>-3135.954</X>
        <Y>996.8656</Y>
        <Z>16.2412319</Z>
      </Vector3>
      <Vector3>
        <X>-3138.02783</X>
        <Y>992.0875</Y>
        <Z>17.3182316</Z>
      </Vector3>
      <Vector3>
        <X>-3137.8877</X>
        <Y>997.582947</Y>
        <Z>17.6692123</Z>
      </Vector3>
      <Vector3>
        <X>-3136.012</X>
        <Y>996.7743</Y>
        <Z>17.6931171</Z>
      </Vector3>
    </Bounds>
    <CenterCamPosition>
      <X>0</X>
      <Y>0</Y>
    </CenterCamPosition>
    <ScreenBounds />
    <DistanceToCam>0</DistanceToCam>
    <Speed>11.6634722</Speed>
    <AccInput>0.283660173</AccInput>
    <RPM>0.46569252</RPM>
    <Gear>2</Gear>
    <SteeringAngle>-5.69123</SteeringAngle>
    <WheelSpeed>0</WheelSpeed>
    <CarType>Sports</CarType>
  </MyCar>
  <Peds />
  <Time>102619</Time>
  <LastFrameTime>0.0226698462</LastFrameTime>
  <MyProperty>0</MyProperty>
  <Weather>ExtraSunny</Weather>
  <Steering>143</Steering>
  <Acc>163</Acc>
  <Brake>127</Brake>
  <DayTime>06:53:31</DayTime>
  <Position>
    <X>-3137.60425</X>
    <Y>995.6851</Y>
    <Z>17.734066</Z>
  </Position>
  <Rotation>
    <X>3.70275855</X>
    <Y>-0.190350562</Y>
    <Z>-23.0276852</Z>
  </Rotation>
</Screenshot>