<?xml version="1.0" encoding="utf-8"?>
<Screenshot xmlns:xsd="http://www.w3.org/2001/XMLSchema" xmlns:xsi="http://www.w3.org/2001/XMLSchema-instance">
  <Cars />
  <MyCar>
    <Position>
      <X>-3137.64038</X>
      <Y>995.5195</Y>
      <Z>16.8186779</Z>
    </Position>
    <Rotation>
      <X>4.206894</X>
      <Y>-0.615113437</Y>
      <Z>-24.104847</Z>
    </Rotation>
    <Handle>1538</Handle>
    <Bounds>
      <Vector3>
        <X>-3139.5835</X>
        <Y>993.6528</Y>
        <Z>15.8941431</Z>
      </Vector3>
      <Vector3>
        <X>-3137.719</X>
        <Y>992.8186</Y>
        <Z>15.9160728</Z>
      </Vector3>
      <Vector3>
        <X>-3137.50366</X>
        <Y>998.3114</Y>
        <Z>16.2693939</Z>
      </Vector3>
      <Vector3>
        <X>-3139.64136</X>
        <Y>993.561646</Y>
        <Z>17.346035</Z>
      </Vector3>
      <Vector3>
        <X>-3135.63916</X>
        <Y>997.4772</Y>
        <Z>16.2913227</Z>
      </Vector3>
      <Vector3>
        <X>-3137.77686</X>
        <Y>992.7275</Y>
        <Z>17.3679657</Z>
      </Vector3>
      <Vector3>
        <X>-3137.56152</X>
        <Y>998.2203</Y>
        <Z>17.7212849</Z>
      </Vector3>
      <Vector3>
        <X>-3135.697</X>
        <Y>997.386047</Y>
        <Z>17.7432156</Z>
      </Vector3>
    </Bounds>
    <CenterCamPosition>
      <X>0</X>
      <Y>0</Y>
    </CenterCamPosition>
    <ScreenBounds />
    <DistanceToCam>0</DistanceToCam>
    <Speed>11.6989651</Speed>
    <AccInput>0.283660173</AccInput>
    <RPM>0.4668755</RPM>
    <Gear>2</Gear>
    <SteeringAngle>-5.062873</SteeringAngle>
    <WheelSpeed>0</WheelSpeed>
    <CarType>Sports</CarType>
  </MyCar>
  <Peds />
  <Time>102679</Time>
  <LastFrameTime>0.0320133939</LastFrameTime>
  <MyProperty>0</MyProperty>
  <Weather>ExtraSunny</Weather>
  <Steering>139</Steering>
  <Acc>163</Acc>
  <Brake>127</Brake>
  <DayTime>06:53:33</DayTime>
  <Position>
    <X>-3137.351</X>
    <Y>996.219666</Y>
    <Z>17.7770653</Z>
  </Position>
  <Rotation>
    <X>3.70509958</X>
    <Y>-0.145723835</Y>
    <Z>-23.6888924</Z>
  </Rotation>
</Screenshot>