<?xml version="1.0" encoding="utf-8"?>
<Screenshot xmlns:xsd="http://www.w3.org/2001/XMLSchema" xmlns:xsi="http://www.w3.org/2001/XMLSchema-instance">
  <Cars />
  <MyCar>
    <Position>
      <X>-3137.548</X>
      <Y>995.7197</Y>
      <Z>16.8347244</Z>
    </Position>
    <Rotation>
      <X>4.20825338</X>
      <Y>-0.598350346</Y>
      <Z>-24.3473186</Z>
    </Rotation>
    <Handle>1538</Handle>
    <Bounds>
      <Vector3>
        <X>-3139.49951</X>
        <Y>993.86145</Y>
        <Z>15.9104271</Z>
      </Vector3>
      <Vector3>
        <X>-3137.63843</X>
        <Y>993.019348</Y>
        <Z>15.9317589</Z>
      </Vector3>
      <Vector3>
        <X>-3137.39966</X>
        <Y>998.5111</Y>
        <Z>16.285799</Z>
      </Vector3>
      <Vector3>
        <X>-3139.55737</X>
        <Y>993.7703</Y>
        <Z>17.36232</Z>
      </Vector3>
      <Vector3>
        <X>-3135.53882</X>
        <Y>997.669</Y>
        <Z>16.30713</Z>
      </Vector3>
      <Vector3>
        <X>-3137.69629</X>
        <Y>992.9282</Y>
        <Z>17.3836536</Z>
      </Vector3>
      <Vector3>
        <X>-3137.45752</X>
        <Y>998.420044</Y>
        <Z>17.7376919</Z>
      </Vector3>
      <Vector3>
        <X>-3135.59668</X>
        <Y>997.577942</Y>
        <Z>17.7590256</Z>
      </Vector3>
    </Bounds>
    <CenterCamPosition>
      <X>0</X>
      <Y>0</Y>
    </CenterCamPosition>
    <ScreenBounds />
    <DistanceToCam>0</DistanceToCam>
    <Speed>11.7102089</Speed>
    <AccInput>0.283660173</AccInput>
    <RPM>0.467570245</RPM>
    <Gear>2</Gear>
    <SteeringAngle>-4.883745</SteeringAngle>
    <WheelSpeed>0</WheelSpeed>
    <CarType>Sports</CarType>
  </MyCar>
  <Peds />
  <Time>102698</Time>
  <LastFrameTime>0.0188832115</LastFrameTime>
  <MyProperty>0</MyProperty>
  <Weather>ExtraSunny</Weather>
  <Steering>139</Steering>
  <Acc>163</Acc>
  <Brake>127</Brake>
  <DayTime>06:53:34</DayTime>
  <Position>
    <X>-3137.18823</X>
    <Y>996.5559</Y>
    <Z>17.8042259</Z>
  </Position>
  <Rotation>
    <X>3.70689321</X>
    <Y>-0.1151134</Y>
    <Z>-24.104845</Z>
  </Rotation>
</Screenshot>