<?xml version="1.0" encoding="utf-8"?>
<Screenshot xmlns:xsd="http://www.w3.org/2001/XMLSchema" xmlns:xsi="http://www.w3.org/2001/XMLSchema-instance">
  <Cars />
  <MyCar>
    <Position>
      <X>-3137.79517</X>
      <Y>995.1797</Y>
      <Z>16.7915573</Z>
    </Position>
    <Rotation>
      <X>4.20509958</X>
      <Y>-0.64572376</Y>
      <Z>-23.6888962</Z>
    </Rotation>
    <Handle>1538</Handle>
    <Bounds>
      <Vector3>
        <X>-3139.72437</X>
        <Y>993.2987</Y>
        <Z>15.8665609</Z>
      </Vector3>
      <Vector3>
        <X>-3137.85376</X>
        <Y>992.4781</Y>
        <Z>15.8895817</Z>
      </Vector3>
      <Vector3>
        <X>-3137.67847</X>
        <Y>997.9724</Y>
        <Z>16.24165</Z>
      </Vector3>
      <Vector3>
        <X>-3139.78223</X>
        <Y>993.2075</Y>
        <Z>17.3184471</Z>
      </Vector3>
      <Vector3>
        <X>-3135.80786</X>
        <Y>997.151733</Y>
        <Z>16.26467</Z>
      </Vector3>
      <Vector3>
        <X>-3137.91162</X>
        <Y>992.3869</Y>
        <Z>17.3414688</Z>
      </Vector3>
      <Vector3>
        <X>-3137.73633</X>
        <Y>997.8812</Y>
        <Z>17.6935349</Z>
      </Vector3>
      <Vector3>
        <X>-3135.86572</X>
        <Y>997.060547</Y>
        <Z>17.7165565</Z>
      </Vector3>
    </Bounds>
    <CenterCamPosition>
      <X>0</X>
      <Y>0</Y>
    </CenterCamPosition>
    <ScreenBounds />
    <DistanceToCam>0</DistanceToCam>
    <Speed>11.6799</Speed>
    <AccInput>0.283660173</AccInput>
    <RPM>0.466254383</RPM>
    <Gear>2</Gear>
    <SteeringAngle>-5.47221041</SteeringAngle>
    <WheelSpeed>0</WheelSpeed>
    <CarType>Sports</CarType>
  </MyCar>
  <Peds />
  <Time>102647</Time>
  <LastFrameTime>0.0281193964</LastFrameTime>
  <MyProperty>0</MyProperty>
  <Weather>ExtraSunny</Weather>
  <Steering>142</Steering>
  <Acc>163</Acc>
  <Brake>127</Brake>
  <DayTime>06:53:32</DayTime>
  <Position>
    <X>-3137.492</X>
    <Y>995.9239</Y>
    <Z>17.7532368</Z>
  </Position>
  <Rotation>
    <X>3.70284033</X>
    <Y>-0.170514643</Y>
    <Z>-23.3210487</Z>
  </Rotation>
</Screenshot>