<?xml version="1.0" encoding="utf-8"?>
<Screenshot xmlns:xsd="http://www.w3.org/2001/XMLSchema" xmlns:xsi="http://www.w3.org/2001/XMLSchema-instance">
  <Cars />
  <MyCar>
    <Position>
      <X>-3137.3938</X>
      <Y>996.05</Y>
      <Z>16.8612137</Z>
    </Position>
    <Rotation>
      <X>4.20919561</X>
      <Y>-0.568743765</Y>
      <Z>-24.7362385</Z>
    </Rotation>
    <Handle>1538</Handle>
    <Bounds>
      <Vector3>
        <X>-3139.35815</X>
        <Y>994.2052</Y>
        <Z>15.937398</Z>
      </Vector3>
      <Vector3>
        <X>-3137.503</X>
        <Y>993.350464</Y>
        <Z>15.957674</Z>
      </Vector3>
      <Vector3>
        <X>-3137.22656</X>
        <Y>998.840454</Y>
        <Z>16.3128548</Z>
      </Vector3>
      <Vector3>
        <X>-3139.416</X>
        <Y>994.114136</Y>
        <Z>17.3892975</Z>
      </Vector3>
      <Vector3>
        <X>-3135.37158</X>
        <Y>997.9857</Y>
        <Z>16.3331318</Z>
      </Vector3>
      <Vector3>
        <X>-3137.56079</X>
        <Y>993.25946</Y>
        <Z>17.4095745</Z>
      </Vector3>
      <Vector3>
        <X>-3137.28442</X>
        <Y>998.7494</Y>
        <Z>17.7647552</Z>
      </Vector3>
      <Vector3>
        <X>-3135.4292</X>
        <Y>997.8947</Y>
        <Z>17.7850323</Z>
      </Vector3>
    </Bounds>
    <CenterCamPosition>
      <X>0</X>
      <Y>0</Y>
    </CenterCamPosition>
    <ScreenBounds />
    <DistanceToCam>0</DistanceToCam>
    <Speed>11.7289906</Speed>
    <AccInput>0.283660173</AccInput>
    <RPM>0.468173921</RPM>
    <Gear>2</Gear>
    <SteeringAngle>-4.52774429</SteeringAngle>
    <WheelSpeed>0</WheelSpeed>
    <CarType>Sports</CarType>
  </MyCar>
  <Peds />
  <Time>102729</Time>
  <LastFrameTime>0.0311678182</LastFrameTime>
  <MyProperty>0</MyProperty>
  <Weather>ExtraSunny</Weather>
  <Steering>138</Steering>
  <Acc>163</Acc>
  <Brake>127</Brake>
  <DayTime>06:53:35</DayTime>
  <Position>
    <X>-3137.09131</X>
    <Y>996.75415</Y>
    <Z>17.820303</Z>
  </Position>
  <Rotation>
    <X>3.70825386</X>
    <Y>-0.09835039</Y>
    <Z>-24.3473167</Z>
  </Rotation>
</Screenshot>