<?xml version="1.0" encoding="utf-8"?>
<Screenshot xmlns:xsd="http://www.w3.org/2001/XMLSchema" xmlns:xsi="http://www.w3.org/2001/XMLSchema-instance">
  <Cars />
  <MyCar>
    <Position>
      <X>-3137.12817</X>
      <Y>996.609131</Y>
      <Z>16.9065533</Z>
    </Position>
    <Rotation>
      <X>4.226485</X>
      <Y>-0.5434004</Y>
      <Z>-25.3606243</Z>
    </Rotation>
    <Handle>1538</Handle>
    <Bounds>
      <Vector3>
        <X>-3139.11279</X>
        <Y>994.786255</Y>
        <Z>15.9824314</Z>
      </Vector3>
      <Vector3>
        <X>-3137.26685</X>
        <Y>993.9114</Y>
        <Z>16.0018044</Z>
      </Vector3>
      <Vector3>
        <X>-3136.931</X>
        <Y>999.3978</Y>
        <Z>16.35943</Z>
      </Vector3>
      <Vector3>
        <X>-3139.17114</X>
        <Y>994.6952</Y>
        <Z>17.4343052</Z>
      </Vector3>
      <Vector3>
        <X>-3135.085</X>
        <Y>998.522949</Y>
        <Z>16.3788033</Z>
      </Vector3>
      <Vector3>
        <X>-3137.32544</X>
        <Y>993.8203</Y>
        <Z>17.4536781</Z>
      </Vector3>
      <Vector3>
        <X>-3136.98926</X>
        <Y>999.306763</Y>
        <Z>17.8113041</Z>
      </Vector3>
      <Vector3>
        <X>-3135.14331</X>
        <Y>998.4319</Y>
        <Z>17.830677</Z>
      </Vector3>
    </Bounds>
    <CenterCamPosition>
      <X>0</X>
      <Y>0</Y>
    </CenterCamPosition>
    <ScreenBounds />
    <DistanceToCam>0</DistanceToCam>
    <Speed>11.760541</Speed>
    <AccInput>0.283660173</AccInput>
    <RPM>0.469381273</RPM>
    <Gear>2</Gear>
    <SteeringAngle>-4.12032032</SteeringAngle>
    <WheelSpeed>0</WheelSpeed>
    <CarType>Sports</CarType>
  </MyCar>
  <Peds />
  <Time>102782</Time>
  <LastFrameTime>0.033670105</LastFrameTime>
  <MyProperty>0</MyProperty>
  <Weather>ExtraSunny</Weather>
  <Steering>138</Steering>
  <Acc>163</Acc>
  <Brake>127</Brake>
  <DayTime>06:53:36</DayTime>
  <Position>
    <X>-3136.82935</X>
    <Y>997.2819</Y>
    <Z>17.8631439</Z>
  </Position>
  <Rotation>
    <X>3.70881033</X>
    <Y>-0.0514389053</Y>
    <Z>-24.9691162</Z>
  </Rotation>
</Screenshot>