<?xml version="1.0" encoding="utf-8"?>
<Screenshot xmlns:xsd="http://www.w3.org/2001/XMLSchema" xmlns:xsi="http://www.w3.org/2001/XMLSchema-instance">
  <Cars />
  <MyCar>
    <Position>
      <X>-3137.298</X>
      <Y>996.252869</Y>
      <Z>16.8775463</Z>
    </Position>
    <Rotation>
      <X>4.20881033</X>
      <Y>-0.551439</Y>
      <Z>-24.9691162</Z>
    </Rotation>
    <Handle>1538</Handle>
    <Bounds>
      <Vector3>
        <X>-3139.27</X>
        <Y>994.4162</Y>
        <Z>15.9540529</Z>
      </Vector3>
      <Vector3>
        <X>-3137.41846</X>
        <Y>993.553955</Y>
        <Z>15.9737129</Z>
      </Vector3>
      <Vector3>
        <X>-3137.11987</X>
        <Y>999.042664</Y>
        <Z>16.3294773</Z>
      </Vector3>
      <Vector3>
        <X>-3139.328</X>
        <Y>994.3252</Y>
        <Z>17.4059582</Z>
      </Vector3>
      <Vector3>
        <X>-3135.268</X>
        <Y>998.1804</Y>
        <Z>16.3491364</Z>
      </Vector3>
      <Vector3>
        <X>-3137.476</X>
        <Y>993.462952</Y>
        <Z>17.4256172</Z>
      </Vector3>
      <Vector3>
        <X>-3137.17749</X>
        <Y>998.9517</Y>
        <Z>17.7813816</Z>
      </Vector3>
      <Vector3>
        <X>-3135.326</X>
        <Y>998.0895</Y>
        <Z>17.8010426</Z>
      </Vector3>
    </Bounds>
    <CenterCamPosition>
      <X>0</X>
      <Y>0</Y>
    </CenterCamPosition>
    <ScreenBounds />
    <DistanceToCam>0</DistanceToCam>
    <Speed>11.7405024</Speed>
    <AccInput>0.283660173</AccInput>
    <RPM>0.4687673</RPM>
    <Gear>2</Gear>
    <SteeringAngle>-4.36386776</SteeringAngle>
    <WheelSpeed>0</WheelSpeed>
    <CarType>Sports</CarType>
  </MyCar>
  <Peds />
  <Time>102748</Time>
  <LastFrameTime>0.0191590711</LastFrameTime>
  <MyProperty>0</MyProperty>
  <Weather>ExtraSunny</Weather>
  <Steering>138</Steering>
  <Acc>163</Acc>
  <Brake>127</Brake>
  <DayTime>06:53:35</DayTime>
  <Position>
    <X>-3136.92944</X>
    <Y>997.081055</Y>
    <Z>17.8468151</Z>
  </Position>
  <Rotation>
    <X>3.70919585</X>
    <Y>-0.06874373</Y>
    <Z>-24.7362366</Z>
  </Rotation>
</Screenshot>