<?xml version="1.0" encoding="utf-8"?>
<Screenshot xmlns:xsd="http://www.w3.org/2001/XMLSchema" xmlns:xsi="http://www.w3.org/2001/XMLSchema-instance">
  <Cars />
  <MyCar>
    <Position>
      <X>-3136.96265</X>
      <Y>996.951538</Y>
      <Z>16.9341125</Z>
    </Position>
    <Rotation>
      <X>4.2157135</X>
      <Y>-0.494060636</Y>
      <Z>-25.71037</Z>
    </Rotation>
    <Handle>1538</Handle>
    <Bounds>
      <Vector3>
        <X>-3138.959</X>
        <Y>995.141</Y>
        <Z>16.0113335</Z>
      </Vector3>
      <Vector3>
        <X>-3137.11865</X>
        <Y>994.2549</Y>
        <Z>16.0289459</Z>
      </Vector3>
      <Vector3>
        <X>-3136.74878</X>
        <Y>999.7391</Y>
        <Z>16.3873749</Z>
      </Vector3>
      <Vector3>
        <X>-3139.01685</X>
        <Y>995.05</Y>
        <Z>17.4632378</Z>
      </Vector3>
      <Vector3>
        <X>-3134.9082</X>
        <Y>998.852966</Y>
        <Z>16.40499</Z>
      </Vector3>
      <Vector3>
        <X>-3137.17627</X>
        <Y>994.1639</Y>
        <Z>17.4808521</Z>
      </Vector3>
      <Vector3>
        <X>-3136.8064</X>
        <Y>999.6481</Y>
        <Z>17.8392811</Z>
      </Vector3>
      <Vector3>
        <X>-3134.966</X>
        <Y>998.761963</Y>
        <Z>17.8568954</Z>
      </Vector3>
    </Bounds>
    <CenterCamPosition>
      <X>0</X>
      <Y>0</Y>
    </CenterCamPosition>
    <ScreenBounds />
    <DistanceToCam>0</DistanceToCam>
    <Speed>11.7800083</Speed>
    <AccInput>0.283660173</AccInput>
    <RPM>0.470049441</RPM>
    <Gear>2</Gear>
    <SteeringAngle>-3.94958687</SteeringAngle>
    <WheelSpeed>0</WheelSpeed>
    <CarType>Sports</CarType>
  </MyCar>
  <Peds />
  <Time>102814</Time>
  <LastFrameTime>0.0323835872</LastFrameTime>
  <MyProperty>0</MyProperty>
  <Weather>ExtraSunny</Weather>
  <Steering>138</Steering>
  <Acc>163</Acc>
  <Brake>127</Brake>
  <DayTime>06:53:37</DayTime>
  <Position>
    <X>-3136.65234</X>
    <Y>997.6346</Y>
    <Z>17.8925</Z>
  </Position>
  <Rotation>
    <X>3.7264843</X>
    <Y>-0.04340041</Y>
    <Z>-25.3606243</Z>
  </Rotation>
</Screenshot>