<?xml version="1.0" encoding="utf-8"?>
<Screenshot xmlns:xsd="http://www.w3.org/2001/XMLSchema" xmlns:xsi="http://www.w3.org/2001/XMLSchema-instance">
  <Cars />
  <MyCar>
    <Position>
      <X>-3136.533</X>
      <Y>997.8211</Y>
      <Z>17.00423</Z>
    </Position>
    <Rotation>
      <X>4.182681</X>
      <Y>-0.347352445</Y>
      <Z>-26.4923363</Z>
    </Rotation>
    <Handle>1538</Handle>
    <Bounds>
      <Vector3>
        <X>-3138.55615</X>
        <Y>996.0386</Y>
        <Z>16.0854874</Z>
      </Vector3>
      <Vector3>
        <X>-3136.728</X>
        <Y>995.1274</Y>
        <Z>16.0978718</Z>
      </Vector3>
      <Vector3>
        <X>-3136.28247</X>
        <Y>1000.60583</Y>
        <Z>16.4585972</Z>
      </Vector3>
      <Vector3>
        <X>-3138.61157</X>
        <Y>995.947449</Y>
        <Z>17.5374813</Z>
      </Vector3>
      <Vector3>
        <X>-3134.454</X>
        <Y>999.694641</Y>
        <Z>16.47098</Z>
      </Vector3>
      <Vector3>
        <X>-3136.7832</X>
        <Y>995.036255</Y>
        <Z>17.5498657</Z>
      </Vector3>
      <Vector3>
        <X>-3136.33765</X>
        <Y>1000.51471</Y>
        <Z>17.9105911</Z>
      </Vector3>
      <Vector3>
        <X>-3134.50952</X>
        <Y>999.6035</Y>
        <Z>17.9229736</Z>
      </Vector3>
    </Bounds>
    <CenterCamPosition>
      <X>0</X>
      <Y>0</Y>
    </CenterCamPosition>
    <ScreenBounds />
    <DistanceToCam>0</DistanceToCam>
    <Speed>11.8303633</Speed>
    <AccInput>0.283660173</AccInput>
    <RPM>0.4721685</RPM>
    <Gear>2</Gear>
    <SteeringAngle>-2.24948478</SteeringAngle>
    <WheelSpeed>0</WheelSpeed>
    <CarType>Sports</CarType>
  </MyCar>
  <Peds />
  <Time>102896</Time>
  <LastFrameTime>0.0244854316</LastFrameTime>
  <MyProperty>0</MyProperty>
  <Weather>ExtraSunny</Weather>
  <Steering>127</Steering>
  <Acc>163</Acc>
  <Brake>127</Brake>
  <DayTime>06:53:40</DayTime>
  <Position>
    <X>-3136.16748</X>
    <Y>998.5798</Y>
    <Z>17.9686546</Z>
  </Position>
  <Rotation>
    <X>3.69226265</X>
    <Y>0.1065047</Y>
    <Z>-26.2800217</Z>
  </Rotation>
</Screenshot>