<?xml version="1.0" encoding="utf-8"?>
<Screenshot xmlns:xsd="http://www.w3.org/2001/XMLSchema" xmlns:xsi="http://www.w3.org/2001/XMLSchema-instance">
  <Cars />
  <MyCar>
    <Position>
      <X>-3136.662</X>
      <Y>997.5627</Y>
      <Z>16.9833622</Z>
    </Position>
    <Rotation>
      <X>4.19226265</X>
      <Y>-0.393495351</Y>
      <Z>-26.2800217</Z>
    </Rotation>
    <Handle>1538</Handle>
    <Bounds>
      <Vector3>
        <X>-3138.678</X>
        <Y>995.772461</Y>
        <Z>16.063385</Z>
      </Vector3>
      <Vector3>
        <X>-3136.84644</X>
        <Y>994.868042</Y>
        <Z>16.0774136</Z>
      </Vector3>
      <Vector3>
        <X>-3136.42139</X>
        <Y>1000.34821</Y>
        <Z>16.4373436</Z>
      </Vector3>
      <Vector3>
        <X>-3138.73413</X>
        <Y>995.681458</Y>
        <Z>17.5153522</Z>
      </Vector3>
      <Vector3>
        <X>-3134.58984</X>
        <Y>999.4438</Y>
        <Z>16.4513721</Z>
      </Vector3>
      <Vector3>
        <X>-3136.90259</X>
        <Y>994.777039</Y>
        <Z>17.5293827</Z>
      </Vector3>
      <Vector3>
        <X>-3136.47754</X>
        <Y>1000.2572</Y>
        <Z>17.8893127</Z>
      </Vector3>
      <Vector3>
        <X>-3134.646</X>
        <Y>999.3528</Y>
        <Z>17.9033413</Z>
      </Vector3>
    </Bounds>
    <CenterCamPosition>
      <X>0</X>
      <Y>0</Y>
    </CenterCamPosition>
    <ScreenBounds />
    <DistanceToCam>0</DistanceToCam>
    <Speed>11.8152065</Speed>
    <AccInput>0.283660173</AccInput>
    <RPM>0.4714455</RPM>
    <Gear>2</Gear>
    <SteeringAngle>-2.800088</SteeringAngle>
    <WheelSpeed>0</WheelSpeed>
    <CarType>Sports</CarType>
  </MyCar>
  <Peds />
  <Time>102872</Time>
  <LastFrameTime>0.0242812522</LastFrameTime>
  <MyProperty>0</MyProperty>
  <Weather>ExtraSunny</Weather>
  <Steering>127</Steering>
  <Acc>163</Acc>
  <Brake>127</Brake>
  <DayTime>06:53:39</DayTime>
  <Position>
    <X>-3136.29883</X>
    <Y>998.325562</Y>
    <Z>17.94812</Z>
  </Position>
  <Rotation>
    <X>3.70079041</X>
    <Y>0.06427774</Y>
    <Z>-26.0505047</Z>
  </Rotation>
</Screenshot>