<?xml version="1.0" encoding="utf-8"?>
<Screenshot xmlns:xsd="http://www.w3.org/2001/XMLSchema" xmlns:xsi="http://www.w3.org/2001/XMLSchema-instance">
  <Cars />
  <MyCar>
    <Position>
      <X>-3136.78882</X>
      <Y>997.306335</Y>
      <Z>16.9626637</Z>
    </Position>
    <Rotation>
      <X>4.200791</X>
      <Y>-0.435722321</Y>
      <Z>-26.0505066</Z>
    </Rotation>
    <Handle>1538</Handle>
    <Bounds>
      <Vector3>
        <X>-3138.79688</X>
        <Y>995.5079</Y>
        <Z>16.0415668</Z>
      </Vector3>
      <Vector3>
        <X>-3136.96167</X>
        <Y>994.61084</Y>
        <Z>16.0571</Z>
      </Vector3>
      <Vector3>
        <X>-3136.55884</X>
        <Y>1000.09271</Y>
        <Z>16.4162827</Z>
      </Vector3>
      <Vector3>
        <X>-3138.85376</X>
        <Y>995.416931</Y>
        <Z>17.4935112</Z>
      </Vector3>
      <Vector3>
        <X>-3134.72388</X>
        <Y>999.1956</Y>
        <Z>16.431818</Z>
      </Vector3>
      <Vector3>
        <X>-3137.01855</X>
        <Y>994.5199</Y>
        <Z>17.5090466</Z>
      </Vector3>
      <Vector3>
        <X>-3136.61572</X>
        <Y>1000.00171</Y>
        <Z>17.8682289</Z>
      </Vector3>
      <Vector3>
        <X>-3134.78052</X>
        <Y>999.1047</Y>
        <Z>17.8837624</Z>
      </Vector3>
    </Bounds>
    <CenterCamPosition>
      <X>0</X>
      <Y>0</Y>
    </CenterCamPosition>
    <ScreenBounds />
    <DistanceToCam>0</DistanceToCam>
    <Speed>11.80032</Speed>
    <AccInput>0.283660173</AccInput>
    <RPM>0.4706718</RPM>
    <Gear>2</Gear>
    <SteeringAngle>-3.47862244</SteeringAngle>
    <WheelSpeed>0</WheelSpeed>
    <CarType>Sports</CarType>
  </MyCar>
  <Peds />
  <Time>102848</Time>
  <LastFrameTime>0.0335853919</LastFrameTime>
  <MyProperty>0</MyProperty>
  <Weather>ExtraSunny</Weather>
  <Steering>134</Steering>
  <Acc>163</Acc>
  <Brake>127</Brake>
  <DayTime>06:53:38</DayTime>
  <Position>
    <X>-3136.47974</X>
    <Y>997.9739</Y>
    <Z>17.9198551</Z>
  </Position>
  <Rotation>
    <X>3.71571374</X>
    <Y>0.005939276</Y>
    <Z>-25.71037</Z>
  </Rotation>
</Screenshot>