<?xml version="1.0" encoding="utf-8"?>
<Screenshot xmlns:xsd="http://www.w3.org/2001/XMLSchema" xmlns:xsi="http://www.w3.org/2001/XMLSchema-instance">
  <Cars />
  <MyCar>
    <Position>
      <X>-3136.08081</X>
      <Y>998.7156</Y>
      <Z>17.0765686</Z>
    </Position>
    <Rotation>
      <X>4.14722061</X>
      <Y>-0.177360252</Y>
      <Z>-27.0590649</Z>
    </Rotation>
    <Handle>1538</Handle>
    <Bounds>
      <Vector3>
        <X>-3138.12427</X>
        <Y>996.9539</Y>
        <Z>16.16239</Z>
      </Vector3>
      <Vector3>
        <X>-3136.30518</X>
        <Y>996.024658</Y>
        <Z>16.1687126</Z>
      </Vector3>
      <Vector3>
        <X>-3135.8042</X>
        <Y>1001.49811</Y>
        <Z>16.5323448</Z>
      </Vector3>
      <Vector3>
        <X>-3138.17627</X>
        <Y>996.8622</Y>
        <Z>17.61447</Z>
      </Vector3>
      <Vector3>
        <X>-3133.985</X>
        <Y>1000.56885</Y>
        <Z>16.53867</Z>
      </Vector3>
      <Vector3>
        <X>-3136.35718</X>
        <Y>995.9329</Y>
        <Z>17.6207924</Z>
      </Vector3>
      <Vector3>
        <X>-3135.8562</X>
        <Y>1001.40637</Y>
        <Z>17.9844246</Z>
      </Vector3>
      <Vector3>
        <X>-3134.037</X>
        <Y>1000.47717</Y>
        <Z>17.9907475</Z>
      </Vector3>
    </Bounds>
    <CenterCamPosition>
      <X>0</X>
      <Y>0</Y>
    </CenterCamPosition>
    <ScreenBounds />
    <DistanceToCam>0</DistanceToCam>
    <Speed>11.8830738</Speed>
    <AccInput>0.283660173</AccInput>
    <RPM>0.4739513</RPM>
    <Gear>2</Gear>
    <SteeringAngle>-1.03228</SteeringAngle>
    <WheelSpeed>0</WheelSpeed>
    <CarType>Sports</CarType>
  </MyCar>
  <Peds />
  <Time>102981</Time>
  <LastFrameTime>0.0336995833</LastFrameTime>
  <MyProperty>0</MyProperty>
  <Weather>ExtraSunny</Weather>
  <Steering>127</Steering>
  <Acc>163</Acc>
  <Brake>127</Brake>
  <DayTime>06:53:42</DayTime>
  <Position>
    <X>-3135.75415</X>
    <Y>999.371</Y>
    <Z>18.03248</Z>
  </Position>
  <Rotation>
    <X>3.66210723</X>
    <Y>0.249952391</Y>
    <Z>-26.86588</Z>
  </Rotation>
</Screenshot>