<?xml version="1.0" encoding="utf-8"?>
<Screenshot xmlns:xsd="http://www.w3.org/2001/XMLSchema" xmlns:xsi="http://www.w3.org/2001/XMLSchema-instance">
  <Cars />
  <MyCar>
    <Position>
      <X>-3136.26172</X>
      <Y>998.3596</Y>
      <Z>17.04777</Z>
    </Position>
    <Rotation>
      <X>4.16210747</X>
      <Y>-0.2500476</Y>
      <Z>-26.865881</Z>
    </Rotation>
    <Handle>1538</Handle>
    <Bounds>
      <Vector3>
        <X>-3138.298</X>
        <Y>996.590759</Y>
        <Z>16.13165</Z>
      </Vector3>
      <Vector3>
        <X>-3136.47583</X>
        <Y>995.667664</Y>
        <Z>16.1405659</Z>
      </Vector3>
      <Vector3>
        <X>-3135.994</X>
        <Y>1001.14288</Y>
        <Z>16.50293</Z>
      </Vector3>
      <Vector3>
        <X>-3138.35156</X>
        <Y>996.4993</Y>
        <Z>17.5836945</Z>
      </Vector3>
      <Vector3>
        <X>-3134.17163</X>
        <Y>1000.21979</Y>
        <Z>16.5118446</Z>
      </Vector3>
      <Vector3>
        <X>-3136.5293</X>
        <Y>995.576233</Y>
        <Z>17.59261</Z>
      </Vector3>
      <Vector3>
        <X>-3136.04736</X>
        <Y>1001.05151</Y>
        <Z>17.9549751</Z>
      </Vector3>
      <Vector3>
        <X>-3134.225</X>
        <Y>1000.12842</Y>
        <Z>17.96389</Z>
      </Vector3>
    </Bounds>
    <CenterCamPosition>
      <X>0</X>
      <Y>0</Y>
    </CenterCamPosition>
    <ScreenBounds />
    <DistanceToCam>0</DistanceToCam>
    <Speed>11.8620472</Speed>
    <AccInput>0.283660173</AccInput>
    <RPM>0.473273635</RPM>
    <Gear>2</Gear>
    <SteeringAngle>-1.41480219</SteeringAngle>
    <WheelSpeed>0</WheelSpeed>
    <CarType>Sports</CarType>
  </MyCar>
  <Peds />
  <Time>102948</Time>
  <LastFrameTime>0.032892175</LastFrameTime>
  <MyProperty>0</MyProperty>
  <Weather>ExtraSunny</Weather>
  <Steering>127</Steering>
  <Acc>163</Acc>
  <Brake>127</Brake>
  <DayTime>06:53:41</DayTime>
  <Position>
    <X>-3135.93457</X>
    <Y>999.02594</Y>
    <Z>18.0046349</Z>
  </Position>
  <Rotation>
    <X>3.674628</X>
    <Y>0.187595636</Y>
    <Z>-26.6374226</Z>
  </Rotation>
</Screenshot>