<?xml version="1.0" encoding="utf-8"?>
<Screenshot xmlns:xsd="http://www.w3.org/2001/XMLSchema" xmlns:xsi="http://www.w3.org/2001/XMLSchema-instance">
  <Cars />
  <MyCar>
    <Position>
      <X>-3136.437</X>
      <Y>998.0123</Y>
      <Z>17.0196819</Z>
    </Position>
    <Rotation>
      <X>4.17462826</X>
      <Y>-0.312404454</Y>
      <Z>-26.63742</Z>
    </Rotation>
    <Handle>1538</Handle>
    <Bounds>
      <Vector3>
        <X>-3138.46533</X>
        <Y>996.235046</Y>
        <Z>16.10191</Z>
      </Vector3>
      <Vector3>
        <X>-3136.6394</X>
        <Y>995.3193</Y>
        <Z>16.1130486</Z>
      </Vector3>
      <Vector3>
        <X>-3136.17969</X>
        <Y>1000.79651</Y>
        <Z>16.4743023</Z>
      </Vector3>
      <Vector3>
        <X>-3138.52</X>
        <Y>996.14386</Y>
        <Z>17.5539246</Z>
      </Vector3>
      <Vector3>
        <X>-3134.35376</X>
        <Y>999.8807</Y>
        <Z>16.4854412</Z>
      </Vector3>
      <Vector3>
        <X>-3136.694</X>
        <Y>995.2281</Y>
        <Z>17.5650616</Z>
      </Vector3>
      <Vector3>
        <X>-3136.23438</X>
        <Y>1000.70532</Y>
        <Z>17.9263172</Z>
      </Vector3>
      <Vector3>
        <X>-3134.40845</X>
        <Y>999.7895</Y>
        <Z>17.9374542</Z>
      </Vector3>
    </Bounds>
    <CenterCamPosition>
      <X>0</X>
      <Y>0</Y>
    </CenterCamPosition>
    <ScreenBounds />
    <DistanceToCam>0</DistanceToCam>
    <Speed>11.8416529</Speed>
    <AccInput>0.283660173</AccInput>
    <RPM>0.472774833</RPM>
    <Gear>2</Gear>
    <SteeringAngle>-1.9223</SteeringAngle>
    <WheelSpeed>0</WheelSpeed>
    <CarType>Sports</CarType>
  </MyCar>
  <Peds />
  <Time>102915</Time>
  <LastFrameTime>0.0181170721</LastFrameTime>
  <MyProperty>0</MyProperty>
  <Weather>ExtraSunny</Weather>
  <Steering>127</Steering>
  <Acc>163</Acc>
  <Brake>127</Brake>
  <DayTime>06:53:40</DayTime>
  <Position>
    <X>-3136.03369</X>
    <Y>998.8362</Y>
    <Z>17.98934</Z>
  </Position>
  <Rotation>
    <X>3.682681</X>
    <Y>0.152647436</Y>
    <Z>-26.4923363</Z>
  </Rotation>
</Screenshot>