<?xml version="1.0" encoding="utf-8"?>
<Screenshot xmlns:xsd="http://www.w3.org/2001/XMLSchema" xmlns:xsi="http://www.w3.org/2001/XMLSchema-instance">
  <Cars />
  <MyCar>
    <Position>
      <X>-3135.69922</X>
      <Y>999.460266</Y>
      <Z>17.1368141</Z>
    </Position>
    <Rotation>
      <X>4.12387371</X>
      <Y>-0.0289129335</Y>
      <Z>-27.3467865</Z>
    </Rotation>
    <Handle>1538</Handle>
    <Bounds>
      <Vector3>
        <X>-3137.754</X>
        <Y>997.7096</Y>
        <Z>16.2262955</Z>
      </Vector3>
      <Vector3>
        <X>-3135.93945</X>
        <Y>996.77124</Y>
        <Z>16.2273254</Z>
      </Vector3>
      <Vector3>
        <X>-3135.41016</X>
        <Y>1002.24182</Y>
        <Z>16.5941734</Z>
      </Vector3>
      <Vector3>
        <X>-3137.80249</X>
        <Y>997.616943</Y>
        <Z>17.6784229</Z>
      </Vector3>
      <Vector3>
        <X>-3133.5957</X>
        <Y>1001.30347</Y>
        <Z>16.5952053</Z>
      </Vector3>
      <Vector3>
        <X>-3135.988</X>
        <Y>996.6786</Y>
        <Z>17.6794548</Z>
      </Vector3>
      <Vector3>
        <X>-3135.45874</X>
        <Y>1002.14917</Y>
        <Z>18.0463028</Z>
      </Vector3>
      <Vector3>
        <X>-3133.64429</X>
        <Y>1001.21082</Y>
        <Z>18.0473328</Z>
      </Vector3>
    </Bounds>
    <CenterCamPosition>
      <X>0</X>
      <Y>0</Y>
    </CenterCamPosition>
    <ScreenBounds />
    <DistanceToCam>0</DistanceToCam>
    <Speed>11.926836</Speed>
    <AccInput>0.283660173</AccInput>
    <RPM>0.475615621</RPM>
    <Gear>2</Gear>
    <SteeringAngle>-0.5309068</SteeringAngle>
    <WheelSpeed>0</WheelSpeed>
    <CarType>Sports</CarType>
  </MyCar>
  <Peds />
  <Time>103052</Time>
  <LastFrameTime>0.038456846</LastFrameTime>
  <MyProperty>0</MyProperty>
  <Weather>ExtraSunny</Weather>
  <Steering>127</Steering>
  <Acc>163</Acc>
  <Brake>127</Brake>
  <DayTime>06:53:44</DayTime>
  <Position>
    <X>-3135.39233</X>
    <Y>1000.06116</Y>
    <Z>18.0881462</Z>
  </Position>
  <Rotation>
    <X>3.63429523</X>
    <Y>0.385661155</Y>
    <Z>-27.2088127</Z>
  </Rotation>
</Screenshot>