<?xml version="1.0" encoding="utf-8"?>
<Screenshot xmlns:xsd="http://www.w3.org/2001/XMLSchema" xmlns:xsi="http://www.w3.org/2001/XMLSchema-instance">
  <Cars />
  <MyCar>
    <Position>
      <X>-3135.50781</X>
      <Y>999.8309</Y>
      <Z>17.1665649</Z>
    </Position>
    <Rotation>
      <X>4.12749434</X>
      <Y>0.05826612</Y>
      <Z>-27.44038</Z>
    </Rotation>
    <Handle>1538</Handle>
    <Bounds>
      <Vector3>
        <X>-3137.56641</X>
        <Y>998.0843</Y>
        <Z>16.2574425</Z>
      </Vector3>
      <Vector3>
        <X>-3135.75366</X>
        <Y>997.142944</Y>
        <Z>16.2553654</Z>
      </Vector3>
      <Vector3>
        <X>-3135.21484</X>
        <Y>1002.61237</Y>
        <Z>16.6256428</Z>
      </Vector3>
      <Vector3>
        <X>-3137.61353</X>
        <Y>997.9906</Y>
        <Z>17.7095642</Z>
      </Vector3>
      <Vector3>
        <X>-3133.40186</X>
        <Y>1001.671</Y>
        <Z>16.6235657</Z>
      </Vector3>
      <Vector3>
        <X>-3135.80054</X>
        <Y>997.049255</Y>
        <Z>17.7074871</Z>
      </Vector3>
      <Vector3>
        <X>-3135.26172</X>
        <Y>1002.51868</Y>
        <Z>18.0777645</Z>
      </Vector3>
      <Vector3>
        <X>-3133.449</X>
        <Y>1001.57733</Y>
        <Z>18.0756874</Z>
      </Vector3>
    </Bounds>
    <CenterCamPosition>
      <X>0</X>
      <Y>0</Y>
    </CenterCamPosition>
    <ScreenBounds />
    <DistanceToCam>0</DistanceToCam>
    <Speed>11.9490747</Speed>
    <AccInput>0.283660173</AccInput>
    <RPM>0.476478666</RPM>
    <Gear>2</Gear>
    <SteeringAngle>-0.381970525</SteeringAngle>
    <WheelSpeed>0</WheelSpeed>
    <CarType>Sports</CarType>
  </MyCar>
  <Peds />
  <Time>103087</Time>
  <LastFrameTime>0.0350131</LastFrameTime>
  <MyProperty>0</MyProperty>
  <Weather>ExtraSunny</Weather>
  <Steering>127</Steering>
  <Acc>163</Acc>
  <Brake>127</Brake>
  <DayTime>06:53:45</DayTime>
  <Position>
    <X>-3135.17969</X>
    <Y>1000.46613</Y>
    <Z>18.120779</Z>
  </Position>
  <Rotation>
    <X>3.62387371</X>
    <Y>0.471087128</Y>
    <Z>-27.3467865</Z>
  </Rotation>
</Screenshot>