<?xml version="1.0" encoding="utf-8"?>
<Screenshot xmlns:xsd="http://www.w3.org/2001/XMLSchema" xmlns:xsi="http://www.w3.org/2001/XMLSchema-instance">
  <Cars />
  <MyCar>
    <Position>
      <X>-3135.9082</X>
      <Y>999.0535</Y>
      <Z>17.1039772</Z>
    </Position>
    <Rotation>
      <X>4.134295</X>
      <Y>-0.114338949</Y>
      <Z>-27.2088146</Z>
    </Rotation>
    <Handle>1538</Handle>
    <Bounds>
      <Vector3>
        <X>-3137.95728</X>
        <Y>997.2975</Y>
        <Z>16.1914825</Z>
      </Vector3>
      <Vector3>
        <X>-3136.14063</X>
        <Y>996.363464</Y>
        <Z>16.1955585</Z>
      </Vector3>
      <Vector3>
        <X>-3135.625</X>
        <Y>1001.83551</Y>
        <Z>16.56029</Z>
      </Vector3>
      <Vector3>
        <X>-3138.00781</X>
        <Y>997.205444</Y>
        <Z>17.643589</Z>
      </Vector3>
      <Vector3>
        <X>-3133.80835</X>
        <Y>1000.90149</Y>
        <Z>16.5643654</Z>
      </Vector3>
      <Vector3>
        <X>-3136.19116</X>
        <Y>996.2714</Y>
        <Z>17.6476669</Z>
      </Vector3>
      <Vector3>
        <X>-3135.67554</X>
        <Y>1001.74347</Y>
        <Z>18.0123959</Z>
      </Vector3>
      <Vector3>
        <X>-3133.859</X>
        <Y>1000.80945</Y>
        <Z>18.0164719</Z>
      </Vector3>
    </Bounds>
    <CenterCamPosition>
      <X>0</X>
      <Y>0</Y>
    </CenterCamPosition>
    <ScreenBounds />
    <DistanceToCam>0</DistanceToCam>
    <Speed>11.9029789</Speed>
    <AccInput>0.283660173</AccInput>
    <RPM>0.474778116</RPM>
    <Gear>2</Gear>
    <SteeringAngle>-0.767513335</SteeringAngle>
    <WheelSpeed>0</WheelSpeed>
    <CarType>Sports</CarType>
  </MyCar>
  <Peds />
  <Time>103013</Time>
  <LastFrameTime>0.0319829844</LastFrameTime>
  <MyProperty>0</MyProperty>
  <Weather>ExtraSunny</Weather>
  <Steering>127</Steering>
  <Acc>163</Acc>
  <Brake>127</Brake>
  <DayTime>06:53:43</DayTime>
  <Position>
    <X>-3135.5686</X>
    <Y>999.724854</Y>
    <Z>18.0609913</Z>
  </Position>
  <Rotation>
    <X>3.64722061</X>
    <Y>0.322639555</Y>
    <Z>-27.059063</Z>
  </Rotation>
</Screenshot>