<?xml version="1.0" encoding="utf-8"?>
<Screenshot xmlns:xsd="http://www.w3.org/2001/XMLSchema" xmlns:xsi="http://www.w3.org/2001/XMLSchema-instance">
  <Cars />
  <MyCar>
    <Position>
      <X>-3135.34937</X>
      <Y>1000.13647</Y>
      <Z>17.1911259</Z>
    </Position>
    <Rotation>
      <X>4.13081741</X>
      <Y>0.121170111</Y>
      <Z>-27.50039</Z>
    </Rotation>
    <Handle>1538</Handle>
    <Bounds>
      <Vector3>
        <X>-3137.41064</X>
        <Y>998.3925</Y>
        <Z>16.2829819</Z>
      </Vector3>
      <Vector3>
        <X>-3135.59888</X>
        <Y>997.4493</Y>
        <Z>16.2786617</Z>
      </Vector3>
      <Vector3>
        <X>-3135.054</X>
        <Y>1002.91797</Y>
        <Z>16.6514778</Z>
      </Vector3>
      <Vector3>
        <X>-3137.4563</X>
        <Y>998.2981</Y>
        <Z>17.7350941</Z>
      </Vector3>
      <Vector3>
        <X>-3133.24219</X>
        <Y>1001.97473</Y>
        <Z>16.6471577</Z>
      </Vector3>
      <Vector3>
        <X>-3135.64453</X>
        <Y>997.354858</Y>
        <Z>17.7307739</Z>
      </Vector3>
      <Vector3>
        <X>-3135.09961</X>
        <Y>1002.82355</Y>
        <Z>18.10359</Z>
      </Vector3>
      <Vector3>
        <X>-3133.28784</X>
        <Y>1001.88031</Y>
        <Z>18.09927</Z>
      </Vector3>
    </Bounds>
    <CenterCamPosition>
      <X>0</X>
      <Y>0</Y>
    </CenterCamPosition>
    <ScreenBounds />
    <DistanceToCam>0</DistanceToCam>
    <Speed>11.9673719</Speed>
    <AccInput>0.283660173</AccInput>
    <RPM>0.477634281</RPM>
    <Gear>2</Gear>
    <SteeringAngle>-0.2937319</SteeringAngle>
    <WheelSpeed>0</WheelSpeed>
    <CarType>Sports</CarType>
  </MyCar>
  <Peds />
  <Time>103116</Time>
  <LastFrameTime>0.0288455058</LastFrameTime>
  <MyProperty>0</MyProperty>
  <Weather>ExtraSunny</Weather>
  <Steering>127</Steering>
  <Acc>163</Acc>
  <Brake>127</Brake>
  <DayTime>06:53:46</DayTime>
  <Position>
    <X>-3134.985</X>
    <Y>1000.83514</Y>
    <Z>18.1506023</Z>
  </Position>
  <Rotation>
    <X>3.62749362</X>
    <Y>0.558266</Y>
    <Z>-27.44038</Z>
  </Rotation>
</Screenshot>