<?xml version="1.0" encoding="utf-8"?>
<Screenshot xmlns:xsd="http://www.w3.org/2001/XMLSchema" xmlns:xsi="http://www.w3.org/2001/XMLSchema-instance">
  <Cars />
  <MyCar>
    <Position>
      <X>-3135.1665</X>
      <Y>1000.48834</Y>
      <Z>17.2194061</Z>
    </Position>
    <Rotation>
      <X>4.13504267</X>
      <Y>0.195781261</Y>
      <Z>-27.551363</Z>
    </Rotation>
    <Handle>1538</Handle>
    <Bounds>
      <Vector3>
        <X>-3137.23047</X>
        <Y>998.7468</Y>
        <Z>16.31241</Z>
      </Vector3>
      <Vector3>
        <X>-3135.41943</X>
        <Y>997.802</Y>
        <Z>16.30543</Z>
      </Vector3>
      <Vector3>
        <X>-3134.86938</X>
        <Y>1003.26996</Y>
        <Z>16.681282</Z>
      </Vector3>
      <Vector3>
        <X>-3137.27466</X>
        <Y>998.6515</Y>
        <Z>17.7645111</Z>
      </Vector3>
      <Vector3>
        <X>-3133.058</X>
        <Y>1002.32507</Y>
        <Z>16.6743011</Z>
      </Vector3>
      <Vector3>
        <X>-3135.46362</X>
        <Y>997.706665</Y>
        <Z>17.75753</Z>
      </Vector3>
      <Vector3>
        <X>-3134.91333</X>
        <Y>1003.17456</Y>
        <Z>18.13338</Z>
      </Vector3>
      <Vector3>
        <X>-3133.10229</X>
        <Y>1002.22974</Y>
        <Z>18.1264019</Z>
      </Vector3>
    </Bounds>
    <CenterCamPosition>
      <X>0</X>
      <Y>0</Y>
    </CenterCamPosition>
    <ScreenBounds />
    <DistanceToCam>0</DistanceToCam>
    <Speed>11.9883623</Speed>
    <AccInput>0.283660173</AccInput>
    <RPM>0.478456527</RPM>
    <Gear>2</Gear>
    <SteeringAngle>-0.215703055</SteeringAngle>
    <WheelSpeed>0</WheelSpeed>
    <CarType>Sports</CarType>
  </MyCar>
  <Peds />
  <Time>103149</Time>
  <LastFrameTime>0.03318324</LastFrameTime>
  <MyProperty>0</MyProperty>
  <Weather>ExtraSunny</Weather>
  <Steering>127</Steering>
  <Acc>163</Acc>
  <Brake>127</Brake>
  <DayTime>06:53:47</DayTime>
  <Position>
    <X>-3134.82471</X>
    <Y>1001.13965</Y>
    <Z>18.1752262</Z>
  </Position>
  <Rotation>
    <X>3.63081741</X>
    <Y>0.6211701</Y>
    <Z>-27.5003872</Z>
  </Rotation>
</Screenshot>