<?xml version="1.0" encoding="utf-8"?>
<Screenshot xmlns:xsd="http://www.w3.org/2001/XMLSchema" xmlns:xsi="http://www.w3.org/2001/XMLSchema-instance">
  <Cars />
  <MyCar>
    <Position>
      <X>-3134.96948</X>
      <Y>1000.866</Y>
      <Z>17.2497826</Z>
    </Position>
    <Rotation>
      <X>4.137657</X>
      <Y>0.2744861</Y>
      <Z>-27.5893764</Z>
    </Rotation>
    <Handle>1538</Handle>
    <Bounds>
      <Vector3>
        <X>-3137.03564</X>
        <Y>999.1265</Y>
        <Z>16.34408</Z>
      </Vector3>
      <Vector3>
        <X>-3135.225</X>
        <Y>998.1805</Y>
        <Z>16.3342953</Z>
      </Vector3>
      <Vector3>
        <X>-3134.67114</X>
        <Y>1003.64777</Y>
        <Z>16.7131824</Z>
      </Vector3>
      <Vector3>
        <X>-3137.07813</X>
        <Y>999.0302</Y>
        <Z>17.7961674</Z>
      </Vector3>
      <Vector3>
        <X>-3132.8606</X>
        <Y>1002.70172</Y>
        <Z>16.7033958</Z>
      </Vector3>
      <Vector3>
        <X>-3135.26758</X>
        <Y>998.084167</Y>
        <Z>17.78638</Z>
      </Vector3>
      <Vector3>
        <X>-3134.71362</X>
        <Y>1003.55145</Y>
        <Z>18.16527</Z>
      </Vector3>
      <Vector3>
        <X>-3132.903</X>
        <Y>1002.60541</Y>
        <Z>18.1554832</Z>
      </Vector3>
    </Bounds>
    <CenterCamPosition>
      <X>0</X>
      <Y>0</Y>
    </CenterCamPosition>
    <ScreenBounds />
    <DistanceToCam>0</DistanceToCam>
    <Speed>12.0108976</Speed>
    <AccInput>0.283660173</AccInput>
    <RPM>0.479226768</RPM>
    <Gear>2</Gear>
    <SteeringAngle>-0.154289871</SteeringAngle>
    <WheelSpeed>0</WheelSpeed>
    <CarType>Sports</CarType>
  </MyCar>
  <Peds />
  <Time>103184</Time>
  <LastFrameTime>0.0355803333</LastFrameTime>
  <MyProperty>0</MyProperty>
  <Weather>ExtraSunny</Weather>
  <Steering>127</Steering>
  <Acc>163</Acc>
  <Brake>127</Brake>
  <DayTime>06:53:48</DayTime>
  <Position>
    <X>-3134.64</X>
    <Y>1001.49042</Y>
    <Z>18.2035866</Z>
  </Position>
  <Rotation>
    <X>3.63504314</X>
    <Y>0.6957813</Y>
    <Z>-27.55136</Z>
  </Rotation>
</Screenshot>