<?xml version="1.0" encoding="utf-8"?>
<Screenshot xmlns:xsd="http://www.w3.org/2001/XMLSchema" xmlns:xsi="http://www.w3.org/2001/XMLSchema-instance">
  <Cars />
  <MyCar>
    <Position>
      <X>-3134.41016</X>
      <Y>1001.93353</Y>
      <Z>17.3357544</Z>
    </Position>
    <Rotation>
      <X>4.14783525</X>
      <Y>0.472362041</Y>
      <Z>-27.6412544</Z>
    </Rotation>
    <Handle>1538</Handle>
    <Bounds>
      <Vector3>
        <X>-3136.48047</X>
        <Y>1000.19751</Y>
        <Z>16.433157</Z>
      </Vector3>
      <Vector3>
        <X>-3134.67114</X>
        <Y>999.2498</Y>
        <Z>16.4163151</Z>
      </Vector3>
      <Vector3>
        <X>-3134.11084</X>
        <Y>1004.71594</Y>
        <Z>16.8031559</Z>
      </Vector3>
      <Vector3>
        <X>-3136.5188</X>
        <Y>1000.09863</Y>
        <Z>17.885191</Z>
      </Vector3>
      <Vector3>
        <X>-3132.30127</X>
        <Y>1003.76831</Y>
        <Z>16.7863159</Z>
      </Vector3>
      <Vector3>
        <X>-3134.70923</X>
        <Y>999.151</Y>
        <Z>17.868351</Z>
      </Vector3>
      <Vector3>
        <X>-3134.149</X>
        <Y>1004.61713</Y>
        <Z>18.2551918</Z>
      </Vector3>
      <Vector3>
        <X>-3132.3396</X>
        <Y>1003.66943</Y>
        <Z>18.23835</Z>
      </Vector3>
    </Bounds>
    <CenterCamPosition>
      <X>0</X>
      <Y>0</Y>
    </CenterCamPosition>
    <ScreenBounds />
    <DistanceToCam>0</DistanceToCam>
    <Speed>12.074049</Speed>
    <AccInput>0.283660173</AccInput>
    <RPM>0.481741846</RPM>
    <Gear>2</Gear>
    <SteeringAngle>-0.0606616</SteeringAngle>
    <WheelSpeed>0</WheelSpeed>
    <CarType>Sports</CarType>
  </MyCar>
  <Peds />
  <Time>103285</Time>
  <LastFrameTime>0.0359303579</LastFrameTime>
  <MyProperty>0</MyProperty>
  <Weather>ExtraSunny</Weather>
  <Steering>127</Steering>
  <Acc>163</Acc>
  <Brake>127</Brake>
  <DayTime>06:53:51</DayTime>
  <Position>
    <X>-3134.08</X>
    <Y>1002.55017</Y>
    <Z>18.28927</Z>
  </Position>
  <Rotation>
    <X>3.6447556</X>
    <Y>0.9001142</Y>
    <Z>-27.6298885</Z>
  </Rotation>
</Screenshot>