<?xml version="1.0" encoding="utf-8"?>
<Screenshot xmlns:xsd="http://www.w3.org/2001/XMLSchema" xmlns:xsi="http://www.w3.org/2001/XMLSchema-instance">
  <Cars />
  <MyCar>
    <Position>
      <X>-3134.7937</X>
      <Y>1001.20209</Y>
      <Z>17.27686</Z>
    </Position>
    <Rotation>
      <X>4.14214373</X>
      <Y>0.3374709</Y>
      <Z>-27.61315</Z>
    </Rotation>
    <Handle>1538</Handle>
    <Bounds>
      <Vector3>
        <X>-3136.86133</X>
        <Y>999.464</Y>
        <Z>16.37209</Z>
      </Vector3>
      <Vector3>
        <X>-3135.05151</X>
        <Y>998.517151</Y>
        <Z>16.3600578</Z>
      </Vector3>
      <Vector3>
        <X>-3134.49463</X>
        <Y>1003.984</Y>
        <Z>16.7415886</Z>
      </Vector3>
      <Vector3>
        <X>-3136.90259</X>
        <Y>999.3668</Y>
        <Z>17.82416</Z>
      </Vector3>
      <Vector3>
        <X>-3132.68457</X>
        <Y>1003.03723</Y>
        <Z>16.729557</Z>
      </Vector3>
      <Vector3>
        <X>-3135.09253</X>
        <Y>998.420044</Y>
        <Z>17.8121281</Z>
      </Vector3>
      <Vector3>
        <X>-3134.536</X>
        <Y>1003.8869</Y>
        <Z>18.1936588</Z>
      </Vector3>
      <Vector3>
        <X>-3132.72583</X>
        <Y>1002.94012</Y>
        <Z>18.1816273</Z>
      </Vector3>
    </Bounds>
    <CenterCamPosition>
      <X>0</X>
      <Y>0</Y>
    </CenterCamPosition>
    <ScreenBounds />
    <DistanceToCam>0</DistanceToCam>
    <Speed>12.0308609</Speed>
    <AccInput>0.283660173</AccInput>
    <RPM>0.480083376</RPM>
    <Gear>2</Gear>
    <SteeringAngle>-0.115274221</SteeringAngle>
    <WheelSpeed>0</WheelSpeed>
    <CarType>Sports</CarType>
  </MyCar>
  <Peds />
  <Time>103216</Time>
  <LastFrameTime>0.0316162072</LastFrameTime>
  <MyProperty>0</MyProperty>
  <Weather>ExtraSunny</Weather>
  <Steering>127</Steering>
  <Acc>163</Acc>
  <Brake>127</Brake>
  <DayTime>06:53:49</DayTime>
  <Position>
    <X>-3134.44116</X>
    <Y>1001.86707</Y>
    <Z>18.2340088</Z>
  </Position>
  <Rotation>
    <X>3.637657</X>
    <Y>0.774485946</Y>
    <Z>-27.5893726</Z>
  </Rotation>
</Screenshot>