<?xml version="1.0" encoding="utf-8"?>
<Screenshot xmlns:xsd="http://www.w3.org/2001/XMLSchema" xmlns:xsi="http://www.w3.org/2001/XMLSchema-instance">
  <Cars />
  <MyCar>
    <Position>
      <X>-3134.611</X>
      <Y>1001.5506</Y>
      <Z>17.3049164</Z>
    </Position>
    <Rotation>
      <X>4.14475536</X>
      <Y>0.400114328</Y>
      <Z>-27.62989</Z>
    </Rotation>
    <Handle>1538</Handle>
    <Bounds>
      <Vector3>
        <X>-3136.68018</X>
        <Y>999.8136</Y>
        <Z>16.4011555</Z>
      </Vector3>
      <Vector3>
        <X>-3134.87036</X>
        <Y>998.8663</Y>
        <Z>16.38689</Z>
      </Vector3>
      <Vector3>
        <X>-3134.31177</X>
        <Y>1004.33276</Y>
        <Z>16.7708855</Z>
      </Vector3>
      <Vector3>
        <X>-3136.72</X>
        <Y>999.715637</Y>
        <Z>17.85321</Z>
      </Vector3>
      <Vector3>
        <X>-3132.502</X>
        <Y>1003.38544</Y>
        <Z>16.75662</Z>
      </Vector3>
      <Vector3>
        <X>-3134.91016</X>
        <Y>998.7683</Y>
        <Z>17.8389454</Z>
      </Vector3>
      <Vector3>
        <X>-3134.35156</X>
        <Y>1004.2348</Y>
        <Z>18.22294</Z>
      </Vector3>
      <Vector3>
        <X>-3132.54175</X>
        <Y>1003.28754</Y>
        <Z>18.2086754</Z>
      </Vector3>
    </Bounds>
    <CenterCamPosition>
      <X>0</X>
      <Y>0</Y>
    </CenterCamPosition>
    <ScreenBounds />
    <DistanceToCam>0</DistanceToCam>
    <Speed>12.0514774</Speed>
    <AccInput>0.283660173</AccInput>
    <RPM>0.4809684</RPM>
    <Gear>2</Gear>
    <SteeringAngle>-0.08509545</SteeringAngle>
    <WheelSpeed>0</WheelSpeed>
    <CarType>Sports</CarType>
  </MyCar>
  <Peds />
  <Time>103249</Time>
  <LastFrameTime>0.03274602</LastFrameTime>
  <MyProperty>0</MyProperty>
  <Weather>ExtraSunny</Weather>
  <Steering>127</Steering>
  <Acc>163</Acc>
  <Brake>127</Brake>
  <DayTime>06:53:50</DayTime>
  <Position>
    <X>-3134.264</X>
    <Y>1002.20233</Y>
    <Z>18.26117</Z>
  </Position>
  <Rotation>
    <X>3.642143</X>
    <Y>0.8374708</Y>
    <Z>-27.61315</Z>
  </Rotation>
</Screenshot>