<?xml version="1.0" encoding="utf-8"?>
<Screenshot xmlns:xsd="http://www.w3.org/2001/XMLSchema" xmlns:xsi="http://www.w3.org/2001/XMLSchema-instance">
  <Cars />
  <MyCar>
    <Position>
      <X>-3134.03833</X>
      <Y>1002.63959</Y>
      <Z>17.3924618</Z>
    </Position>
    <Rotation>
      <X>4.14618635</X>
      <Y>0.5713894</Y>
      <Z>-27.6696281</Z>
    </Rotation>
    <Handle>1538</Handle>
    <Bounds>
      <Vector3>
        <X>-3136.111</X>
        <Y>1000.90527</Y>
        <Z>16.4917145</Z>
      </Vector3>
      <Vector3>
        <X>-3134.302</X>
        <Y>999.9567</Y>
        <Z>16.471344</Z>
      </Vector3>
      <Vector3>
        <X>-3133.73853</X>
        <Y>1005.4223</Y>
        <Z>16.86156</Z>
      </Vector3>
      <Vector3>
        <X>-3136.147</X>
        <Y>1000.8053</Y>
        <Z>17.9437313</Z>
      </Vector3>
      <Vector3>
        <X>-3131.92944</X>
        <Y>1004.47375</Y>
        <Z>16.84119</Z>
      </Vector3>
      <Vector3>
        <X>-3134.33813</X>
        <Y>999.8568</Y>
        <Z>17.9233589</Z>
      </Vector3>
      <Vector3>
        <X>-3133.77441</X>
        <Y>1005.32233</Y>
        <Z>18.3135777</Z>
      </Vector3>
      <Vector3>
        <X>-3131.96533</X>
        <Y>1004.37378</Y>
        <Z>18.2932072</Z>
      </Vector3>
    </Bounds>
    <CenterCamPosition>
      <X>0</X>
      <Y>0</Y>
    </CenterCamPosition>
    <ScreenBounds />
    <DistanceToCam>0</DistanceToCam>
    <Speed>12.1168461</Speed>
    <AccInput>0.283660173</AccInput>
    <RPM>0.483750582</RPM>
    <Gear>2</Gear>
    <SteeringAngle>-0.0328496844</SteeringAngle>
    <WheelSpeed>0</WheelSpeed>
    <CarType>Sports</CarType>
  </MyCar>
  <Peds />
  <Time>103351</Time>
  <LastFrameTime>0.0348595</LastFrameTime>
  <MyProperty>0</MyProperty>
  <Weather>ExtraSunny</Weather>
  <Steering>127</Steering>
  <Acc>163</Acc>
  <Brake>127</Brake>
  <DayTime>06:53:53</DayTime>
  <Position>
    <X>-3133.70117</X>
    <Y>1003.26514</Y>
    <Z>18.3472271</Z>
  </Position>
  <Rotation>
    <X>3.655191</X>
    <Y>1.033295</Y>
    <Z>-27.6545238</Z>
  </Rotation>
</Screenshot>