<?xml version="1.0" encoding="utf-8"?>
<Screenshot xmlns:xsd="http://www.w3.org/2001/XMLSchema" xmlns:xsi="http://www.w3.org/2001/XMLSchema-instance">
  <Cars />
  <MyCar>
    <Position>
      <X>-3134.23462</X>
      <Y>1002.267</Y>
      <Z>17.3626862</Z>
    </Position>
    <Rotation>
      <X>4.155191</X>
      <Y>0.533295453</Y>
      <Z>-27.6545277</Z>
    </Rotation>
    <Handle>1538</Handle>
    <Bounds>
      <Vector3>
        <X>-3136.30615</X>
        <Y>1000.53204</Y>
        <Z>16.4608612</Z>
      </Vector3>
      <Vector3>
        <X>-3134.497</X>
        <Y>999.5839</Y>
        <Z>16.4418488</Z>
      </Vector3>
      <Vector3>
        <X>-3133.935</X>
        <Y>1005.04968</Y>
        <Z>16.8315125</Z>
      </Vector3>
      <Vector3>
        <X>-3136.34326</X>
        <Y>1000.43231</Y>
        <Z>17.91287</Z>
      </Vector3>
      <Vector3>
        <X>-3132.12573</X>
        <Y>1004.10162</Y>
        <Z>16.8125</Z>
      </Vector3>
      <Vector3>
        <X>-3134.534</X>
        <Y>999.484253</Y>
        <Z>17.893858</Z>
      </Vector3>
      <Vector3>
        <X>-3133.97217</X>
        <Y>1004.95</Y>
        <Z>18.2835217</Z>
      </Vector3>
      <Vector3>
        <X>-3132.16284</X>
        <Y>1004.00195</Y>
        <Z>18.26451</Z>
      </Vector3>
    </Bounds>
    <CenterCamPosition>
      <X>0</X>
      <Y>0</Y>
    </CenterCamPosition>
    <ScreenBounds />
    <DistanceToCam>0</DistanceToCam>
    <Speed>12.0948629</Speed>
    <AccInput>0.283660173</AccInput>
    <RPM>0.482600629</RPM>
    <Gear>2</Gear>
    <SteeringAngle>-0.04551867</SteeringAngle>
    <WheelSpeed>0</WheelSpeed>
    <CarType>Sports</CarType>
  </MyCar>
  <Peds />
  <Time>103316</Time>
  <LastFrameTime>0.03125191</LastFrameTime>
  <MyProperty>0</MyProperty>
  <Weather>ExtraSunny</Weather>
  <Steering>127</Steering>
  <Acc>163</Acc>
  <Brake>127</Brake>
  <DayTime>06:53:52</DayTime>
  <Position>
    <X>-3133.878</X>
    <Y>1002.93237</Y>
    <Z>18.32016</Z>
  </Position>
  <Rotation>
    <X>3.64783525</X>
    <Y>0.9723621</Y>
    <Z>-27.6412544</Z>
  </Rotation>
</Screenshot>