<?xml version="1.0" encoding="utf-8"?>
<Screenshot xmlns:xsd="http://www.w3.org/2001/XMLSchema" xmlns:xsi="http://www.w3.org/2001/XMLSchema-instance">
  <Cars />
  <MyCar>
    <Position>
      <X>-3133.48145</X>
      <Y>1003.70868</Y>
      <Z>17.4778118</Z>
    </Position>
    <Rotation>
      <X>4.110613</X>
      <Y>0.713513136</Y>
      <Z>-27.5066833</Z>
    </Rotation>
    <Handle>1538</Handle>
    <Bounds>
      <Vector3>
        <X>-3135.55151</X>
        <Y>1001.969</Y>
        <Z>16.5811749</Z>
      </Vector3>
      <Vector3>
        <X>-3133.73975</X>
        <Y>1001.02563</Y>
        <Z>16.5557365</Z>
      </Vector3>
      <Vector3>
        <X>-3133.19067</X>
        <Y>1006.49255</Y>
        <Z>16.9478436</Z>
      </Vector3>
      <Vector3>
        <X>-3135.5835</X>
        <Y>1001.8681</Y>
        <Z>18.0332146</Z>
      </Vector3>
      <Vector3>
        <X>-3131.37915</X>
        <Y>1005.54919</Y>
        <Z>16.9224052</Z>
      </Vector3>
      <Vector3>
        <X>-3133.772</X>
        <Y>1000.92474</Y>
        <Z>18.0077763</Z>
      </Vector3>
      <Vector3>
        <X>-3133.223</X>
        <Y>1006.3916</Y>
        <Z>18.3998833</Z>
      </Vector3>
      <Vector3>
        <X>-3131.41138</X>
        <Y>1005.44824</Y>
        <Z>18.3744469</Z>
      </Vector3>
    </Bounds>
    <CenterCamPosition>
      <X>0</X>
      <Y>0</Y>
    </CenterCamPosition>
    <ScreenBounds />
    <DistanceToCam>0</DistanceToCam>
    <Speed>12.1767654</Speed>
    <AccInput>0.283660173</AccInput>
    <RPM>0.485364169</RPM>
    <Gear>2</Gear>
    <SteeringAngle>2.749539</SteeringAngle>
    <WheelSpeed>0</WheelSpeed>
    <CarType>Sports</CarType>
  </MyCar>
  <Peds />
  <Time>103450</Time>
  <LastFrameTime>0.032757502</LastFrameTime>
  <MyProperty>0</MyProperty>
  <Weather>ExtraSunny</Weather>
  <Steering>112</Steering>
  <Acc>163</Acc>
  <Brake>127</Brake>
  <DayTime>06:53:56</DayTime>
  <Position>
    <X>-3133.12964</X>
    <Y>1004.35364</Y>
    <Z>18.4334145</Z>
  </Position>
  <Rotation>
    <X>3.61850762</X>
    <Y>1.17927921</Y>
    <Z>-27.588562</Z>
  </Rotation>
</Screenshot>