<?xml version="1.0" encoding="utf-8"?>
<Screenshot xmlns:xsd="http://www.w3.org/2001/XMLSchema" xmlns:xsi="http://www.w3.org/2001/XMLSchema-instance">
  <Cars />
  <MyCar>
    <Position>
      <X>-3133.37256</X>
      <Y>1003.9201</Y>
      <Z>17.4946365</Z>
    </Position>
    <Rotation>
      <X>4.10584974</X>
      <Y>0.731408834</Y>
      <Z>-27.4427624</Z>
    </Rotation>
    <Handle>1538</Handle>
    <Bounds>
      <Vector3>
        <X>-3135.441</X>
        <Y>1002.17816</Y>
        <Z>16.59853</Z>
      </Vector3>
      <Vector3>
        <X>-3133.62817</X>
        <Y>1001.23682</Y>
        <Z>16.5724545</Z>
      </Vector3>
      <Vector3>
        <X>-3133.08521</X>
        <Y>1006.70435</Y>
        <Z>16.9647732</Z>
      </Vector3>
      <Vector3>
        <X>-3135.47241</X>
        <Y>1002.07715</Y>
        <Z>18.0505733</Z>
      </Vector3>
      <Vector3>
        <X>-3131.27246</X>
        <Y>1005.763</Y>
        <Z>16.9386978</Z>
      </Vector3>
      <Vector3>
        <X>-3133.65967</X>
        <Y>1001.1358</Y>
        <Z>18.024498</Z>
      </Vector3>
      <Vector3>
        <X>-3133.1167</X>
        <Y>1006.60327</Y>
        <Z>18.4168167</Z>
      </Vector3>
      <Vector3>
        <X>-3131.304</X>
        <Y>1005.66193</Y>
        <Z>18.3907413</Z>
      </Vector3>
    </Bounds>
    <CenterCamPosition>
      <X>0</X>
      <Y>0</Y>
    </CenterCamPosition>
    <ScreenBounds />
    <DistanceToCam>0</DistanceToCam>
    <Speed>12.1882734</Speed>
    <AccInput>0.283660173</AccInput>
    <RPM>0.4866455</RPM>
    <Gear>2</Gear>
    <SteeringAngle>3.05751157</SteeringAngle>
    <WheelSpeed>0</WheelSpeed>
    <CarType>Sports</CarType>
  </MyCar>
  <Peds />
  <Time>103469</Time>
  <LastFrameTime>0.0195652582</LastFrameTime>
  <MyProperty>0</MyProperty>
  <Weather>ExtraSunny</Weather>
  <Steering>112</Steering>
  <Acc>163</Acc>
  <Brake>127</Brake>
  <DayTime>06:53:57</DayTime>
  <Position>
    <X>-3132.94751</X>
    <Y>1004.7074</Y>
    <Z>18.46144</Z>
  </Position>
  <Rotation>
    <X>3.61061335</X>
    <Y>1.21351326</Y>
    <Z>-27.5066814</Z>
  </Rotation>
</Screenshot>