<?xml version="1.0" encoding="utf-8"?>
<Screenshot xmlns:xsd="http://www.w3.org/2001/XMLSchema" xmlns:xsi="http://www.w3.org/2001/XMLSchema-instance">
  <Cars />
  <MyCar>
    <Position>
      <X>-3133.66431</X>
      <Y>1003.35553</Y>
      <Z>17.449625</Z>
    </Position>
    <Rotation>
      <X>4.118508</X>
      <Y>0.679279268</Y>
      <Z>-27.5885639</Z>
    </Rotation>
    <Handle>1538</Handle>
    <Bounds>
      <Vector3>
        <X>-3135.73633</X>
        <Y>1001.61865</Y>
        <Z>16.5520267</Z>
      </Vector3>
      <Vector3>
        <X>-3133.92578</X>
        <Y>1000.67273</Y>
        <Z>16.52781</Z>
      </Vector3>
      <Vector3>
        <X>-3133.36938</X>
        <Y>1006.13885</Y>
        <Z>16.9194012</Z>
      </Vector3>
      <Vector3>
        <X>-3135.76929</X>
        <Y>1001.518</Y>
        <Z>18.0040627</Z>
      </Vector3>
      <Vector3>
        <X>-3131.559</X>
        <Y>1005.19293</Y>
        <Z>16.8951836</Z>
      </Vector3>
      <Vector3>
        <X>-3133.959</X>
        <Y>1000.57208</Y>
        <Z>17.979845</Z>
      </Vector3>
      <Vector3>
        <X>-3133.40259</X>
        <Y>1006.03821</Y>
        <Z>18.3714371</Z>
      </Vector3>
      <Vector3>
        <X>-3131.59229</X>
        <Y>1005.09229</Y>
        <Z>18.3472214</Z>
      </Vector3>
    </Bounds>
    <CenterCamPosition>
      <X>0</X>
      <Y>0</Y>
    </CenterCamPosition>
    <ScreenBounds />
    <DistanceToCam>0</DistanceToCam>
    <Speed>12.1573076</Speed>
    <AccInput>0.283660173</AccInput>
    <RPM>0.484205455</RPM>
    <Gear>2</Gear>
    <SteeringAngle>2.05132651</SteeringAngle>
    <WheelSpeed>0</WheelSpeed>
    <CarType>Sports</CarType>
  </MyCar>
  <Peds />
  <Time>103417</Time>
  <LastFrameTime>0.06666667</LastFrameTime>
  <MyProperty>0</MyProperty>
  <Weather>ExtraSunny</Weather>
  <Steering>115</Steering>
  <Acc>163</Acc>
  <Brake>127</Brake>
  <DayTime>06:53:55</DayTime>
  <Position>
    <X>-3133.50415</X>
    <Y>1003.63739</Y>
    <Z>18.37682</Z>
  </Position>
  <Rotation>
    <X>3.646186</X>
    <Y>1.07138956</Y>
    <Z>-27.6696262</Z>
  </Rotation>
</Screenshot>