<?xml version="1.0" encoding="utf-8"?>
<Screenshot xmlns:xsd="http://www.w3.org/2001/XMLSchema" xmlns:xsi="http://www.w3.org/2001/XMLSchema-instance">
  <Cars />
  <MyCar>
    <Position>
      <X>-3132.821</X>
      <Y>1005.011</Y>
      <Z>17.5805683</Z>
    </Position>
    <Rotation>
      <X>4.04713774</X>
      <Y>0.7480731</Y>
      <Z>-26.8914185</Z>
    </Rotation>
    <Handle>1538</Handle>
    <Bounds>
      <Vector3>
        <X>-3134.873</X>
        <Y>1003.24854</Y>
        <Z>16.6873226</Z>
      </Vector3>
      <Vector3>
        <X>-3133.05151</X>
        <Y>1002.32465</Y>
        <Z>16.6606522</Z>
      </Vector3>
      <Vector3>
        <X>-3132.56079</X>
        <Y>1007.79742</Y>
        <Z>17.048336</Z>
      </Vector3>
      <Vector3>
        <X>-3134.90259</X>
        <Y>1003.14832</Y>
        <Z>18.1394672</Z>
      </Vector3>
      <Vector3>
        <X>-3130.73926</X>
        <Y>1006.8736</Y>
        <Z>17.0216675</Z>
      </Vector3>
      <Vector3>
        <X>-3133.081</X>
        <Y>1002.22443</Y>
        <Z>18.1127968</Z>
      </Vector3>
      <Vector3>
        <X>-3132.59033</X>
        <Y>1007.6972</Y>
        <Z>18.50048</Z>
      </Vector3>
      <Vector3>
        <X>-3130.7688</X>
        <Y>1006.77338</Y>
        <Z>18.47381</Z>
      </Vector3>
    </Bounds>
    <CenterCamPosition>
      <X>0</X>
      <Y>0</Y>
    </CenterCamPosition>
    <ScreenBounds />
    <DistanceToCam>0</DistanceToCam>
    <Speed>12.25109</Speed>
    <AccInput>0.283660173</AccInput>
    <RPM>0.488744944</RPM>
    <Gear>2</Gear>
    <SteeringAngle>4.44167566</SteeringAngle>
    <WheelSpeed>0</WheelSpeed>
    <CarType>Sports</CarType>
  </MyCar>
  <Peds />
  <Time>103570</Time>
  <LastFrameTime>0.0197325125</LastFrameTime>
  <MyProperty>0</MyProperty>
  <Weather>ExtraSunny</Weather>
  <Steering>110</Steering>
  <Acc>163</Acc>
  <Brake>127</Brake>
  <DayTime>06:54:00</DayTime>
  <Position>
    <X>-3132.402</X>
    <Y>1005.79895</Y>
    <Z>18.5462971</Z>
  </Position>
  <Rotation>
    <X>3.554253</X>
    <Y>1.265253</Y>
    <Z>-27.0271721</Z>
  </Rotation>
</Screenshot>