<?xml version="1.0" encoding="utf-8"?>
<Screenshot xmlns:xsd="http://www.w3.org/2001/XMLSchema" xmlns:xsi="http://www.w3.org/2001/XMLSchema-instance">
  <Cars />
  <MyCar>
    <Position>
      <X>-3133.201</X>
      <Y>1004.25592</Y>
      <Z>17.5212326</Z>
    </Position>
    <Rotation>
      <X>4.09128046</X>
      <Y>0.7497183</Y>
      <Z>-27.3100948</Z>
    </Rotation>
    <Handle>1538</Handle>
    <Bounds>
      <Vector3>
        <X>-3135.26563</X>
        <Y>1002.50916</Y>
        <Z>16.626091</Z>
      </Vector3>
      <Vector3>
        <X>-3133.45068</X>
        <Y>1001.572</Y>
        <Z>16.5993633</Z>
      </Vector3>
      <Vector3>
        <X>-3132.92017</X>
        <Y>1007.04077</Y>
        <Z>16.9910355</Z>
      </Vector3>
      <Vector3>
        <X>-3135.29639</X>
        <Y>1002.40814</Y>
        <Z>18.0781555</Z>
      </Vector3>
      <Vector3>
        <X>-3131.10522</X>
        <Y>1006.10364</Y>
        <Z>16.9643078</Z>
      </Vector3>
      <Vector3>
        <X>-3133.48145</X>
        <Y>1001.471</Y>
        <Z>18.0514259</Z>
      </Vector3>
      <Vector3>
        <X>-3132.951</X>
        <Y>1006.93976</Y>
        <Z>18.4431</Z>
      </Vector3>
      <Vector3>
        <X>-3131.136</X>
        <Y>1006.00262</Y>
        <Z>18.41637</Z>
      </Vector3>
    </Bounds>
    <CenterCamPosition>
      <X>0</X>
      <Y>0</Y>
    </CenterCamPosition>
    <ScreenBounds />
    <DistanceToCam>0</DistanceToCam>
    <Speed>12.2063484</Speed>
    <AccInput>0.283660173</AccInput>
    <RPM>0.487259269</RPM>
    <Gear>2</Gear>
    <SteeringAngle>3.57274652</SteeringAngle>
    <WheelSpeed>0</WheelSpeed>
    <CarType>Sports</CarType>
  </MyCar>
  <Peds />
  <Time>103500</Time>
  <LastFrameTime>0.0309834983</LastFrameTime>
  <MyProperty>0</MyProperty>
  <Weather>ExtraSunny</Weather>
  <Steering>111</Steering>
  <Acc>163</Acc>
  <Brake>127</Brake>
  <DayTime>06:53:58</DayTime>
  <Position>
    <X>-3132.8396</X>
    <Y>1004.91937</Y>
    <Z>18.4781666</Z>
  </Position>
  <Rotation>
    <X>3.60584927</X>
    <Y>1.2314086</Y>
    <Z>-27.4427586</Z>
  </Rotation>
</Screenshot>