<?xml version="1.0" encoding="utf-8"?>
<Screenshot xmlns:xsd="http://www.w3.org/2001/XMLSchema" xmlns:xsi="http://www.w3.org/2001/XMLSchema-instance">
  <Cars />
  <MyCar>
    <Position>
      <X>-3132.92871</X>
      <Y>1004.79535</Y>
      <Z>17.5637951</Z>
    </Position>
    <Rotation>
      <X>4.05425358</X>
      <Y>0.7652532</Y>
      <Z>-27.027174</Z>
    </Rotation>
    <Handle>1538</Handle>
    <Bounds>
      <Vector3>
        <X>-3134.985</X>
        <Y>1003.03796</Y>
        <Z>16.67055</Z>
      </Vector3>
      <Vector3>
        <X>-3133.16577</X>
        <Y>1002.1098</Y>
        <Z>16.6432667</Z>
      </Vector3>
      <Vector3>
        <X>-3132.662</X>
        <Y>1007.5813</Y>
        <Z>17.0321941</Z>
      </Vector3>
      <Vector3>
        <X>-3135.01465</X>
        <Y>1002.93744</Y>
        <Z>18.1226749</Z>
      </Vector3>
      <Vector3>
        <X>-3130.84253</X>
        <Y>1006.65314</Y>
        <Z>17.0049133</Z>
      </Vector3>
      <Vector3>
        <X>-3133.195</X>
        <Y>1002.00928</Y>
        <Z>18.0953922</Z>
      </Vector3>
      <Vector3>
        <X>-3132.69165</X>
        <Y>1007.48077</Y>
        <Z>18.48432</Z>
      </Vector3>
      <Vector3>
        <X>-3130.872</X>
        <Y>1006.55261</Y>
        <Z>18.4570389</Z>
      </Vector3>
    </Bounds>
    <CenterCamPosition>
      <X>0</X>
      <Y>0</Y>
    </CenterCamPosition>
    <ScreenBounds />
    <DistanceToCam>0</DistanceToCam>
    <Speed>12.236084</Speed>
    <AccInput>0.283660173</AccInput>
    <RPM>0.488269657</RPM>
    <Gear>2</Gear>
    <SteeringAngle>4.232464</SteeringAngle>
    <WheelSpeed>0</WheelSpeed>
    <CarType>Sports</CarType>
  </MyCar>
  <Peds />
  <Time>103550</Time>
  <LastFrameTime>0.0294540115</LastFrameTime>
  <MyProperty>0</MyProperty>
  <Weather>ExtraSunny</Weather>
  <Steering>110</Steering>
  <Acc>163</Acc>
  <Brake>127</Brake>
  <DayTime>06:53:59</DayTime>
  <Position>
    <X>-3132.56055</X>
    <Y>1005.47595</Y>
    <Z>18.521452</Z>
  </Position>
  <Rotation>
    <X>3.57979679</X>
    <Y>1.25490236</Y>
    <Z>-27.2082119</Z>
  </Rotation>
</Screenshot>