<?xml version="1.0" encoding="utf-8"?>
<Screenshot xmlns:xsd="http://www.w3.org/2001/XMLSchema" xmlns:xsi="http://www.w3.org/2001/XMLSchema-instance">
  <Cars />
  <MyCar>
    <Position>
      <X>-3133.09</X>
      <Y>1004.4743</Y>
      <Z>17.5384426</Z>
    </Position>
    <Rotation>
      <X>4.079797</X>
      <Y>0.7549025</Y>
      <Z>-27.2082119</Z>
    </Rotation>
    <Handle>1538</Handle>
    <Bounds>
      <Vector3>
        <X>-3135.15186</X>
        <Y>1002.72369</Y>
        <Z>16.6438961</Z>
      </Vector3>
      <Vector3>
        <X>-3133.33521</X>
        <Y>1001.78979</Y>
        <Z>16.6169815</Z>
      </Vector3>
      <Vector3>
        <X>-3132.81445</X>
        <Y>1007.25958</Y>
        <Z>17.0078163</Z>
      </Vector3>
      <Vector3>
        <X>-3135.18213</X>
        <Y>1002.62286</Y>
        <Z>18.0959778</Z>
      </Vector3>
      <Vector3>
        <X>-3130.9978</X>
        <Y>1006.32562</Y>
        <Z>16.9809036</Z>
      </Vector3>
      <Vector3>
        <X>-3133.36548</X>
        <Y>1001.68896</Y>
        <Z>18.0690651</Z>
      </Vector3>
      <Vector3>
        <X>-3132.84473</X>
        <Y>1007.15869</Y>
        <Z>18.4599</Z>
      </Vector3>
      <Vector3>
        <X>-3131.02832</X>
        <Y>1006.22479</Y>
        <Z>18.4329872</Z>
      </Vector3>
    </Bounds>
    <CenterCamPosition>
      <X>0</X>
      <Y>0</Y>
    </CenterCamPosition>
    <ScreenBounds />
    <DistanceToCam>0</DistanceToCam>
    <Speed>12.2179747</Speed>
    <AccInput>0.283660173</AccInput>
    <RPM>0.487716049</RPM>
    <Gear>2</Gear>
    <SteeringAngle>3.824329</SteeringAngle>
    <WheelSpeed>0</WheelSpeed>
    <CarType>Sports</CarType>
  </MyCar>
  <Peds />
  <Time>103521</Time>
  <LastFrameTime>0.0200961884</LastFrameTime>
  <MyProperty>0</MyProperty>
  <Weather>ExtraSunny</Weather>
  <Steering>111</Steering>
  <Acc>163</Acc>
  <Brake>127</Brake>
  <DayTime>06:53:59</DayTime>
  <Position>
    <X>-3132.66968</X>
    <Y>1005.25647</Y>
    <Z>18.5044689</Z>
  </Position>
  <Rotation>
    <X>3.591281</X>
    <Y>1.24971819</Y>
    <Z>-27.310091</Z>
  </Rotation>
</Screenshot>