<?xml version="1.0" encoding="utf-8"?>
<Screenshot xmlns:xsd="http://www.w3.org/2001/XMLSchema" xmlns:xsi="http://www.w3.org/2001/XMLSchema-instance">
  <Cars />
  <MyCar>
    <Position>
      <X>-3132.53784</X>
      <Y>1005.587</Y>
      <Z>17.62511</Z>
    </Position>
    <Rotation>
      <X>4.029521</X>
      <Y>0.6863446</Y>
      <Z>-26.4738865</Z>
    </Rotation>
    <Handle>1538</Handle>
    <Bounds>
      <Vector3>
        <X>-3134.57617</X>
        <Y>1003.8089</Y>
        <Z>16.7315216</Z>
      </Vector3>
      <Vector3>
        <X>-3132.7478</X>
        <Y>1002.89832</Y>
        <Z>16.7070522</Z>
      </Vector3>
      <Vector3>
        <X>-3132.29761</X>
        <Y>1008.37482</Y>
        <Z>17.090971</Z>
      </Vector3>
      <Vector3>
        <X>-3134.6062</X>
        <Y>1003.70959</Y>
        <Z>18.1837158</Z>
      </Vector3>
      <Vector3>
        <X>-3130.46924</X>
        <Y>1007.46429</Y>
        <Z>17.0665016</Z>
      </Vector3>
      <Vector3>
        <X>-3132.77783</X>
        <Y>1002.799</Y>
        <Z>18.1592464</Z>
      </Vector3>
      <Vector3>
        <X>-3132.32764</X>
        <Y>1008.27551</Y>
        <Z>18.5431652</Z>
      </Vector3>
      <Vector3>
        <X>-3130.49927</X>
        <Y>1007.36493</Y>
        <Z>18.5186977</Z>
      </Vector3>
    </Bounds>
    <CenterCamPosition>
      <X>0</X>
      <Y>0</Y>
    </CenterCamPosition>
    <ScreenBounds />
    <DistanceToCam>0</DistanceToCam>
    <Speed>12.2981081</Speed>
    <AccInput>0.283660173</AccInput>
    <RPM>0.490989447</RPM>
    <Gear>2</Gear>
    <SteeringAngle>4.86196947</SteeringAngle>
    <WheelSpeed>0</WheelSpeed>
    <CarType>Sports</CarType>
  </MyCar>
  <Peds />
  <Time>103622</Time>
  <LastFrameTime>0.0222431775</LastFrameTime>
  <MyProperty>0</MyProperty>
  <Weather>ExtraSunny</Weather>
  <Steering>110</Steering>
  <Acc>163</Acc>
  <Brake>127</Brake>
  <DayTime>06:54:02</DayTime>
  <Position>
    <X>-3132.13818</X>
    <Y>1006.34955</Y>
    <Z>18.5883656</Z>
  </Position>
  <Rotation>
    <X>3.53749466</X>
    <Y>1.214753</Y>
    <Z>-26.659708</Z>
  </Rotation>
</Screenshot>