<?xml version="1.0" encoding="utf-8"?>
<Screenshot xmlns:xsd="http://www.w3.org/2001/XMLSchema" xmlns:xsi="http://www.w3.org/2001/XMLSchema-instance">
  <Cars />
  <MyCar>
    <Position>
      <X>-3132.184</X>
      <Y>1006.32751</Y>
      <Z>17.6819973</Z>
    </Position>
    <Rotation>
      <X>4.00371552</X>
      <Y>0.572086155</Y>
      <Z>-25.8290882</Z>
    </Rotation>
    <Handle>1538</Handle>
    <Bounds>
      <Vector3>
        <X>-3134.201</X>
        <Y>1004.52545</Y>
        <Z>16.7874775</Z>
      </Vector3>
      <Vector3>
        <X>-3132.3623</X>
        <Y>1003.6355</Y>
        <Z>16.7670822</Z>
      </Vector3>
      <Vector3>
        <X>-3131.97437</X>
        <Y>1009.11719</Y>
        <Z>17.1446381</Z>
      </Vector3>
      <Vector3>
        <X>-3134.23218</X>
        <Y>1004.42767</Y>
        <Z>18.23975</Z>
      </Vector3>
      <Vector3>
        <X>-3130.13574</X>
        <Y>1008.22729</Y>
        <Z>17.12424</Z>
      </Vector3>
      <Vector3>
        <X>-3132.39355</X>
        <Y>1003.53772</Y>
        <Z>18.2193546</Z>
      </Vector3>
      <Vector3>
        <X>-3132.00562</X>
        <Y>1009.01941</Y>
        <Z>18.59691</Z>
      </Vector3>
      <Vector3>
        <X>-3130.167</X>
        <Y>1008.12946</Y>
        <Z>18.5765133</Z>
      </Vector3>
    </Bounds>
    <CenterCamPosition>
      <X>0</X>
      <Y>0</Y>
    </CenterCamPosition>
    <ScreenBounds />
    <DistanceToCam>0</DistanceToCam>
    <Speed>12.3530264</Speed>
    <AccInput>0.283660173</AccInput>
    <RPM>0.4918599</RPM>
    <Gear>2</Gear>
    <SteeringAngle>5.01164341</SteeringAngle>
    <WheelSpeed>0</WheelSpeed>
    <CarType>Sports</CarType>
  </MyCar>
  <Peds />
  <Time>103688</Time>
  <LastFrameTime>0.06666667</LastFrameTime>
  <MyProperty>0</MyProperty>
  <Weather>ExtraSunny</Weather>
  <Steering>111</Steering>
  <Acc>163</Acc>
  <Brake>127</Brake>
  <DayTime>06:54:04</DayTime>
  <Position>
    <X>-3132.022</X>
    <Y>1006.59662</Y>
    <Z>18.60714</Z>
  </Position>
  <Rotation>
    <X>3.52952147</X>
    <Y>1.18634462</Y>
    <Z>-26.4738827</Z>
  </Rotation>
</Screenshot>