<?xml version="1.0" encoding="utf-8"?>
<Screenshot xmlns:xsd="http://www.w3.org/2001/XMLSchema" xmlns:xsi="http://www.w3.org/2001/XMLSchema-instance">
  <Cars />
  <MyCar>
    <Position>
      <X>-3132.65771</X>
      <Y>1005.34192</Y>
      <Z>17.606184</Z>
    </Position>
    <Rotation>
      <X>4.03749466</X>
      <Y>0.714753032</Y>
      <Z>-26.65971</Z>
    </Rotation>
    <Handle>1538</Handle>
    <Bounds>
      <Vector3>
        <X>-3134.70215</X>
        <Y>1003.5708</Y>
        <Z>16.712759</Z>
      </Vector3>
      <Vector3>
        <X>-3132.87671</X>
        <Y>1002.6543</Y>
        <Z>16.6872768</Z>
      </Vector3>
      <Vector3>
        <X>-3132.40869</X>
        <Y>1008.12915</Y>
        <Z>17.072916</Z>
      </Vector3>
      <Vector3>
        <X>-3134.732</X>
        <Y>1003.47107</Y>
        <Z>18.16493</Z>
      </Vector3>
      <Vector3>
        <X>-3130.58325</X>
        <Y>1007.21271</Y>
        <Z>17.0474339</Z>
      </Vector3>
      <Vector3>
        <X>-3132.90674</X>
        <Y>1002.55457</Y>
        <Z>18.1394482</Z>
      </Vector3>
      <Vector3>
        <X>-3132.43848</X>
        <Y>1008.02942</Y>
        <Z>18.5250874</Z>
      </Vector3>
      <Vector3>
        <X>-3130.613</X>
        <Y>1007.113</Y>
        <Z>18.4996071</Z>
      </Vector3>
    </Bounds>
    <CenterCamPosition>
      <X>0</X>
      <Y>0</Y>
    </CenterCamPosition>
    <ScreenBounds />
    <DistanceToCam>0</DistanceToCam>
    <Speed>12.2786112</Speed>
    <AccInput>0.283660173</AccInput>
    <RPM>0.490110546</RPM>
    <Gear>2</Gear>
    <SteeringAngle>4.7110095</SteeringAngle>
    <WheelSpeed>0</WheelSpeed>
    <CarType>Sports</CarType>
  </MyCar>
  <Peds />
  <Time>103600</Time>
  <LastFrameTime>0.0301466081</LastFrameTime>
  <MyProperty>0</MyProperty>
  <Weather>ExtraSunny</Weather>
  <Steering>110</Steering>
  <Acc>163</Acc>
  <Brake>127</Brake>
  <DayTime>06:54:01</DayTime>
  <Position>
    <X>-3132.29688</X>
    <Y>1006.01611</Y>
    <Z>18.562933</Z>
  </Position>
  <Rotation>
    <X>3.54713726</X>
    <Y>1.248073</Y>
    <Z>-26.8914127</Z>
  </Rotation>
</Screenshot>