<?xml version="1.0" encoding="utf-8"?>
<Screenshot xmlns:xsd="http://www.w3.org/2001/XMLSchema" xmlns:xsi="http://www.w3.org/2001/XMLSchema-instance">
  <Cars />
  <MyCar>
    <Position>
      <X>-3131.80786</X>
      <Y>1007.13751</Y>
      <Z>17.7432823</Z>
    </Position>
    <Rotation>
      <X>3.97888637</X>
      <Y>0.426410168</Y>
      <Z>-25.0668888</Z>
    </Rotation>
    <Handle>1538</Handle>
    <Bounds>
      <Vector3>
        <X>-3133.79858</X>
        <Y>1005.3075</Y>
        <Z>16.84723</Z>
      </Vector3>
      <Vector3>
        <X>-3131.94849</X>
        <Y>1004.442</Y>
        <Z>16.8320274</Z>
      </Vector3>
      <Vector3>
        <X>-3131.634</X>
        <Y>1009.92896</Y>
        <Z>17.2021866</Z>
      </Vector3>
      <Vector3>
        <X>-3133.83154</X>
        <Y>1005.21136</Y>
        <Z>18.29958</Z>
      </Vector3>
      <Vector3>
        <X>-3129.784</X>
        <Y>1009.06354</Y>
        <Z>17.1869831</Z>
      </Vector3>
      <Vector3>
        <X>-3131.98145</X>
        <Y>1004.34595</Y>
        <Z>18.2843761</Z>
      </Vector3>
      <Vector3>
        <X>-3131.66724</X>
        <Y>1009.83289</Y>
        <Z>18.6545353</Z>
      </Vector3>
      <Vector3>
        <X>-3129.817</X>
        <Y>1008.96747</Y>
        <Z>18.6393318</Z>
      </Vector3>
    </Bounds>
    <CenterCamPosition>
      <X>0</X>
      <Y>0</Y>
    </CenterCamPosition>
    <ScreenBounds />
    <DistanceToCam>0</DistanceToCam>
    <Speed>12.4078369</Speed>
    <AccInput>0.283660173</AccInput>
    <RPM>0.495406836</RPM>
    <Gear>2</Gear>
    <SteeringAngle>4.84782267</SteeringAngle>
    <WheelSpeed>0</WheelSpeed>
    <CarType>Sports</CarType>
  </MyCar>
  <Peds />
  <Time>103760</Time>
  <LastFrameTime>0.0205709524</LastFrameTime>
  <MyProperty>0</MyProperty>
  <Weather>ExtraSunny</Weather>
  <Steering>114</Steering>
  <Acc>163</Acc>
  <Brake>127</Brake>
  <DayTime>06:54:06</DayTime>
  <Position>
    <X>-3131.422</X>
    <Y>1007.92847</Y>
    <Z>18.70727</Z>
  </Position>
  <Rotation>
    <X>3.48793268</X>
    <Y>0.970903337</Y>
    <Z>-25.2888832</Z>
  </Rotation>
</Screenshot>