<?xml version="1.0" encoding="utf-8"?>
<Screenshot xmlns:xsd="http://www.w3.org/2001/XMLSchema" xmlns:xsi="http://www.w3.org/2001/XMLSchema-instance">
  <Cars />
  <MyCar>
    <Position>
      <X>-3132.081</X>
      <Y>1006.5462</Y>
      <Z>17.6988</Z>
    </Position>
    <Rotation>
      <X>3.99509215</X>
      <Y>0.5383649</Y>
      <Z>-25.6287327</Z>
    </Rotation>
    <Handle>1538</Handle>
    <Bounds>
      <Vector3>
        <X>-3134.091</X>
        <Y>1004.73676</Y>
        <Z>16.80405</Z>
      </Vector3>
      <Vector3>
        <X>-3132.24951</X>
        <Y>1003.85327</Y>
        <Z>16.7848568</Z>
      </Vector3>
      <Vector3>
        <X>-3131.88086</X>
        <Y>1009.33643</Y>
        <Z>17.1604424</Z>
      </Vector3>
      <Vector3>
        <X>-3134.1228</X>
        <Y>1004.6394</Y>
        <Z>18.2563457</Z>
      </Vector3>
      <Vector3>
        <X>-3130.039</X>
        <Y>1008.45288</Y>
        <Z>17.1412487</Z>
      </Vector3>
      <Vector3>
        <X>-3132.281</X>
        <Y>1003.75586</Y>
        <Z>18.2371521</Z>
      </Vector3>
      <Vector3>
        <X>-3131.91235</X>
        <Y>1009.23907</Y>
        <Z>18.61274</Z>
      </Vector3>
      <Vector3>
        <X>-3130.0708</X>
        <Y>1008.35553</Y>
        <Z>18.5935459</Z>
      </Vector3>
    </Bounds>
    <CenterCamPosition>
      <X>0</X>
      <Y>0</Y>
    </CenterCamPosition>
    <ScreenBounds />
    <DistanceToCam>0</DistanceToCam>
    <Speed>12.3684006</Speed>
    <AccInput>0.283660173</AccInput>
    <RPM>0.493225574</RPM>
    <Gear>2</Gear>
    <SteeringAngle>5.0323</SteeringAngle>
    <WheelSpeed>0</WheelSpeed>
    <CarType>Sports</CarType>
  </MyCar>
  <Peds />
  <Time>103708</Time>
  <LastFrameTime>0.0196000133</LastFrameTime>
  <MyProperty>0</MyProperty>
  <Weather>ExtraSunny</Weather>
  <Steering>111</Steering>
  <Acc>163</Acc>
  <Brake>127</Brake>
  <DayTime>06:54:04</DayTime>
  <Position>
    <X>-3131.68115</X>
    <Y>1007.34418</Y>
    <Z>18.663538</Z>
  </Position>
  <Rotation>
    <X>3.50371552</X>
    <Y>1.07208633</Y>
    <Z>-25.8290882</Z>
  </Rotation>
</Screenshot>