<?xml version="1.0" encoding="utf-8"?>
<Screenshot xmlns:xsd="http://www.w3.org/2001/XMLSchema" xmlns:xsi="http://www.w3.org/2001/XMLSchema-instance">
  <Cars />
  <MyCar>
    <Position>
      <X>-3131.66</X>
      <Y>1007.46375</Y>
      <Z>17.76741</Z>
    </Position>
    <Rotation>
      <X>3.9672327</X>
      <Y>0.3689059</Y>
      <Z>-24.7522926</Z>
    </Rotation>
    <Handle>1538</Handle>
    <Bounds>
      <Vector3>
        <X>-3133.64</X>
        <Y>1005.62225</Y>
        <Z>16.8708363</Z>
      </Vector3>
      <Vector3>
        <X>-3131.785</X>
        <Y>1004.76697</Y>
        <Z>16.8576832</Z>
      </Vector3>
      <Vector3>
        <X>-3131.501</X>
        <Y>1010.2558</Y>
        <Z>17.2247562</Z>
      </Vector3>
      <Vector3>
        <X>-3133.67358</X>
        <Y>1005.52686</Y>
        <Z>18.3232155</Z>
      </Vector3>
      <Vector3>
        <X>-3129.646</X>
        <Y>1009.40051</Y>
        <Z>17.2116032</Z>
      </Vector3>
      <Vector3>
        <X>-3131.8186</X>
        <Y>1004.67163</Y>
        <Z>18.3100624</Z>
      </Vector3>
      <Vector3>
        <X>-3131.53467</X>
        <Y>1010.1604</Y>
        <Z>18.6771355</Z>
      </Vector3>
      <Vector3>
        <X>-3129.67969</X>
        <Y>1009.30511</Y>
        <Z>18.6639824</Z>
      </Vector3>
    </Bounds>
    <CenterCamPosition>
      <X>0</X>
      <Y>0</Y>
    </CenterCamPosition>
    <ScreenBounds />
    <DistanceToCam>0</DistanceToCam>
    <Speed>12.42955</Speed>
    <AccInput>0.283660173</AccInput>
    <RPM>0.496075541</RPM>
    <Gear>2</Gear>
    <SteeringAngle>4.53071642</SteeringAngle>
    <WheelSpeed>0</WheelSpeed>
    <CarType>Sports</CarType>
  </MyCar>
  <Peds />
  <Time>103789</Time>
  <LastFrameTime>0.02890105</LastFrameTime>
  <MyProperty>0</MyProperty>
  <Weather>ExtraSunny</Weather>
  <Steering>116</Steering>
  <Acc>163</Acc>
  <Brake>127</Brake>
  <DayTime>06:54:07</DayTime>
  <Position>
    <X>-3131.32056</X>
    <Y>1008.16223</Y>
    <Z>18.7243519</Z>
  </Position>
  <Rotation>
    <X>3.47888684</X>
    <Y>0.9264103</Y>
    <Z>-25.0668888</Z>
  </Rotation>
</Screenshot>