<?xml version="1.0" encoding="utf-8"?>
<Screenshot xmlns:xsd="http://www.w3.org/2001/XMLSchema" xmlns:xsi="http://www.w3.org/2001/XMLSchema-instance">
  <Cars />
  <MyCar>
    <Position>
      <X>-3131.914</X>
      <Y>1006.90613</Y>
      <Z>17.7260265</Z>
    </Position>
    <Rotation>
      <X>3.987933</X>
      <Y>0.470903426</Y>
      <Z>-25.2888832</Z>
    </Rotation>
    <Handle>1538</Handle>
    <Bounds>
      <Vector3>
        <X>-3133.9126</X>
        <Y>1005.08423</Y>
        <Z>16.8303776</Z>
      </Vector3>
      <Vector3>
        <X>-3132.06567</X>
        <Y>1004.21167</Y>
        <Z>16.81359</Z>
      </Vector3>
      <Vector3>
        <X>-3131.72974</X>
        <Y>1009.69714</Y>
        <Z>17.1861382</Z>
      </Vector3>
      <Vector3>
        <X>-3133.945</X>
        <Y>1004.98761</Y>
        <Z>18.2827015</Z>
      </Vector3>
      <Vector3>
        <X>-3129.883</X>
        <Y>1008.82458</Y>
        <Z>17.16935</Z>
      </Vector3>
      <Vector3>
        <X>-3132.09814</X>
        <Y>1004.115</Y>
        <Z>18.265913</Z>
      </Vector3>
      <Vector3>
        <X>-3131.76221</X>
        <Y>1009.60052</Y>
        <Z>18.6384621</Z>
      </Vector3>
      <Vector3>
        <X>-3129.91553</X>
        <Y>1008.72791</Y>
        <Z>18.6216736</Z>
      </Vector3>
    </Bounds>
    <CenterCamPosition>
      <X>0</X>
      <Y>0</Y>
    </CenterCamPosition>
    <ScreenBounds />
    <DistanceToCam>0</DistanceToCam>
    <Speed>12.392457</Speed>
    <AccInput>0.283660173</AccInput>
    <RPM>0.494555235</RPM>
    <Gear>2</Gear>
    <SteeringAngle>4.953812</SteeringAngle>
    <WheelSpeed>0</WheelSpeed>
    <CarType>Sports</CarType>
  </MyCar>
  <Peds />
  <Time>103740</Time>
  <LastFrameTime>0.03211114</LastFrameTime>
  <MyProperty>0</MyProperty>
  <Weather>ExtraSunny</Weather>
  <Steering>112</Steering>
  <Acc>163</Acc>
  <Brake>127</Brake>
  <DayTime>06:54:05</DayTime>
  <Position>
    <X>-3131.582</X>
    <Y>1007.565</Y>
    <Z>18.6801739</Z>
  </Position>
  <Rotation>
    <X>3.49509168</X>
    <Y>1.03836465</Y>
    <Z>-25.62873</Z>
  </Rotation>
</Screenshot>