<?xml version="1.0" encoding="utf-8"?>
<Screenshot xmlns:xsd="http://www.w3.org/2001/XMLSchema" xmlns:xsi="http://www.w3.org/2001/XMLSchema-instance">
  <Cars />
  <MyCar>
    <Position>
      <X>-3131.5376</X>
      <Y>1007.73633</Y>
      <Z>17.78749</Z>
    </Position>
    <Rotation>
      <X>3.95628619</X>
      <Y>0.321060747</Y>
      <Z>-24.4928246</Z>
    </Rotation>
    <Handle>1538</Handle>
    <Bounds>
      <Vector3>
        <X>-3133.50854</X>
        <Y>1005.88544</Y>
        <Z>16.8905373</Z>
      </Vector3>
      <Vector3>
        <X>-3131.64966</X>
        <Y>1005.03857</Y>
        <Z>16.8790913</Z>
      </Vector3>
      <Vector3>
        <X>-3131.391</X>
        <Y>1010.52875</Y>
        <Z>17.2434845</Z>
      </Vector3>
      <Vector3>
        <X>-3133.54272</X>
        <Y>1005.79065</Y>
        <Z>18.3429432</Z>
      </Vector3>
      <Vector3>
        <X>-3129.53223</X>
        <Y>1009.68195</Y>
        <Z>17.2320366</Z>
      </Vector3>
      <Vector3>
        <X>-3131.68384</X>
        <Y>1004.94379</Y>
        <Z>18.3314972</Z>
      </Vector3>
      <Vector3>
        <X>-3131.42529</X>
        <Y>1010.43396</Y>
        <Z>18.69589</Z>
      </Vector3>
      <Vector3>
        <X>-3129.56641</X>
        <Y>1009.58716</Y>
        <Z>18.6844444</Z>
      </Vector3>
    </Bounds>
    <CenterCamPosition>
      <X>0</X>
      <Y>0</Y>
    </CenterCamPosition>
    <ScreenBounds />
    <DistanceToCam>0</DistanceToCam>
    <Speed>12.4474621</Speed>
    <AccInput>0.283660173</AccInput>
    <RPM>0.496794134</RPM>
    <Gear>2</Gear>
    <SteeringAngle>4.08693743</SteeringAngle>
    <WheelSpeed>0</WheelSpeed>
    <CarType>Sports</CarType>
  </MyCar>
  <Peds />
  <Time>103813</Time>
  <LastFrameTime>0.02406404</LastFrameTime>
  <MyProperty>0</MyProperty>
  <Weather>ExtraSunny</Weather>
  <Steering>120</Steering>
  <Acc>163</Acc>
  <Brake>127</Brake>
  <DayTime>06:54:07</DayTime>
  <Position>
    <X>-3131.179</X>
    <Y>1008.4917</Y>
    <Z>18.7482567</Z>
  </Position>
  <Rotation>
    <X>3.46723247</X>
    <Y>0.8689059</Y>
    <Z>-24.7522926</Z>
  </Rotation>
</Screenshot>