<?xml version="1.0" encoding="utf-8"?>
<Screenshot xmlns:xsd="http://www.w3.org/2001/XMLSchema" xmlns:xsi="http://www.w3.org/2001/XMLSchema-instance">
  <Cars />
  <MyCar>
    <Position>
      <X>-3131.162</X>
      <Y>1008.58661</Y>
      <Z>17.8498669</Z>
    </Position>
    <Rotation>
      <X>3.91972065</X>
      <Y>0.156596243</Y>
      <Z>-23.77065</Z>
    </Rotation>
    <Handle>1538</Handle>
    <Bounds>
      <Vector3>
        <X>-3133.10742</X>
        <Y>1006.70941</Y>
        <Z>16.9515667</Z>
      </Vector3>
      <Vector3>
        <X>-3131.238</X>
        <Y>1005.88605</Y>
        <Z>16.9459839</Z>
      </Vector3>
      <Vector3>
        <X>-3131.04956</X>
        <Y>1011.3797</Y>
        <Z>17.3012619</Z>
      </Vector3>
      <Vector3>
        <X>-3133.144</X>
        <Y>1006.61676</Y>
        <Z>18.4040546</Z>
      </Vector3>
      <Vector3>
        <X>-3129.18</X>
        <Y>1010.55634</Y>
        <Z>17.29568</Z>
      </Vector3>
      <Vector3>
        <X>-3131.27466</X>
        <Y>1005.7934</Y>
        <Z>18.3984718</Z>
      </Vector3>
      <Vector3>
        <X>-3131.086</X>
        <Y>1011.28705</Y>
        <Z>18.7537479</Z>
      </Vector3>
      <Vector3>
        <X>-3129.21655</X>
        <Y>1010.46368</Y>
        <Z>18.7481651</Z>
      </Vector3>
    </Bounds>
    <CenterCamPosition>
      <X>0</X>
      <Y>0</Y>
    </CenterCamPosition>
    <ScreenBounds />
    <DistanceToCam>0</DistanceToCam>
    <Speed>12.5030651</Speed>
    <AccInput>0.283660173</AccInput>
    <RPM>0.4989451</RPM>
    <Gear>2</Gear>
    <SteeringAngle>2.113201</SteeringAngle>
    <WheelSpeed>0</WheelSpeed>
    <CarType>Sports</CarType>
  </MyCar>
  <Peds />
  <Time>103888</Time>
  <LastFrameTime>0.02788853</LastFrameTime>
  <MyProperty>0</MyProperty>
  <Weather>ExtraSunny</Weather>
  <Steering>127</Steering>
  <Acc>163</Acc>
  <Brake>127</Brake>
  <DayTime>06:54:10</DayTime>
  <Position>
    <X>-3130.83618</X>
    <Y>1009.30371</Y>
    <Z>18.8067322</Z>
  </Position>
  <Rotation>
    <X>3.434299</X>
    <Y>0.719021142</Y>
    <Z>-24.0202732</Z>
  </Rotation>
</Screenshot>