<?xml version="1.0" encoding="utf-8"?>
<Screenshot xmlns:xsd="http://www.w3.org/2001/XMLSchema" xmlns:xsi="http://www.w3.org/2001/XMLSchema-instance">
  <Cars />
  <MyCar>
    <Position>
      <X>-3131.41064</X>
      <Y>1008.02179</Y>
      <Z>17.8084545</Z>
    </Position>
    <Rotation>
      <X>3.94518232</X>
      <Y>0.268862128</Y>
      <Z>-24.232214</Z>
    </Rotation>
    <Handle>1538</Handle>
    <Bounds>
      <Vector3>
        <X>-3133.37256</X>
        <Y>1006.16144</Y>
        <Z>16.91105</Z>
      </Vector3>
      <Vector3>
        <X>-3131.50977</X>
        <Y>1005.32306</Y>
        <Z>16.9014645</Z>
      </Vector3>
      <Vector3>
        <X>-3131.27637</X>
        <Y>1010.81458</Y>
        <Z>17.26301</Z>
      </Vector3>
      <Vector3>
        <X>-3133.40747</X>
        <Y>1006.06732</Y>
        <Z>18.3634834</Z>
      </Vector3>
      <Vector3>
        <X>-3129.41357</X>
        <Y>1009.9762</Y>
        <Z>17.2534256</Z>
      </Vector3>
      <Vector3>
        <X>-3131.54468</X>
        <Y>1005.22888</Y>
        <Z>18.3538971</Z>
      </Vector3>
      <Vector3>
        <X>-3131.31128</X>
        <Y>1010.72046</Y>
        <Z>18.7154427</Z>
      </Vector3>
      <Vector3>
        <X>-3129.44849</X>
        <Y>1009.882</Y>
        <Z>18.7058563</Z>
      </Vector3>
    </Bounds>
    <CenterCamPosition>
      <X>0</X>
      <Y>0</Y>
    </CenterCamPosition>
    <ScreenBounds />
    <DistanceToCam>0</DistanceToCam>
    <Speed>12.466342</Speed>
    <AccInput>0.283660173</AccInput>
    <RPM>0.497551918</RPM>
    <Gear>2</Gear>
    <SteeringAngle>3.27314663</SteeringAngle>
    <WheelSpeed>0</WheelSpeed>
    <CarType>Sports</CarType>
  </MyCar>
  <Peds />
  <Time>103839</Time>
  <LastFrameTime>0.0251240358</LastFrameTime>
  <MyProperty>0</MyProperty>
  <Weather>ExtraSunny</Weather>
  <Steering>127</Steering>
  <Acc>163</Acc>
  <Brake>127</Brake>
  <DayTime>06:54:08</DayTime>
  <Position>
    <X>-3131.062</X>
    <Y>1008.76697</Y>
    <Z>18.7681255</Z>
  </Position>
  <Rotation>
    <X>3.45628619</X>
    <Y>0.8210607</Y>
    <Z>-24.49282</Z>
  </Rotation>
</Screenshot>