<?xml version="1.0" encoding="utf-8"?>
<Screenshot xmlns:xsd="http://www.w3.org/2001/XMLSchema" xmlns:xsi="http://www.w3.org/2001/XMLSchema-instance">
  <Cars />
  <MyCar>
    <Position>
      <X>-3131.30176</X>
      <Y>1008.26813</Y>
      <Z>17.8265247</Z>
    </Position>
    <Rotation>
      <X>3.934299</X>
      <Y>0.219021127</Y>
      <Z>-24.0202751</Z>
    </Rotation>
    <Handle>1538</Handle>
    <Bounds>
      <Vector3>
        <X>-3133.256</X>
        <Y>1006.40009</Y>
        <Z>16.9287052</Z>
      </Vector3>
      <Vector3>
        <X>-3131.39038</X>
        <Y>1005.56854</Y>
        <Z>16.9208965</Z>
      </Vector3>
      <Vector3>
        <X>-3131.17749</X>
        <Y>1011.0611</Y>
        <Z>17.2796955</Z>
      </Vector3>
      <Vector3>
        <X>-3133.29175</X>
        <Y>1006.30658</Y>
        <Z>18.38116</Z>
      </Vector3>
      <Vector3>
        <X>-3129.31152</X>
        <Y>1010.22961</Y>
        <Z>17.2718868</Z>
      </Vector3>
      <Vector3>
        <X>-3131.42578</X>
        <Y>1005.47504</Y>
        <Z>18.3733521</Z>
      </Vector3>
      <Vector3>
        <X>-3131.213</X>
        <Y>1010.96759</Y>
        <Z>18.7321529</Z>
      </Vector3>
      <Vector3>
        <X>-3129.34717</X>
        <Y>1010.13611</Y>
        <Z>18.7243443</Z>
      </Vector3>
    </Bounds>
    <CenterCamPosition>
      <X>0</X>
      <Y>0</Y>
    </CenterCamPosition>
    <ScreenBounds />
    <DistanceToCam>0</DistanceToCam>
    <Speed>12.4824257</Speed>
    <AccInput>0.283660173</AccInput>
    <RPM>0.498269022</RPM>
    <Gear>2</Gear>
    <SteeringAngle>2.71224475</SteeringAngle>
    <WheelSpeed>0</WheelSpeed>
    <CarType>Sports</CarType>
  </MyCar>
  <Peds />
  <Time>103860</Time>
  <LastFrameTime>0.02163064</LastFrameTime>
  <MyProperty>0</MyProperty>
  <Weather>ExtraSunny</Weather>
  <Steering>127</Steering>
  <Acc>163</Acc>
  <Brake>127</Brake>
  <DayTime>06:54:09</DayTime>
  <Position>
    <X>-3130.94043</X>
    <Y>1009.05511</Y>
    <Z>18.7888737</Z>
  </Position>
  <Rotation>
    <X>3.445182</X>
    <Y>0.768862</Y>
    <Z>-24.232214</Z>
  </Rotation>
</Screenshot>