<?xml version="1.0" encoding="utf-8"?>
<Screenshot xmlns:xsd="http://www.w3.org/2001/XMLSchema" xmlns:xsi="http://www.w3.org/2001/XMLSchema-instance">
  <Cars />
  <MyCar>
    <Position>
      <X>-3131.06567</X>
      <Y>1008.80768</Y>
      <Z>17.8659725</Z>
    </Position>
    <Rotation>
      <X>3.90483475</X>
      <Y>0.113324441</Y>
      <Z>-23.6120148</Z>
    </Rotation>
    <Handle>1538</Handle>
    <Bounds>
      <Vector3>
        <X>-3133.00537</X>
        <Y>1006.92462</Y>
        <Z>16.96755</Z>
      </Vector3>
      <Vector3>
        <X>-3131.13354</X>
        <Y>1006.10645</Y>
        <Z>16.96351</Z>
      </Vector3>
      <Vector3>
        <X>-3130.96045</X>
        <Y>1011.60083</Y>
        <Z>17.31592</Z>
      </Vector3>
      <Vector3>
        <X>-3133.04248</X>
        <Y>1006.83264</Y>
        <Z>18.4200649</Z>
      </Vector3>
      <Vector3>
        <X>-3129.08862</X>
        <Y>1010.78259</Y>
        <Z>17.3118782</Z>
      </Vector3>
      <Vector3>
        <X>-3131.17065</X>
        <Y>1006.01447</Y>
        <Z>18.4160252</Z>
      </Vector3>
      <Vector3>
        <X>-3130.99756</X>
        <Y>1011.50879</Y>
        <Z>18.7684345</Z>
      </Vector3>
      <Vector3>
        <X>-3129.12573</X>
        <Y>1010.69061</Y>
        <Z>18.7643948</Z>
      </Vector3>
    </Bounds>
    <CenterCamPosition>
      <X>0</X>
      <Y>0</Y>
    </CenterCamPosition>
    <ScreenBounds />
    <DistanceToCam>0</DistanceToCam>
    <Speed>12.51744</Speed>
    <AccInput>0.283660173</AccInput>
    <RPM>0.499658436</RPM>
    <Gear>2</Gear>
    <SteeringAngle>1.79014039</SteeringAngle>
    <WheelSpeed>0</WheelSpeed>
    <CarType>Sports</CarType>
  </MyCar>
  <Peds />
  <Time>103907</Time>
  <LastFrameTime>0.01931205</LastFrameTime>
  <MyProperty>0</MyProperty>
  <Weather>ExtraSunny</Weather>
  <Steering>127</Steering>
  <Acc>163</Acc>
  <Brake>127</Brake>
  <DayTime>06:54:10</DayTime>
  <Position>
    <X>-3130.702</X>
    <Y>1009.62488</Y>
    <Z>18.8297882</Z>
  </Position>
  <Rotation>
    <X>3.41972041</X>
    <Y>0.656596243</Y>
    <Z>-23.77065</Z>
  </Rotation>
</Screenshot>