<?xml version="1.0" encoding="utf-8"?>
<Screenshot xmlns:xsd="http://www.w3.org/2001/XMLSchema" xmlns:xsi="http://www.w3.org/2001/XMLSchema-instance">
  <Cars />
  <MyCar>
    <Position>
      <X>-3130.90771</X>
      <Y>1009.17188</Y>
      <Z>17.8919926</Z>
    </Position>
    <Rotation>
      <X>3.86105156</X>
      <Y>0.0378304981</Y>
      <Z>-23.38541</Z>
    </Rotation>
    <Handle>1538</Handle>
    <Bounds>
      <Vector3>
        <X>-3132.839</X>
        <Y>1007.28009</Y>
        <Z>16.9941349</Z>
      </Vector3>
      <Vector3>
        <X>-3130.964</X>
        <Y>1006.4693</Y>
        <Z>16.9927864</Z>
      </Vector3>
      <Vector3>
        <X>-3130.813</X>
        <Y>1011.96472</Y>
        <Z>17.338604</Z>
      </Vector3>
      <Vector3>
        <X>-3132.8772</X>
        <Y>1007.1897</Y>
        <Z>18.44673</Z>
      </Vector3>
      <Vector3>
        <X>-3128.938</X>
        <Y>1011.15393</Y>
        <Z>17.3372555</Z>
      </Vector3>
      <Vector3>
        <X>-3131.0022</X>
        <Y>1006.37891</Y>
        <Z>18.44538</Z>
      </Vector3>
      <Vector3>
        <X>-3130.851</X>
        <Y>1011.87433</Y>
        <Z>18.7911987</Z>
      </Vector3>
      <Vector3>
        <X>-3128.976</X>
        <Y>1011.0636</Y>
        <Z>18.78985</Z>
      </Vector3>
    </Bounds>
    <CenterCamPosition>
      <X>0</X>
      <Y>0</Y>
    </CenterCamPosition>
    <ScreenBounds />
    <DistanceToCam>0</DistanceToCam>
    <Speed>12.5410547</Speed>
    <AccInput>0.283660173</AccInput>
    <RPM>0.5002922</RPM>
    <Gear>2</Gear>
    <SteeringAngle>1.34057975</SteeringAngle>
    <WheelSpeed>0</WheelSpeed>
    <CarType>Sports</CarType>
  </MyCar>
  <Peds />
  <Time>103939</Time>
  <LastFrameTime>0.0317335</LastFrameTime>
  <MyProperty>0</MyProperty>
  <Weather>ExtraSunny</Weather>
  <Steering>127</Steering>
  <Acc>163</Acc>
  <Brake>127</Brake>
  <DayTime>06:54:11</DayTime>
  <Position>
    <X>-3130.609</X>
    <Y>1009.84772</Y>
    <Z>18.8456</Z>
  </Position>
  <Rotation>
    <X>3.40483475</X>
    <Y>0.6133244</Y>
    <Z>-23.6120148</Z>
  </Rotation>
</Screenshot>