<?xml version="1.0" encoding="utf-8"?>
<Screenshot xmlns:xsd="http://www.w3.org/2001/XMLSchema" xmlns:xsi="http://www.w3.org/2001/XMLSchema-instance">
  <Cars />
  <MyCar>
    <Position>
      <X>-3130.79346</X>
      <Y>1009.43719</Y>
      <Z>17.9107056</Z>
    </Position>
    <Rotation>
      <X>3.816479</X>
      <Y>-0.0157149844</Y>
      <Z>-23.2416134</Z>
    </Rotation>
    <Handle>1538</Handle>
    <Bounds>
      <Vector3>
        <X>-3132.71948</X>
        <Y>1007.53961</Y>
        <Z>17.0138416</Z>
      </Vector3>
      <Vector3>
        <X>-3130.84253</X>
        <Y>1006.73352</Y>
        <Z>17.0144024</Z>
      </Vector3>
      <Vector3>
        <X>-3130.70557</X>
        <Y>1012.22968</Y>
        <Z>17.35434</Z>
      </Vector3>
      <Vector3>
        <X>-3132.758</X>
        <Y>1007.45068</Y>
        <Z>18.46651</Z>
      </Vector3>
      <Vector3>
        <X>-3128.82861</X>
        <Y>1011.42358</Y>
        <Z>17.3549</Z>
      </Vector3>
      <Vector3>
        <X>-3130.881</X>
        <Y>1006.64465</Y>
        <Z>18.4670715</Z>
      </Vector3>
      <Vector3>
        <X>-3130.74414</X>
        <Y>1012.14081</Y>
        <Z>18.8070087</Z>
      </Vector3>
      <Vector3>
        <X>-3128.86719</X>
        <Y>1011.33472</Y>
        <Z>18.80757</Z>
      </Vector3>
    </Bounds>
    <CenterCamPosition>
      <X>0</X>
      <Y>0</Y>
    </CenterCamPosition>
    <ScreenBounds />
    <DistanceToCam>0</DistanceToCam>
    <Speed>12.5579939</Speed>
    <AccInput>0.283660173</AccInput>
    <RPM>0.500756741</RPM>
    <Gear>2</Gear>
    <SteeringAngle>1.09602547</SteeringAngle>
    <WheelSpeed>0</WheelSpeed>
    <CarType>Sports</CarType>
  </MyCar>
  <Peds />
  <Time>103962</Time>
  <LastFrameTime>0.023063</LastFrameTime>
  <MyProperty>0</MyProperty>
  <Weather>ExtraSunny</Weather>
  <Steering>127</Steering>
  <Acc>163</Acc>
  <Brake>127</Brake>
  <DayTime>06:54:12</DayTime>
  <Position>
    <X>-3130.456</X>
    <Y>1010.2149</Y>
    <Z>18.8707542</Z>
  </Position>
  <Rotation>
    <X>3.36105156</X>
    <Y>0.537830532</Y>
    <Z>-23.3854084</Z>
  </Rotation>
</Screenshot>