<?xml version="1.0" encoding="utf-8"?>
<Screenshot xmlns:xsd="http://www.w3.org/2001/XMLSchema" xmlns:xsi="http://www.w3.org/2001/XMLSchema-instance">
  <Cars />
  <MyCar>
    <Position>
      <X>-3130.655</X>
      <Y>1009.76025</Y>
      <Z>17.9331455</Z>
    </Position>
    <Rotation>
      <X>3.75864553</X>
      <Y>-0.06166722</Y>
      <Z>-23.0917282</Z>
    </Rotation>
    <Handle>1538</Handle>
    <Bounds>
      <Vector3>
        <X>-3132.576</X>
        <Y>1007.85651</Y>
        <Z>17.03799</Z>
      </Vector3>
      <Vector3>
        <X>-3130.69678</X>
        <Y>1007.05536</Y>
        <Z>17.04019</Z>
      </Vector3>
      <Vector3>
        <X>-3130.57422</X>
        <Y>1012.55225</Y>
        <Z>17.3733368</Z>
      </Vector3>
      <Vector3>
        <X>-3132.61475</X>
        <Y>1007.76935</Y>
        <Z>18.490757</Z>
      </Vector3>
      <Vector3>
        <X>-3128.695</X>
        <Y>1011.7511</Y>
        <Z>17.375536</Z>
      </Vector3>
      <Vector3>
        <X>-3130.7356</X>
        <Y>1006.96814</Y>
        <Z>18.4929543</Z>
      </Vector3>
      <Vector3>
        <X>-3130.613</X>
        <Y>1012.46509</Y>
        <Z>18.8261032</Z>
      </Vector3>
      <Vector3>
        <X>-3128.734</X>
        <Y>1011.66388</Y>
        <Z>18.8283</Z>
      </Vector3>
    </Bounds>
    <CenterCamPosition>
      <X>0</X>
      <Y>0</Y>
    </CenterCamPosition>
    <ScreenBounds />
    <DistanceToCam>0</DistanceToCam>
    <Speed>12.5782814</Speed>
    <AccInput>0.283660173</AccInput>
    <RPM>0.5013263</RPM>
    <Gear>2</Gear>
    <SteeringAngle>0.853251755</SteeringAngle>
    <WheelSpeed>0</WheelSpeed>
    <CarType>Sports</CarType>
  </MyCar>
  <Peds />
  <Time>103990</Time>
  <LastFrameTime>0.0280135833</LastFrameTime>
  <MyProperty>0</MyProperty>
  <Weather>ExtraSunny</Weather>
  <Steering>127</Steering>
  <Acc>163</Acc>
  <Brake>127</Brake>
  <DayTime>06:54:13</DayTime>
  <Position>
    <X>-3130.345</X>
    <Y>1010.48242</Y>
    <Z>18.8885822</Z>
  </Position>
  <Rotation>
    <X>3.316479</X>
    <Y>0.484285027</Y>
    <Z>-23.2416134</Z>
  </Rotation>
</Screenshot>