<?xml version="1.0" encoding="utf-8"?>
<Screenshot xmlns:xsd="http://www.w3.org/2001/XMLSchema" xmlns:xsi="http://www.w3.org/2001/XMLSchema-instance">
  <Cars />
  <MyCar>
    <Position>
      <X>-3130.25269</X>
      <Y>1010.70581</Y>
      <Z>17.9976768</Z>
    </Position>
    <Rotation>
      <X>3.589108</X>
      <Y>-0.118654437</Y>
      <Z>-22.78885</Z>
    </Rotation>
    <Handle>1538</Handle>
    <Bounds>
      <Vector3>
        <X>-3132.16357</X>
        <Y>1008.78918</Y>
        <Z>17.108923</Z>
      </Vector3>
      <Vector3>
        <X>-3130.28027</X>
        <Y>1007.99792</Y>
        <Z>17.1131535</Z>
      </Vector3>
      <Vector3>
        <X>-3130.18677</X>
        <Y>1013.49646</Y>
        <Z>17.429163</Z>
      </Vector3>
      <Vector3>
        <X>-3132.20166</X>
        <Y>1008.7063</Y>
        <Z>18.5619621</Z>
      </Vector3>
      <Vector3>
        <X>-3128.30347</X>
        <Y>1012.7052</Y>
        <Z>17.4333916</Z>
      </Vector3>
      <Vector3>
        <X>-3130.31836</X>
        <Y>1007.9151</Y>
        <Z>18.5661926</Z>
      </Vector3>
      <Vector3>
        <X>-3130.22485</X>
        <Y>1013.41357</Y>
        <Z>18.8822021</Z>
      </Vector3>
      <Vector3>
        <X>-3128.34155</X>
        <Y>1012.62238</Y>
        <Z>18.8864326</Z>
      </Vector3>
    </Bounds>
    <CenterCamPosition>
      <X>0</X>
      <Y>0</Y>
    </CenterCamPosition>
    <ScreenBounds />
    <DistanceToCam>0</DistanceToCam>
    <Speed>12.6378441</Speed>
    <AccInput>0.283660173</AccInput>
    <RPM>0.503552854</RPM>
    <Gear>2</Gear>
    <SteeringAngle>0.4111155</SteeringAngle>
    <WheelSpeed>0</WheelSpeed>
    <CarType>Sports</CarType>
  </MyCar>
  <Peds />
  <Time>104072</Time>
  <LastFrameTime>0.0304662213</LastFrameTime>
  <MyProperty>0</MyProperty>
  <Weather>ExtraSunny</Weather>
  <Steering>127</Steering>
  <Acc>163</Acc>
  <Brake>127</Brake>
  <DayTime>06:54:15</DayTime>
  <Position>
    <X>-3129.961</X>
    <Y>1011.40326</Y>
    <Z>18.9483929</Z>
  </Position>
  <Rotation>
    <X>3.15705419</X>
    <Y>0.4013494</Y>
    <Z>-22.8812866</Z>
  </Rotation>
</Screenshot>