<?xml version="1.0" encoding="utf-8"?>
<Screenshot xmlns:xsd="http://www.w3.org/2001/XMLSchema" xmlns:xsi="http://www.w3.org/2001/XMLSchema-instance">
  <Cars />
  <MyCar>
    <Position>
      <X>-3130.15015</X>
      <Y>1010.94891</Y>
      <Z>18.0141926</Z>
    </Position>
    <Rotation>
      <X>3.54434037</X>
      <Y>-0.129790008</Y>
      <Z>-22.7363186</Z>
    </Rotation>
    <Handle>1538</Handle>
    <Bounds>
      <Vector3>
        <X>-3132.05957</X>
        <Y>1009.02979</Y>
        <Z>17.1272</Z>
      </Vector3>
      <Vector3>
        <X>-3130.17554</X>
        <Y>1008.2403</Y>
        <Z>17.1318264</Z>
      </Vector3>
      <Vector3>
        <X>-3130.08667</X>
        <Y>1013.73914</Y>
        <Z>17.443449</Z>
      </Vector3>
      <Vector3>
        <X>-3132.09717</X>
        <Y>1008.94806</Y>
        <Z>18.5803089</Z>
      </Vector3>
      <Vector3>
        <X>-3128.203</X>
        <Y>1012.94965</Y>
        <Z>17.4480762</Z>
      </Vector3>
      <Vector3>
        <X>-3130.21338</X>
        <Y>1008.15857</Y>
        <Z>18.5849361</Z>
      </Vector3>
      <Vector3>
        <X>-3130.12451</X>
        <Y>1013.65741</Y>
        <Z>18.8965588</Z>
      </Vector3>
      <Vector3>
        <X>-3128.24072</X>
        <Y>1012.86792</Y>
        <Z>18.901186</Z>
      </Vector3>
    </Bounds>
    <CenterCamPosition>
      <X>0</X>
      <Y>0</Y>
    </CenterCamPosition>
    <ScreenBounds />
    <DistanceToCam>0</DistanceToCam>
    <Speed>12.6531534</Speed>
    <AccInput>0.283660173</AccInput>
    <RPM>0.5042178</RPM>
    <Gear>2</Gear>
    <SteeringAngle>0.343277663</SteeringAngle>
    <WheelSpeed>0</WheelSpeed>
    <CarType>Sports</CarType>
  </MyCar>
  <Peds />
  <Time>104093</Time>
  <LastFrameTime>0.0209039077</LastFrameTime>
  <MyProperty>0</MyProperty>
  <Weather>ExtraSunny</Weather>
  <Steering>127</Steering>
  <Acc>163</Acc>
  <Brake>127</Brake>
  <DayTime>06:54:16</DayTime>
  <Position>
    <X>-3129.8125</X>
    <Y>1011.75879</Y>
    <Z>18.9710312</Z>
  </Position>
  <Rotation>
    <X>3.08910751</X>
    <Y>0.38134557</Y>
    <Z>-22.7888489</Z>
  </Rotation>
</Screenshot>