<?xml version="1.0" encoding="utf-8"?>
<Screenshot xmlns:xsd="http://www.w3.org/2001/XMLSchema" xmlns:xsi="http://www.w3.org/2001/XMLSchema-instance">
  <Cars />
  <MyCar>
    <Position>
      <X>-3130.50024</X>
      <Y>1010.12231</Y>
      <Z>17.95804</Z>
    </Position>
    <Rotation>
      <X>3.70048141</X>
      <Y>-0.08298404</Y>
      <Z>-22.9551678</Z>
    </Rotation>
    <Handle>1538</Handle>
    <Bounds>
      <Vector3>
        <X>-3132.4165</X>
        <Y>1008.213</Y>
        <Z>17.0650482</Z>
      </Vector3>
      <Vector3>
        <X>-3130.53564</X>
        <Y>1007.41632</Y>
        <Z>17.0680065</Z>
      </Vector3>
      <Vector3>
        <X>-3130.426</X>
        <Y>1012.91388</Y>
        <Z>17.3952122</Z>
      </Vector3>
      <Vector3>
        <X>-3132.455</X>
        <Y>1008.12732</Y>
        <Z>18.51791</Z>
      </Vector3>
      <Vector3>
        <X>-3128.54517</X>
        <Y>1012.11719</Y>
        <Z>17.39817</Z>
      </Vector3>
      <Vector3>
        <X>-3130.57422</X>
        <Y>1007.33063</Y>
        <Z>18.5208683</Z>
      </Vector3>
      <Vector3>
        <X>-3130.4646</X>
        <Y>1012.82819</Y>
        <Z>18.848074</Z>
      </Vector3>
      <Vector3>
        <X>-3128.58374</X>
        <Y>1012.03149</Y>
        <Z>18.8510323</Z>
      </Vector3>
    </Bounds>
    <CenterCamPosition>
      <X>0</X>
      <Y>0</Y>
    </CenterCamPosition>
    <ScreenBounds />
    <DistanceToCam>0</DistanceToCam>
    <Speed>12.6010408</Speed>
    <AccInput>0.283660173</AccInput>
    <RPM>0.501995146</RPM>
    <Gear>2</Gear>
    <SteeringAngle>0.642018557</SteeringAngle>
    <WheelSpeed>0</WheelSpeed>
    <CarType>Sports</CarType>
  </MyCar>
  <Peds />
  <Time>104022</Time>
  <LastFrameTime>0.0313226581</LastFrameTime>
  <MyProperty>0</MyProperty>
  <Weather>ExtraSunny</Weather>
  <Steering>127</Steering>
  <Acc>163</Acc>
  <Brake>127</Brake>
  <DayTime>06:54:14</DayTime>
  <Position>
    <X>-3130.20947</X>
    <Y>1010.80786</Y>
    <Z>18.909874</Z>
  </Position>
  <Rotation>
    <X>3.25864553</X>
    <Y>0.438332766</Y>
    <Z>-23.0917263</Z>
  </Rotation>
</Screenshot>