<?xml version="1.0" encoding="utf-8"?>
<Screenshot xmlns:xsd="http://www.w3.org/2001/XMLSchema" xmlns:xsi="http://www.w3.org/2001/XMLSchema-instance">
  <Cars />
  <MyCar>
    <Position>
      <X>-3130.40259</X>
      <Y>1010.35217</Y>
      <Z>17.9736862</Z>
    </Position>
    <Rotation>
      <X>3.65705419</X>
      <Y>-0.0986506</Y>
      <Z>-22.8812885</Z>
    </Rotation>
    <Handle>1538</Handle>
    <Bounds>
      <Vector3>
        <X>-3132.31641</X>
        <Y>1008.4397</Y>
        <Z>17.0823154</Z>
      </Vector3>
      <Vector3>
        <X>-3130.43457</X>
        <Y>1007.64545</Y>
        <Z>17.0858326</Z>
      </Vector3>
      <Vector3>
        <X>-3130.332</X>
        <Y>1013.14337</Y>
        <Z>17.40861</Z>
      </Vector3>
      <Vector3>
        <X>-3132.355</X>
        <Y>1008.3551</Y>
        <Z>18.5352459</Z>
      </Vector3>
      <Vector3>
        <X>-3128.45</X>
        <Y>1012.34912</Y>
        <Z>17.4121265</Z>
      </Vector3>
      <Vector3>
        <X>-3130.473</X>
        <Y>1007.56085</Y>
        <Z>18.538763</Z>
      </Vector3>
      <Vector3>
        <X>-3130.37036</X>
        <Y>1013.05878</Y>
        <Z>18.8615417</Z>
      </Vector3>
      <Vector3>
        <X>-3128.48853</X>
        <Y>1012.26453</Y>
        <Z>18.8650589</Z>
      </Vector3>
    </Bounds>
    <CenterCamPosition>
      <X>0</X>
      <Y>0</Y>
    </CenterCamPosition>
    <ScreenBounds />
    <DistanceToCam>0</DistanceToCam>
    <Speed>12.6156139</Speed>
    <AccInput>0.283660173</AccInput>
    <RPM>0.5030916</RPM>
    <Gear>2</Gear>
    <SteeringAngle>0.5413718</SteeringAngle>
    <WheelSpeed>0</WheelSpeed>
    <CarType>Sports</CarType>
  </MyCar>
  <Peds />
  <Time>104041</Time>
  <LastFrameTime>0.019844221</LastFrameTime>
  <MyProperty>0</MyProperty>
  <Weather>ExtraSunny</Weather>
  <Steering>127</Steering>
  <Acc>163</Acc>
  <Brake>127</Brake>
  <DayTime>06:54:14</DayTime>
  <Position>
    <X>-3130.05713</X>
    <Y>1011.17206</Y>
    <Z>18.93361</Z>
  </Position>
  <Rotation>
    <X>3.20048141</X>
    <Y>0.417016</Y>
    <Z>-22.9551678</Z>
  </Rotation>
</Screenshot>