<?xml version="1.0" encoding="utf-8"?>
<Screenshot xmlns:xsd="http://www.w3.org/2001/XMLSchema" xmlns:xsi="http://www.w3.org/2001/XMLSchema-instance">
  <Cars />
  <MyCar>
    <Position>
      <X>-3129.9104</X>
      <Y>1011.51904</Y>
      <Z>18.0529385</Z>
    </Position>
    <Rotation>
      <X>3.439552</X>
      <Y>-0.154675692</Y>
      <Z>-22.6447468</Z>
    </Rotation>
    <Handle>1538</Handle>
    <Bounds>
      <Vector3>
        <X>-3131.817</X>
        <Y>1009.59528</Y>
        <Z>17.17009</Z>
      </Vector3>
      <Vector3>
        <X>-3129.93164</X>
        <Y>1008.80878</Y>
        <Z>17.1756058</Z>
      </Vector3>
      <Vector3>
        <X>-3129.85156</X>
        <Y>1014.30829</Y>
        <Z>17.4770012</Z>
      </Vector3>
      <Vector3>
        <X>-3131.85425</X>
        <Y>1009.51617</Y>
        <Z>18.6233616</Z>
      </Vector3>
      <Vector3>
        <X>-3127.96631</X>
        <Y>1013.52185</Y>
        <Z>17.4825172</Z>
      </Vector3>
      <Vector3>
        <X>-3129.969</X>
        <Y>1008.72968</Y>
        <Z>18.6288757</Z>
      </Vector3>
      <Vector3>
        <X>-3129.889</X>
        <Y>1014.22919</Y>
        <Z>18.9302731</Z>
      </Vector3>
      <Vector3>
        <X>-3128.00366</X>
        <Y>1013.44275</Y>
        <Z>18.9357872</Z>
      </Vector3>
    </Bounds>
    <CenterCamPosition>
      <X>0</X>
      <Y>0</Y>
    </CenterCamPosition>
    <ScreenBounds />
    <DistanceToCam>0</DistanceToCam>
    <Speed>12.6894035</Speed>
    <AccInput>0.283660173</AccInput>
    <RPM>0.5056882</RPM>
    <Gear>2</Gear>
    <SteeringAngle>0.223207355</SteeringAngle>
    <WheelSpeed>0</WheelSpeed>
    <CarType>Sports</CarType>
  </MyCar>
  <Peds />
  <Time>104142</Time>
  <LastFrameTime>0.0200484</LastFrameTime>
  <MyProperty>0</MyProperty>
  <Weather>ExtraSunny</Weather>
  <Steering>127</Steering>
  <Acc>163</Acc>
  <Brake>127</Brake>
  <DayTime>06:54:17</DayTime>
  <Position>
    <X>-3129.57</X>
    <Y>1012.34076</Y>
    <Z>19.0081825</Z>
  </Position>
  <Rotation>
    <X>2.978921</X>
    <Y>0.356840879</Y>
    <Z>-22.678503</Z>
  </Rotation>
</Screenshot>