<?xml version="1.0" encoding="utf-8"?>
<Screenshot xmlns:xsd="http://www.w3.org/2001/XMLSchema" xmlns:xsi="http://www.w3.org/2001/XMLSchema-instance">
  <Cars />
  <MyCar>
    <Position>
      <X>-3129.75122</X>
      <Y>1011.89862</Y>
      <Z>18.0780487</Z>
    </Position>
    <Rotation>
      <X>3.39388132</X>
      <Y>-0.1664465</Y>
      <Z>-22.6078987</Z>
    </Rotation>
    <Handle>1538</Handle>
    <Bounds>
      <Vector3>
        <X>-3131.65649</X>
        <Y>1009.9729</Y>
        <Z>17.1969929</Z>
      </Vector3>
      <Vector3>
        <X>-3129.77075</X>
        <Y>1009.18762</Y>
        <Z>17.2029266</Z>
      </Vector3>
      <Vector3>
        <X>-3129.69434</X>
        <Y>1014.68744</Y>
        <Z>17.4998322</Z>
      </Vector3>
      <Vector3>
        <X>-3131.6936</X>
        <Y>1009.89496</Y>
        <Z>18.6503315</Z>
      </Vector3>
      <Vector3>
        <X>-3127.80859</X>
        <Y>1013.90222</Y>
        <Z>17.5057678</Z>
      </Vector3>
      <Vector3>
        <X>-3129.80786</X>
        <Y>1009.10968</Y>
        <Z>18.6562653</Z>
      </Vector3>
      <Vector3>
        <X>-3129.73145</X>
        <Y>1014.6095</Y>
        <Z>18.9531727</Z>
      </Vector3>
      <Vector3>
        <X>-3127.8457</X>
        <Y>1013.82422</Y>
        <Z>18.9591064</Z>
      </Vector3>
    </Bounds>
    <CenterCamPosition>
      <X>0</X>
      <Y>0</Y>
    </CenterCamPosition>
    <ScreenBounds />
    <DistanceToCam>0</DistanceToCam>
    <Speed>12.7120447</Speed>
    <AccInput>0.283660173</AccInput>
    <RPM>0.50650835</RPM>
    <Gear>2</Gear>
    <SteeringAngle>-0.398174763</SteeringAngle>
    <WheelSpeed>0</WheelSpeed>
    <CarType>Sports</CarType>
  </MyCar>
  <Peds />
  <Time>104174</Time>
  <LastFrameTime>0.03245744</LastFrameTime>
  <MyProperty>0</MyProperty>
  <Weather>ExtraSunny</Weather>
  <Steering>134</Steering>
  <Acc>163</Acc>
  <Brake>127</Brake>
  <DayTime>06:54:18</DayTime>
  <Position>
    <X>-3129.47241</X>
    <Y>1012.57574</Y>
    <Z>19.0233078</Z>
  </Position>
  <Rotation>
    <X>2.93955231</X>
    <Y>0.345324367</Y>
    <Z>-22.644743</Z>
  </Rotation>
</Screenshot>