<?xml version="1.0" encoding="utf-8"?>
<Screenshot xmlns:xsd="http://www.w3.org/2001/XMLSchema" xmlns:xsi="http://www.w3.org/2001/XMLSchema-instance">
  <Cars />
  <MyCar>
    <Position>
      <X>-3130.00854</X>
      <Y>1011.28503</Y>
      <Z>18.0370274</Z>
    </Position>
    <Rotation>
      <X>3.4789207</X>
      <Y>-0.143159211</Y>
      <Z>-22.6785011</Z>
    </Rotation>
    <Handle>1538</Handle>
    <Bounds>
      <Vector3>
        <X>-3131.916</X>
        <Y>1009.363</Y>
        <Z>17.15266</Z>
      </Vector3>
      <Vector3>
        <X>-3130.03125</X>
        <Y>1008.57544</Y>
        <Z>17.1577644</Z>
      </Vector3>
      <Vector3>
        <X>-3129.948</X>
        <Y>1014.07471</Y>
        <Z>17.4630814</Z>
      </Vector3>
      <Vector3>
        <X>-3131.95361</X>
        <Y>1009.2829</Y>
        <Z>18.6058712</Z>
      </Vector3>
      <Vector3>
        <X>-3128.06323</X>
        <Y>1013.28711</Y>
        <Z>17.4681835</Z>
      </Vector3>
      <Vector3>
        <X>-3130.06885</X>
        <Y>1008.4953</Y>
        <Z>18.6109753</Z>
      </Vector3>
      <Vector3>
        <X>-3129.9856</X>
        <Y>1013.99457</Y>
        <Z>18.91629</Z>
      </Vector3>
      <Vector3>
        <X>-3128.10083</X>
        <Y>1013.207</Y>
        <Z>18.9213943</Z>
      </Vector3>
    </Bounds>
    <CenterCamPosition>
      <X>0</X>
      <Y>0</Y>
    </CenterCamPosition>
    <ScreenBounds />
    <DistanceToCam>0</DistanceToCam>
    <Speed>12.6741829</Speed>
    <AccInput>0.283660173</AccInput>
    <RPM>0.5050623</RPM>
    <Gear>2</Gear>
    <SteeringAngle>0.2651343</SteeringAngle>
    <WheelSpeed>0</WheelSpeed>
    <CarType>Sports</CarType>
  </MyCar>
  <Peds />
  <Time>104122</Time>
  <LastFrameTime>0.0288473684</LastFrameTime>
  <MyProperty>0</MyProperty>
  <Weather>ExtraSunny</Weather>
  <Steering>127</Steering>
  <Acc>163</Acc>
  <Brake>127</Brake>
  <DayTime>06:54:17</DayTime>
  <Position>
    <X>-3129.71069</X>
    <Y>1012.00311</Y>
    <Z>18.9866543</Z>
  </Position>
  <Rotation>
    <X>3.04434061</X>
    <Y>0.370210081</Y>
    <Z>-22.7363148</Z>
  </Rotation>
</Screenshot>