<?xml version="1.0" encoding="utf-8"?>
<Screenshot xmlns:xsd="http://www.w3.org/2001/XMLSchema" xmlns:xsi="http://www.w3.org/2001/XMLSchema-instance">
  <Cars />
  <MyCar>
    <Position>
      <X>-3129.21484</X>
      <Y>1013.16864</Y>
      <Z>18.160223</Z>
    </Position>
    <Rotation>
      <X>3.40598</X>
      <Y>-0.2666528</Y>
      <Z>-22.72106</Z>
    </Rotation>
    <Handle>1538</Handle>
    <Bounds>
      <Vector3>
        <X>-3131.12256</X>
        <Y>1011.24628</Y>
        <Z>17.2768555</Z>
      </Vector3>
      <Vector3>
        <X>-3129.23828</X>
        <Y>1010.45728</Y>
        <Z>17.2863636</Z>
      </Vector3>
      <Vector3>
        <X>-3129.15137</X>
        <Y>1015.95709</Y>
        <Z>17.5807743</Z>
      </Vector3>
      <Vector3>
        <X>-3131.162</X>
        <Y>1011.16907</Y>
        <Z>18.7301674</Z>
      </Vector3>
      <Vector3>
        <X>-3127.26733</X>
        <Y>1015.16809</Y>
        <Z>17.59028</Z>
      </Vector3>
      <Vector3>
        <X>-3129.278</X>
        <Y>1010.38013</Y>
        <Z>18.7396736</Z>
      </Vector3>
      <Vector3>
        <X>-3129.19116</X>
        <Y>1015.87988</Y>
        <Z>19.0340843</Z>
      </Vector3>
      <Vector3>
        <X>-3127.307</X>
        <Y>1015.09094</Y>
        <Z>19.04359</Z>
      </Vector3>
    </Bounds>
    <CenterCamPosition>
      <X>0</X>
      <Y>0</Y>
    </CenterCamPosition>
    <ScreenBounds />
    <DistanceToCam>0</DistanceToCam>
    <Speed>12.7928963</Speed>
    <AccInput>0.283660173</AccInput>
    <RPM>0.5107995</RPM>
    <Gear>2</Gear>
    <SteeringAngle>-2.58700538</SteeringAngle>
    <WheelSpeed>0</WheelSpeed>
    <CarType>Sports</CarType>
  </MyCar>
  <Peds />
  <Time>104282</Time>
  <LastFrameTime>0.0268946271</LastFrameTime>
  <MyProperty>0</MyProperty>
  <Weather>ExtraSunny</Weather>
  <Steering>140</Steering>
  <Acc>163</Acc>
  <Brake>127</Brake>
  <DayTime>06:54:21</DayTime>
  <Position>
    <X>-3128.91187</X>
    <Y>1013.91052</Y>
    <Z>19.10935</Z>
  </Position>
  <Rotation>
    <X>2.88823867</X>
    <Y>0.2741385</Y>
    <Z>-22.6538</Z>
  </Rotation>
</Screenshot>