<?xml version="1.0" encoding="utf-8"?>
<Screenshot xmlns:xsd="http://www.w3.org/2001/XMLSchema" xmlns:xsi="http://www.w3.org/2001/XMLSchema-instance">
  <Cars />
  <MyCar>
    <Position>
      <X>-3129.45532</X>
      <Y>1012.602</Y>
      <Z>18.1237259</Z>
    </Position>
    <Rotation>
      <X>3.38839579</X>
      <Y>-0.2130737</Y>
      <Z>-22.62249</Z>
    </Rotation>
    <Handle>1538</Handle>
    <Bounds>
      <Vector3>
        <X>-3131.3606</X>
        <Y>1010.67639</Y>
        <Z>17.24208</Z>
      </Vector3>
      <Vector3>
        <X>-3129.475</X>
        <Y>1009.89063</Y>
        <Z>17.2496777</Z>
      </Vector3>
      <Vector3>
        <X>-3129.39722</X>
        <Y>1015.39056</Y>
        <Z>17.5444317</Z>
      </Vector3>
      <Vector3>
        <X>-3131.39868</X>
        <Y>1010.59906</Y>
        <Z>18.6954231</Z>
      </Vector3>
      <Vector3>
        <X>-3127.51172</X>
        <Y>1014.60486</Y>
        <Z>17.5520287</Z>
      </Vector3>
      <Vector3>
        <X>-3129.51318</X>
        <Y>1009.81329</Y>
        <Z>18.70302</Z>
      </Vector3>
      <Vector3>
        <X>-3129.4353</X>
        <Y>1015.31323</Y>
        <Z>18.997776</Z>
      </Vector3>
      <Vector3>
        <X>-3127.5498</X>
        <Y>1014.52747</Y>
        <Z>19.0053711</Z>
      </Vector3>
    </Bounds>
    <CenterCamPosition>
      <X>0</X>
      <Y>0</Y>
    </CenterCamPosition>
    <ScreenBounds />
    <DistanceToCam>0</DistanceToCam>
    <Speed>12.7559242</Speed>
    <AccInput>0.283660173</AccInput>
    <RPM>0.5089335</RPM>
    <Gear>2</Gear>
    <SteeringAngle>-1.77022564</SteeringAngle>
    <WheelSpeed>0</WheelSpeed>
    <CarType>Sports</CarType>
  </MyCar>
  <Peds />
  <Time>104234</Time>
  <LastFrameTime>0.028052371</LastFrameTime>
  <MyProperty>0</MyProperty>
  <Weather>ExtraSunny</Weather>
  <Steering>139</Steering>
  <Acc>163</Acc>
  <Brake>127</Brake>
  <DayTime>06:54:20</DayTime>
  <Position>
    <X>-3129.157</X>
    <Y>1013.33105</Y>
    <Z>19.0717163</Z>
  </Position>
  <Rotation>
    <X>2.88505673</X>
    <Y>0.306303173</Y>
    <Z>-22.6014481</Z>
  </Rotation>
</Screenshot>