<?xml version="1.0" encoding="utf-8"?>
<Screenshot xmlns:xsd="http://www.w3.org/2001/XMLSchema" xmlns:xsi="http://www.w3.org/2001/XMLSchema-instance">
  <Cars />
  <MyCar>
    <Position>
      <X>-3129.349</X>
      <Y>1012.85266</Y>
      <Z>18.1400089</Z>
    </Position>
    <Rotation>
      <X>3.38823867</X>
      <Y>-0.2258615</Y>
      <Z>-22.6538</Z>
    </Rotation>
    <Handle>1538</Handle>
    <Bounds>
      <Vector3>
        <X>-3131.25513</X>
        <Y>1010.92804</Y>
        <Z>17.2581444</Z>
      </Vector3>
      <Vector3>
        <X>-3129.37</X>
        <Y>1010.14124</Y>
        <Z>17.2661953</Z>
      </Vector3>
      <Vector3>
        <X>-3129.28955</X>
        <Y>1015.64117</Y>
        <Z>17.56048</Z>
      </Vector3>
      <Vector3>
        <X>-3131.2937</X>
        <Y>1010.85083</Y>
        <Z>18.7114849</Z>
      </Vector3>
      <Vector3>
        <X>-3127.4043</X>
        <Y>1014.85437</Y>
        <Z>17.5685329</Z>
      </Vector3>
      <Vector3>
        <X>-3129.40845</X>
        <Y>1010.06409</Y>
        <Z>18.7195377</Z>
      </Vector3>
      <Vector3>
        <X>-3129.328</X>
        <Y>1015.56396</Y>
        <Z>19.0138226</Z>
      </Vector3>
      <Vector3>
        <X>-3127.44287</X>
        <Y>1014.77722</Y>
        <Z>19.0218754</Z>
      </Vector3>
    </Bounds>
    <CenterCamPosition>
      <X>0</X>
      <Y>0</Y>
    </CenterCamPosition>
    <ScreenBounds />
    <DistanceToCam>0</DistanceToCam>
    <Speed>12.771657</Speed>
    <AccInput>0.283660173</AccInput>
    <RPM>0.510018051</RPM>
    <Gear>2</Gear>
    <SteeringAngle>-2.125781</SteeringAngle>
    <WheelSpeed>0</WheelSpeed>
    <CarType>Sports</CarType>
  </MyCar>
  <Peds />
  <Time>104255</Time>
  <LastFrameTime>0.02135726</LastFrameTime>
  <MyProperty>0</MyProperty>
  <Weather>ExtraSunny</Weather>
  <Steering>139</Steering>
  <Acc>163</Acc>
  <Brake>127</Brake>
  <DayTime>06:54:21</DayTime>
  <Position>
    <X>-3129.01831</X>
    <Y>1013.66003</Y>
    <Z>19.093071</Z>
  </Position>
  <Rotation>
    <X>2.888396</X>
    <Y>0.286926419</Y>
    <Z>-22.62249</Z>
  </Rotation>
</Screenshot>