<?xml version="1.0" encoding="utf-8"?>
<Screenshot xmlns:xsd="http://www.w3.org/2001/XMLSchema" xmlns:xsi="http://www.w3.org/2001/XMLSchema-instance">
  <Cars />
  <MyCar>
    <Position>
      <X>-3129.594</X>
      <Y>1012.27295</Y>
      <Z>18.102438</Z>
    </Position>
    <Rotation>
      <X>3.385057</X>
      <Y>-0.193696767</Y>
      <Z>-22.6014519</Z>
    </Rotation>
    <Handle>1538</Handle>
    <Bounds>
      <Vector3>
        <X>-3131.49878</X>
        <Y>1010.34674</Y>
        <Z>17.221283</Z>
      </Vector3>
      <Vector3>
        <X>-3129.613</X>
        <Y>1009.56165</Y>
        <Z>17.22819</Z>
      </Vector3>
      <Vector3>
        <X>-3129.537</X>
        <Y>1015.06158</Y>
        <Z>17.5233383</Z>
      </Vector3>
      <Vector3>
        <X>-3131.53638</X>
        <Y>1010.26923</Y>
        <Z>18.674633</Z>
      </Vector3>
      <Vector3>
        <X>-3127.65137</X>
        <Y>1014.27655</Y>
        <Z>17.5302429</Z>
      </Vector3>
      <Vector3>
        <X>-3129.65063</X>
        <Y>1009.48419</Y>
        <Z>18.68154</Z>
      </Vector3>
      <Vector3>
        <X>-3129.57471</X>
        <Y>1014.98413</Y>
        <Z>18.9766884</Z>
      </Vector3>
      <Vector3>
        <X>-3127.689</X>
        <Y>1014.1991</Y>
        <Z>18.983593</Z>
      </Vector3>
    </Bounds>
    <CenterCamPosition>
      <X>0</X>
      <Y>0</Y>
    </CenterCamPosition>
    <ScreenBounds />
    <DistanceToCam>0</DistanceToCam>
    <Speed>12.7352257</Speed>
    <AccInput>0.283660173</AccInput>
    <RPM>0.5074813</RPM>
    <Gear>2</Gear>
    <SteeringAngle>-1.17047131</SteeringAngle>
    <WheelSpeed>0</WheelSpeed>
    <CarType>Sports</CarType>
  </MyCar>
  <Peds />
  <Time>104206</Time>
  <LastFrameTime>0.0319563</LastFrameTime>
  <MyProperty>0</MyProperty>
  <Weather>ExtraSunny</Weather>
  <Steering>138</Steering>
  <Acc>163</Acc>
  <Brake>127</Brake>
  <DayTime>06:54:19</DayTime>
  <Position>
    <X>-3129.31372</X>
    <Y>1012.95636</Y>
    <Z>19.0475063</Z>
  </Position>
  <Rotation>
    <X>2.89388132</X>
    <Y>0.333553553</Y>
    <Z>-22.6079</Z>
  </Rotation>
</Screenshot>