<?xml version="1.0" encoding="utf-8"?>
<Screenshot xmlns:xsd="http://www.w3.org/2001/XMLSchema" xmlns:xsi="http://www.w3.org/2001/XMLSchema-instance">
  <Cars />
  <MyCar>
    <Position>
      <X>-3128.96582</X>
      <Y>1013.74945</Y>
      <Z>18.1976433</Z>
    </Position>
    <Rotation>
      <X>3.43130755</X>
      <Y>-0.327634752</Y>
      <Z>-22.9148655</Z>
    </Rotation>
    <Handle>1538</Handle>
    <Bounds>
      <Vector3>
        <X>-3130.879</X>
        <Y>1011.8335</Y>
        <Z>17.3120842</Z>
      </Vector3>
      <Vector3>
        <X>-3128.99756</X>
        <Y>1011.03815</Y>
        <Z>17.3237648</Z>
      </Vector3>
      <Vector3>
        <X>-3128.89233</X>
        <Y>1016.53766</Y>
        <Z>17.6182575</Z>
      </Vector3>
      <Vector3>
        <X>-3130.92065</X>
        <Y>1011.75647</Y>
        <Z>18.7653484</Z>
      </Vector3>
      <Vector3>
        <X>-3127.01074</X>
        <Y>1015.74231</Y>
        <Z>17.6299381</Z>
      </Vector3>
      <Vector3>
        <X>-3129.039</X>
        <Y>1010.96112</Y>
        <Z>18.77703</Z>
      </Vector3>
      <Vector3>
        <X>-3128.93384</X>
        <Y>1016.46063</Y>
        <Z>19.0715218</Z>
      </Vector3>
      <Vector3>
        <X>-3127.05249</X>
        <Y>1015.66528</Y>
        <Z>19.0832024</Z>
      </Vector3>
    </Bounds>
    <CenterCamPosition>
      <X>0</X>
      <Y>0</Y>
    </CenterCamPosition>
    <ScreenBounds />
    <DistanceToCam>0</DistanceToCam>
    <Speed>12.8326511</Speed>
    <AccInput>0.283660173</AccInput>
    <RPM>0.5126084</RPM>
    <Gear>2</Gear>
    <SteeringAngle>-3.18968415</SteeringAngle>
    <WheelSpeed>0</WheelSpeed>
    <CarType>Sports</CarType>
  </MyCar>
  <Peds />
  <Time>104332</Time>
  <LastFrameTime>0.0263894536</LastFrameTime>
  <MyProperty>0</MyProperty>
  <Weather>ExtraSunny</Weather>
  <Steering>140</Steering>
  <Acc>163</Acc>
  <Brake>127</Brake>
  <DayTime>06:54:23</DayTime>
  <Position>
    <X>-3128.66064</X>
    <Y>1014.49573</Y>
    <Z>19.1475582</Z>
  </Position>
  <Rotation>
    <X>2.918188</X>
    <Y>0.202582091</Y>
    <Z>-22.79976</Z>
  </Rotation>
</Screenshot>