<?xml version="1.0" encoding="utf-8"?>
<Screenshot xmlns:xsd="http://www.w3.org/2001/XMLSchema" xmlns:xsi="http://www.w3.org/2001/XMLSchema-instance">
  <Cars />
  <MyCar>
    <Position>
      <X>-3129.09937</X>
      <Y>1013.43896</Y>
      <Z>18.1776237</Z>
    </Position>
    <Rotation>
      <X>3.418188</X>
      <Y>-0.297417939</Y>
      <Z>-22.7997646</Z>
    </Rotation>
    <Handle>1538</Handle>
    <Bounds>
      <Vector3>
        <X>-3131.00928</X>
        <Y>1011.51917</Y>
        <Z>17.2931767</Z>
      </Vector3>
      <Vector3>
        <X>-3129.126</X>
        <Y>1010.7276</Y>
        <Z>17.30378</Z>
      </Vector3>
      <Vector3>
        <X>-3129.03174</X>
        <Y>1016.22729</Y>
        <Z>17.59818</Z>
      </Vector3>
      <Vector3>
        <X>-3131.0498</X>
        <Y>1011.44208</Y>
        <Z>18.7464638</Z>
      </Vector3>
      <Vector3>
        <X>-3127.14868</X>
        <Y>1015.43573</Y>
        <Z>17.6087837</Z>
      </Vector3>
      <Vector3>
        <X>-3129.16675</X>
        <Y>1010.65051</Y>
        <Z>18.7570686</Z>
      </Vector3>
      <Vector3>
        <X>-3129.07251</X>
        <Y>1016.15021</Y>
        <Z>19.05147</Z>
      </Vector3>
      <Vector3>
        <X>-3127.18921</X>
        <Y>1015.35864</Y>
        <Z>19.0620728</Z>
      </Vector3>
    </Bounds>
    <CenterCamPosition>
      <X>0</X>
      <Y>0</Y>
    </CenterCamPosition>
    <ScreenBounds />
    <DistanceToCam>0</DistanceToCam>
    <Speed>12.8116131</Speed>
    <AccInput>0.283660173</AccInput>
    <RPM>0.511892736</RPM>
    <Gear>2</Gear>
    <SteeringAngle>-2.89771914</SteeringAngle>
    <WheelSpeed>0</WheelSpeed>
    <CarType>Sports</CarType>
  </MyCar>
  <Peds />
  <Time>104305</Time>
  <LastFrameTime>0.0229941122</LastFrameTime>
  <MyProperty>0</MyProperty>
  <Weather>ExtraSunny</Weather>
  <Steering>140</Steering>
  <Acc>163</Acc>
  <Brake>127</Brake>
  <DayTime>06:54:22</DayTime>
  <Position>
    <X>-3128.777</X>
    <Y>1014.226</Y>
    <Z>19.1299152</Z>
  </Position>
  <Rotation>
    <X>2.90598035</X>
    <Y>0.233347237</Y>
    <Z>-22.7210579</Z>
  </Rotation>
</Screenshot>