<?xml version="1.0" encoding="utf-8"?>
<Screenshot xmlns:xsd="http://www.w3.org/2001/XMLSchema" xmlns:xsi="http://www.w3.org/2001/XMLSchema-instance">
  <Cars />
  <MyCar>
    <Position>
      <X>-3128.84351</X>
      <Y>1014.03265</Y>
      <Z>18.2160053</Z>
    </Position>
    <Rotation>
      <X>3.442131</X>
      <Y>-0.348134845</Y>
      <Z>-23.03975</Z>
    </Rotation>
    <Handle>1538</Handle>
    <Bounds>
      <Vector3>
        <X>-3130.7605</X>
        <Y>1012.12091</Y>
        <Z>17.3296089</Z>
      </Vector3>
      <Vector3>
        <X>-3128.88062</X>
        <Y>1011.32147</Y>
        <Z>17.34202</Z>
      </Vector3>
      <Vector3>
        <X>-3128.76367</X>
        <Y>1016.82074</Y>
        <Z>17.6367455</Z>
      </Vector3>
      <Vector3>
        <X>-3130.80273</X>
        <Y>1012.04395</Y>
        <Z>18.7828541</Z>
      </Vector3>
      <Vector3>
        <X>-3126.884</X>
        <Y>1016.02124</Y>
        <Z>17.6491585</Z>
      </Vector3>
      <Vector3>
        <X>-3128.923</X>
        <Y>1011.24451</Y>
        <Z>18.7952652</Z>
      </Vector3>
      <Vector3>
        <X>-3128.80615</X>
        <Y>1016.74371</Y>
        <Z>19.08999</Z>
      </Vector3>
      <Vector3>
        <X>-3126.92627</X>
        <Y>1015.94427</Y>
        <Z>19.1024036</Z>
      </Vector3>
    </Bounds>
    <CenterCamPosition>
      <X>0</X>
      <Y>0</Y>
    </CenterCamPosition>
    <ScreenBounds />
    <DistanceToCam>0</DistanceToCam>
    <Speed>12.8514719</Speed>
    <AccInput>0.283660173</AccInput>
    <RPM>0.513364732</RPM>
    <Gear>2</Gear>
    <SteeringAngle>-3.40049767</SteeringAngle>
    <WheelSpeed>0</WheelSpeed>
    <CarType>Sports</CarType>
  </MyCar>
  <Peds />
  <Time>104356</Time>
  <LastFrameTime>0.0240556616</LastFrameTime>
  <MyProperty>0</MyProperty>
  <Weather>ExtraSunny</Weather>
  <Steering>140</Steering>
  <Acc>163</Acc>
  <Brake>127</Brake>
  <DayTime>06:54:24</DayTime>
  <Position>
    <X>-3128.52539</X>
    <Y>1014.8053</Y>
    <Z>19.1678352</Z>
  </Position>
  <Rotation>
    <X>2.93130755</X>
    <Y>0.172365323</Y>
    <Z>-22.9148655</Z>
  </Rotation>
</Screenshot>