<?xml version="1.0" encoding="utf-8"?>
<Screenshot xmlns:xsd="http://www.w3.org/2001/XMLSchema" xmlns:xsi="http://www.w3.org/2001/XMLSchema-instance">
  <Cars />
  <MyCar>
    <Position>
      <X>-3128.74268</X>
      <Y>1014.26495</Y>
      <Z>18.2310925</Z>
    </Position>
    <Rotation>
      <X>3.45021367</X>
      <Y>-0.361186117</Y>
      <Z>-23.1547356</Z>
    </Rotation>
    <Handle>1538</Handle>
    <Bounds>
      <Vector3>
        <X>-3130.66333</X>
        <Y>1012.35712</Y>
        <Z>17.34411</Z>
      </Vector3>
      <Vector3>
        <X>-3128.78516</X>
        <Y>1011.55389</Y>
        <Z>17.3569889</Z>
      </Vector3>
      <Vector3>
        <X>-3128.65723</X>
        <Y>1017.05286</Y>
        <Z>17.651968</Z>
      </Vector3>
      <Vector3>
        <X>-3130.706</X>
        <Y>1012.28015</Y>
        <Z>18.7973423</Z>
      </Vector3>
      <Vector3>
        <X>-3126.779</X>
        <Y>1016.24963</Y>
        <Z>17.6648445</Z>
      </Vector3>
      <Vector3>
        <X>-3128.828</X>
        <Y>1011.47693</Y>
        <Z>18.8102188</Z>
      </Vector3>
      <Vector3>
        <X>-3128.7</X>
        <Y>1016.97589</Y>
        <Z>19.1051979</Z>
      </Vector3>
      <Vector3>
        <X>-3126.82178</X>
        <Y>1016.17267</Y>
        <Z>19.1180763</Z>
      </Vector3>
    </Bounds>
    <CenterCamPosition>
      <X>0</X>
      <Y>0</Y>
    </CenterCamPosition>
    <ScreenBounds />
    <DistanceToCam>0</DistanceToCam>
    <Speed>12.8667583</Speed>
    <AccInput>0.283660173</AccInput>
    <RPM>0.5140873</RPM>
    <Gear>2</Gear>
    <SteeringAngle>-3.54060984</SteeringAngle>
    <WheelSpeed>0</WheelSpeed>
    <CarType>Sports</CarType>
  </MyCar>
  <Peds />
  <Time>104375</Time>
  <LastFrameTime>0.0197244436</LastFrameTime>
  <MyProperty>0</MyProperty>
  <Weather>ExtraSunny</Weather>
  <Steering>140</Steering>
  <Acc>163</Acc>
  <Brake>127</Brake>
  <DayTime>06:54:24</DayTime>
  <Position>
    <X>-3128.40137</X>
    <Y>1015.08752</Y>
    <Z>19.1864128</Z>
  </Position>
  <Rotation>
    <X>2.942131</X>
    <Y>0.15186505</Y>
    <Z>-23.03975</Z>
  </Rotation>
</Screenshot>