<?xml version="1.0" encoding="utf-8"?>
<Screenshot xmlns:xsd="http://www.w3.org/2001/XMLSchema" xmlns:xsi="http://www.w3.org/2001/XMLSchema-instance">
  <Cars />
  <MyCar>
    <Position>
      <X>-3128.591</X>
      <Y>1014.61096</Y>
      <Z>18.25338</Z>
    </Position>
    <Rotation>
      <X>3.44523263</X>
      <Y>-0.379788071</Y>
      <Z>-23.3470764</Z>
    </Rotation>
    <Handle>1538</Handle>
    <Bounds>
      <Vector3>
        <X>-3130.51782</X>
        <Y>1012.70941</Y>
        <Z>17.3662872</Z>
      </Vector3>
      <Vector3>
        <X>-3128.64233</X>
        <Y>1011.8999</Y>
        <Z>17.3798275</Z>
      </Vector3>
      <Vector3>
        <X>-3128.496</X>
        <Y>1017.39844</Y>
        <Z>17.6736984</Z>
      </Vector3>
      <Vector3>
        <X>-3130.56128</X>
        <Y>1012.63287</Y>
        <Z>18.8195229</Z>
      </Vector3>
      <Vector3>
        <X>-3126.62061</X>
        <Y>1016.58893</Y>
        <Z>17.6872387</Z>
      </Vector3>
      <Vector3>
        <X>-3128.68579</X>
        <Y>1011.82336</Y>
        <Z>18.8330612</Z>
      </Vector3>
      <Vector3>
        <X>-3128.53955</X>
        <Y>1017.32196</Y>
        <Z>19.1269341</Z>
      </Vector3>
      <Vector3>
        <X>-3126.664</X>
        <Y>1016.51245</Y>
        <Z>19.1404743</Z>
      </Vector3>
    </Bounds>
    <CenterCamPosition>
      <X>0</X>
      <Y>0</Y>
    </CenterCamPosition>
    <ScreenBounds />
    <DistanceToCam>0</DistanceToCam>
    <Speed>12.8899088</Speed>
    <AccInput>0.283660173</AccInput>
    <RPM>0.5147475</RPM>
    <Gear>2</Gear>
    <SteeringAngle>-3.71684217</SteeringAngle>
    <WheelSpeed>0</WheelSpeed>
    <CarType>Sports</CarType>
  </MyCar>
  <Peds />
  <Time>104405</Time>
  <LastFrameTime>0.02936961</LastFrameTime>
  <MyProperty>0</MyProperty>
  <Weather>ExtraSunny</Weather>
  <Steering>140</Steering>
  <Acc>163</Acc>
  <Brake>127</Brake>
  <DayTime>06:54:25</DayTime>
  <Position>
    <X>-3128.29858</X>
    <Y>1015.31891</Y>
    <Z>19.20166</Z>
  </Position>
  <Rotation>
    <X>2.95021343</X>
    <Y>0.138813913</Y>
    <Z>-23.1547337</Z>
  </Rotation>
</Screenshot>