<?xml version="1.0" encoding="utf-8"?>
<Screenshot xmlns:xsd="http://www.w3.org/2001/XMLSchema" xmlns:xsi="http://www.w3.org/2001/XMLSchema-instance">
  <Cars />
  <MyCar>
    <Position>
      <X>-3128.44067</X>
      <Y>1014.95123</Y>
      <Z>18.2749786</Z>
    </Position>
    <Rotation>
      <X>3.41780972</X>
      <Y>-0.3977069</Y>
      <Z>-23.5550537</Z>
    </Rotation>
    <Handle>1538</Handle>
    <Bounds>
      <Vector3>
        <X>-3130.37427</X>
        <Y>1013.05615</Y>
        <Z>17.38877</Z>
      </Vector3>
      <Vector3>
        <X>-3128.50171</X>
        <Y>1012.23987</Y>
        <Z>17.4029484</Z>
      </Vector3>
      <Vector3>
        <X>-3128.33545</X>
        <Y>1017.73804</Y>
        <Z>17.693737</Z>
      </Vector3>
      <Vector3>
        <X>-3130.41821</X>
        <Y>1012.98065</Y>
        <Z>18.8420429</Z>
      </Vector3>
      <Vector3>
        <X>-3126.463</X>
        <Y>1016.92169</Y>
        <Z>17.7079163</Z>
      </Vector3>
      <Vector3>
        <X>-3128.54565</X>
        <Y>1012.16431</Y>
        <Z>18.8562222</Z>
      </Vector3>
      <Vector3>
        <X>-3128.37939</X>
        <Y>1017.66248</Y>
        <Z>19.14701</Z>
      </Vector3>
      <Vector3>
        <X>-3126.50684</X>
        <Y>1016.84619</Y>
        <Z>19.16119</Z>
      </Vector3>
    </Bounds>
    <CenterCamPosition>
      <X>0</X>
      <Y>0</Y>
    </CenterCamPosition>
    <ScreenBounds />
    <DistanceToCam>0</DistanceToCam>
    <Speed>12.9122667</Speed>
    <AccInput>0.283660173</AccInput>
    <RPM>0.5153439</RPM>
    <Gear>2</Gear>
    <SteeringAngle>-3.85004926</SteeringAngle>
    <WheelSpeed>0</WheelSpeed>
    <CarType>Sports</CarType>
  </MyCar>
  <Peds />
  <Time>104434</Time>
  <LastFrameTime>0.02887126</LastFrameTime>
  <MyProperty>0</MyProperty>
  <Weather>ExtraSunny</Weather>
  <Steering>140</Steering>
  <Acc>163</Acc>
  <Brake>127</Brake>
  <DayTime>06:54:26</DayTime>
  <Position>
    <X>-3128.1438</X>
    <Y>1015.66364</Y>
    <Z>19.2238445</Z>
  </Position>
  <Rotation>
    <X>2.94523263</X>
    <Y>0.120212041</Y>
    <Z>-23.3470726</Z>
  </Rotation>
</Screenshot>