<?xml version="1.0" encoding="utf-8"?>
<Screenshot xmlns:xsd="http://www.w3.org/2001/XMLSchema" xmlns:xsi="http://www.w3.org/2001/XMLSchema-instance">
  <Cars />
  <MyCar>
    <Position>
      <X>-3128.327</X>
      <Y>1015.20673</Y>
      <Z>18.291048</Z>
    </Position>
    <Rotation>
      <X>3.3878963</X>
      <Y>-0.407555521</Y>
      <Z>-23.7210751</Z>
    </Rotation>
    <Handle>1538</Handle>
    <Bounds>
      <Vector3>
        <X>-3130.26587</X>
        <Y>1013.31683</Y>
        <Z>17.4059753</Z>
      </Vector3>
      <Vector3>
        <X>-3128.396</X>
        <Y>1012.49506</Y>
        <Z>17.4205055</Z>
      </Vector3>
      <Vector3>
        <X>-3128.21362</X>
        <Y>1017.99292</Y>
        <Z>17.7082767</Z>
      </Vector3>
      <Vector3>
        <X>-3130.31</X>
        <Y>1013.24219</Y>
        <Z>18.8592911</Z>
      </Vector3>
      <Vector3>
        <X>-3126.34351</X>
        <Y>1017.17114</Y>
        <Z>17.7228069</Z>
      </Vector3>
      <Vector3>
        <X>-3128.44</X>
        <Y>1012.42047</Y>
        <Z>18.8738213</Z>
      </Vector3>
      <Vector3>
        <X>-3128.25781</X>
        <Y>1017.91827</Y>
        <Z>19.1615925</Z>
      </Vector3>
      <Vector3>
        <X>-3126.3877</X>
        <Y>1017.09656</Y>
        <Z>19.1761227</Z>
      </Vector3>
    </Bounds>
    <CenterCamPosition>
      <X>0</X>
      <Y>0</Y>
    </CenterCamPosition>
    <ScreenBounds />
    <DistanceToCam>0</DistanceToCam>
    <Speed>12.928894</Speed>
    <AccInput>0.283660173</AccInput>
    <RPM>0.515868068</RPM>
    <Gear>2</Gear>
    <SteeringAngle>-3.927357</SteeringAngle>
    <WheelSpeed>0</WheelSpeed>
    <CarType>Sports</CarType>
  </MyCar>
  <Peds />
  <Time>104455</Time>
  <LastFrameTime>0.0216778051</LastFrameTime>
  <MyProperty>0</MyProperty>
  <Weather>ExtraSunny</Weather>
  <Steering>140</Steering>
  <Acc>163</Acc>
  <Brake>127</Brake>
  <DayTime>06:54:27</DayTime>
  <Position>
    <X>-3127.9895</X>
    <Y>1016.00281</Y>
    <Z>19.244894</Z>
  </Position>
  <Rotation>
    <X>2.91780949</X>
    <Y>0.102293126</Y>
    <Z>-23.55505</Z>
  </Rotation>
</Screenshot>