<?xml version="1.0" encoding="utf-8"?>
<Screenshot xmlns:xsd="http://www.w3.org/2001/XMLSchema" xmlns:xsi="http://www.w3.org/2001/XMLSchema-instance">
  <Cars />
  <MyCar>
    <Position>
      <X>-3128.2124</X>
      <Y>1015.46161</Y>
      <Z>18.3070011</Z>
    </Position>
    <Rotation>
      <X>3.352221</X>
      <Y>-0.417254567</Y>
      <Z>-23.894495</Z>
    </Rotation>
    <Handle>1538</Handle>
    <Bounds>
      <Vector3>
        <X>-3130.15723</X>
        <Y>1013.577</Y>
        <Z>17.4233189</Z>
      </Vector3>
      <Vector3>
        <X>-3128.28979</X>
        <Y>1012.74963</Y>
        <Z>17.4381943</Z>
      </Vector3>
      <Vector3>
        <X>-3128.09082</X>
        <Y>1018.24707</Y>
        <Z>17.72244</Z>
      </Vector3>
      <Vector3>
        <X>-3130.20142</X>
        <Y>1013.50348</Y>
        <Z>18.876688</Z>
      </Vector3>
      <Vector3>
        <X>-3126.22314</X>
        <Y>1017.41968</Y>
        <Z>17.7373161</Z>
      </Vector3>
      <Vector3>
        <X>-3128.33374</X>
        <Y>1012.67609</Y>
        <Z>18.8915634</Z>
      </Vector3>
      <Vector3>
        <X>-3128.135</X>
        <Y>1018.17352</Y>
        <Z>19.17581</Z>
      </Vector3>
      <Vector3>
        <X>-3126.26733</X>
        <Y>1017.34613</Y>
        <Z>19.1906853</Z>
      </Vector3>
    </Bounds>
    <CenterCamPosition>
      <X>0</X>
      <Y>0</Y>
    </CenterCamPosition>
    <ScreenBounds />
    <DistanceToCam>0</DistanceToCam>
    <Speed>12.9454317</Speed>
    <AccInput>0.283660173</AccInput>
    <RPM>0.5164028</RPM>
    <Gear>2</Gear>
    <SteeringAngle>-3.92009068</SteeringAngle>
    <WheelSpeed>0</WheelSpeed>
    <CarType>Sports</CarType>
  </MyCar>
  <Peds />
  <Time>104477</Time>
  <LastFrameTime>0.0216185376</LastFrameTime>
  <MyProperty>0</MyProperty>
  <Weather>ExtraSunny</Weather>
  <Steering>139</Steering>
  <Acc>163</Acc>
  <Brake>127</Brake>
  <DayTime>06:54:27</DayTime>
  <Position>
    <X>-3127.8728</X>
    <Y>1016.25751</Y>
    <Z>19.2603645</Z>
  </Position>
  <Rotation>
    <X>2.887896</X>
    <Y>0.09244451</Y>
    <Z>-23.721077</Z>
  </Rotation>
</Screenshot>