<?xml version="1.0" encoding="utf-8"?>
<Screenshot xmlns:xsd="http://www.w3.org/2001/XMLSchema" xmlns:xsi="http://www.w3.org/2001/XMLSchema-instance">
  <Cars />
  <MyCar>
    <Position>
      <X>-3128.0625</X>
      <Y>1015.79266</Y>
      <Z>18.3276463</Z>
    </Position>
    <Rotation>
      <X>3.30961</X>
      <Y>-0.419835985</Y>
      <Z>-24.1284027</Z>
    </Rotation>
    <Handle>1538</Handle>
    <Bounds>
      <Vector3>
        <X>-3130.01538</X>
        <Y>1013.91541</Y>
        <Z>17.4457855</Z>
      </Vector3>
      <Vector3>
        <X>-3128.15112</X>
        <Y>1013.08038</Y>
        <Z>17.4607544</Z>
      </Vector3>
      <Vector3>
        <X>-3127.92969</X>
        <Y>1018.57715</Y>
        <Z>17.74111</Z>
      </Vector3>
      <Vector3>
        <X>-3130.05933</X>
        <Y>1013.84308</Y>
        <Z>18.8992176</Z>
      </Vector3>
      <Vector3>
        <X>-3126.06543</X>
        <Y>1017.74219</Y>
        <Z>17.7560768</Z>
      </Vector3>
      <Vector3>
        <X>-3128.195</X>
        <Y>1013.00806</Y>
        <Z>18.9141846</Z>
      </Vector3>
      <Vector3>
        <X>-3127.97363</X>
        <Y>1018.50482</Y>
        <Z>19.19454</Z>
      </Vector3>
      <Vector3>
        <X>-3126.10938</X>
        <Y>1017.6698</Y>
        <Z>19.2095089</Z>
      </Vector3>
    </Bounds>
    <CenterCamPosition>
      <X>0</X>
      <Y>0</Y>
    </CenterCamPosition>
    <ScreenBounds />
    <DistanceToCam>0</DistanceToCam>
    <Speed>12.9668007</Speed>
    <AccInput>0.283660173</AccInput>
    <RPM>0.5169362</RPM>
    <Gear>2</Gear>
    <SteeringAngle>-3.81978679</SteeringAngle>
    <WheelSpeed>0</WheelSpeed>
    <CarType>Sports</CarType>
  </MyCar>
  <Peds />
  <Time>104505</Time>
  <LastFrameTime>0.0280771945</LastFrameTime>
  <MyProperty>0</MyProperty>
  <Weather>ExtraSunny</Weather>
  <Steering>138</Steering>
  <Acc>163</Acc>
  <Brake>127</Brake>
  <DayTime>06:54:28</DayTime>
  <Position>
    <X>-3127.755</X>
    <Y>1016.5116</Y>
    <Z>19.2756042</Z>
  </Position>
  <Rotation>
    <X>2.852221</X>
    <Y>0.0827454254</Y>
    <Z>-23.8944931</Z>
  </Rotation>
</Screenshot>