<?xml version="1.0" encoding="utf-8"?>
<Screenshot xmlns:xsd="http://www.w3.org/2001/XMLSchema" xmlns:xsi="http://www.w3.org/2001/XMLSchema-instance">
  <Cars />
  <MyCar>
    <Position>
      <X>-3127.94678</X>
      <Y>1016.04645</Y>
      <Z>18.34351</Z>
    </Position>
    <Rotation>
      <X>3.27429867</X>
      <Y>-0.419193774</Y>
      <Z>-24.3112736</Z>
    </Rotation>
    <Handle>1538</Handle>
    <Bounds>
      <Vector3>
        <X>-3129.90576</X>
        <Y>1014.175</Y>
        <Z>17.46321</Z>
      </Vector3>
      <Vector3>
        <X>-3128.04419</X>
        <Y>1013.334</Y>
        <Z>17.4781532</Z>
      </Vector3>
      <Vector3>
        <X>-3127.80518</X>
        <Y>1018.8302</Y>
        <Z>17.7553844</Z>
      </Vector3>
      <Vector3>
        <X>-3129.94971</X>
        <Y>1014.10358</Y>
        <Z>18.91669</Z>
      </Vector3>
      <Vector3>
        <X>-3125.9436</X>
        <Y>1017.98926</Y>
        <Z>17.77033</Z>
      </Vector3>
      <Vector3>
        <X>-3128.08813</X>
        <Y>1013.26257</Y>
        <Z>18.9316368</Z>
      </Vector3>
      <Vector3>
        <X>-3127.849</X>
        <Y>1018.75879</Y>
        <Z>19.208868</Z>
      </Vector3>
      <Vector3>
        <X>-3125.98755</X>
        <Y>1017.91785</Y>
        <Z>19.2238121</Z>
      </Vector3>
    </Bounds>
    <CenterCamPosition>
      <X>0</X>
      <Y>0</Y>
    </CenterCamPosition>
    <ScreenBounds />
    <DistanceToCam>0</DistanceToCam>
    <Speed>12.9833145</Speed>
    <AccInput>0.283660173</AccInput>
    <RPM>0.5176841</RPM>
    <Gear>2</Gear>
    <SteeringAngle>-3.68899965</SteeringAngle>
    <WheelSpeed>0</WheelSpeed>
    <CarType>Sports</CarType>
  </MyCar>
  <Peds />
  <Time>104527</Time>
  <LastFrameTime>0.0215235837</LastFrameTime>
  <MyProperty>0</MyProperty>
  <Weather>ExtraSunny</Weather>
  <Steering>136</Steering>
  <Acc>163</Acc>
  <Brake>127</Brake>
  <DayTime>06:54:29</DayTime>
  <Position>
    <X>-3127.60059</X>
    <Y>1016.84149</Y>
    <Z>19.2953968</Z>
  </Position>
  <Rotation>
    <X>2.80960941</X>
    <Y>0.08016403</Y>
    <Z>-24.1284027</Z>
  </Rotation>
</Screenshot>