<?xml version="1.0" encoding="utf-8"?>
<Screenshot xmlns:xsd="http://www.w3.org/2001/XMLSchema" xmlns:xsi="http://www.w3.org/2001/XMLSchema-instance">
  <Cars />
  <MyCar>
    <Position>
      <X>-3127.78979</X>
      <Y>1016.38812</Y>
      <Z>18.364912</Z>
    </Position>
    <Rotation>
      <X>3.23198843</X>
      <Y>-0.411759824</Y>
      <Z>-24.5520535</Z>
    </Rotation>
    <Handle>1538</Handle>
    <Bounds>
      <Vector3>
        <X>-3129.757</X>
        <Y>1014.52435</Y>
        <Z>17.486599</Z>
      </Vector3>
      <Vector3>
        <X>-3127.89917</X>
        <Y>1013.6756</Y>
        <Z>17.5012779</Z>
      </Vector3>
      <Vector3>
        <X>-3127.63672</X>
        <Y>1019.1709</Y>
        <Z>17.7750034</Z>
      </Vector3>
      <Vector3>
        <X>-3129.80078</X>
        <Y>1014.45404</Y>
        <Z>18.9401436</Z>
      </Vector3>
      <Vector3>
        <X>-3125.77881</X>
        <Y>1018.32208</Y>
        <Z>17.7896824</Z>
      </Vector3>
      <Vector3>
        <X>-3127.94263</X>
        <Y>1013.60529</Y>
        <Z>18.9548225</Z>
      </Vector3>
      <Vector3>
        <X>-3127.68018</X>
        <Y>1019.10059</Y>
        <Z>19.228548</Z>
      </Vector3>
      <Vector3>
        <X>-3125.82227</X>
        <Y>1018.25177</Y>
        <Z>19.243227</Z>
      </Vector3>
    </Bounds>
    <CenterCamPosition>
      <X>0</X>
      <Y>0</Y>
    </CenterCamPosition>
    <ScreenBounds />
    <DistanceToCam>0</DistanceToCam>
    <Speed>13.0053768</Speed>
    <AccInput>0.257516384</AccInput>
    <RPM>0.51843363</RPM>
    <Gear>2</Gear>
    <SteeringAngle>-2.851578</SteeringAngle>
    <WheelSpeed>0</WheelSpeed>
    <CarType>Sports</CarType>
  </MyCar>
  <Peds />
  <Time>104556</Time>
  <LastFrameTime>0.0289690066</LastFrameTime>
  <MyProperty>0</MyProperty>
  <Weather>ExtraSunny</Weather>
  <Steering>127</Steering>
  <Acc>159</Acc>
  <Brake>127</Brake>
  <DayTime>06:54:30</DayTime>
  <Position>
    <X>-3127.4812</X>
    <Y>1017.0943</Y>
    <Z>19.3105545</Z>
  </Position>
  <Rotation>
    <X>2.77429843</X>
    <Y>0.08080628</Y>
    <Z>-24.3112679</Z>
  </Rotation>
</Screenshot>