<?xml version="1.0" encoding="utf-8"?>
<Screenshot xmlns:xsd="http://www.w3.org/2001/XMLSchema" xmlns:xsi="http://www.w3.org/2001/XMLSchema-instance">
  <Cars />
  <MyCar>
    <Position>
      <X>-3127.678</X>
      <Y>1016.63007</Y>
      <Z>18.3801937</Z>
    </Position>
    <Rotation>
      <X>3.19346213</X>
      <Y>-0.39657408</Y>
      <Z>-24.7144833</Z>
    </Rotation>
    <Handle>1538</Handle>
    <Bounds>
      <Vector3>
        <X>-3129.651</X>
        <Y>1014.77142</Y>
        <Z>17.5038376</Z>
      </Vector3>
      <Vector3>
        <X>-3127.79541</X>
        <Y>1013.91742</Y>
        <Z>17.5179768</Z>
      </Vector3>
      <Vector3>
        <X>-3127.51733</X>
        <Y>1019.41211</Y>
        <Z>17.7888088</Z>
      </Vector3>
      <Vector3>
        <X>-3129.694</X>
        <Y>1014.70197</Y>
        <Z>18.9574413</Z>
      </Vector3>
      <Vector3>
        <X>-3125.66162</X>
        <Y>1018.55804</Y>
        <Z>17.802948</Z>
      </Vector3>
      <Vector3>
        <X>-3127.83838</X>
        <Y>1013.84796</Y>
        <Z>18.97158</Z>
      </Vector3>
      <Vector3>
        <X>-3127.5603</X>
        <Y>1019.34259</Y>
        <Z>19.2424126</Z>
      </Vector3>
      <Vector3>
        <X>-3125.70483</X>
        <Y>1018.48859</Y>
        <Z>19.25655</Z>
      </Vector3>
    </Bounds>
    <CenterCamPosition>
      <X>0</X>
      <Y>0</Y>
    </CenterCamPosition>
    <ScreenBounds />
    <DistanceToCam>0</DistanceToCam>
    <Speed>13.02108</Speed>
    <AccInput>0.257516384</AccInput>
    <RPM>0.5192064</RPM>
    <Gear>2</Gear>
    <SteeringAngle>-2.39360523</SteeringAngle>
    <WheelSpeed>0</WheelSpeed>
    <CarType>Sports</CarType>
  </MyCar>
  <Peds />
  <Time>104576</Time>
  <LastFrameTime>0.0205048583</LastFrameTime>
  <MyProperty>0</MyProperty>
  <Weather>ExtraSunny</Weather>
  <Steering>127</Steering>
  <Acc>159</Acc>
  <Brake>127</Brake>
  <DayTime>06:54:30</DayTime>
  <Position>
    <X>-3127.31934</X>
    <Y>1017.43463</Y>
    <Z>19.33111</Z>
  </Position>
  <Rotation>
    <X>2.73198819</X>
    <Y>0.0882402062</Y>
    <Z>-24.5520515</Z>
  </Rotation>
</Screenshot>