<?xml version="1.0" encoding="utf-8"?>
<Screenshot xmlns:xsd="http://www.w3.org/2001/XMLSchema" xmlns:xsi="http://www.w3.org/2001/XMLSchema-instance">
  <Cars />
  <MyCar>
    <Position>
      <X>-3127.243</X>
      <Y>1017.56342</Y>
      <Z>18.4382133</Z>
    </Position>
    <Rotation>
      <X>3.07701325</X>
      <Y>-0.3390665</Y>
      <Z>-25.2391453</Z>
    </Rotation>
    <Handle>1538</Handle>
    <Bounds>
      <Vector3>
        <X>-3129.23438</X>
        <Y>1015.72174</Y>
        <Z>17.5679874</Z>
      </Vector3>
      <Vector3>
        <X>-3127.38672</X>
        <Y>1014.85077</Y>
        <Z>17.5800762</Z>
      </Vector3>
      <Vector3>
        <X>-3127.05786</X>
        <Y>1020.343</Y>
        <Z>17.8425789</Z>
      </Vector3>
      <Vector3>
        <X>-3129.27563</X>
        <Y>1015.65472</Y>
        <Z>19.02176</Z>
      </Vector3>
      <Vector3>
        <X>-3125.21</X>
        <Y>1019.472</Y>
        <Z>17.8546677</Z>
      </Vector3>
      <Vector3>
        <X>-3127.42773</X>
        <Y>1014.78369</Y>
        <Z>19.03385</Z>
      </Vector3>
      <Vector3>
        <X>-3127.09888</X>
        <Y>1020.276</Y>
        <Z>19.2963524</Z>
      </Vector3>
      <Vector3>
        <X>-3125.25122</X>
        <Y>1019.40497</Y>
        <Z>19.3084412</Z>
      </Vector3>
    </Bounds>
    <CenterCamPosition>
      <X>0</X>
      <Y>0</Y>
    </CenterCamPosition>
    <ScreenBounds />
    <DistanceToCam>0</DistanceToCam>
    <Speed>13.0762577</Speed>
    <AccInput>0.257516384</AccInput>
    <RPM>0.521243334</RPM>
    <Gear>2</Gear>
    <SteeringAngle>-1.19422448</SteeringAngle>
    <WheelSpeed>0</WheelSpeed>
    <CarType>Sports</CarType>
  </MyCar>
  <Peds />
  <Time>104655</Time>
  <LastFrameTime>0.0300649982</LastFrameTime>
  <MyProperty>0</MyProperty>
  <Weather>ExtraSunny</Weather>
  <Steering>127</Steering>
  <Acc>159</Acc>
  <Brake>127</Brake>
  <DayTime>06:54:33</DayTime>
  <Position>
    <X>-3126.928</X>
    <Y>1018.25183</Y>
    <Z>19.38024</Z>
  </Position>
  <Rotation>
    <X>2.60959983</X>
    <Y>0.130296156</Y>
    <Z>-25.06075</Z>
  </Rotation>
</Screenshot>