<?xml version="1.0" encoding="utf-8"?>
<Screenshot xmlns:xsd="http://www.w3.org/2001/XMLSchema" xmlns:xsi="http://www.w3.org/2001/XMLSchema-instance">
  <Cars />
  <MyCar>
    <Position>
      <X>-3127.52051</X>
      <Y>1016.96948</Y>
      <Z>18.4015141</Z>
    </Position>
    <Rotation>
      <X>3.14368</X>
      <Y>-0.3809984</Y>
      <Z>-24.924696</Z>
    </Rotation>
    <Handle>1538</Handle>
    <Bounds>
      <Vector3>
        <X>-3129.501</X>
        <Y>1015.11755</Y>
        <Z>17.5276184</Z>
      </Vector3>
      <Vector3>
        <X>-3127.64844</X>
        <Y>1014.25671</Y>
        <Z>17.5412025</Z>
      </Vector3>
      <Vector3>
        <X>-3127.34985</X>
        <Y>1019.75049</Y>
        <Z>17.8081532</Z>
      </Vector3>
      <Vector3>
        <X>-3129.54321</X>
        <Y>1015.04919</Y>
        <Z>18.9812946</Z>
      </Vector3>
      <Vector3>
        <X>-3125.49756</X>
        <Y>1018.88965</Y>
        <Z>17.8217354</Z>
      </Vector3>
      <Vector3>
        <X>-3127.691</X>
        <Y>1014.18835</Y>
        <Z>18.9948769</Z>
      </Vector3>
      <Vector3>
        <X>-3127.39233</X>
        <Y>1019.68219</Y>
        <Z>19.2618275</Z>
      </Vector3>
      <Vector3>
        <X>-3125.54</X>
        <Y>1018.82135</Y>
        <Z>19.2754116</Z>
      </Vector3>
    </Bounds>
    <CenterCamPosition>
      <X>0</X>
      <Y>0</Y>
    </CenterCamPosition>
    <ScreenBounds />
    <DistanceToCam>0</DistanceToCam>
    <Speed>13.0414581</Speed>
    <AccInput>0.257516384</AccInput>
    <RPM>0.519802153</RPM>
    <Gear>2</Gear>
    <SteeringAngle>-1.85466576</SteeringAngle>
    <WheelSpeed>0</WheelSpeed>
    <CarType>Sports</CarType>
  </MyCar>
  <Peds />
  <Time>104605</Time>
  <LastFrameTime>0.028756449</LastFrameTime>
  <MyProperty>0</MyProperty>
  <Weather>ExtraSunny</Weather>
  <Steering>127</Steering>
  <Acc>159</Acc>
  <Brake>127</Brake>
  <DayTime>06:54:31</DayTime>
  <Position>
    <X>-3127.204</X>
    <Y>1017.67572</Y>
    <Z>19.345623</Z>
  </Position>
  <Rotation>
    <X>2.69346213</X>
    <Y>0.103425868</Y>
    <Z>-24.7144814</Z>
  </Rotation>
</Screenshot>