<?xml version="1.0" encoding="utf-8"?>
<Screenshot xmlns:xsd="http://www.w3.org/2001/XMLSchema" xmlns:xsi="http://www.w3.org/2001/XMLSchema-instance">
  <Cars />
  <MyCar>
    <Position>
      <X>-3127.40918</X>
      <Y>1017.208</Y>
      <Z>18.4164886</Z>
    </Position>
    <Rotation>
      <X>3.10959983</X>
      <Y>-0.36970374</Y>
      <Z>-25.06075</Z>
    </Rotation>
    <Handle>1538</Handle>
    <Bounds>
      <Vector3>
        <X>-3129.39429</X>
        <Y>1015.36041</Y>
        <Z>17.5442886</Z>
      </Vector3>
      <Vector3>
        <X>-3127.544</X>
        <Y>1014.49512</Y>
        <Z>17.55747</Z>
      </Vector3>
      <Vector3>
        <X>-3127.23218</X>
        <Y>1019.98834</Y>
        <Z>17.821785</Z>
      </Vector3>
      <Vector3>
        <X>-3129.43628</X>
        <Y>1015.29279</Y>
        <Z>18.9980125</Z>
      </Vector3>
      <Vector3>
        <X>-3125.38184</X>
        <Y>1019.12311</Y>
        <Z>17.8349648</Z>
      </Vector3>
      <Vector3>
        <X>-3127.586</X>
        <Y>1014.42755</Y>
        <Z>19.0111942</Z>
      </Vector3>
      <Vector3>
        <X>-3127.27417</X>
        <Y>1019.92078</Y>
        <Z>19.2755089</Z>
      </Vector3>
      <Vector3>
        <X>-3125.42383</X>
        <Y>1019.05554</Y>
        <Z>19.28869</Z>
      </Vector3>
    </Bounds>
    <CenterCamPosition>
      <X>0</X>
      <Y>0</Y>
    </CenterCamPosition>
    <ScreenBounds />
    <DistanceToCam>0</DistanceToCam>
    <Speed>13.0557642</Speed>
    <AccInput>0.257516384</AccInput>
    <RPM>0.520583332</RPM>
    <Gear>2</Gear>
    <SteeringAngle>-1.561547</SteeringAngle>
    <WheelSpeed>0</WheelSpeed>
    <CarType>Sports</CarType>
  </MyCar>
  <Peds />
  <Time>104625</Time>
  <LastFrameTime>0.0201936234</LastFrameTime>
  <MyProperty>0</MyProperty>
  <Weather>ExtraSunny</Weather>
  <Steering>127</Steering>
  <Acc>159</Acc>
  <Brake>127</Brake>
  <DayTime>06:54:32</DayTime>
  <Position>
    <X>-3127.04224</X>
    <Y>1018.01404</Y>
    <Z>19.3659458</Z>
  </Position>
  <Rotation>
    <X>2.64368033</X>
    <Y>0.11900162</Y>
    <Z>-24.924696</Z>
  </Rotation>
</Screenshot>