<?xml version="1.0" encoding="utf-8"?>
<Screenshot xmlns:xsd="http://www.w3.org/2001/XMLSchema" xmlns:xsi="http://www.w3.org/2001/XMLSchema-instance">
  <Cars />
  <MyCar>
    <Position>
      <X>-3127.11523</X>
      <Y>1017.83459</Y>
      <Z>18.4543915</Z>
    </Position>
    <Rotation>
      <X>3.06204057</X>
      <Y>-0.303353071</Y>
      <Z>-25.3554783</Z>
    </Rotation>
    <Handle>1538</Handle>
    <Bounds>
      <Vector3>
        <X>-3129.111</X>
        <Y>1015.997</Y>
        <Z>17.5854568</Z>
      </Vector3>
      <Vector3>
        <X>-3127.26514</X>
        <Y>1015.12225</Y>
        <Z>17.5962715</Z>
      </Vector3>
      <Vector3>
        <X>-3126.9248</X>
        <Y>1020.61383</Y>
        <Z>17.8587132</Z>
      </Vector3>
      <Vector3>
        <X>-3129.15137</X>
        <Y>1015.93</Y>
        <Z>19.0392551</Z>
      </Vector3>
      <Vector3>
        <X>-3125.07886</X>
        <Y>1019.73907</Y>
        <Z>17.86953</Z>
      </Vector3>
      <Vector3>
        <X>-3127.30542</X>
        <Y>1015.05524</Y>
        <Z>19.05007</Z>
      </Vector3>
      <Vector3>
        <X>-3126.965</X>
        <Y>1020.54681</Y>
        <Z>19.3125134</Z>
      </Vector3>
      <Vector3>
        <X>-3125.11914</X>
        <Y>1019.67212</Y>
        <Z>19.323328</Z>
      </Vector3>
    </Bounds>
    <CenterCamPosition>
      <X>0</X>
      <Y>0</Y>
    </CenterCamPosition>
    <ScreenBounds />
    <DistanceToCam>0</DistanceToCam>
    <Speed>13.0939608</Speed>
    <AccInput>0.257516384</AccInput>
    <RPM>0.522196651</RPM>
    <Gear>2</Gear>
    <SteeringAngle>-0.9800602</SteeringAngle>
    <WheelSpeed>0</WheelSpeed>
    <CarType>Sports</CarType>
  </MyCar>
  <Peds />
  <Time>104678</Time>
  <LastFrameTime>0.02293081</LastFrameTime>
  <MyProperty>0</MyProperty>
  <Weather>ExtraSunny</Weather>
  <Steering>127</Steering>
  <Acc>159</Acc>
  <Brake>127</Brake>
  <DayTime>06:54:33</DayTime>
  <Position>
    <X>-3126.75781</X>
    <Y>1018.606</Y>
    <Z>19.4013119</Z>
  </Position>
  <Rotation>
    <X>2.57701325</X>
    <Y>0.160933435</Y>
    <Z>-25.2391434</Z>
  </Rotation>
</Screenshot>