<?xml version="1.0" encoding="utf-8"?>
<Screenshot xmlns:xsd="http://www.w3.org/2001/XMLSchema" xmlns:xsi="http://www.w3.org/2001/XMLSchema-instance">
  <Cars />
  <MyCar>
    <Position>
      <X>-3126.525</X>
      <Y>1019.07648</Y>
      <Z>18.5268478</Z>
    </Position>
    <Rotation>
      <X>3.031632</X>
      <Y>-0.103026114</Y>
      <Z>-25.72593</Z>
    </Rotation>
    <Handle>1538</Handle>
    <Bounds>
      <Vector3>
        <X>-3128.5354</X>
        <Y>1017.25275</Y>
        <Z>17.6628075</Z>
      </Vector3>
      <Vector3>
        <X>-3126.69531</X>
        <Y>1016.366</Y>
        <Z>17.666481</Z>
      </Vector3>
      <Vector3>
        <X>-3126.3186</X>
        <Y>1021.85504</Y>
        <Z>17.9333572</Z>
      </Vector3>
      <Vector3>
        <X>-3128.57129</X>
        <Y>1017.18451</Y>
        <Z>19.1166668</Z>
      </Vector3>
      <Vector3>
        <X>-3124.47827</X>
        <Y>1020.96838</Y>
        <Z>17.93703</Z>
      </Vector3>
      <Vector3>
        <X>-3126.731</X>
        <Y>1016.29779</Y>
        <Z>19.1203384</Z>
      </Vector3>
      <Vector3>
        <X>-3126.35425</X>
        <Y>1021.7868</Y>
        <Z>19.3872147</Z>
      </Vector3>
      <Vector3>
        <X>-3124.51416</X>
        <Y>1020.90015</Y>
        <Z>19.3908882</Z>
      </Vector3>
    </Bounds>
    <CenterCamPosition>
      <X>0</X>
      <Y>0</Y>
    </CenterCamPosition>
    <ScreenBounds />
    <DistanceToCam>0</DistanceToCam>
    <Speed>13.1927681</Speed>
    <AccInput>0.257516384</AccInput>
    <RPM>0.526502132</RPM>
    <Gear>2</Gear>
    <SteeringAngle>-0.392474562</SteeringAngle>
    <WheelSpeed>0</WheelSpeed>
    <CarType>Sports</CarType>
  </MyCar>
  <Peds />
  <Time>104783</Time>
  <LastFrameTime>0.0258395951</LastFrameTime>
  <MyProperty>0</MyProperty>
  <Weather>ExtraSunny</Weather>
  <Steering>127</Steering>
  <Acc>159</Acc>
  <Brake>127</Brake>
  <DayTime>06:54:36</DayTime>
  <Position>
    <X>-3126.17578</X>
    <Y>1019.80768</Y>
    <Z>19.471344</Z>
  </Position>
  <Rotation>
    <X>2.54058957</X>
    <Y>0.339585751</Y>
    <Z>-25.65746</Z>
  </Rotation>
</Screenshot>