<?xml version="1.0" encoding="utf-8"?>
<Screenshot xmlns:xsd="http://www.w3.org/2001/XMLSchema" xmlns:xsi="http://www.w3.org/2001/XMLSchema-instance">
  <Cars />
  <MyCar>
    <Position>
      <X>-3126.966</X>
      <Y>1018.15</Y>
      <Z>18.4728451</Z>
    </Position>
    <Rotation>
      <X>3.056024</X>
      <Y>-0.263544828</Y>
      <Z>-25.4742279</Z>
    </Rotation>
    <Handle>1538</Handle>
    <Bounds>
      <Vector3>
        <X>-3128.96631</X>
        <Y>1016.31677</Y>
        <Z>17.6048813</Z>
      </Vector3>
      <Vector3>
        <X>-3127.122</X>
        <Y>1015.43817</Y>
        <Z>17.6142769</Z>
      </Vector3>
      <Vector3>
        <X>-3126.77026</X>
        <Y>1020.92896</Y>
        <Z>17.8776016</Z>
      </Vector3>
      <Vector3>
        <X>-3129.00562</X>
        <Y>1016.24957</Y>
        <Z>19.0586929</Z>
      </Vector3>
      <Vector3>
        <X>-3124.92627</X>
        <Y>1020.05042</Y>
        <Z>17.887</Z>
      </Vector3>
      <Vector3>
        <X>-3127.16162</X>
        <Y>1015.371</Y>
        <Z>19.0680885</Z>
      </Vector3>
      <Vector3>
        <X>-3126.80981</X>
        <Y>1020.86176</Y>
        <Z>19.3314152</Z>
      </Vector3>
      <Vector3>
        <X>-3124.96558</X>
        <Y>1019.98322</Y>
        <Z>19.34081</Z>
      </Vector3>
    </Bounds>
    <CenterCamPosition>
      <X>0</X>
      <Y>0</Y>
    </CenterCamPosition>
    <ScreenBounds />
    <DistanceToCam>0</DistanceToCam>
    <Speed>13.1208706</Speed>
    <AccInput>0.257516384</AccInput>
    <RPM>0.5235769</RPM>
    <Gear>2</Gear>
    <SteeringAngle>-0.775965333</SteeringAngle>
    <WheelSpeed>0</WheelSpeed>
    <CarType>Sports</CarType>
  </MyCar>
  <Peds />
  <Time>104705</Time>
  <LastFrameTime>0.0266380068</LastFrameTime>
  <MyProperty>0</MyProperty>
  <Weather>ExtraSunny</Weather>
  <Steering>127</Steering>
  <Acc>159</Acc>
  <Brake>127</Brake>
  <DayTime>06:54:34</DayTime>
  <Position>
    <X>-3126.6272</X>
    <Y>1018.87616</Y>
    <Z>19.4171944</Z>
  </Position>
  <Rotation>
    <X>2.56204057</X>
    <Y>0.196646854</Y>
    <Z>-25.3554764</Z>
  </Rotation>
</Screenshot>