<?xml version="1.0" encoding="utf-8"?>
<Screenshot xmlns:xsd="http://www.w3.org/2001/XMLSchema" xmlns:xsi="http://www.w3.org/2001/XMLSchema-instance">
  <Cars />
  <MyCar>
    <Position>
      <X>-3126.67163</X>
      <Y>1018.76941</Y>
      <Z>18.5089626</Z>
    </Position>
    <Rotation>
      <X>3.04058957</X>
      <Y>-0.160414129</Y>
      <Z>-25.6574612</Z>
    </Rotation>
    <Handle>1538</Handle>
    <Bounds>
      <Vector3>
        <X>-3128.6792</X>
        <Y>1016.943</Y>
        <Z>17.6435089</Z>
      </Vector3>
      <Vector3>
        <X>-3126.838</X>
        <Y>1016.05853</Y>
        <Z>17.6492271</Z>
      </Vector3>
      <Vector3>
        <X>-3126.468</X>
        <Y>1021.54803</Y>
        <Z>17.914856</Z>
      </Vector3>
      <Vector3>
        <X>-3128.71631</X>
        <Y>1016.87518</Y>
        <Z>19.0973511</Z>
      </Vector3>
      <Vector3>
        <X>-3124.62671</X>
        <Y>1020.66357</Y>
        <Z>17.9205742</Z>
      </Vector3>
      <Vector3>
        <X>-3126.875</X>
        <Y>1015.99066</Y>
        <Z>19.10307</Z>
      </Vector3>
      <Vector3>
        <X>-3126.50513</X>
        <Y>1021.48016</Y>
        <Z>19.3686981</Z>
      </Vector3>
      <Vector3>
        <X>-3124.66382</X>
        <Y>1020.5957</Y>
        <Z>19.3744183</Z>
      </Vector3>
    </Bounds>
    <CenterCamPosition>
      <X>0</X>
      <Y>0</Y>
    </CenterCamPosition>
    <ScreenBounds />
    <DistanceToCam>0</DistanceToCam>
    <Speed>13.1700191</Speed>
    <AccInput>0.257516384</AccInput>
    <RPM>0.525616646</RPM>
    <Gear>2</Gear>
    <SteeringAngle>-0.491624534</SteeringAngle>
    <WheelSpeed>0</WheelSpeed>
    <CarType>Sports</CarType>
  </MyCar>
  <Peds />
  <Time>104757</Time>
  <LastFrameTime>0.0278658774</LastFrameTime>
  <MyProperty>0</MyProperty>
  <Weather>ExtraSunny</Weather>
  <Steering>127</Steering>
  <Acc>159</Acc>
  <Brake>127</Brake>
  <DayTime>06:54:36</DayTime>
  <Position>
    <X>-3126.336</X>
    <Y>1019.478</Y>
    <Z>19.4522572</Z>
  </Position>
  <Rotation>
    <X>2.54940081</X>
    <Y>0.2820261</Y>
    <Z>-25.5677643</Z>
  </Rotation>
</Screenshot>