<?xml version="1.0" encoding="utf-8"?>
<Screenshot xmlns:xsd="http://www.w3.org/2001/XMLSchema" xmlns:xsi="http://www.w3.org/2001/XMLSchema-instance">
  <Cars />
  <MyCar>
    <Position>
      <X>-3126.829</X>
      <Y>1018.43866</Y>
      <Z>18.4897022</Z>
    </Position>
    <Rotation>
      <X>3.049401</X>
      <Y>-0.217973828</Y>
      <Z>-25.5677662</Z>
    </Rotation>
    <Handle>1538</Handle>
    <Bounds>
      <Vector3>
        <X>-3128.833</X>
        <Y>1016.60883</Y>
        <Z>17.6228371</Z>
      </Vector3>
      <Vector3>
        <X>-3126.99023</X>
        <Y>1015.72729</Y>
        <Z>17.63061</Z>
      </Vector3>
      <Vector3>
        <X>-3126.62915</X>
        <Y>1021.21741</Y>
        <Z>17.89497</Z>
      </Vector3>
      <Vector3>
        <X>-3128.87134</X>
        <Y>1016.54138</Y>
        <Z>19.076664</Z>
      </Vector3>
      <Vector3>
        <X>-3124.78662</X>
        <Y>1020.33582</Y>
        <Z>17.90274</Z>
      </Vector3>
      <Vector3>
        <X>-3127.02881</X>
        <Y>1015.65979</Y>
        <Z>19.0844345</Z>
      </Vector3>
      <Vector3>
        <X>-3126.66772</X>
        <Y>1021.14996</Y>
        <Z>19.3487968</Z>
      </Vector3>
      <Vector3>
        <X>-3124.825</X>
        <Y>1020.26837</Y>
        <Z>19.3565674</Z>
      </Vector3>
    </Bounds>
    <CenterCamPosition>
      <X>0</X>
      <Y>0</Y>
    </CenterCamPosition>
    <ScreenBounds />
    <DistanceToCam>0</DistanceToCam>
    <Speed>13.1444426</Speed>
    <AccInput>0.257516384</AccInput>
    <RPM>0.5246986</RPM>
    <Gear>2</Gear>
    <SteeringAngle>-0.6283642</SteeringAngle>
    <WheelSpeed>0</WheelSpeed>
    <CarType>Sports</CarType>
  </MyCar>
  <Peds />
  <Time>104729</Time>
  <LastFrameTime>0.0243454836</LastFrameTime>
  <MyProperty>0</MyProperty>
  <Weather>ExtraSunny</Weather>
  <Steering>127</Steering>
  <Acc>159</Acc>
  <Brake>127</Brake>
  <DayTime>06:54:35</DayTime>
  <Position>
    <X>-3126.47534</X>
    <Y>1019.19043</Y>
    <Z>19.43553</Z>
  </Position>
  <Rotation>
    <X>2.55602431</X>
    <Y>0.236455083</Y>
    <Z>-25.474226</Z>
  </Rotation>
</Screenshot>