<?xml version="1.0" encoding="utf-8"?>
<Screenshot xmlns:xsd="http://www.w3.org/2001/XMLSchema" xmlns:xsi="http://www.w3.org/2001/XMLSchema-instance">
  <Cars />
  <MyCar>
    <Position>
      <X>-3125.92114</X>
      <Y>1020.33191</Y>
      <Z>18.59972</Z>
    </Position>
    <Rotation>
      <X>2.97941017</X>
      <Y>0.101889953</Y>
      <Z>-25.896059</Z>
    </Rotation>
    <Handle>1538</Handle>
    <Bounds>
      <Vector3>
        <X>-3127.94019</X>
        <Y>1018.51477</Y>
        <Z>17.7416248</Z>
      </Vector3>
      <Vector3>
        <X>-3126.10278</X>
        <Y>1017.62262</Y>
        <Z>17.7379932</Z>
      </Vector3>
      <Vector3>
        <X>-3125.70874</X>
        <Y>1023.11029</Y>
        <Z>18.0075188</Z>
      </Vector3>
      <Vector3>
        <X>-3127.971</X>
        <Y>1018.44556</Y>
        <Z>19.1955528</Z>
      </Vector3>
      <Vector3>
        <X>-3123.871</X>
        <Y>1022.21814</Y>
        <Z>18.0038872</Z>
      </Vector3>
      <Vector3>
        <X>-3126.1333</X>
        <Y>1017.55341</Y>
        <Z>19.1919212</Z>
      </Vector3>
      <Vector3>
        <X>-3125.7395</X>
        <Y>1023.04108</Y>
        <Z>19.4614468</Z>
      </Vector3>
      <Vector3>
        <X>-3123.90186</X>
        <Y>1022.14893</Y>
        <Z>19.4578152</Z>
      </Vector3>
    </Bounds>
    <CenterCamPosition>
      <X>0</X>
      <Y>0</Y>
    </CenterCamPosition>
    <ScreenBounds />
    <DistanceToCam>0</DistanceToCam>
    <Speed>13.2780075</Speed>
    <AccInput>0.257516384</AccInput>
    <RPM>0.529896</RPM>
    <Gear>2</Gear>
    <SteeringAngle>-0.156144664</SteeringAngle>
    <WheelSpeed>0</WheelSpeed>
    <CarType>Sports</CarType>
  </MyCar>
  <Peds />
  <Time>104888</Time>
  <LastFrameTime>0.0292125959</LastFrameTime>
  <MyProperty>0</MyProperty>
  <Weather>ExtraSunny</Weather>
  <Steering>127</Steering>
  <Acc>159</Acc>
  <Brake>127</Brake>
  <DayTime>06:54:40</DayTime>
  <Position>
    <X>-3125.58618</X>
    <Y>1021.01868</Y>
    <Z>19.5413074</Z>
  </Position>
  <Rotation>
    <X>2.502273</X>
    <Y>0.5596722</Y>
    <Z>-25.8619576</Z>
  </Rotation>
</Screenshot>