<?xml version="1.0" encoding="utf-8"?>
<Screenshot xmlns:xsd="http://www.w3.org/2001/XMLSchema" xmlns:xsi="http://www.w3.org/2001/XMLSchema-instance">
  <Cars />
  <MyCar>
    <Position>
      <X>-3126.08936</X>
      <Y>1019.98322</Y>
      <Z>18.5796928</Z>
    </Position>
    <Rotation>
      <X>3.00227332</X>
      <Y>0.0596722849</Y>
      <Z>-25.8619614</Z>
    </Rotation>
    <Handle>1538</Handle>
    <Bounds>
      <Vector3>
        <X>-3128.10669</X>
        <Y>1018.16492</Y>
        <Z>17.719841</Z>
      </Vector3>
      <Vector3>
        <X>-3126.26855</X>
        <Y>1017.27386</Y>
        <Z>17.7177124</Z>
      </Vector3>
      <Vector3>
        <X>-3125.878</X>
        <Y>1022.76172</Y>
        <Z>17.9877739</Z>
      </Vector3>
      <Vector3>
        <X>-3128.13867</X>
        <Y>1018.09564</Y>
        <Z>19.17374</Z>
      </Vector3>
      <Vector3>
        <X>-3124.03979</X>
        <Y>1021.87067</Y>
        <Z>17.9856453</Z>
      </Vector3>
      <Vector3>
        <X>-3126.30054</X>
        <Y>1017.20459</Y>
        <Z>19.1716118</Z>
      </Vector3>
      <Vector3>
        <X>-3125.91</X>
        <Y>1022.69244</Y>
        <Z>19.4416714</Z>
      </Vector3>
      <Vector3>
        <X>-3124.07178</X>
        <Y>1021.80139</Y>
        <Z>19.4395447</Z>
      </Vector3>
    </Bounds>
    <CenterCamPosition>
      <X>0</X>
      <Y>0</Y>
    </CenterCamPosition>
    <ScreenBounds />
    <DistanceToCam>0</DistanceToCam>
    <Speed>13.2554426</Speed>
    <AccInput>0.257516384</AccInput>
    <RPM>0.5291104</RPM>
    <Gear>2</Gear>
    <SteeringAngle>-0.202152163</SteeringAngle>
    <WheelSpeed>0</WheelSpeed>
    <CarType>Sports</CarType>
  </MyCar>
  <Peds />
  <Time>104859</Time>
  <LastFrameTime>0.0207549613</LastFrameTime>
  <MyProperty>0</MyProperty>
  <Weather>ExtraSunny</Weather>
  <Steering>127</Steering>
  <Acc>159</Acc>
  <Brake>127</Brake>
  <DayTime>06:54:39</DayTime>
  <Position>
    <X>-3125.70654</X>
    <Y>1020.77167</Y>
    <Z>19.5270729</Z>
  </Position>
  <Rotation>
    <X>2.51119232</X>
    <Y>0.521137953</Y>
    <Z>-25.8322487</Z>
  </Rotation>
</Screenshot>