<?xml version="1.0" encoding="utf-8"?>
<Screenshot xmlns:xsd="http://www.w3.org/2001/XMLSchema" xmlns:xsi="http://www.w3.org/2001/XMLSchema-instance">
  <Cars />
  <MyCar>
    <Position>
      <X>-3126.37842</X>
      <Y>1019.3822</Y>
      <Z>18.5446587</Z>
    </Position>
    <Rotation>
      <X>3.02246475</X>
      <Y>-0.04572471</Y>
      <Z>-25.7814865</Z>
    </Rotation>
    <Handle>1538</Handle>
    <Bounds>
      <Vector3>
        <X>-3128.3916</X>
        <Y>1017.56067</Y>
        <Z>17.6820412</Z>
      </Vector3>
      <Vector3>
        <X>-3126.55225</X>
        <Y>1016.67218</Y>
        <Z>17.683672</Z>
      </Vector3>
      <Vector3>
        <X>-3126.17</X>
        <Y>1022.16071</Y>
        <Z>17.9517746</Z>
      </Vector3>
      <Vector3>
        <X>-3128.426</X>
        <Y>1017.492</Y>
        <Z>19.1359138</Z>
      </Vector3>
      <Vector3>
        <X>-3124.33057</X>
        <Y>1021.27228</Y>
        <Z>17.9534035</Z>
      </Vector3>
      <Vector3>
        <X>-3126.58667</X>
        <Y>1016.60358</Y>
        <Z>19.1375446</Z>
      </Vector3>
      <Vector3>
        <X>-3126.20435</X>
        <Y>1022.0921</Y>
        <Z>19.4056454</Z>
      </Vector3>
      <Vector3>
        <X>-3124.365</X>
        <Y>1021.20367</Y>
        <Z>19.4072762</Z>
      </Vector3>
    </Bounds>
    <CenterCamPosition>
      <X>0</X>
      <Y>0</Y>
    </CenterCamPosition>
    <ScreenBounds />
    <DistanceToCam>0</DistanceToCam>
    <Speed>13.2145777</Speed>
    <AccInput>0.257516384</AccInput>
    <RPM>0.5274047</RPM>
    <Gear>2</Gear>
    <SteeringAngle>-0.313800275</SteeringAngle>
    <WheelSpeed>0</WheelSpeed>
    <CarType>Sports</CarType>
  </MyCar>
  <Peds />
  <Time>104808</Time>
  <LastFrameTime>0.0256956145</LastFrameTime>
  <MyProperty>0</MyProperty>
  <Weather>ExtraSunny</Weather>
  <Steering>127</Steering>
  <Acc>159</Acc>
  <Brake>127</Brake>
  <DayTime>06:54:37</DayTime>
  <Position>
    <X>-3126.02686</X>
    <Y>1020.11389</Y>
    <Z>19.4890518</Z>
  </Position>
  <Rotation>
    <X>2.53163242</X>
    <Y>0.3969738</Y>
    <Z>-25.7259274</Z>
  </Rotation>
</Screenshot>