<?xml version="1.0" encoding="utf-8"?>
<Screenshot xmlns:xsd="http://www.w3.org/2001/XMLSchema" xmlns:xsi="http://www.w3.org/2001/XMLSchema-instance">
  <Cars />
  <MyCar>
    <Position>
      <X>-3126.2085</X>
      <Y>1019.73578</Y>
      <Z>18.565279</Z>
    </Position>
    <Rotation>
      <X>3.0111928</X>
      <Y>0.02113805</Y>
      <Z>-25.83225</Z>
    </Rotation>
    <Handle>1538</Handle>
    <Bounds>
      <Vector3>
        <X>-3128.22437</X>
        <Y>1017.91632</Y>
        <Z>17.7043476</Z>
      </Vector3>
      <Vector3>
        <X>-3126.38574</X>
        <Y>1017.02618</Y>
        <Z>17.7035942</Z>
      </Vector3>
      <Vector3>
        <X>-3125.99829</X>
        <Y>1022.51434</Y>
        <Z>17.9730759</Z>
      </Vector3>
      <Vector3>
        <X>-3128.257</X>
        <Y>1017.84723</Y>
        <Z>19.1582355</Z>
      </Vector3>
      <Vector3>
        <X>-3124.15967</X>
        <Y>1021.62421</Y>
        <Z>17.9723225</Z>
      </Vector3>
      <Vector3>
        <X>-3126.41846</X>
        <Y>1016.95715</Y>
        <Z>19.1574821</Z>
      </Vector3>
      <Vector3>
        <X>-3126.031</X>
        <Y>1022.44525</Y>
        <Z>19.4269638</Z>
      </Vector3>
      <Vector3>
        <X>-3124.19238</X>
        <Y>1021.55518</Y>
        <Z>19.42621</Z>
      </Vector3>
    </Bounds>
    <CenterCamPosition>
      <X>0</X>
      <Y>0</Y>
    </CenterCamPosition>
    <ScreenBounds />
    <DistanceToCam>0</DistanceToCam>
    <Speed>13.238822</Speed>
    <AccInput>0.257516384</AccInput>
    <RPM>0.5282455</RPM>
    <Gear>2</Gear>
    <SteeringAngle>-0.241161063</SteeringAngle>
    <WheelSpeed>0</WheelSpeed>
    <CarType>Sports</CarType>
  </MyCar>
  <Peds />
  <Time>104838</Time>
  <LastFrameTime>0.0296864286</LastFrameTime>
  <MyProperty>0</MyProperty>
  <Weather>ExtraSunny</Weather>
  <Steering>127</Steering>
  <Acc>159</Acc>
  <Brake>127</Brake>
  <DayTime>06:54:38</DayTime>
  <Position>
    <X>-3125.87866</X>
    <Y>1020.41882</Y>
    <Z>19.50668</Z>
  </Position>
  <Rotation>
    <X>2.52246451</X>
    <Y>0.454275161</Y>
    <Z>-25.7814827</Z>
  </Rotation>
</Screenshot>