<?xml version="1.0" encoding="utf-8"?>
<Screenshot xmlns:xsd="http://www.w3.org/2001/XMLSchema" xmlns:xsi="http://www.w3.org/2001/XMLSchema-instance">
  <Cars />
  <MyCar>
    <Position>
      <X>-3125.50928</X>
      <Y>1021.18152</Y>
      <Z>18.647419</Z>
    </Position>
    <Rotation>
      <X>2.93140841</X>
      <Y>0.193873152</Y>
      <Z>-25.9518948</Z>
    </Rotation>
    <Handle>1538</Handle>
    <Bounds>
      <Vector3>
        <X>-3127.53174</X>
        <Y>1019.36633</Y>
        <Z>17.7930756</Z>
      </Vector3>
      <Vector3>
        <X>-3125.695</X>
        <Y>1018.47235</Y>
        <Z>17.7861633</Z>
      </Vector3>
      <Vector3>
        <X>-3125.29517</X>
        <Y>1023.95966</Y>
        <Z>18.0546875</Z>
      </Vector3>
      <Vector3>
        <X>-3127.55981</X>
        <Y>1019.29718</Y>
        <Z>19.24706</Z>
      </Vector3>
      <Vector3>
        <X>-3123.4585</X>
        <Y>1023.06573</Y>
        <Z>18.0477772</Z>
      </Vector3>
      <Vector3>
        <X>-3125.72314</X>
        <Y>1018.40326</Y>
        <Z>19.2401485</Z>
      </Vector3>
      <Vector3>
        <X>-3125.32324</X>
        <Y>1023.89056</Y>
        <Z>19.5086727</Z>
      </Vector3>
      <Vector3>
        <X>-3123.48657</X>
        <Y>1022.99664</Y>
        <Z>19.50176</Z>
      </Vector3>
    </Bounds>
    <CenterCamPosition>
      <X>0</X>
      <Y>0</Y>
    </CenterCamPosition>
    <ScreenBounds />
    <DistanceToCam>0</DistanceToCam>
    <Speed>13.3316431</Speed>
    <AccInput>0.252287626</AccInput>
    <RPM>0.5319558</RPM>
    <Gear>2</Gear>
    <SteeringAngle>-0.08448442</SteeringAngle>
    <WheelSpeed>0</WheelSpeed>
    <CarType>Sports</CarType>
  </MyCar>
  <Peds />
  <Time>104959</Time>
  <LastFrameTime>0.0209200438</LastFrameTime>
  <MyProperty>0</MyProperty>
  <Weather>ExtraSunny</Weather>
  <Steering>127</Steering>
  <Acc>159</Acc>
  <Brake>127</Brake>
  <DayTime>06:54:42</DayTime>
  <Position>
    <X>-3125.12427</X>
    <Y>1021.96582</Y>
    <Z>19.593895</Z>
  </Position>
  <Rotation>
    <X>2.44535947</X>
    <Y>0.668628</Y>
    <Z>-25.93864</Z>
  </Rotation>
</Screenshot>