<?xml version="1.0" encoding="utf-8"?>
<Screenshot xmlns:xsd="http://www.w3.org/2001/XMLSchema" xmlns:xsi="http://www.w3.org/2001/XMLSchema-instance">
  <Cars />
  <MyCar>
    <Position>
      <X>-3125.3374</X>
      <Y>1021.53558</Y>
      <Z>18.6671562</Z>
    </Position>
    <Rotation>
      <X>2.9109292</X>
      <Y>0.227775455</Y>
      <Z>-25.9608879</Z>
    </Rotation>
    <Handle>1538</Handle>
    <Bounds>
      <Vector3>
        <X>-3127.3606</X>
        <Y>1019.72064</Y>
        <Z>17.81432</Z>
      </Vector3>
      <Vector3>
        <X>-3125.52417</X>
        <Y>1018.82642</Y>
        <Z>17.8061981</Z>
      </Vector3>
      <Vector3>
        <X>-3125.12329</X>
        <Y>1024.3136</Y>
        <Z>18.0741043</Z>
      </Vector3>
      <Vector3>
        <X>-3127.388</X>
        <Y>1019.65161</Y>
        <Z>19.2683277</Z>
      </Vector3>
      <Vector3>
        <X>-3123.28662</X>
        <Y>1023.41943</Y>
        <Z>18.0659847</Z>
      </Vector3>
      <Vector3>
        <X>-3125.55127</X>
        <Y>1018.75739</Y>
        <Z>19.2602062</Z>
      </Vector3>
      <Vector3>
        <X>-3125.15039</X>
        <Y>1024.24463</Y>
        <Z>19.5281124</Z>
      </Vector3>
      <Vector3>
        <X>-3123.314</X>
        <Y>1023.3504</Y>
        <Z>19.5199928</Z>
      </Vector3>
    </Bounds>
    <CenterCamPosition>
      <X>0</X>
      <Y>0</Y>
    </CenterCamPosition>
    <ScreenBounds />
    <DistanceToCam>0</DistanceToCam>
    <Speed>13.353281</Speed>
    <AccInput>0.252287626</AccInput>
    <RPM>0.5327044</RPM>
    <Gear>2</Gear>
    <SteeringAngle>0.441166759</SteeringAngle>
    <WheelSpeed>0</WheelSpeed>
    <CarType>Sports</CarType>
  </MyCar>
  <Peds />
  <Time>104989</Time>
  <LastFrameTime>0.0295216572</LastFrameTime>
  <MyProperty>0</MyProperty>
  <Weather>ExtraSunny</Weather>
  <Steering>120</Steering>
  <Acc>159</Acc>
  <Brake>127</Brake>
  <DayTime>06:54:43</DayTime>
  <Position>
    <X>-3125.002</X>
    <Y>1022.21631</Y>
    <Z>19.607605</Z>
  </Position>
  <Rotation>
    <X>2.43140841</X>
    <Y>0.693873167</Y>
    <Z>-25.9518929</Z>
  </Rotation>
</Screenshot>