<?xml version="1.0" encoding="utf-8"?>
<Screenshot xmlns:xsd="http://www.w3.org/2001/XMLSchema" xmlns:xsi="http://www.w3.org/2001/XMLSchema-instance">
  <Cars />
  <MyCar>
    <Position>
      <X>-3125.807</X>
      <Y>1020.56793</Y>
      <Z>18.6130733</Z>
    </Position>
    <Rotation>
      <X>2.96583939</X>
      <Y>0.128805414</Y>
      <Z>-25.9153061</Z>
    </Rotation>
    <Handle>1538</Handle>
    <Bounds>
      <Vector3>
        <X>-3127.82715</X>
        <Y>1018.75146</Y>
        <Z>17.7560558</Z>
      </Vector3>
      <Vector3>
        <X>-3125.98975</X>
        <Y>1017.8587</Y>
        <Z>17.7514629</Z>
      </Vector3>
      <Vector3>
        <X>-3125.59375</X>
        <Y>1023.34625</Y>
        <Z>18.0207386</Z>
      </Vector3>
      <Vector3>
        <X>-3127.857</X>
        <Y>1018.68231</Y>
        <Z>19.21</Z>
      </Vector3>
      <Vector3>
        <X>-3123.75659</X>
        <Y>1022.45349</Y>
        <Z>18.0161457</Z>
      </Vector3>
      <Vector3>
        <X>-3126.01978</X>
        <Y>1017.78955</Y>
        <Z>19.2054081</Z>
      </Vector3>
      <Vector3>
        <X>-3125.62378</X>
        <Y>1023.27704</Y>
        <Z>19.4746838</Z>
      </Vector3>
      <Vector3>
        <X>-3123.78638</X>
        <Y>1022.38428</Y>
        <Z>19.47009</Z>
      </Vector3>
    </Bounds>
    <CenterCamPosition>
      <X>0</X>
      <Y>0</Y>
    </CenterCamPosition>
    <ScreenBounds />
    <DistanceToCam>0</DistanceToCam>
    <Speed>13.2930918</Speed>
    <AccInput>0.257516384</AccInput>
    <RPM>0.5304507</RPM>
    <Gear>2</Gear>
    <SteeringAngle>-0.132127017</SteeringAngle>
    <WheelSpeed>0</WheelSpeed>
    <CarType>Sports</CarType>
  </MyCar>
  <Peds />
  <Time>104908</Time>
  <LastFrameTime>0.0197529923</LastFrameTime>
  <MyProperty>0</MyProperty>
  <Weather>ExtraSunny</Weather>
  <Steering>127</Steering>
  <Acc>159</Acc>
  <Brake>127</Brake>
  <DayTime>06:54:40</DayTime>
  <Position>
    <X>-3125.41675</X>
    <Y>1021.36713</Y>
    <Z>19.5608749</Z>
  </Position>
  <Rotation>
    <X>2.47941041</X>
    <Y>0.60189</Y>
    <Z>-25.8960571</Z>
  </Rotation>
</Screenshot>