<?xml version="1.0" encoding="utf-8"?>
<Screenshot xmlns:xsd="http://www.w3.org/2001/XMLSchema" xmlns:xsi="http://www.w3.org/2001/XMLSchema-instance">
  <Cars />
  <MyCar>
    <Position>
      <X>-3125.63086</X>
      <Y>1020.93097</Y>
      <Z>18.6334286</Z>
    </Position>
    <Rotation>
      <X>2.94535971</X>
      <Y>0.168628126</Y>
      <Z>-25.93864</Z>
    </Rotation>
    <Handle>1538</Handle>
    <Bounds>
      <Vector3>
        <X>-3127.65234</X>
        <Y>1019.1153</Y>
        <Z>17.77802</Z>
      </Vector3>
      <Vector3>
        <X>-3125.81543</X>
        <Y>1018.2218</Y>
        <Z>17.7720089</Z>
      </Vector3>
      <Vector3>
        <X>-3125.417</X>
        <Y>1023.70917</Y>
        <Z>18.0408783</Z>
      </Vector3>
      <Vector3>
        <X>-3127.6814</X>
        <Y>1019.04614</Y>
        <Z>19.23199</Z>
      </Vector3>
      <Vector3>
        <X>-3123.58</X>
        <Y>1022.81567</Y>
        <Z>18.0348663</Z>
      </Vector3>
      <Vector3>
        <X>-3125.84448</X>
        <Y>1018.15265</Y>
        <Z>19.2259789</Z>
      </Vector3>
      <Vector3>
        <X>-3125.446</X>
        <Y>1023.64</Y>
        <Z>19.4948463</Z>
      </Vector3>
      <Vector3>
        <X>-3123.60913</X>
        <Y>1022.74652</Y>
        <Z>19.4888344</Z>
      </Vector3>
    </Bounds>
    <CenterCamPosition>
      <X>0</X>
      <Y>0</Y>
    </CenterCamPosition>
    <ScreenBounds />
    <DistanceToCam>0</DistanceToCam>
    <Speed>13.3160954</Speed>
    <AccInput>0.257516384</AccInput>
    <RPM>0.531223</RPM>
    <Gear>2</Gear>
    <SteeringAngle>-0.100909658</SteeringAngle>
    <WheelSpeed>0</WheelSpeed>
    <CarType>Sports</CarType>
  </MyCar>
  <Peds />
  <Time>104938</Time>
  <LastFrameTime>0.0303510986</LastFrameTime>
  <MyProperty>0</MyProperty>
  <Weather>ExtraSunny</Weather>
  <Steering>127</Steering>
  <Acc>159</Acc>
  <Brake>127</Brake>
  <DayTime>06:54:41</DayTime>
  <Position>
    <X>-3125.30151</X>
    <Y>1021.60297</Y>
    <Z>19.5739536</Z>
  </Position>
  <Rotation>
    <X>2.46583915</X>
    <Y>0.628805459</Y>
    <Z>-25.9153023</Z>
  </Rotation>
</Screenshot>