<?xml version="1.0" encoding="utf-8"?>
<Screenshot xmlns:xsd="http://www.w3.org/2001/XMLSchema" xmlns:xsi="http://www.w3.org/2001/XMLSchema-instance">
  <Cars />
  <MyCar>
    <Position>
      <X>-3125.04736</X>
      <Y>1022.13385</Y>
      <Z>18.7004871</Z>
    </Position>
    <Rotation>
      <X>2.87282085</X>
      <Y>0.287079155</Y>
      <Z>-25.9411469</Z>
    </Rotation>
    <Handle>1538</Handle>
    <Bounds>
      <Vector3>
        <X>-3127.071</X>
        <Y>1020.31805</Y>
        <Z>17.8503857</Z>
      </Vector3>
      <Vector3>
        <X>-3125.23413</X>
        <Y>1019.4245</Y>
        <Z>17.84015</Z>
      </Vector3>
      <Vector3>
        <X>-3124.835</X>
        <Y>1024.91187</Y>
        <Z>18.1067715</Z>
      </Vector3>
      <Vector3>
        <X>-3127.09644</X>
        <Y>1020.24927</Y>
        <Z>19.3044357</Z>
      </Vector3>
      <Vector3>
        <X>-3122.998</X>
        <Y>1024.01831</Y>
        <Z>18.0965366</Z>
      </Vector3>
      <Vector3>
        <X>-3125.25952</X>
        <Y>1019.35571</Y>
        <Z>19.2942</Z>
      </Vector3>
      <Vector3>
        <X>-3124.86035</X>
        <Y>1024.84314</Y>
        <Z>19.5608215</Z>
      </Vector3>
      <Vector3>
        <X>-3123.02344</X>
        <Y>1023.94952</Y>
        <Z>19.5505867</Z>
      </Vector3>
    </Bounds>
    <CenterCamPosition>
      <X>0</X>
      <Y>0</Y>
    </CenterCamPosition>
    <ScreenBounds />
    <DistanceToCam>0</DistanceToCam>
    <Speed>13.3886156</Speed>
    <AccInput>0.252287626</AccInput>
    <RPM>0.5340855</RPM>
    <Gear>2</Gear>
    <SteeringAngle>1.30620885</SteeringAngle>
    <WheelSpeed>0</WheelSpeed>
    <CarType>Sports</CarType>
  </MyCar>
  <Peds />
  <Time>105038</Time>
  <LastFrameTime>0.0301649161</LastFrameTime>
  <MyProperty>0</MyProperty>
  <Weather>ExtraSunny</Weather>
  <Steering>118</Steering>
  <Acc>159</Acc>
  <Brake>127</Brake>
  <DayTime>06:54:44</DayTime>
  <Position>
    <X>-3124.7146</X>
    <Y>1022.80573</Y>
    <Z>19.6397457</Z>
  </Position>
  <Rotation>
    <X>2.39602017</X>
    <Y>0.7504716</Y>
    <Z>-25.9602222</Z>
  </Rotation>
</Screenshot>