<?xml version="1.0" encoding="utf-8"?>
<Screenshot xmlns:xsd="http://www.w3.org/2001/XMLSchema" xmlns:xsi="http://www.w3.org/2001/XMLSchema-instance">
  <Cars />
  <MyCar>
    <Position>
      <X>-3124.75635</X>
      <Y>1022.73779</Y>
      <Z>18.734087</Z>
    </Position>
    <Rotation>
      <X>2.83580947</X>
      <Y>0.346512735</Y>
      <Z>-25.8597279</Z>
    </Rotation>
    <Handle>1538</Handle>
    <Bounds>
      <Vector3>
        <X>-3126.77856</X>
        <Y>1020.919</Y>
        <Z>17.8866768</Z>
      </Vector3>
      <Vector3>
        <X>-3124.94043</X>
        <Y>1020.02808</Y>
        <Z>17.8743229</Z>
      </Vector3>
      <Vector3>
        <X>-3124.54858</X>
        <Y>1025.516</Y>
        <Z>18.1397572</Z>
      </Vector3>
      <Vector3>
        <X>-3126.802</X>
        <Y>1020.85034</Y>
        <Z>19.340765</Z>
      </Vector3>
      <Vector3>
        <X>-3122.71045</X>
        <Y>1024.625</Y>
        <Z>18.1274033</Z>
      </Vector3>
      <Vector3>
        <X>-3124.96387</X>
        <Y>1019.95941</Y>
        <Z>19.3284111</Z>
      </Vector3>
      <Vector3>
        <X>-3124.572</X>
        <Y>1025.44739</Y>
        <Z>19.5938473</Z>
      </Vector3>
      <Vector3>
        <X>-3122.734</X>
        <Y>1024.5564</Y>
        <Z>19.5814934</Z>
      </Vector3>
    </Bounds>
    <CenterCamPosition>
      <X>0</X>
      <Y>0</Y>
    </CenterCamPosition>
    <ScreenBounds />
    <DistanceToCam>0</DistanceToCam>
    <Speed>13.422823</Speed>
    <AccInput>0.252287626</AccInput>
    <RPM>0.5354458</RPM>
    <Gear>2</Gear>
    <SteeringAngle>2.15616465</SteeringAngle>
    <WheelSpeed>0</WheelSpeed>
    <CarType>Sports</CarType>
  </MyCar>
  <Peds />
  <Time>105088</Time>
  <LastFrameTime>0.0279738642</LastFrameTime>
  <MyProperty>0</MyProperty>
  <Weather>ExtraSunny</Weather>
  <Steering>115</Steering>
  <Acc>159</Acc>
  <Brake>127</Brake>
  <DayTime>06:54:46</DayTime>
  <Position>
    <X>-3124.41</X>
    <Y>1023.43536</Y>
    <Z>19.6739616</Z>
  </Position>
  <Rotation>
    <X>2.35501814</X>
    <Y>0.8152282</Y>
    <Z>-25.9143829</Z>
  </Rotation>
</Screenshot>