<?xml version="1.0" encoding="utf-8"?>
<Screenshot xmlns:xsd="http://www.w3.org/2001/XMLSchema" xmlns:xsi="http://www.w3.org/2001/XMLSchema-instance">
  <Cars />
  <MyCar>
    <Position>
      <X>-3125.22314</X>
      <Y>1021.77087</Y>
      <Z>18.6802769</Z>
    </Position>
    <Rotation>
      <X>2.89602065</X>
      <Y>0.250471652</Y>
      <Z>-25.96022</Z>
    </Rotation>
    <Handle>1538</Handle>
    <Bounds>
      <Vector3>
        <X>-3127.24683</X>
        <Y>1019.95587</Y>
        <Z>17.8285</Z>
      </Vector3>
      <Vector3>
        <X>-3125.41016</X>
        <Y>1019.06165</Y>
        <Z>17.81957</Z>
      </Vector3>
      <Vector3>
        <X>-3125.00928</X>
        <Y>1024.54883</Y>
        <Z>18.0869541</Z>
      </Vector3>
      <Vector3>
        <X>-3127.27344</X>
        <Y>1019.8869</Y>
        <Z>19.282526</Z>
      </Vector3>
      <Vector3>
        <X>-3123.17285</X>
        <Y>1023.65466</Y>
        <Z>18.0780239</Z>
      </Vector3>
      <Vector3>
        <X>-3125.43677</X>
        <Y>1018.99274</Y>
        <Z>19.2735958</Z>
      </Vector3>
      <Vector3>
        <X>-3125.036</X>
        <Y>1024.48</Y>
        <Z>19.54098</Z>
      </Vector3>
      <Vector3>
        <X>-3123.19922</X>
        <Y>1023.58575</Y>
        <Z>19.53205</Z>
      </Vector3>
    </Bounds>
    <CenterCamPosition>
      <X>0</X>
      <Y>0</Y>
    </CenterCamPosition>
    <ScreenBounds />
    <DistanceToCam>0</DistanceToCam>
    <Speed>13.3674059</Speed>
    <AccInput>0.252287626</AccInput>
    <RPM>0.533417</RPM>
    <Gear>2</Gear>
    <SteeringAngle>0.7738355</SteeringAngle>
    <WheelSpeed>0</WheelSpeed>
    <CarType>Sports</CarType>
  </MyCar>
  <Peds />
  <Time>105008</Time>
  <LastFrameTime>0.01959691</LastFrameTime>
  <MyProperty>0</MyProperty>
  <Weather>ExtraSunny</Weather>
  <Steering>119</Steering>
  <Acc>159</Acc>
  <Brake>127</Brake>
  <DayTime>06:54:43</DayTime>
  <Position>
    <X>-3124.82935</X>
    <Y>1022.57031</Y>
    <Z>19.6269264</Z>
  </Position>
  <Rotation>
    <X>2.4109292</X>
    <Y>0.7277752</Y>
    <Z>-25.960886</Z>
  </Rotation>
</Screenshot>