<?xml version="1.0" encoding="utf-8"?>
<Screenshot xmlns:xsd="http://www.w3.org/2001/XMLSchema" xmlns:xsi="http://www.w3.org/2001/XMLSchema-instance">
  <Cars />
  <MyCar>
    <Position>
      <X>-3124.919</X>
      <Y>1022.39996</Y>
      <Z>18.7153225</Z>
    </Position>
    <Rotation>
      <X>2.855018</X>
      <Y>0.315228164</Y>
      <Z>-25.9143867</Z>
    </Rotation>
    <Handle>1538</Handle>
    <Bounds>
      <Vector3>
        <X>-3126.94238</X>
        <Y>1020.58319</Y>
        <Z>17.8665066</Z>
      </Vector3>
      <Vector3>
        <X>-3125.105</X>
        <Y>1019.69049</Y>
        <Z>17.8552685</Z>
      </Vector3>
      <Vector3>
        <X>-3124.70825</X>
        <Y>1025.1781</Y>
        <Z>18.1213055</Z>
      </Vector3>
      <Vector3>
        <X>-3126.9668</X>
        <Y>1020.51447</Y>
        <Z>19.3205757</Z>
      </Vector3>
      <Vector3>
        <X>-3122.87085</X>
        <Y>1024.2854</Y>
        <Z>18.1100674</Z>
      </Vector3>
      <Vector3>
        <X>-3125.12939</X>
        <Y>1019.62177</Y>
        <Z>19.3093376</Z>
      </Vector3>
      <Vector3>
        <X>-3124.73267</X>
        <Y>1025.10938</Y>
        <Z>19.5753746</Z>
      </Vector3>
      <Vector3>
        <X>-3122.89526</X>
        <Y>1024.21667</Y>
        <Z>19.5641365</Z>
      </Vector3>
    </Bounds>
    <CenterCamPosition>
      <X>0</X>
      <Y>0</Y>
    </CenterCamPosition>
    <ScreenBounds />
    <DistanceToCam>0</DistanceToCam>
    <Speed>13.403924</Speed>
    <AccInput>0.252287626</AccInput>
    <RPM>0.534744561</RPM>
    <Gear>2</Gear>
    <SteeringAngle>1.67647839</SteeringAngle>
    <WheelSpeed>0</WheelSpeed>
    <CarType>Sports</CarType>
  </MyCar>
  <Peds />
  <Time>105060</Time>
  <LastFrameTime>0.0220827516</LastFrameTime>
  <MyProperty>0</MyProperty>
  <Weather>ExtraSunny</Weather>
  <Steering>116</Steering>
  <Acc>159</Acc>
  <Brake>127</Brake>
  <DayTime>06:54:45</DayTime>
  <Position>
    <X>-3124.53857</X>
    <Y>1023.16895</Y>
    <Z>19.6594868</Z>
  </Position>
  <Rotation>
    <X>2.37282085</X>
    <Y>0.787079155</Y>
    <Z>-25.9411469</Z>
  </Rotation>
</Screenshot>