<?xml version="1.0" encoding="utf-8"?>
<Screenshot xmlns:xsd="http://www.w3.org/2001/XMLSchema" xmlns:xsi="http://www.w3.org/2001/XMLSchema-instance">
  <Cars />
  <MyCar>
    <Position>
      <X>-3124.35229</X>
      <Y>1023.58661</Y>
      <Z>18.7798367</Z>
    </Position>
    <Rotation>
      <X>2.80953217</X>
      <Y>0.342514336</Y>
      <Z>-25.6244411</Z>
    </Rotation>
    <Handle>1538</Handle>
    <Bounds>
      <Vector3>
        <X>-3126.36719</X>
        <Y>1021.75916</Y>
        <Z>17.93351</Z>
      </Vector3>
      <Vector3>
        <X>-3124.52539</X>
        <Y>1020.87579</Y>
        <Z>17.921299</Z>
      </Vector3>
      <Vector3>
        <X>-3124.156</X>
        <Y>1026.36548</Y>
        <Z>18.1842518</Z>
      </Vector3>
      <Vector3>
        <X>-3126.39014</X>
        <Y>1021.69104</Y>
        <Z>19.3876324</Z>
      </Vector3>
      <Vector3>
        <X>-3122.31421</X>
        <Y>1025.482</Y>
        <Z>18.172039</Z>
      </Vector3>
      <Vector3>
        <X>-3124.54834</X>
        <Y>1020.80768</Y>
        <Z>19.3754215</Z>
      </Vector3>
      <Vector3>
        <X>-3124.179</X>
        <Y>1026.29736</Y>
        <Z>19.6383743</Z>
      </Vector3>
      <Vector3>
        <X>-3122.3374</X>
        <Y>1025.414</Y>
        <Z>19.6261616</Z>
      </Vector3>
    </Bounds>
    <CenterCamPosition>
      <X>0</X>
      <Y>0</Y>
    </CenterCamPosition>
    <ScreenBounds />
    <DistanceToCam>0</DistanceToCam>
    <Speed>13.4676161</Speed>
    <AccInput>0.252287626</AccInput>
    <RPM>0.537511945</RPM>
    <Gear>2</Gear>
    <SteeringAngle>2.93788338</SteeringAngle>
    <WheelSpeed>0</WheelSpeed>
    <CarType>Sports</CarType>
  </MyCar>
  <Peds />
  <Time>105158</Time>
  <LastFrameTime>0.0202957131</LastFrameTime>
  <MyProperty>0</MyProperty>
  <Weather>ExtraSunny</Weather>
  <Steering>115</Steering>
  <Acc>159</Acc>
  <Brake>127</Brake>
  <DayTime>06:54:48</DayTime>
  <Position>
    <X>-3123.963</X>
    <Y>1024.37744</Y>
    <Z>19.7245445</Z>
  </Position>
  <Rotation>
    <X>2.31653428</X>
    <Y>0.850131631</Y>
    <Z>-25.7072239</Z>
  </Rotation>
</Screenshot>