<?xml version="1.0" encoding="utf-8"?>
<Screenshot xmlns:xsd="http://www.w3.org/2001/XMLSchema" xmlns:xsi="http://www.w3.org/2001/XMLSchema-instance">
  <Cars />
  <MyCar>
    <Position>
      <X>-3124.17871</X>
      <Y>1023.95612</Y>
      <Z>18.799408</Z>
    </Position>
    <Rotation>
      <X>2.80112553</X>
      <Y>0.3275305</Y>
      <Z>-25.4759464</Z>
    </Rotation>
    <Handle>1538</Handle>
    <Bounds>
      <Vector3>
        <X>-3126.18872</X>
        <Y>1022.12323</Y>
        <Z>17.9531822</Z>
      </Vector3>
      <Vector3>
        <X>-3124.34448</X>
        <Y>1021.24463</Y>
        <Z>17.9415054</Z>
      </Vector3>
      <Vector3>
        <X>-3123.9895</X>
        <Y>1026.73535</Y>
        <Z>18.2031746</Z>
      </Vector3>
      <Vector3>
        <X>-3126.21167</X>
        <Y>1022.05542</Y>
        <Z>19.4073181</Z>
      </Vector3>
      <Vector3>
        <X>-3122.14551</X>
        <Y>1025.85669</Y>
        <Z>18.1914978</Z>
      </Vector3>
      <Vector3>
        <X>-3124.36768</X>
        <Y>1021.17682</Y>
        <Z>19.39564</Z>
      </Vector3>
      <Vector3>
        <X>-3124.0127</X>
        <Y>1026.66748</Y>
        <Z>19.6573086</Z>
      </Vector3>
      <Vector3>
        <X>-3122.1687</X>
        <Y>1025.78882</Y>
        <Z>19.6456318</Z>
      </Vector3>
    </Bounds>
    <CenterCamPosition>
      <X>0</X>
      <Y>0</Y>
    </CenterCamPosition>
    <ScreenBounds />
    <DistanceToCam>0</DistanceToCam>
    <Speed>13.4868641</Speed>
    <AccInput>0.252287626</AccInput>
    <RPM>0.5381642</RPM>
    <Gear>2</Gear>
    <SteeringAngle>3.1604588</SteeringAngle>
    <WheelSpeed>0</WheelSpeed>
    <CarType>Sports</CarType>
  </MyCar>
  <Peds />
  <Time>105189</Time>
  <LastFrameTime>0.0303172767</LastFrameTime>
  <MyProperty>0</MyProperty>
  <Weather>ExtraSunny</Weather>
  <Steering>115</Steering>
  <Acc>159</Acc>
  <Brake>127</Brake>
  <DayTime>06:54:49</DayTime>
  <Position>
    <X>-3123.848</X>
    <Y>1024.625</Y>
    <Z>19.7375565</Z>
  </Position>
  <Rotation>
    <X>2.30953217</X>
    <Y>0.8425144</Y>
    <Z>-25.6244411</Z>
  </Rotation>
</Screenshot>