<?xml version="1.0" encoding="utf-8"?>
<Screenshot xmlns:xsd="http://www.w3.org/2001/XMLSchema" xmlns:xsi="http://www.w3.org/2001/XMLSchema-instance">
  <Cars />
  <MyCar>
    <Position>
      <X>-3124.64063</X>
      <Y>1022.97919</Y>
      <Z>18.74731</Z>
    </Position>
    <Rotation>
      <X>2.829425</X>
      <Y>0.3525953</Y>
      <Z>-25.8084469</Z>
    </Rotation>
    <Handle>1538</Handle>
    <Bounds>
      <Vector3>
        <X>-3126.66138</X>
        <Y>1021.15857</Y>
        <Z>17.90029</Z>
      </Vector3>
      <Vector3>
        <X>-3124.82227</X>
        <Y>1020.26923</Y>
        <Z>17.8877182</Z>
      </Vector3>
      <Vector3>
        <X>-3124.43555</X>
        <Y>1025.75757</Y>
        <Z>18.1528053</Z>
      </Vector3>
      <Vector3>
        <X>-3126.68457</X>
        <Y>1021.08997</Y>
        <Z>19.3543854</Z>
      </Vector3>
      <Vector3>
        <X>-3122.59644</X>
        <Y>1024.86829</Y>
        <Z>18.140234</Z>
      </Vector3>
      <Vector3>
        <X>-3124.84546</X>
        <Y>1020.20068</Y>
        <Z>19.341814</Z>
      </Vector3>
      <Vector3>
        <X>-3124.45874</X>
        <Y>1025.689</Y>
        <Z>19.6069012</Z>
      </Vector3>
      <Vector3>
        <X>-3122.61963</X>
        <Y>1024.79968</Y>
        <Z>19.59433</Z>
      </Vector3>
    </Bounds>
    <CenterCamPosition>
      <X>0</X>
      <Y>0</Y>
    </CenterCamPosition>
    <ScreenBounds />
    <DistanceToCam>0</DistanceToCam>
    <Speed>13.4356155</Speed>
    <AccInput>0.252287626</AccInput>
    <RPM>0.5361125</RPM>
    <Gear>2</Gear>
    <SteeringAngle>2.423817</SteeringAngle>
    <WheelSpeed>0</WheelSpeed>
    <CarType>Sports</CarType>
  </MyCar>
  <Peds />
  <Time>105108</Time>
  <LastFrameTime>0.0199487936</LastFrameTime>
  <MyProperty>0</MyProperty>
  <Weather>ExtraSunny</Weather>
  <Steering>115</Steering>
  <Acc>159</Acc>
  <Brake>127</Brake>
  <DayTime>06:54:46</DayTime>
  <Position>
    <X>-3124.2478</X>
    <Y>1023.77374</Y>
    <Z>19.6923351</Z>
  </Position>
  <Rotation>
    <X>2.33580923</X>
    <Y>0.8465127</Y>
    <Z>-25.859726</Z>
  </Rotation>
</Screenshot>