<?xml version="1.0" encoding="utf-8"?>
<Screenshot xmlns:xsd="http://www.w3.org/2001/XMLSchema" xmlns:xsi="http://www.w3.org/2001/XMLSchema-instance">
  <Cars />
  <MyCar>
    <Position>
      <X>-3124.469</X>
      <Y>1023.3399</Y>
      <Z>18.7666836</Z>
    </Position>
    <Rotation>
      <X>2.81653428</X>
      <Y>0.350131661</Y>
      <Z>-25.7072239</Z>
    </Rotation>
    <Handle>1538</Handle>
    <Bounds>
      <Vector3>
        <X>-3126.48657</X>
        <Y>1021.5155</Y>
        <Z>17.9201851</Z>
      </Vector3>
      <Vector3>
        <X>-3124.646</X>
        <Y>1020.62946</Y>
        <Z>17.9077015</Z>
      </Vector3>
      <Vector3>
        <X>-3124.2688</X>
        <Y>1026.11853</Y>
        <Z>18.17155</Z>
      </Vector3>
      <Vector3>
        <X>-3126.50952</X>
        <Y>1021.4472</Y>
        <Z>19.3742981</Z>
      </Vector3>
      <Vector3>
        <X>-3122.42822</X>
        <Y>1025.23254</Y>
        <Z>18.1590672</Z>
      </Vector3>
      <Vector3>
        <X>-3124.669</X>
        <Y>1020.56116</Y>
        <Z>19.3618145</Z>
      </Vector3>
      <Vector3>
        <X>-3124.29175</X>
        <Y>1026.05029</Y>
        <Z>19.6256638</Z>
      </Vector3>
      <Vector3>
        <X>-3122.45117</X>
        <Y>1025.16418</Y>
        <Z>19.61318</Z>
      </Vector3>
    </Bounds>
    <CenterCamPosition>
      <X>0</X>
      <Y>0</Y>
    </CenterCamPosition>
    <ScreenBounds />
    <DistanceToCam>0</DistanceToCam>
    <Speed>13.45469</Speed>
    <AccInput>0.252287626</AccInput>
    <RPM>0.5369565</RPM>
    <Gear>2</Gear>
    <SteeringAngle>2.76098943</SteeringAngle>
    <WheelSpeed>0</WheelSpeed>
    <CarType>Sports</CarType>
  </MyCar>
  <Peds />
  <Time>105138</Time>
  <LastFrameTime>0.0297432151</LastFrameTime>
  <MyProperty>0</MyProperty>
  <Weather>ExtraSunny</Weather>
  <Steering>115</Steering>
  <Acc>159</Acc>
  <Brake>127</Brake>
  <DayTime>06:54:47</DayTime>
  <Position>
    <X>-3124.13281</X>
    <Y>1024.01563</Y>
    <Z>19.705431</Z>
  </Position>
  <Rotation>
    <X>2.32942533</X>
    <Y>0.8525952</Y>
    <Z>-25.8084431</Z>
  </Rotation>
</Screenshot>