<?xml version="1.0" encoding="utf-8"?>
<Screenshot xmlns:xsd="http://www.w3.org/2001/XMLSchema" xmlns:xsi="http://www.w3.org/2001/XMLSchema-instance">
  <Cars />
  <MyCar>
    <Position>
      <X>-3123.768</X>
      <Y>1024.8418</Y>
      <Z>18.846262</Z>
    </Position>
    <Rotation>
      <X>2.78046</X>
      <Y>0.292368352</Y>
      <Z>-25.028759</Z>
    </Rotation>
    <Handle>1538</Handle>
    <Bounds>
      <Vector3>
        <X>-3125.76318</X>
        <Y>1022.9928</Y>
        <Z>18.0003147</Z>
      </Vector3>
      <Vector3>
        <X>-3123.91235</X>
        <Y>1022.1286</Y>
        <Z>17.9898911</Z>
      </Vector3>
      <Vector3>
        <X>-3123.60034</X>
        <Y>1027.622</Y>
        <Z>18.2484627</Z>
      </Vector3>
      <Vector3>
        <X>-3125.78638</X>
        <Y>1022.92566</Y>
        <Z>19.4544811</Z>
      </Vector3>
      <Vector3>
        <X>-3121.74951</X>
        <Y>1026.75781</Y>
        <Z>18.238039</Z>
      </Vector3>
      <Vector3>
        <X>-3123.93555</X>
        <Y>1022.06146</Y>
        <Z>19.4440575</Z>
      </Vector3>
      <Vector3>
        <X>-3123.62354</X>
        <Y>1027.55481</Y>
        <Z>19.7026272</Z>
      </Vector3>
      <Vector3>
        <X>-3121.77271</X>
        <Y>1026.69067</Y>
        <Z>19.6922035</Z>
      </Vector3>
    </Bounds>
    <CenterCamPosition>
      <X>0</X>
      <Y>0</Y>
    </CenterCamPosition>
    <ScreenBounds />
    <DistanceToCam>0</DistanceToCam>
    <Speed>13.5320473</Speed>
    <AccInput>0.252287626</AccInput>
    <RPM>0.5401748</RPM>
    <Gear>2</Gear>
    <SteeringAngle>3.49559236</SteeringAngle>
    <WheelSpeed>0</WheelSpeed>
    <CarType>Sports</CarType>
  </MyCar>
  <Peds />
  <Time>105261</Time>
  <LastFrameTime>0.02138643</LastFrameTime>
  <MyProperty>0</MyProperty>
  <Weather>ExtraSunny</Weather>
  <Steering>115</Steering>
  <Acc>159</Acc>
  <Brake>127</Brake>
  <DayTime>06:54:51</DayTime>
  <Position>
    <X>-3123.393</X>
    <Y>1025.62219</Y>
    <Z>19.7896538</Z>
  </Position>
  <Rotation>
    <X>2.28672671</X>
    <Y>0.8029828</Y>
    <Z>-25.1731319</Z>
  </Rotation>
</Screenshot>