<?xml version="1.0" encoding="utf-8"?>
<Screenshot xmlns:xsd="http://www.w3.org/2001/XMLSchema" xmlns:xsi="http://www.w3.org/2001/XMLSchema-instance">
  <Cars />
  <MyCar>
    <Position>
      <X>-3123.616</X>
      <Y>1025.1748</Y>
      <Z>18.8637981</Z>
    </Position>
    <Rotation>
      <X>2.772827</X>
      <Y>0.277854532</Y>
      <Z>-24.83247</Z>
    </Rotation>
    <Handle>1538</Handle>
    <Bounds>
      <Vector3>
        <X>-3125.60474</X>
        <Y>1023.31879</Y>
        <Z>18.0179272</Z>
      </Vector3>
      <Vector3>
        <X>-3123.75073</X>
        <Y>1022.46094</Y>
        <Z>18.00802</Z>
      </Vector3>
      <Vector3>
        <X>-3123.45776</X>
        <Y>1027.95544</Y>
        <Z>18.2653942</Z>
      </Vector3>
      <Vector3>
        <X>-3125.628</X>
        <Y>1023.25189</Y>
        <Z>19.4721031</Z>
      </Vector3>
      <Vector3>
        <X>-3121.604</X>
        <Y>1027.09753</Y>
        <Z>18.2554874</Z>
      </Vector3>
      <Vector3>
        <X>-3123.774</X>
        <Y>1022.39404</Y>
        <Z>19.4621983</Z>
      </Vector3>
      <Vector3>
        <X>-3123.481</X>
        <Y>1027.88855</Y>
        <Z>19.71957</Z>
      </Vector3>
      <Vector3>
        <X>-3121.6272</X>
        <Y>1027.03064</Y>
        <Z>19.7096653</Z>
      </Vector3>
    </Bounds>
    <CenterCamPosition>
      <X>0</X>
      <Y>0</Y>
    </CenterCamPosition>
    <ScreenBounds />
    <DistanceToCam>0</DistanceToCam>
    <Speed>13.5488</Speed>
    <AccInput>0.252287626</AccInput>
    <RPM>0.5407134</RPM>
    <Gear>2</Gear>
    <SteeringAngle>3.57710981</SteeringAngle>
    <WheelSpeed>0</WheelSpeed>
    <CarType>Sports</CarType>
  </MyCar>
  <Peds />
  <Time>105288</Time>
  <LastFrameTime>0.0270634331</LastFrameTime>
  <MyProperty>0</MyProperty>
  <Weather>ExtraSunny</Weather>
  <Steering>115</Steering>
  <Acc>159</Acc>
  <Brake>127</Brake>
  <DayTime>06:54:52</DayTime>
  <Position>
    <X>-3123.275</X>
    <Y>1025.88623</Y>
    <Z>19.8034019</Z>
  </Position>
  <Rotation>
    <X>2.28046012</X>
    <Y>0.792368352</Y>
    <Z>-25.0287571</Z>
  </Rotation>
</Screenshot>