<?xml version="1.0" encoding="utf-8"?>
<Screenshot xmlns:xsd="http://www.w3.org/2001/XMLSchema" xmlns:xsi="http://www.w3.org/2001/XMLSchema-instance">
  <Cars />
  <MyCar>
    <Position>
      <X>-3124.02026</X>
      <Y>1024.29565</Y>
      <Z>18.8173828</Z>
    </Position>
    <Rotation>
      <X>2.79311228</X>
      <Y>0.314934283</Y>
      <Z>-25.3182735</Z>
    </Rotation>
    <Handle>1538</Handle>
    <Bounds>
      <Vector3>
        <X>-3126.025</X>
        <Y>1022.45709</Y>
        <Z>17.971283</Z>
      </Vector3>
      <Vector3>
        <X>-3124.17847</X>
        <Y>1021.58356</Y>
        <Z>17.9600563</Z>
      </Vector3>
      <Vector3>
        <X>-3123.83862</X>
        <Y>1027.0752</Y>
        <Z>18.2205582</Z>
      </Vector3>
      <Vector3>
        <X>-3126.048</X>
        <Y>1022.38953</Y>
        <Z>19.42543</Z>
      </Vector3>
      <Vector3>
        <X>-3121.99219</X>
        <Y>1026.20166</Y>
        <Z>18.2093315</Z>
      </Vector3>
      <Vector3>
        <X>-3124.20166</X>
        <Y>1021.516</Y>
        <Z>19.4142017</Z>
      </Vector3>
      <Vector3>
        <X>-3123.86182</X>
        <Y>1027.00757</Y>
        <Z>19.6747055</Z>
      </Vector3>
      <Vector3>
        <X>-3122.01538</X>
        <Y>1026.134</Y>
        <Z>19.6634769</Z>
      </Vector3>
    </Bounds>
    <CenterCamPosition>
      <X>0</X>
      <Y>0</Y>
    </CenterCamPosition>
    <ScreenBounds />
    <DistanceToCam>0</DistanceToCam>
    <Speed>13.5043</Speed>
    <AccInput>0.252287626</AccInput>
    <RPM>0.5388041</RPM>
    <Gear>2</Gear>
    <SteeringAngle>3.31642723</SteeringAngle>
    <WheelSpeed>0</WheelSpeed>
    <CarType>Sports</CarType>
  </MyCar>
  <Peds />
  <Time>105217</Time>
  <LastFrameTime>0.02778675</LastFrameTime>
  <MyProperty>0</MyProperty>
  <Weather>ExtraSunny</Weather>
  <Steering>115</Steering>
  <Acc>159</Acc>
  <Brake>127</Brake>
  <DayTime>06:54:49</DayTime>
  <Position>
    <X>-3123.67725</X>
    <Y>1024.99609</Y>
    <Z>19.75696</Z>
  </Position>
  <Rotation>
    <X>2.30112553</X>
    <Y>0.827530444</Y>
    <Z>-25.4759445</Z>
  </Rotation>
</Screenshot>