<?xml version="1.0" encoding="utf-8"?>
<Screenshot xmlns:xsd="http://www.w3.org/2001/XMLSchema" xmlns:xsi="http://www.w3.org/2001/XMLSchema-instance">
  <Cars />
  <MyCar>
    <Position>
      <X>-3123.889</X>
      <Y>1024.57922</Y>
      <Z>18.83239</Z>
    </Position>
    <Rotation>
      <X>2.786727</X>
      <Y>0.3029829</Y>
      <Z>-25.1731339</Z>
    </Rotation>
    <Handle>1538</Handle>
    <Bounds>
      <Vector3>
        <X>-3125.889</X>
        <Y>1022.73541</Y>
        <Z>17.9863567</Z>
      </Vector3>
      <Vector3>
        <X>-3124.04028</X>
        <Y>1021.86652</Y>
        <Z>17.9755554</Z>
      </Vector3>
      <Vector3>
        <X>-3123.71436</X>
        <Y>1027.35913</Y>
        <Z>18.2350636</Z>
      </Vector3>
      <Vector3>
        <X>-3125.912</X>
        <Y>1022.66809</Y>
        <Z>19.4405136</Z>
      </Vector3>
      <Vector3>
        <X>-3121.86572</X>
        <Y>1026.49023</Y>
        <Z>18.2242622</Z>
      </Vector3>
      <Vector3>
        <X>-3124.06323</X>
        <Y>1021.79919</Y>
        <Z>19.4297123</Z>
      </Vector3>
      <Vector3>
        <X>-3123.73755</X>
        <Y>1027.29175</Y>
        <Z>19.68922</Z>
      </Vector3>
      <Vector3>
        <X>-3121.88867</X>
        <Y>1026.42285</Y>
        <Z>19.6784172</Z>
      </Vector3>
    </Bounds>
    <CenterCamPosition>
      <X>0</X>
      <Y>0</Y>
    </CenterCamPosition>
    <ScreenBounds />
    <DistanceToCam>0</DistanceToCam>
    <Speed>13.5187292</Speed>
    <AccInput>0.252287626</AccInput>
    <RPM>0.5395341</RPM>
    <Gear>2</Gear>
    <SteeringAngle>3.41836023</SteeringAngle>
    <WheelSpeed>0</WheelSpeed>
    <CarType>Sports</CarType>
  </MyCar>
  <Peds />
  <Time>105240</Time>
  <LastFrameTime>0.02315454</LastFrameTime>
  <MyProperty>0</MyProperty>
  <Weather>ExtraSunny</Weather>
  <Steering>115</Steering>
  <Acc>159</Acc>
  <Brake>127</Brake>
  <DayTime>06:54:50</DayTime>
  <Position>
    <X>-3123.52173</X>
    <Y>1025.33716</Y>
    <Z>19.7747746</Z>
  </Position>
  <Rotation>
    <X>2.293112</X>
    <Y>0.8149343</Y>
    <Z>-25.3182735</Z>
  </Rotation>
</Screenshot>