<?xml version="1.0" encoding="utf-8"?>
<Screenshot xmlns:xsd="http://www.w3.org/2001/XMLSchema" xmlns:xsi="http://www.w3.org/2001/XMLSchema-instance">
  <Cars />
  <MyCar>
    <Position>
      <X>-3123.06055</X>
      <Y>1026.41565</Y>
      <Z>18.9269848</Z>
    </Position>
    <Rotation>
      <X>2.68328166</X>
      <Y>0.254754364</Y>
      <Z>-24.03288</Z>
    </Rotation>
    <Handle>1538</Handle>
    <Bounds>
      <Vector3>
        <X>-3125.02344</X>
        <Y>1024.53076</Y>
        <Z>18.0846386</Z>
      </Vector3>
      <Vector3>
        <X>-3123.15771</X>
        <Y>1023.69879</Y>
        <Z>18.0755577</Z>
      </Vector3>
      <Vector3>
        <X>-3122.94141</X>
        <Y>1029.19727</Y>
        <Z>18.3241215</Z>
      </Vector3>
      <Vector3>
        <X>-3125.04517</X>
        <Y>1024.46582</Y>
        <Z>19.5389271</Z>
      </Vector3>
      <Vector3>
        <X>-3121.07568</X>
        <Y>1028.36536</Y>
        <Z>18.3150387</Z>
      </Vector3>
      <Vector3>
        <X>-3123.17969</X>
        <Y>1023.63391</Y>
        <Z>19.5298443</Z>
      </Vector3>
      <Vector3>
        <X>-3122.96313</X>
        <Y>1029.13232</Y>
        <Z>19.7784081</Z>
      </Vector3>
      <Vector3>
        <X>-3121.09766</X>
        <Y>1028.30042</Y>
        <Z>19.7693253</Z>
      </Vector3>
    </Bounds>
    <CenterCamPosition>
      <X>0</X>
      <Y>0</Y>
    </CenterCamPosition>
    <ScreenBounds />
    <DistanceToCam>0</DistanceToCam>
    <Speed>13.6121416</Speed>
    <AccInput>0.252287626</AccInput>
    <RPM>0.5428459</RPM>
    <Gear>2</Gear>
    <SteeringAngle>3.7550292</SteeringAngle>
    <WheelSpeed>0</WheelSpeed>
    <CarType>Sports</CarType>
  </MyCar>
  <Peds />
  <Time>105388</Time>
  <LastFrameTime>0.026778575</LastFrameTime>
  <MyProperty>0</MyProperty>
  <Weather>ExtraSunny</Weather>
  <Steering>115</Steering>
  <Acc>159</Acc>
  <Brake>127</Brake>
  <DayTime>06:54:55</DayTime>
  <Position>
    <X>-3122.72925</X>
    <Y>1027.13477</Y>
    <Z>19.8667126</Z>
  </Position>
  <Rotation>
    <X>2.22774148</X>
    <Y>0.748894</Y>
    <Z>-24.2561226</Z>
  </Rotation>
</Screenshot>