<?xml version="1.0" encoding="utf-8"?>
<Screenshot xmlns:xsd="http://www.w3.org/2001/XMLSchema" xmlns:xsi="http://www.w3.org/2001/XMLSchema-instance">
  <Cars />
  <MyCar>
    <Position>
      <X>-3123.336</X>
      <Y>1025.79529</Y>
      <Z>18.8962269</Z>
    </Position>
    <Rotation>
      <X>2.75487828</X>
      <Y>0.251543462</Y>
      <Z>-24.4436684</Z>
    </Rotation>
    <Handle>1538</Handle>
    <Bounds>
      <Vector3>
        <X>-3125.31177</X>
        <Y>1023.92542</Y>
        <Z>18.0506744</Z>
      </Vector3>
      <Vector3>
        <X>-3123.45215</X>
        <Y>1023.08014</Y>
        <Z>18.0417061</Z>
      </Vector3>
      <Vector3>
        <X>-3123.19629</X>
        <Y>1028.57666</Y>
        <Z>18.2965412</Z>
      </Vector3>
      <Vector3>
        <X>-3125.335</X>
        <Y>1023.85907</Y>
        <Z>19.5048771</Z>
      </Vector3>
      <Vector3>
        <X>-3121.33667</X>
        <Y>1027.73132</Y>
        <Z>18.2875729</Z>
      </Vector3>
      <Vector3>
        <X>-3123.47534</X>
        <Y>1023.01379</Y>
        <Z>19.4959087</Z>
      </Vector3>
      <Vector3>
        <X>-3123.21948</X>
        <Y>1028.51025</Y>
        <Z>19.7507439</Z>
      </Vector3>
      <Vector3>
        <X>-3121.35986</X>
        <Y>1027.665</Y>
        <Z>19.7417755</Z>
      </Vector3>
    </Bounds>
    <CenterCamPosition>
      <X>0</X>
      <Y>0</Y>
    </CenterCamPosition>
    <ScreenBounds />
    <DistanceToCam>0</DistanceToCam>
    <Speed>13.5801659</Speed>
    <AccInput>0.252287626</AccInput>
    <RPM>0.5418749</RPM>
    <Gear>2</Gear>
    <SteeringAngle>3.68553376</SteeringAngle>
    <WheelSpeed>0</WheelSpeed>
    <CarType>Sports</CarType>
  </MyCar>
  <Peds />
  <Time>105338</Time>
  <LastFrameTime>0.030489495</LastFrameTime>
  <MyProperty>0</MyProperty>
  <Weather>ExtraSunny</Weather>
  <Steering>115</Steering>
  <Acc>159</Acc>
  <Brake>127</Brake>
  <DayTime>06:54:53</DayTime>
  <Position>
    <X>-3123.019</X>
    <Y>1026.46582</Y>
    <Z>19.8337269</Z>
  </Position>
  <Rotation>
    <X>2.27350831</X>
    <Y>0.7758875</Y>
    <Z>-24.6821728</Z>
  </Rotation>
</Screenshot>