<?xml version="1.0" encoding="utf-8"?>
<Screenshot xmlns:xsd="http://www.w3.org/2001/XMLSchema" xmlns:xsi="http://www.w3.org/2001/XMLSchema-instance">
  <Cars />
  <MyCar>
    <Position>
      <X>-3123.20776</X>
      <Y>1026.08264</Y>
      <Z>18.9106331</Z>
    </Position>
    <Rotation>
      <X>2.72774124</X>
      <Y>0.248893872</Y>
      <Z>-24.2561226</Z>
    </Rotation>
    <Handle>1538</Handle>
    <Bounds>
      <Vector3>
        <X>-3125.17749</X>
        <Y>1024.20593</Y>
        <Z>18.066227</Z>
      </Vector3>
      <Vector3>
        <X>-3123.31519</X>
        <Y>1023.36676</Y>
        <Z>18.057354</Z>
      </Vector3>
      <Vector3>
        <X>-3123.07739</X>
        <Y>1028.86414</Y>
        <Z>18.3096733</Z>
      </Vector3>
      <Vector3>
        <X>-3125.2002</X>
        <Y>1024.14014</Y>
        <Z>19.520462</Z>
      </Vector3>
      <Vector3>
        <X>-3121.215</X>
        <Y>1028.025</Y>
        <Z>18.3008</Z>
      </Vector3>
      <Vector3>
        <X>-3123.338</X>
        <Y>1023.30096</Y>
        <Z>19.51159</Z>
      </Vector3>
      <Vector3>
        <X>-3123.1</X>
        <Y>1028.79834</Y>
        <Z>19.7639084</Z>
      </Vector3>
      <Vector3>
        <X>-3121.23779</X>
        <Y>1027.95923</Y>
        <Z>19.7550354</Z>
      </Vector3>
    </Bounds>
    <CenterCamPosition>
      <X>0</X>
      <Y>0</Y>
    </CenterCamPosition>
    <ScreenBounds />
    <DistanceToCam>0</DistanceToCam>
    <Speed>13.594986</Speed>
    <AccInput>0.252287626</AccInput>
    <RPM>0.542421758</RPM>
    <Gear>2</Gear>
    <SteeringAngle>3.72120667</SteeringAngle>
    <WheelSpeed>0</WheelSpeed>
    <CarType>Sports</CarType>
  </MyCar>
  <Peds />
  <Time>105362</Time>
  <LastFrameTime>0.0231725369</LastFrameTime>
  <MyProperty>0</MyProperty>
  <Weather>ExtraSunny</Weather>
  <Steering>115</Steering>
  <Acc>159</Acc>
  <Brake>127</Brake>
  <DayTime>06:54:54</DayTime>
  <Position>
    <X>-3122.854</X>
    <Y>1026.84534</Y>
    <Z>19.8528538</Z>
  </Position>
  <Rotation>
    <X>2.25487828</X>
    <Y>0.7515435</Y>
    <Z>-24.4436684</Z>
  </Rotation>
</Screenshot>