<?xml version="1.0" encoding="utf-8"?>
<Screenshot xmlns:xsd="http://www.w3.org/2001/XMLSchema" xmlns:xsi="http://www.w3.org/2001/XMLSchema-instance">
  <Cars />
  <MyCar>
    <Position>
      <X>-3123.50562</X>
      <Y>1025.41821</Y>
      <Z>18.8767262</Z>
    </Position>
    <Rotation>
      <X>2.77350879</X>
      <Y>0.275887579</Y>
      <Z>-24.6821766</Z>
    </Rotation>
    <Handle>1538</Handle>
    <Bounds>
      <Vector3>
        <X>-3125.4895</X>
        <Y>1023.557</Y>
        <Z>18.03079</Z>
      </Vector3>
      <Vector3>
        <X>-3123.6333</X>
        <Y>1022.704</Y>
        <Z>18.0209541</Z>
      </Vector3>
      <Vector3>
        <X>-3123.35474</X>
        <Y>1028.19922</Y>
        <Z>18.2783184</Z>
      </Vector3>
      <Vector3>
        <X>-3125.51245</X>
        <Y>1023.49005</Y>
        <Z>19.4849663</Z>
      </Vector3>
      <Vector3>
        <X>-3121.49854</X>
        <Y>1027.34619</Y>
        <Z>18.2684822</Z>
      </Vector3>
      <Vector3>
        <X>-3123.65649</X>
        <Y>1022.637</Y>
        <Z>19.47513</Z>
      </Vector3>
      <Vector3>
        <X>-3123.37769</X>
        <Y>1028.13232</Y>
        <Z>19.7324944</Z>
      </Vector3>
      <Vector3>
        <X>-3121.52173</X>
        <Y>1027.2793</Y>
        <Z>19.7226582</Z>
      </Vector3>
    </Bounds>
    <CenterCamPosition>
      <X>0</X>
      <Y>0</Y>
    </CenterCamPosition>
    <ScreenBounds />
    <DistanceToCam>0</DistanceToCam>
    <Speed>13.5607891</Speed>
    <AccInput>0.252287626</AccInput>
    <RPM>0.5413068</RPM>
    <Gear>2</Gear>
    <SteeringAngle>3.62407351</SteeringAngle>
    <WheelSpeed>0</WheelSpeed>
    <CarType>Sports</CarType>
  </MyCar>
  <Peds />
  <Time>105308</Time>
  <LastFrameTime>0.0197334439</LastFrameTime>
  <MyProperty>0</MyProperty>
  <Weather>ExtraSunny</Weather>
  <Steering>115</Steering>
  <Acc>159</Acc>
  <Brake>127</Brake>
  <DayTime>06:54:52</DayTime>
  <Position>
    <X>-3123.12671</X>
    <Y>1026.22107</Y>
    <Z>19.8207855</Z>
  </Position>
  <Rotation>
    <X>2.27282715</X>
    <Y>0.7778547</Y>
    <Z>-24.832468</Z>
  </Rotation>
</Screenshot>