<?xml version="1.0" encoding="utf-8"?>
<Screenshot xmlns:xsd="http://www.w3.org/2001/XMLSchema" xmlns:xsi="http://www.w3.org/2001/XMLSchema-instance">
  <Cars />
  <MyCar>
    <Position>
      <X>-3122.516</X>
      <Y>1027.67456</Y>
      <Z>18.98844</Z>
    </Position>
    <Rotation>
      <X>2.53973174</X>
      <Y>0.361068279</Y>
      <Z>-23.1719189</Z>
    </Rotation>
    <Handle>1538</Handle>
    <Bounds>
      <Vector3>
        <X>-3124.45264</X>
        <Y>1025.759</Y>
        <Z>18.15432</Z>
      </Vector3>
      <Vector3>
        <X>-3122.57471</X>
        <Y>1024.95532</Y>
        <Z>18.1414452</Z>
      </Vector3>
      <Vector3>
        <X>-3122.44019</X>
        <Y>1030.45679</Y>
        <Z>18.3809986</Z>
      </Vector3>
      <Vector3>
        <X>-3124.46948</X>
        <Y>1025.69617</Y>
        <Z>19.6087589</Z>
      </Vector3>
      <Vector3>
        <X>-3120.5625</X>
        <Y>1029.653</Y>
        <Z>18.368124</Z>
      </Vector3>
      <Vector3>
        <X>-3122.59155</X>
        <Y>1024.89233</Y>
        <Z>19.5958843</Z>
      </Vector3>
      <Vector3>
        <X>-3122.45728</X>
        <Y>1030.39392</Y>
        <Z>19.8354378</Z>
      </Vector3>
      <Vector3>
        <X>-3120.57935</X>
        <Y>1029.59009</Y>
        <Z>19.8225651</Z>
      </Vector3>
    </Bounds>
    <CenterCamPosition>
      <X>0</X>
      <Y>0</Y>
    </CenterCamPosition>
    <ScreenBounds />
    <DistanceToCam>0</DistanceToCam>
    <Speed>13.67743</Speed>
    <AccInput>0.252287626</AccInput>
    <RPM>0.5454321</RPM>
    <Gear>2</Gear>
    <SteeringAngle>3.97764182</SteeringAngle>
    <WheelSpeed>0</WheelSpeed>
    <CarType>Sports</CarType>
  </MyCar>
  <Peds />
  <Time>105489</Time>
  <LastFrameTime>0.0233453754</LastFrameTime>
  <MyProperty>0</MyProperty>
  <Weather>ExtraSunny</Weather>
  <Steering>114</Steering>
  <Acc>159</Acc>
  <Brake>127</Brake>
  <DayTime>06:54:58</DayTime>
  <Position>
    <X>-3122.17651</X>
    <Y>1028.44214</Y>
    <Z>19.9274654</Z>
  </Position>
  <Rotation>
    <X>2.0810256</X>
    <Y>0.848426938</Y>
    <Z>-23.3704147</Z>
  </Rotation>
</Screenshot>