<?xml version="1.0" encoding="utf-8"?>
<Screenshot xmlns:xsd="http://www.w3.org/2001/XMLSchema" xmlns:xsi="http://www.w3.org/2001/XMLSchema-instance">
  <Cars />
  <MyCar>
    <Position>
      <X>-3122.64136</X>
      <Y>1027.38123</Y>
      <Z>18.9743576</Z>
    </Position>
    <Rotation>
      <X>2.5810256</X>
      <Y>0.348426938</Y>
      <Z>-23.3704166</Z>
    </Rotation>
    <Handle>1538</Handle>
    <Bounds>
      <Vector3>
        <X>-3124.584</X>
        <Y>1025.4729</Y>
        <Z>18.1381931</Z>
      </Vector3>
      <Vector3>
        <X>-3122.709</X>
        <Y>1024.6626</Y>
        <Z>18.12577</Z>
      </Vector3>
      <Vector3>
        <X>-3122.55566</X>
        <Y>1030.16357</Y>
        <Z>18.3685551</Z>
      </Vector3>
      <Vector3>
        <X>-3124.602</X>
        <Y>1025.40918</Y>
        <Z>19.5925865</Z>
      </Vector3>
      <Vector3>
        <X>-3120.68042</X>
        <Y>1029.35327</Y>
        <Z>18.3561325</Z>
      </Vector3>
      <Vector3>
        <X>-3122.72681</X>
        <Y>1024.599</Y>
        <Z>19.580164</Z>
      </Vector3>
      <Vector3>
        <X>-3122.57349</X>
        <Y>1030.09985</Y>
        <Z>19.8229485</Z>
      </Vector3>
      <Vector3>
        <X>-3120.69849</X>
        <Y>1029.28955</Y>
        <Z>19.8105278</Z>
      </Vector3>
    </Bounds>
    <CenterCamPosition>
      <X>0</X>
      <Y>0</Y>
    </CenterCamPosition>
    <ScreenBounds />
    <DistanceToCam>0</DistanceToCam>
    <Speed>13.6620855</Speed>
    <AccInput>0.252287626</AccInput>
    <RPM>0.544710159</RPM>
    <Gear>2</Gear>
    <SteeringAngle>3.905757</SteeringAngle>
    <WheelSpeed>0</WheelSpeed>
    <CarType>Sports</CarType>
  </MyCar>
  <Peds />
  <Time>105466</Time>
  <LastFrameTime>0.027055366</LastFrameTime>
  <MyProperty>0</MyProperty>
  <Weather>ExtraSunny</Weather>
  <Steering>114</Steering>
  <Acc>159</Acc>
  <Brake>127</Brake>
  <DayTime>06:54:57</DayTime>
  <Position>
    <X>-3122.31885</X>
    <Y>1028.10083</Y>
    <Z>19.91154</Z>
  </Position>
  <Rotation>
    <X>2.11346078</X>
    <Y>0.813672245</Y>
    <Z>-23.603056</Z>
  </Rotation>
</Screenshot>