<?xml version="1.0" encoding="utf-8"?>
<Screenshot xmlns:xsd="http://www.w3.org/2001/XMLSchema" xmlns:xsi="http://www.w3.org/2001/XMLSchema-instance">
  <Cars />
  <MyCar>
    <Position>
      <X>-3122.787</X>
      <Y>1027.04211</Y>
      <Z>18.9577713</Z>
    </Position>
    <Rotation>
      <X>2.61346078</X>
      <Y>0.313672245</Y>
      <Z>-23.6030579</Z>
    </Rotation>
    <Handle>1538</Handle>
    <Bounds>
      <Vector3>
        <X>-3124.73682</X>
        <Y>1025.142</Y>
        <Z>18.1195564</Z>
      </Vector3>
      <Vector3>
        <X>-3122.865</X>
        <Y>1024.3241</Y>
        <Z>18.1083736</Z>
      </Vector3>
      <Vector3>
        <X>-3122.6897</X>
        <Y>1029.82422</Y>
        <Z>18.3528118</Z>
      </Vector3>
      <Vector3>
        <X>-3124.756</X>
        <Y>1025.07788</Y>
        <Z>19.5739174</Z>
      </Vector3>
      <Vector3>
        <X>-3120.81787</X>
        <Y>1029.00635</Y>
        <Z>18.341629</Z>
      </Vector3>
      <Vector3>
        <X>-3122.88428</X>
        <Y>1024.26</Y>
        <Z>19.5627346</Z>
      </Vector3>
      <Vector3>
        <X>-3122.70874</X>
        <Y>1029.76013</Y>
        <Z>19.8071747</Z>
      </Vector3>
      <Vector3>
        <X>-3120.83716</X>
        <Y>1028.94226</Y>
        <Z>19.7959919</Z>
      </Vector3>
    </Bounds>
    <CenterCamPosition>
      <X>0</X>
      <Y>0</Y>
    </CenterCamPosition>
    <ScreenBounds />
    <DistanceToCam>0</DistanceToCam>
    <Speed>13.6445007</Speed>
    <AccInput>0.252287626</AccInput>
    <RPM>0.5439158</RPM>
    <Gear>2</Gear>
    <SteeringAngle>3.80039287</SteeringAngle>
    <WheelSpeed>0</WheelSpeed>
    <CarType>Sports</CarType>
  </MyCar>
  <Peds />
  <Time>105439</Time>
  <LastFrameTime>0.0260965265</LastFrameTime>
  <MyProperty>0</MyProperty>
  <Weather>ExtraSunny</Weather>
  <Steering>115</Steering>
  <Acc>159</Acc>
  <Brake>127</Brake>
  <DayTime>06:54:56</DayTime>
  <Position>
    <X>-3122.45728</X>
    <Y>1027.77258</Y>
    <Z>19.8961563</Z>
  </Position>
  <Rotation>
    <X>2.14580774</X>
    <Y>0.77918</Y>
    <Z>-23.8275242</Z>
  </Rotation>
</Screenshot>