<?xml version="1.0" encoding="utf-8"?>
<Screenshot xmlns:xsd="http://www.w3.org/2001/XMLSchema" xmlns:xsi="http://www.w3.org/2001/XMLSchema-instance">
  <Cars />
  <MyCar>
    <Position>
      <X>-3122.929</X>
      <Y>1026.716</Y>
      <Z>18.9417324</Z>
    </Position>
    <Rotation>
      <X>2.645808</X>
      <Y>0.27918002</Y>
      <Z>-23.8275261</Z>
    </Rotation>
    <Handle>1538</Handle>
    <Bounds>
      <Vector3>
        <X>-3124.8855</X>
        <Y>1024.82361</Y>
        <Z>18.1014767</Z>
      </Vector3>
      <Vector3>
        <X>-3123.01685</X>
        <Y>1023.99847</Y>
        <Z>18.0915222</Z>
      </Vector3>
      <Vector3>
        <X>-3122.82</X>
        <Y>1029.4978</Y>
        <Z>18.3376179</Z>
      </Vector3>
      <Vector3>
        <X>-3124.90625</X>
        <Y>1024.75928</Y>
        <Z>19.5558052</Z>
      </Vector3>
      <Vector3>
        <X>-3120.95142</X>
        <Y>1028.67261</Y>
        <Z>18.3276634</Z>
      </Vector3>
      <Vector3>
        <X>-3123.0376</X>
        <Y>1023.93408</Y>
        <Z>19.54585</Z>
      </Vector3>
      <Vector3>
        <X>-3122.84082</X>
        <Y>1029.43347</Y>
        <Z>19.7919464</Z>
      </Vector3>
      <Vector3>
        <X>-3120.97217</X>
        <Y>1028.60828</Y>
        <Z>19.7819939</Z>
      </Vector3>
    </Bounds>
    <CenterCamPosition>
      <X>0</X>
      <Y>0</Y>
    </CenterCamPosition>
    <ScreenBounds />
    <DistanceToCam>0</DistanceToCam>
    <Speed>13.6276665</Speed>
    <AccInput>0.252287626</AccInput>
    <RPM>0.543268144</RPM>
    <Gear>2</Gear>
    <SteeringAngle>3.779139</SteeringAngle>
    <WheelSpeed>0</WheelSpeed>
    <CarType>Sports</CarType>
  </MyCar>
  <Peds />
  <Time>105412</Time>
  <LastFrameTime>0.0240835883</LastFrameTime>
  <MyProperty>0</MyProperty>
  <Weather>ExtraSunny</Weather>
  <Steering>115</Steering>
  <Acc>159</Acc>
  <Brake>127</Brake>
  <DayTime>06:54:55</DayTime>
  <Position>
    <X>-3122.58569</X>
    <Y>1027.47021</Y>
    <Z>19.8821659</Z>
  </Position>
  <Rotation>
    <X>2.183282</X>
    <Y>0.7547544</Y>
    <Z>-24.03288</Z>
  </Rotation>
</Screenshot>