<?xml version="1.0" encoding="utf-8"?>
<Screenshot xmlns:xsd="http://www.w3.org/2001/XMLSchema" xmlns:xsi="http://www.w3.org/2001/XMLSchema-instance">
  <Cars />
  <MyCar>
    <Position>
      <X>-3122.25513</X>
      <Y>1028.29639</Y>
      <Z>19.0180168</Z>
    </Position>
    <Rotation>
      <X>2.44109344</X>
      <Y>0.365325</Y>
      <Z>-22.7435913</Z>
    </Rotation>
    <Handle>1538</Handle>
    <Bounds>
      <Vector3>
        <X>-3124.17773</X>
        <Y>1026.36511</Y>
        <Z>18.1883163</Z>
      </Vector3>
      <Vector3>
        <X>-3122.294</X>
        <Y>1025.57544</Y>
        <Z>18.175293</Z>
      </Vector3>
      <Vector3>
        <X>-3122.20068</X>
        <Y>1031.07813</Y>
        <Z>18.4061966</Z>
      </Vector3>
      <Vector3>
        <X>-3124.193</X>
        <Y>1026.30432</Y>
        <Z>19.6428642</Z>
      </Vector3>
      <Vector3>
        <X>-3120.31665</X>
        <Y>1030.28845</Y>
        <Z>18.3931732</Z>
      </Vector3>
      <Vector3>
        <X>-3122.30933</X>
        <Y>1025.51465</Y>
        <Z>19.62984</Z>
      </Vector3>
      <Vector3>
        <X>-3122.216</X>
        <Y>1031.01733</Y>
        <Z>19.8607445</Z>
      </Vector3>
      <Vector3>
        <X>-3120.33228</X>
        <Y>1030.22766</Y>
        <Z>19.8477211</Z>
      </Vector3>
    </Bounds>
    <CenterCamPosition>
      <X>0</X>
      <Y>0</Y>
    </CenterCamPosition>
    <ScreenBounds />
    <DistanceToCam>0</DistanceToCam>
    <Speed>13.7093477</Speed>
    <AccInput>0.252287626</AccInput>
    <RPM>0.5462735</RPM>
    <Gear>2</Gear>
    <SteeringAngle>4.23497963</SteeringAngle>
    <WheelSpeed>0</WheelSpeed>
    <CarType>Sports</CarType>
  </MyCar>
  <Peds />
  <Time>105538</Time>
  <LastFrameTime>0.0269250385</LastFrameTime>
  <MyProperty>0</MyProperty>
  <Weather>ExtraSunny</Weather>
  <Steering>112</Steering>
  <Acc>159</Acc>
  <Brake>127</Brake>
  <DayTime>06:54:59</DayTime>
  <Position>
    <X>-3121.939</X>
    <Y>1029.02173</Y>
    <Z>19.9531155</Z>
  </Position>
  <Rotation>
    <X>1.99111915</X>
    <Y>0.860760033</Y>
    <Z>-22.9803486</Z>
  </Rotation>
</Screenshot>