<?xml version="1.0" encoding="utf-8"?>
<Screenshot xmlns:xsd="http://www.w3.org/2001/XMLSchema" xmlns:xsi="http://www.w3.org/2001/XMLSchema-instance">
  <Cars />
  <MyCar>
    <Position>
      <X>-3122.39722</X>
      <Y>1027.9563</Y>
      <Z>19.0018272</Z>
    </Position>
    <Rotation>
      <X>2.49111915</X>
      <Y>0.360759825</Y>
      <Z>-22.9803486</Z>
    </Rotation>
    <Handle>1538</Handle>
    <Bounds>
      <Vector3>
        <X>-3124.32764</X>
        <Y>1026.03369</Y>
        <Z>18.1698418</Z>
      </Vector3>
      <Vector3>
        <X>-3122.447</X>
        <Y>1025.23621</Y>
        <Z>18.15698</Z>
      </Vector3>
      <Vector3>
        <X>-3122.33081</X>
        <Y>1030.73828</Y>
        <Z>18.3921852</Z>
      </Vector3>
      <Vector3>
        <X>-3124.34375</X>
        <Y>1025.9718</Y>
        <Z>19.6243362</Z>
      </Vector3>
      <Vector3>
        <X>-3120.45044</X>
        <Y>1029.9408</Y>
        <Z>18.3793221</Z>
      </Vector3>
      <Vector3>
        <X>-3122.46313</X>
        <Y>1025.17432</Y>
        <Z>19.6114731</Z>
      </Vector3>
      <Vector3>
        <X>-3122.34717</X>
        <Y>1030.67639</Y>
        <Z>19.8466778</Z>
      </Vector3>
      <Vector3>
        <X>-3120.46655</X>
        <Y>1029.87891</Y>
        <Z>19.8338165</Z>
      </Vector3>
    </Bounds>
    <CenterCamPosition>
      <X>0</X>
      <Y>0</Y>
    </CenterCamPosition>
    <ScreenBounds />
    <DistanceToCam>0</DistanceToCam>
    <Speed>13.6919289</Speed>
    <AccInput>0.252287626</AccInput>
    <RPM>0.546045065</RPM>
    <Gear>2</Gear>
    <SteeringAngle>4.106592</SteeringAngle>
    <WheelSpeed>0</WheelSpeed>
    <CarType>Sports</CarType>
  </MyCar>
  <Peds />
  <Time>105511</Time>
  <LastFrameTime>0.02236637</LastFrameTime>
  <MyProperty>0</MyProperty>
  <Weather>ExtraSunny</Weather>
  <Steering>112</Steering>
  <Acc>159</Acc>
  <Brake>127</Brake>
  <DayTime>06:54:58</DayTime>
  <Position>
    <X>-3122.05444</X>
    <Y>1028.73767</Y>
    <Z>19.940712</Z>
  </Position>
  <Rotation>
    <X>2.0397315</X>
    <Y>0.861068249</Y>
    <Z>-23.1719131</Z>
  </Rotation>
</Screenshot>