<?xml version="1.0" encoding="utf-8"?>
<Screenshot xmlns:xsd="http://www.w3.org/2001/XMLSchema" xmlns:xsi="http://www.w3.org/2001/XMLSchema-instance">
  <Cars />
  <MyCar>
    <Position>
      <X>-3122.15039</X>
      <Y>1028.54968</Y>
      <Z>19.02986</Z>
    </Position>
    <Rotation>
      <X>2.41189122</X>
      <Y>0.3726561</Y>
      <Z>-22.5630569</Z>
    </Rotation>
    <Handle>1538</Handle>
    <Bounds>
      <Vector3>
        <X>-3124.06714</X>
        <Y>1026.612</Y>
        <Z>18.2015781</Z>
      </Vector3>
      <Vector3>
        <X>-3122.181</X>
        <Y>1025.82825</Y>
        <Z>18.1882915</Z>
      </Vector3>
      <Vector3>
        <X>-3122.10474</X>
        <Y>1031.3313</Y>
        <Z>18.416853</Z>
      </Vector3>
      <Vector3>
        <X>-3124.082</X>
        <Y>1026.55176</Y>
        <Z>19.6561546</Z>
      </Vector3>
      <Vector3>
        <X>-3120.21851</X>
        <Y>1030.54761</Y>
        <Z>18.4035664</Z>
      </Vector3>
      <Vector3>
        <X>-3122.1958</X>
        <Y>1025.76807</Y>
        <Z>19.64287</Z>
      </Vector3>
      <Vector3>
        <X>-3122.11963</X>
        <Y>1031.27112</Y>
        <Z>19.8714314</Z>
      </Vector3>
      <Vector3>
        <X>-3120.23315</X>
        <Y>1030.4873</Y>
        <Z>19.8581448</Z>
      </Vector3>
    </Bounds>
    <CenterCamPosition>
      <X>0</X>
      <Y>0</Y>
    </CenterCamPosition>
    <ScreenBounds />
    <DistanceToCam>0</DistanceToCam>
    <Speed>13.7219572</Speed>
    <AccInput>0.252287626</AccInput>
    <RPM>0.54704237</RPM>
    <Gear>2</Gear>
    <SteeringAngle>4.310528</SteeringAngle>
    <WheelSpeed>0</WheelSpeed>
    <CarType>Sports</CarType>
  </MyCar>
  <Peds />
  <Time>105558</Time>
  <LastFrameTime>0.02000744</LastFrameTime>
  <MyProperty>0</MyProperty>
  <Weather>ExtraSunny</Weather>
  <Steering>112</Steering>
  <Acc>159</Acc>
  <Brake>127</Brake>
  <DayTime>06:55:00</DayTime>
  <Position>
    <X>-3121.80078</X>
    <Y>1029.36438</Y>
    <Z>19.9682922</Z>
  </Position>
  <Rotation>
    <X>1.94109333</X>
    <Y>0.8653249</Y>
    <Z>-22.7435856</Z>
  </Rotation>
</Screenshot>