<?xml version="1.0" encoding="utf-8"?>
<Screenshot xmlns:xsd="http://www.w3.org/2001/XMLSchema" xmlns:xsi="http://www.w3.org/2001/XMLSchema-instance">
  <Cars />
  <MyCar>
    <Position>
      <X>-3121.995</X>
      <Y>1028.92957</Y>
      <Z>19.0470371</Z>
    </Position>
    <Rotation>
      <X>2.39489675</X>
      <Y>0.382010072</Y>
      <Z>-22.28559</Z>
    </Rotation>
    <Handle>1538</Handle>
    <Bounds>
      <Vector3>
        <X>-3123.90283</X>
        <Y>1026.98242</Y>
        <Z>18.2196712</Z>
      </Vector3>
      <Vector3>
        <X>-3122.0127</X>
        <Y>1026.20789</Y>
        <Z>18.2060528</Z>
      </Vector3>
      <Vector3>
        <X>-3121.96313</X>
        <Y>1031.7113</Y>
        <Z>18.4334316</Z>
      </Vector3>
      <Vector3>
        <X>-3123.917</X>
        <Y>1026.92249</Y>
        <Z>19.6742668</Z>
      </Vector3>
      <Vector3>
        <X>-3120.073</X>
        <Y>1030.93665</Y>
        <Z>18.4198112</Z>
      </Vector3>
      <Vector3>
        <X>-3122.02686</X>
        <Y>1026.14783</Y>
        <Z>19.6606464</Z>
      </Vector3>
      <Vector3>
        <X>-3121.97729</X>
        <Y>1031.65137</Y>
        <Z>19.8880253</Z>
      </Vector3>
      <Vector3>
        <X>-3120.08716</X>
        <Y>1030.87671</Y>
        <Z>19.8744068</Z>
      </Vector3>
    </Bounds>
    <CenterCamPosition>
      <X>0</X>
      <Y>0</Y>
    </CenterCamPosition>
    <ScreenBounds />
    <DistanceToCam>0</DistanceToCam>
    <Speed>13.7413988</Speed>
    <AccInput>0.252287626</AccInput>
    <RPM>0.5478723</RPM>
    <Gear>2</Gear>
    <SteeringAngle>4.30912828</SteeringAngle>
    <WheelSpeed>0</WheelSpeed>
    <CarType>Sports</CarType>
  </MyCar>
  <Peds />
  <Time>105588</Time>
  <LastFrameTime>0.02990271</LastFrameTime>
  <MyProperty>0</MyProperty>
  <Weather>ExtraSunny</Weather>
  <Steering>114</Steering>
  <Acc>159</Acc>
  <Brake>127</Brake>
  <DayTime>06:55:01</DayTime>
  <Position>
    <X>-3121.69922</X>
    <Y>1029.61951</Y>
    <Z>19.9795418</Z>
  </Position>
  <Rotation>
    <X>1.9118911</X>
    <Y>0.872656</Y>
    <Z>-22.563055</Z>
  </Rotation>
</Screenshot>