<?xml version="1.0" encoding="utf-8"?>
<Screenshot xmlns:xsd="http://www.w3.org/2001/XMLSchema" xmlns:xsi="http://www.w3.org/2001/XMLSchema-instance">
  <Cars />
  <MyCar>
    <Position>
      <X>-3121.6272</X>
      <Y>1029.84778</Y>
      <Z>19.0878658</Z>
    </Position>
    <Rotation>
      <X>2.42711</X>
      <Y>0.423010617</Y>
      <Z>-21.62956</Z>
    </Rotation>
    <Handle>1538</Handle>
    <Bounds>
      <Vector3>
        <X>-3123.513</X>
        <Y>1027.87964</Y>
        <Z>18.2598152</Z>
      </Vector3>
      <Vector3>
        <X>-3121.614</X>
        <Y>1027.12671</Y>
        <Z>18.2447357</Z>
      </Vector3>
      <Vector3>
        <X>-3121.62744</X>
        <Y>1032.63013</Y>
        <Z>18.4764481</Z>
      </Vector3>
      <Vector3>
        <X>-3123.52563</X>
        <Y>1027.81836</Y>
        <Z>19.7143688</Z>
      </Vector3>
      <Vector3>
        <X>-3119.72852</X>
        <Y>1031.8772</Y>
        <Z>18.4613667</Z>
      </Vector3>
      <Vector3>
        <X>-3121.62671</X>
        <Y>1027.06543</Y>
        <Z>19.6992874</Z>
      </Vector3>
      <Vector3>
        <X>-3121.64014</X>
        <Y>1032.56885</Y>
        <Z>19.931</Z>
      </Vector3>
      <Vector3>
        <X>-3119.74121</X>
        <Y>1031.81592</Y>
        <Z>19.9159184</Z>
      </Vector3>
    </Bounds>
    <CenterCamPosition>
      <X>0</X>
      <Y>0</Y>
    </CenterCamPosition>
    <ScreenBounds />
    <DistanceToCam>0</DistanceToCam>
    <Speed>13.79185</Speed>
    <AccInput>0.252287626</AccInput>
    <RPM>0.550737441</RPM>
    <Gear>2</Gear>
    <SteeringAngle>3.600148</SteeringAngle>
    <WheelSpeed>0</WheelSpeed>
    <CarType>Sports</CarType>
  </MyCar>
  <Peds />
  <Time>105660</Time>
  <LastFrameTime>0.0217190757</LastFrameTime>
  <MyProperty>0</MyProperty>
  <Weather>ExtraSunny</Weather>
  <Steering>122</Steering>
  <Acc>159</Acc>
  <Brake>127</Brake>
  <DayTime>06:55:03</DayTime>
  <Position>
    <X>-3121.29956</X>
    <Y>1030.64478</Y>
    <Z>20.0255222</Z>
  </Position>
  <Rotation>
    <X>1.92044616</X>
    <Y>0.924394667</Y>
    <Z>-21.8230476</Z>
  </Rotation>
</Screenshot>