<?xml version="1.0" encoding="utf-8"?>
<Screenshot xmlns:xsd="http://www.w3.org/2001/XMLSchema" xmlns:xsi="http://www.w3.org/2001/XMLSchema-instance">
  <Cars />
  <MyCar>
    <Position>
      <X>-3121.48486</X>
      <Y>1030.21008</Y>
      <Z>19.1036949</Z>
    </Position>
    <Rotation>
      <X>2.42242241</X>
      <Y>0.4125077</Y>
      <Z>-21.391264</Z>
    </Rotation>
    <Handle>1538</Handle>
    <Bounds>
      <Vector3>
        <X>-3123.362</X>
        <Y>1028.234</Y>
        <Z>18.2756634</Z>
      </Vector3>
      <Vector3>
        <X>-3121.46021</X>
        <Y>1027.48889</Y>
        <Z>18.2609558</Z>
      </Vector3>
      <Vector3>
        <X>-3121.49658</X>
        <Y>1032.99231</Y>
        <Z>18.4918766</Z>
      </Vector3>
      <Vector3>
        <X>-3123.37476</X>
        <Y>1028.17285</Y>
        <Z>19.7302227</Z>
      </Vector3>
      <Vector3>
        <X>-3119.59448</X>
        <Y>1032.24731</Y>
        <Z>18.47717</Z>
      </Vector3>
      <Vector3>
        <X>-3121.473</X>
        <Y>1027.42786</Y>
        <Z>19.715517</Z>
      </Vector3>
      <Vector3>
        <X>-3121.50928</X>
        <Y>1032.93127</Y>
        <Z>19.9464359</Z>
      </Vector3>
      <Vector3>
        <X>-3119.60718</X>
        <Y>1032.18616</Y>
        <Z>19.93173</Z>
      </Vector3>
    </Bounds>
    <CenterCamPosition>
      <X>0</X>
      <Y>0</Y>
    </CenterCamPosition>
    <ScreenBounds />
    <DistanceToCam>0</DistanceToCam>
    <Speed>13.8124218</Speed>
    <AccInput>0.252287626</AccInput>
    <RPM>0.5514126</RPM>
    <Gear>2</Gear>
    <SteeringAngle>2.8175056</SteeringAngle>
    <WheelSpeed>0</WheelSpeed>
    <CarType>Sports</CarType>
  </MyCar>
  <Peds />
  <Time>105688</Time>
  <LastFrameTime>0.0282276925</LastFrameTime>
  <MyProperty>0</MyProperty>
  <Weather>ExtraSunny</Weather>
  <Steering>127</Steering>
  <Acc>159</Acc>
  <Brake>127</Brake>
  <DayTime>06:55:04</DayTime>
  <Position>
    <X>-3121.19287</X>
    <Y>1030.92432</Y>
    <Z>20.0378513</Z>
  </Position>
  <Rotation>
    <X>1.92710984</X>
    <Y>0.9230107</Y>
    <Z>-21.62956</Z>
  </Rotation>
</Screenshot>