<?xml version="1.0" encoding="utf-8"?>
<Screenshot xmlns:xsd="http://www.w3.org/2001/XMLSchema" xmlns:xsi="http://www.w3.org/2001/XMLSchema-instance">
  <Cars />
  <MyCar>
    <Position>
      <X>-3121.89185</X>
      <Y>1029.18457</Y>
      <Z>19.058567</Z>
    </Position>
    <Rotation>
      <X>2.406366</X>
      <Y>0.403586984</Y>
      <Z>-22.0989819</Z>
    </Rotation>
    <Handle>1538</Handle>
    <Bounds>
      <Vector3>
        <X>-3123.79346</X>
        <Y>1027.23157</Y>
        <Z>18.2310829</Z>
      </Vector3>
      <Vector3>
        <X>-3121.901</X>
        <Y>1026.46313</Y>
        <Z>18.2166939</Z>
      </Vector3>
      <Vector3>
        <X>-3121.86914</X>
        <Y>1031.96655</Y>
        <Z>18.4458656</Z>
      </Vector3>
      <Vector3>
        <X>-3123.807</X>
        <Y>1027.171</Y>
        <Z>19.6856613</Z>
      </Vector3>
      <Vector3>
        <X>-3119.97656</X>
        <Y>1031.19812</Y>
        <Z>18.4314766</Z>
      </Vector3>
      <Vector3>
        <X>-3121.91431</X>
        <Y>1026.40259</Y>
        <Z>19.6712723</Z>
      </Vector3>
      <Vector3>
        <X>-3121.88257</X>
        <Y>1031.90613</Y>
        <Z>19.900444</Z>
      </Vector3>
      <Vector3>
        <X>-3119.99</X>
        <Y>1031.13757</Y>
        <Z>19.886055</Z>
      </Vector3>
    </Bounds>
    <CenterCamPosition>
      <X>0</X>
      <Y>0</Y>
    </CenterCamPosition>
    <ScreenBounds />
    <DistanceToCam>0</DistanceToCam>
    <Speed>13.7551632</Speed>
    <AccInput>0.252287626</AccInput>
    <RPM>0.5488474</RPM>
    <Gear>2</Gear>
    <SteeringAngle>4.243555</SteeringAngle>
    <WheelSpeed>0</WheelSpeed>
    <CarType>Sports</CarType>
  </MyCar>
  <Peds />
  <Time>105608</Time>
  <LastFrameTime>0.0200304035</LastFrameTime>
  <MyProperty>0</MyProperty>
  <Weather>ExtraSunny</Weather>
  <Steering>115</Steering>
  <Acc>159</Acc>
  <Brake>127</Brake>
  <DayTime>06:55:01</DayTime>
  <Position>
    <X>-3121.54883</X>
    <Y>1030.00171</Y>
    <Z>19.9963741</Z>
  </Position>
  <Rotation>
    <X>1.8948971</X>
    <Y>0.8820101</Y>
    <Z>-22.2855873</Z>
  </Rotation>
</Screenshot>