<?xml version="1.0" encoding="utf-8"?>
<Screenshot xmlns:xsd="http://www.w3.org/2001/XMLSchema" xmlns:xsi="http://www.w3.org/2001/XMLSchema-instance">
  <Cars />
  <MyCar>
    <Position>
      <X>-3121.73755</X>
      <Y>1029.5697</Y>
      <Z>19.0756721</Z>
    </Position>
    <Rotation>
      <X>2.42044616</X>
      <Y>0.424394757</Y>
      <Z>-21.82305</Z>
    </Rotation>
    <Handle>1538</Handle>
    <Bounds>
      <Vector3>
        <X>-3123.63</X>
        <Y>1027.60779</Y>
        <Z>18.24794</Z>
      </Vector3>
      <Vector3>
        <X>-3121.73364</X>
        <Y>1026.84851</Y>
        <Z>18.232811</Z>
      </Vector3>
      <Vector3>
        <X>-3121.72827</X>
        <Y>1032.352</Y>
        <Z>18.4639778</Z>
      </Vector3>
      <Vector3>
        <X>-3123.64282</X>
        <Y>1027.54675</Y>
        <Z>19.7025</Z>
      </Vector3>
      <Vector3>
        <X>-3119.832</X>
        <Y>1031.59265</Y>
        <Z>18.4488468</Z>
      </Vector3>
      <Vector3>
        <X>-3121.74634</X>
        <Y>1026.78748</Y>
        <Z>19.68737</Z>
      </Vector3>
      <Vector3>
        <X>-3121.74121</X>
        <Y>1032.29089</Y>
        <Z>19.9185371</Z>
      </Vector3>
      <Vector3>
        <X>-3119.845</X>
        <Y>1031.53162</Y>
        <Z>19.9034061</Z>
      </Vector3>
    </Bounds>
    <CenterCamPosition>
      <X>0</X>
      <Y>0</Y>
    </CenterCamPosition>
    <ScreenBounds />
    <DistanceToCam>0</DistanceToCam>
    <Speed>13.7764511</Speed>
    <AccInput>0.252287626</AccInput>
    <RPM>0.550097346</RPM>
    <Gear>2</Gear>
    <SteeringAngle>3.96493721</SteeringAngle>
    <WheelSpeed>0</WheelSpeed>
    <CarType>Sports</CarType>
  </MyCar>
  <Peds />
  <Time>105638</Time>
  <LastFrameTime>0.0301509537</LastFrameTime>
  <MyProperty>0</MyProperty>
  <Weather>ExtraSunny</Weather>
  <Steering>118</Steering>
  <Acc>159</Acc>
  <Brake>127</Brake>
  <DayTime>06:55:02</DayTime>
  <Position>
    <X>-3121.44873</X>
    <Y>1030.25793</Y>
    <Z>20.0081348</Z>
  </Position>
  <Rotation>
    <X>1.90636587</X>
    <Y>0.9035869</Y>
    <Z>-22.0989819</Z>
  </Rotation>
</Screenshot>