<?xml version="1.0" encoding="utf-8"?>
<Screenshot xmlns:xsd="http://www.w3.org/2001/XMLSchema" xmlns:xsi="http://www.w3.org/2001/XMLSchema-instance">
  <Cars />
  <MyCar>
    <Position>
      <X>-3121.12817</X>
      <Y>1031.129</Y>
      <Z>19.1441345</Z>
    </Position>
    <Rotation>
      <X>2.4035027</X>
      <Y>0.390521884</Y>
      <Z>-20.8676472</Z>
    </Rotation>
    <Handle>1538</Handle>
    <Bounds>
      <Vector3>
        <X>-3122.987</X>
        <Y>1029.1355</Y>
        <Z>18.3165417</Z>
      </Vector3>
      <Vector3>
        <X>-3121.07837</X>
        <Y>1028.40784</Y>
        <Z>18.30262</Z>
      </Vector3>
      <Vector3>
        <X>-3121.165</X>
        <Y>1033.91077</Y>
        <Z>18.5310688</Z>
      </Vector3>
      <Vector3>
        <X>-3122.99951</X>
        <Y>1029.075</Y>
        <Z>19.7711258</Z>
      </Vector3>
      <Vector3>
        <X>-3119.25635</X>
        <Y>1033.18323</Y>
        <Z>18.5171471</Z>
      </Vector3>
      <Vector3>
        <X>-3121.09082</X>
        <Y>1028.34729</Y>
        <Z>19.7572041</Z>
      </Vector3>
      <Vector3>
        <X>-3121.17773</X>
        <Y>1033.85022</Y>
        <Z>19.9856529</Z>
      </Vector3>
      <Vector3>
        <X>-3119.269</X>
        <Y>1033.12256</Y>
        <Z>19.97173</Z>
      </Vector3>
    </Bounds>
    <CenterCamPosition>
      <X>0</X>
      <Y>0</Y>
    </CenterCamPosition>
    <ScreenBounds />
    <DistanceToCam>0</DistanceToCam>
    <Speed>13.8647051</Speed>
    <AccInput>0.252287626</AccInput>
    <RPM>0.553284347</RPM>
    <Gear>2</Gear>
    <SteeringAngle>1.53310442</SteeringAngle>
    <WheelSpeed>0</WheelSpeed>
    <CarType>Sports</CarType>
  </MyCar>
  <Peds />
  <Time>105760</Time>
  <LastFrameTime>0.0206761453</LastFrameTime>
  <MyProperty>0</MyProperty>
  <Weather>ExtraSunny</Weather>
  <Steering>127</Steering>
  <Acc>159</Acc>
  <Brake>127</Brake>
  <DayTime>06:55:06</DayTime>
  <Position>
    <X>-3120.80884</X>
    <Y>1031.94348</Y>
    <Z>20.081913</Z>
  </Position>
  <Rotation>
    <X>1.90706742</X>
    <Y>0.8956878</Y>
    <Z>-21.0066681</Z>
  </Rotation>
</Screenshot>