<?xml version="1.0" encoding="utf-8"?>
<Screenshot xmlns:xsd="http://www.w3.org/2001/XMLSchema" xmlns:xsi="http://www.w3.org/2001/XMLSchema-instance">
  <Cars />
  <MyCar>
    <Position>
      <X>-3121.38257</X>
      <Y>1030.47192</Y>
      <Z>19.1151543</Z>
    </Position>
    <Rotation>
      <X>2.41363215</X>
      <Y>0.4039322</Y>
      <Z>-21.2282543</Z>
    </Rotation>
    <Handle>1538</Handle>
    <Bounds>
      <Vector3>
        <X>-3123.25415</X>
        <Y>1028.49036</Y>
        <Z>18.2873554</Z>
      </Vector3>
      <Vector3>
        <X>-3121.35</X>
        <Y>1027.75073</Y>
        <Z>18.2729549</Z>
      </Vector3>
      <Vector3>
        <X>-3121.402</X>
        <Y>1033.254</Y>
        <Z>18.5027866</Z>
      </Vector3>
      <Vector3>
        <X>-3123.26685</X>
        <Y>1028.42944</Y>
        <Z>19.7419262</Z>
      </Vector3>
      <Vector3>
        <X>-3119.498</X>
        <Y>1032.5144</Y>
        <Z>18.4883842</Z>
      </Vector3>
      <Vector3>
        <X>-3121.36279</X>
        <Y>1027.68982</Y>
        <Z>19.7275257</Z>
      </Vector3>
      <Vector3>
        <X>-3121.41479</X>
        <Y>1033.19312</Y>
        <Z>19.9573574</Z>
      </Vector3>
      <Vector3>
        <X>-3119.51074</X>
        <Y>1032.45349</Y>
        <Z>19.942955</Z>
      </Vector3>
    </Bounds>
    <CenterCamPosition>
      <X>0</X>
      <Y>0</Y>
    </CenterCamPosition>
    <ScreenBounds />
    <DistanceToCam>0</DistanceToCam>
    <Speed>13.8273458</Speed>
    <AccInput>0.252287626</AccInput>
    <RPM>0.5519509</RPM>
    <Gear>2</Gear>
    <SteeringAngle>2.3758924</SteeringAngle>
    <WheelSpeed>0</WheelSpeed>
    <CarType>Sports</CarType>
  </MyCar>
  <Peds />
  <Time>105709</Time>
  <LastFrameTime>0.0203611869</LastFrameTime>
  <MyProperty>0</MyProperty>
  <Weather>ExtraSunny</Weather>
  <Steering>127</Steering>
  <Acc>159</Acc>
  <Brake>127</Brake>
  <DayTime>06:55:04</DayTime>
  <Position>
    <X>-3121.05518</X>
    <Y>1031.28845</Y>
    <Z>20.053587</Z>
  </Position>
  <Rotation>
    <X>1.92242241</X>
    <Y>0.9125078</Y>
    <Z>-21.391264</Z>
  </Rotation>
</Screenshot>