<?xml version="1.0" encoding="utf-8"?>
<Screenshot xmlns:xsd="http://www.w3.org/2001/XMLSchema" xmlns:xsi="http://www.w3.org/2001/XMLSchema-instance">
  <Cars />
  <MyCar>
    <Position>
      <X>-3121.2312</X>
      <Y>1030.86182</Y>
      <Z>19.13233</Z>
    </Position>
    <Rotation>
      <X>2.40706754</X>
      <Y>0.3956878</Y>
      <Z>-21.00667</Z>
    </Rotation>
    <Handle>1538</Handle>
    <Bounds>
      <Vector3>
        <X>-3123.095</X>
        <Y>1028.87292</Y>
        <Z>18.3046741</Z>
      </Vector3>
      <Vector3>
        <X>-3121.18823</X>
        <Y>1028.14063</Y>
        <Z>18.2905655</Z>
      </Vector3>
      <Vector3>
        <X>-3121.26147</X>
        <Y>1033.64368</Y>
        <Z>18.5195179</Z>
      </Vector3>
      <Vector3>
        <X>-3123.10767</X>
        <Y>1028.81213</Y>
        <Z>19.7592525</Z>
      </Vector3>
      <Vector3>
        <X>-3119.35449</X>
        <Y>1032.9115</Y>
        <Z>18.5054111</Z>
      </Vector3>
      <Vector3>
        <X>-3121.20068</X>
        <Y>1028.08</Y>
        <Z>19.7451458</Z>
      </Vector3>
      <Vector3>
        <X>-3121.274</X>
        <Y>1033.583</Y>
        <Z>19.9740963</Z>
      </Vector3>
      <Vector3>
        <X>-3119.36719</X>
        <Y>1032.85083</Y>
        <Z>19.95999</Z>
      </Vector3>
    </Bounds>
    <CenterCamPosition>
      <X>0</X>
      <Y>0</Y>
    </CenterCamPosition>
    <ScreenBounds />
    <DistanceToCam>0</DistanceToCam>
    <Speed>13.8495588</Speed>
    <AccInput>0.252287626</AccInput>
    <RPM>0.552467</RPM>
    <Gear>2</Gear>
    <SteeringAngle>1.82303154</SteeringAngle>
    <WheelSpeed>0</WheelSpeed>
    <CarType>Sports</CarType>
  </MyCar>
  <Peds />
  <Time>105739</Time>
  <LastFrameTime>0.0302381478</LastFrameTime>
  <MyProperty>0</MyProperty>
  <Weather>ExtraSunny</Weather>
  <Steering>127</Steering>
  <Acc>159</Acc>
  <Brake>127</Brake>
  <DayTime>06:55:05</DayTime>
  <Position>
    <X>-3120.956</X>
    <Y>1031.55176</Y>
    <Z>20.0648689</Z>
  </Position>
  <Rotation>
    <X>1.91363239</X>
    <Y>0.903932035</Y>
    <Z>-21.22825</Z>
  </Rotation>
</Screenshot>