<?xml version="1.0" encoding="utf-8"?>
<Screenshot xmlns:xsd="http://www.w3.org/2001/XMLSchema" xmlns:xsi="http://www.w3.org/2001/XMLSchema-instance">
  <Cars />
  <MyCar>
    <Position>
      <X>-3120.98267</X>
      <Y>1031.50769</Y>
      <Z>19.160717</Z>
    </Position>
    <Rotation>
      <X>2.39511323</X>
      <Y>0.382327557</Y>
      <Z>-20.6938972</Z>
    </Rotation>
    <Handle>1538</Handle>
    <Bounds>
      <Vector3>
        <X>-3122.83545</X>
        <Y>1029.5083</Y>
        <Z>18.3333473</Z>
      </Vector3>
      <Vector3>
        <X>-3120.92456</X>
        <Y>1028.7865</Y>
        <Z>18.3197174</Z>
      </Vector3>
      <Vector3>
        <X>-3121.028</X>
        <Y>1034.28918</Y>
        <Z>18.5471268</Z>
      </Vector3>
      <Vector3>
        <X>-3122.848</X>
        <Y>1029.448</Y>
        <Z>19.787941</Z>
      </Vector3>
      <Vector3>
        <X>-3119.11719</X>
        <Y>1033.56738</Y>
        <Z>18.5334949</Z>
      </Vector3>
      <Vector3>
        <X>-3120.937</X>
        <Y>1028.7262</Y>
        <Z>19.7743111</Z>
      </Vector3>
      <Vector3>
        <X>-3121.04053</X>
        <Y>1034.22888</Y>
        <Z>20.00172</Z>
      </Vector3>
      <Vector3>
        <X>-3119.12964</X>
        <Y>1033.50708</Y>
        <Z>19.98809</Z>
      </Vector3>
    </Bounds>
    <CenterCamPosition>
      <X>0</X>
      <Y>0</Y>
    </CenterCamPosition>
    <ScreenBounds />
    <DistanceToCam>0</DistanceToCam>
    <Speed>13.88621</Speed>
    <AccInput>0.247058868</AccInput>
    <RPM>0.5540407</RPM>
    <Gear>2</Gear>
    <SteeringAngle>1.18834</SteeringAngle>
    <WheelSpeed>0</WheelSpeed>
    <CarType>Sports</CarType>
  </MyCar>
  <Peds />
  <Time>105789</Time>
  <LastFrameTime>0.0292461086</LastFrameTime>
  <MyProperty>0</MyProperty>
  <Weather>ExtraSunny</Weather>
  <Steering>127</Steering>
  <Acc>158</Acc>
  <Brake>127</Brake>
  <DayTime>06:55:07</DayTime>
  <Position>
    <X>-3120.7085</X>
    <Y>1032.21179</Y>
    <Z>20.0936451</Z>
  </Position>
  <Rotation>
    <X>1.90350258</X>
    <Y>0.8905218</Y>
    <Z>-20.8676453</Z>
  </Rotation>
</Screenshot>