<?xml version="1.0" encoding="utf-8"?>
<Screenshot xmlns:xsd="http://www.w3.org/2001/XMLSchema" xmlns:xsi="http://www.w3.org/2001/XMLSchema-instance">
  <Cars />
  <MyCar>
    <Position>
      <X>-3120.85327</X>
      <Y>1031.84619</Y>
      <Z>19.1750679</Z>
    </Position>
    <Rotation>
      <X>2.363741</X>
      <Y>0.369604349</Y>
      <Z>-20.559267</Z>
    </Rotation>
    <Handle>1538</Handle>
    <Bounds>
      <Vector3>
        <X>-3122.70142</X>
        <Y>1029.842</Y>
        <Z>18.3488541</Z>
      </Vector3>
      <Vector3>
        <X>-3120.78882</X>
        <Y>1029.12463</Y>
        <Z>18.3356762</Z>
      </Vector3>
      <Vector3>
        <X>-3120.90527</X>
        <Y>1034.6272</Y>
        <Z>18.5598335</Z>
      </Vector3>
      <Vector3>
        <X>-3122.71362</X>
        <Y>1029.78247</Y>
        <Z>19.8034821</Z>
      </Vector3>
      <Vector3>
        <X>-3118.99268</X>
        <Y>1033.90991</Y>
        <Z>18.5466557</Z>
      </Vector3>
      <Vector3>
        <X>-3120.801</X>
        <Y>1029.06519</Y>
        <Z>19.7903061</Z>
      </Vector3>
      <Vector3>
        <X>-3120.91748</X>
        <Y>1034.56775</Y>
        <Z>20.0144634</Z>
      </Vector3>
      <Vector3>
        <X>-3119.005</X>
        <Y>1033.85034</Y>
        <Z>20.0012856</Z>
      </Vector3>
    </Bounds>
    <CenterCamPosition>
      <X>0</X>
      <Y>0</Y>
    </CenterCamPosition>
    <ScreenBounds />
    <DistanceToCam>0</DistanceToCam>
    <Speed>13.9055519</Speed>
    <AccInput>0.247058868</AccInput>
    <RPM>0.554815054</RPM>
    <Gear>2</Gear>
    <SteeringAngle>0.9500581</SteeringAngle>
    <WheelSpeed>0</WheelSpeed>
    <CarType>Sports</CarType>
  </MyCar>
  <Peds />
  <Time>105815</Time>
  <LastFrameTime>0.0260897</LastFrameTime>
  <MyProperty>0</MyProperty>
  <Weather>ExtraSunny</Weather>
  <Steering>127</Steering>
  <Acc>158</Acc>
  <Brake>127</Brake>
  <DayTime>06:55:07</DayTime>
  <Position>
    <X>-3120.56641</X>
    <Y>1032.59192</Y>
    <Z>20.1100578</Z>
  </Position>
  <Rotation>
    <X>1.89511311</X>
    <Y>0.882327557</Y>
    <Z>-20.6938972</Z>
  </Rotation>
</Screenshot>