<?xml version="1.0" encoding="utf-8"?>
<Screenshot xmlns:xsd="http://www.w3.org/2001/XMLSchema" xmlns:xsi="http://www.w3.org/2001/XMLSchema-instance">
  <Cars />
  <MyCar>
    <Position>
      <X>-3120.73462</X>
      <Y>1032.15784</Y>
      <Z>19.18794</Z>
    </Position>
    <Rotation>
      <X>2.322376</X>
      <Y>0.351362824</Y>
      <Z>-20.4524326</Z>
    </Rotation>
    <Handle>1538</Handle>
    <Bounds>
      <Vector3>
        <X>-3122.57886</X>
        <Y>1030.14954</Y>
        <Z>18.3632221</Z>
      </Vector3>
      <Vector3>
        <X>-3120.665</X>
        <Y>1029.43579</Y>
        <Z>18.3506966</Z>
      </Vector3>
      <Vector3>
        <X>-3120.79175</X>
        <Y>1034.93835</Y>
        <Z>18.5705128</Z>
      </Vector3>
      <Vector3>
        <X>-3122.59131</X>
        <Y>1030.09119</Y>
        <Z>19.8178978</Z>
      </Vector3>
      <Vector3>
        <X>-3118.87769</X>
        <Y>1034.22449</Y>
        <Z>18.5579872</Z>
      </Vector3>
      <Vector3>
        <X>-3120.67725</X>
        <Y>1029.37744</Y>
        <Z>19.80537</Z>
      </Vector3>
      <Vector3>
        <X>-3120.804</X>
        <Y>1034.87988</Y>
        <Z>20.0251884</Z>
      </Vector3>
      <Vector3>
        <X>-3118.89014</X>
        <Y>1034.16614</Y>
        <Z>20.012661</Z>
      </Vector3>
    </Bounds>
    <CenterCamPosition>
      <X>0</X>
      <Y>0</Y>
    </CenterCamPosition>
    <ScreenBounds />
    <DistanceToCam>0</DistanceToCam>
    <Speed>13.9230413</Speed>
    <AccInput>0.247058868</AccInput>
    <RPM>0.555213034</RPM>
    <Gear>2</Gear>
    <SteeringAngle>0.7750973</SteeringAngle>
    <WheelSpeed>0</WheelSpeed>
    <CarType>Sports</CarType>
  </MyCar>
  <Peds />
  <Time>105839</Time>
  <LastFrameTime>0.0239712577</LastFrameTime>
  <MyProperty>0</MyProperty>
  <Weather>ExtraSunny</Weather>
  <Steering>127</Steering>
  <Acc>158</Acc>
  <Brake>127</Brake>
  <DayTime>06:55:08</DayTime>
  <Position>
    <X>-3120.43945</X>
    <Y>1032.93188</Y>
    <Z>20.1237736</Z>
  </Position>
  <Rotation>
    <X>1.8637408</X>
    <Y>0.869604349</Y>
    <Z>-20.5592651</Z>
  </Rotation>
</Screenshot>