<?xml version="1.0" encoding="utf-8"?>
<Screenshot xmlns:xsd="http://www.w3.org/2001/XMLSchema" xmlns:xsi="http://www.w3.org/2001/XMLSchema-instance">
  <Cars />
  <MyCar>
    <Position>
      <X>-3120.635</X>
      <Y>1032.42041</Y>
      <Z>19.1986542</Z>
    </Position>
    <Rotation>
      <X>2.280427</X>
      <Y>0.3338542</Y>
      <Z>-20.3745518</Z>
    </Rotation>
    <Handle>1538</Handle>
    <Bounds>
      <Vector3>
        <X>-3122.47656</X>
        <Y>1030.40894</Y>
        <Z>18.375473</Z>
      </Vector3>
      <Vector3>
        <X>-3120.56177</X>
        <Y>1029.69775</Y>
        <Z>18.36357</Z>
      </Vector3>
      <Vector3>
        <X>-3120.6958</X>
        <Y>1035.20032</Y>
        <Z>18.5790215</Z>
      </Vector3>
      <Vector3>
        <X>-3122.48877</X>
        <Y>1030.35168</Y>
        <Z>19.8301926</Z>
      </Vector3>
      <Vector3>
        <X>-3118.781</X>
        <Y>1034.48914</Y>
        <Z>18.56712</Z>
      </Vector3>
      <Vector3>
        <X>-3120.574</X>
        <Y>1029.6405</Y>
        <Z>19.81829</Z>
      </Vector3>
      <Vector3>
        <X>-3120.708</X>
        <Y>1035.14307</Y>
        <Z>20.033741</Z>
      </Vector3>
      <Vector3>
        <X>-3118.79321</X>
        <Y>1034.43188</Y>
        <Z>20.02184</Z>
      </Vector3>
    </Bounds>
    <CenterCamPosition>
      <X>0</X>
      <Y>0</Y>
    </CenterCamPosition>
    <ScreenBounds />
    <DistanceToCam>0</DistanceToCam>
    <Speed>13.9376831</Speed>
    <AccInput>0.247058868</AccInput>
    <RPM>0.5556827</RPM>
    <Gear>2</Gear>
    <SteeringAngle>0.65508914</SteeringAngle>
    <WheelSpeed>0</WheelSpeed>
    <CarType>Sports</CarType>
  </MyCar>
  <Peds />
  <Time>105859</Time>
  <LastFrameTime>0.0201613512</LastFrameTime>
  <MyProperty>0</MyProperty>
  <Weather>ExtraSunny</Weather>
  <Steering>127</Steering>
  <Acc>158</Acc>
  <Brake>127</Brake>
  <DayTime>06:55:09</DayTime>
  <Position>
    <X>-3120.323</X>
    <Y>1033.24512</Y>
    <Z>20.13581</Z>
  </Position>
  <Rotation>
    <X>1.82237589</X>
    <Y>0.8513627</Y>
    <Z>-20.4524326</Z>
  </Rotation>
</Screenshot>