<?xml version="1.0" encoding="utf-8"?>
<Screenshot xmlns:xsd="http://www.w3.org/2001/XMLSchema" xmlns:xsi="http://www.w3.org/2001/XMLSchema-instance">
  <Cars />
  <MyCar>
    <Position>
      <X>-3120.4917</X>
      <Y>1032.80029</Y>
      <Z>19.2139587</Z>
    </Position>
    <Rotation>
      <X>2.2178185</X>
      <Y>0.303333372</Y>
      <Z>-20.28173</Z>
    </Rotation>
    <Handle>1538</Handle>
    <Bounds>
      <Vector3>
        <X>-3122.32983</X>
        <Y>1030.78491</Y>
        <Z>18.392992</Z>
      </Vector3>
      <Vector3>
        <X>-3120.41382</X>
        <Y>1030.07678</Y>
        <Z>18.3821774</Z>
      </Vector3>
      <Vector3>
        <X>-3120.557</X>
        <Y>1035.57935</Y>
        <Z>18.5909557</Z>
      </Vector3>
      <Vector3>
        <X>-3122.34229</X>
        <Y>1030.72937</Y>
        <Z>19.84778</Z>
      </Vector3>
      <Vector3>
        <X>-3118.64087</X>
        <Y>1034.87122</Y>
        <Z>18.5801411</Z>
      </Vector3>
      <Vector3>
        <X>-3120.426</X>
        <Y>1030.02124</Y>
        <Z>19.8369656</Z>
      </Vector3>
      <Vector3>
        <X>-3120.56934</X>
        <Y>1035.5238</Y>
        <Z>20.0457439</Z>
      </Vector3>
      <Vector3>
        <X>-3118.65332</X>
        <Y>1034.8158</Y>
        <Z>20.03493</Z>
      </Vector3>
    </Bounds>
    <CenterCamPosition>
      <X>0</X>
      <Y>0</Y>
    </CenterCamPosition>
    <ScreenBounds />
    <DistanceToCam>0</DistanceToCam>
    <Speed>13.9584751</Speed>
    <AccInput>0.247058868</AccInput>
    <RPM>0.556141853</RPM>
    <Gear>2</Gear>
    <SteeringAngle>0.5086355</SteeringAngle>
    <WheelSpeed>0</WheelSpeed>
    <CarType>Sports</CarType>
  </MyCar>
  <Peds />
  <Time>105888</Time>
  <LastFrameTime>0.0291207451</LastFrameTime>
  <MyProperty>0</MyProperty>
  <Weather>ExtraSunny</Weather>
  <Steering>127</Steering>
  <Acc>158</Acc>
  <Brake>127</Brake>
  <DayTime>06:55:10</DayTime>
  <Position>
    <X>-3120.22485</X>
    <Y>1033.50891</Y>
    <Z>20.1456738</Z>
  </Position>
  <Rotation>
    <X>1.780427</X>
    <Y>0.8338541</Y>
    <Z>-20.37455</Z>
  </Rotation>
</Screenshot>