<?xml version="1.0" encoding="utf-8"?>
<Screenshot xmlns:xsd="http://www.w3.org/2001/XMLSchema" xmlns:xsi="http://www.w3.org/2001/XMLSchema-instance">
  <Cars />
  <MyCar>
    <Position>
      <X>-3120.049</X>
      <Y>1033.98669</Y>
      <Z>19.2610626</Z>
    </Position>
    <Rotation>
      <X>1.996436</X>
      <Y>0.1630032</Y>
      <Z>-20.128088</Z>
    </Rotation>
    <Handle>1538</Handle>
    <Bounds>
      <Vector3>
        <X>-3121.881</X>
        <Y>1031.96265</Y>
        <Z>18.44736</Z>
      </Vector3>
      <Vector3>
        <X>-3119.96313</X>
        <Y>1031.25977</Y>
        <Z>18.4415474</Z>
      </Vector3>
      <Vector3>
        <X>-3120.12134</X>
        <Y>1036.7627</Y>
        <Z>18.6255722</Z>
      </Vector3>
      <Vector3>
        <X>-3121.89453</X>
        <Y>1031.91357</Y>
        <Z>19.9023685</Z>
      </Vector3>
      <Vector3>
        <X>-3118.20337</X>
        <Y>1036.05981</Y>
        <Z>18.61976</Z>
      </Vector3>
      <Vector3>
        <X>-3119.97656</X>
        <Y>1031.21069</Y>
        <Z>19.8965569</Z>
      </Vector3>
      <Vector3>
        <X>-3120.13477</X>
        <Y>1036.71375</Y>
        <Z>20.0805817</Z>
      </Vector3>
      <Vector3>
        <X>-3118.2168</X>
        <Y>1036.01074</Y>
        <Z>20.07477</Z>
      </Vector3>
    </Bounds>
    <CenterCamPosition>
      <X>0</X>
      <Y>0</Y>
    </CenterCamPosition>
    <ScreenBounds />
    <DistanceToCam>0</DistanceToCam>
    <Speed>14.02255</Speed>
    <AccInput>0.247058868</AccInput>
    <RPM>0.5575707</RPM>
    <Gear>2</Gear>
    <SteeringAngle>0.203062639</SteeringAngle>
    <WheelSpeed>0</WheelSpeed>
    <CarType>Sports</CarType>
  </MyCar>
  <Peds />
  <Time>105978</Time>
  <LastFrameTime>0.06666667</LastFrameTime>
  <MyProperty>0</MyProperty>
  <Weather>ExtraSunny</Weather>
  <Steering>127</Steering>
  <Acc>158</Acc>
  <Brake>127</Brake>
  <DayTime>06:55:12</DayTime>
  <Position>
    <X>-3119.96777</X>
    <Y>1034.20361</Y>
    <Z>20.1711388</Z>
  </Position>
  <Rotation>
    <X>1.66907275</X>
    <Y>0.7717718</Y>
    <Z>-20.22004</Z>
  </Rotation>
</Screenshot>