<?xml version="1.0" encoding="utf-8"?>
<Screenshot xmlns:xsd="http://www.w3.org/2001/XMLSchema" xmlns:xsi="http://www.w3.org/2001/XMLSchema-instance">
  <Cars />
  <MyCar>
    <Position>
      <X>-3120.37476</X>
      <Y>1033.11194</Y>
      <Z>19.2263756</Z>
    </Position>
    <Rotation>
      <X>2.16907263</X>
      <Y>0.271771759</Y>
      <Z>-20.2200432</Z>
    </Rotation>
    <Handle>1538</Handle>
    <Bounds>
      <Vector3>
        <X>-3122.21069</X>
        <Y>1031.09375</Y>
        <Z>18.4069958</Z>
      </Vector3>
      <Vector3>
        <X>-3120.2937</X>
        <Y>1030.3877</Y>
        <Z>18.3973064</Z>
      </Vector3>
      <Vector3>
        <X>-3120.44287</X>
        <Y>1035.89026</Y>
        <Z>18.60061</Z>
      </Vector3>
      <Vector3>
        <X>-3122.22314</X>
        <Y>1031.03967</Y>
        <Z>19.8618336</Z>
      </Vector3>
      <Vector3>
        <X>-3118.52612</X>
        <Y>1035.18433</Y>
        <Z>18.5909214</Z>
      </Vector3>
      <Vector3>
        <X>-3120.3064</X>
        <Y>1030.33362</Y>
        <Z>19.8521442</Z>
      </Vector3>
      <Vector3>
        <X>-3120.45557</X>
        <Y>1035.83618</Y>
        <Z>20.0554485</Z>
      </Vector3>
      <Vector3>
        <X>-3118.53857</X>
        <Y>1035.13025</Y>
        <Z>20.04576</Z>
      </Vector3>
    </Bounds>
    <CenterCamPosition>
      <X>0</X>
      <Y>0</Y>
    </CenterCamPosition>
    <ScreenBounds />
    <DistanceToCam>0</DistanceToCam>
    <Speed>13.9752865</Speed>
    <AccInput>0.247058868</AccInput>
    <RPM>0.5567614</RPM>
    <Gear>2</Gear>
    <SteeringAngle>0.415590942</SteeringAngle>
    <WheelSpeed>0</WheelSpeed>
    <CarType>Sports</CarType>
  </MyCar>
  <Peds />
  <Time>105912</Time>
  <LastFrameTime>0.0238387585</LastFrameTime>
  <MyProperty>0</MyProperty>
  <Weather>ExtraSunny</Weather>
  <Steering>127</Steering>
  <Acc>158</Acc>
  <Brake>127</Brake>
  <DayTime>06:55:10</DayTime>
  <Position>
    <X>-3120.0835</X>
    <Y>1033.89063</Y>
    <Z>20.15971</Z>
  </Position>
  <Rotation>
    <X>1.71781826</X>
    <Y>0.8033333</Y>
    <Z>-20.2817326</Z>
  </Rotation>
</Screenshot>