<?xml version="1.0" encoding="utf-8"?>
<Screenshot xmlns:xsd="http://www.w3.org/2001/XMLSchema" xmlns:xsi="http://www.w3.org/2001/XMLSchema-instance">
  <Cars />
  <MyCar>
    <Position>
      <X>-3119.94653</X>
      <Y>1034.263</Y>
      <Z>19.2722</Z>
    </Position>
    <Rotation>
      <X>1.95844269</X>
      <Y>0.158074424</Y>
      <Z>-20.10898</Z>
    </Rotation>
    <Handle>1538</Handle>
    <Bounds>
      <Vector3>
        <X>-3121.77783</X>
        <Y>1032.23779</Y>
        <Z>18.4600868</Z>
      </Vector3>
      <Vector3>
        <X>-3119.85962</X>
        <Y>1031.53552</Y>
        <Z>18.45445</Z>
      </Vector3>
      <Vector3>
        <X>-3120.01978</X>
        <Y>1037.03857</Y>
        <Z>18.6349087</Z>
      </Vector3>
      <Vector3>
        <X>-3121.79126</X>
        <Y>1032.1897</Y>
        <Z>19.9151287</Z>
      </Vector3>
      <Vector3>
        <X>-3118.10156</X>
        <Y>1036.3363</Y>
        <Z>18.6292744</Z>
      </Vector3>
      <Vector3>
        <X>-3119.873</X>
        <Y>1031.4873</Y>
        <Z>19.9094925</Z>
      </Vector3>
      <Vector3>
        <X>-3120.033</X>
        <Y>1036.99048</Y>
        <Z>20.0899525</Z>
      </Vector3>
      <Vector3>
        <X>-3118.11475</X>
        <Y>1036.28809</Y>
        <Z>20.0843163</Z>
      </Vector3>
    </Bounds>
    <CenterCamPosition>
      <X>0</X>
      <Y>0</Y>
    </CenterCamPosition>
    <ScreenBounds />
    <DistanceToCam>0</DistanceToCam>
    <Speed>14.0375719</Speed>
    <AccInput>0.247058868</AccInput>
    <RPM>0.5585639</RPM>
    <Gear>2</Gear>
    <SteeringAngle>0.17036745</SteeringAngle>
    <WheelSpeed>0</WheelSpeed>
    <CarType>Sports</CarType>
  </MyCar>
  <Peds />
  <Time>105999</Time>
  <LastFrameTime>0.0210115835</LastFrameTime>
  <MyProperty>0</MyProperty>
  <Weather>ExtraSunny</Weather>
  <Steering>127</Steering>
  <Acc>158</Acc>
  <Brake>127</Brake>
  <DayTime>06:55:13</DayTime>
  <Position>
    <X>-3119.64478</X>
    <Y>1035.0824</Y>
    <Z>20.2023182</Z>
  </Position>
  <Rotation>
    <X>1.49643612</X>
    <Y>0.6630032</Y>
    <Z>-20.128088</Z>
  </Rotation>
</Screenshot>