<?xml version="1.0" encoding="utf-8"?>
<Screenshot xmlns:xsd="http://www.w3.org/2001/XMLSchema" xmlns:xsi="http://www.w3.org/2001/XMLSchema-instance">
  <Cars />
  <MyCar>
    <Position>
      <X>-3119.70874</X>
      <Y>1034.90552</Y>
      <Z>19.2969055</Z>
    </Position>
    <Rotation>
      <X>1.94727719</X>
      <Y>0.172901511</Y>
      <Z>-20.0881939</Z>
    </Rotation>
    <Handle>1538</Handle>
    <Bounds>
      <Vector3>
        <X>-3121.53955</X>
        <Y>1032.87964</Y>
        <Z>18.48555</Z>
      </Vector3>
      <Vector3>
        <X>-3119.621</X>
        <Y>1032.178</Y>
        <Z>18.4793873</Z>
      </Vector3>
      <Vector3>
        <X>-3119.7832</X>
        <Y>1037.681</Y>
        <Z>18.6593781</Z>
      </Vector3>
      <Vector3>
        <X>-3121.55249</X>
        <Y>1032.83167</Y>
        <Z>19.9406013</Z>
      </Vector3>
      <Vector3>
        <X>-3117.86475</X>
        <Y>1036.97949</Y>
        <Z>18.6532135</Z>
      </Vector3>
      <Vector3>
        <X>-3119.634</X>
        <Y>1032.13</Y>
        <Z>19.9344368</Z>
      </Vector3>
      <Vector3>
        <X>-3119.796</X>
        <Y>1037.633</Y>
        <Z>20.1144276</Z>
      </Vector3>
      <Vector3>
        <X>-3117.87744</X>
        <Y>1036.93152</Y>
        <Z>20.108263</Z>
      </Vector3>
    </Bounds>
    <CenterCamPosition>
      <X>0</X>
      <Y>0</Y>
    </CenterCamPosition>
    <ScreenBounds />
    <DistanceToCam>0</DistanceToCam>
    <Speed>14.07525</Speed>
    <AccInput>0.247058868</AccInput>
    <RPM>0.561559141</RPM>
    <Gear>2</Gear>
    <SteeringAngle>0.112482622</SteeringAngle>
    <WheelSpeed>0</WheelSpeed>
    <CarType>Sports</CarType>
  </MyCar>
  <Peds />
  <Time>106048</Time>
  <LastFrameTime>0.0198436</LastFrameTime>
  <MyProperty>0</MyProperty>
  <Weather>ExtraSunny</Weather>
  <Steering>127</Steering>
  <Acc>158</Acc>
  <Brake>127</Brake>
  <DayTime>06:55:14</DayTime>
  <Position>
    <X>-3119.40137</X>
    <Y>1035.7406</Y>
    <Z>20.2271042</Z>
  </Position>
  <Rotation>
    <X>1.44129431</X>
    <Y>0.6627244</Y>
    <Z>-20.0932255</Z>
  </Rotation>
</Screenshot>