<?xml version="1.0" encoding="utf-8"?>
<Screenshot xmlns:xsd="http://www.w3.org/2001/XMLSchema" xmlns:xsi="http://www.w3.org/2001/XMLSchema-instance">
  <Cars />
  <MyCar>
    <Position>
      <X>-3119.56177</X>
      <Y>1035.30383</Y>
      <Z>19.3117161</Z>
    </Position>
    <Rotation>
      <X>1.96918011</X>
      <Y>0.188190252</Y>
      <Z>-20.0906811</Z>
    </Rotation>
    <Handle>1538</Handle>
    <Bounds>
      <Vector3>
        <X>-3121.39282</X>
        <Y>1033.27832</Y>
        <Z>18.4996662</Z>
      </Vector3>
      <Vector3>
        <X>-3119.47437</X>
        <Y>1032.57666</Y>
        <Z>18.4929581</Z>
      </Vector3>
      <Vector3>
        <X>-3119.63623</X>
        <Y>1038.07959</Y>
        <Z>18.6754475</Z>
      </Vector3>
      <Vector3>
        <X>-3121.40552</X>
        <Y>1033.22974</Y>
        <Z>19.9546967</Z>
      </Vector3>
      <Vector3>
        <X>-3117.71777</X>
        <Y>1037.37793</Y>
        <Z>18.6687374</Z>
      </Vector3>
      <Vector3>
        <X>-3119.487</X>
        <Y>1032.52808</Y>
        <Z>19.9479885</Z>
      </Vector3>
      <Vector3>
        <X>-3119.649</X>
        <Y>1038.031</Y>
        <Z>20.1304779</Z>
      </Vector3>
      <Vector3>
        <X>-3117.73047</X>
        <Y>1037.32935</Y>
        <Z>20.1237679</Z>
      </Vector3>
    </Bounds>
    <CenterCamPosition>
      <X>0</X>
      <Y>0</Y>
    </CenterCamPosition>
    <ScreenBounds />
    <DistanceToCam>0</DistanceToCam>
    <Speed>14.0994968</Speed>
    <AccInput>0.247058868</AccInput>
    <RPM>0.5627525</RPM>
    <Gear>2</Gear>
    <SteeringAngle>0.08652873</SteeringAngle>
    <WheelSpeed>0</WheelSpeed>
    <CarType>Sports</CarType>
  </MyCar>
  <Peds />
  <Time>106078</Time>
  <LastFrameTime>0.0301453676</LastFrameTime>
  <MyProperty>0</MyProperty>
  <Weather>ExtraSunny</Weather>
  <Steering>127</Steering>
  <Acc>158</Acc>
  <Brake>127</Brake>
  <DayTime>06:55:15</DayTime>
  <Position>
    <X>-3119.30469</X>
    <Y>1036.0022</Y>
    <Z>20.2371578</Z>
  </Position>
  <Rotation>
    <X>1.44727719</X>
    <Y>0.672901452</Y>
    <Z>-20.0881939</Z>
  </Rotation>
</Screenshot>