<?xml version="1.0" encoding="utf-8"?>
<Screenshot xmlns:xsd="http://www.w3.org/2001/XMLSchema" xmlns:xsi="http://www.w3.org/2001/XMLSchema-instance">
  <Cars />
  <MyCar>
    <Position>
      <X>-3119.46265</X>
      <Y>1035.57251</Y>
      <Z>19.3217525</Z>
    </Position>
    <Rotation>
      <X>1.98285568</X>
      <Y>0.204184338</Y>
      <Z>-20.0972672</Z>
    </Rotation>
    <Handle>1538</Handle>
    <Bounds>
      <Vector3>
        <X>-3121.29419</X>
        <Y>1033.54749</Y>
        <Z>18.5093842</Z>
      </Vector3>
      <Vector3>
        <X>-3119.37573</X>
        <Y>1032.84558</Y>
        <Z>18.5021057</Z>
      </Vector3>
      <Vector3>
        <X>-3119.53687</X>
        <Y>1038.34851</Y>
        <Z>18.6863861</Z>
      </Vector3>
      <Vector3>
        <X>-3121.30664</X>
        <Y>1033.49841</Y>
        <Z>19.9644032</Z>
      </Vector3>
      <Vector3>
        <X>-3117.61841</X>
        <Y>1037.64661</Y>
        <Z>18.6791058</Z>
      </Vector3>
      <Vector3>
        <X>-3119.38818</X>
        <Y>1032.79651</Y>
        <Z>19.9571228</Z>
      </Vector3>
      <Vector3>
        <X>-3119.54932</X>
        <Y>1038.29944</Y>
        <Z>20.1414032</Z>
      </Vector3>
      <Vector3>
        <X>-3117.63086</X>
        <Y>1037.59753</Y>
        <Z>20.1341228</Z>
      </Vector3>
    </Bounds>
    <CenterCamPosition>
      <X>0</X>
      <Y>0</Y>
    </CenterCamPosition>
    <ScreenBounds />
    <DistanceToCam>0</DistanceToCam>
    <Speed>14.1157513</Speed>
    <AccInput>0.247058868</AccInput>
    <RPM>0.5637546</RPM>
    <Gear>2</Gear>
    <SteeringAngle>0.07308755</SteeringAngle>
    <WheelSpeed>0</WheelSpeed>
    <CarType>Sports</CarType>
  </MyCar>
  <Peds />
  <Time>106098</Time>
  <LastFrameTime>0.0203053318</LastFrameTime>
  <MyProperty>0</MyProperty>
  <Weather>ExtraSunny</Weather>
  <Steering>127</Steering>
  <Acc>158</Acc>
  <Brake>127</Brake>
  <DayTime>06:55:16</DayTime>
  <Position>
    <X>-3119.15747</X>
    <Y>1036.4</Y>
    <Z>20.2524147</Z>
  </Position>
  <Rotation>
    <X>1.46918</X>
    <Y>0.6881902</Y>
    <Z>-20.0906773</Z>
  </Rotation>
</Screenshot>