<?xml version="1.0" encoding="utf-8"?>
<Screenshot xmlns:xsd="http://www.w3.org/2001/XMLSchema" xmlns:xsi="http://www.w3.org/2001/XMLSchema-instance">
  <Cars />
  <MyCar>
    <Position>
      <X>-3119.80542</X>
      <Y>1034.6438</Y>
      <Z>19.286974</Z>
    </Position>
    <Rotation>
      <X>1.94129419</X>
      <Y>0.162724331</Y>
      <Z>-20.0932274</Z>
    </Rotation>
    <Handle>1538</Handle>
    <Bounds>
      <Vector3>
        <X>-3121.63647</X>
        <Y>1032.61792</Y>
        <Z>18.4757023</Z>
      </Vector3>
      <Vector3>
        <X>-3119.718</X>
        <Y>1031.91614</Y>
        <Z>18.4699</Z>
      </Vector3>
      <Vector3>
        <X>-3119.87939</X>
        <Y>1037.41919</Y>
        <Z>18.6489944</Z>
      </Vector3>
      <Vector3>
        <X>-3121.64941</X>
        <Y>1032.57019</Y>
        <Z>19.93076</Z>
      </Vector3>
      <Vector3>
        <X>-3117.96118</X>
        <Y>1036.71741</Y>
        <Z>18.6431923</Z>
      </Vector3>
      <Vector3>
        <X>-3119.731</X>
        <Y>1031.86841</Y>
        <Z>19.9249573</Z>
      </Vector3>
      <Vector3>
        <X>-3119.89258</X>
        <Y>1037.37146</Y>
        <Z>20.1040516</Z>
      </Vector3>
      <Vector3>
        <X>-3117.974</X>
        <Y>1036.66968</Y>
        <Z>20.09825</Z>
      </Vector3>
    </Bounds>
    <CenterCamPosition>
      <X>0</X>
      <Y>0</Y>
    </CenterCamPosition>
    <ScreenBounds />
    <DistanceToCam>0</DistanceToCam>
    <Speed>14.059577</Speed>
    <AccInput>0.247058868</AccInput>
    <RPM>0.5603099</RPM>
    <Gear>2</Gear>
    <SteeringAngle>0.132634848</SteeringAngle>
    <WheelSpeed>0</WheelSpeed>
    <CarType>Sports</CarType>
  </MyCar>
  <Peds />
  <Time>106028</Time>
  <LastFrameTime>0.028911911</LastFrameTime>
  <MyProperty>0</MyProperty>
  <Weather>ExtraSunny</Weather>
  <Steering>127</Steering>
  <Acc>158</Acc>
  <Brake>127</Brake>
  <DayTime>06:55:14</DayTime>
  <Position>
    <X>-3119.54224</X>
    <Y>1035.35938</Y>
    <Z>20.2126789</Z>
  </Position>
  <Rotation>
    <X>1.45844281</X>
    <Y>0.6580745</Y>
    <Z>-20.10898</Z>
  </Rotation>
</Screenshot>