<?xml version="1.0" encoding="utf-8"?>
<Screenshot xmlns:xsd="http://www.w3.org/2001/XMLSchema" xmlns:xsi="http://www.w3.org/2001/XMLSchema-instance">
  <Cars />
  <MyCar>
    <Position>
      <X>-3119.318</X>
      <Y>1035.96375</Y>
      <Z>19.3363743</Z>
    </Position>
    <Rotation>
      <X>2.001067</X>
      <Y>0.22975798</Y>
      <Z>-20.1141357</Z>
    </Rotation>
    <Handle>1538</Handle>
    <Bounds>
      <Vector3>
        <X>-3121.15039</X>
        <Y>1033.9397</Y>
        <Z>18.5236588</Z>
      </Vector3>
      <Vector3>
        <X>-3119.23242</X>
        <Y>1033.23718</Y>
        <Z>18.5154686</Z>
      </Vector3>
      <Vector3>
        <X>-3119.3916</X>
        <Y>1038.74011</Y>
        <Z>18.7022858</Z>
      </Vector3>
      <Vector3>
        <X>-3121.16235</X>
        <Y>1033.88989</Y>
        <Z>19.9786587</Z>
      </Vector3>
      <Vector3>
        <X>-3117.47363</X>
        <Y>1038.0376</Y>
        <Z>18.6940937</Z>
      </Vector3>
      <Vector3>
        <X>-3119.24438</X>
        <Y>1033.1875</Y>
        <Z>19.9704666</Z>
      </Vector3>
      <Vector3>
        <X>-3119.40356</X>
        <Y>1038.69031</Y>
        <Z>20.1572838</Z>
      </Vector3>
      <Vector3>
        <X>-3117.4856</X>
        <Y>1037.98792</Y>
        <Z>20.1490917</Z>
      </Vector3>
    </Bounds>
    <CenterCamPosition>
      <X>0</X>
      <Y>0</Y>
    </CenterCamPosition>
    <ScreenBounds />
    <DistanceToCam>0</DistanceToCam>
    <Speed>14.1391535</Speed>
    <AccInput>0.247058868</AccInput>
    <RPM>0.5645504</RPM>
    <Gear>2</Gear>
    <SteeringAngle>0.056580808</SteeringAngle>
    <WheelSpeed>0</WheelSpeed>
    <CarType>Sports</CarType>
  </MyCar>
  <Peds />
  <Time>106128</Time>
  <LastFrameTime>0.02953283</LastFrameTime>
  <MyProperty>0</MyProperty>
  <Weather>ExtraSunny</Weather>
  <Steering>127</Steering>
  <Acc>158</Acc>
  <Brake>127</Brake>
  <DayTime>06:55:17</DayTime>
  <Position>
    <X>-3119.058</X>
    <Y>1036.66833</Y>
    <Z>20.2627277</Z>
  </Position>
  <Rotation>
    <X>1.48285568</X>
    <Y>0.704184353</Y>
    <Z>-20.0972652</Z>
  </Rotation>
</Screenshot>