<?xml version="1.0" encoding="utf-8"?>
<Screenshot xmlns:xsd="http://www.w3.org/2001/XMLSchema" xmlns:xsi="http://www.w3.org/2001/XMLSchema-instance">
  <Cars />
  <MyCar>
    <Position>
      <X>-3119.22</X>
      <Y>1036.22937</Y>
      <Z>19.3460884</Z>
    </Position>
    <Rotation>
      <X>1.99525654</X>
      <Y>0.225170225</Y>
      <Z>-20.1271172</Z>
    </Rotation>
    <Handle>1538</Handle>
    <Bounds>
      <Vector3>
        <X>-3121.05273</X>
        <Y>1034.20557</Y>
        <Z>18.5335484</Z>
      </Vector3>
      <Vector3>
        <X>-3119.13477</X>
        <Y>1033.50269</Y>
        <Z>18.52552</Z>
      </Vector3>
      <Vector3>
        <X>-3119.29272</X>
        <Y>1039.00562</Y>
        <Z>18.7116547</Z>
      </Vector3>
      <Vector3>
        <X>-3121.0647</X>
        <Y>1034.156</Y>
        <Z>19.9885521</Z>
      </Vector3>
      <Vector3>
        <X>-3117.37476</X>
        <Y>1038.30273</Y>
        <Z>18.7036266</Z>
      </Vector3>
      <Vector3>
        <X>-3119.14673</X>
        <Y>1033.45313</Y>
        <Z>19.9805241</Z>
      </Vector3>
      <Vector3>
        <X>-3119.305</X>
        <Y>1038.956</Y>
        <Z>20.16666</Z>
      </Vector3>
      <Vector3>
        <X>-3117.387</X>
        <Y>1038.25317</Y>
        <Z>20.1586323</Z>
      </Vector3>
    </Bounds>
    <CenterCamPosition>
      <X>0</X>
      <Y>0</Y>
    </CenterCamPosition>
    <ScreenBounds />
    <DistanceToCam>0</DistanceToCam>
    <Speed>14.1549644</Speed>
    <AccInput>0.247058868</AccInput>
    <RPM>0.565302968</RPM>
    <Gear>2</Gear>
    <SteeringAngle>0.0479215235</SteeringAngle>
    <WheelSpeed>0</WheelSpeed>
    <CarType>Sports</CarType>
  </MyCar>
  <Peds />
  <Time>106148</Time>
  <LastFrameTime>0.0200226456</LastFrameTime>
  <MyProperty>0</MyProperty>
  <Weather>ExtraSunny</Weather>
  <Steering>127</Steering>
  <Acc>158</Acc>
  <Brake>127</Brake>
  <DayTime>06:55:17</DayTime>
  <Position>
    <X>-3118.91284</X>
    <Y>1037.05908</Y>
    <Z>20.27772</Z>
  </Position>
  <Rotation>
    <X>1.50106692</X>
    <Y>0.729757965</Y>
    <Z>-20.1141319</Z>
  </Rotation>
</Screenshot>