<?xml version="1.0" encoding="utf-8"?>
<Screenshot xmlns:xsd="http://www.w3.org/2001/XMLSchema" xmlns:xsi="http://www.w3.org/2001/XMLSchema-instance">
  <Cars />
  <MyCar>
    <Position>
      <X>-3119.07251</X>
      <Y>1036.62891</Y>
      <Z>19.3608379</Z>
    </Position>
    <Rotation>
      <X>1.99384379</X>
      <Y>0.222121149</Y>
      <Z>-20.14321</Z>
    </Rotation>
    <Handle>1538</Handle>
    <Bounds>
      <Vector3>
        <X>-3120.90576</X>
        <Y>1034.60559</Y>
        <Z>18.5483055</Z>
      </Vector3>
      <Vector3>
        <X>-3118.988</X>
        <Y>1033.90222</Y>
        <Z>18.5403862</Z>
      </Vector3>
      <Vector3>
        <X>-3119.14453</X>
        <Y>1039.40515</Y>
        <Z>18.7262859</Z>
      </Vector3>
      <Vector3>
        <X>-3120.918</X>
        <Y>1034.55615</Y>
        <Z>20.0033112</Z>
      </Vector3>
      <Vector3>
        <X>-3117.22681</X>
        <Y>1038.70178</Y>
        <Z>18.7183685</Z>
      </Vector3>
      <Vector3>
        <X>-3119.00024</X>
        <Y>1033.85266</Y>
        <Z>19.9953918</Z>
      </Vector3>
      <Vector3>
        <X>-3119.15674</X>
        <Y>1039.35571</Y>
        <Z>20.1812935</Z>
      </Vector3>
      <Vector3>
        <X>-3117.239</X>
        <Y>1038.65222</Y>
        <Z>20.1733742</Z>
      </Vector3>
    </Bounds>
    <CenterCamPosition>
      <X>0</X>
      <Y>0</Y>
    </CenterCamPosition>
    <ScreenBounds />
    <DistanceToCam>0</DistanceToCam>
    <Speed>14.178565</Speed>
    <AccInput>0.247058868</AccInput>
    <RPM>0.5656335</RPM>
    <Gear>2</Gear>
    <SteeringAngle>0.0369114131</SteeringAngle>
    <WheelSpeed>0</WheelSpeed>
    <CarType>Sports</CarType>
  </MyCar>
  <Peds />
  <Time>106178</Time>
  <LastFrameTime>0.0300690327</LastFrameTime>
  <MyProperty>0</MyProperty>
  <Weather>ExtraSunny</Weather>
  <Steering>127</Steering>
  <Acc>158</Acc>
  <Brake>127</Brake>
  <DayTime>06:55:18</DayTime>
  <Position>
    <X>-3118.8147</X>
    <Y>1037.32471</Y>
    <Z>20.2873154</Z>
  </Position>
  <Rotation>
    <X>1.49525666</X>
    <Y>0.725170255</Y>
    <Z>-20.1271172</Z>
  </Rotation>
</Screenshot>