<?xml version="1.0" encoding="utf-8"?>
<Screenshot xmlns:xsd="http://www.w3.org/2001/XMLSchema" xmlns:xsi="http://www.w3.org/2001/XMLSchema-instance">
  <Cars />
  <MyCar>
    <Position>
      <X>-3118.95776</X>
      <Y>1036.93933</Y>
      <Z>19.3723469</Z>
    </Position>
    <Rotation>
      <X>1.9942205</X>
      <Y>0.225479737</Y>
      <Z>-20.1524181</Z>
    </Rotation>
    <Handle>1538</Handle>
    <Bounds>
      <Vector3>
        <X>-3120.7915</X>
        <Y>1034.91638</Y>
        <Z>18.5598583</Z>
      </Vector3>
      <Vector3>
        <X>-3118.87378</X>
        <Y>1034.21265</Y>
        <Z>18.5518188</Z>
      </Vector3>
      <Vector3>
        <X>-3119.0293</X>
        <Y>1039.71558</Y>
        <Z>18.7378731</Z>
      </Vector3>
      <Vector3>
        <X>-3120.80347</X>
        <Y>1034.86682</Y>
        <Z>20.014864</Z>
      </Vector3>
      <Vector3>
        <X>-3117.11182</X>
        <Y>1039.01184</Y>
        <Z>18.7298336</Z>
      </Vector3>
      <Vector3>
        <X>-3118.88574</X>
        <Y>1034.16309</Y>
        <Z>20.0068245</Z>
      </Vector3>
      <Vector3>
        <X>-3119.0415</X>
        <Y>1039.66614</Y>
        <Z>20.1928787</Z>
      </Vector3>
      <Vector3>
        <X>-3117.12378</X>
        <Y>1038.96228</Y>
        <Z>20.18484</Z>
      </Vector3>
    </Bounds>
    <CenterCamPosition>
      <X>0</X>
      <Y>0</Y>
    </CenterCamPosition>
    <ScreenBounds />
    <DistanceToCam>0</DistanceToCam>
    <Speed>14.1968632</Speed>
    <AccInput>0.247058868</AccInput>
    <RPM>0.5665053</RPM>
    <Gear>2</Gear>
    <SteeringAngle>0.0303329676</SteeringAngle>
    <WheelSpeed>0</WheelSpeed>
    <CarType>Sports</CarType>
  </MyCar>
  <Peds />
  <Time>106201</Time>
  <LastFrameTime>0.0233369973</LastFrameTime>
  <MyProperty>0</MyProperty>
  <Weather>ExtraSunny</Weather>
  <Steering>127</Steering>
  <Acc>158</Acc>
  <Brake>127</Brake>
  <DayTime>06:55:19</DayTime>
  <Position>
    <X>-3118.667</X>
    <Y>1037.72412</Y>
    <Z>20.3020363</Z>
  </Position>
  <Rotation>
    <X>1.49384356</X>
    <Y>0.722121</Y>
    <Z>-20.14321</Z>
  </Rotation>
</Screenshot>