<?xml version="1.0" encoding="utf-8"?>
<Screenshot xmlns:xsd="http://www.w3.org/2001/XMLSchema" xmlns:xsi="http://www.w3.org/2001/XMLSchema-instance">
  <Cars />
  <MyCar>
    <Position>
      <X>-3118.6626</X>
      <Y>1037.73755</Y>
      <Z>19.4010582</Z>
    </Position>
    <Rotation>
      <X>1.93351674</X>
      <Y>0.231154025</Y>
      <Z>-20.1615753</Z>
    </Rotation>
    <Handle>1538</Handle>
    <Bounds>
      <Vector3>
        <X>-3120.49683</X>
        <Y>1035.71411</Y>
        <Z>18.5913525</Z>
      </Vector3>
      <Vector3>
        <X>-3118.57935</X>
        <Y>1035.01</Y>
        <Z>18.58311</Z>
      </Vector3>
      <Vector3>
        <X>-3118.73413</X>
        <Y>1040.51318</Y>
        <Z>18.76395</Z>
      </Vector3>
      <Vector3>
        <X>-3120.5083</X>
        <Y>1035.66589</Y>
        <Z>20.04641</Z>
      </Vector3>
      <Vector3>
        <X>-3116.81665</X>
        <Y>1039.8092</Y>
        <Z>18.7557087</Z>
      </Vector3>
      <Vector3>
        <X>-3118.59082</X>
        <Y>1034.96191</Y>
        <Z>20.03817</Z>
      </Vector3>
      <Vector3>
        <X>-3118.74561</X>
        <Y>1040.46509</Y>
        <Z>20.2190075</Z>
      </Vector3>
      <Vector3>
        <X>-3116.828</X>
        <Y>1039.76111</Y>
        <Z>20.2107677</Z>
      </Vector3>
    </Bounds>
    <CenterCamPosition>
      <X>0</X>
      <Y>0</Y>
    </CenterCamPosition>
    <ScreenBounds />
    <DistanceToCam>0</DistanceToCam>
    <Speed>14.2447338</Speed>
    <AccInput>0.241830111</AccInput>
    <RPM>0.5681445</RPM>
    <Gear>2</Gear>
    <SteeringAngle>0.018054422</SteeringAngle>
    <WheelSpeed>0</WheelSpeed>
    <CarType>Sports</CarType>
  </MyCar>
  <Peds />
  <Time>106261</Time>
  <LastFrameTime>0.0315187722</LastFrameTime>
  <MyProperty>0</MyProperty>
  <Weather>ExtraSunny</Weather>
  <Steering>127</Steering>
  <Acc>157</Acc>
  <Brake>127</Brake>
  <DayTime>06:55:21</DayTime>
  <Position>
    <X>-3118.412</X>
    <Y>1038.41211</Y>
    <Z>20.32727</Z>
  </Position>
  <Rotation>
    <X>1.48545778</X>
    <Y>0.7289402</Y>
    <Z>-20.1592064</Z>
  </Rotation>
</Screenshot>