<?xml version="1.0" encoding="utf-8"?>
<Screenshot xmlns:xsd="http://www.w3.org/2001/XMLSchema" xmlns:xsi="http://www.w3.org/2001/XMLSchema-instance">
  <Cars />
  <MyCar>
    <Position>
      <X>-3118.818</X>
      <Y>1037.31689</Y>
      <Z>19.3862438</Z>
    </Position>
    <Rotation>
      <X>1.98545778</X>
      <Y>0.228940114</Y>
      <Z>-20.1592064</Z>
    </Rotation>
    <Handle>1538</Handle>
    <Bounds>
      <Vector3>
        <X>-3120.652</X>
        <Y>1035.29407</Y>
        <Z>18.5742035</Z>
      </Vector3>
      <Vector3>
        <X>-3118.73462</X>
        <Y>1034.59009</Y>
        <Z>18.5660419</Z>
      </Vector3>
      <Vector3>
        <X>-3118.8894</X>
        <Y>1040.09314</Y>
        <Z>18.7514362</Z>
      </Vector3>
      <Vector3>
        <X>-3120.664</X>
        <Y>1035.24463</Y>
        <Z>20.0292168</Z>
      </Vector3>
      <Vector3>
        <X>-3116.972</X>
        <Y>1039.38916</Y>
        <Z>18.7432747</Z>
      </Vector3>
      <Vector3>
        <X>-3118.74634</X>
        <Y>1034.54065</Y>
        <Z>20.0210533</Z>
      </Vector3>
      <Vector3>
        <X>-3118.90137</X>
        <Y>1040.04382</Y>
        <Z>20.20645</Z>
      </Vector3>
      <Vector3>
        <X>-3116.984</X>
        <Y>1039.33984</Y>
        <Z>20.1982861</Z>
      </Vector3>
    </Bounds>
    <CenterCamPosition>
      <X>0</X>
      <Y>0</Y>
    </CenterCamPosition>
    <ScreenBounds />
    <DistanceToCam>0</DistanceToCam>
    <Speed>14.2194033</Speed>
    <AccInput>0.247058868</AccInput>
    <RPM>0.567373335</RPM>
    <Gear>2</Gear>
    <SteeringAngle>0.0237711929</SteeringAngle>
    <WheelSpeed>0</WheelSpeed>
    <CarType>Sports</CarType>
  </MyCar>
  <Peds />
  <Time>106230</Time>
  <LastFrameTime>0.02833754</LastFrameTime>
  <MyProperty>0</MyProperty>
  <Weather>ExtraSunny</Weather>
  <Steering>127</Steering>
  <Acc>158</Acc>
  <Brake>127</Brake>
  <DayTime>06:55:20</DayTime>
  <Position>
    <X>-3118.552</X>
    <Y>1038.03455</Y>
    <Z>20.3135529</Z>
  </Position>
  <Rotation>
    <X>1.4942205</X>
    <Y>0.725479662</Y>
    <Z>-20.1524162</Z>
  </Rotation>
</Screenshot>