<?xml version="1.0" encoding="utf-8"?>
<Screenshot xmlns:xsd="http://www.w3.org/2001/XMLSchema" xmlns:xsi="http://www.w3.org/2001/XMLSchema-instance">
  <Cars />
  <MyCar>
    <Position>
      <X>-3118.52441</X>
      <Y>1038.11121</Y>
      <Z>19.41351</Z>
    </Position>
    <Rotation>
      <X>1.870853</X>
      <Y>0.210904464</Y>
      <Z>-20.1617241</Z>
    </Rotation>
    <Handle>1538</Handle>
    <Bounds>
      <Vector3>
        <X>-3120.359</X>
        <Y>1036.08679</Y>
        <Z>18.60621</Z>
      </Vector3>
      <Vector3>
        <X>-3118.44116</X>
        <Y>1035.38269</Y>
        <Z>18.5986919</Z>
      </Vector3>
      <Vector3>
        <X>-3118.596</X>
        <Y>1040.88611</Y>
        <Z>18.7732182</Z>
      </Vector3>
      <Vector3>
        <X>-3120.37</X>
        <Y>1036.04028</Y>
        <Z>20.0613232</Z>
      </Vector3>
      <Vector3>
        <X>-3116.67847</X>
        <Y>1040.18213</Y>
        <Z>18.7656975</Z>
      </Vector3>
      <Vector3>
        <X>-3118.45264</X>
        <Y>1035.3363</Y>
        <Z>20.0538044</Z>
      </Vector3>
      <Vector3>
        <X>-3118.60742</X>
        <Y>1040.83972</Y>
        <Z>20.22833</Z>
      </Vector3>
      <Vector3>
        <X>-3116.6897</X>
        <Y>1040.13562</Y>
        <Z>20.22081</Z>
      </Vector3>
    </Bounds>
    <CenterCamPosition>
      <X>0</X>
      <Y>0</Y>
    </CenterCamPosition>
    <ScreenBounds />
    <DistanceToCam>0</DistanceToCam>
    <Speed>14.2661848</Speed>
    <AccInput>0.241830111</AccInput>
    <RPM>0.5685293</RPM>
    <Gear>2</Gear>
    <SteeringAngle>0.0142062446</SteeringAngle>
    <WheelSpeed>0</WheelSpeed>
    <CarType>Sports</CarType>
  </MyCar>
  <Peds />
  <Time>106289</Time>
  <LastFrameTime>0.02794997</LastFrameTime>
  <MyProperty>0</MyProperty>
  <Weather>ExtraSunny</Weather>
  <Steering>127</Steering>
  <Acc>157</Acc>
  <Brake>127</Brake>
  <DayTime>06:55:22</DayTime>
  <Position>
    <X>-3118.256</X>
    <Y>1038.83362</Y>
    <Z>20.3410263</Z>
  </Position>
  <Rotation>
    <X>1.43351686</X>
    <Y>0.7311541</Y>
    <Z>-20.1615715</Z>
  </Rotation>
</Screenshot>