<?xml version="1.0" encoding="utf-8"?>
<Screenshot xmlns:xsd="http://www.w3.org/2001/XMLSchema" xmlns:xsi="http://www.w3.org/2001/XMLSchema-instance">
  <Cars />
  <MyCar>
    <Position>
      <X>-3118.311</X>
      <Y>1038.6886</Y>
      <Z>19.4320564</Z>
    </Position>
    <Rotation>
      <X>1.75937772</X>
      <Y>0.162110582</Y>
      <Z>-20.169714</Z>
    </Rotation>
    <Handle>1538</Handle>
    <Bounds>
      <Vector3>
        <X>-3120.14551</X>
        <Y>1036.66272</Y>
        <Z>18.6288147</Z>
      </Vector3>
      <Vector3>
        <X>-3118.228</X>
        <Y>1035.95837</Y>
        <Z>18.6230354</Z>
      </Vector3>
      <Vector3>
        <X>-3118.382</X>
        <Y>1041.46216</Y>
        <Z>18.7858734</Z>
      </Vector3>
      <Vector3>
        <X>-3120.15723</X>
        <Y>1036.61938</Y>
        <Z>20.08402</Z>
      </Vector3>
      <Vector3>
        <X>-3116.4646</X>
        <Y>1040.75781</Y>
        <Z>18.7800941</Z>
      </Vector3>
      <Vector3>
        <X>-3118.23975</X>
        <Y>1035.915</Y>
        <Z>20.0782413</Z>
      </Vector3>
      <Vector3>
        <X>-3118.39355</X>
        <Y>1041.41882</Y>
        <Z>20.2410812</Z>
      </Vector3>
      <Vector3>
        <X>-3116.47632</X>
        <Y>1040.71448</Y>
        <Z>20.2353</Z>
      </Vector3>
    </Bounds>
    <CenterCamPosition>
      <X>0</X>
      <Y>0</Y>
    </CenterCamPosition>
    <ScreenBounds />
    <DistanceToCam>0</DistanceToCam>
    <Speed>14.3081722</Speed>
    <AccInput>0.241830111</AccInput>
    <RPM>0.570303261</RPM>
    <Gear>2</Gear>
    <SteeringAngle>0.009921674</SteeringAngle>
    <WheelSpeed>0</WheelSpeed>
    <CarType>Sports</CarType>
  </MyCar>
  <Peds />
  <Time>106332</Time>
  <LastFrameTime>0.01950599</LastFrameTime>
  <MyProperty>0</MyProperty>
  <Weather>ExtraSunny</Weather>
  <Steering>127</Steering>
  <Acc>157</Acc>
  <Brake>127</Brake>
  <DayTime>06:55:23</DayTime>
  <Position>
    <X>-3118.00122</X>
    <Y>1039.52515</Y>
    <Z>20.36118</Z>
  </Position>
  <Rotation>
    <X>1.31343126</X>
    <Y>0.6809295</Y>
    <Z>-20.1652946</Z>
  </Rotation>
</Screenshot>