<?xml version="1.0" encoding="utf-8"?>
<Screenshot xmlns:xsd="http://www.w3.org/2001/XMLSchema" xmlns:xsi="http://www.w3.org/2001/XMLSchema-instance">
  <Cars />
  <MyCar>
    <Position>
      <X>-3118.1665</X>
      <Y>1039.08069</Y>
      <Z>19.4445953</Z>
    </Position>
    <Rotation>
      <X>1.66967213</X>
      <Y>0.140349478</Y>
      <Z>-20.1774216</Z>
    </Rotation>
    <Handle>1538</Handle>
    <Bounds>
      <Vector3>
        <X>-3120.00146</X>
        <Y>1037.05383</Y>
        <Z>18.6449337</Z>
      </Vector3>
      <Vector3>
        <X>-3118.084</X>
        <Y>1036.34924</Y>
        <Z>18.63993</Z>
      </Vector3>
      <Vector3>
        <X>-3118.2373</X>
        <Y>1041.85327</Y>
        <Z>18.7939873</Z>
      </Vector3>
      <Vector3>
        <X>-3120.0127</X>
        <Y>1037.0127</Y>
        <Z>20.10021</Z>
      </Vector3>
      <Vector3>
        <X>-3116.32</X>
        <Y>1041.14868</Y>
        <Z>18.7889843</Z>
      </Vector3>
      <Vector3>
        <X>-3118.09546</X>
        <Y>1036.30811</Y>
        <Z>20.0952053</Z>
      </Vector3>
      <Vector3>
        <X>-3118.24854</X>
        <Y>1041.81226</Y>
        <Z>20.2492638</Z>
      </Vector3>
      <Vector3>
        <X>-3116.3313</X>
        <Y>1041.10767</Y>
        <Z>20.2442589</Z>
      </Vector3>
    </Bounds>
    <CenterCamPosition>
      <X>0</X>
      <Y>0</Y>
    </CenterCamPosition>
    <ScreenBounds />
    <DistanceToCam>0</DistanceToCam>
    <Speed>14.3354616</Speed>
    <AccInput>0.236601353</AccInput>
    <RPM>0.5709458</RPM>
    <Gear>2</Gear>
    <SteeringAngle>0.007716954</SteeringAngle>
    <WheelSpeed>0</WheelSpeed>
    <CarType>Sports</CarType>
  </MyCar>
  <Peds />
  <Time>106361</Time>
  <LastFrameTime>0.0291797034</LastFrameTime>
  <MyProperty>0</MyProperty>
  <Weather>ExtraSunny</Weather>
  <Steering>127</Steering>
  <Acc>157</Acc>
  <Brake>127</Brake>
  <DayTime>06:55:24</DayTime>
  <Position>
    <X>-3117.90454</X>
    <Y>1039.7876</Y>
    <Z>20.3684711</Z>
  </Position>
  <Rotation>
    <X>1.25937772</X>
    <Y>0.662110567</Y>
    <Z>-20.16971</Z>
  </Rotation>
</Screenshot>