<?xml version="1.0" encoding="utf-8"?>
<Screenshot xmlns:xsd="http://www.w3.org/2001/XMLSchema" xmlns:xsi="http://www.w3.org/2001/XMLSchema-instance">
  <Cars />
  <MyCar>
    <Position>
      <X>-3118.05078</X>
      <Y>1039.395</Y>
      <Z>19.4546986</Z>
    </Position>
    <Rotation>
      <X>1.59781134</X>
      <Y>0.128896371</Y>
      <Z>-20.1822968</Z>
    </Rotation>
    <Handle>1538</Handle>
    <Bounds>
      <Vector3>
        <X>-3119.886</X>
        <Y>1037.36731</Y>
        <Z>18.6580143</Z>
      </Vector3>
      <Vector3>
        <X>-3117.96875</X>
        <Y>1036.66248</Y>
        <Z>18.6534176</Z>
      </Vector3>
      <Vector3>
        <X>-3118.12158</X>
        <Y>1042.16675</Y>
        <Z>18.8006535</Z>
      </Vector3>
      <Vector3>
        <X>-3119.897</X>
        <Y>1037.328</Y>
        <Z>20.1133423</Z>
      </Vector3>
      <Vector3>
        <X>-3116.20435</X>
        <Y>1041.462</Y>
        <Z>18.7960587</Z>
      </Vector3>
      <Vector3>
        <X>-3117.97974</X>
        <Y>1036.62329</Y>
        <Z>20.1087456</Z>
      </Vector3>
      <Vector3>
        <X>-3118.13257</X>
        <Y>1042.12756</Y>
        <Z>20.2559814</Z>
      </Vector3>
      <Vector3>
        <X>-3116.215</X>
        <Y>1041.42285</Y>
        <Z>20.2513866</Z>
      </Vector3>
    </Bounds>
    <CenterCamPosition>
      <X>0</X>
      <Y>0</Y>
    </CenterCamPosition>
    <ScreenBounds />
    <DistanceToCam>0</DistanceToCam>
    <Speed>14.3568459</Speed>
    <AccInput>0.236601353</AccInput>
    <RPM>0.5716587</RPM>
    <Gear>2</Gear>
    <SteeringAngle>0.248807922</SteeringAngle>
    <WheelSpeed>0</WheelSpeed>
    <CarType>Sports</CarType>
  </MyCar>
  <Peds />
  <Time>106385</Time>
  <LastFrameTime>0.0233419631</LastFrameTime>
  <MyProperty>0</MyProperty>
  <Weather>ExtraSunny</Weather>
  <Steering>123</Steering>
  <Acc>157</Acc>
  <Brake>127</Brake>
  <DayTime>06:55:24</DayTime>
  <Position>
    <X>-3117.75977</X>
    <Y>1040.18115</Y>
    <Z>20.3791752</Z>
  </Position>
  <Rotation>
    <X>1.16967213</X>
    <Y>0.640349448</Y>
    <Z>-20.17742</Z>
  </Rotation>
</Screenshot>