<?xml version="1.0" encoding="utf-8"?>
<Screenshot xmlns:xsd="http://www.w3.org/2001/XMLSchema" xmlns:xsi="http://www.w3.org/2001/XMLSchema-instance">
  <Cars />
  <MyCar>
    <Position>
      <X>-3118.40771</X>
      <Y>1038.427</Y>
      <Z>19.42366</Z>
    </Position>
    <Rotation>
      <X>1.81343114</X>
      <Y>0.180929586</Y>
      <Z>-20.1652966</Z>
    </Rotation>
    <Handle>1538</Handle>
    <Bounds>
      <Vector3>
        <X>-3120.24219</X>
        <Y>1036.40186</Y>
        <Z>18.6183643</Z>
      </Vector3>
      <Vector3>
        <X>-3118.32471</X>
        <Y>1035.69763</Y>
        <Z>18.6119137</Z>
      </Vector3>
      <Vector3>
        <X>-3118.479</X>
        <Y>1041.20129</Y>
        <Z>18.7802467</Z>
      </Vector3>
      <Vector3>
        <X>-3120.25366</X>
        <Y>1036.35693</Y>
        <Z>20.0735264</Z>
      </Vector3>
      <Vector3>
        <X>-3116.56152</X>
        <Y>1040.49707</Y>
        <Z>18.7737961</Z>
      </Vector3>
      <Vector3>
        <X>-3118.33618</X>
        <Y>1035.65283</Y>
        <Z>20.0670757</Z>
      </Vector3>
      <Vector3>
        <X>-3118.49048</X>
        <Y>1041.15637</Y>
        <Z>20.2354088</Z>
      </Vector3>
      <Vector3>
        <X>-3116.573</X>
        <Y>1040.45227</Y>
        <Z>20.2289581</Z>
      </Vector3>
    </Bounds>
    <CenterCamPosition>
      <X>0</X>
      <Y>0</Y>
    </CenterCamPosition>
    <ScreenBounds />
    <DistanceToCam>0</DistanceToCam>
    <Speed>14.2893248</Speed>
    <AccInput>0.241830111</AccInput>
    <RPM>0.5694058</RPM>
    <Gear>2</Gear>
    <SteeringAngle>0.0116534391</SteeringAngle>
    <WheelSpeed>0</WheelSpeed>
    <CarType>Sports</CarType>
  </MyCar>
  <Peds />
  <Time>106313</Time>
  <LastFrameTime>0.023575</LastFrameTime>
  <MyProperty>0</MyProperty>
  <Weather>ExtraSunny</Weather>
  <Steering>127</Steering>
  <Acc>157</Acc>
  <Brake>127</Brake>
  <DayTime>06:55:22</DayTime>
  <Position>
    <X>-3118.118</X>
    <Y>1039.20825</Y>
    <Z>20.3522</Z>
  </Position>
  <Rotation>
    <X>1.37085307</X>
    <Y>0.710904539</Y>
    <Z>-20.161726</Z>
  </Rotation>
</Screenshot>