<?xml version="1.0" encoding="utf-8"?>
<Screenshot xmlns:xsd="http://www.w3.org/2001/XMLSchema" xmlns:xsi="http://www.w3.org/2001/XMLSchema-instance">
  <Cars />
  <MyCar>
    <Position>
      <X>-3117.665</X>
      <Y>1040.449</Y>
      <Z>19.4877872</Z>
    </Position>
    <Rotation>
      <X>1.40032959</X>
      <Y>0.13031882</Y>
      <Z>-20.1381912</Z>
    </Rotation>
    <Handle>1538</Handle>
    <Bounds>
      <Vector3>
        <X>-3119.49976</X>
        <Y>1038.41724</Y>
        <Z>18.6998749</Z>
      </Vector3>
      <Vector3>
        <X>-3117.58179</X>
        <Y>1037.714</Y>
        <Z>18.6952286</Z>
      </Vector3>
      <Vector3>
        <X>-3117.73877</X>
        <Y>1043.21851</Y>
        <Z>18.8248882</Z>
      </Vector3>
      <Vector3>
        <X>-3119.50879</X>
        <Y>1038.38269</Y>
        <Z>20.1553345</Z>
      </Vector3>
      <Vector3>
        <X>-3115.821</X>
        <Y>1042.51526</Y>
        <Z>18.8202419</Z>
      </Vector3>
      <Vector3>
        <X>-3117.591</X>
        <Y>1037.67944</Y>
        <Z>20.1506882</Z>
      </Vector3>
      <Vector3>
        <X>-3117.7478</X>
        <Y>1043.184</Y>
        <Z>20.2803478</Z>
      </Vector3>
      <Vector3>
        <X>-3115.83</X>
        <Y>1042.48071</Y>
        <Z>20.2757015</Z>
      </Vector3>
    </Bounds>
    <CenterCamPosition>
      <X>0</X>
      <Y>0</Y>
    </CenterCamPosition>
    <ScreenBounds />
    <DistanceToCam>0</DistanceToCam>
    <Speed>14.4213333</Speed>
    <AccInput>0.2313726</AccInput>
    <RPM>0.574374557</RPM>
    <Gear>2</Gear>
    <SteeringAngle>1.7664479</SteeringAngle>
    <WheelSpeed>0</WheelSpeed>
    <CarType>Sports</CarType>
  </MyCar>
  <Peds />
  <Time>106463</Time>
  <LastFrameTime>0.02253021</LastFrameTime>
  <MyProperty>0</MyProperty>
  <Weather>ExtraSunny</Weather>
  <Steering>115</Steering>
  <Acc>156</Acc>
  <Brake>127</Brake>
  <DayTime>06:55:27</DayTime>
  <Position>
    <X>-3117.36865</X>
    <Y>1041.24817</Y>
    <Z>20.4083519</Z>
  </Position>
  <Rotation>
    <X>0.932987869</X>
    <Y>0.6255059</Y>
    <Z>-20.16458</Z>
  </Rotation>
</Screenshot>