<?xml version="1.0" encoding="utf-8"?>
<Screenshot xmlns:xsd="http://www.w3.org/2001/XMLSchema" xmlns:xsi="http://www.w3.org/2001/XMLSchema-instance">
  <Cars />
  <MyCar>
    <Position>
      <X>-3117.77637</X>
      <Y>1040.14392</Y>
      <Z>19.4786263</Z>
    </Position>
    <Rotation>
      <X>1.43298793</X>
      <Y>0.125505939</Y>
      <Z>-20.1645813</Z>
    </Rotation>
    <Handle>1538</Handle>
    <Bounds>
      <Vector3>
        <X>-3119.61182</X>
        <Y>1038.1134</Y>
        <Z>18.68918</Z>
      </Vector3>
      <Vector3>
        <X>-3117.69434</X>
        <Y>1037.4093</Y>
        <Z>18.6847057</Z>
      </Vector3>
      <Vector3>
        <X>-3117.84863</X>
        <Y>1042.91382</Y>
        <Z>18.81711</Z>
      </Vector3>
      <Vector3>
        <X>-3119.62134</X>
        <Y>1038.07813</Y>
        <Z>20.144619</Z>
      </Vector3>
      <Vector3>
        <X>-3115.93115</X>
        <Y>1042.20972</Y>
        <Z>18.8126354</Z>
      </Vector3>
      <Vector3>
        <X>-3117.70386</X>
        <Y>1037.374</Y>
        <Z>20.1401443</Z>
      </Vector3>
      <Vector3>
        <X>-3117.85815</X>
        <Y>1042.87866</Y>
        <Z>20.2725487</Z>
      </Vector3>
      <Vector3>
        <X>-3115.94067</X>
        <Y>1042.17444</Y>
        <Z>20.268074</Z>
      </Vector3>
    </Bounds>
    <CenterCamPosition>
      <X>0</X>
      <Y>0</Y>
    </CenterCamPosition>
    <ScreenBounds />
    <DistanceToCam>0</DistanceToCam>
    <Speed>14.4044285</Speed>
    <AccInput>0.236601353</AccInput>
    <RPM>0.5733992</RPM>
    <Gear>2</Gear>
    <SteeringAngle>1.32889044</SteeringAngle>
    <WheelSpeed>0</WheelSpeed>
    <CarType>Sports</CarType>
  </MyCar>
  <Peds />
  <Time>106440</Time>
  <LastFrameTime>0.0287226252</LastFrameTime>
  <MyProperty>0</MyProperty>
  <Weather>ExtraSunny</Weather>
  <Steering>116</Steering>
  <Acc>157</Acc>
  <Brake>127</Brake>
  <DayTime>06:55:26</DayTime>
  <Position>
    <X>-3117.511</X>
    <Y>1040.85864</Y>
    <Z>20.397686</Z>
  </Position>
  <Rotation>
    <X>1.01364434</X>
    <Y>0.6227018</Y>
    <Z>-20.1811028</Z>
  </Rotation>
</Screenshot>