<?xml version="1.0" encoding="utf-8"?>
<Screenshot xmlns:xsd="http://www.w3.org/2001/XMLSchema" xmlns:xsi="http://www.w3.org/2001/XMLSchema-instance">
  <Cars />
  <MyCar>
    <Position>
      <X>-3117.91846</X>
      <Y>1039.75574</Y>
      <Z>19.4663048</Z>
    </Position>
    <Rotation>
      <X>1.51364434</X>
      <Y>0.122701846</Y>
      <Z>-20.1811028</Z>
    </Rotation>
    <Handle>1538</Handle>
    <Bounds>
      <Vector3>
        <X>-3119.75415</X>
        <Y>1037.72681</Y>
        <Z>18.6732349</Z>
      </Vector3>
      <Vector3>
        <X>-3117.83667</X>
        <Y>1037.02209</Y>
        <Z>18.6688614</Z>
      </Vector3>
      <Vector3>
        <X>-3117.9895</X>
        <Y>1042.52661</Y>
        <Z>18.8083649</Z>
      </Vector3>
      <Vector3>
        <X>-3119.7644</X>
        <Y>1037.6897</Y>
        <Z>20.1286221</Z>
      </Vector3>
      <Vector3>
        <X>-3116.07227</X>
        <Y>1041.8219</Y>
        <Z>18.80399</Z>
      </Vector3>
      <Vector3>
        <X>-3117.84717</X>
        <Y>1036.985</Y>
        <Z>20.1242485</Z>
      </Vector3>
      <Vector3>
        <X>-3118</X>
        <Y>1042.48938</Y>
        <Z>20.263752</Z>
      </Vector3>
      <Vector3>
        <X>-3116.08252</X>
        <Y>1041.78467</Y>
        <Z>20.2593765</Z>
      </Vector3>
    </Bounds>
    <CenterCamPosition>
      <X>0</X>
      <Y>0</Y>
    </CenterCamPosition>
    <ScreenBounds />
    <DistanceToCam>0</DistanceToCam>
    <Speed>14.3806963</Speed>
    <AccInput>0.236601353</AccInput>
    <RPM>0.572584033</RPM>
    <Gear>2</Gear>
    <SteeringAngle>0.7321783</SteeringAngle>
    <WheelSpeed>0</WheelSpeed>
    <CarType>Sports</CarType>
  </MyCar>
  <Peds />
  <Time>106411</Time>
  <LastFrameTime>0.02674444</LastFrameTime>
  <MyProperty>0</MyProperty>
  <Weather>ExtraSunny</Weather>
  <Steering>119</Steering>
  <Acc>157</Acc>
  <Brake>127</Brake>
  <DayTime>06:55:25</DayTime>
  <Position>
    <X>-3117.64355</X>
    <Y>1040.49658</Y>
    <Z>20.3878059</Z>
  </Position>
  <Rotation>
    <X>1.09781122</X>
    <Y>0.6288963</Y>
    <Z>-20.1822968</Z>
  </Rotation>
</Screenshot>