<?xml version="1.0" encoding="utf-8"?>
<Screenshot xmlns:xsd="http://www.w3.org/2001/XMLSchema" xmlns:xsi="http://www.w3.org/2001/XMLSchema-instance">
  <Cars />
  <MyCar>
    <Position>
      <X>-3117.557</X>
      <Y>1040.747</Y>
      <Z>19.496336</Z>
    </Position>
    <Rotation>
      <X>1.389476</X>
      <Y>0.138761774</Y>
      <Z>-20.0981731</Z>
    </Rotation>
    <Handle>1538</Handle>
    <Bounds>
      <Vector3>
        <X>-3119.39038</X>
        <Y>1038.71387</Y>
        <Z>18.7090549</Z>
      </Vector3>
      <Vector3>
        <X>-3117.472</X>
        <Y>1038.01184</Y>
        <Z>18.7041073</Z>
      </Vector3>
      <Vector3>
        <X>-3117.63257</X>
        <Y>1043.51636</Y>
        <Z>18.8331013</Z>
      </Vector3>
      <Vector3>
        <X>-3119.39917</X>
        <Y>1038.67944</Y>
        <Z>20.16452</Z>
      </Vector3>
      <Vector3>
        <X>-3115.71436</X>
        <Y>1042.81445</Y>
        <Z>18.8281536</Z>
      </Vector3>
      <Vector3>
        <X>-3117.48071</X>
        <Y>1037.97754</Y>
        <Z>20.1595745</Z>
      </Vector3>
      <Vector3>
        <X>-3117.6416</X>
        <Y>1043.482</Y>
        <Z>20.2885666</Z>
      </Vector3>
      <Vector3>
        <X>-3115.72314</X>
        <Y>1042.78015</Y>
        <Z>20.2836189</Z>
      </Vector3>
    </Bounds>
    <CenterCamPosition>
      <X>0</X>
      <Y>0</Y>
    </CenterCamPosition>
    <ScreenBounds />
    <DistanceToCam>0</DistanceToCam>
    <Speed>14.4390554</Speed>
    <AccInput>0.2313726</AccInput>
    <RPM>0.5757981</RPM>
    <Gear>2</Gear>
    <SteeringAngle>2.190048</SteeringAngle>
    <WheelSpeed>0</WheelSpeed>
    <CarType>Sports</CarType>
  </MyCar>
  <Peds />
  <Time>106485</Time>
  <LastFrameTime>0.0219710413</LastFrameTime>
  <MyProperty>0</MyProperty>
  <Weather>ExtraSunny</Weather>
  <Steering>114</Steering>
  <Acc>156</Acc>
  <Brake>127</Brake>
  <DayTime>06:55:27</DayTime>
  <Position>
    <X>-3117.25757</X>
    <Y>1041.554</Y>
    <Z>20.4168415</Z>
  </Position>
  <Rotation>
    <X>0.90032953</X>
    <Y>0.6303189</Y>
    <Z>-20.13819</Z>
  </Rotation>
</Screenshot>