<?xml version="1.0" encoding="utf-8"?>
<Screenshot xmlns:xsd="http://www.w3.org/2001/XMLSchema" xmlns:xsi="http://www.w3.org/2001/XMLSchema-instance">
  <Cars />
  <MyCar>
    <Position>
      <X>-3117.32031</X>
      <Y>1041.40515</Y>
      <Z>19.5145531</Z>
    </Position>
    <Rotation>
      <X>1.40794492</X>
      <Y>0.1540095</Y>
      <Z>-19.9513454</Z>
    </Rotation>
    <Handle>1538</Handle>
    <Bounds>
      <Vector3>
        <X>-3119.14868</X>
        <Y>1039.36768</Y>
        <Z>18.7267265</Z>
      </Vector3>
      <Vector3>
        <X>-3117.22852</X>
        <Y>1038.67065</Y>
        <Z>18.7212353</Z>
      </Vector3>
      <Vector3>
        <X>-3117.40332</X>
        <Y>1044.17468</Y>
        <Z>18.85242</Z>
      </Vector3>
      <Vector3>
        <X>-3119.15723</X>
        <Y>1039.33264</Y>
        <Z>20.1821785</Z>
      </Vector3>
      <Vector3>
        <X>-3115.48315</X>
        <Y>1043.47766</Y>
        <Z>18.84693</Z>
      </Vector3>
      <Vector3>
        <X>-3117.237</X>
        <Y>1038.63562</Y>
        <Z>20.17669</Z>
      </Vector3>
      <Vector3>
        <X>-3117.41187</X>
        <Y>1044.13965</Y>
        <Z>20.3078728</Z>
      </Vector3>
      <Vector3>
        <X>-3115.4917</X>
        <Y>1043.44263</Y>
        <Z>20.3023834</Z>
      </Vector3>
    </Bounds>
    <CenterCamPosition>
      <X>0</X>
      <Y>0</Y>
    </CenterCamPosition>
    <ScreenBounds />
    <DistanceToCam>0</DistanceToCam>
    <Speed>14.4787741</Speed>
    <AccInput>0.2313726</AccInput>
    <RPM>0.578020155</RPM>
    <Gear>2</Gear>
    <SteeringAngle>2.89678383</SteeringAngle>
    <WheelSpeed>0</WheelSpeed>
    <CarType>Sports</CarType>
  </MyCar>
  <Peds />
  <Time>106533</Time>
  <LastFrameTime>0.020717416</LastFrameTime>
  <MyProperty>0</MyProperty>
  <Weather>ExtraSunny</Weather>
  <Steering>114</Steering>
  <Acc>156</Acc>
  <Brake>127</Brake>
  <DayTime>06:55:29</DayTime>
  <Position>
    <X>-3117.01587</X>
    <Y>1042.22864</Y>
    <Z>20.4357</Z>
  </Position>
  <Rotation>
    <X>0.8954955</X>
    <Y>0.6500249</Y>
    <Z>-20.0237</Z>
  </Rotation>
</Screenshot>