<?xml version="1.0" encoding="utf-8"?>
<Screenshot xmlns:xsd="http://www.w3.org/2001/XMLSchema" xmlns:xsi="http://www.w3.org/2001/XMLSchema-instance">
  <Cars />
  <MyCar>
    <Position>
      <X>-3117.42139</X>
      <Y>1041.12292</Y>
      <Z>19.5067444</Z>
    </Position>
    <Rotation>
      <X>1.3954953</X>
      <Y>0.1500249</Y>
      <Z>-20.0237045</Z>
    </Rotation>
    <Handle>1538</Handle>
    <Bounds>
      <Vector3>
        <X>-3119.2522</X>
        <Y>1039.08752</Y>
        <Z>18.7193985</Z>
      </Vector3>
      <Vector3>
        <X>-3117.333</X>
        <Y>1038.38806</Y>
        <Z>18.7140484</Z>
      </Vector3>
      <Vector3>
        <X>-3117.501</X>
        <Y>1043.89233</Y>
        <Z>18.84398</Z>
      </Vector3>
      <Vector3>
        <X>-3119.26074</X>
        <Y>1039.053</Y>
        <Z>20.17486</Z>
      </Vector3>
      <Vector3>
        <X>-3115.58154</X>
        <Y>1043.193</Y>
        <Z>18.8386326</Z>
      </Vector3>
      <Vector3>
        <X>-3117.34155</X>
        <Y>1038.35352</Y>
        <Z>20.16951</Z>
      </Vector3>
      <Vector3>
        <X>-3117.50952</X>
        <Y>1043.85779</Y>
        <Z>20.2994423</Z>
      </Vector3>
      <Vector3>
        <X>-3115.59</X>
        <Y>1043.15833</Y>
        <Z>20.2940941</Z>
      </Vector3>
    </Bounds>
    <CenterCamPosition>
      <X>0</X>
      <Y>0</Y>
    </CenterCamPosition>
    <ScreenBounds />
    <DistanceToCam>0</DistanceToCam>
    <Speed>14.4618473</Speed>
    <AccInput>0.2313726</AccInput>
    <RPM>0.5768919</RPM>
    <Gear>2</Gear>
    <SteeringAngle>2.63414431</SteeringAngle>
    <WheelSpeed>0</WheelSpeed>
    <CarType>Sports</CarType>
  </MyCar>
  <Peds />
  <Time>106512</Time>
  <LastFrameTime>0.0276595261</LastFrameTime>
  <MyProperty>0</MyProperty>
  <Weather>ExtraSunny</Weather>
  <Steering>114</Steering>
  <Acc>156</Acc>
  <Brake>127</Brake>
  <DayTime>06:55:28</DayTime>
  <Position>
    <X>-3117.15015</X>
    <Y>1041.85229</Y>
    <Z>20.4251671</Z>
  </Position>
  <Rotation>
    <X>0.889475942</X>
    <Y>0.6387617</Y>
    <Z>-20.0981712</Z>
  </Rotation>
</Screenshot>