<?xml version="1.0" encoding="utf-8"?>
<Screenshot xmlns:xsd="http://www.w3.org/2001/XMLSchema" xmlns:xsi="http://www.w3.org/2001/XMLSchema-instance">
  <Cars />
  <MyCar>
    <Position>
      <X>-3117.18115</X>
      <Y>1041.79651</Y>
      <Z>19.5251675</Z>
    </Position>
    <Rotation>
      <X>1.4220717</X>
      <Y>0.177829474</Y>
      <Z>-19.8256378</Z>
    </Rotation>
    <Handle>1538</Handle>
    <Bounds>
      <Vector3>
        <X>-3119.00537</X>
        <Y>1039.75525</Y>
        <Z>18.73714</Z>
      </Vector3>
      <Vector3>
        <X>-3117.0835</X>
        <Y>1039.0625</Y>
        <Z>18.7308</Z>
      </Vector3>
      <Vector3>
        <X>-3117.27051</X>
        <Y>1044.566</Y>
        <Z>18.8640938</Z>
      </Vector3>
      <Vector3>
        <X>-3119.01318</X>
        <Y>1039.71973</Y>
        <Z>20.1925831</Z>
      </Vector3>
      <Vector3>
        <X>-3115.34888</X>
        <Y>1043.87329</Y>
        <Z>18.8577538</Z>
      </Vector3>
      <Vector3>
        <X>-3117.09155</X>
        <Y>1039.027</Y>
        <Z>20.1862431</Z>
      </Vector3>
      <Vector3>
        <X>-3117.27832</X>
        <Y>1044.53052</Y>
        <Z>20.3195381</Z>
      </Vector3>
      <Vector3>
        <X>-3115.35669</X>
        <Y>1043.83777</Y>
        <Z>20.3131981</Z>
      </Vector3>
    </Bounds>
    <CenterCamPosition>
      <X>0</X>
      <Y>0</Y>
    </CenterCamPosition>
    <ScreenBounds />
    <DistanceToCam>0</DistanceToCam>
    <Speed>14.5014744</Speed>
    <AccInput>0.2313726</AccInput>
    <RPM>0.579131663</RPM>
    <Gear>2</Gear>
    <SteeringAngle>3.202949</SteeringAngle>
    <WheelSpeed>0</WheelSpeed>
    <CarType>Sports</CarType>
  </MyCar>
  <Peds />
  <Time>106562</Time>
  <LastFrameTime>0.0286673922</LastFrameTime>
  <MyProperty>0</MyProperty>
  <Weather>ExtraSunny</Weather>
  <Steering>114</Steering>
  <Acc>156</Acc>
  <Brake>127</Brake>
  <DayTime>06:55:30</DayTime>
  <Position>
    <X>-3116.91626</X>
    <Y>1042.51111</Y>
    <Z>20.4437637</Z>
  </Position>
  <Rotation>
    <X>0.907945</X>
    <Y>0.6540095</Y>
    <Z>-19.9513435</Z>
  </Rotation>
</Screenshot>