<?xml version="1.0" encoding="utf-8"?>
<Screenshot xmlns:xsd="http://www.w3.org/2001/XMLSchema" xmlns:xsi="http://www.w3.org/2001/XMLSchema-instance">
  <Cars />
  <MyCar>
    <Position>
      <X>-3117.0752</X>
      <Y>1042.09644</Y>
      <Z>19.53329</Z>
    </Position>
    <Rotation>
      <X>1.43272376</X>
      <Y>0.19217515</Y>
      <Z>-19.7130032</Z>
    </Rotation>
    <Handle>1538</Handle>
    <Bounds>
      <Vector3>
        <X>-3118.89551</X>
        <Y>1040.05188</Y>
        <Z>18.7450466</Z>
      </Vector3>
      <Vector3>
        <X>-3116.97241</X>
        <Y>1039.36279</Y>
        <Z>18.7381954</Z>
      </Vector3>
      <Vector3>
        <X>-3117.17</X>
        <Y>1044.866</Y>
        <Z>18.8729534</Z>
      </Vector3>
      <Vector3>
        <X>-3118.903</X>
        <Y>1040.016</Y>
        <Z>20.2004833</Z>
      </Vector3>
      <Vector3>
        <X>-3115.247</X>
        <Y>1044.177</Y>
        <Z>18.8661022</Z>
      </Vector3>
      <Vector3>
        <X>-3116.98022</X>
        <Y>1039.3269</Y>
        <Z>20.19363</Z>
      </Vector3>
      <Vector3>
        <X>-3117.17773</X>
        <Y>1044.83008</Y>
        <Z>20.3283882</Z>
      </Vector3>
      <Vector3>
        <X>-3115.25464</X>
        <Y>1044.14111</Y>
        <Z>20.321537</Z>
      </Vector3>
    </Bounds>
    <CenterCamPosition>
      <X>0</X>
      <Y>0</Y>
    </CenterCamPosition>
    <ScreenBounds />
    <DistanceToCam>0</DistanceToCam>
    <Speed>14.5185585</Speed>
    <AccInput>0.2313726</AccInput>
    <RPM>0.5797056</RPM>
    <Gear>2</Gear>
    <SteeringAngle>3.38608217</SteeringAngle>
    <WheelSpeed>0</WheelSpeed>
    <CarType>Sports</CarType>
  </MyCar>
  <Peds />
  <Time>106584</Time>
  <LastFrameTime>0.0219244957</LastFrameTime>
  <MyProperty>0</MyProperty>
  <Weather>ExtraSunny</Weather>
  <Steering>114</Steering>
  <Acc>156</Acc>
  <Brake>127</Brake>
  <DayTime>06:55:30</DayTime>
  <Position>
    <X>-3116.779</X>
    <Y>1042.90308</Y>
    <Z>20.4546661</Z>
  </Position>
  <Rotation>
    <X>0.922071636</X>
    <Y>0.677829444</Y>
    <Z>-19.8256359</Z>
  </Rotation>
</Screenshot>