<?xml version="1.0" encoding="utf-8"?>
<Screenshot xmlns:xsd="http://www.w3.org/2001/XMLSchema" xmlns:xsi="http://www.w3.org/2001/XMLSchema-instance">
  <Cars />
  <MyCar>
    <Position>
      <X>-3116.94385</X>
      <Y>1042.4718</Y>
      <Z>19.5434551</Z>
    </Position>
    <Rotation>
      <X>1.44651914</X>
      <Y>0.212067679</Y>
      <Z>-19.55075</Z>
    </Rotation>
    <Handle>1538</Handle>
    <Bounds>
      <Vector3>
        <X>-3118.75854</X>
        <Y>1040.42236</Y>
        <Z>18.7549553</Z>
      </Vector3>
      <Vector3>
        <X>-3116.8335</X>
        <Y>1039.73877</Y>
        <Z>18.7473946</Z>
      </Vector3>
      <Vector3>
        <X>-3117.04663</X>
        <Y>1045.24133</Y>
        <Z>18.8840923</Z>
      </Vector3>
      <Vector3>
        <X>-3118.76563</X>
        <Y>1040.38586</Y>
        <Z>20.21038</Z>
      </Vector3>
      <Vector3>
        <X>-3115.12183</X>
        <Y>1044.55774</Y>
        <Z>18.8765316</Z>
      </Vector3>
      <Vector3>
        <X>-3116.84082</X>
        <Y>1039.70227</Y>
        <Z>20.20282</Z>
      </Vector3>
      <Vector3>
        <X>-3117.054</X>
        <Y>1045.20483</Y>
        <Z>20.3395176</Z>
      </Vector3>
      <Vector3>
        <X>-3115.129</X>
        <Y>1044.52124</Y>
        <Z>20.3319569</Z>
      </Vector3>
    </Bounds>
    <CenterCamPosition>
      <X>0</X>
      <Y>0</Y>
    </CenterCamPosition>
    <ScreenBounds />
    <DistanceToCam>0</DistanceToCam>
    <Speed>14.5394888</Speed>
    <AccInput>0.2313726</AccInput>
    <RPM>0.5804583</RPM>
    <Gear>2</Gear>
    <SteeringAngle>3.576631</SteeringAngle>
    <WheelSpeed>0</WheelSpeed>
    <CarType>Sports</CarType>
  </MyCar>
  <Peds />
  <Time>106611</Time>
  <LastFrameTime>0.0273715649</LastFrameTime>
  <MyProperty>0</MyProperty>
  <Weather>ExtraSunny</Weather>
  <Steering>114</Steering>
  <Acc>156</Acc>
  <Brake>127</Brake>
  <DayTime>06:55:31</DayTime>
  <Position>
    <X>-3116.67529</X>
    <Y>1043.20349</Y>
    <Z>20.4630089</Z>
  </Position>
  <Rotation>
    <X>0.9327239</X>
    <Y>0.69217515</Y>
    <Z>-19.7130013</Z>
  </Rotation>
</Screenshot>