<?xml version="1.0" encoding="utf-8"?>
<Screenshot xmlns:xsd="http://www.w3.org/2001/XMLSchema" xmlns:xsi="http://www.w3.org/2001/XMLSchema-instance">
  <Cars />
  <MyCar>
    <Position>
      <X>-3116.57739</X>
      <Y>1043.53955</Y>
      <Z>19.5723934</Z>
    </Position>
    <Rotation>
      <X>1.4751997</X>
      <Y>0.256417423</Y>
      <Z>-18.9899883</Z>
    </Rotation>
    <Handle>1538</Handle>
    <Bounds>
      <Vector3>
        <X>-3118.37231</X>
        <Y>1041.473</Y>
        <Z>18.7834167</Z>
      </Vector3>
      <Vector3>
        <X>-3116.44067</X>
        <Y>1040.80835</Y>
        <Z>18.7742748</Z>
      </Vector3>
      <Vector3>
        <X>-3116.70776</X>
        <Y>1046.30835</Y>
        <Z>18.9151134</Z>
      </Vector3>
      <Vector3>
        <X>-3118.37842</X>
        <Y>1041.43542</Y>
        <Z>20.2388172</Z>
      </Vector3>
      <Vector3>
        <X>-3114.77612</X>
        <Y>1045.64368</Y>
        <Z>18.9059715</Z>
      </Vector3>
      <Vector3>
        <X>-3116.44678</X>
        <Y>1040.77075</Y>
        <Z>20.2296753</Z>
      </Vector3>
      <Vector3>
        <X>-3116.71362</X>
        <Y>1046.27087</Y>
        <Z>20.3705139</Z>
      </Vector3>
      <Vector3>
        <X>-3114.78223</X>
        <Y>1045.60608</Y>
        <Z>20.361372</Z>
      </Vector3>
    </Bounds>
    <CenterCamPosition>
      <X>0</X>
      <Y>0</Y>
    </CenterCamPosition>
    <ScreenBounds />
    <DistanceToCam>0</DistanceToCam>
    <Speed>14.5970984</Speed>
    <AccInput>0.2313726</AccInput>
    <RPM>0.582592964</RPM>
    <Gear>2</Gear>
    <SteeringAngle>3.926242</SteeringAngle>
    <WheelSpeed>0</WheelSpeed>
    <CarType>Sports</CarType>
  </MyCar>
  <Peds />
  <Time>106689</Time>
  <LastFrameTime>0.027514305</LastFrameTime>
  <MyProperty>0</MyProperty>
  <Weather>ExtraSunny</Weather>
  <Steering>114</Steering>
  <Acc>156</Acc>
  <Brake>127</Brake>
  <DayTime>06:55:34</DayTime>
  <Position>
    <X>-3116.316</X>
    <Y>1044.26953</Y>
    <Z>20.4924965</Z>
  </Position>
  <Rotation>
    <X>0.96641463</X>
    <Y>0.7411098</Y>
    <Z>-19.2045937</Z>
  </Rotation>
</Screenshot>