<?xml version="1.0" encoding="utf-8"?>
<Screenshot xmlns:xsd="http://www.w3.org/2001/XMLSchema" xmlns:xsi="http://www.w3.org/2001/XMLSchema-instance">
  <Cars />
  <MyCar>
    <Position>
      <X>-3116.70654</X>
      <Y>1043.15967</Y>
      <Z>19.56209</Z>
    </Position>
    <Rotation>
      <X>1.46641469</X>
      <Y>0.2411097</Y>
      <Z>-19.2045975</Z>
    </Rotation>
    <Handle>1538</Handle>
    <Bounds>
      <Vector3>
        <X>-3118.509</X>
        <Y>1041.09973</Y>
        <Z>18.77323</Z>
      </Vector3>
      <Vector3>
        <X>-3116.58</X>
        <Y>1040.42773</Y>
        <Z>18.7646332</Z>
      </Vector3>
      <Vector3>
        <X>-3116.82642</X>
        <Y>1045.92883</Y>
        <Z>18.90414</Z>
      </Vector3>
      <Vector3>
        <X>-3118.51563</X>
        <Y>1041.0625</Y>
        <Z>20.2286377</Z>
      </Vector3>
      <Vector3>
        <X>-3114.89722</X>
        <Y>1045.25684</Y>
        <Z>18.8955441</Z>
      </Vector3>
      <Vector3>
        <X>-3116.58643</X>
        <Y>1040.3905</Y>
        <Z>20.2200413</Z>
      </Vector3>
      <Vector3>
        <X>-3116.83276</X>
        <Y>1045.8916</Y>
        <Z>20.3595486</Z>
      </Vector3>
      <Vector3>
        <X>-3114.90381</X>
        <Y>1045.21973</Y>
        <Z>20.3509541</Z>
      </Vector3>
    </Bounds>
    <CenterCamPosition>
      <X>0</X>
      <Y>0</Y>
    </CenterCamPosition>
    <ScreenBounds />
    <DistanceToCam>0</DistanceToCam>
    <Speed>14.5769119</Speed>
    <AccInput>0.2313726</AccInput>
    <RPM>0.5818763</RPM>
    <Gear>2</Gear>
    <SteeringAngle>3.82673168</SteeringAngle>
    <WheelSpeed>0</WheelSpeed>
    <CarType>Sports</CarType>
  </MyCar>
  <Peds />
  <Time>106661</Time>
  <LastFrameTime>0.0288451966</LastFrameTime>
  <MyProperty>0</MyProperty>
  <Weather>ExtraSunny</Weather>
  <Steering>114</Steering>
  <Acc>156</Acc>
  <Brake>127</Brake>
  <DayTime>06:55:33</DayTime>
  <Position>
    <X>-3116.44849</X>
    <Y>1043.87085</Y>
    <Z>20.4815178</Z>
  </Position>
  <Rotation>
    <X>0.955469966</X>
    <Y>0.725314856</Y>
    <Z>-19.412466</Z>
  </Rotation>
</Screenshot>