<?xml version="1.0" encoding="utf-8"?>
<Screenshot xmlns:xsd="http://www.w3.org/2001/XMLSchema" xmlns:xsi="http://www.w3.org/2001/XMLSchema-instance">
  <Cars />
  <MyCar>
    <Position>
      <X>-3116.843</X>
      <Y>1042.76221</Y>
      <Z>19.5513344</Z>
    </Position>
    <Rotation>
      <X>1.45547</X>
      <Y>0.225314826</Y>
      <Z>-19.412468</Z>
    </Rotation>
    <Handle>1538</Handle>
    <Bounds>
      <Vector3>
        <X>-3118.65283</X>
        <Y>1040.7085</Y>
        <Z>18.7626762</Z>
      </Vector3>
      <Vector3>
        <X>-3116.72632</X>
        <Y>1040.02966</Y>
        <Z>18.7546425</Z>
      </Vector3>
      <Vector3>
        <X>-3116.95264</X>
        <Y>1045.53162</Y>
        <Z>18.89261</Z>
      </Vector3>
      <Vector3>
        <X>-3118.65967</X>
        <Y>1040.67175</Y>
        <Z>20.218092</Z>
      </Vector3>
      <Vector3>
        <X>-3115.02612</X>
        <Y>1044.85266</Y>
        <Z>18.8845787</Z>
      </Vector3>
      <Vector3>
        <X>-3116.73315</X>
        <Y>1039.9928</Y>
        <Z>20.21006</Z>
      </Vector3>
      <Vector3>
        <X>-3116.95947</X>
        <Y>1045.49487</Y>
        <Z>20.3480282</Z>
      </Vector3>
      <Vector3>
        <X>-3115.033</X>
        <Y>1044.81592</Y>
        <Z>20.3399944</Z>
      </Vector3>
    </Bounds>
    <CenterCamPosition>
      <X>0</X>
      <Y>0</Y>
    </CenterCamPosition>
    <ScreenBounds />
    <DistanceToCam>0</DistanceToCam>
    <Speed>14.5554667</Speed>
    <AccInput>0.2313726</AccInput>
    <RPM>0.5812075</RPM>
    <Gear>2</Gear>
    <SteeringAngle>3.693181</SteeringAngle>
    <WheelSpeed>0</WheelSpeed>
    <CarType>Sports</CarType>
  </MyCar>
  <Peds />
  <Time>106632</Time>
  <LastFrameTime>0.0211347733</LastFrameTime>
  <MyProperty>0</MyProperty>
  <Weather>ExtraSunny</Weather>
  <Steering>114</Steering>
  <Acc>156</Acc>
  <Brake>127</Brake>
  <DayTime>06:55:32</DayTime>
  <Position>
    <X>-3116.54688</X>
    <Y>1043.57971</Y>
    <Z>20.4734554</Z>
  </Position>
  <Rotation>
    <X>0.946519136</X>
    <Y>0.712067664</Y>
    <Z>-19.55075</Z>
  </Rotation>
</Screenshot>