<?xml version="1.0" encoding="utf-8"?>
<Screenshot xmlns:xsd="http://www.w3.org/2001/XMLSchema" xmlns:xsi="http://www.w3.org/2001/XMLSchema-instance">
  <Cars />
  <MyCar>
    <Position>
      <X>-3116.461</X>
      <Y>1043.88574</Y>
      <Z>19.5818157</Z>
    </Position>
    <Rotation>
      <X>1.4821558</X>
      <Y>0.2674778</Y>
      <Z>-18.7835217</Z>
    </Rotation>
    <Handle>1538</Handle>
    <Bounds>
      <Vector3>
        <X>-3118.24854</X>
        <Y>1041.81287</Y>
        <Z>18.7927284</Z>
      </Vector3>
      <Vector3>
        <X>-3116.3147</X>
        <Y>1041.15515</Y>
        <Z>18.7831917</Z>
      </Vector3>
      <Vector3>
        <X>-3116.60132</X>
        <Y>1046.65417</Y>
        <Z>18.925045</Z>
      </Vector3>
      <Vector3>
        <X>-3118.25415</X>
        <Y>1041.775</Y>
        <Z>20.2481232</Z>
      </Vector3>
      <Vector3>
        <X>-3114.66748</X>
        <Y>1045.99646</Y>
        <Z>18.91551</Z>
      </Vector3>
      <Vector3>
        <X>-3116.32031</X>
        <Y>1041.11731</Y>
        <Z>20.2385883</Z>
      </Vector3>
      <Vector3>
        <X>-3116.607</X>
        <Y>1046.61633</Y>
        <Z>20.3804417</Z>
      </Vector3>
      <Vector3>
        <X>-3114.673</X>
        <Y>1045.95862</Y>
        <Z>20.3709049</Z>
      </Vector3>
    </Bounds>
    <CenterCamPosition>
      <X>0</X>
      <Y>0</Y>
    </CenterCamPosition>
    <ScreenBounds />
    <DistanceToCam>0</DistanceToCam>
    <Speed>14.6152487</Speed>
    <AccInput>0.2313726</AccInput>
    <RPM>0.583351433</RPM>
    <Gear>2</Gear>
    <SteeringAngle>3.99781251</SteeringAngle>
    <WheelSpeed>0</WheelSpeed>
    <CarType>Sports</CarType>
  </MyCar>
  <Peds />
  <Time>106714</Time>
  <LastFrameTime>0.0250067413</LastFrameTime>
  <MyProperty>0</MyProperty>
  <Weather>ExtraSunny</Weather>
  <Steering>114</Steering>
  <Acc>156</Acc>
  <Brake>127</Brake>
  <DayTime>06:55:34</DayTime>
  <Position>
    <X>-3116.19067</X>
    <Y>1044.65063</Y>
    <Z>20.50298</Z>
  </Position>
  <Rotation>
    <X>0.9751998</X>
    <Y>0.756417453</Y>
    <Z>-18.9899883</Z>
  </Rotation>
</Screenshot>