<?xml version="1.0" encoding="utf-8"?>
<Screenshot xmlns:xsd="http://www.w3.org/2001/XMLSchema" xmlns:xsi="http://www.w3.org/2001/XMLSchema-instance">
  <Cars />
  <MyCar>
    <Position>
      <X>-3116.34766</X>
      <Y>1044.22632</Y>
      <Z>19.5911884</Z>
    </Position>
    <Rotation>
      <X>1.48391521</X>
      <Y>0.269146651</Y>
      <Z>-18.5726452</Z>
    </Rotation>
    <Handle>1538</Handle>
    <Bounds>
      <Vector3>
        <X>-3118.12769</X>
        <Y>1042.147</Y>
        <Z>18.8020535</Z>
      </Vector3>
      <Vector3>
        <X>-3116.19141</X>
        <Y>1041.49634</Y>
        <Z>18.7924576</Z>
      </Vector3>
      <Vector3>
        <X>-3116.49829</X>
        <Y>1046.99426</Y>
        <Z>18.9345264</Z>
      </Vector3>
      <Vector3>
        <X>-3118.133</X>
        <Y>1042.109</Y>
        <Z>20.2574482</Z>
      </Vector3>
      <Vector3>
        <X>-3114.562</X>
        <Y>1046.34363</Y>
        <Z>18.9249325</Z>
      </Vector3>
      <Vector3>
        <X>-3116.19678</X>
        <Y>1041.45837</Y>
        <Z>20.2478523</Z>
      </Vector3>
      <Vector3>
        <X>-3116.50366</X>
        <Y>1046.95642</Y>
        <Z>20.3899212</Z>
      </Vector3>
      <Vector3>
        <X>-3114.56738</X>
        <Y>1046.30579</Y>
        <Z>20.3803253</Z>
      </Vector3>
    </Bounds>
    <CenterCamPosition>
      <X>0</X>
      <Y>0</Y>
    </CenterCamPosition>
    <ScreenBounds />
    <DistanceToCam>0</DistanceToCam>
    <Speed>14.6329775</Speed>
    <AccInput>0.2313726</AccInput>
    <RPM>0.584097147</RPM>
    <Gear>2</Gear>
    <SteeringAngle>4.05474663</SteeringAngle>
    <WheelSpeed>0</WheelSpeed>
    <CarType>Sports</CarType>
  </MyCar>
  <Peds />
  <Time>106738</Time>
  <LastFrameTime>0.02454532</LastFrameTime>
  <MyProperty>0</MyProperty>
  <Weather>ExtraSunny</Weather>
  <Steering>114</Steering>
  <Acc>156</Acc>
  <Brake>127</Brake>
  <DayTime>06:55:35</DayTime>
  <Position>
    <X>-3116.07813</X>
    <Y>1044.998</Y>
    <Z>20.5125427</Z>
  </Position>
  <Rotation>
    <X>0.98215574</X>
    <Y>0.76747787</Y>
    <Z>-18.7835236</Z>
  </Rotation>
</Screenshot>