<?xml version="1.0" encoding="utf-8"?>
<Screenshot xmlns:xsd="http://www.w3.org/2001/XMLSchema" xmlns:xsi="http://www.w3.org/2001/XMLSchema-instance">
  <Cars />
  <MyCar>
    <Position>
      <X>-3116.23853</X>
      <Y>1044.55872</Y>
      <Z>19.600132</Z>
    </Position>
    <Rotation>
      <X>1.49326324</X>
      <Y>0.285678148</Y>
      <Z>-18.358736</Z>
    </Rotation>
    <Handle>1538</Handle>
    <Bounds>
      <Vector3>
        <X>-3118.011</X>
        <Y>1042.4729</Y>
        <Z>18.8108788</Z>
      </Vector3>
      <Vector3>
        <X>-3116.07227</X>
        <Y>1041.82947</Y>
        <Z>18.8006935</Z>
      </Vector3>
      <Vector3>
        <X>-3116.39966</X>
        <Y>1047.32629</Y>
        <Z>18.9441872</Z>
      </Vector3>
      <Vector3>
        <X>-3118.01587</X>
        <Y>1042.43457</Y>
        <Z>20.266264</Z>
      </Vector3>
      <Vector3>
        <X>-3114.461</X>
        <Y>1046.68286</Y>
        <Z>18.9340019</Z>
      </Vector3>
      <Vector3>
        <X>-3116.07715</X>
        <Y>1041.79126</Y>
        <Z>20.2560787</Z>
      </Vector3>
      <Vector3>
        <X>-3116.40454</X>
        <Y>1047.288</Y>
        <Z>20.3995724</Z>
      </Vector3>
      <Vector3>
        <X>-3114.46582</X>
        <Y>1046.64453</Y>
        <Z>20.3893871</Z>
      </Vector3>
    </Bounds>
    <CenterCamPosition>
      <X>0</X>
      <Y>0</Y>
    </CenterCamPosition>
    <ScreenBounds />
    <DistanceToCam>0</DistanceToCam>
    <Speed>14.6505747</Speed>
    <AccInput>0.2313726</AccInput>
    <RPM>0.5847603</RPM>
    <Gear>2</Gear>
    <SteeringAngle>4.17575264</SteeringAngle>
    <WheelSpeed>0</WheelSpeed>
    <CarType>Sports</CarType>
  </MyCar>
  <Peds />
  <Time>106762</Time>
  <LastFrameTime>0.023898026</LastFrameTime>
  <MyProperty>0</MyProperty>
  <Weather>ExtraSunny</Weather>
  <Steering>112</Steering>
  <Acc>156</Acc>
  <Brake>127</Brake>
  <DayTime>06:55:36</DayTime>
  <Position>
    <X>-3115.96875</X>
    <Y>1045.34</Y>
    <Z>20.5219517</Z>
  </Position>
  <Rotation>
    <X>0.983915031</X>
    <Y>0.7691467</Y>
    <Z>-18.5726452</Z>
  </Rotation>
</Screenshot>