<?xml version="1.0" encoding="utf-8"?>
<Screenshot xmlns:xsd="http://www.w3.org/2001/XMLSchema" xmlns:xsi="http://www.w3.org/2001/XMLSchema-instance">
  <Cars />
  <MyCar>
    <Position>
      <X>-3116.128</X>
      <Y>1044.899</Y>
      <Z>19.60935</Z>
    </Position>
    <Rotation>
      <X>1.50214159</X>
      <Y>0.3029822</Y>
      <Z>-18.1321278</Z>
    </Rotation>
    <Handle>1538</Handle>
    <Bounds>
      <Vector3>
        <X>-3117.89233</X>
        <Y>1042.8064</Y>
        <Z>18.820013</Z>
      </Vector3>
      <Vector3>
        <X>-3115.951</X>
        <Y>1042.17065</Y>
        <Z>18.8092117</Z>
      </Vector3>
      <Vector3>
        <X>-3116.3</X>
        <Y>1047.66614</Y>
        <Z>18.954113</Z>
      </Vector3>
      <Vector3>
        <X>-3117.89673</X>
        <Y>1042.7677</Y>
        <Z>20.27539</Z>
      </Vector3>
      <Vector3>
        <X>-3114.359</X>
        <Y>1047.0304</Y>
        <Z>18.9433117</Z>
      </Vector3>
      <Vector3>
        <X>-3115.95557</X>
        <Y>1042.13208</Y>
        <Z>20.26459</Z>
      </Vector3>
      <Vector3>
        <X>-3116.30469</X>
        <Y>1047.62744</Y>
        <Z>20.40949</Z>
      </Vector3>
      <Vector3>
        <X>-3114.36328</X>
        <Y>1046.9917</Y>
        <Z>20.39869</Z>
      </Vector3>
    </Bounds>
    <CenterCamPosition>
      <X>0</X>
      <Y>0</Y>
    </CenterCamPosition>
    <ScreenBounds />
    <DistanceToCam>0</DistanceToCam>
    <Speed>14.6697512</Speed>
    <AccInput>0.2313726</AccInput>
    <RPM>0.5856716</RPM>
    <Gear>2</Gear>
    <SteeringAngle>4.276986</SteeringAngle>
    <WheelSpeed>0</WheelSpeed>
    <CarType>Sports</CarType>
  </MyCar>
  <Peds />
  <Time>106786</Time>
  <LastFrameTime>0.0244118888</LastFrameTime>
  <MyProperty>0</MyProperty>
  <Weather>ExtraSunny</Weather>
  <Steering>112</Steering>
  <Acc>156</Acc>
  <Brake>127</Brake>
  <DayTime>06:55:36</DayTime>
  <Position>
    <X>-3115.86377</X>
    <Y>1045.67358</Y>
    <Z>20.531086</Z>
  </Position>
  <Rotation>
    <X>0.993263245</X>
    <Y>0.785678267</Y>
    <Z>-18.3587341</Z>
  </Rotation>
</Screenshot>