<?xml version="1.0" encoding="utf-8"?>
<Screenshot xmlns:xsd="http://www.w3.org/2001/XMLSchema" xmlns:xsi="http://www.w3.org/2001/XMLSchema-instance">
  <Cars />
  <MyCar>
    <Position>
      <X>-3115.79248</X>
      <Y>1045.95764</Y>
      <Z>19.6380539</Z>
    </Position>
    <Rotation>
      <X>1.51912951</X>
      <Y>0.333543926</Y>
      <Z>-17.3903866</Z>
    </Rotation>
    <Handle>1538</Handle>
    <Bounds>
      <Vector3>
        <X>-3117.52979</X>
        <Y>1043.84265</Y>
        <Z>18.84851</Z>
      </Vector3>
      <Vector3>
        <X>-3115.58057</X>
        <Y>1043.23218</Y>
        <Z>18.83662</Z>
      </Vector3>
      <Vector3>
        <X>-3116.00073</X>
        <Y>1048.72253</Y>
        <Z>18.984127</Z>
      </Vector3>
      <Vector3>
        <X>-3117.5332</X>
        <Y>1043.80334</Y>
        <Z>20.3038731</Z>
      </Vector3>
      <Vector3>
        <X>-3114.05127</X>
        <Y>1048.11194</Y>
        <Z>18.9722366</Z>
      </Vector3>
      <Vector3>
        <X>-3115.584</X>
        <Y>1043.19287</Y>
        <Z>20.2919827</Z>
      </Vector3>
      <Vector3>
        <X>-3116.00415</X>
        <Y>1048.68311</Y>
        <Z>20.43949</Z>
      </Vector3>
      <Vector3>
        <X>-3114.055</X>
        <Y>1048.07263</Y>
        <Z>20.427597</Z>
      </Vector3>
    </Bounds>
    <CenterCamPosition>
      <X>0</X>
      <Y>0</Y>
    </CenterCamPosition>
    <ScreenBounds />
    <DistanceToCam>0</DistanceToCam>
    <Speed>14.7265615</Speed>
    <AccInput>0.2313726</AccInput>
    <RPM>0.587841332</RPM>
    <Gear>2</Gear>
    <SteeringAngle>4.55906</SteeringAngle>
    <WheelSpeed>0</WheelSpeed>
    <CarType>Sports</CarType>
  </MyCar>
  <Peds />
  <Time>106862</Time>
  <LastFrameTime>0.0227626264</LastFrameTime>
  <MyProperty>0</MyProperty>
  <Weather>ExtraSunny</Weather>
  <Steering>111</Steering>
  <Acc>156</Acc>
  <Brake>127</Brake>
  <DayTime>06:55:39</DayTime>
  <Position>
    <X>-3115.53149</X>
    <Y>1046.75684</Y>
    <Z>20.560751</Z>
  </Position>
  <Rotation>
    <X>1.01467562</X>
    <Y>0.8240724</Y>
    <Z>-17.61953</Z>
  </Rotation>
</Screenshot>