<?xml version="1.0" encoding="utf-8"?>
<Screenshot xmlns:xsd="http://www.w3.org/2001/XMLSchema" xmlns:xsi="http://www.w3.org/2001/XMLSchema-instance">
  <Cars />
  <MyCar>
    <Position>
      <X>-3115.65112</X>
      <Y>1046.4187</Y>
      <Z>19.6505375</Z>
    </Position>
    <Rotation>
      <X>1.52477682</X>
      <Y>0.343904734</Y>
      <Z>-17.0519447</Z>
    </Rotation>
    <Handle>1538</Handle>
    <Bounds>
      <Vector3>
        <X>-3117.37622</X>
        <Y>1044.2937</Y>
        <Z>18.8609314</Z>
      </Vector3>
      <Vector3>
        <X>-3115.423</X>
        <Y>1043.6947</Y>
        <Z>18.84867</Z>
      </Vector3>
      <Vector3>
        <X>-3115.87573</X>
        <Y>1049.18237</Y>
        <Z>18.9970512</Z>
      </Vector3>
      <Vector3>
        <X>-3117.37915</X>
        <Y>1044.254</Y>
        <Z>20.316288</Z>
      </Vector3>
      <Vector3>
        <X>-3113.92285</X>
        <Y>1048.58337</Y>
        <Z>18.9847889</Z>
      </Vector3>
      <Vector3>
        <X>-3115.42627</X>
        <Y>1043.655</Y>
        <Z>20.3040257</Z>
      </Vector3>
      <Vector3>
        <X>-3115.87866</X>
        <Y>1049.14282</Y>
        <Z>20.4524078</Z>
      </Vector3>
      <Vector3>
        <X>-3113.92578</X>
        <Y>1048.54382</Y>
        <Z>20.4401455</Z>
      </Vector3>
    </Bounds>
    <CenterCamPosition>
      <X>0</X>
      <Y>0</Y>
    </CenterCamPosition>
    <ScreenBounds />
    <DistanceToCam>0</DistanceToCam>
    <Speed>14.750062</Speed>
    <AccInput>0.2313726</AccInput>
    <RPM>0.588555753</RPM>
    <Gear>2</Gear>
    <SteeringAngle>4.7035265</SteeringAngle>
    <WheelSpeed>0</WheelSpeed>
    <CarType>Sports</CarType>
  </MyCar>
  <Peds />
  <Time>106895</Time>
  <LastFrameTime>0.0327112675</LastFrameTime>
  <MyProperty>0</MyProperty>
  <Weather>ExtraSunny</Weather>
  <Steering>111</Steering>
  <Acc>156</Acc>
  <Brake>127</Brake>
  <DayTime>06:55:40</DayTime>
  <Position>
    <X>-3115.43579</X>
    <Y>1047.078</Y>
    <Z>20.5695343</Z>
  </Position>
  <Rotation>
    <X>1.0191294</X>
    <Y>0.8335439</Y>
    <Z>-17.3903866</Z>
  </Rotation>
</Screenshot>