<?xml version="1.0" encoding="utf-8"?>
<Screenshot xmlns:xsd="http://www.w3.org/2001/XMLSchema" xmlns:xsi="http://www.w3.org/2001/XMLSchema-instance">
  <Cars />
  <MyCar>
    <Position>
      <X>-3116.0144</X>
      <Y>1045.25256</Y>
      <Z>19.6189365</Z>
    </Position>
    <Rotation>
      <X>1.50928462</X>
      <Y>0.31422317</Y>
      <Z>-17.8900757</Z>
    </Rotation>
    <Handle>1538</Handle>
    <Bounds>
      <Vector3>
        <X>-3117.77</X>
        <Y>1043.15259</Y>
        <Z>18.8294849</Z>
      </Vector3>
      <Vector3>
        <X>-3115.826</X>
        <Y>1042.52515</Y>
        <Z>18.8182812</Z>
      </Vector3>
      <Vector3>
        <X>-3116.19824</X>
        <Y>1048.01892</Y>
        <Z>18.964222</Z>
      </Vector3>
      <Vector3>
        <X>-3117.77417</X>
        <Y>1043.11365</Y>
        <Z>20.2848549</Z>
      </Vector3>
      <Vector3>
        <X>-3114.25439</X>
        <Y>1047.39148</Y>
        <Z>18.95302</Z>
      </Vector3>
      <Vector3>
        <X>-3115.83032</X>
        <Y>1042.48621</Y>
        <Z>20.273653</Z>
      </Vector3>
      <Vector3>
        <X>-3116.20239</X>
        <Y>1047.98</Y>
        <Z>20.4195938</Z>
      </Vector3>
      <Vector3>
        <X>-3114.25854</X>
        <Y>1047.35254</Y>
        <Z>20.40839</Z>
      </Vector3>
    </Bounds>
    <CenterCamPosition>
      <X>0</X>
      <Y>0</Y>
    </CenterCamPosition>
    <ScreenBounds />
    <DistanceToCam>0</DistanceToCam>
    <Speed>14.6891708</Speed>
    <AccInput>0.2313726</AccInput>
    <RPM>0.5863921</RPM>
    <Gear>2</Gear>
    <SteeringAngle>4.362479</SteeringAngle>
    <WheelSpeed>0</WheelSpeed>
    <CarType>Sports</CarType>
  </MyCar>
  <Peds />
  <Time>106812</Time>
  <LastFrameTime>0.0252916</LastFrameTime>
  <MyProperty>0</MyProperty>
  <Weather>ExtraSunny</Weather>
  <Steering>112</Steering>
  <Acc>156</Acc>
  <Brake>127</Brake>
  <DayTime>06:55:37</DayTime>
  <Position>
    <X>-3115.75732</X>
    <Y>1046.01514</Y>
    <Z>20.5404854</Z>
  </Position>
  <Rotation>
    <X>1.00214136</X>
    <Y>0.8029822</Y>
    <Z>-18.1321278</Z>
  </Rotation>
</Screenshot>