<?xml version="1.0" encoding="utf-8"?>
<Screenshot xmlns:xsd="http://www.w3.org/2001/XMLSchema" xmlns:xsi="http://www.w3.org/2001/XMLSchema-instance">
  <Cars />
  <MyCar>
    <Position>
      <X>-3115.89233</X>
      <Y>1045.63782</Y>
      <Z>19.62936</Z>
    </Position>
    <Rotation>
      <X>1.51467574</X>
      <Y>0.3240725</Y>
      <Z>-17.6195316</Z>
    </Rotation>
    <Handle>1538</Handle>
    <Bounds>
      <Vector3>
        <X>-3117.638</X>
        <Y>1043.52979</Y>
        <Z>18.8398457</Z>
      </Vector3>
      <Vector3>
        <X>-3115.69116</X>
        <Y>1042.91138</Y>
        <Z>18.82829</Z>
      </Vector3>
      <Vector3>
        <X>-3116.08936</X>
        <Y>1048.40344</Y>
        <Z>18.9750633</Z>
      </Vector3>
      <Vector3>
        <X>-3117.64185</X>
        <Y>1043.4906</Y>
        <Z>20.2952118</Z>
      </Vector3>
      <Vector3>
        <X>-3114.14258</X>
        <Y>1047.78516</Y>
        <Z>18.96351</Z>
      </Vector3>
      <Vector3>
        <X>-3115.695</X>
        <Y>1042.87231</Y>
        <Z>20.283659</Z>
      </Vector3>
      <Vector3>
        <X>-3116.09326</X>
        <Y>1048.36426</Y>
        <Z>20.4304314</Z>
      </Vector3>
      <Vector3>
        <X>-3114.14624</X>
        <Y>1047.746</Y>
        <Z>20.4188766</Z>
      </Vector3>
    </Bounds>
    <CenterCamPosition>
      <X>0</X>
      <Y>0</Y>
    </CenterCamPosition>
    <ScreenBounds />
    <DistanceToCam>0</DistanceToCam>
    <Speed>14.709816</Speed>
    <AccInput>0.2313726</AccInput>
    <RPM>0.5871048</RPM>
    <Gear>2</Gear>
    <SteeringAngle>4.437629</SteeringAngle>
    <WheelSpeed>0</WheelSpeed>
    <CarType>Sports</CarType>
  </MyCar>
  <Peds />
  <Time>106839</Time>
  <LastFrameTime>0.0274950657</LastFrameTime>
  <MyProperty>0</MyProperty>
  <Weather>ExtraSunny</Weather>
  <Steering>112</Steering>
  <Acc>156</Acc>
  <Brake>127</Brake>
  <DayTime>06:55:38</DayTime>
  <Position>
    <X>-3115.64844</X>
    <Y>1046.37</Y>
    <Z>20.5502167</Z>
  </Position>
  <Rotation>
    <X>1.00928438</X>
    <Y>0.8142232</Y>
    <Z>-17.8900757</Z>
  </Rotation>
</Screenshot>