<?xml version="1.0" encoding="utf-8"?>
<Screenshot xmlns:xsd="http://www.w3.org/2001/XMLSchema" xmlns:xsi="http://www.w3.org/2001/XMLSchema-instance">
  <Cars />
  <MyCar>
    <Position>
      <X>-3115.5625</X>
      <Y>1046.71167</Y>
      <Z>19.6584988</Z>
    </Position>
    <Rotation>
      <X>1.52827382</X>
      <Y>0.3494227</Y>
      <Z>-16.8333378</Z>
    </Rotation>
    <Handle>1538</Handle>
    <Bounds>
      <Vector3>
        <X>-3117.2793</X>
        <Y>1044.58008</Y>
        <Z>18.8688354</Z>
      </Vector3>
      <Vector3>
        <X>-3115.32422</X>
        <Y>1043.98853</Y>
        <Z>18.8563786</Z>
      </Vector3>
      <Vector3>
        <X>-3115.79761</X>
        <Y>1049.47449</Y>
        <Z>19.0052681</Z>
      </Vector3>
      <Vector3>
        <X>-3117.28223</X>
        <Y>1044.54041</Y>
        <Z>20.32419</Z>
      </Vector3>
      <Vector3>
        <X>-3113.84253</X>
        <Y>1048.883</Y>
        <Z>18.99281</Z>
      </Vector3>
      <Vector3>
        <X>-3115.327</X>
        <Y>1043.94885</Y>
        <Z>20.3117313</Z>
      </Vector3>
      <Vector3>
        <X>-3115.80054</X>
        <Y>1049.43481</Y>
        <Z>20.46062</Z>
      </Vector3>
      <Vector3>
        <X>-3113.84521</X>
        <Y>1048.84326</Y>
        <Z>20.448164</Z>
      </Vector3>
    </Bounds>
    <CenterCamPosition>
      <X>0</X>
      <Y>0</Y>
    </CenterCamPosition>
    <ScreenBounds />
    <DistanceToCam>0</DistanceToCam>
    <Speed>14.7647114</Speed>
    <AccInput>0.2313726</AccInput>
    <RPM>0.58931607</RPM>
    <Gear>2</Gear>
    <SteeringAngle>4.772476</SteeringAngle>
    <WheelSpeed>0</WheelSpeed>
    <CarType>Sports</CarType>
  </MyCar>
  <Peds />
  <Time>106915</Time>
  <LastFrameTime>0.0207391363</LastFrameTime>
  <MyProperty>0</MyProperty>
  <Weather>ExtraSunny</Weather>
  <Steering>111</Steering>
  <Acc>156</Acc>
  <Brake>127</Brake>
  <DayTime>06:55:40</DayTime>
  <Position>
    <X>-3115.301</X>
    <Y>1047.541</Y>
    <Z>20.5821323</Z>
  </Position>
  <Rotation>
    <X>1.02477682</X>
    <Y>0.843904734</Y>
    <Z>-17.0519428</Z>
  </Rotation>
</Screenshot>