<?xml version="1.0" encoding="utf-8"?>
<Screenshot xmlns:xsd="http://www.w3.org/2001/XMLSchema" xmlns:xsi="http://www.w3.org/2001/XMLSchema-instance">
  <Cars />
  <MyCar>
    <Position>
      <X>-3115.43945</X>
      <Y>1047.1261</Y>
      <Z>19.6697235</Z>
    </Position>
    <Rotation>
      <X>1.53248847</X>
      <Y>0.361055464</Y>
      <Z>-16.51764</Z>
    </Rotation>
    <Handle>1538</Handle>
    <Bounds>
      <Vector3>
        <X>-3117.14478</X>
        <Y>1044.98523</Y>
        <Z>18.8800831</Z>
      </Vector3>
      <Vector3>
        <X>-3115.18628</X>
        <Y>1044.40442</Y>
        <Z>18.86721</Z>
      </Vector3>
      <Vector3>
        <X>-3115.69</X>
        <Y>1049.8877</Y>
        <Z>19.01689</Z>
      </Vector3>
      <Vector3>
        <X>-3117.147</X>
        <Y>1044.94531</Y>
        <Z>20.33543</Z>
      </Vector3>
      <Vector3>
        <X>-3113.73169</X>
        <Y>1049.307</Y>
        <Z>19.0040169</Z>
      </Vector3>
      <Vector3>
        <X>-3115.18872</X>
        <Y>1044.3645</Y>
        <Z>20.32256</Z>
      </Vector3>
      <Vector3>
        <X>-3115.69238</X>
        <Y>1049.84778</Y>
        <Z>20.4722385</Z>
      </Vector3>
      <Vector3>
        <X>-3113.734</X>
        <Y>1049.267</Y>
        <Z>20.4593658</Z>
      </Vector3>
    </Bounds>
    <CenterCamPosition>
      <X>0</X>
      <Y>0</Y>
    </CenterCamPosition>
    <ScreenBounds />
    <DistanceToCam>0</DistanceToCam>
    <Speed>14.7849636</Speed>
    <AccInput>0.2313726</AccInput>
    <RPM>0.590058565</RPM>
    <Gear>2</Gear>
    <SteeringAngle>4.947142</SteeringAngle>
    <WheelSpeed>0</WheelSpeed>
    <CarType>Sports</CarType>
  </MyCar>
  <Peds />
  <Time>106945</Time>
  <LastFrameTime>0.02925852</LastFrameTime>
  <MyProperty>0</MyProperty>
  <Weather>ExtraSunny</Weather>
  <Steering>110</Steering>
  <Acc>156</Acc>
  <Brake>127</Brake>
  <DayTime>06:55:41</DayTime>
  <Position>
    <X>-3115.21655</X>
    <Y>1047.83521</Y>
    <Z>20.5901661</Z>
  </Position>
  <Rotation>
    <X>1.02827382</X>
    <Y>0.8494227</Y>
    <Z>-16.8333359</Z>
  </Rotation>
</Screenshot>