<?xml version="1.0" encoding="utf-8"?>
<Screenshot xmlns:xsd="http://www.w3.org/2001/XMLSchema" xmlns:xsi="http://www.w3.org/2001/XMLSchema-instance">
  <Cars />
  <MyCar>
    <Position>
      <X>-3115.22314</X>
      <Y>1047.87646</Y>
      <Z>19.6900425</Z>
    </Position>
    <Rotation>
      <X>1.53896356</X>
      <Y>0.3756508</Y>
      <Z>-15.9288063</Z>
    </Rotation>
    <Handle>1538</Handle>
    <Bounds>
      <Vector3>
        <X>-3116.90649</X>
        <Y>1045.71826</Y>
        <Z>18.9003754</Z>
      </Vector3>
      <Vector3>
        <X>-3114.94214</X>
        <Y>1045.15771</Y>
        <Z>18.8869839</Z>
      </Vector3>
      <Vector3>
        <X>-3115.5022</X>
        <Y>1050.6355</Y>
        <Z>19.0377617</Z>
      </Vector3>
      <Vector3>
        <X>-3116.908</X>
        <Y>1045.6781</Y>
        <Z>20.3557186</Z>
      </Vector3>
      <Vector3>
        <X>-3113.53784</X>
        <Y>1050.07483</Y>
        <Z>19.0243683</Z>
      </Vector3>
      <Vector3>
        <X>-3114.94385</X>
        <Y>1045.11755</Y>
        <Z>20.3423252</Z>
      </Vector3>
      <Vector3>
        <X>-3115.50366</X>
        <Y>1050.59521</Y>
        <Z>20.493103</Z>
      </Vector3>
      <Vector3>
        <X>-3113.53955</X>
        <Y>1050.03467</Y>
        <Z>20.4797115</Z>
      </Vector3>
    </Bounds>
    <CenterCamPosition>
      <X>0</X>
      <Y>0</Y>
    </CenterCamPosition>
    <ScreenBounds />
    <DistanceToCam>0</DistanceToCam>
    <Speed>14.8205032</Speed>
    <AccInput>0.2313726</AccInput>
    <RPM>0.5914497</RPM>
    <Gear>2</Gear>
    <SteeringAngle>5.25783253</SteeringAngle>
    <WheelSpeed>0</WheelSpeed>
    <CarType>Sports</CarType>
  </MyCar>
  <Peds />
  <Time>106997</Time>
  <LastFrameTime>0.0283294711</LastFrameTime>
  <MyProperty>0</MyProperty>
  <Weather>ExtraSunny</Weather>
  <Steering>108</Steering>
  <Acc>156</Acc>
  <Brake>127</Brake>
  <DayTime>06:55:43</DayTime>
  <Position>
    <X>-3115.00366</X>
    <Y>1048.59985</Y>
    <Z>20.6109486</Z>
  </Position>
  <Rotation>
    <X>1.03591383</X>
    <Y>0.8684401</Y>
    <Z>-16.2485485</Z>
  </Rotation>
</Screenshot>