<?xml version="1.0" encoding="utf-8"?>
<Screenshot xmlns:xsd="http://www.w3.org/2001/XMLSchema" xmlns:xsi="http://www.w3.org/2001/XMLSchema-instance">
  <Cars />
  <MyCar>
    <Position>
      <X>-3115.33838</X>
      <Y>1047.473</Y>
      <Z>19.6791267</Z>
    </Position>
    <Rotation>
      <X>1.53591383</X>
      <Y>0.368440151</Y>
      <Z>-16.2485485</Z>
    </Rotation>
    <Handle>1538</Handle>
    <Bounds>
      <Vector3>
        <X>-3117.03369</X>
        <Y>1045.32422</Y>
        <Z>18.8894653</Z>
      </Vector3>
      <Vector3>
        <X>-3115.07251</X>
        <Y>1044.75269</Y>
        <Z>18.8763313</Z>
      </Vector3>
      <Vector3>
        <X>-3115.602</X>
        <Y>1050.23352</Y>
        <Z>19.0265789</Z>
      </Vector3>
      <Vector3>
        <X>-3117.03564</X>
        <Y>1045.28418</Y>
        <Z>20.34481</Z>
      </Vector3>
      <Vector3>
        <X>-3113.64087</X>
        <Y>1049.662</Y>
        <Z>19.013443</Z>
      </Vector3>
      <Vector3>
        <X>-3115.07446</X>
        <Y>1044.71265</Y>
        <Z>20.3316765</Z>
      </Vector3>
      <Vector3>
        <X>-3115.604</X>
        <Y>1050.19336</Y>
        <Z>20.4819241</Z>
      </Vector3>
      <Vector3>
        <X>-3113.64282</X>
        <Y>1049.62183</Y>
        <Z>20.4687881</Z>
      </Vector3>
    </Bounds>
    <CenterCamPosition>
      <X>0</X>
      <Y>0</Y>
    </CenterCamPosition>
    <ScreenBounds />
    <DistanceToCam>0</DistanceToCam>
    <Speed>14.8015938</Speed>
    <AccInput>0.2313726</AccInput>
    <RPM>0.59072566</RPM>
    <Gear>2</Gear>
    <SteeringAngle>5.06075</SteeringAngle>
    <WheelSpeed>0</WheelSpeed>
    <CarType>Sports</CarType>
  </MyCar>
  <Peds />
  <Time>106969</Time>
  <LastFrameTime>0.0244274046</LastFrameTime>
  <MyProperty>0</MyProperty>
  <Weather>ExtraSunny</Weather>
  <Steering>110</Steering>
  <Acc>156</Acc>
  <Brake>127</Brake>
  <DayTime>06:55:42</DayTime>
  <Position>
    <X>-3115.09961</X>
    <Y>1048.25146</Y>
    <Z>20.6014767</Z>
  </Position>
  <Rotation>
    <X>1.03248823</X>
    <Y>0.861055434</Y>
    <Z>-16.51764</Z>
  </Rotation>
</Screenshot>