<?xml version="1.0" encoding="utf-8"?>
<Screenshot xmlns:xsd="http://www.w3.org/2001/XMLSchema" xmlns:xsi="http://www.w3.org/2001/XMLSchema-instance">
  <Cars />
  <MyCar>
    <Position>
      <X>-3114.905</X>
      <Y>1049.03845</Y>
      <Z>19.7212429</Z>
    </Position>
    <Rotation>
      <X>1.5402633</X>
      <Y>0.391994327</Y>
      <Z>-14.9685192</Z>
    </Rotation>
    <Handle>1538</Handle>
    <Bounds>
      <Vector3>
        <X>-3116.55225</X>
        <Y>1046.85242</Y>
        <Z>18.9318123</Z>
      </Vector3>
      <Vector3>
        <X>-3114.57886</X>
        <Y>1046.32483</Y>
        <Z>18.9178371</Z>
      </Vector3>
      <Vector3>
        <X>-3115.23047</X>
        <Y>1051.79248</Y>
        <Z>19.069313</Z>
      </Vector3>
      <Vector3>
        <X>-3116.55273</X>
        <Y>1046.81213</Y>
        <Z>20.38715</Z>
      </Vector3>
      <Vector3>
        <X>-3113.257</X>
        <Y>1051.26489</Y>
        <Z>19.0553379</Z>
      </Vector3>
      <Vector3>
        <X>-3114.57935</X>
        <Y>1046.28455</Y>
        <Z>20.3731747</Z>
      </Vector3>
      <Vector3>
        <X>-3115.231</X>
        <Y>1051.75208</Y>
        <Z>20.52465</Z>
      </Vector3>
      <Vector3>
        <X>-3113.25757</X>
        <Y>1051.22449</Y>
        <Z>20.5106754</Z>
      </Vector3>
    </Bounds>
    <CenterCamPosition>
      <X>0</X>
      <Y>0</Y>
    </CenterCamPosition>
    <ScreenBounds />
    <DistanceToCam>0</DistanceToCam>
    <Speed>14.87366</Speed>
    <AccInput>0.2313726</AccInput>
    <RPM>0.59352994</RPM>
    <Gear>2</Gear>
    <SteeringAngle>5.527841</SteeringAngle>
    <WheelSpeed>0</WheelSpeed>
    <CarType>Sports</CarType>
  </MyCar>
  <Peds />
  <Time>107079</Time>
  <LastFrameTime>0.0285563041</LastFrameTime>
  <MyProperty>0</MyProperty>
  <Weather>ExtraSunny</Weather>
  <Steering>110</Steering>
  <Acc>156</Acc>
  <Brake>127</Brake>
  <DayTime>06:55:45</DayTime>
  <Position>
    <X>-3114.69849</X>
    <Y>1049.76038</Y>
    <Z>20.6422768</Z>
  </Position>
  <Rotation>
    <X>1.04335868</X>
    <Y>0.8861096</Y>
    <Z>-15.313159</Z>
  </Rotation>
</Screenshot>