<?xml version="1.0" encoding="utf-8"?>
<Screenshot xmlns:xsd="http://www.w3.org/2001/XMLSchema" xmlns:xsi="http://www.w3.org/2001/XMLSchema-instance">
  <Cars />
  <MyCar>
    <Position>
      <X>-3115.015</X>
      <Y>1048.62842</Y>
      <Z>19.7103043</Z>
    </Position>
    <Rotation>
      <X>1.5433588</X>
      <Y>0.38610962</Y>
      <Z>-15.313159</Z>
    </Rotation>
    <Handle>1538</Handle>
    <Bounds>
      <Vector3>
        <X>-3116.675</X>
        <Y>1046.45239</Y>
        <Z>18.9206314</Z>
      </Vector3>
      <Vector3>
        <X>-3114.70483</X>
        <Y>1045.913</Y>
        <Z>18.9068642</Z>
      </Vector3>
      <Vector3>
        <X>-3115.32373</X>
        <Y>1051.3844</Y>
        <Z>19.0584087</Z>
      </Vector3>
      <Vector3>
        <X>-3116.676</X>
        <Y>1046.412</Y>
        <Z>20.375967</Z>
      </Vector3>
      <Vector3>
        <X>-3113.35352</X>
        <Y>1050.84485</Y>
        <Z>19.0446434</Z>
      </Vector3>
      <Vector3>
        <X>-3114.70581</X>
        <Y>1045.87256</Y>
        <Z>20.3622017</Z>
      </Vector3>
      <Vector3>
        <X>-3115.32446</X>
        <Y>1051.344</Y>
        <Z>20.5137444</Z>
      </Vector3>
      <Vector3>
        <X>-3113.35449</X>
        <Y>1050.80444</Y>
        <Z>20.499979</Z>
      </Vector3>
    </Bounds>
    <CenterCamPosition>
      <X>0</X>
      <Y>0</Y>
    </CenterCamPosition>
    <ScreenBounds />
    <DistanceToCam>0</DistanceToCam>
    <Speed>14.8547516</Speed>
    <AccInput>0.2313726</AccInput>
    <RPM>0.592903435</RPM>
    <Gear>2</Gear>
    <SteeringAngle>5.51786232</SteeringAngle>
    <WheelSpeed>0</WheelSpeed>
    <CarType>Sports</CarType>
  </MyCar>
  <Peds />
  <Time>107050</Time>
  <LastFrameTime>0.0216483269</LastFrameTime>
  <MyProperty>0</MyProperty>
  <Weather>ExtraSunny</Weather>
  <Steering>108</Steering>
  <Acc>156</Acc>
  <Brake>127</Brake>
  <DayTime>06:55:44</DayTime>
  <Position>
    <X>-3114.77832</X>
    <Y>1049.449</Y>
    <Z>20.6339054</Z>
  </Position>
  <Rotation>
    <X>1.04218411</X>
    <Y>0.8805428</Y>
    <Z>-15.5697346</Z>
  </Rotation>
</Screenshot>