<?xml version="1.0" encoding="utf-8"?>
<Screenshot xmlns:xsd="http://www.w3.org/2001/XMLSchema" xmlns:xsi="http://www.w3.org/2001/XMLSchema-instance">
  <Cars />
  <MyCar>
    <Position>
      <X>-3115.09985</X>
      <Y>1048.31848</Y>
      <Z>19.7019558</Z>
    </Position>
    <Rotation>
      <X>1.54218423</X>
      <Y>0.380542874</Y>
      <Z>-15.5697346</Z>
    </Rotation>
    <Handle>1538</Handle>
    <Bounds>
      <Vector3>
        <X>-3116.76978</X>
        <Y>1046.1499</Y>
        <Z>18.9122353</Z>
      </Vector3>
      <Vector3>
        <X>-3114.802</X>
        <Y>1045.60156</Y>
        <Z>18.8986664</Z>
      </Vector3>
      <Vector3>
        <X>-3115.39624</X>
        <Y>1051.07568</Y>
        <Z>19.0499077</Z>
      </Vector3>
      <Vector3>
        <X>-3116.771</X>
        <Y>1046.1095</Y>
        <Z>20.3675728</Z>
      </Vector3>
      <Vector3>
        <X>-3113.42847</X>
        <Y>1050.52747</Y>
        <Z>19.03634</Z>
      </Vector3>
      <Vector3>
        <X>-3114.80322</X>
        <Y>1045.56128</Y>
        <Z>20.3540058</Z>
      </Vector3>
      <Vector3>
        <X>-3115.39746</X>
        <Y>1051.0354</Y>
        <Z>20.5052452</Z>
      </Vector3>
      <Vector3>
        <X>-3113.42969</X>
        <Y>1050.48718</Y>
        <Z>20.4916782</Z>
      </Vector3>
    </Bounds>
    <CenterCamPosition>
      <X>0</X>
      <Y>0</Y>
    </CenterCamPosition>
    <ScreenBounds />
    <DistanceToCam>0</DistanceToCam>
    <Speed>14.8407745</Speed>
    <AccInput>0.2313726</AccInput>
    <RPM>0.592120945</RPM>
    <Gear>2</Gear>
    <SteeringAngle>5.427078</SteeringAngle>
    <WheelSpeed>0</WheelSpeed>
    <CarType>Sports</CarType>
  </MyCar>
  <Peds />
  <Time>107028</Time>
  <LastFrameTime>0.0309412964</LastFrameTime>
  <MyProperty>0</MyProperty>
  <Weather>ExtraSunny</Weather>
  <Steering>108</Steering>
  <Acc>156</Acc>
  <Brake>127</Brake>
  <DayTime>06:55:44</DayTime>
  <Position>
    <X>-3114.89478</X>
    <Y>1049.005</Y>
    <Z>20.6219254</Z>
  </Position>
  <Rotation>
    <X>1.03896332</X>
    <Y>0.8756507</Y>
    <Z>-15.9288044</Z>
  </Rotation>
</Screenshot>