<?xml version="1.0" encoding="utf-8"?>
<Screenshot xmlns:xsd="http://www.w3.org/2001/XMLSchema" xmlns:xsi="http://www.w3.org/2001/XMLSchema-instance">
  <Cars />
  <MyCar>
    <Position>
      <X>-3114.829</X>
      <Y>1049.32666</Y>
      <Z>19.7285938</Z>
    </Position>
    <Rotation>
      <X>1.52240217</X>
      <Y>0.3956105</Y>
      <Z>-14.7259264</Z>
    </Rotation>
    <Handle>1538</Handle>
    <Bounds>
      <Vector3>
        <X>-3116.467</X>
        <Y>1047.13354</Y>
        <Z>18.9400177</Z>
      </Vector3>
      <Vector3>
        <X>-3114.49146</X>
        <Y>1046.61426</Y>
        <Z>18.9259148</Z>
      </Vector3>
      <Vector3>
        <X>-3115.16626</X>
        <Y>1052.0791</Y>
        <Z>19.0759258</Z>
      </Vector3>
      <Vector3>
        <X>-3116.46729</X>
        <Y>1047.09351</Y>
        <Z>20.3953686</Z>
      </Vector3>
      <Vector3>
        <X>-3113.19067</X>
        <Y>1051.55981</Y>
        <Z>19.061821</Z>
      </Vector3>
      <Vector3>
        <X>-3114.4917</X>
        <Y>1046.57434</Y>
        <Z>20.3812637</Z>
      </Vector3>
      <Vector3>
        <X>-3115.1665</X>
        <Y>1052.03906</Y>
        <Z>20.5312748</Z>
      </Vector3>
      <Vector3>
        <X>-3113.191</X>
        <Y>1051.5199</Y>
        <Z>20.51717</Z>
      </Vector3>
    </Bounds>
    <CenterCamPosition>
      <X>0</X>
      <Y>0</Y>
    </CenterCamPosition>
    <ScreenBounds />
    <DistanceToCam>0</DistanceToCam>
    <Speed>14.887208</Speed>
    <AccInput>0.2313726</AccInput>
    <RPM>0.5941795</RPM>
    <Gear>2</Gear>
    <SteeringAngle>5.533335</SteeringAngle>
    <WheelSpeed>0</WheelSpeed>
    <CarType>Sports</CarType>
  </MyCar>
  <Peds />
  <Time>107099</Time>
  <LastFrameTime>0.0200313348</LastFrameTime>
  <MyProperty>0</MyProperty>
  <Weather>ExtraSunny</Weather>
  <Steering>110</Steering>
  <Acc>156</Acc>
  <Brake>127</Brake>
  <DayTime>06:55:46</DayTime>
  <Position>
    <X>-3114.59521</X>
    <Y>1050.17224</Y>
    <Z>20.65315</Z>
  </Position>
  <Rotation>
    <X>1.0402633</X>
    <Y>0.8919943</Y>
    <Z>-14.9685173</Z>
  </Rotation>
</Screenshot>