<?xml version="1.0" encoding="utf-8"?>
<Screenshot xmlns:xsd="http://www.w3.org/2001/XMLSchema" xmlns:xsi="http://www.w3.org/2001/XMLSchema-instance">
  <Cars />
  <MyCar>
    <Position>
      <X>-3114.63574</X>
      <Y>1050.08374</Y>
      <Z>19.74672</Z>
    </Position>
    <Rotation>
      <X>1.43413866</X>
      <Y>0.405502677</Y>
      <Z>-14.0910711</Z>
    </Rotation>
    <Handle>1538</Handle>
    <Bounds>
      <Vector3>
        <X>-3116.24976</X>
        <Y>1047.87146</Y>
        <Z>18.96223</Z>
      </Vector3>
      <Vector3>
        <X>-3114.26855</X>
        <Y>1047.37415</Y>
        <Z>18.9477749</Z>
      </Vector3>
      <Vector3>
        <X>-3115.004</X>
        <Y>1052.8313</Y>
        <Z>19.09026</Z>
      </Vector3>
      <Vector3>
        <X>-3116.24854</X>
        <Y>1047.8335</Y>
        <Z>20.4176369</Z>
      </Vector3>
      <Vector3>
        <X>-3113.02271</X>
        <Y>1052.334</Y>
        <Z>19.0758038</Z>
      </Vector3>
      <Vector3>
        <X>-3114.26733</X>
        <Y>1047.33618</Y>
        <Z>20.40318</Z>
      </Vector3>
      <Vector3>
        <X>-3115.00269</X>
        <Y>1052.79346</Y>
        <Z>20.5456657</Z>
      </Vector3>
      <Vector3>
        <X>-3113.02148</X>
        <Y>1052.29614</Y>
        <Z>20.53121</Z>
      </Vector3>
    </Bounds>
    <CenterCamPosition>
      <X>0</X>
      <Y>0</Y>
    </CenterCamPosition>
    <ScreenBounds />
    <DistanceToCam>0</DistanceToCam>
    <Speed>14.9228907</Speed>
    <AccInput>0.2313726</AccInput>
    <RPM>0.594917</RPM>
    <Gear>2</Gear>
    <SteeringAngle>5.176398</SteeringAngle>
    <WheelSpeed>0</WheelSpeed>
    <CarType>Sports</CarType>
  </MyCar>
  <Peds />
  <Time>107151</Time>
  <LastFrameTime>0.0217404868</LastFrameTime>
  <MyProperty>0</MyProperty>
  <Weather>ExtraSunny</Weather>
  <Steering>114</Steering>
  <Acc>156</Acc>
  <Brake>127</Brake>
  <DayTime>06:55:47</DayTime>
  <Position>
    <X>-3114.41724</X>
    <Y>1050.90747</Y>
    <Z>20.6699429</Z>
  </Position>
  <Rotation>
    <X>0.9768789</X>
    <Y>0.900845349</Y>
    <Z>-14.3537512</Z>
  </Rotation>
</Screenshot>