<?xml version="1.0" encoding="utf-8"?>
<Screenshot xmlns:xsd="http://www.w3.org/2001/XMLSchema" xmlns:xsi="http://www.w3.org/2001/XMLSchema-instance">
  <Cars />
  <MyCar>
    <Position>
      <X>-3114.4646</X>
      <Y>1050.78113</Y>
      <Z>19.76292</Z>
    </Position>
    <Rotation>
      <X>1.32748342</X>
      <Y>0.411702573</Y>
      <Z>-13.5252266</Z>
    </Rotation>
    <Handle>1538</Handle>
    <Bounds>
      <Vector3>
        <X>-3116.05713</X>
        <Y>1048.55151</Y>
        <Z>18.98327</Z>
      </Vector3>
      <Vector3>
        <X>-3114.071</X>
        <Y>1048.07385</Y>
        <Z>18.9685917</Z>
      </Vector3>
      <Vector3>
        <X>-3114.86</X>
        <Y>1053.52368</Y>
        <Z>19.10178</Z>
      </Vector3>
      <Vector3>
        <X>-3116.05469</X>
        <Y>1048.51636</Y>
        <Z>20.43874</Z>
      </Vector3>
      <Vector3>
        <X>-3112.874</X>
        <Y>1053.046</Y>
        <Z>19.087101</Z>
      </Vector3>
      <Vector3>
        <X>-3114.06885</X>
        <Y>1048.03857</Y>
        <Z>20.4240627</Z>
      </Vector3>
      <Vector3>
        <X>-3114.858</X>
        <Y>1053.48853</Y>
        <Z>20.55725</Z>
      </Vector3>
      <Vector3>
        <X>-3112.87183</X>
        <Y>1053.01074</Y>
        <Z>20.542572</Z>
      </Vector3>
    </Bounds>
    <CenterCamPosition>
      <X>0</X>
      <Y>0</Y>
    </CenterCamPosition>
    <ScreenBounds />
    <DistanceToCam>0</DistanceToCam>
    <Speed>14.9572849</Speed>
    <AccInput>0.2313726</AccInput>
    <RPM>0.595944762</RPM>
    <Gear>2</Gear>
    <SteeringAngle>4.34329033</SteeringAngle>
    <WheelSpeed>0</WheelSpeed>
    <CarType>Sports</CarType>
  </MyCar>
  <Peds />
  <Time>107199</Time>
  <LastFrameTime>0.0208824966</LastFrameTime>
  <MyProperty>0</MyProperty>
  <Weather>ExtraSunny</Weather>
  <Steering>120</Steering>
  <Acc>156</Acc>
  <Brake>127</Brake>
  <DayTime>06:55:49</DayTime>
  <Position>
    <X>-3114.25146</X>
    <Y>1051.62036</Y>
    <Z>20.6843643</Z>
  </Position>
  <Rotation>
    <X>0.876477</X>
    <Y>0.905902267</Y>
    <Z>-13.7680864</Z>
  </Rotation>
</Screenshot>