<?xml version="1.0" encoding="utf-8"?>
<Screenshot xmlns:xsd="http://www.w3.org/2001/XMLSchema" xmlns:xsi="http://www.w3.org/2001/XMLSchema-instance">
  <Cars />
  <MyCar>
    <Position>
      <X>-3114.53833</X>
      <Y>1050.47778</Y>
      <Z>19.7558212</Z>
    </Position>
    <Rotation>
      <X>1.376477</X>
      <Y>0.4059023</Y>
      <Z>-13.7680855</Z>
    </Rotation>
    <Handle>1538</Handle>
    <Bounds>
      <Vector3>
        <X>-3116.14014</X>
        <Y>1048.25562</Y>
        <Z>18.973896</Z>
      </Vector3>
      <Vector3>
        <X>-3114.156</X>
        <Y>1047.76941</Y>
        <Z>18.959425</Z>
      </Vector3>
      <Vector3>
        <X>-3114.922</X>
        <Y>1053.22253</Y>
        <Z>19.096777</Z>
      </Vector3>
      <Vector3>
        <X>-3116.13843</X>
        <Y>1048.21924</Y>
        <Z>20.4293365</Z>
      </Vector3>
      <Vector3>
        <X>-3112.938</X>
        <Y>1052.73645</Y>
        <Z>19.0823059</Z>
      </Vector3>
      <Vector3>
        <X>-3114.1543</X>
        <Y>1047.733</Y>
        <Z>20.4148655</Z>
      </Vector3>
      <Vector3>
        <X>-3114.92041</X>
        <Y>1053.18616</Y>
        <Z>20.55222</Z>
      </Vector3>
      <Vector3>
        <X>-3112.93628</X>
        <Y>1052.70007</Y>
        <Z>20.5377483</Z>
      </Vector3>
    </Bounds>
    <CenterCamPosition>
      <X>0</X>
      <Y>0</Y>
    </CenterCamPosition>
    <ScreenBounds />
    <DistanceToCam>0</DistanceToCam>
    <Speed>14.9418631</Speed>
    <AccInput>0.2313726</AccInput>
    <RPM>0.595371</RPM>
    <Gear>2</Gear>
    <SteeringAngle>4.741038</SteeringAngle>
    <WheelSpeed>0</WheelSpeed>
    <CarType>Sports</CarType>
  </MyCar>
  <Peds />
  <Time>107178</Time>
  <LastFrameTime>0.02718321</LastFrameTime>
  <MyProperty>0</MyProperty>
  <Weather>ExtraSunny</Weather>
  <Steering>118</Steering>
  <Acc>156</Acc>
  <Brake>127</Brake>
  <DayTime>06:55:48</DayTime>
  <Position>
    <X>-3114.34277</X>
    <Y>1051.22388</Y>
    <Z>20.6764469</Z>
  </Position>
  <Rotation>
    <X>0.934138536</X>
    <Y>0.905502558</Y>
    <Z>-14.09107</Z>
  </Rotation>
</Screenshot>