<?xml version="1.0" encoding="utf-8"?>
<Screenshot xmlns:xsd="http://www.w3.org/2001/XMLSchema" xmlns:xsi="http://www.w3.org/2001/XMLSchema-instance">
  <Cars />
  <MyCar>
    <Position>
      <X>-3114.715</X>
      <Y>1049.76941</Y>
      <Z>19.739336</Z>
    </Position>
    <Rotation>
      <X>1.476879</X>
      <Y>0.400845557</Y>
      <Z>-14.3537512</Z>
    </Rotation>
    <Handle>1538</Handle>
    <Bounds>
      <Vector3>
        <X>-3116.339</X>
        <Y>1047.56506</Y>
        <Z>18.9528713</Z>
      </Vector3>
      <Vector3>
        <X>-3114.36</X>
        <Y>1047.05872</Y>
        <Z>18.93858</Z>
      </Vector3>
      <Vector3>
        <X>-3115.07031</X>
        <Y>1052.519</Y>
        <Z>19.0847149</Z>
      </Vector3>
      <Vector3>
        <X>-3116.33838</X>
        <Y>1047.52612</Y>
        <Z>20.4082489</Z>
      </Vector3>
      <Vector3>
        <X>-3113.09155</X>
        <Y>1052.0127</Y>
        <Z>19.0704231</Z>
      </Vector3>
      <Vector3>
        <X>-3114.35962</X>
        <Y>1047.01978</Y>
        <Z>20.393959</Z>
      </Vector3>
      <Vector3>
        <X>-3115.06982</X>
        <Y>1052.48022</Y>
        <Z>20.5400944</Z>
      </Vector3>
      <Vector3>
        <X>-3113.09082</X>
        <Y>1051.97388</Y>
        <Z>20.5258026</Z>
      </Vector3>
    </Bounds>
    <CenterCamPosition>
      <X>0</X>
      <Y>0</Y>
    </CenterCamPosition>
    <ScreenBounds />
    <DistanceToCam>0</DistanceToCam>
    <Speed>14.9080563</Speed>
    <AccInput>0.2313726</AccInput>
    <RPM>0.59448874</RPM>
    <Gear>2</Gear>
    <SteeringAngle>5.346683</SteeringAngle>
    <WheelSpeed>0</WheelSpeed>
    <CarType>Sports</CarType>
  </MyCar>
  <Peds />
  <Time>107129</Time>
  <LastFrameTime>0.0306884</LastFrameTime>
  <MyProperty>0</MyProperty>
  <Weather>ExtraSunny</Weather>
  <Steering>112</Steering>
  <Acc>156</Acc>
  <Brake>127</Brake>
  <DayTime>06:55:47</DayTime>
  <Position>
    <X>-3114.524</X>
    <Y>1050.462</Y>
    <Z>20.6601353</Z>
  </Position>
  <Rotation>
    <X>1.02240217</X>
    <Y>0.895610452</Y>
    <Z>-14.7259264</Z>
  </Rotation>
</Screenshot>