<?xml version="1.0" encoding="utf-8"?>
<Screenshot xmlns:xsd="http://www.w3.org/2001/XMLSchema" xmlns:xsi="http://www.w3.org/2001/XMLSchema-instance">
  <Cars />
  <MyCar>
    <Position>
      <X>-3114.29</X>
      <Y>1051.51453</Y>
      <Z>19.7795849</Z>
    </Position>
    <Rotation>
      <X>1.22401023</X>
      <Y>0.383726925</Y>
      <Z>-12.9896574</Z>
    </Rotation>
    <Handle>1538</Handle>
    <Bounds>
      <Vector3>
        <X>-3115.86157</X>
        <Y>1049.26868</Y>
        <Z>19.0040226</Z>
      </Vector3>
      <Vector3>
        <X>-3113.871</X>
        <Y>1048.80957</Y>
        <Z>18.9903412</Z>
      </Vector3>
      <Vector3>
        <X>-3114.71118</X>
        <Y>1054.25208</Y>
        <Z>19.1132965</Z>
      </Vector3>
      <Vector3>
        <X>-3115.85913</X>
        <Y>1049.23621</Y>
        <Z>20.4595547</Z>
      </Vector3>
      <Vector3>
        <X>-3112.7207</X>
        <Y>1053.793</Y>
        <Z>19.0996151</Z>
      </Vector3>
      <Vector3>
        <X>-3113.86865</X>
        <Y>1048.7771</Y>
        <Z>20.4458752</Z>
      </Vector3>
      <Vector3>
        <X>-3114.70874</X>
        <Y>1054.2196</Y>
        <Z>20.5688286</Z>
      </Vector3>
      <Vector3>
        <X>-3112.71826</X>
        <Y>1053.76038</Y>
        <Z>20.55515</Z>
      </Vector3>
    </Bounds>
    <CenterCamPosition>
      <X>0</X>
      <Y>0</Y>
    </CenterCamPosition>
    <ScreenBounds />
    <DistanceToCam>0</DistanceToCam>
    <Speed>14.99954</Speed>
    <AccInput>0.226143837</AccInput>
    <RPM>0.597774148</RPM>
    <Gear>2</Gear>
    <SteeringAngle>2.85407233</SteeringAngle>
    <WheelSpeed>0</WheelSpeed>
    <CarType>Sports</CarType>
  </MyCar>
  <Peds />
  <Time>107249</Time>
  <LastFrameTime>0.0213311967</LastFrameTime>
  <MyProperty>0</MyProperty>
  <Weather>ExtraSunny</Weather>
  <Steering>127</Steering>
  <Acc>155</Acc>
  <Brake>127</Brake>
  <DayTime>06:55:50</DayTime>
  <Position>
    <X>-3114.088</X>
    <Y>1052.35034</Y>
    <Z>20.6988277</Z>
  </Position>
  <Rotation>
    <X>0.770167649</X>
    <Y>0.8942472</Y>
    <Z>-13.20641</Z>
  </Rotation>
</Screenshot>