<?xml version="1.0" encoding="utf-8"?>
<Screenshot xmlns:xsd="http://www.w3.org/2001/XMLSchema" xmlns:xsi="http://www.w3.org/2001/XMLSchema-instance">
  <Cars />
  <MyCar>
    <Position>
      <X>-3114.36353</X>
      <Y>1051.20325</Y>
      <Z>19.77247</Z>
    </Position>
    <Rotation>
      <X>1.27016759</X>
      <Y>0.394247174</Y>
      <Z>-13.20641</Z>
    </Rotation>
    <Handle>1538</Handle>
    <Bounds>
      <Vector3>
        <X>-3115.9436</X>
        <Y>1048.964</Y>
        <Z>18.9950485</Z>
      </Vector3>
      <Vector3>
        <X>-3113.95483</X>
        <Y>1048.49731</Y>
        <Z>18.9809933</Z>
      </Vector3>
      <Vector3>
        <X>-3114.77441</X>
        <Y>1053.94287</Y>
        <Z>19.1084423</Z>
      </Vector3>
      <Vector3>
        <X>-3115.94116</X>
        <Y>1048.9303</Y>
        <Z>20.4505558</Z>
      </Vector3>
      <Vector3>
        <X>-3112.78564</X>
        <Y>1053.4762</Y>
        <Z>19.0943871</Z>
      </Vector3>
      <Vector3>
        <X>-3113.95239</X>
        <Y>1048.46362</Y>
        <Z>20.4364986</Z>
      </Vector3>
      <Vector3>
        <X>-3114.772</X>
        <Y>1053.90918</Y>
        <Z>20.56395</Z>
      </Vector3>
      <Vector3>
        <X>-3112.7832</X>
        <Y>1053.4425</Y>
        <Z>20.5498924</Z>
      </Vector3>
    </Bounds>
    <CenterCamPosition>
      <X>0</X>
      <Y>0</Y>
    </CenterCamPosition>
    <ScreenBounds />
    <DistanceToCam>0</DistanceToCam>
    <Speed>14.9807024</Speed>
    <AccInput>0.2313726</AccInput>
    <RPM>0.5966047</RPM>
    <Gear>2</Gear>
    <SteeringAngle>3.3979187</SteeringAngle>
    <WheelSpeed>0</WheelSpeed>
    <CarType>Sports</CarType>
  </MyCar>
  <Peds />
  <Time>107228</Time>
  <LastFrameTime>0.0289941411</LastFrameTime>
  <MyProperty>0</MyProperty>
  <Weather>ExtraSunny</Weather>
  <Steering>127</Steering>
  <Acc>156</Acc>
  <Brake>127</Brake>
  <DayTime>06:55:50</DayTime>
  <Position>
    <X>-3114.18237</X>
    <Y>1051.92566</Y>
    <Z>20.6904545</Z>
  </Position>
  <Rotation>
    <X>0.8274834</X>
    <Y>0.9117027</Y>
    <Z>-13.5252256</Z>
  </Rotation>
</Screenshot>