<?xml version="1.0" encoding="utf-8"?>
<Screenshot xmlns:xsd="http://www.w3.org/2001/XMLSchema" xmlns:xsi="http://www.w3.org/2001/XMLSchema-instance">
  <Cars />
  <MyCar>
    <Position>
      <X>-3114.192</X>
      <Y>1051.93689</Y>
      <Z>19.7891827</Z>
    </Position>
    <Rotation>
      <X>1.16468716</X>
      <Y>0.373460174</Y>
      <Z>-12.7283754</Z>
    </Rotation>
    <Handle>1538</Handle>
    <Bounds>
      <Vector3>
        <X>-3115.75317</X>
        <Y>1049.68311</Y>
        <Z>19.0160675</Z>
      </Vector3>
      <Vector3>
        <X>-3113.76074</X>
        <Y>1049.233</Y>
        <Z>19.0027523</Z>
      </Vector3>
      <Vector3>
        <X>-3114.62549</X>
        <Y>1054.67175</Y>
        <Z>19.1200466</Z>
      </Vector3>
      <Vector3>
        <X>-3115.75049</X>
        <Y>1049.6521</Y>
        <Z>20.4716339</Z>
      </Vector3>
      <Vector3>
        <X>-3112.633</X>
        <Y>1054.22168</Y>
        <Z>19.1067314</Z>
      </Vector3>
      <Vector3>
        <X>-3113.75781</X>
        <Y>1049.202</Y>
        <Z>20.45832</Z>
      </Vector3>
      <Vector3>
        <X>-3114.6228</X>
        <Y>1054.64087</Y>
        <Z>20.575613</Z>
      </Vector3>
      <Vector3>
        <X>-3112.63037</X>
        <Y>1054.1908</Y>
        <Z>20.5622978</Z>
      </Vector3>
    </Bounds>
    <CenterCamPosition>
      <X>0</X>
      <Y>0</Y>
    </CenterCamPosition>
    <ScreenBounds />
    <DistanceToCam>0</DistanceToCam>
    <Speed>15.0243406</Speed>
    <AccInput>0.226143837</AccInput>
    <RPM>0.5985649</RPM>
    <Gear>2</Gear>
    <SteeringAngle>2.23583364</SteeringAngle>
    <WheelSpeed>0</WheelSpeed>
    <CarType>Sports</CarType>
  </MyCar>
  <Peds />
  <Time>107278</Time>
  <LastFrameTime>0.0288818125</LastFrameTime>
  <MyProperty>0</MyProperty>
  <Weather>ExtraSunny</Weather>
  <Steering>127</Steering>
  <Acc>155</Acc>
  <Brake>127</Brake>
  <DayTime>06:55:51</DayTime>
  <Position>
    <X>-3114.01855</X>
    <Y>1052.66345</Y>
    <Z>20.7049923</Z>
  </Position>
  <Rotation>
    <X>0.7240102</X>
    <Y>0.8837269</Y>
    <Z>-12.9896564</Z>
  </Rotation>
</Screenshot>