<?xml version="1.0" encoding="utf-8"?>
<Screenshot xmlns:xsd="http://www.w3.org/2001/XMLSchema" xmlns:xsi="http://www.w3.org/2001/XMLSchema-instance">
  <Cars />
  <MyCar>
    <Position>
      <X>-3114.12</X>
      <Y>1052.249</Y>
      <Z>19.79588</Z>
    </Position>
    <Rotation>
      <X>1.13486874</X>
      <Y>0.364483833</Y>
      <Z>-12.5546551</Z>
    </Rotation>
    <Handle>1538</Handle>
    <Bounds>
      <Vector3>
        <X>-3115.67456</X>
        <Y>1049.99011</Y>
        <Z>19.0239277</Z>
      </Vector3>
      <Vector3>
        <X>-3113.68066</X>
        <Y>1049.546</Y>
        <Z>19.0109329</Z>
      </Vector3>
      <Vector3>
        <X>-3114.562</X>
        <Y>1054.98218</Y>
        <Z>19.1252441</Z>
      </Vector3>
      <Vector3>
        <X>-3115.67163</X>
        <Y>1049.96</Y>
        <Z>20.47951</Z>
      </Vector3>
      <Vector3>
        <X>-3112.56836</X>
        <Y>1054.53821</Y>
        <Z>19.11225</Z>
      </Vector3>
      <Vector3>
        <X>-3113.678</X>
        <Y>1049.51587</Y>
        <Z>20.4665165</Z>
      </Vector3>
      <Vector3>
        <X>-3114.55933</X>
        <Y>1054.952</Y>
        <Z>20.5808277</Z>
      </Vector3>
      <Vector3>
        <X>-3112.56543</X>
        <Y>1054.508</Y>
        <Z>20.5678329</Z>
      </Vector3>
    </Bounds>
    <CenterCamPosition>
      <X>0</X>
      <Y>0</Y>
    </CenterCamPosition>
    <ScreenBounds />
    <DistanceToCam>0</DistanceToCam>
    <Speed>15.0407019</Speed>
    <AccInput>0.226143837</AccInput>
    <RPM>0.5993431</RPM>
    <Gear>2</Gear>
    <SteeringAngle>1.87870753</SteeringAngle>
    <WheelSpeed>0</WheelSpeed>
    <CarType>Sports</CarType>
  </MyCar>
  <Peds />
  <Time>107300</Time>
  <LastFrameTime>0.0213085432</LastFrameTime>
  <MyProperty>0</MyProperty>
  <Weather>ExtraSunny</Weather>
  <Steering>127</Steering>
  <Acc>155</Acc>
  <Brake>127</Brake>
  <DayTime>06:55:52</DayTime>
  <Position>
    <X>-3113.92578</X>
    <Y>1053.088</Y>
    <Z>20.71337</Z>
  </Position>
  <Rotation>
    <X>0.664687157</X>
    <Y>0.8734601</Y>
    <Z>-12.7283745</Z>
  </Rotation>
</Screenshot>