<?xml version="1.0" encoding="utf-8"?>
<Screenshot xmlns:xsd="http://www.w3.org/2001/XMLSchema" xmlns:xsi="http://www.w3.org/2001/XMLSchema-instance">
  <Cars />
  <MyCar>
    <Position>
      <X>-3114.02515</X>
      <Y>1052.66821</Y>
      <Z>19.8042889</Z>
    </Position>
    <Rotation>
      <X>1.11622584</X>
      <Y>0.3460942</Y>
      <Z>-12.3531237</Z>
    </Rotation>
    <Handle>1538</Handle>
    <Bounds>
      <Vector3>
        <X>-3115.57129</X>
        <Y>1050.40344</Y>
        <Z>19.032835</Z>
      </Vector3>
      <Vector3>
        <X>-3113.576</X>
        <Y>1049.96655</Y>
        <Z>19.0204964</Z>
      </Vector3>
      <Vector3>
        <X>-3114.47656</X>
        <Y>1055.39954</Y>
        <Z>19.1324883</Z>
      </Vector3>
      <Vector3>
        <X>-3115.56885</X>
        <Y>1050.3739</Y>
        <Z>20.48843</Z>
      </Vector3>
      <Vector3>
        <X>-3112.4812</X>
        <Y>1054.96252</Y>
        <Z>19.1201477</Z>
      </Vector3>
      <Vector3>
        <X>-3113.57349</X>
        <Y>1049.93689</Y>
        <Z>20.4760914</Z>
      </Vector3>
      <Vector3>
        <X>-3114.474</X>
        <Y>1055.37</Y>
        <Z>20.5880833</Z>
      </Vector3>
      <Vector3>
        <X>-3112.47876</X>
        <Y>1054.933</Y>
        <Z>20.5757446</Z>
      </Vector3>
    </Bounds>
    <CenterCamPosition>
      <X>0</X>
      <Y>0</Y>
    </CenterCamPosition>
    <ScreenBounds />
    <DistanceToCam>0</DistanceToCam>
    <Speed>15.0638514</Speed>
    <AccInput>0.226143837</AccInput>
    <RPM>0.6004706</RPM>
    <Gear>2</Gear>
    <SteeringAngle>1.47680247</SteeringAngle>
    <WheelSpeed>0</WheelSpeed>
    <CarType>Sports</CarType>
  </MyCar>
  <Peds />
  <Time>107328</Time>
  <LastFrameTime>0.0285491664</LastFrameTime>
  <MyProperty>0</MyProperty>
  <Weather>ExtraSunny</Weather>
  <Steering>127</Steering>
  <Acc>155</Acc>
  <Brake>127</Brake>
  <DayTime>06:55:53</DayTime>
  <Position>
    <X>-3113.85742</X>
    <Y>1053.40137</Y>
    <Z>20.7194519</Z>
  </Position>
  <Rotation>
    <X>0.63486886</X>
    <Y>0.864483833</Y>
    <Z>-12.5546541</Z>
  </Rotation>
</Screenshot>