<?xml version="1.0" encoding="utf-8"?>
<Screenshot xmlns:xsd="http://www.w3.org/2001/XMLSchema" xmlns:xsi="http://www.w3.org/2001/XMLSchema-instance">
  <Cars />
  <MyCar>
    <Position>
      <X>-3113.95679</X>
      <Y>1052.972</Y>
      <Z>19.8101616</Z>
    </Position>
    <Rotation>
      <X>1.11407506</X>
      <Y>0.3333589</Y>
      <Z>-12.2261286</Z>
    </Rotation>
    <Handle>1538</Handle>
    <Bounds>
      <Vector3>
        <X>-3115.4978</X>
        <Y>1050.70386</Y>
        <Z>19.0385742</Z>
      </Vector3>
      <Vector3>
        <X>-3113.50146</X>
        <Y>1050.27124</Y>
        <Z>19.02669</Z>
      </Vector3>
      <Vector3>
        <X>-3114.414</X>
        <Y>1055.70239</Y>
        <Z>19.1380367</Z>
      </Vector3>
      <Vector3>
        <X>-3115.49561</X>
        <Y>1050.67444</Y>
        <Z>20.494173</Z>
      </Vector3>
      <Vector3>
        <X>-3112.41772</X>
        <Y>1055.26978</Y>
        <Z>19.12615</Z>
      </Vector3>
      <Vector3>
        <X>-3113.49927</X>
        <Y>1050.24182</Y>
        <Z>20.4822884</Z>
      </Vector3>
      <Vector3>
        <X>-3114.41187</X>
        <Y>1055.67285</Y>
        <Z>20.5936337</Z>
      </Vector3>
      <Vector3>
        <X>-3112.41553</X>
        <Y>1055.24036</Y>
        <Z>20.581749</Z>
      </Vector3>
    </Bounds>
    <CenterCamPosition>
      <X>0</X>
      <Y>0</Y>
    </CenterCamPosition>
    <ScreenBounds />
    <DistanceToCam>0</DistanceToCam>
    <Speed>15.0810575</Speed>
    <AccInput>0.226143837</AccInput>
    <RPM>0.601522446</RPM>
    <Gear>2</Gear>
    <SteeringAngle>1.2482605</SteeringAngle>
    <WheelSpeed>0</WheelSpeed>
    <CarType>Sports</CarType>
  </MyCar>
  <Peds />
  <Time>107349</Time>
  <LastFrameTime>0.0206631124</LastFrameTime>
  <MyProperty>0</MyProperty>
  <Weather>ExtraSunny</Weather>
  <Steering>127</Steering>
  <Acc>155</Acc>
  <Brake>127</Brake>
  <DayTime>06:55:53</DayTime>
  <Position>
    <X>-3113.76685</X>
    <Y>1053.8219</Y>
    <Z>20.727478</Z>
  </Position>
  <Rotation>
    <X>0.6162258</X>
    <Y>0.8460942</Y>
    <Z>-12.3531227</Z>
  </Rotation>
</Screenshot>