<?xml version="1.0" encoding="utf-8"?>
<Screenshot xmlns:xsd="http://www.w3.org/2001/XMLSchema" xmlns:xsi="http://www.w3.org/2001/XMLSchema-instance">
  <Cars />
  <MyCar>
    <Position>
      <X>-3113.857</X>
      <Y>1053.42224</Y>
      <Z>19.8186665</Z>
    </Position>
    <Rotation>
      <X>1.11906266</X>
      <Y>0.313526273</Y>
      <Z>-12.0720339</Z>
    </Rotation>
    <Handle>1538</Handle>
    <Bounds>
      <Vector3>
        <X>-3115.3916</X>
        <Y>1051.1499</Y>
        <Z>19.0465031</Z>
      </Vector3>
      <Vector3>
        <X>-3113.394</X>
        <Y>1050.72266</Y>
        <Z>19.035326</Z>
      </Vector3>
      <Vector3>
        <X>-3114.32129</X>
        <Y>1056.15137</Y>
        <Z>19.14641</Z>
      </Vector3>
      <Vector3>
        <X>-3115.38965</X>
        <Y>1051.12048</Y>
        <Z>20.5021019</Z>
      </Vector3>
      <Vector3>
        <X>-3112.324</X>
        <Y>1055.72412</Y>
        <Z>19.135231</Z>
      </Vector3>
      <Vector3>
        <X>-3113.39233</X>
        <Y>1050.69324</Y>
        <Z>20.4909248</Z>
      </Vector3>
      <Vector3>
        <X>-3114.31958</X>
        <Y>1056.12183</Y>
        <Z>20.6020088</Z>
      </Vector3>
      <Vector3>
        <X>-3112.322</X>
        <Y>1055.69458</Y>
        <Z>20.59083</Z>
      </Vector3>
    </Bounds>
    <CenterCamPosition>
      <X>0</X>
      <Y>0</Y>
    </CenterCamPosition>
    <ScreenBounds />
    <DistanceToCam>0</DistanceToCam>
    <Speed>15.1064186</Speed>
    <AccInput>0.226143837</AccInput>
    <RPM>0.602594256</RPM>
    <Gear>2</Gear>
    <SteeringAngle>0.9628699</SteeringAngle>
    <WheelSpeed>0</WheelSpeed>
    <CarType>Sports</CarType>
  </MyCar>
  <Peds />
  <Time>107379</Time>
  <LastFrameTime>0.0305388328</LastFrameTime>
  <MyProperty>0</MyProperty>
  <Weather>ExtraSunny</Weather>
  <Steering>127</Steering>
  <Acc>155</Acc>
  <Brake>127</Brake>
  <DayTime>06:55:54</DayTime>
  <Position>
    <X>-3113.70117</X>
    <Y>1054.12634</Y>
    <Z>20.7333069</Z>
  </Position>
  <Rotation>
    <X>0.614075065</X>
    <Y>0.8333589</Y>
    <Z>-12.2261276</Z>
  </Rotation>
</Screenshot>