<?xml version="1.0" encoding="utf-8"?>
<Screenshot xmlns:xsd="http://www.w3.org/2001/XMLSchema" xmlns:xsi="http://www.w3.org/2001/XMLSchema-instance">
  <Cars />
  <MyCar>
    <Position>
      <X>-3113.6958</X>
      <Y>1054.15747</Y>
      <Z>19.83247</Z>
    </Position>
    <Rotation>
      <X>1.13147926</X>
      <Y>0.285496026</Y>
      <Z>-11.8873024</Z>
    </Rotation>
    <Handle>1538</Handle>
    <Bounds>
      <Vector3>
        <X>-3115.22266</X>
        <Y>1051.88025</Y>
        <Z>19.0592537</Z>
      </Vector3>
      <Vector3>
        <X>-3113.22388</X>
        <Y>1051.45947</Y>
        <Z>19.0490761</Z>
      </Vector3>
      <Vector3>
        <X>-3114.1687</X>
        <Y>1056.88513</Y>
        <Z>19.1602688</Z>
      </Vector3>
      <Vector3>
        <X>-3115.22144</X>
        <Y>1051.85071</Y>
        <Z>20.51485</Z>
      </Vector3>
      <Vector3>
        <X>-3112.16968</X>
        <Y>1056.46436</Y>
        <Z>19.1500912</Z>
      </Vector3>
      <Vector3>
        <X>-3113.22266</X>
        <Y>1051.42993</Y>
        <Z>20.5046711</Z>
      </Vector3>
      <Vector3>
        <X>-3114.16748</X>
        <Y>1056.85547</Y>
        <Z>20.6158657</Z>
      </Vector3>
      <Vector3>
        <X>-3112.1687</X>
        <Y>1056.43469</Y>
        <Z>20.6056862</Z>
      </Vector3>
    </Bounds>
    <CenterCamPosition>
      <X>0</X>
      <Y>0</Y>
    </CenterCamPosition>
    <ScreenBounds />
    <DistanceToCam>0</DistanceToCam>
    <Speed>15.1469593</Speed>
    <AccInput>0.226143837</AccInput>
    <RPM>0.604431868</RPM>
    <Gear>2</Gear>
    <SteeringAngle>0.636981249</SteeringAngle>
    <WheelSpeed>0</WheelSpeed>
    <CarType>Sports</CarType>
  </MyCar>
  <Peds />
  <Time>107429</Time>
  <LastFrameTime>0.0290487558</LastFrameTime>
  <MyProperty>0</MyProperty>
  <Weather>ExtraSunny</Weather>
  <Steering>127</Steering>
  <Acc>155</Acc>
  <Brake>127</Brake>
  <DayTime>06:55:56</DayTime>
  <Position>
    <X>-3113.53931</X>
    <Y>1054.883</Y>
    <Z>20.7477589</Z>
  </Position>
  <Rotation>
    <X>0.6241842</X>
    <Y>0.8027291</Y>
    <Z>-11.985013</Z>
  </Rotation>
</Screenshot>