<?xml version="1.0" encoding="utf-8"?>
<Screenshot xmlns:xsd="http://www.w3.org/2001/XMLSchema" xmlns:xsi="http://www.w3.org/2001/XMLSchema-instance">
  <Cars />
  <MyCar>
    <Position>
      <X>-3113.474</X>
      <Y>1055.18579</Y>
      <Z>19.85159</Z>
    </Position>
    <Rotation>
      <X>1.13035691</X>
      <Y>0.237219289</Y>
      <Z>-11.74417</Z>
    </Rotation>
    <Handle>1538</Handle>
    <Bounds>
      <Vector3>
        <X>-3114.99463</X>
        <Y>1052.90466</Y>
        <Z>19.07756</Z>
      </Vector3>
      <Vector3>
        <X>-3112.99487</X>
        <Y>1052.48889</Y>
        <Z>19.0691013</Z>
      </Vector3>
      <Vector3>
        <X>-3113.95337</X>
        <Y>1057.91211</Y>
        <Z>19.1784744</Z>
      </Vector3>
      <Vector3>
        <X>-3114.99463</X>
        <Y>1052.87537</Y>
        <Z>20.5331631</Z>
      </Vector3>
      <Vector3>
        <X>-3111.95337</X>
        <Y>1057.49634</Y>
        <Z>19.1700172</Z>
      </Vector3>
      <Vector3>
        <X>-3112.99463</X>
        <Y>1052.45959</Y>
        <Z>20.524704</Z>
      </Vector3>
      <Vector3>
        <X>-3113.95313</X>
        <Y>1057.88281</Y>
        <Z>20.6340771</Z>
      </Vector3>
      <Vector3>
        <X>-3111.95337</X>
        <Y>1057.467</Y>
        <Z>20.62562</Z>
      </Vector3>
    </Bounds>
    <CenterCamPosition>
      <X>0</X>
      <Y>0</Y>
    </CenterCamPosition>
    <ScreenBounds />
    <DistanceToCam>0</DistanceToCam>
    <Speed>15.2025375</Speed>
    <AccInput>0.226143837</AccInput>
    <RPM>0.6065975</RPM>
    <Gear>2</Gear>
    <SteeringAngle>0.36038807</SteeringAngle>
    <WheelSpeed>0</WheelSpeed>
    <CarType>Sports</CarType>
  </MyCar>
  <Peds />
  <Time>107498</Time>
  <LastFrameTime>0.01979178</LastFrameTime>
  <MyProperty>0</MyProperty>
  <Weather>ExtraSunny</Weather>
  <Steering>127</Steering>
  <Acc>155</Acc>
  <Brake>127</Brake>
  <DayTime>06:55:58</DayTime>
  <Position>
    <X>-3113.292</X>
    <Y>1056.04785</Y>
    <Z>20.769928</Z>
  </Position>
  <Rotation>
    <X>0.6383759</X>
    <Y>0.7545813</Y>
    <Z>-11.7750273</Z>
  </Rotation>
</Screenshot>