<?xml version="1.0" encoding="utf-8"?>
<Screenshot xmlns:xsd="http://www.w3.org/2001/XMLSchema" xmlns:xsi="http://www.w3.org/2001/XMLSchema-instance">
  <Cars />
  <MyCar>
    <Position>
      <X>-3113.62183</X>
      <Y>1054.49841</Y>
      <Z>19.83901</Z>
    </Position>
    <Rotation>
      <X>1.14244306</X>
      <Y>0.2828953</Y>
      <Z>-11.8273325</Z>
    </Rotation>
    <Handle>1538</Handle>
    <Bounds>
      <Vector3>
        <X>-3115.14624</X>
        <Y>1052.21973</Y>
        <Z>19.0652618</Z>
      </Vector3>
      <Vector3>
        <X>-3113.147</X>
        <Y>1051.80115</Y>
        <Z>19.0551758</Z>
      </Vector3>
      <Vector3>
        <X>-3114.09741</X>
        <Y>1057.22571</Y>
        <Z>19.1672554</Z>
      </Vector3>
      <Vector3>
        <X>-3115.14526</X>
        <Y>1052.19</Y>
        <Z>20.520853</Z>
      </Vector3>
      <Vector3>
        <X>-3112.09814</X>
        <Y>1056.807</Y>
        <Z>19.15717</Z>
      </Vector3>
      <Vector3>
        <X>-3113.146</X>
        <Y>1051.77124</Y>
        <Z>20.510767</Z>
      </Vector3>
      <Vector3>
        <X>-3114.09644</X>
        <Y>1057.1958</Y>
        <Z>20.6228466</Z>
      </Vector3>
      <Vector3>
        <X>-3112.09717</X>
        <Y>1056.7771</Y>
        <Z>20.61276</Z>
      </Vector3>
    </Bounds>
    <CenterCamPosition>
      <X>0</X>
      <Y>0</Y>
    </CenterCamPosition>
    <ScreenBounds />
    <DistanceToCam>0</DistanceToCam>
    <Speed>15.1654367</Speed>
    <AccInput>0.226143837</AccInput>
    <RPM>0.6052114</RPM>
    <Gear>2</Gear>
    <SteeringAngle>0.527362347</SteeringAngle>
    <WheelSpeed>0</WheelSpeed>
    <CarType>Sports</CarType>
  </MyCar>
  <Peds />
  <Time>107452</Time>
  <LastFrameTime>0.02302049</LastFrameTime>
  <MyProperty>0</MyProperty>
  <Weather>ExtraSunny</Weather>
  <Steering>127</Steering>
  <Acc>155</Acc>
  <Brake>127</Brake>
  <DayTime>06:55:56</DayTime>
  <Position>
    <X>-3113.44775</X>
    <Y>1055.31311</Y>
    <Z>20.75598</Z>
  </Position>
  <Rotation>
    <X>0.631479263</X>
    <Y>0.785495937</Y>
    <Z>-11.8873</Z>
  </Rotation>
</Screenshot>