<?xml version="1.0" encoding="utf-8"?>
<Screenshot xmlns:xsd="http://www.w3.org/2001/XMLSchema" xmlns:xsi="http://www.w3.org/2001/XMLSchema-instance">
  <Cars />
  <MyCar>
    <Position>
      <X>-3113.537</X>
      <Y>1054.89172</Y>
      <Z>19.8462734</Z>
    </Position>
    <Rotation>
      <X>1.13837588</X>
      <Y>0.254581332</Y>
      <Z>-11.7750273</Z>
    </Rotation>
    <Handle>1538</Handle>
    <Bounds>
      <Vector3>
        <X>-3115.059</X>
        <Y>1052.61157</Y>
        <Z>19.0721989</Z>
      </Vector3>
      <Vector3>
        <X>-3113.05933</X>
        <Y>1052.1947</Y>
        <Z>19.0631218</Z>
      </Vector3>
      <Vector3>
        <X>-3114.015</X>
        <Y>1057.61841</Y>
        <Z>19.17383</Z>
      </Vector3>
      <Vector3>
        <X>-3115.05859</X>
        <Y>1052.58191</Y>
        <Z>20.5277958</Z>
      </Vector3>
      <Vector3>
        <X>-3112.01514</X>
        <Y>1057.20154</Y>
        <Z>19.164753</Z>
      </Vector3>
      <Vector3>
        <X>-3113.059</X>
        <Y>1052.165</Y>
        <Z>20.5187187</Z>
      </Vector3>
      <Vector3>
        <X>-3114.01465</X>
        <Y>1057.58875</Y>
        <Z>20.629427</Z>
      </Vector3>
      <Vector3>
        <X>-3112.015</X>
        <Y>1057.172</Y>
        <Z>20.62035</Z>
      </Vector3>
    </Bounds>
    <CenterCamPosition>
      <X>0</X>
      <Y>0</Y>
    </CenterCamPosition>
    <ScreenBounds />
    <DistanceToCam>0</DistanceToCam>
    <Speed>15.1865072</Speed>
    <AccInput>0.226143837</AccInput>
    <RPM>0.6062183</RPM>
    <Gear>2</Gear>
    <SteeringAngle>0.422903419</SteeringAngle>
    <WheelSpeed>0</WheelSpeed>
    <CarType>Sports</CarType>
  </MyCar>
  <Peds />
  <Time>107479</Time>
  <LastFrameTime>0.02650768</LastFrameTime>
  <MyProperty>0</MyProperty>
  <Weather>ExtraSunny</Weather>
  <Steering>127</Steering>
  <Acc>155</Acc>
  <Brake>127</Brake>
  <DayTime>06:55:57</DayTime>
  <Position>
    <X>-3113.37524</X>
    <Y>1055.65417</Y>
    <Z>20.7627468</Z>
  </Position>
  <Rotation>
    <X>0.642443</X>
    <Y>0.7828952</Y>
    <Z>-11.8273315</Z>
  </Rotation>
</Screenshot>