<?xml version="1.0" encoding="utf-8"?>
<Screenshot xmlns:xsd="http://www.w3.org/2001/XMLSchema" xmlns:xsi="http://www.w3.org/2001/XMLSchema-instance">
  <Cars />
  <MyCar>
    <Position>
      <X>-3113.78955</X>
      <Y>1053.72778</Y>
      <Z>19.8244019</Z>
    </Position>
    <Rotation>
      <X>1.12418413</X>
      <Y>0.3027292</Y>
      <Z>-11.985013</Z>
    </Rotation>
    <Handle>1538</Handle>
    <Bounds>
      <Vector3>
        <X>-3115.32056</X>
        <Y>1051.45313</Y>
        <Z>19.0518188</Z>
      </Vector3>
      <Vector3>
        <X>-3113.32251</X>
        <Y>1051.02893</Y>
        <Z>19.0410252</Z>
      </Vector3>
      <Vector3>
        <X>-3114.258</X>
        <Y>1056.45618</Y>
        <Z>19.1521816</Z>
      </Vector3>
      <Vector3>
        <X>-3115.319</X>
        <Y>1051.42358</Y>
        <Z>20.5074158</Z>
      </Vector3>
      <Vector3>
        <X>-3112.25977</X>
        <Y>1056.032</Y>
        <Z>19.14139</Z>
      </Vector3>
      <Vector3>
        <X>-3113.3208</X>
        <Y>1050.99951</Y>
        <Z>20.4966221</Z>
      </Vector3>
      <Vector3>
        <X>-3114.25635</X>
        <Y>1056.42664</Y>
        <Z>20.60778</Z>
      </Vector3>
      <Vector3>
        <X>-3112.2583</X>
        <Y>1056.00244</Y>
        <Z>20.5969868</Z>
      </Vector3>
    </Bounds>
    <CenterCamPosition>
      <X>0</X>
      <Y>0</Y>
    </CenterCamPosition>
    <ScreenBounds />
    <DistanceToCam>0</DistanceToCam>
    <Speed>15.1234312</Speed>
    <AccInput>0.226143837</AccInput>
    <RPM>0.6035378</RPM>
    <Gear>2</Gear>
    <SteeringAngle>0.813794434</SteeringAngle>
    <WheelSpeed>0</WheelSpeed>
    <CarType>Sports</CarType>
  </MyCar>
  <Peds />
  <Time>107400</Time>
  <LastFrameTime>0.02069197</LastFrameTime>
  <MyProperty>0</MyProperty>
  <Weather>ExtraSunny</Weather>
  <Steering>127</Steering>
  <Acc>155</Acc>
  <Brake>127</Brake>
  <DayTime>06:55:55</DayTime>
  <Position>
    <X>-3113.60474</X>
    <Y>1054.57727</Y>
    <Z>20.7419167</Z>
  </Position>
  <Rotation>
    <X>0.619062662</X>
    <Y>0.8135262</Y>
    <Z>-12.0720339</Z>
  </Rotation>
</Screenshot>