<?xml version="1.0" encoding="utf-8"?>
<Screenshot xmlns:xsd="http://www.w3.org/2001/XMLSchema" xmlns:xsi="http://www.w3.org/2001/XMLSchema-instance">
  <Cars />
  <MyCar>
    <Position>
      <X>-3113.31323</X>
      <Y>1055.944</Y>
      <Z>19.8645687</Z>
    </Position>
    <Rotation>
      <X>1.06190133</X>
      <Y>0.1896164</Y>
      <Z>-11.69369</Z>
    </Rotation>
    <Handle>1538</Handle>
    <Bounds>
      <Vector3>
        <X>-3114.8313</X>
        <Y>1053.6604</Y>
        <Z>19.0927277</Z>
      </Vector3>
      <Vector3>
        <X>-3112.831</X>
        <Y>1053.24646</Y>
        <Z>19.0859661</Z>
      </Vector3>
      <Vector3>
        <X>-3113.79443</X>
        <Y>1058.669</Y>
        <Z>19.1875324</Z>
      </Vector3>
      <Vector3>
        <X>-3114.832</X>
        <Y>1053.633</Y>
        <Z>20.5483665</Z>
      </Vector3>
      <Vector3>
        <X>-3111.79419</X>
        <Y>1058.255</Y>
        <Z>19.18077</Z>
      </Vector3>
      <Vector3>
        <X>-3112.83179</X>
        <Y>1053.219</Y>
        <Z>20.5416069</Z>
      </Vector3>
      <Vector3>
        <X>-3113.79517</X>
        <Y>1058.6416</Y>
        <Z>20.6431713</Z>
      </Vector3>
      <Vector3>
        <X>-3111.795</X>
        <Y>1058.22754</Y>
        <Z>20.6364117</Z>
      </Vector3>
    </Bounds>
    <CenterCamPosition>
      <X>0</X>
      <Y>0</Y>
    </CenterCamPosition>
    <ScreenBounds />
    <DistanceToCam>0</DistanceToCam>
    <Speed>15.2432327</Speed>
    <AccInput>0.226143837</AccInput>
    <RPM>0.607786357</RPM>
    <Gear>2</Gear>
    <SteeringAngle>0.236069262</SteeringAngle>
    <WheelSpeed>0</WheelSpeed>
    <CarType>Sports</CarType>
  </MyCar>
  <Peds />
  <Time>107549</Time>
  <LastFrameTime>0.0210357867</LastFrameTime>
  <MyProperty>0</MyProperty>
  <Weather>ExtraSunny</Weather>
  <Steering>127</Steering>
  <Acc>155</Acc>
  <Brake>127</Brake>
  <DayTime>06:55:59</DayTime>
  <Position>
    <X>-3113.13623</X>
    <Y>1056.7876</Y>
    <Z>20.78208</Z>
  </Position>
  <Rotation>
    <X>0.596460342</X>
    <Y>0.709130645</Y>
    <Z>-11.7109184</Z>
  </Rotation>
</Screenshot>