<?xml version="1.0" encoding="utf-8"?>
<Screenshot xmlns:xsd="http://www.w3.org/2001/XMLSchema" xmlns:xsi="http://www.w3.org/2001/XMLSchema-instance">
  <Cars />
  <MyCar>
    <Position>
      <X>-3113.22021</X>
      <Y>1056.38672</Y>
      <Z>19.8718948</Z>
    </Position>
    <Rotation>
      <X>1.00228941</X>
      <Y>0.163225815</Y>
      <Z>-11.6772976</Z>
    </Rotation>
    <Handle>1538</Handle>
    <Bounds>
      <Vector3>
        <X>-3114.73755</X>
        <Y>1054.10193</Y>
        <Z>19.1022282</Z>
      </Vector3>
      <Vector3>
        <X>-3112.737</X>
        <Y>1053.68848</Y>
        <Z>19.0964088</Z>
      </Vector3>
      <Vector3>
        <X>-3113.702</X>
        <Y>1059.11084</Y>
        <Z>19.1917114</Z>
      </Vector3>
      <Vector3>
        <X>-3114.73853</X>
        <Y>1054.07617</Y>
        <Z>20.5578976</Z>
      </Vector3>
      <Vector3>
        <X>-3111.70166</X>
        <Y>1058.69739</Y>
        <Z>19.1858921</Z>
      </Vector3>
      <Vector3>
        <X>-3112.738</X>
        <Y>1053.66272</Y>
        <Z>20.5520782</Z>
      </Vector3>
      <Vector3>
        <X>-3113.70313</X>
        <Y>1059.08508</Y>
        <Z>20.6473827</Z>
      </Vector3>
      <Vector3>
        <X>-3111.70264</X>
        <Y>1058.67163</Y>
        <Z>20.6415615</Z>
      </Vector3>
    </Bounds>
    <CenterCamPosition>
      <X>0</X>
      <Y>0</Y>
    </CenterCamPosition>
    <ScreenBounds />
    <DistanceToCam>0</DistanceToCam>
    <Speed>15.2666407</Speed>
    <AccInput>0.226143837</AccInput>
    <RPM>0.608333945</RPM>
    <Gear>2</Gear>
    <SteeringAngle>0.18385452</SteeringAngle>
    <WheelSpeed>0</WheelSpeed>
    <CarType>Sports</CarType>
  </MyCar>
  <Peds />
  <Time>107579</Time>
  <LastFrameTime>0.0296513643</LastFrameTime>
  <MyProperty>0</MyProperty>
  <Weather>ExtraSunny</Weather>
  <Steering>127</Steering>
  <Acc>155</Acc>
  <Brake>127</Brake>
  <DayTime>06:56:00</DayTime>
  <Position>
    <X>-3113.07056</X>
    <Y>1057.10193</Y>
    <Z>20.7866478</Z>
  </Position>
  <Rotation>
    <X>0.5619013</X>
    <Y>0.6896163</Y>
    <Z>-11.6936893</Z>
  </Rotation>
</Screenshot>