<?xml version="1.0" encoding="utf-8"?>
<Screenshot xmlns:xsd="http://www.w3.org/2001/XMLSchema" xmlns:xsi="http://www.w3.org/2001/XMLSchema-instance">
  <Cars />
  <MyCar>
    <Position>
      <X>-3113.37964</X>
      <Y>1055.63037</Y>
      <Z>19.8592873</Z>
    </Position>
    <Rotation>
      <X>1.09646034</X>
      <Y>0.2091307</Y>
      <Z>-11.7109194</Z>
    </Rotation>
    <Handle>1538</Handle>
    <Bounds>
      <Vector3>
        <X>-3114.89868</X>
        <Y>1053.34778</Y>
        <Z>19.08626</Z>
      </Vector3>
      <Vector3>
        <X>-3112.89844</X>
        <Y>1052.93323</Y>
        <Z>19.078804</Z>
      </Vector3>
      <Vector3>
        <X>-3113.86</X>
        <Y>1058.356</Y>
        <Z>19.18415</Z>
      </Vector3>
      <Vector3>
        <X>-3114.89917</X>
        <Y>1053.31946</Y>
        <Z>20.5418816</Z>
      </Vector3>
      <Vector3>
        <X>-3111.85986</X>
        <Y>1057.94128</Y>
        <Z>19.176693</Z>
      </Vector3>
      <Vector3>
        <X>-3112.899</X>
        <Y>1052.90491</Y>
        <Z>20.5344257</Z>
      </Vector3>
      <Vector3>
        <X>-3113.8606</X>
        <Y>1058.32764</Y>
        <Z>20.6397724</Z>
      </Vector3>
      <Vector3>
        <X>-3111.86035</X>
        <Y>1057.913</Y>
        <Z>20.6323166</Z>
      </Vector3>
    </Bounds>
    <CenterCamPosition>
      <X>0</X>
      <Y>0</Y>
    </CenterCamPosition>
    <ScreenBounds />
    <DistanceToCam>0</DistanceToCam>
    <Speed>15.2264891</Speed>
    <AccInput>0.226143837</AccInput>
    <RPM>0.6073035</RPM>
    <Gear>2</Gear>
    <SteeringAngle>0.2800264</SteeringAngle>
    <WheelSpeed>0</WheelSpeed>
    <CarType>Sports</CarType>
  </MyCar>
  <Peds />
  <Time>107528</Time>
  <LastFrameTime>0.0298657846</LastFrameTime>
  <MyProperty>0</MyProperty>
  <Weather>ExtraSunny</Weather>
  <Steering>127</Steering>
  <Acc>155</Acc>
  <Brake>127</Brake>
  <DayTime>06:55:59</DayTime>
  <Position>
    <X>-3113.22974</X>
    <Y>1056.34229</Y>
    <Z>20.77508</Z>
  </Position>
  <Rotation>
    <X>0.6303569</X>
    <Y>0.7372193</Y>
    <Z>-11.7441711</Z>
  </Rotation>
</Screenshot>