<?xml version="1.0" encoding="utf-8"?>
<Screenshot xmlns:xsd="http://www.w3.org/2001/XMLSchema" xmlns:xsi="http://www.w3.org/2001/XMLSchema-instance">
  <Cars />
  <MyCar>
    <Position>
      <X>-3113.16016</X>
      <Y>1056.67346</Y>
      <Z>19.8766537</Z>
    </Position>
    <Rotation>
      <X>0.964422464</X>
      <Y>0.149629936</Y>
      <Z>-11.6695366</Z>
    </Rotation>
    <Handle>1538</Handle>
    <Bounds>
      <Vector3>
        <X>-3114.677</X>
        <Y>1054.388</Y>
        <Z>19.108427</Z>
      </Vector3>
      <Vector3>
        <X>-3112.67651</X>
        <Y>1053.97473</Y>
        <Z>19.1030922</Z>
      </Vector3>
      <Vector3>
        <X>-3113.64233</X>
        <Y>1059.397</Y>
        <Z>19.19453</Z>
      </Vector3>
      <Vector3>
        <X>-3114.67822</X>
        <Y>1054.36316</Y>
        <Z>20.5641136</Z>
      </Vector3>
      <Vector3>
        <X>-3111.64185</X>
        <Y>1058.98389</Y>
        <Z>19.1891956</Z>
      </Vector3>
      <Vector3>
        <X>-3112.67773</X>
        <Y>1053.95</Y>
        <Z>20.5587788</Z>
      </Vector3>
      <Vector3>
        <X>-3113.64355</X>
        <Y>1059.37231</Y>
        <Z>20.6502171</Z>
      </Vector3>
      <Vector3>
        <X>-3111.643</X>
        <Y>1058.95911</Y>
        <Z>20.6448822</Z>
      </Vector3>
    </Bounds>
    <CenterCamPosition>
      <X>0</X>
      <Y>0</Y>
    </CenterCamPosition>
    <ScreenBounds />
    <DistanceToCam>0</DistanceToCam>
    <Speed>15.2817688</Speed>
    <AccInput>0.226143837</AccInput>
    <RPM>0.608946443</RPM>
    <Gear>2</Gear>
    <SteeringAngle>0.157559216</SteeringAngle>
    <WheelSpeed>0</WheelSpeed>
    <CarType>Sports</CarType>
  </MyCar>
  <Peds />
  <Time>107598</Time>
  <LastFrameTime>0.0191832744</LastFrameTime>
  <MyProperty>0</MyProperty>
  <Weather>ExtraSunny</Weather>
  <Steering>127</Steering>
  <Acc>155</Acc>
  <Brake>127</Brake>
  <DayTime>06:56:01</DayTime>
  <Position>
    <X>-3112.978</X>
    <Y>1057.54578</Y>
    <Z>20.7927437</Z>
  </Position>
  <Rotation>
    <X>0.5022893</X>
    <Y>0.6632257</Y>
    <Z>-11.6772985</Z>
  </Rotation>
</Screenshot>