<?xml version="1.0" encoding="utf-8"?>
<Screenshot xmlns:xsd="http://www.w3.org/2001/XMLSchema" xmlns:xsi="http://www.w3.org/2001/XMLSchema-instance">
  <Cars />
  <MyCar>
    <Position>
      <X>-3112.91113</X>
      <Y>1057.86853</Y>
      <Z>19.8964672</Z>
    </Position>
    <Rotation>
      <X>0.7953517</X>
      <Y>0.098607026</Y>
      <Z>-11.6468458</Z>
    </Rotation>
    <Handle>1538</Handle>
    <Bounds>
      <Vector3>
        <X>-3114.427</X>
        <Y>1055.58008</Y>
        <Z>19.1348419</Z>
      </Vector3>
      <Vector3>
        <X>-3112.42627</X>
        <Y>1055.1676</Y>
        <Z>19.1313267</Z>
      </Vector3>
      <Vector3>
        <X>-3113.394</X>
        <Y>1060.58984</Y>
        <Z>19.2058525</Z>
      </Vector3>
      <Vector3>
        <X>-3114.42847</X>
        <Y>1055.55969</Y>
        <Z>20.5906</Z>
      </Vector3>
      <Vector3>
        <X>-3111.39355</X>
        <Y>1060.17737</Y>
        <Z>19.2023373</Z>
      </Vector3>
      <Vector3>
        <X>-3112.428</X>
        <Y>1055.14734</Y>
        <Z>20.5870838</Z>
      </Vector3>
      <Vector3>
        <X>-3113.39575</X>
        <Y>1060.56946</Y>
        <Z>20.6616077</Z>
      </Vector3>
      <Vector3>
        <X>-3111.395</X>
        <Y>1060.1571</Y>
        <Z>20.6580925</Z>
      </Vector3>
    </Bounds>
    <CenterCamPosition>
      <X>0</X>
      <Y>0</Y>
    </CenterCamPosition>
    <ScreenBounds />
    <DistanceToCam>0</DistanceToCam>
    <Speed>15.3437109</Speed>
    <AccInput>0.226143837</AccInput>
    <RPM>0.6112158</RPM>
    <Gear>2</Gear>
    <SteeringAngle>0.0810572058</SteeringAngle>
    <WheelSpeed>0</WheelSpeed>
    <CarType>Sports</CarType>
  </MyCar>
  <Peds />
  <Time>107678</Time>
  <LastFrameTime>0.0299610477</LastFrameTime>
  <MyProperty>0</MyProperty>
  <Weather>ExtraSunny</Weather>
  <Steering>127</Steering>
  <Acc>155</Acc>
  <Brake>127</Brake>
  <DayTime>06:56:03</DayTime>
  <Position>
    <X>-3112.76318</X>
    <Y>1058.58032</Y>
    <Z>20.8068829</Z>
  </Position>
  <Rotation>
    <X>0.3546108</X>
    <Y>0.623138</Y>
    <Z>-11.6561232</Z>
  </Rotation>
</Screenshot>