<?xml version="1.0" encoding="utf-8"?>
<Screenshot xmlns:xsd="http://www.w3.org/2001/XMLSchema" xmlns:xsi="http://www.w3.org/2001/XMLSchema-instance">
  <Cars />
  <MyCar>
    <Position>
      <X>-3113.06641</X>
      <Y>1057.12329</Y>
      <Z>19.884079</Z>
    </Position>
    <Rotation>
      <X>0.8998748</X>
      <Y>0.125344738</Y>
      <Z>-11.661561</Z>
    </Rotation>
    <Handle>1538</Handle>
    <Bounds>
      <Vector3>
        <X>-3114.58276</X>
        <Y>1054.83667</Y>
        <Z>19.1182861</Z>
      </Vector3>
      <Vector3>
        <X>-3112.58228</X>
        <Y>1054.42371</Y>
        <Z>19.1138172</Z>
      </Vector3>
      <Vector3>
        <X>-3113.54883</X>
        <Y>1059.846</Y>
        <Z>19.1986275</Z>
      </Vector3>
      <Vector3>
        <X>-3114.58423</X>
        <Y>1054.8136</Y>
        <Z>20.5740013</Z>
      </Vector3>
      <Vector3>
        <X>-3111.548</X>
        <Y>1059.43311</Y>
        <Z>19.1941586</Z>
      </Vector3>
      <Vector3>
        <X>-3112.58374</X>
        <Y>1054.40063</Y>
        <Z>20.5695324</Z>
      </Vector3>
      <Vector3>
        <X>-3113.55029</X>
        <Y>1059.82288</Y>
        <Z>20.6543427</Z>
      </Vector3>
      <Vector3>
        <X>-3111.5498</X>
        <Y>1059.41</Y>
        <Z>20.6498737</Z>
      </Vector3>
    </Bounds>
    <CenterCamPosition>
      <X>0</X>
      <Y>0</Y>
    </CenterCamPosition>
    <ScreenBounds />
    <DistanceToCam>0</DistanceToCam>
    <Speed>15.3053513</Speed>
    <AccInput>0.226143837</AccInput>
    <RPM>0.6097296</RPM>
    <Gear>2</Gear>
    <SteeringAngle>0.122282051</SteeringAngle>
    <WheelSpeed>0</WheelSpeed>
    <CarType>Sports</CarType>
  </MyCar>
  <Peds />
  <Time>107628</Time>
  <LastFrameTime>0.030041106</LastFrameTime>
  <MyProperty>0</MyProperty>
  <Weather>ExtraSunny</Weather>
  <Steering>127</Steering>
  <Acc>155</Acc>
  <Brake>127</Brake>
  <DayTime>06:56:02</DayTime>
  <Position>
    <X>-3112.91821</X>
    <Y>1057.83313</Y>
    <Z>20.79672</Z>
  </Position>
  <Rotation>
    <X>0.464422375</X>
    <Y>0.649629951</Y>
    <Z>-11.6695356</Z>
  </Rotation>
</Screenshot>