<?xml version="1.0" encoding="utf-8"?>
<Screenshot xmlns:xsd="http://www.w3.org/2001/XMLSchema" xmlns:xsi="http://www.w3.org/2001/XMLSchema-instance">
  <Cars />
  <MyCar>
    <Position>
      <X>-3113.005</X>
      <Y>1057.4187</Y>
      <Z>19.8890877</Z>
    </Position>
    <Rotation>
      <X>0.8546109</X>
      <Y>0.12313807</Y>
      <Z>-11.6561232</Z>
    </Rotation>
    <Handle>1538</Handle>
    <Bounds>
      <Vector3>
        <X>-3114.52124</X>
        <Y>1055.13123</Y>
        <Z>19.125267</Z>
      </Vector3>
      <Vector3>
        <X>-3112.52051</X>
        <Y>1054.71863</Y>
        <Z>19.1208763</Z>
      </Vector3>
      <Vector3>
        <X>-3113.48755</X>
        <Y>1060.14075</Y>
        <Z>19.2015667</Z>
      </Vector3>
      <Vector3>
        <X>-3114.52246</X>
        <Y>1055.10938</Y>
        <Z>20.581</Z>
      </Vector3>
      <Vector3>
        <X>-3111.487</X>
        <Y>1059.72815</Y>
        <Z>19.197176</Z>
      </Vector3>
      <Vector3>
        <X>-3112.522</X>
        <Y>1054.69666</Y>
        <Z>20.57661</Z>
      </Vector3>
      <Vector3>
        <X>-3113.489</X>
        <Y>1060.1189</Y>
        <Z>20.657299</Z>
      </Vector3>
      <Vector3>
        <X>-3111.48828</X>
        <Y>1059.70618</Y>
        <Z>20.65291</Z>
      </Vector3>
    </Bounds>
    <CenterCamPosition>
      <X>0</X>
      <Y>0</Y>
    </CenterCamPosition>
    <ScreenBounds />
    <DistanceToCam>0</DistanceToCam>
    <Speed>15.3212366</Speed>
    <AccInput>0.226143837</AccInput>
    <RPM>0.6103773</RPM>
    <Gear>2</Gear>
    <SteeringAngle>0.1043347</SteeringAngle>
    <WheelSpeed>0</WheelSpeed>
    <CarType>Sports</CarType>
  </MyCar>
  <Peds />
  <Time>107648</Time>
  <LastFrameTime>0.0197030324</LastFrameTime>
  <MyProperty>0</MyProperty>
  <Weather>ExtraSunny</Weather>
  <Steering>127</Steering>
  <Acc>155</Acc>
  <Brake>127</Brake>
  <DayTime>06:56:02</DayTime>
  <Position>
    <X>-3112.82471</X>
    <Y>1058.28418</Y>
    <Z>20.8028126</Z>
  </Position>
  <Rotation>
    <X>0.3998748</X>
    <Y>0.625344634</Y>
    <Z>-11.66156</Z>
  </Rotation>
</Screenshot>