<?xml version="1.0" encoding="utf-8"?>
<Screenshot xmlns:xsd="http://www.w3.org/2001/XMLSchema" xmlns:xsi="http://www.w3.org/2001/XMLSchema-instance">
  <Cars />
  <MyCar>
    <Position>
      <X>-3112.82227</X>
      <Y>1058.29785</Y>
      <Z>19.9030228</Z>
    </Position>
    <Rotation>
      <X>0.76798445</X>
      <Y>0.06642225</Y>
      <Z>-11.6409912</Z>
    </Rotation>
    <Handle>1538</Handle>
    <Bounds>
      <Vector3>
        <X>-3114.3374</X>
        <Y>1056.00879</Y>
        <Z>19.14204</Z>
      </Vector3>
      <Vector3>
        <X>-3112.33667</X>
        <Y>1055.59656</Y>
        <Z>19.1396732</Z>
      </Vector3>
      <Vector3>
        <X>-3113.30518</X>
        <Y>1061.01868</Y>
        <Z>19.2106075</Z>
      </Vector3>
      <Vector3>
        <X>-3114.33984</X>
        <Y>1055.98926</Y>
        <Z>20.5978069</Z>
      </Vector3>
      <Vector3>
        <X>-3111.30444</X>
        <Y>1060.60645</Y>
        <Z>19.2082386</Z>
      </Vector3>
      <Vector3>
        <X>-3112.339</X>
        <Y>1055.57715</Y>
        <Z>20.59544</Z>
      </Vector3>
      <Vector3>
        <X>-3113.30762</X>
        <Y>1060.99915</Y>
        <Z>20.6663742</Z>
      </Vector3>
      <Vector3>
        <X>-3111.307</X>
        <Y>1060.587</Y>
        <Z>20.6640053</Z>
      </Vector3>
    </Bounds>
    <CenterCamPosition>
      <X>0</X>
      <Y>0</Y>
    </CenterCamPosition>
    <ScreenBounds />
    <DistanceToCam>0</DistanceToCam>
    <Speed>15.36728</Speed>
    <AccInput>0.226143837</AccInput>
    <RPM>0.612044752</RPM>
    <Gear>2</Gear>
    <SteeringAngle>0.06383557</SteeringAngle>
    <WheelSpeed>0</WheelSpeed>
    <CarType>Sports</CarType>
  </MyCar>
  <Peds />
  <Time>107706</Time>
  <LastFrameTime>0.0285463743</LastFrameTime>
  <MyProperty>0</MyProperty>
  <Weather>ExtraSunny</Weather>
  <Steering>127</Steering>
  <Acc>155</Acc>
  <Brake>127</Brake>
  <DayTime>06:56:04</DayTime>
  <Position>
    <X>-3112.67</X>
    <Y>1059.03113</Y>
    <Z>20.813036</Z>
  </Position>
  <Rotation>
    <X>0.295351654</X>
    <Y>0.598607</Y>
    <Z>-11.6468439</Z>
  </Rotation>
</Screenshot>