<?xml version="1.0" encoding="utf-8"?>
<Screenshot xmlns:xsd="http://www.w3.org/2001/XMLSchema" xmlns:xsi="http://www.w3.org/2001/XMLSchema-instance">
  <Cars />
  <MyCar>
    <Position>
      <X>-3112.59375</X>
      <Y>1059.40454</Y>
      <Z>19.9186668</Z>
    </Position>
    <Rotation>
      <X>0.771446168</X>
      <Y>0.0213151257</Y>
      <Z>-11.6337423</Z>
    </Rotation>
    <Handle>1538</Handle>
    <Bounds>
      <Vector3>
        <X>-3114.10815</X>
        <Y>1057.11511</Y>
        <Z>19.1567268</Z>
      </Vector3>
      <Vector3>
        <X>-3112.10718</X>
        <Y>1056.70325</Y>
        <Z>19.1559658</Z>
      </Vector3>
      <Vector3>
        <X>-3113.07642</X>
        <Y>1062.12524</Y>
        <Z>19.2256031</Z>
      </Vector3>
      <Vector3>
        <X>-3114.11157</X>
        <Y>1057.09583</Y>
        <Z>20.6124935</Z>
      </Vector3>
      <Vector3>
        <X>-3111.07568</X>
        <Y>1061.71326</Y>
        <Z>19.2248421</Z>
      </Vector3>
      <Vector3>
        <X>-3112.1106</X>
        <Y>1056.684</Y>
        <Z>20.6117325</Z>
      </Vector3>
      <Vector3>
        <X>-3113.07983</X>
        <Y>1062.106</Y>
        <Z>20.6813679</Z>
      </Vector3>
      <Vector3>
        <X>-3111.079</X>
        <Y>1061.694</Y>
        <Z>20.6806087</Z>
      </Vector3>
    </Bounds>
    <CenterCamPosition>
      <X>0</X>
      <Y>0</Y>
    </CenterCamPosition>
    <ScreenBounds />
    <DistanceToCam>0</DistanceToCam>
    <Speed>15.4295015</Speed>
    <AccInput>0.226143837</AccInput>
    <RPM>0.615565062</RPM>
    <Gear>2</Gear>
    <SteeringAngle>0.0349479429</SteeringAngle>
    <WheelSpeed>0</WheelSpeed>
    <CarType>Sports</CarType>
  </MyCar>
  <Peds />
  <Time>107780</Time>
  <LastFrameTime>0.0266541429</LastFrameTime>
  <MyProperty>0</MyProperty>
  <Weather>ExtraSunny</Weather>
  <Steering>127</Steering>
  <Acc>155</Acc>
  <Brake>127</Brake>
  <DayTime>06:56:06</DayTime>
  <Position>
    <X>-3112.43677</X>
    <Y>1060.16528</Y>
    <Z>20.8290024</Z>
  </Position>
  <Rotation>
    <X>0.264405638</X>
    <Y>0.5337718</Y>
    <Z>-11.635293</Z>
  </Rotation>
</Screenshot>