<?xml version="1.0" encoding="utf-8"?>
<Screenshot xmlns:xsd="http://www.w3.org/2001/XMLSchema" xmlns:xsi="http://www.w3.org/2001/XMLSchema-instance">
  <Cars />
  <MyCar>
    <Position>
      <X>-3112.752</X>
      <Y>1058.63806</Y>
      <Z>19.9079456</Z>
    </Position>
    <Rotation>
      <X>0.762408435</X>
      <Y>0.0489801168</Y>
      <Z>-11.6376648</Z>
    </Rotation>
    <Handle>1538</Handle>
    <Bounds>
      <Vector3>
        <X>-3114.26685</X>
        <Y>1056.34875</Y>
        <Z>19.1469</Z>
      </Vector3>
      <Vector3>
        <X>-3112.266</X>
        <Y>1055.93665</Y>
        <Z>19.145155</Z>
      </Vector3>
      <Vector3>
        <X>-3113.23486</X>
        <Y>1061.35876</Y>
        <Z>19.21497</Z>
      </Vector3>
      <Vector3>
        <X>-3114.26953</X>
        <Y>1056.32947</Y>
        <Z>20.6026688</Z>
      </Vector3>
      <Vector3>
        <X>-3111.23413</X>
        <Y>1060.94666</Y>
        <Z>19.2132225</Z>
      </Vector3>
      <Vector3>
        <X>-3112.2688</X>
        <Y>1055.91748</Y>
        <Z>20.6009235</Z>
      </Vector3>
      <Vector3>
        <X>-3113.23755</X>
        <Y>1061.33948</Y>
        <Z>20.6707382</Z>
      </Vector3>
      <Vector3>
        <X>-3111.23682</X>
        <Y>1060.92749</Y>
        <Z>20.668993</Z>
      </Vector3>
    </Bounds>
    <CenterCamPosition>
      <X>0</X>
      <Y>0</Y>
    </CenterCamPosition>
    <ScreenBounds />
    <DistanceToCam>0</DistanceToCam>
    <Speed>15.3863</Speed>
    <AccInput>0.226143837</AccInput>
    <RPM>0.6134562</RPM>
    <Gear>2</Gear>
    <SteeringAngle>0.0531075671</SteeringAngle>
    <WheelSpeed>0</WheelSpeed>
    <CarType>Sports</CarType>
  </MyCar>
  <Peds />
  <Time>107729</Time>
  <LastFrameTime>0.02259196</LastFrameTime>
  <MyProperty>0</MyProperty>
  <Weather>ExtraSunny</Weather>
  <Steering>127</Steering>
  <Acc>155</Acc>
  <Brake>127</Brake>
  <DayTime>06:56:05</DayTime>
  <Position>
    <X>-3112.58154</X>
    <Y>1059.461</Y>
    <Z>20.819025</Z>
  </Position>
  <Rotation>
    <X>0.26798445</X>
    <Y>0.5664223</Y>
    <Z>-11.6409883</Z>
  </Rotation>
</Screenshot>