<?xml version="1.0" encoding="utf-8"?>
<Screenshot xmlns:xsd="http://www.w3.org/2001/XMLSchema" xmlns:xsi="http://www.w3.org/2001/XMLSchema-instance">
  <Cars />
  <MyCar>
    <Position>
      <X>-3112.67676</X>
      <Y>1059.002</Y>
      <Z>19.9130726</Z>
    </Position>
    <Rotation>
      <X>0.7644056</X>
      <Y>0.0337719</Y>
      <Z>-11.635293</Z>
    </Rotation>
    <Handle>1538</Handle>
    <Bounds>
      <Vector3>
        <X>-3114.19141</X>
        <Y>1056.71252</Y>
        <Z>19.1516666</Z>
      </Vector3>
      <Vector3>
        <X>-3112.19043</X>
        <Y>1056.30054</Y>
        <Z>19.1504631</Z>
      </Vector3>
      <Vector3>
        <X>-3113.15967</X>
        <Y>1061.72253</Y>
        <Z>19.2199154</Z>
      </Vector3>
      <Vector3>
        <X>-3114.19434</X>
        <Y>1056.69336</Y>
        <Z>20.6074352</Z>
      </Vector3>
      <Vector3>
        <X>-3111.159</X>
        <Y>1061.31067</Y>
        <Z>19.21871</Z>
      </Vector3>
      <Vector3>
        <X>-3112.1936</X>
        <Y>1056.28137</Y>
        <Z>20.6062317</Z>
      </Vector3>
      <Vector3>
        <X>-3113.1626</X>
        <Y>1061.70337</Y>
        <Z>20.675684</Z>
      </Vector3>
      <Vector3>
        <X>-3111.16187</X>
        <Y>1061.29138</Y>
        <Z>20.6744785</Z>
      </Vector3>
    </Bounds>
    <CenterCamPosition>
      <X>0</X>
      <Y>0</Y>
    </CenterCamPosition>
    <ScreenBounds />
    <DistanceToCam>0</DistanceToCam>
    <Speed>15.4069567</Speed>
    <AccInput>0.226143837</AccInput>
    <RPM>0.614632368</RPM>
    <Gear>2</Gear>
    <SteeringAngle>0.0435813256</SteeringAngle>
    <WheelSpeed>0</WheelSpeed>
    <CarType>Sports</CarType>
  </MyCar>
  <Peds />
  <Time>107753</Time>
  <LastFrameTime>0.0241239276</LastFrameTime>
  <MyProperty>0</MyProperty>
  <Weather>ExtraSunny</Weather>
  <Steering>127</Steering>
  <Acc>155</Acc>
  <Brake>127</Brake>
  <DayTime>06:56:05</DayTime>
  <Position>
    <X>-3112.51147</X>
    <Y>1059.80139</Y>
    <Z>20.8238335</Z>
  </Position>
  <Rotation>
    <X>0.2624084</X>
    <Y>0.5489801</Y>
    <Z>-11.6376657</Z>
  </Rotation>
</Screenshot>