<?xml version="1.0" encoding="utf-8"?>
<Screenshot xmlns:xsd="http://www.w3.org/2001/XMLSchema" xmlns:xsi="http://www.w3.org/2001/XMLSchema-instance">
  <Cars />
  <MyCar>
    <Position>
      <X>-3112.28516</X>
      <Y>1060.90442</Y>
      <Z>19.9396362</Z>
    </Position>
    <Rotation>
      <X>0.7923078</X>
      <Y>-0.0180977061</Y>
      <Z>-11.6336422</Z>
    </Rotation>
    <Handle>1538</Handle>
    <Bounds>
      <Vector3>
        <X>-3113.79883</X>
        <Y>1058.61523</Y>
        <Z>19.1760654</Z>
      </Vector3>
      <Vector3>
        <X>-3111.798</X>
        <Y>1058.20325</Y>
        <Z>19.176712</Z>
      </Vector3>
      <Vector3>
        <X>-3112.76733</X>
        <Y>1063.62524</Y>
        <Z>19.2468033</Z>
      </Vector3>
      <Vector3>
        <X>-3113.80347</X>
        <Y>1058.59558</Y>
        <Z>20.6318245</Z>
      </Vector3>
      <Vector3>
        <X>-3110.7666</X>
        <Y>1063.21338</Y>
        <Z>19.24745</Z>
      </Vector3>
      <Vector3>
        <X>-3111.80273</X>
        <Y>1058.18372</Y>
        <Z>20.63247</Z>
      </Vector3>
      <Vector3>
        <X>-3112.772</X>
        <Y>1063.60559</Y>
        <Z>20.7025623</Z>
      </Vector3>
      <Vector3>
        <X>-3110.77124</X>
        <Y>1063.19373</Y>
        <Z>20.7032089</Z>
      </Vector3>
    </Bounds>
    <CenterCamPosition>
      <X>0</X>
      <Y>0</Y>
    </CenterCamPosition>
    <ScreenBounds />
    <DistanceToCam>0</DistanceToCam>
    <Speed>15.5111284</Speed>
    <AccInput>0.226143837</AccInput>
    <RPM>0.6188952</RPM>
    <Gear>2</Gear>
    <SteeringAngle>0.0154919447</SteeringAngle>
    <WheelSpeed>0</WheelSpeed>
    <CarType>Sports</CarType>
  </MyCar>
  <Peds />
  <Time>107879</Time>
  <LastFrameTime>0.0291216765</LastFrameTime>
  <MyProperty>0</MyProperty>
  <Weather>ExtraSunny</Weather>
  <Steering>127</Steering>
  <Acc>155</Acc>
  <Brake>127</Brake>
  <DayTime>06:56:09</DayTime>
  <Position>
    <X>-3112.13647</X>
    <Y>1061.62524</Y>
    <Z>20.8498573</Z>
  </Position>
  <Rotation>
    <X>0.287971228</X>
    <Y>0.496101469</Y>
    <Z>-11.6330471</Z>
  </Rotation>
</Screenshot>