<?xml version="1.0" encoding="utf-8"?>
<Screenshot xmlns:xsd="http://www.w3.org/2001/XMLSchema" xmlns:xsi="http://www.w3.org/2001/XMLSchema-instance">
  <Cars />
  <MyCar>
    <Position>
      <X>-3112.376</X>
      <Y>1060.46216</Y>
      <Z>19.93344</Z>
    </Position>
    <Rotation>
      <X>0.7879712</X>
      <Y>-0.00389853</Y>
      <Z>-11.6330462</Z>
    </Rotation>
    <Handle>1538</Handle>
    <Bounds>
      <Vector3>
        <X>-3113.89</X>
        <Y>1058.173</Y>
        <Z>19.1703148</Z>
      </Vector3>
      <Vector3>
        <X>-3111.88916</X>
        <Y>1057.761</Y>
        <Z>19.170454</Z>
      </Vector3>
      <Vector3>
        <X>-3112.8584</X>
        <Y>1063.183</Y>
        <Z>19.2406654</Z>
      </Vector3>
      <Vector3>
        <X>-3113.894</X>
        <Y>1058.15332</Y>
        <Z>20.6260757</Z>
      </Vector3>
      <Vector3>
        <X>-3110.85767</X>
        <Y>1062.77112</Y>
        <Z>19.2408047</Z>
      </Vector3>
      <Vector3>
        <X>-3111.89331</X>
        <Y>1057.74146</Y>
        <Z>20.626215</Z>
      </Vector3>
      <Vector3>
        <X>-3112.86255</X>
        <Y>1063.16333</Y>
        <Z>20.6964264</Z>
      </Vector3>
      <Vector3>
        <X>-3110.86182</X>
        <Y>1062.75146</Y>
        <Z>20.6965656</Z>
      </Vector3>
    </Bounds>
    <CenterCamPosition>
      <X>0</X>
      <Y>0</Y>
    </CenterCamPosition>
    <ScreenBounds />
    <DistanceToCam>0</DistanceToCam>
    <Speed>15.4874249</Speed>
    <AccInput>0.226143837</AccInput>
    <RPM>0.618139744</RPM>
    <Gear>2</Gear>
    <SteeringAngle>0.0197613146</SteeringAngle>
    <WheelSpeed>0</WheelSpeed>
    <CarType>Sports</CarType>
  </MyCar>
  <Peds />
  <Time>107850</Time>
  <LastFrameTime>0.0201421119</LastFrameTime>
  <MyProperty>0</MyProperty>
  <Weather>ExtraSunny</Weather>
  <Steering>127</Steering>
  <Acc>155</Acc>
  <Brake>127</Brake>
  <DayTime>06:56:08</DayTime>
  <Position>
    <X>-3112.19946</X>
    <Y>1061.32</Y>
    <Z>20.84548</Z>
  </Position>
  <Rotation>
    <X>0.283102453</X>
    <Y>0.5026709</Y>
    <Z>-11.6328993</Z>
  </Rotation>
</Screenshot>