<?xml version="1.0" encoding="utf-8"?>
<Screenshot xmlns:xsd="http://www.w3.org/2001/XMLSchema" xmlns:xsi="http://www.w3.org/2001/XMLSchema-instance">
  <Cars />
  <MyCar>
    <Position>
      <X>-3112.521</X>
      <Y>1059.75842</Y>
      <Z>19.9235859</Z>
    </Position>
    <Rotation>
      <X>0.7760811</X>
      <Y>0.01202009</Y>
      <Z>-11.63307</Z>
    </Rotation>
    <Handle>1538</Handle>
    <Bounds>
      <Vector3>
        <X>-3114.03516</X>
        <Y>1057.46912</Y>
        <Z>19.161274</Z>
      </Vector3>
      <Vector3>
        <X>-3112.03442</X>
        <Y>1057.05713</Y>
        <Z>19.1608448</Z>
      </Vector3>
      <Vector3>
        <X>-3113.00366</X>
        <Y>1062.47913</Y>
        <Z>19.2305641</Z>
      </Vector3>
      <Vector3>
        <X>-3114.03882</X>
        <Y>1057.44971</Y>
        <Z>20.6170387</Z>
      </Vector3>
      <Vector3>
        <X>-3111.003</X>
        <Y>1062.06726</Y>
        <Z>19.230135</Z>
      </Vector3>
      <Vector3>
        <X>-3112.038</X>
        <Y>1057.03784</Y>
        <Z>20.61661</Z>
      </Vector3>
      <Vector3>
        <X>-3113.00732</X>
        <Y>1062.45972</Y>
        <Z>20.6863289</Z>
      </Vector3>
      <Vector3>
        <X>-3111.00659</X>
        <Y>1062.04785</Y>
        <Z>20.6859</Z>
      </Vector3>
    </Bounds>
    <CenterCamPosition>
      <X>0</X>
      <Y>0</Y>
    </CenterCamPosition>
    <ScreenBounds />
    <DistanceToCam>0</DistanceToCam>
    <Speed>15.4491014</Speed>
    <AccInput>0.226143837</AccInput>
    <RPM>0.616527855</RPM>
    <Gear>2</Gear>
    <SteeringAngle>0.028872801</SteeringAngle>
    <WheelSpeed>0</WheelSpeed>
    <CarType>Sports</CarType>
  </MyCar>
  <Peds />
  <Time>107803</Time>
  <LastFrameTime>0.02340123</LastFrameTime>
  <MyProperty>0</MyProperty>
  <Weather>ExtraSunny</Weather>
  <Steering>127</Steering>
  <Acc>155</Acc>
  <Brake>127</Brake>
  <DayTime>06:56:07</DayTime>
  <Position>
    <X>-3112.354</X>
    <Y>1060.56787</Y>
    <Z>20.8347416</Z>
  </Position>
  <Rotation>
    <X>0.2714462</X>
    <Y>0.521315038</Y>
    <Z>-11.6337414</Z>
  </Rotation>
</Screenshot>