<?xml version="1.0" encoding="utf-8"?>
<Screenshot xmlns:xsd="http://www.w3.org/2001/XMLSchema" xmlns:xsi="http://www.w3.org/2001/XMLSchema-instance">
  <Cars />
  <MyCar>
    <Position>
      <X>-3112.439</X>
      <Y>1060.15674</Y>
      <Z>19.929163</Z>
    </Position>
    <Rotation>
      <X>0.783102453</X>
      <Y>0.002670897</Y>
      <Z>-11.6329</Z>
    </Rotation>
    <Handle>1538</Handle>
    <Bounds>
      <Vector3>
        <X>-3113.953</X>
        <Y>1057.86743</Y>
        <Z>19.1663723</Z>
      </Vector3>
      <Vector3>
        <X>-3111.95215</X>
        <Y>1057.45557</Y>
        <Z>19.1662769</Z>
      </Vector3>
      <Vector3>
        <X>-3112.92163</X>
        <Y>1062.87744</Y>
        <Z>19.2362881</Z>
      </Vector3>
      <Vector3>
        <X>-3113.95679</X>
        <Y>1057.8479</Y>
        <Z>20.6221352</Z>
      </Vector3>
      <Vector3>
        <X>-3110.92065</X>
        <Y>1062.46558</Y>
        <Z>19.2361927</Z>
      </Vector3>
      <Vector3>
        <X>-3111.956</X>
        <Y>1057.436</Y>
        <Z>20.62204</Z>
      </Vector3>
      <Vector3>
        <X>-3112.92554</X>
        <Y>1062.858</Y>
        <Z>20.69205</Z>
      </Vector3>
      <Vector3>
        <X>-3110.9248</X>
        <Y>1062.446</Y>
        <Z>20.6919556</Z>
      </Vector3>
    </Bounds>
    <CenterCamPosition>
      <X>0</X>
      <Y>0</Y>
    </CenterCamPosition>
    <ScreenBounds />
    <DistanceToCam>0</DistanceToCam>
    <Speed>15.4708843</Speed>
    <AccInput>0.226143837</AccInput>
    <RPM>0.617303848</RPM>
    <Gear>2</Gear>
    <SteeringAngle>0.0232345276</SteeringAngle>
    <WheelSpeed>0</WheelSpeed>
    <CarType>Sports</CarType>
  </MyCar>
  <Peds />
  <Time>107829</Time>
  <LastFrameTime>0.0262997765</LastFrameTime>
  <MyProperty>0</MyProperty>
  <Weather>ExtraSunny</Weather>
  <Steering>127</Steering>
  <Acc>155</Acc>
  <Brake>127</Brake>
  <DayTime>06:56:08</DayTime>
  <Position>
    <X>-3112.28125</X>
    <Y>1060.92163</Y>
    <Z>20.839756</Z>
  </Position>
  <Rotation>
    <X>0.276081115</X>
    <Y>0.5120201</Y>
    <Z>-11.633069</Z>
  </Rotation>
</Screenshot>