<?xml version="1.0" encoding="utf-8"?>
<Screenshot xmlns:xsd="http://www.w3.org/2001/XMLSchema" xmlns:xsi="http://www.w3.org/2001/XMLSchema-instance">
  <Cars />
  <MyCar>
    <Position>
      <X>-3112.067</X>
      <Y>1061.9657</Y>
      <Z>19.9534626</Z>
    </Position>
    <Rotation>
      <X>0.7453842</X>
      <Y>-0.04982551</Y>
      <Z>-11.6355</Z>
    </Rotation>
    <Handle>1538</Handle>
    <Bounds>
      <Vector3>
        <X>-3113.58032</X>
        <Y>1059.67578</Y>
        <Z>19.1914139</Z>
      </Vector3>
      <Vector3>
        <X>-3111.57959</X>
        <Y>1059.26392</Y>
        <Z>19.19319</Z>
      </Vector3>
      <Vector3>
        <X>-3112.54883</X>
        <Y>1064.68591</Y>
        <Z>19.2579632</Z>
      </Vector3>
      <Vector3>
        <X>-3113.58545</X>
        <Y>1059.65759</Y>
        <Z>20.6471882</Z>
      </Vector3>
      <Vector3>
        <X>-3110.548</X>
        <Y>1064.27393</Y>
        <Z>19.2597389</Z>
      </Vector3>
      <Vector3>
        <X>-3111.58472</X>
        <Y>1059.24561</Y>
        <Z>20.6489639</Z>
      </Vector3>
      <Vector3>
        <X>-3112.554</X>
        <Y>1064.6676</Y>
        <Z>20.7137375</Z>
      </Vector3>
      <Vector3>
        <X>-3110.55322</X>
        <Y>1064.25562</Y>
        <Z>20.7155132</Z>
      </Vector3>
    </Bounds>
    <CenterCamPosition>
      <X>0</X>
      <Y>0</Y>
    </CenterCamPosition>
    <ScreenBounds />
    <DistanceToCam>0</DistanceToCam>
    <Speed>15.5680532</Speed>
    <AccInput>0.226143837</AccInput>
    <RPM>0.6209126</RPM>
    <Gear>2</Gear>
    <SteeringAngle>0.008776823</SteeringAngle>
    <WheelSpeed>0</WheelSpeed>
    <CarType>Sports</CarType>
  </MyCar>
  <Peds />
  <Time>107948</Time>
  <LastFrameTime>0.020754341</LastFrameTime>
  <MyProperty>0</MyProperty>
  <Weather>ExtraSunny</Weather>
  <Steering>127</Steering>
  <Acc>155</Acc>
  <Brake>127</Brake>
  <DayTime>06:56:11</DayTime>
  <Position>
    <X>-3111.89282</X>
    <Y>1062.81287</Y>
    <Z>20.8655128</Z>
  </Position>
  <Rotation>
    <X>0.268414825</X>
    <Y>0.458891243</Y>
    <Z>-11.63492</Z>
  </Rotation>
</Screenshot>