<?xml version="1.0" encoding="utf-8"?>
<Screenshot xmlns:xsd="http://www.w3.org/2001/XMLSchema" xmlns:xsi="http://www.w3.org/2001/XMLSchema-instance">
  <Cars />
  <MyCar>
    <Position>
      <X>-3112.13184</X>
      <Y>1061.64929</Y>
      <Z>19.949501</Z>
    </Position>
    <Rotation>
      <X>0.768414855</X>
      <Y>-0.04110869</Y>
      <Z>-11.6349211</Z>
    </Rotation>
    <Handle>1538</Handle>
    <Bounds>
      <Vector3>
        <X>-3113.64526</X>
        <Y>1059.35974</Y>
        <Z>19.1865826</Z>
      </Vector3>
      <Vector3>
        <X>-3111.64453</X>
        <Y>1058.94775</Y>
        <Z>19.18805</Z>
      </Vector3>
      <Vector3>
        <X>-3112.61377</X>
        <Y>1064.36975</Y>
        <Z>19.255188</Z>
      </Vector3>
      <Vector3>
        <X>-3113.65039</X>
        <Y>1059.34082</Y>
        <Z>20.64235</Z>
      </Vector3>
      <Vector3>
        <X>-3110.613</X>
        <Y>1063.95776</Y>
        <Z>19.2566547</Z>
      </Vector3>
      <Vector3>
        <X>-3111.64966</X>
        <Y>1058.92883</Y>
        <Z>20.643816</Z>
      </Vector3>
      <Vector3>
        <X>-3112.619</X>
        <Y>1064.35083</Y>
        <Z>20.7109547</Z>
      </Vector3>
      <Vector3>
        <X>-3110.618</X>
        <Y>1063.939</Y>
        <Z>20.7124214</Z>
      </Vector3>
    </Bounds>
    <CenterCamPosition>
      <X>0</X>
      <Y>0</Y>
    </CenterCamPosition>
    <ScreenBounds />
    <DistanceToCam>0</DistanceToCam>
    <Speed>15.5511808</Speed>
    <AccInput>0.226143837</AccInput>
    <RPM>0.6203601</RPM>
    <Gear>2</Gear>
    <SteeringAngle>0.0103714429</SteeringAngle>
    <WheelSpeed>0</WheelSpeed>
    <CarType>Sports</CarType>
  </MyCar>
  <Peds />
  <Time>107928</Time>
  <LastFrameTime>0.027759755</LastFrameTime>
  <MyProperty>0</MyProperty>
  <Weather>ExtraSunny</Weather>
  <Steering>127</Steering>
  <Acc>155</Acc>
  <Brake>127</Brake>
  <DayTime>06:56:11</DayTime>
  <Position>
    <X>-3111.97974</X>
    <Y>1062.38977</Y>
    <Z>20.8604431</Z>
  </Position>
  <Rotation>
    <X>0.288535744</X>
    <Y>0.4712552</Y>
    <Z>-11.6341715</Z>
  </Rotation>
</Screenshot>