<?xml version="1.0" encoding="utf-8"?>
<Screenshot xmlns:xsd="http://www.w3.org/2001/XMLSchema" xmlns:xsi="http://www.w3.org/2001/XMLSchema-instance">
  <Cars />
  <MyCar>
    <Position>
      <X>-3112.21875</X>
      <Y>1061.22656</Y>
      <Z>19.9440136</Z>
    </Position>
    <Rotation>
      <X>0.7885358</X>
      <Y>-0.0287447665</Y>
      <Z>-11.6341715</Z>
    </Rotation>
    <Handle>1538</Handle>
    <Bounds>
      <Vector3>
        <X>-3113.73242</X>
        <Y>1058.93726</Y>
        <Z>19.1804218</Z>
      </Vector3>
      <Vector3>
        <X>-3111.73169</X>
        <Y>1058.52539</Y>
        <Z>19.1814461</Z>
      </Vector3>
      <Vector3>
        <X>-3112.701</X>
        <Y>1063.94727</Y>
        <Z>19.2508221</Z>
      </Vector3>
      <Vector3>
        <X>-3113.737</X>
        <Y>1058.91785</Y>
        <Z>20.63618</Z>
      </Vector3>
      <Vector3>
        <X>-3110.7002</X>
        <Y>1063.5354</Y>
        <Z>19.2518482</Z>
      </Vector3>
      <Vector3>
        <X>-3111.73633</X>
        <Y>1058.50586</Y>
        <Z>20.637207</Z>
      </Vector3>
      <Vector3>
        <X>-3112.70557</X>
        <Y>1063.92786</Y>
        <Z>20.706583</Z>
      </Vector3>
      <Vector3>
        <X>-3110.70483</X>
        <Y>1063.51587</Y>
        <Z>20.7076073</Z>
      </Vector3>
    </Bounds>
    <CenterCamPosition>
      <X>0</X>
      <Y>0</Y>
    </CenterCamPosition>
    <ScreenBounds />
    <DistanceToCam>0</DistanceToCam>
    <Speed>15.52851</Speed>
    <AccInput>0.226143837</AccInput>
    <RPM>0.6196457</RPM>
    <Gear>2</Gear>
    <SteeringAngle>0.0130582089</SteeringAngle>
    <WheelSpeed>0</WheelSpeed>
    <CarType>Sports</CarType>
  </MyCar>
  <Peds />
  <Time>107900</Time>
  <LastFrameTime>0.021186905</LastFrameTime>
  <MyProperty>0</MyProperty>
  <Weather>ExtraSunny</Weather>
  <Steering>127</Steering>
  <Acc>155</Acc>
  <Brake>127</Brake>
  <DayTime>06:56:10</DayTime>
  <Position>
    <X>-3112.046</X>
    <Y>1062.0675</Y>
    <Z>20.856144</Z>
  </Position>
  <Rotation>
    <X>0.292307764</X>
    <Y>0.481902331</Y>
    <Z>-11.63364</Z>
  </Rotation>
</Screenshot>