<?xml version="1.0" encoding="utf-8"?>
<Screenshot xmlns:xsd="http://www.w3.org/2001/XMLSchema" xmlns:xsi="http://www.w3.org/2001/XMLSchema-instance">
  <Cars />
  <MyCar>
    <Position>
      <X>-3111.974</X>
      <Y>1062.41663</Y>
      <Z>19.9589672</Z>
    </Position>
    <Rotation>
      <X>0.7026037</X>
      <Y>-0.05967831</Y>
      <Z>-11.6362915</Z>
    </Rotation>
    <Handle>1538</Handle>
    <Bounds>
      <Vector3>
        <X>-3113.48755</X>
        <Y>1060.12622</Y>
        <Z>19.1986446</Z>
      </Vector3>
      <Vector3>
        <X>-3111.48682</X>
        <Y>1059.71423</Y>
        <Z>19.2007732</Z>
      </Vector3>
      <Vector3>
        <X>-3112.456</X>
        <Y>1065.13635</Y>
        <Z>19.2613754</Z>
      </Vector3>
      <Vector3>
        <X>-3113.49268</X>
        <Y>1060.109</Y>
        <Z>20.6544342</Z>
      </Vector3>
      <Vector3>
        <X>-3110.45532</X>
        <Y>1064.72424</Y>
        <Z>19.2635021</Z>
      </Vector3>
      <Vector3>
        <X>-3111.492</X>
        <Y>1059.697</Y>
        <Z>20.65656</Z>
      </Vector3>
      <Vector3>
        <X>-3112.46118</X>
        <Y>1065.11914</Y>
        <Z>20.7171631</Z>
      </Vector3>
      <Vector3>
        <X>-3110.46045</X>
        <Y>1064.70715</Y>
        <Z>20.7192917</Z>
      </Vector3>
    </Bounds>
    <CenterCamPosition>
      <X>0</X>
      <Y>0</Y>
    </CenterCamPosition>
    <ScreenBounds />
    <DistanceToCam>0</DistanceToCam>
    <Speed>15.5919228</Speed>
    <AccInput>0.226143837</AccInput>
    <RPM>0.62150526</RPM>
    <Gear>2</Gear>
    <SteeringAngle>0.00685688667</SteeringAngle>
    <WheelSpeed>0</WheelSpeed>
    <CarType>Sports</CarType>
  </MyCar>
  <Peds />
  <Time>107978</Time>
  <LastFrameTime>0.0295396559</LastFrameTime>
  <MyProperty>0</MyProperty>
  <Weather>ExtraSunny</Weather>
  <Steering>127</Steering>
  <Acc>155</Acc>
  <Brake>127</Brake>
  <DayTime>06:56:12</DayTime>
  <Position>
    <X>-3111.82813</X>
    <Y>1063.12964</Y>
    <Z>20.8689976</Z>
  </Position>
  <Rotation>
    <X>0.245384187</X>
    <Y>0.450174481</Y>
    <Z>-11.6355</Z>
  </Rotation>
</Screenshot>