<?xml version="1.0" encoding="utf-8"?>
<Screenshot xmlns:xsd="http://www.w3.org/2001/XMLSchema" xmlns:xsi="http://www.w3.org/2001/XMLSchema-instance">
  <Cars />
  <MyCar>
    <Position>
      <X>-3111.81714</X>
      <Y>1063.18127</Y>
      <Z>19.96822</Z>
    </Position>
    <Rotation>
      <X>0.6226672</X>
      <Y>-0.06787099</Y>
      <Z>-11.6373844</Z>
    </Rotation>
    <Handle>1538</Handle>
    <Bounds>
      <Vector3>
        <X>-3113.33081</X>
        <Y>1060.88977</Y>
        <Z>19.2113075</Z>
      </Vector3>
      <Vector3>
        <X>-3111.33</X>
        <Y>1060.47778</Y>
        <Z>19.213728</Z>
      </Vector3>
      <Vector3>
        <X>-3112.299</X>
        <Y>1065.9</Y>
        <Z>19.266901</Z>
      </Vector3>
      <Vector3>
        <X>-3113.33569</X>
        <Y>1060.87463</Y>
        <Z>20.66712</Z>
      </Vector3>
      <Vector3>
        <X>-3110.29834</X>
        <Y>1065.48792</Y>
        <Z>19.2693214</Z>
      </Vector3>
      <Vector3>
        <X>-3111.335</X>
        <Y>1060.46265</Y>
        <Z>20.66954</Z>
      </Vector3>
      <Vector3>
        <X>-3112.304</X>
        <Y>1065.88489</Y>
        <Z>20.7227135</Z>
      </Vector3>
      <Vector3>
        <X>-3110.30322</X>
        <Y>1065.47278</Y>
        <Z>20.725132</Z>
      </Vector3>
    </Bounds>
    <CenterCamPosition>
      <X>0</X>
      <Y>0</Y>
    </CenterCamPosition>
    <ScreenBounds />
    <DistanceToCam>0</DistanceToCam>
    <Speed>15.6321192</Speed>
    <AccInput>0.226143837</AccInput>
    <RPM>0.622918</RPM>
    <Gear>2</Gear>
    <SteeringAngle>0.004550559</SteeringAngle>
    <WheelSpeed>0</WheelSpeed>
    <CarType>Sports</CarType>
  </MyCar>
  <Peds />
  <Time>108028</Time>
  <LastFrameTime>0.0284362156</LastFrameTime>
  <MyProperty>0</MyProperty>
  <Weather>ExtraSunny</Weather>
  <Steering>127</Steering>
  <Acc>155</Acc>
  <Brake>127</Brake>
  <DayTime>06:56:14</DayTime>
  <Position>
    <X>-3111.66748</X>
    <Y>1063.91125</Y>
    <Z>20.87692</Z>
  </Position>
  <Rotation>
    <X>0.169224322</X>
    <Y>0.4367047</Y>
    <Z>-11.63679</Z>
  </Rotation>
</Screenshot>