<?xml version="1.0" encoding="utf-8"?>
<Screenshot xmlns:xsd="http://www.w3.org/2001/XMLSchema" xmlns:xsi="http://www.w3.org/2001/XMLSchema-instance">
  <Cars />
  <MyCar>
    <Position>
      <X>-3111.65649</X>
      <Y>1063.96277</Y>
      <Z>19.9776154</Z>
    </Position>
    <Rotation>
      <X>0.5439485</X>
      <Y>-0.08323416</Y>
      <Z>-11.6382895</Z>
    </Rotation>
    <Handle>1538</Handle>
    <Bounds>
      <Vector3>
        <X>-3113.17017</X>
        <Y>1061.67029</Y>
        <Z>19.2239342</Z>
      </Vector3>
      <Vector3>
        <X>-3111.16943</X>
        <Y>1061.25818</Y>
        <Z>19.226902</Z>
      </Vector3>
      <Vector3>
        <X>-3112.13843</X>
        <Y>1066.68054</Y>
        <Z>19.2725</Z>
      </Vector3>
      <Vector3>
        <X>-3113.175</X>
        <Y>1061.65723</Y>
        <Z>20.6797657</Z>
      </Vector3>
      <Vector3>
        <X>-3110.1377</X>
        <Y>1066.26843</Y>
        <Z>19.2754669</Z>
      </Vector3>
      <Vector3>
        <X>-3111.17432</X>
        <Y>1061.24512</Y>
        <Z>20.6827335</Z>
      </Vector3>
      <Vector3>
        <X>-3112.14331</X>
        <Y>1066.66736</Y>
        <Z>20.72833</Z>
      </Vector3>
      <Vector3>
        <X>-3110.14258</X>
        <Y>1066.25537</Y>
        <Z>20.7312984</Z>
      </Vector3>
    </Bounds>
    <CenterCamPosition>
      <X>0</X>
      <Y>0</Y>
    </CenterCamPosition>
    <ScreenBounds />
    <DistanceToCam>0</DistanceToCam>
    <Speed>15.6727009</Speed>
    <AccInput>0.226143837</AccInput>
    <RPM>0.6245001</RPM>
    <Gear>2</Gear>
    <SteeringAngle>0.00299573946</SteeringAngle>
    <WheelSpeed>0</WheelSpeed>
    <CarType>Sports</CarType>
  </MyCar>
  <Peds />
  <Time>108079</Time>
  <LastFrameTime>0.02833785</LastFrameTime>
  <MyProperty>0</MyProperty>
  <Weather>ExtraSunny</Weather>
  <Steering>127</Steering>
  <Acc>155</Acc>
  <Brake>127</Brake>
  <DayTime>06:56:15</DayTime>
  <Position>
    <X>-3111.50684</X>
    <Y>1064.69434</Y>
    <Z>20.88466</Z>
  </Position>
  <Rotation>
    <X>0.08657957</X>
    <Y>0.426760465</Y>
    <Z>-11.6378107</Z>
  </Rotation>
</Screenshot>