<?xml version="1.0" encoding="utf-8"?>
<Screenshot xmlns:xsd="http://www.w3.org/2001/XMLSchema" xmlns:xsi="http://www.w3.org/2001/XMLSchema-instance">
  <Cars />
  <MyCar>
    <Position>
      <X>-3111.59546</X>
      <Y>1064.26111</Y>
      <Z>19.98112</Z>
    </Position>
    <Rotation>
      <X>0.5313085</X>
      <Y>-0.09892576</Y>
      <Z>-11.6375456</Z>
    </Rotation>
    <Handle>1538</Handle>
    <Bounds>
      <Vector3>
        <X>-3113.109</X>
        <Y>1061.96838</Y>
        <Z>19.2277222</Z>
      </Vector3>
      <Vector3>
        <X>-3111.10815</X>
        <Y>1061.5564</Y>
        <Z>19.2312489</Z>
      </Vector3>
      <Vector3>
        <X>-3112.07715</X>
        <Y>1066.97864</Y>
        <Z>19.2751579</Z>
      </Vector3>
      <Vector3>
        <X>-3113.11426</X>
        <Y>1061.95569</Y>
        <Z>20.6835556</Z>
      </Vector3>
      <Vector3>
        <X>-3110.07642</X>
        <Y>1066.56665</Y>
        <Z>19.2786846</Z>
      </Vector3>
      <Vector3>
        <X>-3111.11353</X>
        <Y>1061.54358</Y>
        <Z>20.6870823</Z>
      </Vector3>
      <Vector3>
        <X>-3112.08228</X>
        <Y>1066.966</Y>
        <Z>20.7309914</Z>
      </Vector3>
      <Vector3>
        <X>-3110.08154</X>
        <Y>1066.55383</Y>
        <Z>20.7345181</Z>
      </Vector3>
    </Bounds>
    <CenterCamPosition>
      <X>0</X>
      <Y>0</Y>
    </CenterCamPosition>
    <ScreenBounds />
    <DistanceToCam>0</DistanceToCam>
    <Speed>15.6879168</Speed>
    <AccInput>0.226143837</AccInput>
    <RPM>0.6252944</RPM>
    <Gear>2</Gear>
    <SteeringAngle>0.00256590382</SteeringAngle>
    <WheelSpeed>0</WheelSpeed>
    <CarType>Sports</CarType>
  </MyCar>
  <Peds />
  <Time>108098</Time>
  <LastFrameTime>0.0194212776</LastFrameTime>
  <MyProperty>0</MyProperty>
  <Weather>ExtraSunny</Weather>
  <Steering>127</Steering>
  <Acc>155</Acc>
  <Brake>127</Brake>
  <DayTime>06:56:16</DayTime>
  <Position>
    <X>-3111.41748</X>
    <Y>1065.12988</Y>
    <Z>20.8889656</Z>
  </Position>
  <Rotation>
    <X>0.0439484641</X>
    <Y>0.416765839</Y>
    <Z>-11.63829</Z>
  </Rotation>
</Screenshot>