<?xml version="1.0" encoding="utf-8"?>
<Screenshot xmlns:xsd="http://www.w3.org/2001/XMLSchema" xmlns:xsi="http://www.w3.org/2001/XMLSchema-instance">
  <Cars />
  <MyCar>
    <Position>
      <X>-3111.90649</X>
      <Y>1062.74609</Y>
      <Z>19.9629669</Z>
    </Position>
    <Rotation>
      <X>0.6692243</X>
      <Y>-0.06329528</Y>
      <Z>-11.6367922</Z>
    </Rotation>
    <Handle>1538</Handle>
    <Bounds>
      <Vector3>
        <X>-3113.42017</X>
        <Y>1060.4552</Y>
        <Z>19.2040653</Z>
      </Vector3>
      <Vector3>
        <X>-3111.41943</X>
        <Y>1060.04321</Y>
        <Z>19.2063217</Z>
      </Vector3>
      <Vector3>
        <X>-3112.38843</X>
        <Y>1065.46533</Y>
        <Z>19.2638149</Z>
      </Vector3>
      <Vector3>
        <X>-3113.425</X>
        <Y>1060.439</Y>
        <Z>20.6598644</Z>
      </Vector3>
      <Vector3>
        <X>-3110.3877</X>
        <Y>1065.05334</Y>
        <Z>19.2660713</Z>
      </Vector3>
      <Vector3>
        <X>-3111.42432</X>
        <Y>1060.02686</Y>
        <Z>20.66212</Z>
      </Vector3>
      <Vector3>
        <X>-3112.39331</X>
        <Y>1065.4491</Y>
        <Z>20.719614</Z>
      </Vector3>
      <Vector3>
        <X>-3110.39258</X>
        <Y>1065.037</Y>
        <Z>20.72187</Z>
      </Vector3>
    </Bounds>
    <CenterCamPosition>
      <X>0</X>
      <Y>0</Y>
    </CenterCamPosition>
    <ScreenBounds />
    <DistanceToCam>0</DistanceToCam>
    <Speed>15.6093</Speed>
    <AccInput>0.226143837</AccInput>
    <RPM>0.622150242</RPM>
    <Gear>2</Gear>
    <SteeringAngle>0.00576300174</SteeringAngle>
    <WheelSpeed>0</WheelSpeed>
    <CarType>Sports</CarType>
  </MyCar>
  <Peds />
  <Time>108000</Time>
  <LastFrameTime>0.0215543043</LastFrameTime>
  <MyProperty>0</MyProperty>
  <Weather>ExtraSunny</Weather>
  <Steering>127</Steering>
  <Acc>155</Acc>
  <Brake>127</Brake>
  <DayTime>06:56:13</DayTime>
  <Position>
    <X>-3111.73535</X>
    <Y>1063.5813</Y>
    <Z>20.8736134</Z>
  </Position>
  <Rotation>
    <X>0.202603683</X>
    <Y>0.440321684</Y>
    <Z>-11.6362915</Z>
  </Rotation>
</Screenshot>