<?xml version="1.0" encoding="utf-8"?>
<Screenshot xmlns:xsd="http://www.w3.org/2001/XMLSchema" xmlns:xsi="http://www.w3.org/2001/XMLSchema-instance">
  <Cars />
  <MyCar>
    <Position>
      <X>-3111.74585</X>
      <Y>1063.52783</Y>
      <Z>19.9724236</Z>
    </Position>
    <Rotation>
      <X>0.586579561</X>
      <Y>-0.07323949</Y>
      <Z>-11.6378117</Z>
    </Rotation>
    <Handle>1538</Handle>
    <Bounds>
      <Vector3>
        <X>-3113.25952</X>
        <Y>1061.236</Y>
        <Z>19.2170219</Z>
      </Vector3>
      <Vector3>
        <X>-3111.25879</X>
        <Y>1060.82385</Y>
        <Z>19.2196331</Z>
      </Vector3>
      <Vector3>
        <X>-3112.22778</X>
        <Y>1066.24609</Y>
        <Z>19.2693939</Z>
      </Vector3>
      <Vector3>
        <X>-3113.2644</X>
        <Y>1061.22168</Y>
        <Z>20.6728439</Z>
      </Vector3>
      <Vector3>
        <X>-3110.227</X>
        <Y>1065.834</Y>
        <Z>19.2720051</Z>
      </Vector3>
      <Vector3>
        <X>-3111.26367</X>
        <Y>1060.80957</Y>
        <Z>20.6754551</Z>
      </Vector3>
      <Vector3>
        <X>-3112.23267</X>
        <Y>1066.23193</Y>
        <Z>20.725214</Z>
      </Vector3>
      <Vector3>
        <X>-3110.232</X>
        <Y>1065.81982</Y>
        <Z>20.7278252</Z>
      </Vector3>
    </Bounds>
    <CenterCamPosition>
      <X>0</X>
      <Y>0</Y>
    </CenterCamPosition>
    <ScreenBounds />
    <DistanceToCam>0</DistanceToCam>
    <Speed>15.6502371</Speed>
    <AccInput>0.226143837</AccInput>
    <RPM>0.6236466</RPM>
    <Gear>2</Gear>
    <SteeringAngle>0.003789499</SteeringAngle>
    <WheelSpeed>0</WheelSpeed>
    <CarType>Sports</CarType>
  </MyCar>
  <Peds />
  <Time>108051</Time>
  <LastFrameTime>0.0226170942</LastFrameTime>
  <MyProperty>0</MyProperty>
  <Weather>ExtraSunny</Weather>
  <Steering>127</Steering>
  <Acc>155</Acc>
  <Brake>127</Brake>
  <DayTime>06:56:14</DayTime>
  <Position>
    <X>-3111.57813</X>
    <Y>1064.34717</Y>
    <Z>20.8812065</Z>
  </Position>
  <Rotation>
    <X>0.122667186</X>
    <Y>0.432129025</Y>
    <Z>-11.6373835</Z>
  </Rotation>
</Screenshot>