<?xml version="1.0" encoding="utf-8"?>
<Screenshot xmlns:xsd="http://www.w3.org/2001/XMLSchema" xmlns:xsi="http://www.w3.org/2001/XMLSchema-instance">
  <Cars />
  <MyCar>
    <Position>
      <X>-3111.41968</X>
      <Y>1065.11853</Y>
      <Z>19.989954</Z>
    </Position>
    <Rotation>
      <X>0.5267504</X>
      <Y>-0.106444627</Y>
      <Z>-11.6336565</Z>
    </Rotation>
    <Handle>1538</Handle>
    <Bounds>
      <Vector3>
        <X>-3112.93286</X>
        <Y>1062.82568</Y>
        <Z>19.2366257</Z>
      </Vector3>
      <Vector3>
        <X>-3110.93213</X>
        <Y>1062.4137</Y>
        <Z>19.24042</Z>
      </Vector3>
      <Vector3>
        <X>-3111.90161</X>
        <Y>1067.83594</Y>
        <Z>19.2836552</Z>
      </Vector3>
      <Vector3>
        <X>-3112.93823</X>
        <Y>1062.81311</Y>
        <Z>20.69246</Z>
      </Vector3>
      <Vector3>
        <X>-3109.901</X>
        <Y>1067.42407</Y>
        <Z>19.28745</Z>
      </Vector3>
      <Vector3>
        <X>-3110.9375</X>
        <Y>1062.40112</Y>
        <Z>20.6962547</Z>
      </Vector3>
      <Vector3>
        <X>-3111.907</X>
        <Y>1067.82336</Y>
        <Z>20.7394886</Z>
      </Vector3>
      <Vector3>
        <X>-3109.906</X>
        <Y>1067.4115</Y>
        <Z>20.7432842</Z>
      </Vector3>
    </Bounds>
    <CenterCamPosition>
      <X>0</X>
      <Y>0</Y>
    </CenterCamPosition>
    <ScreenBounds />
    <DistanceToCam>0</DistanceToCam>
    <Speed>15.7356958</Speed>
    <AccInput>0.226143837</AccInput>
    <RPM>0.62744987</RPM>
    <Gear>2</Gear>
    <SteeringAngle>0.00161894911</SteeringAngle>
    <WheelSpeed>0</WheelSpeed>
    <CarType>Sports</CarType>
  </MyCar>
  <Peds />
  <Time>108154</Time>
  <LastFrameTime>0.026134694</LastFrameTime>
  <MyProperty>0</MyProperty>
  <Weather>ExtraSunny</Weather>
  <Steering>127</Steering>
  <Acc>155</Acc>
  <Brake>127</Brake>
  <DayTime>06:56:18</DayTime>
  <Position>
    <X>-3111.26343</X>
    <Y>1065.88342</Y>
    <Z>20.8968124</Z>
  </Position>
  <Rotation>
    <X>0.0223837551</X>
    <Y>0.395170361</Y>
    <Z>-11.6350479</Z>
  </Rotation>
</Screenshot>