<?xml version="1.0" encoding="utf-8"?>
<Screenshot xmlns:xsd="http://www.w3.org/2001/XMLSchema" xmlns:xsi="http://www.w3.org/2001/XMLSchema-instance">
  <Cars />
  <MyCar>
    <Position>
      <X>-3111.5022</X>
      <Y>1064.71582</Y>
      <Z>19.98591</Z>
    </Position>
    <Rotation>
      <X>0.522383749</X>
      <Y>-0.104829639</Y>
      <Z>-11.63505</Z>
    </Rotation>
    <Handle>1538</Handle>
    <Bounds>
      <Vector3>
        <X>-3113.01563</X>
        <Y>1062.423</Y>
        <Z>19.2328053</Z>
      </Vector3>
      <Vector3>
        <X>-3111.015</X>
        <Y>1062.011</Y>
        <Z>19.2365417</Z>
      </Vector3>
      <Vector3>
        <X>-3111.98413</X>
        <Y>1067.43323</Y>
        <Z>19.2794456</Z>
      </Vector3>
      <Vector3>
        <X>-3113.02075</X>
        <Y>1062.41052</Y>
        <Z>20.68864</Z>
      </Vector3>
      <Vector3>
        <X>-3109.98315</X>
        <Y>1067.02124</Y>
        <Z>19.2831821</Z>
      </Vector3>
      <Vector3>
        <X>-3111.02</X>
        <Y>1061.99854</Y>
        <Z>20.6923771</Z>
      </Vector3>
      <Vector3>
        <X>-3111.98926</X>
        <Y>1067.42078</Y>
        <Z>20.735281</Z>
      </Vector3>
      <Vector3>
        <X>-3109.98853</X>
        <Y>1067.00879</Y>
        <Z>20.7390175</Z>
      </Vector3>
    </Bounds>
    <CenterCamPosition>
      <X>0</X>
      <Y>0</Y>
    </CenterCamPosition>
    <ScreenBounds />
    <DistanceToCam>0</DistanceToCam>
    <Speed>15.7124949</Speed>
    <AccInput>0.226143837</AccInput>
    <RPM>0.626592159</RPM>
    <Gear>2</Gear>
    <SteeringAngle>0.002005901</SteeringAngle>
    <WheelSpeed>0</WheelSpeed>
    <CarType>Sports</CarType>
  </MyCar>
  <Peds />
  <Time>108128</Time>
  <LastFrameTime>0.0295514464</LastFrameTime>
  <MyProperty>0</MyProperty>
  <Weather>ExtraSunny</Weather>
  <Steering>127</Steering>
  <Acc>155</Acc>
  <Brake>127</Brake>
  <DayTime>06:56:17</DayTime>
  <Position>
    <X>-3111.35669</X>
    <Y>1065.42859</Y>
    <Z>20.8922062</Z>
  </Position>
  <Rotation>
    <X>0.0313084647</X>
    <Y>0.4010742</Y>
    <Z>-11.6375456</Z>
  </Rotation>
</Screenshot>