<?xml version="1.0" encoding="utf-8"?>
<Screenshot xmlns:xsd="http://www.w3.org/2001/XMLSchema" xmlns:xsi="http://www.w3.org/2001/XMLSchema-instance">
  <Cars />
  <MyCar>
    <Position>
      <X>-3111.34253</X>
      <Y>1065.49365</Y>
      <Z>19.9936962</Z>
    </Position>
    <Rotation>
      <X>0.5316908</X>
      <Y>-0.105419837</Y>
      <Z>-11.6330557</Z>
    </Rotation>
    <Handle>1538</Handle>
    <Bounds>
      <Vector3>
        <X>-3112.85571</X>
        <Y>1063.20081</Y>
        <Z>19.2401657</Z>
      </Vector3>
      <Vector3>
        <X>-3110.855</X>
        <Y>1062.789</Y>
        <Z>19.2439251</Z>
      </Vector3>
      <Vector3>
        <X>-3111.82446</X>
        <Y>1068.21118</Y>
        <Z>19.2876358</Z>
      </Vector3>
      <Vector3>
        <X>-3112.861</X>
        <Y>1063.18811</Y>
        <Z>20.696</Z>
      </Vector3>
      <Vector3>
        <X>-3109.82373</X>
        <Y>1067.79919</Y>
        <Z>19.2913952</Z>
      </Vector3>
      <Vector3>
        <X>-3110.86035</X>
        <Y>1062.77625</Y>
        <Z>20.6997566</Z>
      </Vector3>
      <Vector3>
        <X>-3111.82983</X>
        <Y>1068.19849</Y>
        <Z>20.74347</Z>
      </Vector3>
      <Vector3>
        <X>-3109.829</X>
        <Y>1067.7865</Y>
        <Z>20.7472286</Z>
      </Vector3>
    </Bounds>
    <CenterCamPosition>
      <X>0</X>
      <Y>0</Y>
    </CenterCamPosition>
    <ScreenBounds />
    <DistanceToCam>0</DistanceToCam>
    <Speed>15.756918</Speed>
    <AccInput>0.220915079</AccInput>
    <RPM>0.6287211</RPM>
    <Gear>2</Gear>
    <SteeringAngle>0.00132864318</SteeringAngle>
    <WheelSpeed>0</WheelSpeed>
    <CarType>Sports</CarType>
  </MyCar>
  <Peds />
  <Time>108178</Time>
  <LastFrameTime>0.0243063867</LastFrameTime>
  <MyProperty>0</MyProperty>
  <Weather>ExtraSunny</Weather>
  <Steering>127</Steering>
  <Acc>155</Acc>
  <Brake>127</Brake>
  <DayTime>06:56:18</DayTime>
  <Position>
    <X>-3111.181</X>
    <Y>1066.286</Y>
    <Z>20.9009476</Z>
  </Position>
  <Rotation>
    <X>0.0267503764</X>
    <Y>0.393555373</Y>
    <Z>-11.6336565</Z>
  </Rotation>
</Screenshot>