<?xml version="1.0" encoding="utf-8"?>
<Screenshot xmlns:xsd="http://www.w3.org/2001/XMLSchema" xmlns:xsi="http://www.w3.org/2001/XMLSchema-instance">
  <Cars />
  <MyCar>
    <Position>
      <X>-3111.18579</X>
      <Y>1066.25586</Y>
      <Z>20.001297</Z>
    </Position>
    <Rotation>
      <X>0.541641831</X>
      <Y>-0.102517575</Y>
      <Z>-11.6330624</Z>
    </Rotation>
    <Handle>1538</Handle>
    <Bounds>
      <Vector3>
        <X>-3112.699</X>
        <Y>1063.96313</Y>
        <Z>19.2473755</Z>
      </Vector3>
      <Vector3>
        <X>-3110.69824</X>
        <Y>1063.55127</Y>
        <Z>19.25103</Z>
      </Vector3>
      <Vector3>
        <X>-3111.66772</X>
        <Y>1068.97351</Y>
        <Z>19.2957344</Z>
      </Vector3>
      <Vector3>
        <X>-3112.70435</X>
        <Y>1063.9502</Y>
        <Z>20.703207</Z>
      </Vector3>
      <Vector3>
        <X>-3109.667</X>
        <Y>1068.56152</Y>
        <Z>19.2993889</Z>
      </Vector3>
      <Vector3>
        <X>-3110.70361</X>
        <Y>1063.53833</Y>
        <Z>20.7068615</Z>
      </Vector3>
      <Vector3>
        <X>-3111.673</X>
        <Y>1068.96057</Y>
        <Z>20.7515659</Z>
      </Vector3>
      <Vector3>
        <X>-3109.67236</X>
        <Y>1068.54858</Y>
        <Z>20.75522</Z>
      </Vector3>
    </Bounds>
    <CenterCamPosition>
      <X>0</X>
      <Y>0</Y>
    </CenterCamPosition>
    <ScreenBounds />
    <DistanceToCam>0</DistanceToCam>
    <Speed>15.79902</Speed>
    <AccInput>0.220915079</AccInput>
    <RPM>0.630375564</RPM>
    <Gear>2</Gear>
    <SteeringAngle>0.000889040064</SteeringAngle>
    <WheelSpeed>0</WheelSpeed>
    <CarType>Sports</CarType>
  </MyCar>
  <Peds />
  <Time>108228</Time>
  <LastFrameTime>0.0273628756</LastFrameTime>
  <MyProperty>0</MyProperty>
  <Weather>ExtraSunny</Weather>
  <Steering>127</Steering>
  <Acc>155</Acc>
  <Brake>127</Brake>
  <DayTime>06:56:20</DayTime>
  <Position>
    <X>-3111.03418</X>
    <Y>1067</Y>
    <Z>20.9082623</Z>
  </Position>
  <Rotation>
    <X>0.0359487459</X>
    <Y>0.395920634</Y>
    <Z>-11.6329</Z>
  </Rotation>
</Screenshot>