<?xml version="1.0" encoding="utf-8"?>
<Screenshot xmlns:xsd="http://www.w3.org/2001/XMLSchema" xmlns:xsi="http://www.w3.org/2001/XMLSchema-instance">
  <Cars />
  <MyCar>
    <Position>
      <X>-3110.99048</X>
      <Y>1067.20654</Y>
      <Z>20.0107746</Z>
    </Position>
    <Rotation>
      <X>0.554893136</X>
      <Y>-0.0990874246</Y>
      <Z>-11.6341438</Z>
    </Rotation>
    <Handle>1538</Handle>
    <Bounds>
      <Vector3>
        <X>-3112.504</X>
        <Y>1064.91406</Y>
        <Z>19.2563248</Z>
      </Vector3>
      <Vector3>
        <X>-3110.50317</X>
        <Y>1064.50208</Y>
        <Z>19.2598572</Z>
      </Vector3>
      <Vector3>
        <X>-3111.47241</X>
        <Y>1069.92432</Y>
        <Z>19.3058662</Z>
      </Vector3>
      <Vector3>
        <X>-3112.509</X>
        <Y>1064.90076</Y>
        <Z>20.7121525</Z>
      </Vector3>
      <Vector3>
        <X>-3109.47168</X>
        <Y>1069.51245</Y>
        <Z>19.3093987</Z>
      </Vector3>
      <Vector3>
        <X>-3110.5083</X>
        <Y>1064.48877</Y>
        <Z>20.7156849</Z>
      </Vector3>
      <Vector3>
        <X>-3111.47754</X>
        <Y>1069.911</Y>
        <Z>20.761694</Z>
      </Vector3>
      <Vector3>
        <X>-3109.47681</X>
        <Y>1069.49915</Y>
        <Z>20.7652264</Z>
      </Vector3>
    </Bounds>
    <CenterCamPosition>
      <X>0</X>
      <Y>0</Y>
    </CenterCamPosition>
    <ScreenBounds />
    <DistanceToCam>0</DistanceToCam>
    <Speed>15.849762</Speed>
    <AccInput>0.220915079</AccInput>
    <RPM>0.6311975</RPM>
    <Gear>2</Gear>
    <SteeringAngle>0.000487625453</SteeringAngle>
    <WheelSpeed>0</WheelSpeed>
    <CarType>Sports</CarType>
  </MyCar>
  <Peds />
  <Time>108289</Time>
  <LastFrameTime>0.0612902232</LastFrameTime>
  <MyProperty>0</MyProperty>
  <Weather>ExtraSunny</Weather>
  <Steering>127</Steering>
  <Acc>155</Acc>
  <Brake>127</Brake>
  <DayTime>06:56:22</DayTime>
  <Position>
    <X>-3110.947</X>
    <Y>1067.4231</Y>
    <Z>20.9126</Z>
  </Position>
  <Rotation>
    <X>0.04164183</X>
    <Y>0.3974824</Y>
    <Z>-11.6330614</Z>
  </Rotation>
</Screenshot>