<?xml version="1.0" encoding="utf-8"?>
<Screenshot xmlns:xsd="http://www.w3.org/2001/XMLSchema" xmlns:xsi="http://www.w3.org/2001/XMLSchema-instance">
  <Cars />
  <MyCar>
    <Position>
      <X>-3111.27271</X>
      <Y>1065.83264</Y>
      <Z>19.9970779</Z>
    </Position>
    <Rotation>
      <X>0.535948753</X>
      <Y>-0.104079381</Y>
      <Z>-11.6329012</Z>
    </Rotation>
    <Handle>1538</Handle>
    <Bounds>
      <Vector3>
        <X>-3112.786</X>
        <Y>1063.53992</Y>
        <Z>19.2433815</Z>
      </Vector3>
      <Vector3>
        <X>-3110.78516</X>
        <Y>1063.12793</Y>
        <Z>19.2470932</Z>
      </Vector3>
      <Vector3>
        <X>-3111.75464</X>
        <Y>1068.55017</Y>
        <Z>19.2912331</Z>
      </Vector3>
      <Vector3>
        <X>-3112.79126</X>
        <Y>1063.5271</Y>
        <Z>20.6992149</Z>
      </Vector3>
      <Vector3>
        <X>-3109.754</X>
        <Y>1068.13831</Y>
        <Z>19.2949429</Z>
      </Vector3>
      <Vector3>
        <X>-3110.79053</X>
        <Y>1063.11511</Y>
        <Z>20.7029247</Z>
      </Vector3>
      <Vector3>
        <X>-3111.76</X>
        <Y>1068.53735</Y>
        <Z>20.7470646</Z>
      </Vector3>
      <Vector3>
        <X>-3109.75928</X>
        <Y>1068.12549</Y>
        <Z>20.7507763</Z>
      </Vector3>
    </Bounds>
    <CenterCamPosition>
      <X>0</X>
      <Y>0</Y>
    </CenterCamPosition>
    <ScreenBounds />
    <DistanceToCam>0</DistanceToCam>
    <Speed>15.7758217</Speed>
    <AccInput>0.220915079</AccInput>
    <RPM>0.6295989</RPM>
    <Gear>2</Gear>
    <SteeringAngle>0.00111364364</SteeringAngle>
    <WheelSpeed>0</WheelSpeed>
    <CarType>Sports</CarType>
  </MyCar>
  <Peds />
  <Time>108200</Time>
  <LastFrameTime>0.0219449755</LastFrameTime>
  <MyProperty>0</MyProperty>
  <Weather>ExtraSunny</Weather>
  <Steering>127</Steering>
  <Acc>155</Acc>
  <Brake>127</Brake>
  <DayTime>06:56:19</DayTime>
  <Position>
    <X>-3111.104</X>
    <Y>1066.66113</Y>
    <Z>20.90479</Z>
  </Position>
  <Rotation>
    <X>0.03169078</X>
    <Y>0.3945802</Y>
    <Z>-11.6330538</Z>
  </Rotation>
</Screenshot>