<?xml version="1.0" encoding="utf-8"?>
<Screenshot xmlns:xsd="http://www.w3.org/2001/XMLSchema" xmlns:xsi="http://www.w3.org/2001/XMLSchema-instance">
  <Cars />
  <MyCar>
    <Position>
      <X>-3110.652</X>
      <Y>1068.85156</Y>
      <Z>20.0246029</Z>
    </Position>
    <Rotation>
      <X>0.423255324</X>
      <Y>-0.04076</Y>
      <Z>-11.6353235</Z>
    </Rotation>
    <Handle>1538</Handle>
    <Bounds>
      <Vector3>
        <X>-3112.1665</X>
        <Y>1066.55762</Y>
        <Z>19.2770538</Z>
      </Vector3>
      <Vector3>
        <X>-3110.16577</X>
        <Y>1066.14563</Y>
        <Z>19.2785053</Z>
      </Vector3>
      <Vector3>
        <X>-3111.135</X>
        <Y>1071.56787</Y>
        <Z>19.3148422</Z>
      </Vector3>
      <Vector3>
        <X>-3112.16968</X>
        <Y>1066.54724</Y>
        <Z>20.73291</Z>
      </Vector3>
      <Vector3>
        <X>-3109.13428</X>
        <Y>1071.15588</Y>
        <Z>19.3162956</Z>
      </Vector3>
      <Vector3>
        <X>-3110.169</X>
        <Y>1066.13525</Y>
        <Z>20.7343636</Z>
      </Vector3>
      <Vector3>
        <X>-3111.13818</X>
        <Y>1071.55762</Y>
        <Z>20.7707</Z>
      </Vector3>
      <Vector3>
        <X>-3109.13745</X>
        <Y>1071.14563</Y>
        <Z>20.7721539</Z>
      </Vector3>
    </Bounds>
    <CenterCamPosition>
      <X>0</X>
      <Y>0</Y>
    </CenterCamPosition>
    <ScreenBounds />
    <DistanceToCam>0</DistanceToCam>
    <Speed>15.9365492</Speed>
    <AccInput>0.220915079</AccInput>
    <RPM>0.634955049</RPM>
    <Gear>2</Gear>
    <SteeringAngle>0.000205253193</SteeringAngle>
    <WheelSpeed>0</WheelSpeed>
    <CarType>Sports</CarType>
  </MyCar>
  <Peds />
  <Time>108395</Time>
  <LastFrameTime>0.0307830423</LastFrameTime>
  <MyProperty>0</MyProperty>
  <Weather>ExtraSunny</Weather>
  <Steering>127</Steering>
  <Acc>155</Acc>
  <Brake>127</Brake>
  <DayTime>06:56:25</DayTime>
  <Position>
    <X>-3110.51123</X>
    <Y>1069.53943</Y>
    <Z>20.9308033</Z>
  </Position>
  <Rotation>
    <X>-0.0230300464</X>
    <Y>0.4324096</Y>
    <Z>-11.6352015</Z>
  </Rotation>
</Screenshot>