<?xml version="1.0" encoding="utf-8"?>
<Screenshot xmlns:xsd="http://www.w3.org/2001/XMLSchema" xmlns:xsi="http://www.w3.org/2001/XMLSchema-instance">
  <Cars />
  <MyCar>
    <Position>
      <X>-3110.75073</X>
      <Y>1068.37122</Y>
      <Z>20.0208454</Z>
    </Position>
    <Rotation>
      <X>0.476969957</X>
      <Y>-0.06759037</Y>
      <Z>-11.6352005</Z>
    </Rotation>
    <Handle>1538</Handle>
    <Bounds>
      <Vector3>
        <X>-3112.26465</X>
        <Y>1066.07788</Y>
        <Z>19.2704258</Z>
      </Vector3>
      <Vector3>
        <X>-3110.264</X>
        <Y>1065.66589</Y>
        <Z>19.2728348</Z>
      </Vector3>
      <Vector3>
        <X>-3111.23315</X>
        <Y>1071.08813</Y>
        <Z>19.3130112</Z>
      </Vector3>
      <Vector3>
        <X>-3112.2688</X>
        <Y>1066.06628</Y>
        <Z>20.7262726</Z>
      </Vector3>
      <Vector3>
        <X>-3109.23242</X>
        <Y>1070.67615</Y>
        <Z>19.31542</Z>
      </Vector3>
      <Vector3>
        <X>-3110.268</X>
        <Y>1065.6543</Y>
        <Z>20.7286816</Z>
      </Vector3>
      <Vector3>
        <X>-3111.2373</X>
        <Y>1071.07666</Y>
        <Z>20.768858</Z>
      </Vector3>
      <Vector3>
        <X>-3109.23657</X>
        <Y>1070.66467</Y>
        <Z>20.7712669</Z>
      </Vector3>
    </Bounds>
    <CenterCamPosition>
      <X>0</X>
      <Y>0</Y>
    </CenterCamPosition>
    <ScreenBounds />
    <DistanceToCam>0</DistanceToCam>
    <Speed>15.9115229</Speed>
    <AccInput>0.220915079</AccInput>
    <RPM>0.634327233</RPM>
    <Gear>2</Gear>
    <SteeringAngle>0.000265252253</SteeringAngle>
    <WheelSpeed>0</WheelSpeed>
    <CarType>Sports</CarType>
  </MyCar>
  <Peds />
  <Time>108364</Time>
  <LastFrameTime>0.0249912255</LastFrameTime>
  <MyProperty>0</MyProperty>
  <Weather>ExtraSunny</Weather>
  <Steering>127</Steering>
  <Acc>155</Acc>
  <Brake>127</Brake>
  <DayTime>06:56:24</DayTime>
  <Position>
    <X>-3110.5918</X>
    <Y>1069.14954</Y>
    <Z>20.9284344</Z>
  </Position>
  <Rotation>
    <X>0.0141788134</X>
    <Y>0.417835474</Y>
    <Z>-11.6349411</Z>
  </Rotation>
</Screenshot>