<?xml version="1.0" encoding="utf-8"?>
<Screenshot xmlns:xsd="http://www.w3.org/2001/XMLSchema" xmlns:xsi="http://www.w3.org/2001/XMLSchema-instance">
  <Cars />
  <MyCar>
    <Position>
      <X>-3110.83081</X>
      <Y>1067.98193</Y>
      <Z>20.0177021</Z>
    </Position>
    <Rotation>
      <X>0.5141788</X>
      <Y>-0.08216454</Y>
      <Z>-11.6349421</Z>
    </Rotation>
    <Handle>1538</Handle>
    <Bounds>
      <Vector3>
        <X>-3112.34448</X>
        <Y>1065.689</Y>
        <Z>19.2653656</Z>
      </Vector3>
      <Vector3>
        <X>-3110.34375</X>
        <Y>1065.277</Y>
        <Z>19.2682953</Z>
      </Vector3>
      <Vector3>
        <X>-3111.313</X>
        <Y>1070.69934</Y>
        <Z>19.3112736</Z>
      </Vector3>
      <Vector3>
        <X>-3112.349</X>
        <Y>1065.67664</Y>
        <Z>20.7212029</Z>
      </Vector3>
      <Vector3>
        <X>-3109.31226</X>
        <Y>1070.28735</Y>
        <Z>19.3142014</Z>
      </Vector3>
      <Vector3>
        <X>-3110.34839</X>
        <Y>1065.26465</Y>
        <Z>20.7241325</Z>
      </Vector3>
      <Vector3>
        <X>-3111.31763</X>
        <Y>1070.68689</Y>
        <Z>20.76711</Z>
      </Vector3>
      <Vector3>
        <X>-3109.317</X>
        <Y>1070.2749</Y>
        <Z>20.77004</Z>
      </Vector3>
    </Bounds>
    <CenterCamPosition>
      <X>0</X>
      <Y>0</Y>
    </CenterCamPosition>
    <ScreenBounds />
    <DistanceToCam>0</DistanceToCam>
    <Speed>15.8910675</Speed>
    <AccInput>0.220915079</AccInput>
    <RPM>0.633725464</RPM>
    <Gear>2</Gear>
    <SteeringAngle>0.0003249536</SteeringAngle>
    <WheelSpeed>0</WheelSpeed>
    <CarType>Sports</CarType>
  </MyCar>
  <Peds />
  <Time>108339</Time>
  <LastFrameTime>0.0275943615</LastFrameTime>
  <MyProperty>0</MyProperty>
  <Weather>ExtraSunny</Weather>
  <Steering>127</Steering>
  <Acc>155</Acc>
  <Brake>127</Brake>
  <DayTime>06:56:23</DayTime>
  <Position>
    <X>-3110.68042</X>
    <Y>1068.71985</Y>
    <Z>20.9253521</Z>
  </Position>
  <Rotation>
    <X>0.04300857</X>
    <Y>0.405292749</Y>
    <Z>-11.634552</Z>
  </Rotation>
</Screenshot>