<?xml version="1.0" encoding="utf-8"?>
<Screenshot xmlns:xsd="http://www.w3.org/2001/XMLSchema" xmlns:xsi="http://www.w3.org/2001/XMLSchema-instance">
  <Cars />
  <MyCar>
    <Position>
      <X>-3110.91919</X>
      <Y>1067.55261</Y>
      <Z>20.01402</Z>
    </Position>
    <Rotation>
      <X>0.543008566</X>
      <Y>-0.0947072357</Y>
      <Z>-11.634553</Z>
    </Rotation>
    <Handle>1538</Handle>
    <Bounds>
      <Vector3>
        <X>-3112.43262</X>
        <Y>1065.26</Y>
        <Z>19.2601776</Z>
      </Vector3>
      <Vector3>
        <X>-3110.432</X>
        <Y>1064.848</Y>
        <Z>19.2635536</Z>
      </Vector3>
      <Vector3>
        <X>-3111.40112</X>
        <Y>1070.27026</Y>
        <Z>19.3086586</Z>
      </Vector3>
      <Vector3>
        <X>-3112.43774</X>
        <Y>1065.247</Y>
        <Z>20.71601</Z>
      </Vector3>
      <Vector3>
        <X>-3109.40039</X>
        <Y>1069.85828</Y>
        <Z>19.3120346</Z>
      </Vector3>
      <Vector3>
        <X>-3110.437</X>
        <Y>1064.835</Y>
        <Z>20.7193851</Z>
      </Vector3>
      <Vector3>
        <X>-3111.40625</X>
        <Y>1070.2572</Y>
        <Z>20.76449</Z>
      </Vector3>
      <Vector3>
        <X>-3109.40552</X>
        <Y>1069.84534</Y>
        <Z>20.7678661</Z>
      </Vector3>
    </Bounds>
    <CenterCamPosition>
      <X>0</X>
      <Y>0</Y>
    </CenterCamPosition>
    <ScreenBounds />
    <DistanceToCam>0</DistanceToCam>
    <Speed>15.8683081</Speed>
    <AccInput>0.220915079</AccInput>
    <RPM>0.6326776</RPM>
    <Gear>2</Gear>
    <SteeringAngle>0.0004077027</SteeringAngle>
    <WheelSpeed>0</WheelSpeed>
    <CarType>Sports</CarType>
  </MyCar>
  <Peds />
  <Time>108311</Time>
  <LastFrameTime>0.02227421</LastFrameTime>
  <MyProperty>0</MyProperty>
  <Weather>ExtraSunny</Weather>
  <Steering>127</Steering>
  <Acc>155</Acc>
  <Brake>127</Brake>
  <DayTime>06:56:22</DayTime>
  <Position>
    <X>-3110.75171</X>
    <Y>1068.37366</Y>
    <Z>20.9223518</Z>
  </Position>
  <Rotation>
    <X>0.05489313</X>
    <Y>0.400912553</Y>
    <Z>-11.6341438</Z>
  </Rotation>
</Screenshot>