<?xml version="1.0" encoding="utf-8"?>
<Screenshot xmlns:xsd="http://www.w3.org/2001/XMLSchema" xmlns:xsi="http://www.w3.org/2001/XMLSchema-instance">
  <Cars />
  <MyCar>
    <Position>
      <X>-3110.49146</X>
      <Y>1069.63293</Y>
      <Z>20.0306053</Z>
    </Position>
    <Rotation>
      <X>0.332405031</X>
      <Y>0.0101189977</Y>
      <Z>-11.6351357</Z>
    </Rotation>
    <Handle>1538</Handle>
    <Bounds>
      <Vector3>
        <X>-3112.00684</X>
        <Y>1067.33789</Y>
        <Z>19.28801</Z>
      </Vector3>
      <Vector3>
        <X>-3110.006</X>
        <Y>1066.9259</Y>
        <Z>19.28765</Z>
      </Vector3>
      <Vector3>
        <X>-3110.975</X>
        <Y>1072.34827</Y>
        <Z>19.317688</Z>
      </Vector3>
      <Vector3>
        <X>-3112.0083</X>
        <Y>1067.32959</Y>
        <Z>20.7438831</Z>
      </Vector3>
      <Vector3>
        <X>-3108.97437</X>
        <Y>1071.9364</Y>
        <Z>19.3173275</Z>
      </Vector3>
      <Vector3>
        <X>-3110.00757</X>
        <Y>1066.9176</Y>
        <Z>20.7435226</Z>
      </Vector3>
      <Vector3>
        <X>-3110.97656</X>
        <Y>1072.34</Y>
        <Z>20.7735615</Z>
      </Vector3>
      <Vector3>
        <X>-3108.97583</X>
        <Y>1071.928</Y>
        <Z>20.773201</Z>
      </Vector3>
    </Bounds>
    <CenterCamPosition>
      <X>0</X>
      <Y>0</Y>
    </CenterCamPosition>
    <ScreenBounds />
    <DistanceToCam>0</DistanceToCam>
    <Speed>15.9768648</Speed>
    <AccInput>0.220915079</AccInput>
    <RPM>0.636515856</RPM>
    <Gear>2</Gear>
    <SteeringAngle>0.000136505667</SteeringAngle>
    <WheelSpeed>0</WheelSpeed>
    <CarType>Sports</CarType>
  </MyCar>
  <Peds />
  <Time>108445</Time>
  <LastFrameTime>0.0305006653</LastFrameTime>
  <MyProperty>0</MyProperty>
  <Weather>ExtraSunny</Weather>
  <Steering>127</Steering>
  <Acc>155</Acc>
  <Brake>127</Brake>
  <DayTime>06:56:26</DayTime>
  <Position>
    <X>-3110.349</X>
    <Y>1070.32532</Y>
    <Z>20.93508</Z>
  </Position>
  <Rotation>
    <X>-0.110809974</X>
    <Y>0.477232873</Y>
    <Z>-11.63531</Z>
  </Rotation>
</Screenshot>