<?xml version="1.0" encoding="utf-8"?>
<Screenshot xmlns:xsd="http://www.w3.org/2001/XMLSchema" xmlns:xsi="http://www.w3.org/2001/XMLSchema-instance">
  <Cars />
  <MyCar>
    <Position>
      <X>-3110.32935</X>
      <Y>1070.4198</Y>
      <Z>20.03625</Z>
    </Position>
    <Rotation>
      <X>0.2639705</X>
      <Y>0.06613026</Y>
      <Z>-11.6345263</Z>
    </Rotation>
    <Handle>1538</Handle>
    <Bounds>
      <Vector3>
        <X>-3111.84546</X>
        <Y>1068.124</Y>
        <Z>19.2977028</Z>
      </Vector3>
      <Vector3>
        <X>-3109.84473</X>
        <Y>1067.712</Y>
        <Z>19.2953453</Z>
      </Vector3>
      <Vector3>
        <X>-3110.814</X>
        <Y>1073.13452</Y>
        <Z>19.3212719</Z>
      </Vector3>
      <Vector3>
        <X>-3111.84521</X>
        <Y>1068.11719</Y>
        <Z>20.7535858</Z>
      </Vector3>
      <Vector3>
        <X>-3108.81323</X>
        <Y>1072.72253</Y>
        <Z>19.3189144</Z>
      </Vector3>
      <Vector3>
        <X>-3109.84448</X>
        <Y>1067.7052</Y>
        <Z>20.7512264</Z>
      </Vector3>
      <Vector3>
        <X>-3110.81372</X>
        <Y>1073.12756</Y>
        <Z>20.777153</Z>
      </Vector3>
      <Vector3>
        <X>-3108.81274</X>
        <Y>1072.71558</Y>
        <Z>20.7747955</Z>
      </Vector3>
    </Bounds>
    <CenterCamPosition>
      <X>0</X>
      <Y>0</Y>
    </CenterCamPosition>
    <ScreenBounds />
    <DistanceToCam>0</DistanceToCam>
    <Speed>16.0166931</Speed>
    <AccInput>0.220915079</AccInput>
    <RPM>0.63814497</RPM>
    <Gear>2</Gear>
    <SteeringAngle>9.073878E-05</SteeringAngle>
    <WheelSpeed>0</WheelSpeed>
    <CarType>Sports</CarType>
  </MyCar>
  <Peds />
  <Time>108495</Time>
  <LastFrameTime>0.0291257109</LastFrameTime>
  <MyProperty>0</MyProperty>
  <Weather>ExtraSunny</Weather>
  <Steering>127</Steering>
  <Acc>155</Acc>
  <Brake>127</Brake>
  <DayTime>06:56:28</DayTime>
  <Position>
    <X>-3110.18213</X>
    <Y>1071.13379</Y>
    <Z>20.9393387</Z>
  </Position>
  <Rotation>
    <X>-0.2036105</X>
    <Y>0.5299494</Y>
    <Z>-11.6349268</Z>
  </Rotation>
</Screenshot>