<?xml version="1.0" encoding="utf-8"?>
<Screenshot xmlns:xsd="http://www.w3.org/2001/XMLSchema" xmlns:xsi="http://www.w3.org/2001/XMLSchema-instance">
  <Cars />
  <MyCar>
    <Position>
      <X>-3110.42358</X>
      <Y>1069.96313</Y>
      <Z>20.033144</Z>
    </Position>
    <Rotation>
      <X>0.29638952</X>
      <Y>0.02994946</Y>
      <Z>-11.6349277</Z>
    </Rotation>
    <Handle>1538</Handle>
    <Bounds>
      <Vector3>
        <X>-3111.93921</X>
        <Y>1067.66772</Y>
        <Z>19.2925072</Z>
      </Vector3>
      <Vector3>
        <X>-3109.93848</X>
        <Y>1067.25574</Y>
        <Z>19.29144</Z>
      </Vector3>
      <Vector3>
        <X>-3110.90771</X>
        <Y>1072.6781</Y>
        <Z>19.31897</Z>
      </Vector3>
      <Vector3>
        <X>-3111.94</X>
        <Y>1067.66016</Y>
        <Z>20.7483864</Z>
      </Vector3>
      <Vector3>
        <X>-3108.90674</X>
        <Y>1072.26611</Y>
        <Z>19.3179016</Z>
      </Vector3>
      <Vector3>
        <X>-3109.93921</X>
        <Y>1067.24817</Y>
        <Z>20.7473183</Z>
      </Vector3>
      <Vector3>
        <X>-3110.90845</X>
        <Y>1072.67065</Y>
        <Z>20.7748489</Z>
      </Vector3>
      <Vector3>
        <X>-3108.90771</X>
        <Y>1072.25867</Y>
        <Z>20.77378</Z>
      </Vector3>
    </Bounds>
    <CenterCamPosition>
      <X>0</X>
      <Y>0</Y>
    </CenterCamPosition>
    <ScreenBounds />
    <DistanceToCam>0</DistanceToCam>
    <Speed>15.993803</Speed>
    <AccInput>0.220915079</AccInput>
    <RPM>0.6372646</RPM>
    <Gear>2</Gear>
    <SteeringAngle>0.000115387789</SteeringAngle>
    <WheelSpeed>0</WheelSpeed>
    <CarType>Sports</CarType>
  </MyCar>
  <Peds />
  <Time>108466</Time>
  <LastFrameTime>0.0210848153</LastFrameTime>
  <MyProperty>0</MyProperty>
  <Weather>ExtraSunny</Weather>
  <Steering>127</Steering>
  <Acc>155</Acc>
  <Brake>127</Brake>
  <DayTime>06:56:27</DayTime>
  <Position>
    <X>-3110.25024</X>
    <Y>1070.8031</Y>
    <Z>20.9375515</Z>
  </Position>
  <Rotation>
    <X>-0.167594969</X>
    <Y>0.5101191</Y>
    <Z>-11.6351357</Z>
  </Rotation>
</Screenshot>