<?xml version="1.0" encoding="utf-8"?>
<Screenshot xmlns:xsd="http://www.w3.org/2001/XMLSchema" xmlns:xsi="http://www.w3.org/2001/XMLSchema-instance">
  <Cars />
  <MyCar>
    <Position>
      <X>-3110.5896</X>
      <Y>1069.15588</Y>
      <Z>20.0269489</Z>
    </Position>
    <Rotation>
      <X>0.38919</X>
      <Y>-0.0227670018</Y>
      <Z>-11.6353121</Z>
    </Rotation>
    <Handle>1538</Handle>
    <Bounds>
      <Vector3>
        <X>-3112.10449</X>
        <Y>1066.86145</Y>
        <Z>19.2812366</Z>
      </Vector3>
      <Vector3>
        <X>-3110.10376</X>
        <Y>1066.44958</Y>
        <Z>19.28205</Z>
      </Vector3>
      <Vector3>
        <X>-3111.07275</X>
        <Y>1071.87183</Y>
        <Z>19.3159847</Z>
      </Vector3>
      <Vector3>
        <X>-3112.107</X>
        <Y>1066.85193</Y>
        <Z>20.7371025</Z>
      </Vector3>
      <Vector3>
        <X>-3109.072</X>
        <Y>1071.45984</Y>
        <Z>19.3167973</Z>
      </Vector3>
      <Vector3>
        <X>-3110.1062</X>
        <Y>1066.44</Y>
        <Z>20.7379131</Z>
      </Vector3>
      <Vector3>
        <X>-3111.0752</X>
        <Y>1071.8623</Y>
        <Z>20.77185</Z>
      </Vector3>
      <Vector3>
        <X>-3109.07446</X>
        <Y>1071.45032</Y>
        <Z>20.7726612</Z>
      </Vector3>
    </Bounds>
    <CenterCamPosition>
      <X>0</X>
      <Y>0</Y>
    </CenterCamPosition>
    <ScreenBounds />
    <DistanceToCam>0</DistanceToCam>
    <Speed>15.9522657</Speed>
    <AccInput>0.220915079</AccInput>
    <RPM>0.6357368</RPM>
    <Gear>2</Gear>
    <SteeringAngle>0.000175889916</SteeringAngle>
    <WheelSpeed>0</WheelSpeed>
    <CarType>Sports</CarType>
  </MyCar>
  <Peds />
  <Time>108414</Time>
  <LastFrameTime>0.0194799248</LastFrameTime>
  <MyProperty>0</MyProperty>
  <Weather>ExtraSunny</Weather>
  <Steering>127</Steering>
  <Acc>155</Acc>
  <Brake>127</Brake>
  <DayTime>06:56:25</DayTime>
  <Position>
    <X>-3110.412</X>
    <Y>1070.02051</Y>
    <Z>20.9334431</Z>
  </Position>
  <Rotation>
    <X>-0.07674468</X>
    <Y>0.459240019</Y>
    <Z>-11.6353235</Z>
  </Rotation>
</Screenshot>