<?xml version="1.0" encoding="utf-8"?>
<Screenshot xmlns:xsd="http://www.w3.org/2001/XMLSchema" xmlns:xsi="http://www.w3.org/2001/XMLSchema-instance">
  <Cars />
  <MyCar>
    <Position>
      <X>-3110.2644</X>
      <Y>1070.73413</Y>
      <Z>20.03813</Z>
    </Position>
    <Rotation>
      <X>0.257191956</X>
      <Y>0.09484151</Y>
      <Z>-11.6341715</Z>
    </Rotation>
    <Handle>1538</Handle>
    <Bounds>
      <Vector3>
        <X>-3111.781</X>
        <Y>1068.43835</Y>
        <Z>19.3003979</Z>
      </Vector3>
      <Vector3>
        <X>-3109.78027</X>
        <Y>1068.02637</Y>
        <Z>19.2970161</Z>
      </Vector3>
      <Vector3>
        <X>-3110.74927</X>
        <Y>1073.44885</Y>
        <Z>19.32336</Z>
      </Vector3>
      <Vector3>
        <X>-3111.78</X>
        <Y>1068.43152</Y>
        <Z>20.756279</Z>
      </Vector3>
      <Vector3>
        <X>-3108.74854</X>
        <Y>1073.03687</Y>
        <Z>19.31998</Z>
      </Vector3>
      <Vector3>
        <X>-3109.7793</X>
        <Y>1068.01953</Y>
        <Z>20.7529</Z>
      </Vector3>
      <Vector3>
        <X>-3110.74829</X>
        <Y>1073.44189</Y>
        <Z>20.7792435</Z>
      </Vector3>
      <Vector3>
        <X>-3108.74756</X>
        <Y>1073.03</Y>
        <Z>20.7758617</Z>
      </Vector3>
    </Bounds>
    <CenterCamPosition>
      <X>0</X>
      <Y>0</Y>
    </CenterCamPosition>
    <ScreenBounds />
    <DistanceToCam>0</DistanceToCam>
    <Speed>16.0327969</Speed>
    <AccInput>0.220915079</AccInput>
    <RPM>0.639164448</RPM>
    <Gear>2</Gear>
    <SteeringAngle>7.742E-05</SteeringAngle>
    <WheelSpeed>0</WheelSpeed>
    <CarType>Sports</CarType>
  </MyCar>
  <Peds />
  <Time>108515</Time>
  <LastFrameTime>0.0200232659</LastFrameTime>
  <MyProperty>0</MyProperty>
  <Weather>ExtraSunny</Weather>
  <Steering>127</Steering>
  <Acc>155</Acc>
  <Brake>127</Brake>
  <DayTime>06:56:28</DayTime>
  <Position>
    <X>-3110.08716</X>
    <Y>1071.59082</Y>
    <Z>20.9417686</Z>
  </Position>
  <Rotation>
    <X>-0.236029521</X>
    <Y>0.5661302</Y>
    <Z>-11.6345243</Z>
  </Rotation>
</Screenshot>