<?xml version="1.0" encoding="utf-8"?>
<Screenshot xmlns:xsd="http://www.w3.org/2001/XMLSchema" xmlns:xsi="http://www.w3.org/2001/XMLSchema-instance">
  <Cars />
  <MyCar>
    <Position>
      <X>-3110.00513</X>
      <Y>1071.98987</Y>
      <Z>20.044735</Z>
    </Position>
    <Rotation>
      <X>0.27673763</X>
      <Y>0.232513532</Y>
      <Z>-11.63211</Z>
    </Rotation>
    <Handle>1538</Handle>
    <Bounds>
      <Vector3>
        <X>-3111.52344</X>
        <Y>1069.6947</Y>
        <Z>19.3085918</Z>
      </Vector3>
      <Vector3>
        <X>-3109.52246</X>
        <Y>1069.28284</Y>
        <Z>19.3003</Z>
      </Vector3>
      <Vector3>
        <X>-3110.4917</X>
        <Y>1074.70508</Y>
        <Z>19.3333</Z>
      </Vector3>
      <Vector3>
        <X>-3111.519</X>
        <Y>1069.68652</Y>
        <Z>20.76446</Z>
      </Vector3>
      <Vector3>
        <X>-3108.491</X>
        <Y>1074.29321</Y>
        <Z>19.3250084</Z>
      </Vector3>
      <Vector3>
        <X>-3109.51831</X>
        <Y>1069.27466</Y>
        <Z>20.75617</Z>
      </Vector3>
      <Vector3>
        <X>-3110.4873</X>
        <Y>1074.697</Y>
        <Z>20.7891674</Z>
      </Vector3>
      <Vector3>
        <X>-3108.48657</X>
        <Y>1074.28516</Y>
        <Z>20.7808781</Z>
      </Vector3>
    </Bounds>
    <CenterCamPosition>
      <X>0</X>
      <Y>0</Y>
    </CenterCamPosition>
    <ScreenBounds />
    <DistanceToCam>0</DistanceToCam>
    <Speed>16.0985641</Speed>
    <AccInput>0.220915079</AccInput>
    <RPM>0.642291248</RPM>
    <Gear>2</Gear>
    <SteeringAngle>4.028035E-05</SteeringAngle>
    <WheelSpeed>0</WheelSpeed>
    <CarType>Sports</CarType>
  </MyCar>
  <Peds />
  <Time>108595</Time>
  <LastFrameTime>0.0293897782</LastFrameTime>
  <MyProperty>0</MyProperty>
  <Weather>ExtraSunny</Weather>
  <Steering>127</Steering>
  <Acc>155</Acc>
  <Brake>127</Brake>
  <DayTime>06:56:31</DayTime>
  <Position>
    <X>-3109.857</X>
    <Y>1072.69727</Y>
    <Z>20.9479141</Z>
  </Position>
  <Rotation>
    <X>-0.23363167</X>
    <Y>0.680704653</Y>
    <Z>-11.6329765</Z>
  </Rotation>
</Screenshot>