<?xml version="1.0" encoding="utf-8"?>
<Screenshot xmlns:xsd="http://www.w3.org/2001/XMLSchema" xmlns:xsi="http://www.w3.org/2001/XMLSchema-instance">
  <Cars />
  <MyCar>
    <Position>
      <X>-3110.16284</X>
      <Y>1071.22632</Y>
      <Z>20.0407658</Z>
    </Position>
    <Rotation>
      <X>0.261678</X>
      <Y>0.150008336</Y>
      <Z>-11.633461</Z>
    </Rotation>
    <Handle>1538</Handle>
    <Bounds>
      <Vector3>
        <X>-3111.68018</X>
        <Y>1068.93079</Y>
        <Z>19.30382</Z>
      </Vector3>
      <Vector3>
        <X>-3109.67944</X>
        <Y>1068.5188</Y>
        <Z>19.2984715</Z>
      </Vector3>
      <Vector3>
        <X>-3110.64844</X>
        <Y>1073.94116</Y>
        <Z>19.3271828</Z>
      </Vector3>
      <Vector3>
        <X>-3111.67773</X>
        <Y>1068.92346</Y>
        <Z>20.759697</Z>
      </Vector3>
      <Vector3>
        <X>-3108.64771</X>
        <Y>1073.5293</Y>
        <Z>19.3218346</Z>
      </Vector3>
      <Vector3>
        <X>-3109.677</X>
        <Y>1068.51147</Y>
        <Z>20.7543488</Z>
      </Vector3>
      <Vector3>
        <X>-3110.646</X>
        <Y>1073.93384</Y>
        <Z>20.78306</Z>
      </Vector3>
      <Vector3>
        <X>-3108.64526</X>
        <Y>1073.522</Y>
        <Z>20.7777119</Z>
      </Vector3>
    </Bounds>
    <CenterCamPosition>
      <X>0</X>
      <Y>0</Y>
    </CenterCamPosition>
    <ScreenBounds />
    <DistanceToCam>0</DistanceToCam>
    <Speed>16.058609</Speed>
    <AccInput>0.220915079</AccInput>
    <RPM>0.640344739</RPM>
    <Gear>2</Gear>
    <SteeringAngle>5.965819E-05</SteeringAngle>
    <WheelSpeed>0</WheelSpeed>
    <CarType>Sports</CarType>
  </MyCar>
  <Peds />
  <Time>108546</Time>
  <LastFrameTime>0.0313080736</LastFrameTime>
  <MyProperty>0</MyProperty>
  <Weather>ExtraSunny</Weather>
  <Steering>127</Steering>
  <Acc>155</Acc>
  <Brake>127</Brake>
  <DayTime>06:56:29</DayTime>
  <Position>
    <X>-3110.02173</X>
    <Y>1071.90515</Y>
    <Z>20.9435062</Z>
  </Position>
  <Rotation>
    <X>-0.242808029</X>
    <Y>0.59484154</Y>
    <Z>-11.6341705</Z>
  </Rotation>
</Screenshot>