<?xml version="1.0" encoding="utf-8"?>
<Screenshot xmlns:xsd="http://www.w3.org/2001/XMLSchema" xmlns:xsi="http://www.w3.org/2001/XMLSchema-instance">
  <Cars />
  <MyCar>
    <Position>
      <X>-3110.10083</X>
      <Y>1071.52661</Y>
      <Z>20.0423489</Z>
    </Position>
    <Rotation>
      <X>0.26636833</X>
      <Y>0.180704683</Y>
      <Z>-11.6329775</Z>
    </Rotation>
    <Handle>1538</Handle>
    <Bounds>
      <Vector3>
        <X>-3111.61841</X>
        <Y>1069.2312</Y>
        <Z>19.30574</Z>
      </Vector3>
      <Vector3>
        <X>-3109.61768</X>
        <Y>1068.81921</Y>
        <Z>19.2993</Z>
      </Vector3>
      <Vector3>
        <X>-3110.587</X>
        <Y>1074.24158</Y>
        <Z>19.3295231</Z>
      </Vector3>
      <Vector3>
        <X>-3111.61523</X>
        <Y>1069.22363</Y>
        <Z>20.7616158</Z>
      </Vector3>
      <Vector3>
        <X>-3108.58618</X>
        <Y>1073.82971</Y>
        <Z>19.32308</Z>
      </Vector3>
      <Vector3>
        <X>-3109.6145</X>
        <Y>1068.81165</Y>
        <Z>20.7551746</Z>
      </Vector3>
      <Vector3>
        <X>-3110.58374</X>
        <Y>1074.234</Y>
        <Z>20.7853985</Z>
      </Vector3>
      <Vector3>
        <X>-3108.583</X>
        <Y>1073.82214</Y>
        <Z>20.7789555</Z>
      </Vector3>
    </Bounds>
    <CenterCamPosition>
      <X>0</X>
      <Y>0</Y>
    </CenterCamPosition>
    <ScreenBounds />
    <DistanceToCam>0</DistanceToCam>
    <Speed>16.07439</Speed>
    <AccInput>0.220915079</AccInput>
    <RPM>0.6413808</RPM>
    <Gear>2</Gear>
    <SteeringAngle>5.13230443E-05</SteeringAngle>
    <WheelSpeed>0</WheelSpeed>
    <CarType>Sports</CarType>
  </MyCar>
  <Peds />
  <Time>108565</Time>
  <LastFrameTime>0.0190774612</LastFrameTime>
  <MyProperty>0</MyProperty>
  <Weather>ExtraSunny</Weather>
  <Steering>127</Steering>
  <Acc>155</Acc>
  <Brake>127</Brake>
  <DayTime>06:56:30</DayTime>
  <Position>
    <X>-3109.91943</X>
    <Y>1072.39709</Y>
    <Z>20.9462337</Z>
  </Position>
  <Rotation>
    <X>-0.23832199</X>
    <Y>0.6500084</Y>
    <Z>-11.6334591</Z>
  </Rotation>
</Screenshot>