<?xml version="1.0" encoding="utf-8"?>
<Screenshot xmlns:xsd="http://www.w3.org/2001/XMLSchema" xmlns:xsi="http://www.w3.org/2001/XMLSchema-instance">
  <Cars />
  <MyCar>
    <Position>
      <X>-3109.776</X>
      <Y>1073.10059</Y>
      <Z>20.05052</Z>
    </Position>
    <Rotation>
      <X>0.298338741</X>
      <Y>0.3492342</Y>
      <Z>-11.6297865</Z>
    </Rotation>
    <Handle>1538</Handle>
    <Bounds>
      <Vector3>
        <X>-3111.29541</X>
        <Y>1070.80591</Y>
        <Z>19.3155</Z>
      </Vector3>
      <Vector3>
        <X>-3109.29468</X>
        <Y>1070.394</Y>
        <Z>19.303051</Z>
      </Vector3>
      <Vector3>
        <X>-3110.264</X>
        <Y>1075.81641</Y>
        <Z>19.3421383</Z>
      </Vector3>
      <Vector3>
        <X>-3111.28833</X>
        <Y>1070.79663</Y>
        <Z>20.7713528</Z>
      </Vector3>
      <Vector3>
        <X>-3108.26318</X>
        <Y>1075.40454</Y>
        <Z>19.3296871</Z>
      </Vector3>
      <Vector3>
        <X>-3109.2876</X>
        <Y>1070.38489</Y>
        <Z>20.7589016</Z>
      </Vector3>
      <Vector3>
        <X>-3110.25684</X>
        <Y>1075.80713</Y>
        <Z>20.7979889</Z>
      </Vector3>
      <Vector3>
        <X>-3108.256</X>
        <Y>1075.39539</Y>
        <Z>20.7855377</Z>
      </Vector3>
    </Bounds>
    <CenterCamPosition>
      <X>0</X>
      <Y>0</Y>
    </CenterCamPosition>
    <ScreenBounds />
    <DistanceToCam>0</DistanceToCam>
    <Speed>16.1560822</Speed>
    <AccInput>0.220915079</AccInput>
    <RPM>0.64476943</RPM>
    <Gear>2</Gear>
    <SteeringAngle>2.28625759E-05</SteeringAngle>
    <WheelSpeed>0</WheelSpeed>
    <CarType>Sports</CarType>
  </MyCar>
  <Peds />
  <Time>108665</Time>
  <LastFrameTime>0.0196276288</LastFrameTime>
  <MyProperty>0</MyProperty>
  <Weather>ExtraSunny</Weather>
  <Steering>127</Steering>
  <Acc>155</Acc>
  <Brake>127</Brake>
  <DayTime>06:56:33</DayTime>
  <Position>
    <X>-3109.594</X>
    <Y>1073.96</Y>
    <Z>20.95501</Z>
  </Position>
  <Rotation>
    <X>-0.2065652</X>
    <Y>0.818043351</Y>
    <Z>-11.6304426</Z>
  </Rotation>
</Screenshot>