<?xml version="1.0" encoding="utf-8"?>
<Screenshot xmlns:xsd="http://www.w3.org/2001/XMLSchema" xmlns:xsi="http://www.w3.org/2001/XMLSchema-instance">
  <Cars />
  <MyCar>
    <Position>
      <X>-3109.93628</X>
      <Y>1072.323</Y>
      <Z>20.04648</Z>
    </Position>
    <Rotation>
      <X>0.2832123</X>
      <Y>0.2663137</Y>
      <Z>-11.6314573</Z>
    </Rotation>
    <Handle>1538</Handle>
    <Bounds>
      <Vector3>
        <X>-3111.45483</X>
        <Y>1070.028</Y>
        <Z>19.3106518</Z>
      </Vector3>
      <Vector3>
        <X>-3109.454</X>
        <Y>1069.61609</Y>
        <Z>19.301157</Z>
      </Vector3>
      <Vector3>
        <X>-3110.42334</X>
        <Y>1075.03845</Y>
        <Z>19.3359375</Z>
      </Vector3>
      <Vector3>
        <X>-3111.44971</X>
        <Y>1070.01953</Y>
        <Z>20.7665157</Z>
      </Vector3>
      <Vector3>
        <X>-3108.42261</X>
        <Y>1074.62659</Y>
        <Z>19.3264427</Z>
      </Vector3>
      <Vector3>
        <X>-3109.449</X>
        <Y>1069.60767</Y>
        <Z>20.7570229</Z>
      </Vector3>
      <Vector3>
        <X>-3110.41821</X>
        <Y>1075.03</Y>
        <Z>20.7918034</Z>
      </Vector3>
      <Vector3>
        <X>-3108.41748</X>
        <Y>1074.61816</Y>
        <Z>20.7823086</Z>
      </Vector3>
    </Bounds>
    <CenterCamPosition>
      <X>0</X>
      <Y>0</Y>
    </CenterCamPosition>
    <ScreenBounds />
    <DistanceToCam>0</DistanceToCam>
    <Speed>16.11589</Speed>
    <AccInput>0.220915079</AccInput>
    <RPM>0.643133</RPM>
    <Gear>2</Gear>
    <SteeringAngle>3.405784E-05</SteeringAngle>
    <WheelSpeed>0</WheelSpeed>
    <CarType>Sports</CarType>
  </MyCar>
  <Peds />
  <Time>108616</Time>
  <LastFrameTime>0.0211127419</LastFrameTime>
  <MyProperty>0</MyProperty>
  <Weather>ExtraSunny</Weather>
  <Steering>127</Steering>
  <Acc>155</Acc>
  <Brake>127</Brake>
  <DayTime>06:56:31</DayTime>
  <Position>
    <X>-3109.7605</X>
    <Y>1073.16016</Y>
    <Z>20.9505119</Z>
  </Position>
  <Rotation>
    <X>-0.22326234</X>
    <Y>0.7325135</Y>
    <Z>-11.6321087</Z>
  </Rotation>
</Screenshot>