<?xml version="1.0" encoding="utf-8"?>
<Screenshot xmlns:xsd="http://www.w3.org/2001/XMLSchema" xmlns:xsi="http://www.w3.org/2001/XMLSchema-instance">
  <Cars />
  <MyCar>
    <Position>
      <X>-3109.67749</X>
      <Y>1073.57727</Y>
      <Z>20.05289</Z>
    </Position>
    <Rotation>
      <X>0.301045537</X>
      <Y>0.38388148</Y>
      <Z>-11.6290379</Z>
    </Rotation>
    <Handle>1538</Handle>
    <Bounds>
      <Vector3>
        <X>-3111.19751</X>
        <Y>1071.28271</Y>
        <Z>19.31837</Z>
      </Vector3>
      <Vector3>
        <X>-3109.19678</X>
        <Y>1070.871</Y>
        <Z>19.3046856</Z>
      </Vector3>
      <Vector3>
        <X>-3110.166</X>
        <Y>1076.29321</Y>
        <Z>19.34525</Z>
      </Vector3>
      <Vector3>
        <X>-3111.18945</X>
        <Y>1071.27319</Y>
        <Z>20.7742176</Z>
      </Vector3>
      <Vector3>
        <X>-3108.16528</X>
        <Y>1075.88135</Y>
        <Z>19.3315639</Z>
      </Vector3>
      <Vector3>
        <X>-3109.18872</X>
        <Y>1070.86145</Y>
        <Z>20.76053</Z>
      </Vector3>
      <Vector3>
        <X>-3110.158</X>
        <Y>1076.28369</Y>
        <Z>20.801096</Z>
      </Vector3>
      <Vector3>
        <X>-3108.15723</X>
        <Y>1075.872</Y>
        <Z>20.7874088</Z>
      </Vector3>
    </Bounds>
    <CenterCamPosition>
      <X>0</X>
      <Y>0</Y>
    </CenterCamPosition>
    <ScreenBounds />
    <DistanceToCam>0</DistanceToCam>
    <Speed>16.1806145</Speed>
    <AccInput>0.220915079</AccInput>
    <RPM>0.645503163</RPM>
    <Gear>2</Gear>
    <SteeringAngle>1.78352821E-05</SteeringAngle>
    <WheelSpeed>0</WheelSpeed>
    <CarType>Sports</CarType>
  </MyCar>
  <Peds />
  <Time>108695</Time>
  <LastFrameTime>0.0300919954</LastFrameTime>
  <MyProperty>0</MyProperty>
  <Weather>ExtraSunny</Weather>
  <Steering>127</Steering>
  <Acc>155</Acc>
  <Brake>127</Brake>
  <DayTime>06:56:34</DayTime>
  <Position>
    <X>-3109.52954</X>
    <Y>1074.27026</Y>
    <Z>20.95674</Z>
  </Position>
  <Rotation>
    <X>-0.201661274</X>
    <Y>0.8492342</Y>
    <Z>-11.6297855</Z>
  </Rotation>
</Screenshot>