<?xml version="1.0" encoding="utf-8"?>
<Screenshot xmlns:xsd="http://www.w3.org/2001/XMLSchema" xmlns:xsi="http://www.w3.org/2001/XMLSchema-instance">
  <Cars />
  <MyCar>
    <Position>
      <X>-3109.83984</X>
      <Y>1072.79016</Y>
      <Z>20.04889</Z>
    </Position>
    <Rotation>
      <X>0.293434829</X>
      <Y>0.3180433</Y>
      <Z>-11.6304417</Z>
    </Rotation>
    <Handle>1538</Handle>
    <Bounds>
      <Vector3>
        <X>-3111.359</X>
        <Y>1070.49536</Y>
        <Z>19.31353</Z>
      </Vector3>
      <Vector3>
        <X>-3109.35815</X>
        <Y>1070.0835</Y>
        <Z>19.30219</Z>
      </Vector3>
      <Vector3>
        <X>-3110.32764</X>
        <Y>1075.50586</Y>
        <Z>19.33973</Z>
      </Vector3>
      <Vector3>
        <X>-3111.35254</X>
        <Y>1070.48645</Y>
        <Z>20.7693882</Z>
      </Vector3>
      <Vector3>
        <X>-3108.327</X>
        <Y>1075.094</Y>
        <Z>19.32839</Z>
      </Vector3>
      <Vector3>
        <X>-3109.35181</X>
        <Y>1070.07458</Y>
        <Z>20.758049</Z>
      </Vector3>
      <Vector3>
        <X>-3110.32129</X>
        <Y>1075.49683</Y>
        <Z>20.7955856</Z>
      </Vector3>
      <Vector3>
        <X>-3108.32031</X>
        <Y>1075.08508</Y>
        <Z>20.7842464</Z>
      </Vector3>
    </Bounds>
    <CenterCamPosition>
      <X>0</X>
      <Y>0</Y>
    </CenterCamPosition>
    <ScreenBounds />
    <DistanceToCam>0</DistanceToCam>
    <Speed>16.1400375</Speed>
    <AccInput>0.220915079</AccInput>
    <RPM>0.643925846</RPM>
    <Gear>2</Gear>
    <SteeringAngle>2.66923344E-05</SteeringAngle>
    <WheelSpeed>0</WheelSpeed>
    <CarType>Sports</CarType>
  </MyCar>
  <Peds />
  <Time>108645</Time>
  <LastFrameTime>0.0295685139</LastFrameTime>
  <MyProperty>0</MyProperty>
  <Weather>ExtraSunny</Weather>
  <Steering>127</Steering>
  <Acc>155</Acc>
  <Brake>127</Brake>
  <DayTime>06:56:32</DayTime>
  <Position>
    <X>-3109.69116</X>
    <Y>1073.49316</Y>
    <Z>20.95239</Z>
  </Position>
  <Rotation>
    <X>-0.216787726</X>
    <Y>0.766313732</Y>
    <Z>-11.6314573</Z>
  </Rotation>
</Screenshot>