<?xml version="1.0" encoding="utf-8"?>
<Screenshot xmlns:xsd="http://www.w3.org/2001/XMLSchema" xmlns:xsi="http://www.w3.org/2001/XMLSchema-instance">
  <Cars />
  <MyCar>
    <Position>
      <X>-3109.51343</X>
      <Y>1074.37048</Y>
      <Z>20.056942</Z>
    </Position>
    <Rotation>
      <X>0.305640519</X>
      <Y>0.439890742</Y>
      <Z>-11.6350479</Z>
    </Rotation>
    <Handle>1538</Handle>
    <Bounds>
      <Vector3>
        <X>-3111.03418</X>
        <Y>1072.07629</Y>
        <Z>19.3232212</Z>
      </Vector3>
      <Vector3>
        <X>-3109.03369</X>
        <Y>1071.66431</Y>
        <Z>19.307539</Z>
      </Vector3>
      <Vector3>
        <X>-3110.00244</X>
        <Y>1077.08667</Y>
        <Z>19.35051</Z>
      </Vector3>
      <Vector3>
        <X>-3111.025</X>
        <Y>1072.06641</Y>
        <Z>20.7790565</Z>
      </Vector3>
      <Vector3>
        <X>-3108.00171</X>
        <Y>1076.67468</Y>
        <Z>19.3348274</Z>
      </Vector3>
      <Vector3>
        <X>-3109.02417</X>
        <Y>1071.65442</Y>
        <Z>20.7633724</Z>
      </Vector3>
      <Vector3>
        <X>-3109.993</X>
        <Y>1077.07678</Y>
        <Z>20.806345</Z>
      </Vector3>
      <Vector3>
        <X>-3107.99243</X>
        <Y>1076.66479</Y>
        <Z>20.79066</Z>
      </Vector3>
    </Bounds>
    <CenterCamPosition>
      <X>0</X>
      <Y>0</Y>
    </CenterCamPosition>
    <ScreenBounds />
    <DistanceToCam>0</DistanceToCam>
    <Speed>16.2214775</Speed>
    <AccInput>0.220915079</AccInput>
    <RPM>0.647020459</RPM>
    <Gear>2</Gear>
    <SteeringAngle>1.19158412E-05</SteeringAngle>
    <WheelSpeed>0</WheelSpeed>
    <CarType>Sports</CarType>
  </MyCar>
  <Peds />
  <Time>108745</Time>
  <LastFrameTime>0.0272021387</LastFrameTime>
  <MyProperty>0</MyProperty>
  <Weather>ExtraSunny</Weather>
  <Steering>127</Steering>
  <Acc>155</Acc>
  <Brake>127</Brake>
  <DayTime>06:56:35</DayTime>
  <Position>
    <X>-3109.35547</X>
    <Y>1075.10791</Y>
    <Z>20.96104</Z>
  </Position>
  <Rotation>
    <X>-0.196596</X>
    <Y>0.910470545</Y>
    <Z>-11.6294947</Z>
  </Rotation>
</Screenshot>