<?xml version="1.0" encoding="utf-8"?>
<Screenshot xmlns:xsd="http://www.w3.org/2001/XMLSchema" xmlns:xsi="http://www.w3.org/2001/XMLSchema-instance">
  <Cars />
  <MyCar>
    <Position>
      <X>-3109.60278</X>
      <Y>1073.93848</Y>
      <Z>20.0547218</Z>
    </Position>
    <Rotation>
      <X>0.303404033</X>
      <Y>0.410470337</Y>
      <Z>-11.6294947</Z>
    </Rotation>
    <Handle>1538</Handle>
    <Bounds>
      <Vector3>
        <X>-3111.123</X>
        <Y>1071.644</Y>
        <Z>19.3205738</Z>
      </Vector3>
      <Vector3>
        <X>-3109.12231</X>
        <Y>1071.23218</Y>
        <Z>19.30594</Z>
      </Vector3>
      <Vector3>
        <X>-3110.09155</X>
        <Y>1076.65442</Y>
        <Z>19.347662</Z>
      </Vector3>
      <Vector3>
        <X>-3111.1145</X>
        <Y>1071.63428</Y>
        <Z>20.7764149</Z>
      </Vector3>
      <Vector3>
        <X>-3108.09082</X>
        <Y>1076.24268</Y>
        <Z>19.3330288</Z>
      </Vector3>
      <Vector3>
        <X>-3109.11353</X>
        <Y>1071.22253</Y>
        <Z>20.76178</Z>
      </Vector3>
      <Vector3>
        <X>-3110.083</X>
        <Y>1076.64478</Y>
        <Z>20.803503</Z>
      </Vector3>
      <Vector3>
        <X>-3108.08228</X>
        <Y>1076.233</Y>
        <Z>20.788868</Z>
      </Vector3>
    </Bounds>
    <CenterCamPosition>
      <X>0</X>
      <Y>0</Y>
    </CenterCamPosition>
    <ScreenBounds />
    <DistanceToCam>0</DistanceToCam>
    <Speed>16.199255</Speed>
    <AccInput>0.220915079</AccInput>
    <RPM>0.6462961</RPM>
    <Gear>2</Gear>
    <SteeringAngle>1.48683921E-05</SteeringAngle>
    <WheelSpeed>0</WheelSpeed>
    <CarType>Sports</CarType>
  </MyCar>
  <Peds />
  <Time>108718</Time>
  <LastFrameTime>0.02277752</LastFrameTime>
  <MyProperty>0</MyProperty>
  <Weather>ExtraSunny</Weather>
  <Steering>127</Steering>
  <Acc>155</Acc>
  <Brake>127</Brake>
  <DayTime>06:56:34</DayTime>
  <Position>
    <X>-3109.43066</X>
    <Y>1074.74683</Y>
    <Z>20.9591637</Z>
  </Position>
  <Rotation>
    <X>-0.198954448</X>
    <Y>0.88388133</Y>
    <Z>-11.6290379</Z>
  </Rotation>
</Screenshot>