<?xml version="1.0" encoding="utf-8"?>
<Screenshot xmlns:xsd="http://www.w3.org/2001/XMLSchema" xmlns:xsi="http://www.w3.org/2001/XMLSchema-instance">
  <Cars />
  <MyCar>
    <Position>
      <X>-3109.35034</X>
      <Y>1075.16138</Y>
      <Z>20.06064</Z>
    </Position>
    <Rotation>
      <X>0.2961621</X>
      <Y>0.424548537</Y>
      <Z>-11.6401653</Z>
    </Rotation>
    <Handle>1538</Handle>
    <Bounds>
      <Vector3>
        <X>-3110.87134</X>
        <Y>1072.86707</Y>
        <Z>19.3270683</Z>
      </Vector3>
      <Vector3>
        <X>-3108.87061</X>
        <Y>1072.455</Y>
        <Z>19.3119316</Z>
      </Vector3>
      <Vector3>
        <X>-3109.83887</X>
        <Y>1077.87744</Y>
        <Z>19.35351</Z>
      </Vector3>
      <Vector3>
        <X>-3110.862</X>
        <Y>1072.85754</Y>
        <Z>20.7829056</Z>
      </Vector3>
      <Vector3>
        <X>-3107.83813</X>
        <Y>1077.46521</Y>
        <Z>19.3383732</Z>
      </Vector3>
      <Vector3>
        <X>-3108.86157</X>
        <Y>1072.44543</Y>
        <Z>20.76777</Z>
      </Vector3>
      <Vector3>
        <X>-3109.82983</X>
        <Y>1077.8678</Y>
        <Z>20.8093472</Z>
      </Vector3>
      <Vector3>
        <X>-3107.829</X>
        <Y>1077.45569</Y>
        <Z>20.7942123</Z>
      </Vector3>
    </Bounds>
    <CenterCamPosition>
      <X>0</X>
      <Y>0</Y>
    </CenterCamPosition>
    <ScreenBounds />
    <DistanceToCam>0</DistanceToCam>
    <Speed>16.2615223</Speed>
    <AccInput>0.220915079</AccInput>
    <RPM>0.648504436</RPM>
    <Gear>2</Gear>
    <SteeringAngle>0.49949345</SteeringAngle>
    <WheelSpeed>0</WheelSpeed>
    <CarType>Sports</CarType>
  </MyCar>
  <Peds />
  <Time>108795</Time>
  <LastFrameTime>0.0310604535</LastFrameTime>
  <MyProperty>0</MyProperty>
  <Weather>ExtraSunny</Weather>
  <Steering>120</Steering>
  <Acc>155</Acc>
  <Brake>127</Brake>
  <DayTime>06:56:37</DayTime>
  <Position>
    <X>-3109.20435</X>
    <Y>1075.83618</Y>
    <Z>20.9646111</Z>
  </Position>
  <Rotation>
    <X>-0.19873862</X>
    <Y>0.938703239</Y>
    <Z>-11.6389742</Z>
  </Rotation>
</Screenshot>