<?xml version="1.0" encoding="utf-8"?>
<Screenshot xmlns:xsd="http://www.w3.org/2001/XMLSchema" xmlns:xsi="http://www.w3.org/2001/XMLSchema-instance">
  <Cars />
  <MyCar>
    <Position>
      <X>-3109.45239</X>
      <Y>1074.66687</Y>
      <Z>20.05834</Z>
    </Position>
    <Rotation>
      <X>0.301261365</X>
      <Y>0.4387032</Y>
      <Z>-11.6389742</Z>
    </Rotation>
    <Handle>1538</Handle>
    <Bounds>
      <Vector3>
        <X>-3110.97339</X>
        <Y>1072.37268</Y>
        <Z>19.3247929</Z>
      </Vector3>
      <Vector3>
        <X>-3108.97266</X>
        <Y>1071.96057</Y>
        <Z>19.3091526</Z>
      </Vector3>
      <Vector3>
        <X>-3109.94116</X>
        <Y>1077.38293</Y>
        <Z>19.35169</Z>
      </Vector3>
      <Vector3>
        <X>-3110.964</X>
        <Y>1072.36292</Y>
        <Z>20.7806282</Z>
      </Vector3>
      <Vector3>
        <X>-3107.94043</X>
        <Y>1076.97083</Y>
        <Z>19.33605</Z>
      </Vector3>
      <Vector3>
        <X>-3108.96338</X>
        <Y>1071.95081</Y>
        <Z>20.7649879</Z>
      </Vector3>
      <Vector3>
        <X>-3109.932</X>
        <Y>1077.37329</Y>
        <Z>20.8075256</Z>
      </Vector3>
      <Vector3>
        <X>-3107.93115</X>
        <Y>1076.96118</Y>
        <Z>20.7918854</Z>
      </Vector3>
    </Bounds>
    <CenterCamPosition>
      <X>0</X>
      <Y>0</Y>
    </CenterCamPosition>
    <ScreenBounds />
    <DistanceToCam>0</DistanceToCam>
    <Speed>16.236515</Speed>
    <AccInput>0.220915079</AccInput>
    <RPM>0.6480741</RPM>
    <Gear>2</Gear>
    <SteeringAngle>1.02948252E-05</SteeringAngle>
    <WheelSpeed>0</WheelSpeed>
    <CarType>Sports</CarType>
  </MyCar>
  <Peds />
  <Time>108764</Time>
  <LastFrameTime>0.0186445881</LastFrameTime>
  <MyProperty>0</MyProperty>
  <Weather>ExtraSunny</Weather>
  <Steering>127</Steering>
  <Acc>155</Acc>
  <Brake>127</Brake>
  <DayTime>06:56:36</DayTime>
  <Position>
    <X>-3109.26563</X>
    <Y>1075.53967</Y>
    <Z>20.9633026</Z>
  </Position>
  <Rotation>
    <X>-0.194359511</X>
    <Y>0.939890742</Y>
    <Z>-11.6350489</Z>
  </Rotation>
</Screenshot>