<?xml version="1.0" encoding="utf-8"?>
<Screenshot xmlns:xsd="http://www.w3.org/2001/XMLSchema" xmlns:xsi="http://www.w3.org/2001/XMLSchema-instance">
  <Cars />
  <MyCar>
    <Position>
      <X>-3109.02612</X>
      <Y>1076.75439</Y>
      <Z>20.0680466</Z>
    </Position>
    <Rotation>
      <X>0.287222773</X>
      <Y>0.341742277</Y>
      <Z>-11.5425968</Z>
    </Rotation>
    <Handle>1538</Handle>
    <Bounds>
      <Vector3>
        <X>-3110.542</X>
        <Y>1074.45728</Y>
        <Z>19.33339</Z>
      </Vector3>
      <Vector3>
        <X>-3108.54077</X>
        <Y>1074.04846</Y>
        <Z>19.3212051</Z>
      </Vector3>
      <Vector3>
        <X>-3109.51831</X>
        <Y>1079.46924</Y>
        <Z>19.3590336</Z>
      </Vector3>
      <Vector3>
        <X>-3110.535</X>
        <Y>1074.44836</Y>
        <Z>20.7892437</Z>
      </Vector3>
      <Vector3>
        <X>-3107.51685</X>
        <Y>1079.06055</Y>
        <Z>19.34685</Z>
      </Vector3>
      <Vector3>
        <X>-3108.53369</X>
        <Y>1074.03955</Y>
        <Z>20.77706</Z>
      </Vector3>
      <Vector3>
        <X>-3109.51123</X>
        <Y>1079.46033</Y>
        <Z>20.8148861</Z>
      </Vector3>
      <Vector3>
        <X>-3107.51</X>
        <Y>1079.05164</Y>
        <Z>20.8027039</Z>
      </Vector3>
    </Bounds>
    <CenterCamPosition>
      <X>0</X>
      <Y>0</Y>
    </CenterCamPosition>
    <ScreenBounds />
    <DistanceToCam>0</DistanceToCam>
    <Speed>16.34098</Speed>
    <AccInput>0.220915079</AccInput>
    <RPM>0.6517332</RPM>
    <Gear>2</Gear>
    <SteeringAngle>1.87624443</SteeringAngle>
    <WheelSpeed>0</WheelSpeed>
    <CarType>Sports</CarType>
  </MyCar>
  <Peds />
  <Time>108894</Time>
  <LastFrameTime>0.0276896264</LastFrameTime>
  <MyProperty>0</MyProperty>
  <Weather>ExtraSunny</Weather>
  <Steering>118</Steering>
  <Acc>155</Acc>
  <Brake>127</Brake>
  <DayTime>06:56:40</DayTime>
  <Position>
    <X>-3108.86938</X>
    <Y>1077.481</Y>
    <Z>20.9720249</Z>
  </Position>
  <Rotation>
    <X>-0.217430219</X>
    <Y>0.8779005</Y>
    <Z>-11.591157</Z>
  </Rotation>
</Screenshot>