<?xml version="1.0" encoding="utf-8"?>
<Screenshot xmlns:xsd="http://www.w3.org/2001/XMLSchema" xmlns:xsi="http://www.w3.org/2001/XMLSchema-instance">
  <Cars />
  <MyCar>
    <Position>
      <X>-3109.28735</X>
      <Y>1075.46692</Y>
      <Z>20.0621</Z>
    </Position>
    <Rotation>
      <X>0.292561263</X>
      <Y>0.4131243</Y>
      <Z>-11.6367359</Z>
    </Rotation>
    <Handle>1538</Handle>
    <Bounds>
      <Vector3>
        <X>-3110.80786</X>
        <Y>1073.17249</Y>
        <Z>19.3284817</Z>
      </Vector3>
      <Vector3>
        <X>-3108.80737</X>
        <Y>1072.7605</Y>
        <Z>19.3137531</Z>
      </Vector3>
      <Vector3>
        <X>-3109.776</X>
        <Y>1078.18286</Y>
        <Z>19.3546028</Z>
      </Vector3>
      <Vector3>
        <X>-3110.799</X>
        <Y>1073.16309</Y>
        <Z>20.7843246</Z>
      </Vector3>
      <Vector3>
        <X>-3107.77515</X>
        <Y>1077.77087</Y>
        <Z>19.3398743</Z>
      </Vector3>
      <Vector3>
        <X>-3108.79858</X>
        <Y>1072.7511</Y>
        <Z>20.7695942</Z>
      </Vector3>
      <Vector3>
        <X>-3109.767</X>
        <Y>1078.17346</Y>
        <Z>20.8104439</Z>
      </Vector3>
      <Vector3>
        <X>-3107.76636</X>
        <Y>1077.76147</Y>
        <Z>20.7957153</Z>
      </Vector3>
    </Bounds>
    <CenterCamPosition>
      <X>0</X>
      <Y>0</Y>
    </CenterCamPosition>
    <ScreenBounds />
    <DistanceToCam>0</DistanceToCam>
    <Speed>16.2769489</Speed>
    <AccInput>0.220915079</AccInput>
    <RPM>0.649322331</RPM>
    <Gear>2</Gear>
    <SteeringAngle>0.7965032</SteeringAngle>
    <WheelSpeed>0</WheelSpeed>
    <CarType>Sports</CarType>
  </MyCar>
  <Peds />
  <Time>108814</Time>
  <LastFrameTime>0.019171793</LastFrameTime>
  <MyProperty>0</MyProperty>
  <Weather>ExtraSunny</Weather>
  <Steering>119</Steering>
  <Acc>155</Acc>
  <Brake>127</Brake>
  <DayTime>06:56:37</DayTime>
  <Position>
    <X>-3109.10254</X>
    <Y>1076.33081</Y>
    <Z>20.9668064</Z>
  </Position>
  <Rotation>
    <X>-0.203837872</X>
    <Y>0.924548447</Y>
    <Z>-11.6401644</Z>
  </Rotation>
</Screenshot>