<?xml version="1.0" encoding="utf-8"?>
<Screenshot xmlns:xsd="http://www.w3.org/2001/XMLSchema" xmlns:xsi="http://www.w3.org/2001/XMLSchema-instance">
  <Cars />
  <MyCar>
    <Position>
      <X>-3109.18579</X>
      <Y>1075.964</Y>
      <Z>20.0644932</Z>
    </Position>
    <Rotation>
      <X>0.285946548</X>
      <Y>0.394469678</Y>
      <Z>-11.616</Z>
    </Rotation>
    <Handle>1538</Handle>
    <Bounds>
      <Vector3>
        <X>-3110.70532</X>
        <Y>1073.66882</Y>
        <Z>19.3308372</Z>
      </Vector3>
      <Vector3>
        <X>-3108.70459</X>
        <Y>1073.25757</Y>
        <Z>19.3167725</Z>
      </Vector3>
      <Vector3>
        <X>-3109.675</X>
        <Y>1078.67957</Y>
        <Z>19.3563671</Z>
      </Vector3>
      <Vector3>
        <X>-3110.697</X>
        <Y>1073.65979</Y>
        <Z>20.7866821</Z>
      </Vector3>
      <Vector3>
        <X>-3107.67432</X>
        <Y>1078.26831</Y>
        <Z>19.3423023</Z>
      </Vector3>
      <Vector3>
        <X>-3108.696</X>
        <Y>1073.24841</Y>
        <Z>20.77262</Z>
      </Vector3>
      <Vector3>
        <X>-3109.66675</X>
        <Y>1078.67041</Y>
        <Z>20.812212</Z>
      </Vector3>
      <Vector3>
        <X>-3107.666</X>
        <Y>1078.25916</Y>
        <Z>20.79815</Z>
      </Vector3>
    </Bounds>
    <CenterCamPosition>
      <X>0</X>
      <Y>0</Y>
    </CenterCamPosition>
    <ScreenBounds />
    <DistanceToCam>0</DistanceToCam>
    <Speed>16.30178</Speed>
    <AccInput>0.220915079</AccInput>
    <RPM>0.6501272</RPM>
    <Gear>2</Gear>
    <SteeringAngle>1.30644643</SteeringAngle>
    <WheelSpeed>0</WheelSpeed>
    <CarType>Sports</CarType>
  </MyCar>
  <Peds />
  <Time>108845</Time>
  <LastFrameTime>0.0311274789</LastFrameTime>
  <MyProperty>0</MyProperty>
  <Weather>ExtraSunny</Weather>
  <Steering>118</Steering>
  <Acc>155</Acc>
  <Brake>127</Brake>
  <DayTime>06:56:38</DayTime>
  <Position>
    <X>-3109.03979</X>
    <Y>1076.63647</Y>
    <Z>20.9681911</Z>
  </Position>
  <Rotation>
    <X>-0.207438737</X>
    <Y>0.9131243</Y>
    <Z>-11.6367359</Z>
  </Rotation>
</Screenshot>