<?xml version="1.0" encoding="utf-8"?>
<Screenshot xmlns:xsd="http://www.w3.org/2001/XMLSchema" xmlns:xsi="http://www.w3.org/2001/XMLSchema-instance">
  <Cars />
  <MyCar>
    <Position>
      <X>-3109.11548</X>
      <Y>1076.311</Y>
      <Z>20.0661373</Z>
    </Position>
    <Rotation>
      <X>0.282569766</X>
      <Y>0.37790066</Y>
      <Z>-11.591156</Z>
    </Rotation>
    <Handle>1538</Handle>
    <Bounds>
      <Vector3>
        <X>-3110.63379</X>
        <Y>1074.01514</Y>
        <Z>19.3323345</Z>
      </Vector3>
      <Vector3>
        <X>-3108.63281</X>
        <Y>1073.60474</Y>
        <Z>19.318861</Z>
      </Vector3>
      <Vector3>
        <X>-3109.60571</X>
        <Y>1079.02637</Y>
        <Z>19.357563</Z>
      </Vector3>
      <Vector3>
        <X>-3110.626</X>
        <Y>1074.00623</Y>
        <Z>20.7881832</Z>
      </Vector3>
      <Vector3>
        <X>-3107.60474</X>
        <Y>1078.616</Y>
        <Z>19.34409</Z>
      </Vector3>
      <Vector3>
        <X>-3108.62476</X>
        <Y>1073.59583</Y>
        <Z>20.77471</Z>
      </Vector3>
      <Vector3>
        <X>-3109.598</X>
        <Y>1079.01733</Y>
        <Z>20.8134117</Z>
      </Vector3>
      <Vector3>
        <X>-3107.597</X>
        <Y>1078.60693</Y>
        <Z>20.7999382</Z>
      </Vector3>
    </Bounds>
    <CenterCamPosition>
      <X>0</X>
      <Y>0</Y>
    </CenterCamPosition>
    <ScreenBounds />
    <DistanceToCam>0</DistanceToCam>
    <Speed>16.3189774</Speed>
    <AccInput>0.220915079</AccInput>
    <RPM>0.6509154</RPM>
    <Gear>2</Gear>
    <SteeringAngle>1.58125079</SteeringAngle>
    <WheelSpeed>0</WheelSpeed>
    <CarType>Sports</CarType>
  </MyCar>
  <Peds />
  <Time>108867</Time>
  <LastFrameTime>0.0217079036</LastFrameTime>
  <MyProperty>0</MyProperty>
  <Weather>ExtraSunny</Weather>
  <Steering>118</Steering>
  <Acc>155</Acc>
  <Brake>127</Brake>
  <DayTime>06:56:39</DayTime>
  <Position>
    <X>-3108.939</X>
    <Y>1077.13379</Y>
    <Z>20.97045</Z>
  </Position>
  <Rotation>
    <X>-0.214053437</X>
    <Y>0.894469559</Y>
    <Z>-11.616</Z>
  </Rotation>
</Screenshot>