<?xml version="1.0" encoding="utf-8"?>
<Screenshot xmlns:xsd="http://www.w3.org/2001/XMLSchema" xmlns:xsi="http://www.w3.org/2001/XMLSchema-instance">
  <Cars />
  <MyCar>
    <Position>
      <X>-3108.80225</X>
      <Y>1077.881</Y>
      <Z>20.072403</Z>
    </Position>
    <Rotation>
      <X>0.263182163</X>
      <Y>0.267596543</Y>
      <Z>-11.3294783</Z>
    </Rotation>
    <Handle>1538</Handle>
    <Bounds>
      <Vector3>
        <X>-3110.30884</X>
        <Y>1075.57764</Y>
        <Z>19.33749</Z>
      </Vector3>
      <Vector3>
        <X>-3108.306</X>
        <Y>1075.17639</Y>
        <Z>19.32795</Z>
      </Vector3>
      <Vector3>
        <X>-3109.30371</X>
        <Y>1080.59351</Y>
        <Z>19.3609886</Z>
      </Vector3>
      <Vector3>
        <X>-3110.30347</X>
        <Y>1075.56982</Y>
        <Z>20.7933578</Z>
      </Vector3>
      <Vector3>
        <X>-3107.30078</X>
        <Y>1080.19226</Y>
        <Z>19.3514481</Z>
      </Vector3>
      <Vector3>
        <X>-3108.30054</X>
        <Y>1075.16846</Y>
        <Z>20.7838173</Z>
      </Vector3>
      <Vector3>
        <X>-3109.29834</X>
        <Y>1080.58569</Y>
        <Z>20.8168545</Z>
      </Vector3>
      <Vector3>
        <X>-3107.29541</X>
        <Y>1080.18433</Y>
        <Z>20.8073139</Z>
      </Vector3>
    </Bounds>
    <CenterCamPosition>
      <X>0</X>
      <Y>0</Y>
    </CenterCamPosition>
    <ScreenBounds />
    <DistanceToCam>0</DistanceToCam>
    <Speed>16.40204</Speed>
    <AccInput>0.220915079</AccInput>
    <RPM>0.6544049</RPM>
    <Gear>2</Gear>
    <SteeringAngle>2.3789475</SteeringAngle>
    <WheelSpeed>0</WheelSpeed>
    <CarType>Sports</CarType>
  </MyCar>
  <Peds />
  <Time>108965</Time>
  <LastFrameTime>0.01924937</LastFrameTime>
  <MyProperty>0</MyProperty>
  <Weather>ExtraSunny</Weather>
  <Steering>118</Steering>
  <Acc>155</Acc>
  <Brake>127</Brake>
  <DayTime>06:56:42</DayTime>
  <Position>
    <X>-3108.62256</X>
    <Y>1078.74255</Y>
    <Z>20.9769421</Z>
  </Position>
  <Rotation>
    <X>-0.228645638</X>
    <Y>0.791204154</Y>
    <Z>-11.3985262</Z>
  </Rotation>
</Screenshot>