<?xml version="1.0" encoding="utf-8"?>
<Screenshot xmlns:xsd="http://www.w3.org/2001/XMLSchema" xmlns:xsi="http://www.w3.org/2001/XMLSchema-instance">
  <Cars />
  <MyCar>
    <Position>
      <X>-3108.96216</X>
      <Y>1077.07336</Y>
      <Z>20.0695171</Z>
    </Position>
    <Rotation>
      <X>0.2784634</X>
      <Y>0.334155083</Y>
      <Z>-11.4950733</Z>
    </Rotation>
    <Handle>1538</Handle>
    <Bounds>
      <Vector3>
        <X>-3110.476</X>
        <Y>1074.77478</Y>
        <Z>19.3351135</Z>
      </Vector3>
      <Vector3>
        <X>-3108.47437</X>
        <Y>1074.36768</Y>
        <Z>19.3232</Z>
      </Vector3>
      <Vector3>
        <X>-3109.45654</X>
        <Y>1079.78772</Y>
        <Z>19.3599758</Z>
      </Vector3>
      <Vector3>
        <X>-3110.46924</X>
        <Y>1074.76611</Y>
        <Z>20.79097</Z>
      </Vector3>
      <Vector3>
        <X>-3107.45483</X>
        <Y>1079.38062</Y>
        <Z>19.3480625</Z>
      </Vector3>
      <Vector3>
        <X>-3108.46753</X>
        <Y>1074.35913</Y>
        <Z>20.7790565</Z>
      </Vector3>
      <Vector3>
        <X>-3109.44971</X>
        <Y>1079.779</Y>
        <Z>20.8158321</Z>
      </Vector3>
      <Vector3>
        <X>-3107.448</X>
        <Y>1079.372</Y>
        <Z>20.8039188</Z>
      </Vector3>
    </Bounds>
    <CenterCamPosition>
      <X>0</X>
      <Y>0</Y>
    </CenterCamPosition>
    <ScreenBounds />
    <DistanceToCam>0</DistanceToCam>
    <Speed>16.35758</Speed>
    <AccInput>0.220915079</AccInput>
    <RPM>0.65266335</RPM>
    <Gear>2</Gear>
    <SteeringAngle>2.04533124</SteeringAngle>
    <WheelSpeed>0</WheelSpeed>
    <CarType>Sports</CarType>
  </MyCar>
  <Peds />
  <Time>108914</Time>
  <LastFrameTime>0.0198885947</LastFrameTime>
  <MyProperty>0</MyProperty>
  <Weather>ExtraSunny</Weather>
  <Steering>118</Steering>
  <Acc>155</Acc>
  <Brake>127</Brake>
  <DayTime>06:56:40</DayTime>
  <Position>
    <X>-3108.78174</X>
    <Y>1077.92456</Y>
    <Z>20.9740353</Z>
  </Position>
  <Rotation>
    <X>-0.212777212</X>
    <Y>0.841742158</Y>
    <Z>-11.5425968</Z>
  </Rotation>
</Screenshot>