<?xml version="1.0" encoding="utf-8"?>
<Screenshot xmlns:xsd="http://www.w3.org/2001/XMLSchema" xmlns:xsi="http://www.w3.org/2001/XMLSchema-instance">
  <Cars />
  <MyCar>
    <Position>
      <X>-3108.70679</X>
      <Y>1078.37024</Y>
      <Z>20.0741329</Z>
    </Position>
    <Rotation>
      <X>0.248478264</X>
      <Y>0.232897356</Y>
      <Z>-11.2030048</Z>
    </Rotation>
    <Handle>1538</Handle>
    <Bounds>
      <Vector3>
        <X>-3110.20776</X>
        <Y>1076.06335</Y>
        <Z>19.3392563</Z>
      </Vector3>
      <Vector3>
        <X>-3108.204</X>
        <Y>1075.6665</Y>
        <Z>19.3309517</Z>
      </Vector3>
      <Vector3>
        <X>-3109.21387</X>
        <Y>1081.08142</Y>
        <Z>19.36144</Z>
      </Vector3>
      <Vector3>
        <X>-3110.20313</X>
        <Y>1076.056</Y>
        <Z>20.7951279</Z>
      </Vector3>
      <Vector3>
        <X>-3107.21</X>
        <Y>1080.68457</Y>
        <Z>19.353138</Z>
      </Vector3>
      <Vector3>
        <X>-3108.19946</X>
        <Y>1075.65918</Y>
        <Z>20.7868252</Z>
      </Vector3>
      <Vector3>
        <X>-3109.20923</X>
        <Y>1081.0741</Y>
        <Z>20.8173122</Z>
      </Vector3>
      <Vector3>
        <X>-3107.20557</X>
        <Y>1080.67725</Y>
        <Z>20.80901</Z>
      </Vector3>
    </Bounds>
    <CenterCamPosition>
      <X>0</X>
      <Y>0</Y>
    </CenterCamPosition>
    <ScreenBounds />
    <DistanceToCam>0</DistanceToCam>
    <Speed>16.4294357</Speed>
    <AccInput>0.220915079</AccInput>
    <RPM>0.6552092</RPM>
    <Gear>2</Gear>
    <SteeringAngle>2.52578282</SteeringAngle>
    <WheelSpeed>0</WheelSpeed>
    <CarType>Sports</CarType>
  </MyCar>
  <Peds />
  <Time>108995</Time>
  <LastFrameTime>0.0303566847</LastFrameTime>
  <MyProperty>0</MyProperty>
  <Weather>ExtraSunny</Weather>
  <Steering>118</Steering>
  <Acc>155</Acc>
  <Brake>127</Brake>
  <DayTime>06:56:43</DayTime>
  <Position>
    <X>-3108.56323</X>
    <Y>1079.05273</Y>
    <Z>20.9778957</Z>
  </Position>
  <Rotation>
    <X>-0.236817852</X>
    <Y>0.7675966</Y>
    <Z>-11.3294783</Z>
  </Rotation>
</Screenshot>