<?xml version="1.0" encoding="utf-8"?>
<Screenshot xmlns:xsd="http://www.w3.org/2001/XMLSchema" xmlns:xsi="http://www.w3.org/2001/XMLSchema-instance">
  <Cars />
  <MyCar>
    <Position>
      <X>-3108.86328</X>
      <Y>1077.57129</Y>
      <Z>20.0712814</Z>
    </Position>
    <Rotation>
      <X>0.271354347</X>
      <Y>0.2912041</Y>
      <Z>-11.3985271</Z>
    </Rotation>
    <Handle>1538</Handle>
    <Bounds>
      <Vector3>
        <X>-3110.3728</X>
        <Y>1075.27</Y>
        <Z>19.3364277</Z>
      </Vector3>
      <Vector3>
        <X>-3108.37036</X>
        <Y>1074.86633</Y>
        <Z>19.3260441</Z>
      </Vector3>
      <Vector3>
        <X>-3109.36182</X>
        <Y>1080.28455</Y>
        <Z>19.3606548</Z>
      </Vector3>
      <Vector3>
        <X>-3110.367</X>
        <Y>1075.26172</Y>
        <Z>20.79229</Z>
      </Vector3>
      <Vector3>
        <X>-3107.35938</X>
        <Y>1079.88086</Y>
        <Z>19.3502712</Z>
      </Vector3>
      <Vector3>
        <X>-3108.3645</X>
        <Y>1074.858</Y>
        <Z>20.781908</Z>
      </Vector3>
      <Vector3>
        <X>-3109.356</X>
        <Y>1080.27637</Y>
        <Z>20.8165169</Z>
      </Vector3>
      <Vector3>
        <X>-3107.35352</X>
        <Y>1079.87268</Y>
        <Z>20.8061352</Z>
      </Vector3>
    </Bounds>
    <CenterCamPosition>
      <X>0</X>
      <Y>0</Y>
    </CenterCamPosition>
    <ScreenBounds />
    <DistanceToCam>0</DistanceToCam>
    <Speed>16.38421</Speed>
    <AccInput>0.220915079</AccInput>
    <RPM>0.6532607</RPM>
    <Gear>2</Gear>
    <SteeringAngle>2.27064538</SteeringAngle>
    <WheelSpeed>0</WheelSpeed>
    <CarType>Sports</CarType>
  </MyCar>
  <Peds />
  <Time>108945</Time>
  <LastFrameTime>0.030998392</LastFrameTime>
  <MyProperty>0</MyProperty>
  <Weather>ExtraSunny</Weather>
  <Steering>118</Steering>
  <Acc>155</Acc>
  <Brake>127</Brake>
  <DayTime>06:56:41</DayTime>
  <Position>
    <X>-3108.71875</X>
    <Y>1078.2439</Y>
    <Z>20.9753227</Z>
  </Position>
  <Rotation>
    <X>-0.221536592</X>
    <Y>0.8341551</Y>
    <Z>-11.4950714</Z>
  </Rotation>
</Screenshot>