<?xml version="1.0" encoding="utf-8"?>
<Screenshot xmlns:xsd="http://www.w3.org/2001/XMLSchema" xmlns:xsi="http://www.w3.org/2001/XMLSchema-instance">
  <Cars />
  <MyCar>
    <Position>
      <X>-3108.48828</X>
      <Y>1079.51453</Y>
      <Z>20.0780621</Z>
    </Position>
    <Rotation>
      <X>0.200802729</X>
      <Y>0.16714853</Y>
      <Z>-10.84593</Z>
    </Rotation>
    <Handle>1538</Handle>
    <Bounds>
      <Vector3>
        <X>-3109.974</X>
        <Y>1077.19751</Y>
        <Z>19.3441353</Z>
      </Vector3>
      <Vector3>
        <X>-3107.968</X>
        <Y>1076.81323</Y>
        <Z>19.3381767</Z>
      </Vector3>
      <Vector3>
        <X>-3109.01147</X>
        <Y>1082.2218</Y>
        <Z>19.3620644</Z>
      </Vector3>
      <Vector3>
        <X>-3109.971</X>
        <Y>1077.19177</Y>
        <Z>20.8000183</Z>
      </Vector3>
      <Vector3>
        <X>-3107.00537</X>
        <Y>1081.8374</Y>
        <Z>19.3561058</Z>
      </Vector3>
      <Vector3>
        <X>-3107.96484</X>
        <Y>1076.80737</Y>
        <Z>20.79406</Z>
      </Vector3>
      <Vector3>
        <X>-3109.0083</X>
        <Y>1082.216</Y>
        <Z>20.8179474</Z>
      </Vector3>
      <Vector3>
        <X>-3107.0022</X>
        <Y>1081.83154</Y>
        <Z>20.8119888</Z>
      </Vector3>
    </Bounds>
    <CenterCamPosition>
      <X>0</X>
      <Y>0</Y>
    </CenterCamPosition>
    <ScreenBounds />
    <DistanceToCam>0</DistanceToCam>
    <Speed>16.4912148</Speed>
    <AccInput>0.220915079</AccInput>
    <RPM>0.657766</RPM>
    <Gear>2</Gear>
    <SteeringAngle>2.749521</SteeringAngle>
    <WheelSpeed>0</WheelSpeed>
    <CarType>Sports</CarType>
  </MyCar>
  <Peds />
  <Time>109066</Time>
  <LastFrameTime>0.02050734</LastFrameTime>
  <MyProperty>0</MyProperty>
  <Weather>ExtraSunny</Weather>
  <Steering>118</Steering>
  <Acc>155</Acc>
  <Brake>127</Brake>
  <DayTime>06:56:45</DayTime>
  <Position>
    <X>-3108.3208</X>
    <Y>1080.35657</Y>
    <Z>20.981617</Z>
  </Position>
  <Rotation>
    <X>-0.279730439</X>
    <Y>0.6859711</Y>
    <Z>-10.9571562</Z>
  </Rotation>
</Screenshot>