<?xml version="1.0" encoding="utf-8"?>
<Screenshot xmlns:xsd="http://www.w3.org/2001/XMLSchema" xmlns:xsi="http://www.w3.org/2001/XMLSchema-instance">
  <Cars />
  <MyCar>
    <Position>
      <X>-3108.40063</X>
      <Y>1079.98474</Y>
      <Z>20.0792274</Z>
    </Position>
    <Rotation>
      <X>0.1637935</X>
      <Y>0.144193187</Y>
      <Z>-10.6789818</Z>
    </Rotation>
    <Handle>1538</Handle>
    <Bounds>
      <Vector3>
        <X>-3109.87964</X>
        <Y>1077.663</Y>
        <Z>19.3465424</Z>
      </Vector3>
      <Vector3>
        <X>-3107.87231</X>
        <Y>1077.28442</Y>
        <Z>19.3414</Z>
      </Vector3>
      <Vector3>
        <X>-3108.93164</X>
        <Y>1082.69</Y>
        <Z>19.361166</Z>
      </Vector3>
      <Vector3>
        <X>-3109.87671</X>
        <Y>1077.6582</Y>
        <Z>20.80243</Z>
      </Vector3>
      <Vector3>
        <X>-3106.92432</X>
        <Y>1082.3114</Y>
        <Z>19.3560257</Z>
      </Vector3>
      <Vector3>
        <X>-3107.86938</X>
        <Y>1077.27966</Y>
        <Z>20.7972889</Z>
      </Vector3>
      <Vector3>
        <X>-3108.92871</X>
        <Y>1082.68518</Y>
        <Z>20.8170528</Z>
      </Vector3>
      <Vector3>
        <X>-3106.92139</X>
        <Y>1082.30664</Y>
        <Z>20.8119125</Z>
      </Vector3>
    </Bounds>
    <CenterCamPosition>
      <X>0</X>
      <Y>0</Y>
    </CenterCamPosition>
    <ScreenBounds />
    <DistanceToCam>0</DistanceToCam>
    <Speed>16.5158787</Speed>
    <AccInput>0.220915079</AccInput>
    <RPM>0.6584634</RPM>
    <Gear>2</Gear>
    <SteeringAngle>2.81151843</SteeringAngle>
    <WheelSpeed>0</WheelSpeed>
    <CarType>Sports</CarType>
  </MyCar>
  <Peds />
  <Time>109095</Time>
  <LastFrameTime>0.02897211</LastFrameTime>
  <MyProperty>0</MyProperty>
  <Weather>ExtraSunny</Weather>
  <Steering>118</Steering>
  <Acc>155</Acc>
  <Brake>127</Brake>
  <DayTime>06:56:46</DayTime>
  <Position>
    <X>-3108.2605</X>
    <Y>1080.68945</Y>
    <Z>20.9822578</Z>
  </Position>
  <Rotation>
    <X>-0.299197257</X>
    <Y>0.66714853</Y>
    <Z>-10.84593</Z>
  </Rotation>
</Screenshot>