<?xml version="1.0" encoding="utf-8"?>
<Screenshot xmlns:xsd="http://www.w3.org/2001/XMLSchema" xmlns:xsi="http://www.w3.org/2001/XMLSchema-instance">
  <Cars />
  <MyCar>
    <Position>
      <X>-3108.551</X>
      <Y>1079.18237</Y>
      <Z>20.0770149</Z>
    </Position>
    <Rotation>
      <X>0.220269531</X>
      <Y>0.185971111</Y>
      <Z>-10.9571571</Z>
    </Rotation>
    <Handle>1538</Handle>
    <Bounds>
      <Vector3>
        <X>-3110.0415</X>
        <Y>1076.86865</Y>
        <Z>19.342556</Z>
      </Vector3>
      <Vector3>
        <X>-3108.03613</X>
        <Y>1076.48035</Y>
        <Z>19.3359261</Z>
      </Vector3>
      <Vector3>
        <X>-3109.06934</X>
        <Y>1081.89087</Y>
        <Z>19.3622227</Z>
      </Vector3>
      <Vector3>
        <X>-3110.038</X>
        <Y>1076.86218</Y>
        <Z>20.7984371</Z>
      </Vector3>
      <Vector3>
        <X>-3107.06372</X>
        <Y>1081.50256</Y>
        <Z>19.3555927</Z>
      </Vector3>
      <Vector3>
        <X>-3108.03247</X>
        <Y>1076.47388</Y>
        <Z>20.7918072</Z>
      </Vector3>
      <Vector3>
        <X>-3109.06567</X>
        <Y>1081.88452</Y>
        <Z>20.8181038</Z>
      </Vector3>
      <Vector3>
        <X>-3107.06</X>
        <Y>1081.49622</Y>
        <Z>20.8114719</Z>
      </Vector3>
    </Bounds>
    <CenterCamPosition>
      <X>0</X>
      <Y>0</Y>
    </CenterCamPosition>
    <ScreenBounds />
    <DistanceToCam>0</DistanceToCam>
    <Speed>16.4734039</Speed>
    <AccInput>0.220915079</AccInput>
    <RPM>0.656938553</RPM>
    <Gear>2</Gear>
    <SteeringAngle>2.69794679</SteeringAngle>
    <WheelSpeed>0</WheelSpeed>
    <CarType>Sports</CarType>
  </MyCar>
  <Peds />
  <Time>109045</Time>
  <LastFrameTime>0.0273650475</LastFrameTime>
  <MyProperty>0</MyProperty>
  <Weather>ExtraSunny</Weather>
  <Steering>118</Steering>
  <Acc>155</Acc>
  <Brake>127</Brake>
  <DayTime>06:56:44</DayTime>
  <Position>
    <X>-3108.402</X>
    <Y>1079.91309</Y>
    <Z>20.9803829</Z>
  </Position>
  <Rotation>
    <X>-0.264102161</X>
    <Y>0.7093444</Y>
    <Z>-11.0967588</Z>
  </Rotation>
</Screenshot>