<?xml version="1.0" encoding="utf-8"?>
<Screenshot xmlns:xsd="http://www.w3.org/2001/XMLSchema" xmlns:xsi="http://www.w3.org/2001/XMLSchema-instance">
  <Cars />
  <MyCar>
    <Position>
      <X>-3108.6355</X>
      <Y>1078.73975</Y>
      <Z>20.0754566</Z>
    </Position>
    <Rotation>
      <X>0.235897854</X>
      <Y>0.209344372</Y>
      <Z>-11.0967607</Z>
    </Rotation>
    <Handle>1538</Handle>
    <Bounds>
      <Vector3>
        <X>-3110.132</X>
        <Y>1076.42981</Y>
        <Z>19.34072</Z>
      </Vector3>
      <Vector3>
        <X>-3108.12744</X>
        <Y>1076.03674</Y>
        <Z>19.3332558</Z>
      </Vector3>
      <Vector3>
        <X>-3109.14722</X>
        <Y>1081.44971</Y>
        <Z>19.36178</Z>
      </Vector3>
      <Vector3>
        <X>-3110.128</X>
        <Y>1076.423</Y>
        <Z>20.7965946</Z>
      </Vector3>
      <Vector3>
        <X>-3107.14282</X>
        <Y>1081.05664</Y>
        <Z>19.3543167</Z>
      </Vector3>
      <Vector3>
        <X>-3108.12329</X>
        <Y>1076.02979</Y>
        <Z>20.7891312</Z>
      </Vector3>
      <Vector3>
        <X>-3109.14331</X>
        <Y>1081.44287</Y>
        <Z>20.8176575</Z>
      </Vector3>
      <Vector3>
        <X>-3107.13867</X>
        <Y>1081.04968</Y>
        <Z>20.810194</Z>
      </Vector3>
    </Bounds>
    <CenterCamPosition>
      <X>0</X>
      <Y>0</Y>
    </CenterCamPosition>
    <ScreenBounds />
    <DistanceToCam>0</DistanceToCam>
    <Speed>16.4496574</Speed>
    <AccInput>0.220915079</AccInput>
    <RPM>0.6560347</RPM>
    <Gear>2</Gear>
    <SteeringAngle>2.61202073</SteeringAngle>
    <WheelSpeed>0</WheelSpeed>
    <CarType>Sports</CarType>
  </MyCar>
  <Peds />
  <Time>109018</Time>
  <LastFrameTime>0.02288892</LastFrameTime>
  <MyProperty>0</MyProperty>
  <Weather>ExtraSunny</Weather>
  <Steering>118</Steering>
  <Acc>155</Acc>
  <Brake>127</Brake>
  <DayTime>06:56:43</DayTime>
  <Position>
    <X>-3108.4707</X>
    <Y>1079.54285</Y>
    <Z>20.97932</Z>
  </Position>
  <Rotation>
    <X>-0.2515218</X>
    <Y>0.732897341</Y>
    <Z>-11.2030048</Z>
  </Rotation>
</Screenshot>