<?xml version="1.0" encoding="utf-8"?>
<Screenshot xmlns:xsd="http://www.w3.org/2001/XMLSchema" xmlns:xsi="http://www.w3.org/2001/XMLSchema-instance">
  <Cars />
  <MyCar>
    <Position>
      <X>-3108.24585</X>
      <Y>1080.83008</Y>
      <Z>20.0804825</Z>
    </Position>
    <Rotation>
      <X>0.104648814</X>
      <Y>0.154001132</Y>
      <Z>-10.3584614</Z>
    </Rotation>
    <Handle>1538</Handle>
    <Bounds>
      <Vector3>
        <X>-3109.712</X>
        <Y>1078.49927</Y>
        <Z>19.35061</Z>
      </Vector3>
      <Vector3>
        <X>-3107.70264</X>
        <Y>1078.13208</Y>
        <Z>19.34512</Z>
      </Vector3>
      <Vector3>
        <X>-3108.79224</X>
        <Y>1083.53149</Y>
        <Z>19.3599548</Z>
      </Vector3>
      <Vector3>
        <X>-3109.70874</X>
        <Y>1078.496</Y>
        <Z>20.8065014</Z>
      </Vector3>
      <Vector3>
        <X>-3106.78271</X>
        <Y>1083.16418</Y>
        <Z>19.3544636</Z>
      </Vector3>
      <Vector3>
        <X>-3107.69922</X>
        <Y>1078.12866</Y>
        <Z>20.80101</Z>
      </Vector3>
      <Vector3>
        <X>-3108.78882</X>
        <Y>1083.5282</Y>
        <Z>20.8158436</Z>
      </Vector3>
      <Vector3>
        <X>-3106.7793</X>
        <Y>1083.16089</Y>
        <Z>20.8103542</Z>
      </Vector3>
    </Bounds>
    <CenterCamPosition>
      <X>0</X>
      <Y>0</Y>
    </CenterCamPosition>
    <ScreenBounds />
    <DistanceToCam>0</DistanceToCam>
    <Speed>16.56004</Speed>
    <AccInput>0.220915079</AccInput>
    <RPM>0.6600513</RPM>
    <Gear>2</Gear>
    <SteeringAngle>2.89102721</SteeringAngle>
    <WheelSpeed>0</WheelSpeed>
    <CarType>Sports</CarType>
  </MyCar>
  <Peds />
  <Time>109147</Time>
  <LastFrameTime>0.0276015</LastFrameTime>
  <MyProperty>0</MyProperty>
  <Weather>ExtraSunny</Weather>
  <Steering>118</Steering>
  <Acc>155</Acc>
  <Brake>127</Brake>
  <DayTime>06:56:47</DayTime>
  <Position>
    <X>-3108.10645</X>
    <Y>1081.55774</Y>
    <Z>20.982708</Z>
  </Position>
  <Rotation>
    <X>-0.3647975</X>
    <Y>0.6441892</Y>
    <Z>-10.53191</Z>
  </Rotation>
</Screenshot>