<?xml version="1.0" encoding="utf-8"?>
<Screenshot xmlns:xsd="http://www.w3.org/2001/XMLSchema" xmlns:xsi="http://www.w3.org/2001/XMLSchema-instance">
  <Cars />
  <MyCar>
    <Position>
      <X>-3108.32764</X>
      <Y>1080.38049</Y>
      <Z>20.0798817</Z>
    </Position>
    <Rotation>
      <X>0.135202453</X>
      <Y>0.144189253</Y>
      <Z>-10.53191</Z>
    </Rotation>
    <Handle>1538</Handle>
    <Bounds>
      <Vector3>
        <X>-3109.80078</X>
        <Y>1078.05457</Y>
        <Z>19.34847</Z>
      </Vector3>
      <Vector3>
        <X>-3107.79248</X>
        <Y>1077.68115</Y>
        <Z>19.34333</Z>
      </Vector3>
      <Vector3>
        <X>-3108.86572</X>
        <Y>1083.084</Y>
        <Z>19.3605423</Z>
      </Vector3>
      <Vector3>
        <X>-3109.79761</X>
        <Y>1078.05054</Y>
        <Z>20.8043613</Z>
      </Vector3>
      <Vector3>
        <X>-3106.85742</X>
        <Y>1082.71057</Y>
        <Z>19.355402</Z>
      </Vector3>
      <Vector3>
        <X>-3107.78931</X>
        <Y>1077.67712</Y>
        <Z>20.799221</Z>
      </Vector3>
      <Vector3>
        <X>-3108.86255</X>
        <Y>1083.07983</Y>
        <Z>20.816433</Z>
      </Vector3>
      <Vector3>
        <X>-3106.85425</X>
        <Y>1082.70654</Y>
        <Z>20.81129</Z>
      </Vector3>
    </Bounds>
    <CenterCamPosition>
      <X>0</X>
      <Y>0</Y>
    </CenterCamPosition>
    <ScreenBounds />
    <DistanceToCam>0</DistanceToCam>
    <Speed>16.5365944</Speed>
    <AccInput>0.220915079</AccInput>
    <RPM>0.659110069</RPM>
    <Gear>2</Gear>
    <SteeringAngle>2.85264277</SteeringAngle>
    <WheelSpeed>0</WheelSpeed>
    <CarType>Sports</CarType>
  </MyCar>
  <Peds />
  <Time>109119</Time>
  <LastFrameTime>0.0243430026</LastFrameTime>
  <MyProperty>0</MyProperty>
  <Weather>ExtraSunny</Weather>
  <Steering>118</Steering>
  <Acc>155</Acc>
  <Brake>127</Brake>
  <DayTime>06:56:46</DayTime>
  <Position>
    <X>-3108.17651</X>
    <Y>1081.161</Y>
    <Z>20.98265</Z>
  </Position>
  <Rotation>
    <X>-0.3362065</X>
    <Y>0.6441932</Y>
    <Z>-10.6789808</Z>
  </Rotation>
</Screenshot>