<?xml version="1.0" encoding="utf-8"?>
<Screenshot xmlns:xsd="http://www.w3.org/2001/XMLSchema" xmlns:xsi="http://www.w3.org/2001/XMLSchema-instance">
  <Cars />
  <MyCar>
    <Position>
      <X>-3108.18164</X>
      <Y>1081.18713</Y>
      <Z>20.0809345</Z>
    </Position>
    <Rotation>
      <X>0.08011784</X>
      <Y>0.163251817</Y>
      <Z>-10.2173328</Z>
    </Rotation>
    <Handle>1538</Handle>
    <Bounds>
      <Vector3>
        <X>-3109.64233</X>
        <Y>1078.85254</Y>
        <Z>19.3523216</Z>
      </Vector3>
      <Vector3>
        <X>-3107.63184</X>
        <Y>1078.49011</Y>
        <Z>19.3465023</Z>
      </Vector3>
      <Vector3>
        <X>-3108.73486</X>
        <Y>1083.887</Y>
        <Z>19.3594761</Z>
      </Vector3>
      <Vector3>
        <X>-3109.63843</X>
        <Y>1078.84973</Y>
        <Z>20.8082142</Z>
      </Vector3>
      <Vector3>
        <X>-3106.72461</X>
        <Y>1083.52466</Y>
        <Z>19.3536549</Z>
      </Vector3>
      <Vector3>
        <X>-3107.62817</X>
        <Y>1078.48743</Y>
        <Z>20.802393</Z>
      </Vector3>
      <Vector3>
        <X>-3108.7312</X>
        <Y>1083.88416</Y>
        <Z>20.8153667</Z>
      </Vector3>
      <Vector3>
        <X>-3106.7207</X>
        <Y>1083.52185</Y>
        <Z>20.8095455</Z>
      </Vector3>
    </Bounds>
    <CenterCamPosition>
      <X>0</X>
      <Y>0</Y>
    </CenterCamPosition>
    <ScreenBounds />
    <DistanceToCam>0</DistanceToCam>
    <Speed>16.5784988</Speed>
    <AccInput>0.220915079</AccInput>
    <RPM>0.6609398</RPM>
    <Gear>2</Gear>
    <SteeringAngle>2.91536</SteeringAngle>
    <WheelSpeed>0</WheelSpeed>
    <CarType>Sports</CarType>
  </MyCar>
  <Peds />
  <Time>109168</Time>
  <LastFrameTime>0.0218816735</LastFrameTime>
  <MyProperty>0</MyProperty>
  <Weather>ExtraSunny</Weather>
  <Steering>118</Steering>
  <Acc>155</Acc>
  <Brake>127</Brake>
  <DayTime>06:56:48</DayTime>
  <Position>
    <X>-3108.028</X>
    <Y>1082.00842</Y>
    <Z>20.98267</Z>
  </Position>
  <Rotation>
    <X>-0.395351142</X>
    <Y>0.6540011</Y>
    <Z>-10.35846</Z>
  </Rotation>
</Screenshot>