<?xml version="1.0" encoding="utf-8"?>
<Screenshot xmlns:xsd="http://www.w3.org/2001/XMLSchema" xmlns:xsi="http://www.w3.org/2001/XMLSchema-instance">
  <Cars />
  <MyCar>
    <Position>
      <X>-3108.10571</X>
      <Y>1081.61646</Y>
      <Z>20.0814762</Z>
    </Position>
    <Rotation>
      <X>0.05044579</X>
      <Y>0.178108886</Y>
      <Z>-10.0442362</Z>
    </Rotation>
    <Handle>1538</Handle>
    <Bounds>
      <Vector3>
        <X>-3109.55957</X>
        <Y>1079.2771</Y>
        <Z>19.354454</Z>
      </Vector3>
      <Vector3>
        <X>-3107.548</X>
        <Y>1078.92078</Y>
        <Z>19.3481045</Z>
      </Vector3>
      <Vector3>
        <X>-3108.66724</X>
        <Y>1084.31421</Y>
        <Z>19.3589573</Z>
      </Vector3>
      <Vector3>
        <X>-3109.55518</X>
        <Y>1079.275</Y>
        <Z>20.8103447</Z>
      </Vector3>
      <Vector3>
        <X>-3106.656</X>
        <Y>1083.958</Y>
        <Z>19.3526077</Z>
      </Vector3>
      <Vector3>
        <X>-3107.544</X>
        <Y>1078.9187</Y>
        <Z>20.8039951</Z>
      </Vector3>
      <Vector3>
        <X>-3108.663</X>
        <Y>1084.31226</Y>
        <Z>20.8148479</Z>
      </Vector3>
      <Vector3>
        <X>-3106.65161</X>
        <Y>1083.95593</Y>
        <Z>20.8084984</Z>
      </Vector3>
    </Bounds>
    <CenterCamPosition>
      <X>0</X>
      <Y>0</Y>
    </CenterCamPosition>
    <ScreenBounds />
    <DistanceToCam>0</DistanceToCam>
    <Speed>16.6005135</Speed>
    <AccInput>0.220915079</AccInput>
    <RPM>0.66176337</RPM>
    <Gear>2</Gear>
    <SteeringAngle>2.93993425</SteeringAngle>
    <WheelSpeed>0</WheelSpeed>
    <CarType>Sports</CarType>
  </MyCar>
  <Peds />
  <Time>109195</Time>
  <LastFrameTime>0.0262702964</LastFrameTime>
  <MyProperty>0</MyProperty>
  <Weather>ExtraSunny</Weather>
  <Steering>118</Steering>
  <Acc>155</Acc>
  <Brake>127</Brake>
  <DayTime>06:56:49</DayTime>
  <Position>
    <X>-3107.96655</X>
    <Y>1082.36646</Y>
    <Z>20.9826088</Z>
  </Position>
  <Rotation>
    <X>-0.419882178</X>
    <Y>0.663251758</Y>
    <Z>-10.2173319</Z>
  </Rotation>
</Screenshot>