<?xml version="1.0" encoding="utf-8"?>
<Screenshot xmlns:xsd="http://www.w3.org/2001/XMLSchema" xmlns:xsi="http://www.w3.org/2001/XMLSchema-instance">
  <Cars />
  <MyCar>
    <Position>
      <X>-3107.9</X>
      <Y>1082.81213</Y>
      <Z>20.0825233</Z>
    </Position>
    <Rotation>
      <X>-0.00725298841</X>
      <Y>0.223444164</Y>
      <Z>-9.550115</Z>
    </Rotation>
    <Handle>1538</Handle>
    <Bounds>
      <Vector3>
        <X>-3109.33423</X>
        <Y>1080.45959</Y>
        <Z>19.3588867</Z>
      </Vector3>
      <Vector3>
        <X>-3107.31982</X>
        <Y>1080.12073</Y>
        <Z>19.35092</Z>
      </Vector3>
      <Vector3>
        <X>-3108.48535</X>
        <Y>1085.50439</Y>
        <Z>19.3582382</Z>
      </Vector3>
      <Vector3>
        <X>-3109.32861</X>
        <Y>1080.45886</Y>
        <Z>20.8147736</Z>
      </Vector3>
      <Vector3>
        <X>-3106.471</X>
        <Y>1085.16541</Y>
        <Z>19.3502731</Z>
      </Vector3>
      <Vector3>
        <X>-3107.31421</X>
        <Y>1080.12</Y>
        <Z>20.8068066</Z>
      </Vector3>
      <Vector3>
        <X>-3108.47974</X>
        <Y>1085.50354</Y>
        <Z>20.8141251</Z>
      </Vector3>
      <Vector3>
        <X>-3106.46533</X>
        <Y>1085.16467</Y>
        <Z>20.80616</Z>
      </Vector3>
    </Bounds>
    <CenterCamPosition>
      <X>0</X>
      <Y>0</Y>
    </CenterCamPosition>
    <ScreenBounds />
    <DistanceToCam>0</DistanceToCam>
    <Speed>16.6598511</Speed>
    <AccInput>0.220915079</AccInput>
    <RPM>0.664404</RPM>
    <Gear>2</Gear>
    <SteeringAngle>2.98603344</SteeringAngle>
    <WheelSpeed>0</WheelSpeed>
    <CarType>Sports</CarType>
  </MyCar>
  <Peds />
  <Time>109268</Time>
  <LastFrameTime>0.0219328739</LastFrameTime>
  <MyProperty>0</MyProperty>
  <Weather>ExtraSunny</Weather>
  <Steering>118</Steering>
  <Acc>155</Acc>
  <Brake>127</Brake>
  <DayTime>06:56:51</DayTime>
  <Position>
    <X>-3107.75562</X>
    <Y>1083.63416</Y>
    <Z>20.9823914</Z>
  </Position>
  <Rotation>
    <X>-0.4974299</X>
    <Y>0.704648137</Y>
    <Z>-9.700497</Z>
  </Rotation>
</Screenshot>