<?xml version="1.0" encoding="utf-8"?>
<Screenshot xmlns:xsd="http://www.w3.org/2001/XMLSchema" xmlns:xsi="http://www.w3.org/2001/XMLSchema-instance">
  <Cars />
  <MyCar>
    <Position>
      <X>-3107.82666</X>
      <Y>1083.25256</Y>
      <Z>20.08248</Z>
    </Position>
    <Rotation>
      <X>-0.00452968059</X>
      <Y>0.236487657</Y>
      <Z>-9.362594</Z>
    </Rotation>
    <Handle>1538</Handle>
    <Bounds>
      <Vector3>
        <X>-3109.25342</X>
        <Y>1080.89551</Y>
        <Z>19.3589535</Z>
      </Vector3>
      <Vector3>
        <X>-3107.23779</X>
        <Y>1080.56311</Y>
        <Z>19.350523</Z>
      </Vector3>
      <Vector3>
        <X>-3108.42114</X>
        <Y>1085.94287</Y>
        <Z>19.35855</Z>
      </Vector3>
      <Vector3>
        <X>-3109.24731</X>
        <Y>1080.89465</Y>
        <Z>20.81484</Z>
      </Vector3>
      <Vector3>
        <X>-3106.40576</X>
        <Y>1085.6106</Y>
        <Z>19.3501186</Z>
      </Vector3>
      <Vector3>
        <X>-3107.232</X>
        <Y>1080.56226</Y>
        <Z>20.8064079</Z>
      </Vector3>
      <Vector3>
        <X>-3108.41528</X>
        <Y>1085.942</Y>
        <Z>20.814436</Z>
      </Vector3>
      <Vector3>
        <X>-3106.39966</X>
        <Y>1085.60974</Y>
        <Z>20.8060036</Z>
      </Vector3>
    </Bounds>
    <CenterCamPosition>
      <X>0</X>
      <Y>0</Y>
    </CenterCamPosition>
    <ScreenBounds />
    <DistanceToCam>0</DistanceToCam>
    <Speed>16.68432</Speed>
    <AccInput>0.220915079</AccInput>
    <RPM>0.665305853</RPM>
    <Gear>2</Gear>
    <SteeringAngle>2.997364</SteeringAngle>
    <WheelSpeed>0</WheelSpeed>
    <CarType>Sports</CarType>
  </MyCar>
  <Peds />
  <Time>109294</Time>
  <LastFrameTime>0.02677423</LastFrameTime>
  <MyProperty>0</MyProperty>
  <Weather>ExtraSunny</Weather>
  <Steering>118</Steering>
  <Acc>155</Acc>
  <Brake>127</Brake>
  <DayTime>06:56:52</DayTime>
  <Position>
    <X>-3107.69727</X>
    <Y>1083.995</Y>
    <Z>20.9823647</Z>
  </Position>
  <Rotation>
    <X>-0.507252932</X>
    <Y>0.723444164</Y>
    <Z>-9.550114</Z>
  </Rotation>
</Screenshot>