<?xml version="1.0" encoding="utf-8"?>
<Screenshot xmlns:xsd="http://www.w3.org/2001/XMLSchema" xmlns:xsi="http://www.w3.org/2001/XMLSchema-instance">
  <Cars />
  <MyCar>
    <Position>
      <X>-3107.961</X>
      <Y>1082.4519</Y>
      <Z>20.0823441</Z>
    </Position>
    <Rotation>
      <X>0.00257013179</X>
      <Y>0.204648092</Y>
      <Z>-9.700498</Z>
    </Rotation>
    <Handle>1538</Handle>
    <Bounds>
      <Vector3>
        <X>-3109.40112</X>
        <Y>1080.10327</Y>
        <Z>19.357933</Z>
      </Vector3>
      <Vector3>
        <X>-3107.3877</X>
        <Y>1079.759</Y>
        <Z>19.3506355</Z>
      </Vector3>
      <Vector3>
        <X>-3108.539</X>
        <Y>1085.14575</Y>
        <Z>19.3581619</Z>
      </Vector3>
      <Vector3>
        <X>-3109.396</X>
        <Y>1080.10229</Y>
        <Z>20.8138218</Z>
      </Vector3>
      <Vector3>
        <X>-3106.52563</X>
        <Y>1084.80151</Y>
        <Z>19.3508663</Z>
      </Vector3>
      <Vector3>
        <X>-3107.38257</X>
        <Y>1079.75818</Y>
        <Z>20.8065262</Z>
      </Vector3>
      <Vector3>
        <X>-3108.534</X>
        <Y>1085.14478</Y>
        <Z>20.81405</Z>
      </Vector3>
      <Vector3>
        <X>-3106.52051</X>
        <Y>1084.80066</Y>
        <Z>20.8067551</Z>
      </Vector3>
    </Bounds>
    <CenterCamPosition>
      <X>0</X>
      <Y>0</Y>
    </CenterCamPosition>
    <ScreenBounds />
    <DistanceToCam>0</DistanceToCam>
    <Speed>16.6420383</Speed>
    <AccInput>0.220915079</AccInput>
    <RPM>0.6634259</RPM>
    <Gear>2</Gear>
    <SteeringAngle>2.97499919</SteeringAngle>
    <WheelSpeed>0</WheelSpeed>
    <CarType>Sports</CarType>
  </MyCar>
  <Peds />
  <Time>109246</Time>
  <LastFrameTime>0.0236299243</LastFrameTime>
  <MyProperty>0</MyProperty>
  <Weather>ExtraSunny</Weather>
  <Steering>118</Steering>
  <Acc>155</Acc>
  <Brake>127</Brake>
  <DayTime>06:56:50</DayTime>
  <Position>
    <X>-3107.819</X>
    <Y>1083.24585</Y>
    <Z>20.982439</Z>
  </Position>
  <Rotation>
    <X>-0.4806756</X>
    <Y>0.6926006</Y>
    <Z>-9.860849</Z>
  </Rotation>
</Screenshot>