<?xml version="1.0" encoding="utf-8"?>
<Screenshot xmlns:xsd="http://www.w3.org/2001/XMLSchema" xmlns:xsi="http://www.w3.org/2001/XMLSchema-instance">
  <Cars />
  <MyCar>
    <Position>
      <X>-3108.02759</X>
      <Y>1082.06445</Y>
      <Z>20.0820389</Z>
    </Position>
    <Rotation>
      <X>0.0193243586</X>
      <Y>0.192600608</Y>
      <Z>-9.86085</Z>
    </Rotation>
    <Handle>1538</Handle>
    <Bounds>
      <Vector3>
        <X>-3109.474</X>
        <Y>1079.72009</Y>
        <Z>19.3566647</Z>
      </Vector3>
      <Vector3>
        <X>-3107.46167</X>
        <Y>1079.37024</Y>
        <Z>19.3497982</Z>
      </Vector3>
      <Vector3>
        <X>-3108.59814</X>
        <Y>1084.76013</Y>
        <Z>19.3583889</Z>
      </Vector3>
      <Vector3>
        <X>-3109.46948</X>
        <Y>1079.71875</Y>
        <Z>20.8125534</Z>
      </Vector3>
      <Vector3>
        <X>-3106.58545</X>
        <Y>1084.41028</Y>
        <Z>19.3515224</Z>
      </Vector3>
      <Vector3>
        <X>-3107.45679</X>
        <Y>1079.3689</Y>
        <Z>20.805687</Z>
      </Vector3>
      <Vector3>
        <X>-3108.59326</X>
        <Y>1084.75879</Y>
        <Z>20.81428</Z>
      </Vector3>
      <Vector3>
        <X>-3106.58081</X>
        <Y>1084.40894</Y>
        <Z>20.8074131</Z>
      </Vector3>
    </Bounds>
    <CenterCamPosition>
      <X>0</X>
      <Y>0</Y>
    </CenterCamPosition>
    <ScreenBounds />
    <DistanceToCam>0</DistanceToCam>
    <Speed>16.6232624</Speed>
    <AccInput>0.220915079</AccInput>
    <RPM>0.662553668</RPM>
    <Gear>2</Gear>
    <SteeringAngle>2.96065569</SteeringAngle>
    <WheelSpeed>0</WheelSpeed>
    <CarType>Sports</CarType>
  </MyCar>
  <Peds />
  <Time>109222</Time>
  <LastFrameTime>0.0273650475</LastFrameTime>
  <MyProperty>0</MyProperty>
  <Weather>ExtraSunny</Weather>
  <Steering>118</Steering>
  <Acc>155</Acc>
  <Brake>127</Brake>
  <DayTime>06:56:50</DayTime>
  <Position>
    <X>-3107.8938</X>
    <Y>1082.79675</Y>
    <Z>20.9825287</Z>
  </Position>
  <Rotation>
    <X>-0.449554175</X>
    <Y>0.6781088</Y>
    <Z>-10.0442362</Z>
  </Rotation>
</Screenshot>