<?xml version="1.0" encoding="utf-8"?>
<Screenshot xmlns:xsd="http://www.w3.org/2001/XMLSchema" xmlns:xsi="http://www.w3.org/2001/XMLSchema-instance">
  <Cars />
  <MyCar>
    <Position>
      <X>-3107.76929</X>
      <Y>1083.60278</Y>
      <Z>20.08219</Z>
    </Position>
    <Rotation>
      <X>-0.0113868387</X>
      <Y>0.263858169</Y>
      <Z>-9.212382</Z>
    </Rotation>
    <Handle>1538</Handle>
    <Bounds>
      <Vector3>
        <X>-3109.19019</X>
        <Y>1081.242</Y>
        <Z>19.3594589</Z>
      </Vector3>
      <Vector3>
        <X>-3107.17383</X>
        <Y>1080.91492</Y>
        <Z>19.3500519</Z>
      </Vector3>
      <Vector3>
        <X>-3108.371</X>
        <Y>1086.2915</Y>
        <Z>19.3584423</Z>
      </Vector3>
      <Vector3>
        <X>-3109.18359</X>
        <Y>1081.24109</Y>
        <Z>20.8153419</Z>
      </Vector3>
      <Vector3>
        <X>-3106.35474</X>
        <Y>1085.96448</Y>
        <Z>19.3490353</Z>
      </Vector3>
      <Vector3>
        <X>-3107.16724</X>
        <Y>1080.91406</Y>
        <Z>20.8059349</Z>
      </Vector3>
      <Vector3>
        <X>-3108.3645</X>
        <Y>1086.29077</Y>
        <Z>20.8143253</Z>
      </Vector3>
      <Vector3>
        <X>-3106.34814</X>
        <Y>1085.96375</Y>
        <Z>20.8049183</Z>
      </Vector3>
    </Bounds>
    <CenterCamPosition>
      <X>0</X>
      <Y>0</Y>
    </CenterCamPosition>
    <ScreenBounds />
    <DistanceToCam>0</DistanceToCam>
    <Speed>16.7024174</Speed>
    <AccInput>0.220915079</AccInput>
    <RPM>0.6663541</RPM>
    <Gear>2</Gear>
    <SteeringAngle>3.00461483</SteeringAngle>
    <WheelSpeed>0</WheelSpeed>
    <CarType>Sports</CarType>
  </MyCar>
  <Peds />
  <Time>109316</Time>
  <LastFrameTime>0.02125362</LastFrameTime>
  <MyProperty>0</MyProperty>
  <Weather>ExtraSunny</Weather>
  <Steering>118</Steering>
  <Acc>155</Acc>
  <Brake>127</Brake>
  <DayTime>06:56:52</DayTime>
  <Position>
    <X>-3107.62769</X>
    <Y>1084.436</Y>
    <Z>20.9823761</Z>
  </Position>
  <Rotation>
    <X>-0.5045296</X>
    <Y>0.7364875</Y>
    <Z>-9.362593</Z>
  </Rotation>
</Screenshot>