<?xml version="1.0" encoding="utf-8"?>
<Screenshot xmlns:xsd="http://www.w3.org/2001/XMLSchema" xmlns:xsi="http://www.w3.org/2001/XMLSchema-instance">
  <Cars />
  <MyCar>
    <Position>
      <X>-3107.6377</X>
      <Y>1084.42468</Y>
      <Z>20.0817776</Z>
    </Position>
    <Rotation>
      <X>-0.00608567148</X>
      <Y>0.287225217</Y>
      <Z>-8.865904</Z>
    </Rotation>
    <Handle>1538</Handle>
    <Bounds>
      <Vector3>
        <X>-3109.04443</X>
        <Y>1082.05542</Y>
        <Z>19.3592281</Z>
      </Vector3>
      <Vector3>
        <X>-3107.02637</X>
        <Y>1081.7406</Y>
        <Z>19.34899</Z>
      </Vector3>
      <Vector3>
        <X>-3108.256</X>
        <Y>1087.10986</Y>
        <Z>19.3586845</Z>
      </Vector3>
      <Vector3>
        <X>-3109.03735</X>
        <Y>1082.05444</Y>
        <Z>20.81511</Z>
      </Vector3>
      <Vector3>
        <X>-3106.23779</X>
        <Y>1086.795</Y>
        <Z>19.3484459</Z>
      </Vector3>
      <Vector3>
        <X>-3107.019</X>
        <Y>1081.73962</Y>
        <Z>20.8048687</Z>
      </Vector3>
      <Vector3>
        <X>-3108.24878</X>
        <Y>1087.10889</Y>
        <Z>20.8145657</Z>
      </Vector3>
      <Vector3>
        <X>-3106.23047</X>
        <Y>1086.79407</Y>
        <Z>20.8043251</Z>
      </Vector3>
    </Bounds>
    <CenterCamPosition>
      <X>0</X>
      <Y>0</Y>
    </CenterCamPosition>
    <ScreenBounds />
    <DistanceToCam>0</DistanceToCam>
    <Speed>16.7443237</Speed>
    <AccInput>0.220915079</AccInput>
    <RPM>0.66807586</RPM>
    <Gear>2</Gear>
    <SteeringAngle>2.81858826</SteeringAngle>
    <WheelSpeed>0</WheelSpeed>
    <CarType>Sports</CarType>
  </MyCar>
  <Peds />
  <Time>109365</Time>
  <LastFrameTime>0.0202978849</LastFrameTime>
  <MyProperty>0</MyProperty>
  <Weather>ExtraSunny</Weather>
  <Steering>120</Steering>
  <Acc>155</Acc>
  <Brake>127</Brake>
  <DayTime>06:56:54</DayTime>
  <Position>
    <X>-3107.49878</X>
    <Y>1085.2738</Y>
    <Z>20.9816914</Z>
  </Position>
  <Rotation>
    <X>-0.5095215</X>
    <Y>0.782407641</Y>
    <Z>-9.00609</Z>
  </Rotation>
</Screenshot>