<?xml version="1.0" encoding="utf-8"?>
<Screenshot xmlns:xsd="http://www.w3.org/2001/XMLSchema" xmlns:xsi="http://www.w3.org/2001/XMLSchema-instance">
  <Cars />
  <MyCar>
    <Position>
      <X>-3107.56226</X>
      <Y>1084.90967</Y>
      <Z>20.0816021</Z>
    </Position>
    <Rotation>
      <X>-0.00038470322</X>
      <Y>0.287579417</Y>
      <Z>-8.6738</Z>
    </Rotation>
    <Handle>1538</Handle>
    <Bounds>
      <Vector3>
        <X>-3108.96118</X>
        <Y>1082.53577</Y>
        <Z>19.3588047</Z>
      </Vector3>
      <Vector3>
        <X>-3106.942</X>
        <Y>1082.22766</Y>
        <Z>19.3485527</Z>
      </Vector3>
      <Vector3>
        <X>-3108.1897</X>
        <Y>1087.59277</Y>
        <Z>19.35877</Z>
      </Vector3>
      <Vector3>
        <X>-3108.95386</X>
        <Y>1082.53467</Y>
        <Z>20.8146858</Z>
      </Vector3>
      <Vector3>
        <X>-3106.17041</X>
        <Y>1087.28479</Y>
        <Z>19.3485184</Z>
      </Vector3>
      <Vector3>
        <X>-3106.93457</X>
        <Y>1082.22656</Y>
        <Z>20.8044319</Z>
      </Vector3>
      <Vector3>
        <X>-3108.18237</X>
        <Y>1087.5918</Y>
        <Z>20.8146515</Z>
      </Vector3>
      <Vector3>
        <X>-3106.163</X>
        <Y>1087.28369</Y>
        <Z>20.8043976</Z>
      </Vector3>
    </Bounds>
    <CenterCamPosition>
      <X>0</X>
      <Y>0</Y>
    </CenterCamPosition>
    <ScreenBounds />
    <DistanceToCam>0</DistanceToCam>
    <Speed>16.7690163</Speed>
    <AccInput>0.220915079</AccInput>
    <RPM>0.6689651</RPM>
    <Gear>2</Gear>
    <SteeringAngle>2.22356963</SteeringAngle>
    <WheelSpeed>0</WheelSpeed>
    <CarType>Sports</CarType>
  </MyCar>
  <Peds />
  <Time>109395</Time>
  <LastFrameTime>0.0292824134</LastFrameTime>
  <MyProperty>0</MyProperty>
  <Weather>ExtraSunny</Weather>
  <Steering>127</Steering>
  <Acc>155</Acc>
  <Brake>127</Brake>
  <DayTime>06:56:55</DayTime>
  <Position>
    <X>-3107.44824</X>
    <Y>1085.60974</Y>
    <Z>20.98164</Z>
  </Position>
  <Rotation>
    <X>-0.5060857</X>
    <Y>0.7872253</Y>
    <Z>-8.865903</Z>
  </Rotation>
</Screenshot>