<?xml version="1.0" encoding="utf-8"?>
<Screenshot xmlns:xsd="http://www.w3.org/2001/XMLSchema" xmlns:xsi="http://www.w3.org/2001/XMLSchema-instance">
  <Cars />
  <MyCar>
    <Position>
      <X>-3107.691</X>
      <Y>1084.08911</Y>
      <Z>20.0819016</Z>
    </Position>
    <Rotation>
      <X>-0.009521502</X>
      <Y>0.282407582</Y>
      <Z>-9.006089</Z>
    </Rotation>
    <Handle>1538</Handle>
    <Bounds>
      <Vector3>
        <X>-3109.10352</X>
        <Y>1081.72327</Y>
        <Z>19.35942</Z>
      </Vector3>
      <Vector3>
        <X>-3107.086</X>
        <Y>1081.40344</Y>
        <Z>19.3493519</Z>
      </Vector3>
      <Vector3>
        <X>-3108.30273</X>
        <Y>1086.77576</Y>
        <Z>19.35857</Z>
      </Vector3>
      <Vector3>
        <X>-3109.09644</X>
        <Y>1081.72229</Y>
        <Z>20.8153</Z>
      </Vector3>
      <Vector3>
        <X>-3106.28516</X>
        <Y>1086.45593</Y>
        <Z>19.3485012</Z>
      </Vector3>
      <Vector3>
        <X>-3107.07886</X>
        <Y>1081.40259</Y>
        <Z>20.805233</Z>
      </Vector3>
      <Vector3>
        <X>-3108.29565</X>
        <Y>1086.7749</Y>
        <Z>20.8144512</Z>
      </Vector3>
      <Vector3>
        <X>-3106.278</X>
        <Y>1086.45508</Y>
        <Z>20.8043823</Z>
      </Vector3>
    </Bounds>
    <CenterCamPosition>
      <X>0</X>
      <Y>0</Y>
    </CenterCamPosition>
    <ScreenBounds />
    <DistanceToCam>0</DistanceToCam>
    <Speed>16.7272644</Speed>
    <AccInput>0.220915079</AccInput>
    <RPM>0.6670517</RPM>
    <Gear>2</Gear>
    <SteeringAngle>2.92386365</SteeringAngle>
    <WheelSpeed>0</WheelSpeed>
    <CarType>Sports</CarType>
  </MyCar>
  <Peds />
  <Time>109345</Time>
  <LastFrameTime>0.0294521488</LastFrameTime>
  <MyProperty>0</MyProperty>
  <Weather>ExtraSunny</Weather>
  <Steering>119</Steering>
  <Acc>155</Acc>
  <Brake>127</Brake>
  <DayTime>06:56:53</DayTime>
  <Position>
    <X>-3107.573</X>
    <Y>1084.78687</Y>
    <Z>20.9819412</Z>
  </Position>
  <Rotation>
    <X>-0.5113869</X>
    <Y>0.7638582</Y>
    <Z>-9.212381</Z>
  </Rotation>
</Screenshot>