<?xml version="1.0" encoding="utf-8"?>
<Screenshot xmlns:xsd="http://www.w3.org/2001/XMLSchema" xmlns:xsi="http://www.w3.org/2001/XMLSchema-instance">
  <Cars />
  <MyCar>
    <Position>
      <X>-3107.38574</X>
      <Y>1086.0708</Y>
      <Z>20.081049</Z>
    </Position>
    <Rotation>
      <X>-0.005186027</X>
      <Y>0.27431044</Y>
      <Z>-8.283916</Z>
    </Rotation>
    <Handle>1538</Handle>
    <Bounds>
      <Vector3>
        <X>-3108.76831</X>
        <Y>1083.68738</Y>
        <Z>19.3582287</Z>
      </Vector3>
      <Vector3>
        <X>-3106.74683</X>
        <Y>1083.39307</Y>
        <Z>19.34845</Z>
      </Vector3>
      <Vector3>
        <X>-3108.03125</X>
        <Y>1088.74951</Y>
        <Z>19.3577652</Z>
      </Vector3>
      <Vector3>
        <X>-3108.76147</X>
        <Y>1083.6864</Y>
        <Z>20.81411</Z>
      </Vector3>
      <Vector3>
        <X>-3106.00977</X>
        <Y>1088.4552</Y>
        <Z>19.3479862</Z>
      </Vector3>
      <Vector3>
        <X>-3106.74</X>
        <Y>1083.39209</Y>
        <Z>20.80433</Z>
      </Vector3>
      <Vector3>
        <X>-3108.02441</X>
        <Y>1088.74866</Y>
        <Z>20.8136482</Z>
      </Vector3>
      <Vector3>
        <X>-3106.003</X>
        <Y>1088.45435</Y>
        <Z>20.8038673</Z>
      </Vector3>
    </Bounds>
    <CenterCamPosition>
      <X>0</X>
      <Y>0</Y>
    </CenterCamPosition>
    <ScreenBounds />
    <DistanceToCam>0</DistanceToCam>
    <Speed>16.8278847</Speed>
    <AccInput>0.220915079</AccInput>
    <RPM>0.6713705</RPM>
    <Gear>2</Gear>
    <SteeringAngle>1.27930689</SteeringAngle>
    <WheelSpeed>0</WheelSpeed>
    <CarType>Sports</CarType>
  </MyCar>
  <Peds />
  <Time>109465</Time>
  <LastFrameTime>0.0200030971</LastFrameTime>
  <MyProperty>0</MyProperty>
  <Weather>ExtraSunny</Weather>
  <Steering>127</Steering>
  <Acc>155</Acc>
  <Brake>127</Brake>
  <DayTime>06:56:57</DayTime>
  <Position>
    <X>-3107.25635</X>
    <Y>1086.92444</Y>
    <Z>20.9812222</Z>
  </Position>
  <Rotation>
    <X>-0.500614941</X>
    <Y>0.780679345</Y>
    <Z>-8.384299</Z>
  </Rotation>
</Screenshot>