<?xml version="1.0" encoding="utf-8"?>
<Screenshot xmlns:xsd="http://www.w3.org/2001/XMLSchema" xmlns:xsi="http://www.w3.org/2001/XMLSchema-instance">
  <Cars />
  <MyCar>
    <Position>
      <X>-3107.311</X>
      <Y>1086.57446</Y>
      <Z>20.0807171</Z>
    </Position>
    <Rotation>
      <X>-0.011044573</X>
      <Y>0.265389234</Y>
      <Z>-8.153413</Z>
    </Rotation>
    <Handle>1538</Handle>
    <Bounds>
      <Vector3>
        <X>-3108.688</X>
        <Y>1084.18774</Y>
        <Z>19.358</Z>
      </Vector3>
      <Vector3>
        <X>-3106.666</X>
        <Y>1083.89807</Y>
        <Z>19.3485374</Z>
      </Vector3>
      <Vector3>
        <X>-3107.96265</X>
        <Y>1089.25159</Y>
        <Z>19.3570137</Z>
      </Vector3>
      <Vector3>
        <X>-3108.6814</X>
        <Y>1084.18713</Y>
        <Z>20.81388</Z>
      </Vector3>
      <Vector3>
        <X>-3105.94043</X>
        <Y>1088.96191</Y>
        <Z>19.3475513</Z>
      </Vector3>
      <Vector3>
        <X>-3106.65918</X>
        <Y>1083.89734</Y>
        <Z>20.80442</Z>
      </Vector3>
      <Vector3>
        <X>-3107.95581</X>
        <Y>1089.251</Y>
        <Z>20.8128948</Z>
      </Vector3>
      <Vector3>
        <X>-3105.93384</X>
        <Y>1088.9613</Y>
        <Z>20.8034344</Z>
      </Vector3>
    </Bounds>
    <CenterCamPosition>
      <X>0</X>
      <Y>0</Y>
    </CenterCamPosition>
    <ScreenBounds />
    <DistanceToCam>0</DistanceToCam>
    <Speed>16.853199</Speed>
    <AccInput>0.220915079</AccInput>
    <RPM>0.6720884</RPM>
    <Gear>2</Gear>
    <SteeringAngle>1.00108755</SteeringAngle>
    <WheelSpeed>0</WheelSpeed>
    <CarType>Sports</CarType>
  </MyCar>
  <Peds />
  <Time>109495</Time>
  <LastFrameTime>0.0302244946</LastFrameTime>
  <MyProperty>0</MyProperty>
  <Weather>ExtraSunny</Weather>
  <Steering>127</Steering>
  <Acc>155</Acc>
  <Brake>127</Brake>
  <DayTime>06:56:58</DayTime>
  <Position>
    <X>-3107.2085</X>
    <Y>1087.25769</Y>
    <Z>20.98093</Z>
  </Position>
  <Rotation>
    <X>-0.505185962</X>
    <Y>0.7743104</Y>
    <Z>-8.283915</Z>
  </Rotation>
</Screenshot>