<?xml version="1.0" encoding="utf-8"?>
<Screenshot xmlns:xsd="http://www.w3.org/2001/XMLSchema" xmlns:xsi="http://www.w3.org/2001/XMLSchema-instance">
  <Cars />
  <MyCar>
    <Position>
      <X>-3107.50879</X>
      <Y>1085.25745</Y>
      <Z>20.0815</Z>
    </Position>
    <Rotation>
      <X>0.00243576313</X>
      <Y>0.287229449</Y>
      <Z>-8.544715</Z>
    </Rotation>
    <Handle>1538</Handle>
    <Bounds>
      <Vector3>
        <X>-3108.90234</X>
        <Y>1082.88037</Y>
        <Z>19.35857</Z>
      </Vector3>
      <Vector3>
        <X>-3106.88232</X>
        <Y>1082.5769</Y>
        <Z>19.34833</Z>
      </Vector3>
      <Vector3>
        <X>-3108.14233</X>
        <Y>1087.93921</Y>
        <Z>19.3587875</Z>
      </Vector3>
      <Vector3>
        <X>-3108.895</X>
        <Y>1082.87927</Y>
        <Z>20.81445</Z>
      </Vector3>
      <Vector3>
        <X>-3106.12231</X>
        <Y>1087.63574</Y>
        <Z>19.348547</Z>
      </Vector3>
      <Vector3>
        <X>-3106.875</X>
        <Y>1082.57581</Y>
        <Z>20.8042088</Z>
      </Vector3>
      <Vector3>
        <X>-3108.135</X>
        <Y>1087.93811</Y>
        <Z>20.8146667</Z>
      </Vector3>
      <Vector3>
        <X>-3106.115</X>
        <Y>1087.63452</Y>
        <Z>20.8044262</Z>
      </Vector3>
    </Bounds>
    <CenterCamPosition>
      <X>0</X>
      <Y>0</Y>
    </CenterCamPosition>
    <ScreenBounds />
    <DistanceToCam>0</DistanceToCam>
    <Speed>16.7867</Speed>
    <AccInput>0.220915079</AccInput>
    <RPM>0.6698201</RPM>
    <Gear>2</Gear>
    <SteeringAngle>1.88761973</SteeringAngle>
    <WheelSpeed>0</WheelSpeed>
    <CarType>Sports</CarType>
  </MyCar>
  <Peds />
  <Time>109416</Time>
  <LastFrameTime>0.0209690724</LastFrameTime>
  <MyProperty>0</MyProperty>
  <Weather>ExtraSunny</Weather>
  <Steering>127</Steering>
  <Acc>155</Acc>
  <Brake>127</Brake>
  <DayTime>06:56:55</DayTime>
  <Position>
    <X>-3107.37671</X>
    <Y>1086.09521</Y>
    <Z>20.9815826</Z>
  </Position>
  <Rotation>
    <X>-0.500384748</X>
    <Y>0.7875795</Y>
    <Z>-8.6738</Z>
  </Rotation>
</Screenshot>