<?xml version="1.0" encoding="utf-8"?>
<Screenshot xmlns:xsd="http://www.w3.org/2001/XMLSchema" xmlns:xsi="http://www.w3.org/2001/XMLSchema-instance">
  <Cars />
  <MyCar>
    <Position>
      <X>-3107.43579</X>
      <Y>1085.73792</Y>
      <Z>20.0812454</Z>
    </Position>
    <Rotation>
      <X>-0.0006149845</X>
      <Y>0.280679464</Y>
      <Z>-8.384299</Z>
    </Rotation>
    <Handle>1538</Handle>
    <Bounds>
      <Vector3>
        <X>-3108.82251</X>
        <Y>1083.35693</Y>
        <Z>19.3583355</Z>
      </Vector3>
      <Vector3>
        <X>-3106.80176</X>
        <Y>1083.05908</Y>
        <Z>19.3483276</Z>
      </Vector3>
      <Vector3>
        <X>-3108.07666</X>
        <Y>1088.41785</Y>
        <Z>19.35828</Z>
      </Vector3>
      <Vector3>
        <X>-3108.81543</X>
        <Y>1083.356</Y>
        <Z>20.8142166</Z>
      </Vector3>
      <Vector3>
        <X>-3106.056</X>
        <Y>1088.12</Y>
        <Z>19.3482742</Z>
      </Vector3>
      <Vector3>
        <X>-3106.79468</X>
        <Y>1083.05811</Y>
        <Z>20.8042088</Z>
      </Vector3>
      <Vector3>
        <X>-3108.06958</X>
        <Y>1088.41687</Y>
        <Z>20.8141613</Z>
      </Vector3>
      <Vector3>
        <X>-3106.04883</X>
        <Y>1088.119</Y>
        <Z>20.8041534</Z>
      </Vector3>
    </Bounds>
    <CenterCamPosition>
      <X>0</X>
      <Y>0</Y>
    </CenterCamPosition>
    <ScreenBounds />
    <DistanceToCam>0</DistanceToCam>
    <Speed>16.8110771</Speed>
    <AccInput>0.220915079</AccInput>
    <RPM>0.67063266</RPM>
    <Gear>2</Gear>
    <SteeringAngle>1.49449265</SteeringAngle>
    <WheelSpeed>0</WheelSpeed>
    <CarType>Sports</CarType>
  </MyCar>
  <Peds />
  <Time>109445</Time>
  <LastFrameTime>0.0289168768</LastFrameTime>
  <MyProperty>0</MyProperty>
  <Weather>ExtraSunny</Weather>
  <Steering>127</Steering>
  <Acc>155</Acc>
  <Brake>127</Brake>
  <DayTime>06:56:56</DayTime>
  <Position>
    <X>-3107.326</X>
    <Y>1086.44336</Y>
    <Z>20.9815388</Z>
  </Position>
  <Rotation>
    <X>-0.497564256</X>
    <Y>0.787229359</Y>
    <Z>-8.544716</Z>
  </Rotation>
</Screenshot>