<?xml version="1.0" encoding="utf-8"?>
<Screenshot xmlns:xsd="http://www.w3.org/2001/XMLSchema" xmlns:xsi="http://www.w3.org/2001/XMLSchema-instance">
  <Cars />
  <MyCar>
    <Position>
      <X>-3107.069</X>
      <Y>1088.24316</Y>
      <Z>20.0797386</Z>
    </Position>
    <Rotation>
      <X>-0.0326768942</X>
      <Y>0.235446125</Y>
      <Z>-7.87176275</Z>
    </Rotation>
    <Handle>1538</Handle>
    <Bounds>
      <Vector3>
        <X>-3108.434</X>
        <Y>1085.84937</Y>
        <Z>19.35745</Z>
      </Vector3>
      <Vector3>
        <X>-3106.41064</X>
        <Y>1085.56958</Y>
        <Z>19.3490562</Z>
      </Vector3>
      <Vector3>
        <X>-3107.7334</X>
        <Y>1090.91675</Y>
        <Z>19.3545341</Z>
      </Vector3>
      <Vector3>
        <X>-3108.428</X>
        <Y>1085.84937</Y>
        <Z>20.8133373</Z>
      </Vector3>
      <Vector3>
        <X>-3105.71</X>
        <Y>1090.63708</Y>
        <Z>19.34614</Z>
      </Vector3>
      <Vector3>
        <X>-3106.40454</X>
        <Y>1085.56958</Y>
        <Z>20.8049431</Z>
      </Vector3>
      <Vector3>
        <X>-3107.72729</X>
        <Y>1090.91675</Y>
        <Z>20.81042</Z>
      </Vector3>
      <Vector3>
        <X>-3105.70386</X>
        <Y>1090.63708</Y>
        <Z>20.8020248</Z>
      </Vector3>
    </Bounds>
    <CenterCamPosition>
      <X>0</X>
      <Y>0</Y>
    </CenterCamPosition>
    <ScreenBounds />
    <DistanceToCam>0</DistanceToCam>
    <Speed>16.9360485</Speed>
    <AccInput>0.215686321</AccInput>
    <RPM>0.67557013</RPM>
    <Gear>2</Gear>
    <SteeringAngle>0.453056</SteeringAngle>
    <WheelSpeed>0</WheelSpeed>
    <CarType>Sports</CarType>
  </MyCar>
  <Peds />
  <Time>109595</Time>
  <LastFrameTime>0.0294093285</LastFrameTime>
  <MyProperty>0</MyProperty>
  <Weather>ExtraSunny</Weather>
  <Steering>127</Steering>
  <Acc>154</Acc>
  <Brake>127</Brake>
  <DayTime>06:57:01</DayTime>
  <Position>
    <X>-3106.97021</X>
    <Y>1088.9386</Y>
    <Z>20.97953</Z>
  </Position>
  <Rotation>
    <X>-0.52433157</X>
    <Y>0.747013152</Y>
    <Z>-7.932103</Z>
  </Rotation>
</Screenshot>