<?xml version="1.0" encoding="utf-8"?>
<Screenshot xmlns:xsd="http://www.w3.org/2001/XMLSchema" xmlns:xsi="http://www.w3.org/2001/XMLSchema-instance">
  <Cars />
  <MyCar>
    <Position>
      <X>-3107.13965</X>
      <Y>1087.75024</Y>
      <Z>20.0800476</Z>
    </Position>
    <Rotation>
      <X>-0.024331538</X>
      <Y>0.247013137</Y>
      <Z>-7.932103</Z>
    </Rotation>
    <Handle>1538</Handle>
    <Bounds>
      <Vector3>
        <X>-3108.50732</X>
        <Y>1085.358</Y>
        <Z>19.3575935</Z>
      </Vector3>
      <Vector3>
        <X>-3106.48413</X>
        <Y>1085.07617</Y>
        <Z>19.3487873</Z>
      </Vector3>
      <Vector3>
        <X>-3107.80127</X>
        <Y>1090.42468</Y>
        <Z>19.3554211</Z>
      </Vector3>
      <Vector3>
        <X>-3108.501</X>
        <Y>1085.35779</Y>
        <Z>20.8134785</Z>
      </Vector3>
      <Vector3>
        <X>-3105.778</X>
        <Y>1090.14282</Y>
        <Z>19.3466148</Z>
      </Vector3>
      <Vector3>
        <X>-3106.47778</X>
        <Y>1085.07593</Y>
        <Z>20.8046722</Z>
      </Vector3>
      <Vector3>
        <X>-3107.795</X>
        <Y>1090.42444</Y>
        <Z>20.811306</Z>
      </Vector3>
      <Vector3>
        <X>-3105.77173</X>
        <Y>1090.14258</Y>
        <Z>20.8025</Z>
      </Vector3>
    </Bounds>
    <CenterCamPosition>
      <X>0</X>
      <Y>0</Y>
    </CenterCamPosition>
    <ScreenBounds />
    <DistanceToCam>0</DistanceToCam>
    <Speed>16.9117985</Speed>
    <AccInput>0.220915079</AccInput>
    <RPM>0.6746379</RPM>
    <Gear>2</Gear>
    <SteeringAngle>0.574361145</SteeringAngle>
    <WheelSpeed>0</WheelSpeed>
    <CarType>Sports</CarType>
  </MyCar>
  <Peds />
  <Time>109565</Time>
  <LastFrameTime>0.0193334613</LastFrameTime>
  <MyProperty>0</MyProperty>
  <Weather>ExtraSunny</Weather>
  <Steering>127</Steering>
  <Acc>155</Acc>
  <Brake>127</Brake>
  <DayTime>06:57:00</DayTime>
  <Position>
    <X>-3107.01587</X>
    <Y>1088.61487</Y>
    <Z>20.9797211</Z>
  </Position>
  <Rotation>
    <X>-0.5225565</X>
    <Y>0.7491154</Y>
    <Z>-7.98166561</Z>
  </Rotation>
</Screenshot>