<?xml version="1.0" encoding="utf-8"?>
<Screenshot xmlns:xsd="http://www.w3.org/2001/XMLSchema" xmlns:xsi="http://www.w3.org/2001/XMLSchema-instance">
  <Cars />
  <MyCar>
    <Position>
      <X>-3107.18652</X>
      <Y>1087.42664</Y>
      <Z>20.0802021</Z>
    </Position>
    <Rotation>
      <X>-0.02255647</X>
      <Y>0.2491154</Y>
      <Z>-7.981667</Z>
    </Rotation>
    <Handle>1538</Handle>
    <Bounds>
      <Vector3>
        <X>-3108.55615</X>
        <Y>1085.03564</Y>
        <Z>19.357708</Z>
      </Vector3>
      <Vector3>
        <X>-3106.5332</X>
        <Y>1084.752</Y>
        <Z>19.3488255</Z>
      </Vector3>
      <Vector3>
        <X>-3107.846</X>
        <Y>1090.10168</Y>
        <Z>19.3556938</Z>
      </Vector3>
      <Vector3>
        <X>-3108.5498</X>
        <Y>1085.03528</Y>
        <Z>20.813591</Z>
      </Vector3>
      <Vector3>
        <X>-3105.823</X>
        <Y>1089.818</Y>
        <Z>19.3468113</Z>
      </Vector3>
      <Vector3>
        <X>-3106.52686</X>
        <Y>1084.75171</Y>
        <Z>20.80471</Z>
      </Vector3>
      <Vector3>
        <X>-3107.8396</X>
        <Y>1090.10132</Y>
        <Z>20.8115768</Z>
      </Vector3>
      <Vector3>
        <X>-3105.81665</X>
        <Y>1089.81775</Y>
        <Z>20.8026962</Z>
      </Vector3>
    </Bounds>
    <CenterCamPosition>
      <X>0</X>
      <Y>0</Y>
    </CenterCamPosition>
    <ScreenBounds />
    <DistanceToCam>0</DistanceToCam>
    <Speed>16.8957443</Speed>
    <AccInput>0.220915079</AccInput>
    <RPM>0.6738065</RPM>
    <Gear>2</Gear>
    <SteeringAngle>0.6670032</SteeringAngle>
    <WheelSpeed>0</WheelSpeed>
    <CarType>Sports</CarType>
  </MyCar>
  <Peds />
  <Time>109546</Time>
  <LastFrameTime>0.0287499335</LastFrameTime>
  <MyProperty>0</MyProperty>
  <Weather>ExtraSunny</Weather>
  <Steering>127</Steering>
  <Acc>155</Acc>
  <Brake>127</Brake>
  <DayTime>06:56:59</DayTime>
  <Position>
    <X>-3107.08374</X>
    <Y>1088.13391</Y>
    <Z>20.98016</Z>
  </Position>
  <Rotation>
    <X>-0.5154374</X>
    <Y>0.759533048</Y>
    <Z>-8.070436</Z>
  </Rotation>
</Screenshot>