<?xml version="1.0" encoding="utf-8"?>
<Screenshot xmlns:xsd="http://www.w3.org/2001/XMLSchema" xmlns:xsi="http://www.w3.org/2001/XMLSchema-instance">
  <Cars />
  <MyCar>
    <Position>
      <X>-3107.25635</X>
      <Y>1086.94617</Y>
      <Z>20.080492</Z>
    </Position>
    <Rotation>
      <X>-0.0154374139</X>
      <Y>0.259533048</Y>
      <Z>-8.070436</Z>
    </Rotation>
    <Handle>1538</Handle>
    <Bounds>
      <Vector3>
        <X>-3108.63</X>
        <Y>1084.55737</Y>
        <Z>19.3578663</Z>
      </Vector3>
      <Vector3>
        <X>-3106.60742</X>
        <Y>1084.27063</Y>
        <Z>19.3486118</Z>
      </Vector3>
      <Vector3>
        <X>-3107.91162</X>
        <Y>1089.62231</Y>
        <Z>19.3564873</Z>
      </Vector3>
      <Vector3>
        <X>-3108.62329</X>
        <Y>1084.55688</Y>
        <Z>20.81375</Z>
      </Vector3>
      <Vector3>
        <X>-3105.88916</X>
        <Y>1089.33557</Y>
        <Z>19.3472347</Z>
      </Vector3>
      <Vector3>
        <X>-3106.60083</X>
        <Y>1084.27014</Y>
        <Z>20.8044949</Z>
      </Vector3>
      <Vector3>
        <X>-3107.905</X>
        <Y>1089.62183</Y>
        <Z>20.81237</Z>
      </Vector3>
      <Vector3>
        <X>-3105.88257</X>
        <Y>1089.33508</Y>
        <Z>20.8031178</Z>
      </Vector3>
    </Bounds>
    <CenterCamPosition>
      <X>0</X>
      <Y>0</Y>
    </CenterCamPosition>
    <ScreenBounds />
    <DistanceToCam>0</DistanceToCam>
    <Speed>16.8718052</Speed>
    <AccInput>0.220915079</AccInput>
    <RPM>0.6729418</RPM>
    <Gear>2</Gear>
    <SteeringAngle>0.840749443</SteeringAngle>
    <WheelSpeed>0</WheelSpeed>
    <CarType>Sports</CarType>
  </MyCar>
  <Peds />
  <Time>109517</Time>
  <LastFrameTime>0.0222723465</LastFrameTime>
  <MyProperty>0</MyProperty>
  <Weather>ExtraSunny</Weather>
  <Steering>127</Steering>
  <Acc>155</Acc>
  <Brake>127</Brake>
  <DayTime>06:56:58</DayTime>
  <Position>
    <X>-3107.13672</X>
    <Y>1087.762</Y>
    <Z>20.9804764</Z>
  </Position>
  <Rotation>
    <X>-0.511044562</X>
    <Y>0.7653892</Y>
    <Z>-8.153412</Z>
  </Rotation>
</Screenshot>