<?xml version="1.0" encoding="utf-8"?>
<Screenshot xmlns:xsd="http://www.w3.org/2001/XMLSchema" xmlns:xsi="http://www.w3.org/2001/XMLSchema-instance">
  <Cars />
  <MyCar>
    <Position>
      <X>-3106.95</X>
      <Y>1089.08691</Y>
      <Z>20.0789871</Z>
    </Position>
    <Rotation>
      <X>-0.029101247</X>
      <Y>0.21488516</Y>
      <Z>-7.798396</Z>
    </Rotation>
    <Handle>1538</Handle>
    <Bounds>
      <Vector3>
        <X>-3108.31152</X>
        <Y>1086.69141</Y>
        <Z>19.3561726</Z>
      </Vector3>
      <Vector3>
        <X>-3106.28784</X>
        <Y>1086.41418</Y>
        <Z>19.34851</Z>
      </Vector3>
      <Vector3>
        <X>-3107.61743</X>
        <Y>1091.75964</Y>
        <Z>19.3535748</Z>
      </Vector3>
      <Vector3>
        <X>-3108.30615</X>
        <Y>1086.69141</Y>
        <Z>20.81206</Z>
      </Vector3>
      <Vector3>
        <X>-3105.59351</X>
        <Y>1091.48254</Y>
        <Z>19.3459129</Z>
      </Vector3>
      <Vector3>
        <X>-3106.28223</X>
        <Y>1086.41418</Y>
        <Z>20.8044</Z>
      </Vector3>
      <Vector3>
        <X>-3107.61182</X>
        <Y>1091.75964</Y>
        <Z>20.8094616</Z>
      </Vector3>
      <Vector3>
        <X>-3105.58813</X>
        <Y>1091.48254</Y>
        <Z>20.8018017</Z>
      </Vector3>
    </Bounds>
    <CenterCamPosition>
      <X>0</X>
      <Y>0</Y>
    </CenterCamPosition>
    <ScreenBounds />
    <DistanceToCam>0</DistanceToCam>
    <Speed>16.9769478</Speed>
    <AccInput>0.215686321</AccInput>
    <RPM>0.67708087</RPM>
    <Gear>2</Gear>
    <SteeringAngle>0.303815871</SteeringAngle>
    <WheelSpeed>0</WheelSpeed>
    <CarType>Sports</CarType>
  </MyCar>
  <Peds />
  <Time>109645</Time>
  <LastFrameTime>0.0303346533</LastFrameTime>
  <MyProperty>0</MyProperty>
  <Weather>ExtraSunny</Weather>
  <Steering>127</Steering>
  <Acc>154</Acc>
  <Brake>127</Brake>
  <DayTime>06:57:02</DayTime>
  <Position>
    <X>-3106.85449</X>
    <Y>1089.766</Y>
    <Z>20.9787483</Z>
  </Position>
  <Rotation>
    <X>-0.5335972</X>
    <Y>0.7283621</Y>
    <Z>-7.83795834</Z>
  </Rotation>
</Screenshot>