<?xml version="1.0" encoding="utf-8"?>
<Screenshot xmlns:xsd="http://www.w3.org/2001/XMLSchema" xmlns:xsi="http://www.w3.org/2001/XMLSchema-instance">
  <Cars />
  <MyCar>
    <Position>
      <X>-3106.89673</X>
      <Y>1089.467</Y>
      <Z>20.0786057</Z>
    </Position>
    <Rotation>
      <X>-0.0260556675</X>
      <Y>0.2051778</Y>
      <Z>-7.775556</Z>
    </Rotation>
    <Handle>1538</Handle>
    <Bounds>
      <Vector3>
        <X>-3108.25732</X>
        <Y>1087.071</Y>
        <Z>19.3554821</Z>
      </Vector3>
      <Vector3>
        <X>-3106.2334</X>
        <Y>1086.79468</Y>
        <Z>19.3481655</Z>
      </Vector3>
      <Vector3>
        <X>-3107.56519</X>
        <Y>1092.13953</Y>
        <Z>19.3531551</Z>
      </Vector3>
      <Vector3>
        <X>-3108.252</X>
        <Y>1087.07092</Y>
        <Z>20.81137</Z>
      </Vector3>
      <Vector3>
        <X>-3105.54126</X>
        <Y>1091.86316</Y>
        <Z>19.34584</Z>
      </Vector3>
      <Vector3>
        <X>-3106.228</X>
        <Y>1086.79456</Y>
        <Z>20.8040543</Z>
      </Vector3>
      <Vector3>
        <X>-3107.55981</X>
        <Y>1092.13953</Y>
        <Z>20.8090439</Z>
      </Vector3>
      <Vector3>
        <X>-3105.536</X>
        <Y>1091.86316</Y>
        <Z>20.80173</Z>
      </Vector3>
    </Bounds>
    <CenterCamPosition>
      <X>0</X>
      <Y>0</Y>
    </CenterCamPosition>
    <ScreenBounds />
    <DistanceToCam>0</DistanceToCam>
    <Speed>16.9953041</Speed>
    <AccInput>0.215686321</AccInput>
    <RPM>0.6779864</RPM>
    <Gear>2</Gear>
    <SteeringAngle>0.254601538</SteeringAngle>
    <WheelSpeed>0</WheelSpeed>
    <CarType>Sports</CarType>
  </MyCar>
  <Peds />
  <Time>109667</Time>
  <LastFrameTime>0.0225907173</LastFrameTime>
  <MyProperty>0</MyProperty>
  <Weather>ExtraSunny</Weather>
  <Steering>127</Steering>
  <Acc>154</Acc>
  <Brake>127</Brake>
  <DayTime>06:57:03</DayTime>
  <Position>
    <X>-3106.78369</X>
    <Y>1090.27576</Y>
    <Z>20.97837</Z>
  </Position>
  <Rotation>
    <X>-0.529101253</X>
    <Y>0.7148851</Y>
    <Z>-7.798395</Z>
  </Rotation>
</Screenshot>