<?xml version="1.0" encoding="utf-8"?>
<Screenshot xmlns:xsd="http://www.w3.org/2001/XMLSchema" xmlns:xsi="http://www.w3.org/2001/XMLSchema-instance">
  <Cars />
  <MyCar>
    <Position>
      <X>-3106.83325</X>
      <Y>1089.92175</Y>
      <Z>20.0781364</Z>
    </Position>
    <Rotation>
      <X>-0.0222014859</X>
      <Y>0.196878776</Y>
      <Z>-7.75555325</Z>
    </Rotation>
    <Handle>1538</Handle>
    <Bounds>
      <Vector3>
        <X>-3108.19287</X>
        <Y>1087.52527</Y>
        <Z>19.3546925</Z>
      </Vector3>
      <Vector3>
        <X>-3106.1687</X>
        <Y>1087.24963</Y>
        <Z>19.3476734</Z>
      </Vector3>
      <Vector3>
        <X>-3107.50244</X>
        <Y>1092.59412</Y>
        <Z>19.3527088</Z>
      </Vector3>
      <Vector3>
        <X>-3108.18774</X>
        <Y>1087.52515</Y>
        <Z>20.8105812</Z>
      </Vector3>
      <Vector3>
        <X>-3105.47852</X>
        <Y>1092.31848</Y>
        <Z>19.34569</Z>
      </Vector3>
      <Vector3>
        <X>-3106.16382</X>
        <Y>1087.24951</Y>
        <Z>20.8035622</Z>
      </Vector3>
      <Vector3>
        <X>-3107.49756</X>
        <Y>1092.594</Y>
        <Z>20.8086</Z>
      </Vector3>
      <Vector3>
        <X>-3105.47339</X>
        <Y>1092.31836</Y>
        <Z>20.80158</Z>
      </Vector3>
    </Bounds>
    <CenterCamPosition>
      <X>0</X>
      <Y>0</Y>
    </CenterCamPosition>
    <ScreenBounds />
    <DistanceToCam>0</DistanceToCam>
    <Speed>17.0171566</Speed>
    <AccInput>0.215686321</AccInput>
    <RPM>0.67884016</RPM>
    <Gear>2</Gear>
    <SteeringAngle>0.205353081</SteeringAngle>
    <WheelSpeed>0</WheelSpeed>
    <CarType>Sports</CarType>
  </MyCar>
  <Peds />
  <Time>109694</Time>
  <LastFrameTime>0.0269877184</LastFrameTime>
  <MyProperty>0</MyProperty>
  <Weather>ExtraSunny</Weather>
  <Steering>127</Steering>
  <Acc>154</Acc>
  <Brake>127</Brake>
  <DayTime>06:57:04</DayTime>
  <Position>
    <X>-3106.7312</X>
    <Y>1090.656</Y>
    <Z>20.978054</Z>
  </Position>
  <Rotation>
    <X>-0.526055634</X>
    <Y>0.7051778</Y>
    <Z>-7.775556</Z>
  </Rotation>
</Screenshot>