<?xml version="1.0" encoding="utf-8"?>
<Screenshot xmlns:xsd="http://www.w3.org/2001/XMLSchema" xmlns:xsi="http://www.w3.org/2001/XMLSchema-instance">
  <Cars />
  <MyCar>
    <Position>
      <X>-3107.02173</X>
      <Y>1088.57715</Y>
      <Z>20.07946</Z>
    </Position>
    <Rotation>
      <X>-0.0335972235</X>
      <Y>0.228362158</Y>
      <Z>-7.83795929</Z>
    </Rotation>
    <Handle>1538</Handle>
    <Bounds>
      <Vector3>
        <X>-3108.38525</X>
        <Y>1086.1825</Y>
        <Z>19.3570862</Z>
      </Vector3>
      <Vector3>
        <X>-3106.36157</X>
        <Y>1085.90393</Y>
        <Z>19.3489456</Z>
      </Vector3>
      <Vector3>
        <X>-3107.6875</X>
        <Y>1091.25037</Y>
        <Z>19.3540878</Z>
      </Vector3>
      <Vector3>
        <X>-3108.37939</X>
        <Y>1086.18262</Y>
        <Z>20.812973</Z>
      </Vector3>
      <Vector3>
        <X>-3105.66382</X>
        <Y>1090.9718</Y>
        <Z>19.3459454</Z>
      </Vector3>
      <Vector3>
        <X>-3106.35571</X>
        <Y>1085.904</Y>
        <Z>20.8048325</Z>
      </Vector3>
      <Vector3>
        <X>-3107.68164</X>
        <Y>1091.25037</Y>
        <Z>20.8099747</Z>
      </Vector3>
      <Vector3>
        <X>-3105.658</X>
        <Y>1090.9718</Y>
        <Z>20.8018322</Z>
      </Vector3>
    </Bounds>
    <CenterCamPosition>
      <X>0</X>
      <Y>0</Y>
    </CenterCamPosition>
    <ScreenBounds />
    <DistanceToCam>0</DistanceToCam>
    <Speed>16.9522</Speed>
    <AccInput>0.215686321</AccInput>
    <RPM>0.6762014</RPM>
    <Gear>2</Gear>
    <SteeringAngle>0.388332963</SteeringAngle>
    <WheelSpeed>0</WheelSpeed>
    <CarType>Sports</CarType>
  </MyCar>
  <Peds />
  <Time>109614</Time>
  <LastFrameTime>0.01990411</LastFrameTime>
  <MyProperty>0</MyProperty>
  <Weather>ExtraSunny</Weather>
  <Steering>127</Steering>
  <Acc>154</Acc>
  <Brake>127</Brake>
  <DayTime>06:57:01</DayTime>
  <Position>
    <X>-3106.90112</X>
    <Y>1089.43188</Y>
    <Z>20.9790459</Z>
  </Position>
  <Rotation>
    <X>-0.5326769</X>
    <Y>0.735446155</Y>
    <Z>-7.871762</Z>
  </Rotation>
</Screenshot>