<?xml version="1.0" encoding="utf-8"?>
<Screenshot xmlns:xsd="http://www.w3.org/2001/XMLSchema" xmlns:xsi="http://www.w3.org/2001/XMLSchema-instance">
  <Cars />
  <MyCar>
    <Position>
      <X>-3106.78687</X>
      <Y>1090.25574</Y>
      <Z>20.0778141</Z>
    </Position>
    <Rotation>
      <X>-0.0204453021</X>
      <Y>0.191701278</Y>
      <Z>-7.744337</Z>
    </Rotation>
    <Handle>1538</Handle>
    <Bounds>
      <Vector3>
        <X>-3108.146</X>
        <Y>1087.859</Y>
        <Z>19.3541985</Z>
      </Vector3>
      <Vector3>
        <X>-3106.12183</X>
        <Y>1087.58374</Y>
        <Z>19.3473644</Z>
      </Vector3>
      <Vector3>
        <X>-3107.45654</X>
        <Y>1092.928</Y>
        <Z>19.3523731</Z>
      </Vector3>
      <Vector3>
        <X>-3108.141</X>
        <Y>1087.85889</Y>
        <Z>20.81009</Z>
      </Vector3>
      <Vector3>
        <X>-3105.43237</X>
        <Y>1092.65271</Y>
        <Z>19.34554</Z>
      </Vector3>
      <Vector3>
        <X>-3106.117</X>
        <Y>1087.58362</Y>
        <Z>20.8032532</Z>
      </Vector3>
      <Vector3>
        <X>-3107.45166</X>
        <Y>1092.92786</Y>
        <Z>20.8082638</Z>
      </Vector3>
      <Vector3>
        <X>-3105.42749</X>
        <Y>1092.65259</Y>
        <Z>20.8014278</Z>
      </Vector3>
    </Bounds>
    <CenterCamPosition>
      <X>0</X>
      <Y>0</Y>
    </CenterCamPosition>
    <ScreenBounds />
    <DistanceToCam>0</DistanceToCam>
    <Speed>17.033123</Speed>
    <AccInput>0.215686321</AccInput>
    <RPM>0.679649651</RPM>
    <Gear>2</Gear>
    <SteeringAngle>0.176227584</SteeringAngle>
    <WheelSpeed>0</WheelSpeed>
    <CarType>Sports</CarType>
  </MyCar>
  <Peds />
  <Time>109714</Time>
  <LastFrameTime>0.0197982956</LastFrameTime>
  <MyProperty>0</MyProperty>
  <Weather>ExtraSunny</Weather>
  <Steering>127</Steering>
  <Acc>154</Acc>
  <Brake>127</Brake>
  <DayTime>06:57:04</DayTime>
  <Position>
    <X>-3106.66821</X>
    <Y>1091.11072</Y>
    <Z>20.9776669</Z>
  </Position>
  <Rotation>
    <X>-0.522201538</X>
    <Y>0.69687885</Y>
    <Z>-7.75555325</Z>
  </Rotation>
</Screenshot>