<?xml version="1.0" encoding="utf-8"?>
<Screenshot xmlns:xsd="http://www.w3.org/2001/XMLSchema" xmlns:xsi="http://www.w3.org/2001/XMLSchema-instance">
  <Cars />
  <MyCar>
    <Position>
      <X>-3106.59937</X>
      <Y>1091.617</Y>
      <Z>20.07664</Z>
    </Position>
    <Rotation>
      <X>-0.01920025</X>
      <Y>0.1729882</Y>
      <Z>-7.71974564</Z>
    </Rotation>
    <Handle>1538</Handle>
    <Bounds>
      <Vector3>
        <X>-3107.957</X>
        <Y>1089.2196</Y>
        <Z>19.3526344</Z>
      </Vector3>
      <Vector3>
        <X>-3105.93286</X>
        <Y>1088.94519</Y>
        <Z>19.3464661</Z>
      </Vector3>
      <Vector3>
        <X>-3107.27</X>
        <Y>1094.28882</Y>
        <Z>19.35092</Z>
      </Vector3>
      <Vector3>
        <X>-3107.95264</X>
        <Y>1089.21948</Y>
        <Z>20.8085251</Z>
      </Vector3>
      <Vector3>
        <X>-3105.24585</X>
        <Y>1094.0144</Y>
        <Z>19.3447514</Z>
      </Vector3>
      <Vector3>
        <X>-3105.92847</X>
        <Y>1088.94507</Y>
        <Z>20.8023586</Z>
      </Vector3>
      <Vector3>
        <X>-3107.26563</X>
        <Y>1094.2887</Y>
        <Z>20.80681</Z>
      </Vector3>
      <Vector3>
        <X>-3105.24146</X>
        <Y>1094.0144</Y>
        <Z>20.8006439</Z>
      </Vector3>
    </Bounds>
    <CenterCamPosition>
      <X>0</X>
      <Y>0</Y>
    </CenterCamPosition>
    <ScreenBounds />
    <DistanceToCam>0</DistanceToCam>
    <Speed>17.1002388</Speed>
    <AccInput>0.215686321</AccInput>
    <RPM>0.68222</RPM>
    <Gear>2</Gear>
    <SteeringAngle>0.09280395</SteeringAngle>
    <WheelSpeed>0</WheelSpeed>
    <CarType>Sports</CarType>
  </MyCar>
  <Peds />
  <Time>109795</Time>
  <LastFrameTime>0.0266134925</LastFrameTime>
  <MyProperty>0</MyProperty>
  <Weather>ExtraSunny</Weather>
  <Steering>127</Steering>
  <Acc>154</Acc>
  <Brake>127</Brake>
  <DayTime>06:57:07</DayTime>
  <Position>
    <X>-3106.49731</X>
    <Y>1092.35535</Y>
    <Z>20.9766026</Z>
  </Position>
  <Rotation>
    <X>-0.522269666</X>
    <Y>0.681764543</Y>
    <Z>-7.7246685</Z>
  </Rotation>
</Screenshot>