<?xml version="1.0" encoding="utf-8"?>
<Screenshot xmlns:xsd="http://www.w3.org/2001/XMLSchema" xmlns:xsi="http://www.w3.org/2001/XMLSchema-instance">
  <Cars />
  <MyCar>
    <Position>
      <X>-3106.66138</X>
      <Y>1091.16626</Y>
      <Z>20.0770741</Z>
    </Position>
    <Rotation>
      <X>-0.02226968</X>
      <Y>0.181764558</Y>
      <Z>-7.72467041</Z>
    </Rotation>
    <Handle>1538</Handle>
    <Bounds>
      <Vector3>
        <X>-3108.01953</X>
        <Y>1088.769</Y>
        <Z>19.353363</Z>
      </Vector3>
      <Vector3>
        <X>-3105.99536</X>
        <Y>1088.49451</Y>
        <Z>19.3468819</Z>
      </Vector3>
      <Vector3>
        <X>-3107.33179</X>
        <Y>1093.83826</Y>
        <Z>19.3513737</Z>
      </Vector3>
      <Vector3>
        <X>-3108.015</X>
        <Y>1088.76892</Y>
        <Z>20.8092537</Z>
      </Vector3>
      <Vector3>
        <X>-3105.30762</X>
        <Y>1093.5636</Y>
        <Z>19.3448944</Z>
      </Vector3>
      <Vector3>
        <X>-3105.99072</X>
        <Y>1088.49438</Y>
        <Z>20.8027725</Z>
      </Vector3>
      <Vector3>
        <X>-3107.32715</X>
        <Y>1093.83813</Y>
        <Z>20.8072643</Z>
      </Vector3>
      <Vector3>
        <X>-3105.303</X>
        <Y>1093.5636</Y>
        <Z>20.8007851</Z>
      </Vector3>
    </Bounds>
    <CenterCamPosition>
      <X>0</X>
      <Y>0</Y>
    </CenterCamPosition>
    <ScreenBounds />
    <DistanceToCam>0</DistanceToCam>
    <Speed>17.0771427</Speed>
    <AccInput>0.215686321</AccInput>
    <RPM>0.6811684</RPM>
    <Gear>2</Gear>
    <SteeringAngle>0.114627674</SteeringAngle>
    <WheelSpeed>0</WheelSpeed>
    <CarType>Sports</CarType>
  </MyCar>
  <Peds />
  <Time>109768</Time>
  <LastFrameTime>0.0225001089</LastFrameTime>
  <MyProperty>0</MyProperty>
  <Weather>ExtraSunny</Weather>
  <Steering>127</Steering>
  <Acc>154</Acc>
  <Brake>127</Brake>
  <DayTime>06:57:06</DayTime>
  <Position>
    <X>-3106.549</X>
    <Y>1091.97485</Y>
    <Z>20.9769268</Z>
  </Position>
  <Rotation>
    <X>-0.524665833</X>
    <Y>0.6913322</Y>
    <Z>-7.731587</Z>
  </Rotation>
</Screenshot>