<?xml version="1.0" encoding="utf-8"?>
<Screenshot xmlns:xsd="http://www.w3.org/2001/XMLSchema" xmlns:xsi="http://www.w3.org/2001/XMLSchema-instance">
  <Cars />
  <MyCar>
    <Position>
      <X>-3106.71362</X>
      <Y>1090.78577</Y>
      <Z>20.0774479</Z>
    </Position>
    <Rotation>
      <X>-0.0246658418</X>
      <Y>0.19133234</Y>
      <Z>-7.731586</Z>
    </Rotation>
    <Handle>1538</Handle>
    <Bounds>
      <Vector3>
        <X>-3108.072</X>
        <Y>1088.38867</Y>
        <Z>19.3540134</Z>
      </Vector3>
      <Vector3>
        <X>-3106.048</X>
        <Y>1088.11389</Y>
        <Z>19.3471928</Z>
      </Vector3>
      <Vector3>
        <X>-3107.384</X>
        <Y>1093.45776</Y>
        <Z>19.3518124</Z>
      </Vector3>
      <Vector3>
        <X>-3108.06714</X>
        <Y>1088.38867</Y>
        <Z>20.8099041</Z>
      </Vector3>
      <Vector3>
        <X>-3105.35986</X>
        <Y>1093.183</Y>
        <Z>19.34499</Z>
      </Vector3>
      <Vector3>
        <X>-3106.043</X>
        <Y>1088.11389</Y>
        <Z>20.8030834</Z>
      </Vector3>
      <Vector3>
        <X>-3107.379</X>
        <Y>1093.45776</Y>
        <Z>20.807703</Z>
      </Vector3>
      <Vector3>
        <X>-3105.355</X>
        <Y>1093.183</Y>
        <Z>20.80088</Z>
      </Vector3>
    </Bounds>
    <CenterCamPosition>
      <X>0</X>
      <Y>0</Y>
    </CenterCamPosition>
    <ScreenBounds />
    <DistanceToCam>0</DistanceToCam>
    <Speed>17.058569</Speed>
    <AccInput>0.215686321</AccInput>
    <RPM>0.680356562</RPM>
    <Gear>2</Gear>
    <SteeringAngle>0.136629283</SteeringAngle>
    <WheelSpeed>0</WheelSpeed>
    <CarType>Sports</CarType>
  </MyCar>
  <Peds />
  <Time>109746</Time>
  <LastFrameTime>0.0313775837</LastFrameTime>
  <MyProperty>0</MyProperty>
  <Weather>ExtraSunny</Weather>
  <Steering>127</Steering>
  <Acc>154</Acc>
  <Brake>127</Brake>
  <DayTime>06:57:05</DayTime>
  <Position>
    <X>-3106.622</X>
    <Y>1091.4447</Y>
    <Z>20.97738</Z>
  </Position>
  <Rotation>
    <X>-0.5204453</X>
    <Y>0.691701233</Y>
    <Z>-7.744337</Z>
  </Rotation>
</Screenshot>