<?xml version="1.0" encoding="utf-8"?>
<Screenshot xmlns:xsd="http://www.w3.org/2001/XMLSchema" xmlns:xsi="http://www.w3.org/2001/XMLSchema-instance">
  <Cars />
  <MyCar>
    <Position>
      <X>-3106.4812</X>
      <Y>1092.48291</Y>
      <Z>20.0758686</Z>
    </Position>
    <Rotation>
      <X>-0.0159006454</X>
      <Y>0.15855892</Y>
      <Z>-7.71549654</Z>
    </Rotation>
    <Handle>1538</Handle>
    <Bounds>
      <Vector3>
        <X>-3107.83862</X>
        <Y>1090.08545</Y>
        <Z>19.3514576</Z>
      </Vector3>
      <Vector3>
        <X>-3105.81445</X>
        <Y>1089.81128</Y>
        <Z>19.3458061</Z>
      </Vector3>
      <Vector3>
        <X>-3107.15186</X>
        <Y>1095.15479</Y>
        <Z>19.3500385</Z>
      </Vector3>
      <Vector3>
        <X>-3107.83447</X>
        <Y>1090.08533</Y>
        <Z>20.80735</Z>
      </Vector3>
      <Vector3>
        <X>-3105.12769</X>
        <Y>1094.88049</Y>
        <Z>19.3443851</Z>
      </Vector3>
      <Vector3>
        <X>-3105.8103</X>
        <Y>1089.81116</Y>
        <Z>20.8016987</Z>
      </Vector3>
      <Vector3>
        <X>-3107.14771</X>
        <Y>1095.15466</Y>
        <Z>20.8059311</Z>
      </Vector3>
      <Vector3>
        <X>-3105.12354</X>
        <Y>1094.88037</Y>
        <Z>20.8002777</Z>
      </Vector3>
    </Bounds>
    <CenterCamPosition>
      <X>0</X>
      <Y>0</Y>
    </CenterCamPosition>
    <ScreenBounds />
    <DistanceToCam>0</DistanceToCam>
    <Speed>17.1437817</Speed>
    <AccInput>0.215686321</AccInput>
    <RPM>0.6838803</RPM>
    <Gear>2</Gear>
    <SteeringAngle>0.0620096475</SteeringAngle>
    <WheelSpeed>0</WheelSpeed>
    <CarType>Sports</CarType>
  </MyCar>
  <Peds />
  <Time>109846</Time>
  <LastFrameTime>0.0280169956</LastFrameTime>
  <MyProperty>0</MyProperty>
  <Weather>ExtraSunny</Weather>
  <Steering>127</Steering>
  <Acc>154</Acc>
  <Brake>127</Brake>
  <DayTime>06:57:08</DayTime>
  <Position>
    <X>-3106.38232</X>
    <Y>1093.19629</Y>
    <Z>20.9759026</Z>
  </Position>
  <Rotation>
    <X>-0.517106533</X>
    <Y>0.6686579</Y>
    <Z>-7.71708775</Z>
  </Rotation>
</Screenshot>