<?xml version="1.0" encoding="utf-8"?>
<Screenshot xmlns:xsd="http://www.w3.org/2001/XMLSchema" xmlns:xsi="http://www.w3.org/2001/XMLSchema-instance">
  <Cars />
  <MyCar>
    <Position>
      <X>-3106.54614</X>
      <Y>1092.0072</Y>
      <Z>20.0762653</Z>
    </Position>
    <Rotation>
      <X>-0.0171066076</X>
      <Y>0.168657869</Y>
      <Z>-7.7170887</Z>
    </Rotation>
    <Handle>1538</Handle>
    <Bounds>
      <Vector3>
        <X>-3107.90381</X>
        <Y>1089.60986</Y>
        <Z>19.3520889</Z>
      </Vector3>
      <Vector3>
        <X>-3105.87964</X>
        <Y>1089.33557</Y>
        <Z>19.346077</Z>
      </Vector3>
      <Vector3>
        <X>-3107.2168</X>
        <Y>1094.67908</Y>
        <Z>19.3505611</Z>
      </Vector3>
      <Vector3>
        <X>-3107.89941</X>
        <Y>1089.60974</Y>
        <Z>20.8079815</Z>
      </Vector3>
      <Vector3>
        <X>-3105.19263</X>
        <Y>1094.40479</Y>
        <Z>19.34455</Z>
      </Vector3>
      <Vector3>
        <X>-3105.87524</X>
        <Y>1089.33545</Y>
        <Z>20.8019676</Z>
      </Vector3>
      <Vector3>
        <X>-3107.2124</X>
        <Y>1094.679</Y>
        <Z>20.8064537</Z>
      </Vector3>
      <Vector3>
        <X>-3105.18823</X>
        <Y>1094.40466</Y>
        <Z>20.80044</Z>
      </Vector3>
    </Bounds>
    <CenterCamPosition>
      <X>0</X>
      <Y>0</Y>
    </CenterCamPosition>
    <ScreenBounds />
    <DistanceToCam>0</DistanceToCam>
    <Speed>17.1199989</Speed>
    <AccInput>0.215686321</AccInput>
    <RPM>0.683047533</RPM>
    <Gear>2</Gear>
    <SteeringAngle>0.07753418</SteeringAngle>
    <WheelSpeed>0</WheelSpeed>
    <CarType>Sports</CarType>
  </MyCar>
  <Peds />
  <Time>109818</Time>
  <LastFrameTime>0.02301242</LastFrameTime>
  <MyProperty>0</MyProperty>
  <Weather>ExtraSunny</Weather>
  <Steering>127</Steering>
  <Acc>154</Acc>
  <Brake>127</Brake>
  <DayTime>06:57:07</DayTime>
  <Position>
    <X>-3106.43555</X>
    <Y>1092.806</Y>
    <Z>20.9762325</Z>
  </Position>
  <Rotation>
    <X>-0.5192002</X>
    <Y>0.672988236</Y>
    <Z>-7.71974468</Z>
  </Rotation>
</Screenshot>