<?xml version="1.0" encoding="utf-8"?>
<Screenshot xmlns:xsd="http://www.w3.org/2001/XMLSchema" xmlns:xsi="http://www.w3.org/2001/XMLSchema-instance">
  <Cars />
  <MyCar>
    <Position>
      <X>-3106.36743</X>
      <Y>1093.32117</Y>
      <Z>20.0750561</Z>
    </Position>
    <Rotation>
      <X>-0.0106925778</X>
      <Y>0.1386152</Y>
      <Z>-7.715029</Z>
    </Rotation>
    <Handle>1538</Handle>
    <Bounds>
      <Vector3>
        <X>-3107.72461</X>
        <Y>1090.92383</Y>
        <Z>19.3500576</Z>
      </Vector3>
      <Vector3>
        <X>-3105.70044</X>
        <Y>1090.64954</Y>
        <Z>19.3451157</Z>
      </Vector3>
      <Vector3>
        <X>-3107.03784</X>
        <Y>1095.993</Y>
        <Z>19.349102</Z>
      </Vector3>
      <Vector3>
        <X>-3107.721</X>
        <Y>1090.92358</Y>
        <Z>20.80595</Z>
      </Vector3>
      <Vector3>
        <X>-3105.01367</X>
        <Y>1095.71887</Y>
        <Z>19.34416</Z>
      </Vector3>
      <Vector3>
        <X>-3105.69678</X>
        <Y>1090.64929</Y>
        <Z>20.8010082</Z>
      </Vector3>
      <Vector3>
        <X>-3107.03418</X>
        <Y>1095.99292</Y>
        <Z>20.8049965</Z>
      </Vector3>
      <Vector3>
        <X>-3105.01</X>
        <Y>1095.71863</Y>
        <Z>20.8000546</Z>
      </Vector3>
    </Bounds>
    <CenterCamPosition>
      <X>0</X>
      <Y>0</Y>
    </CenterCamPosition>
    <ScreenBounds />
    <DistanceToCam>0</DistanceToCam>
    <Speed>17.18491</Speed>
    <AccInput>0.215686321</AccInput>
    <RPM>0.6854986</RPM>
    <Gear>2</Gear>
    <SteeringAngle>0.0420105</SteeringAngle>
    <WheelSpeed>0</WheelSpeed>
    <CarType>Sports</CarType>
  </MyCar>
  <Peds />
  <Time>109895</Time>
  <LastFrameTime>0.0302583184</LastFrameTime>
  <MyProperty>0</MyProperty>
  <Weather>ExtraSunny</Weather>
  <Steering>127</Steering>
  <Acc>154</Acc>
  <Brake>127</Brake>
  <DayTime>06:57:10</DayTime>
  <Position>
    <X>-3106.274</X>
    <Y>1093.99524</Y>
    <Z>20.9752731</Z>
  </Position>
  <Rotation>
    <X>-0.5134598</X>
    <Y>0.6493088</Y>
    <Z>-7.714998</Z>
  </Rotation>
</Screenshot>