<?xml version="1.0" encoding="utf-8"?>
<Screenshot xmlns:xsd="http://www.w3.org/2001/XMLSchema" xmlns:xsi="http://www.w3.org/2001/XMLSchema-instance">
  <Cars />
  <MyCar>
    <Position>
      <X>-3106.43726</X>
      <Y>1092.80615</Y>
      <Z>20.0755577</Z>
    </Position>
    <Rotation>
      <X>-0.0134598119</X>
      <Y>0.1493088</Y>
      <Z>-7.71499872</Z>
    </Rotation>
    <Handle>1538</Handle>
    <Bounds>
      <Vector3>
        <X>-3107.79443</X>
        <Y>1090.40869</Y>
        <Z>19.3508739</Z>
      </Vector3>
      <Vector3>
        <X>-3105.77026</X>
        <Y>1090.13452</Y>
        <Z>19.34555</Z>
      </Vector3>
      <Vector3>
        <X>-3107.10767</X>
        <Y>1095.478</Y>
        <Z>19.3496723</Z>
      </Vector3>
      <Vector3>
        <X>-3107.79077</X>
        <Y>1090.40857</Y>
        <Z>20.8067665</Z>
      </Vector3>
      <Vector3>
        <X>-3105.0835</X>
        <Y>1095.20386</Y>
        <Z>19.3443489</Z>
      </Vector3>
      <Vector3>
        <X>-3105.7666</X>
        <Y>1090.1344</Y>
        <Z>20.8014431</Z>
      </Vector3>
      <Vector3>
        <X>-3107.104</X>
        <Y>1095.47791</Y>
        <Z>20.8055649</Z>
      </Vector3>
      <Vector3>
        <X>-3105.07983</X>
        <Y>1095.20361</Y>
        <Z>20.8002415</Z>
      </Vector3>
    </Bounds>
    <CenterCamPosition>
      <X>0</X>
      <Y>0</Y>
    </CenterCamPosition>
    <ScreenBounds />
    <DistanceToCam>0</DistanceToCam>
    <Speed>17.159708</Speed>
    <AccInput>0.215686321</AccInput>
    <RPM>0.6846894</RPM>
    <Gear>2</Gear>
    <SteeringAngle>0.05358796</SteeringAngle>
    <WheelSpeed>0</WheelSpeed>
    <CarType>Sports</CarType>
  </MyCar>
  <Peds />
  <Time>109865</Time>
  <LastFrameTime>0.01901416</LastFrameTime>
  <MyProperty>0</MyProperty>
  <Weather>ExtraSunny</Weather>
  <Steering>127</Steering>
  <Acc>154</Acc>
  <Brake>127</Brake>
  <DayTime>06:57:09</DayTime>
  <Position>
    <X>-3106.31763</X>
    <Y>1093.672</Y>
    <Z>20.9755325</Z>
  </Position>
  <Rotation>
    <X>-0.5159007</X>
    <Y>0.6585589</Y>
    <Z>-7.71549654</Z>
  </Rotation>
</Screenshot>