<?xml version="1.0" encoding="utf-8"?>
<Screenshot xmlns:xsd="http://www.w3.org/2001/XMLSchema" xmlns:xsi="http://www.w3.org/2001/XMLSchema-instance">
  <Cars />
  <MyCar>
    <Position>
      <X>-3106.20532</X>
      <Y>1094.51453</Y>
      <Z>20.0739784</Z>
    </Position>
    <Rotation>
      <X>-0.009498637</X>
      <Y>0.12664704</Y>
      <Z>-7.71683025</Z>
    </Rotation>
    <Handle>1538</Handle>
    <Bounds>
      <Vector3>
        <X>-3107.56226</X>
        <Y>1092.11719</Y>
        <Z>19.3487129</Z>
      </Vector3>
      <Vector3>
        <X>-3105.538</X>
        <Y>1091.8429</Y>
        <Z>19.3441963</Z>
      </Vector3>
      <Vector3>
        <X>-3106.87549</X>
        <Y>1097.1864</Y>
        <Z>19.3478642</Z>
      </Vector3>
      <Vector3>
        <X>-3107.559</X>
        <Y>1092.117</Y>
        <Z>20.8046074</Z>
      </Vector3>
      <Vector3>
        <X>-3104.85132</X>
        <Y>1096.91211</Y>
        <Z>19.34335</Z>
      </Vector3>
      <Vector3>
        <X>-3105.535</X>
        <Y>1091.84265</Y>
        <Z>20.8000927</Z>
      </Vector3>
      <Vector3>
        <X>-3106.87231</X>
        <Y>1097.18628</Y>
        <Z>20.8037586</Z>
      </Vector3>
      <Vector3>
        <X>-3104.848</X>
        <Y>1096.912</Y>
        <Z>20.7992439</Z>
      </Vector3>
    </Bounds>
    <CenterCamPosition>
      <X>0</X>
      <Y>0</Y>
    </CenterCamPosition>
    <ScreenBounds />
    <DistanceToCam>0</DistanceToCam>
    <Speed>17.2423248</Speed>
    <AccInput>0.215686321</AccInput>
    <RPM>0.6878843</RPM>
    <Gear>2</Gear>
    <SteeringAngle>0.024275599</SteeringAngle>
    <WheelSpeed>0</WheelSpeed>
    <CarType>Sports</CarType>
  </MyCar>
  <Peds />
  <Time>109965</Time>
  <LastFrameTime>0.02026251</LastFrameTime>
  <MyProperty>0</MyProperty>
  <Weather>ExtraSunny</Weather>
  <Steering>127</Steering>
  <Acc>154</Acc>
  <Brake>127</Brake>
  <DayTime>06:57:12</DayTime>
  <Position>
    <X>-3106.089</X>
    <Y>1095.35742</Y>
    <Z>20.9740772</Z>
  </Position>
  <Rotation>
    <X>-0.5098144</X>
    <Y>0.6289276</Y>
    <Z>-7.71615</Z>
  </Rotation>
</Screenshot>