<?xml version="1.0" encoding="utf-8"?>
<Screenshot xmlns:xsd="http://www.w3.org/2001/XMLSchema" xmlns:xsi="http://www.w3.org/2001/XMLSchema-instance">
  <Cars />
  <MyCar>
    <Position>
      <X>-3106.13647</X>
      <Y>1095.02136</Y>
      <Z>20.07354</Z>
    </Position>
    <Rotation>
      <X>-0.00766812</X>
      <Y>0.120509796</Y>
      <Z>-7.718004</Z>
    </Rotation>
    <Handle>1538</Handle>
    <Bounds>
      <Vector3>
        <X>-3107.49341</X>
        <Y>1092.624</Y>
        <Z>19.3480816</Z>
      </Vector3>
      <Vector3>
        <X>-3105.46924</X>
        <Y>1092.34973</Y>
        <Z>19.3437862</Z>
      </Vector3>
      <Vector3>
        <X>-3106.8064</X>
        <Y>1097.69336</Y>
        <Z>19.3473988</Z>
      </Vector3>
      <Vector3>
        <X>-3107.49048</X>
        <Y>1092.62378</Y>
        <Z>20.803978</Z>
      </Vector3>
      <Vector3>
        <X>-3104.78223</X>
        <Y>1097.419</Y>
        <Z>19.3431015</Z>
      </Vector3>
      <Vector3>
        <X>-3105.46631</X>
        <Y>1092.34949</Y>
        <Z>20.79968</Z>
      </Vector3>
      <Vector3>
        <X>-3106.80347</X>
        <Y>1097.69312</Y>
        <Z>20.8032932</Z>
      </Vector3>
      <Vector3>
        <X>-3104.7793</X>
        <Y>1097.4187</Y>
        <Z>20.798996</Z>
      </Vector3>
    </Bounds>
    <CenterCamPosition>
      <X>0</X>
      <Y>0</Y>
    </CenterCamPosition>
    <ScreenBounds />
    <DistanceToCam>0</DistanceToCam>
    <Speed>17.26629</Speed>
    <AccInput>0.215686321</AccInput>
    <RPM>0.688692331</RPM>
    <Gear>2</Gear>
    <SteeringAngle>0.0191487558</SteeringAngle>
    <WheelSpeed>0</WheelSpeed>
    <CarType>Sports</CarType>
  </MyCar>
  <Peds />
  <Time>109995</Time>
  <LastFrameTime>0.0296358485</LastFrameTime>
  <MyProperty>0</MyProperty>
  <Weather>ExtraSunny</Weather>
  <Steering>127</Steering>
  <Acc>154</Acc>
  <Brake>127</Brake>
  <DayTime>06:57:13</DayTime>
  <Position>
    <X>-3106.04224</X>
    <Y>1095.70349</Y>
    <Z>20.9737778</Z>
  </Position>
  <Rotation>
    <X>-0.5094986</X>
    <Y>0.626647055</Y>
    <Z>-7.716831</Z>
  </Rotation>
</Screenshot>