<?xml version="1.0" encoding="utf-8"?>
<Screenshot xmlns:xsd="http://www.w3.org/2001/XMLSchema" xmlns:xsi="http://www.w3.org/2001/XMLSchema-instance">
  <Cars />
  <MyCar>
    <Position>
      <X>-3106.2522</X>
      <Y>1094.16846</Y>
      <Z>20.0742855</Z>
    </Position>
    <Rotation>
      <X>-0.009814245</X>
      <Y>0.128927544</Y>
      <Z>-7.71615028</Z>
    </Rotation>
    <Handle>1538</Handle>
    <Bounds>
      <Vector3>
        <X>-3107.60913</X>
        <Y>1091.77112</Y>
        <Z>19.3490734</Z>
      </Vector3>
      <Vector3>
        <X>-3105.585</X>
        <Y>1091.49683</Y>
        <Z>19.3444786</Z>
      </Vector3>
      <Vector3>
        <X>-3106.92236</X>
        <Y>1096.84033</Y>
        <Z>19.3481979</Z>
      </Vector3>
      <Vector3>
        <X>-3107.606</X>
        <Y>1091.77087</Y>
        <Z>20.80497</Z>
      </Vector3>
      <Vector3>
        <X>-3104.89819</X>
        <Y>1096.56616</Y>
        <Z>19.3436012</Z>
      </Vector3>
      <Vector3>
        <X>-3105.58179</X>
        <Y>1091.49658</Y>
        <Z>20.8003731</Z>
      </Vector3>
      <Vector3>
        <X>-3106.91919</X>
        <Y>1096.84021</Y>
        <Z>20.8040924</Z>
      </Vector3>
      <Vector3>
        <X>-3104.89478</X>
        <Y>1096.56592</Y>
        <Z>20.7994957</Z>
      </Vector3>
    </Bounds>
    <CenterCamPosition>
      <X>0</X>
      <Y>0</Y>
    </CenterCamPosition>
    <ScreenBounds />
    <DistanceToCam>0</DistanceToCam>
    <Speed>17.2258034</Speed>
    <AccInput>0.215686321</AccInput>
    <RPM>0.687063634</RPM>
    <Gear>2</Gear>
    <SteeringAngle>0.02837433</SteeringAngle>
    <WheelSpeed>0</WheelSpeed>
    <CarType>Sports</CarType>
  </MyCar>
  <Peds />
  <Time>109945</Time>
  <LastFrameTime>0.0303557534</LastFrameTime>
  <MyProperty>0</MyProperty>
  <Weather>ExtraSunny</Weather>
  <Steering>127</Steering>
  <Acc>154</Acc>
  <Brake>127</Brake>
  <DayTime>06:57:11</DayTime>
  <Position>
    <X>-3106.15918</X>
    <Y>1094.83948</Y>
    <Z>20.9745388</Z>
  </Position>
  <Rotation>
    <X>-0.510689259</X>
    <Y>0.633895457</Y>
    <Z>-7.715342</Z>
  </Rotation>
</Screenshot>