<?xml version="1.0" encoding="utf-8"?>
<Screenshot xmlns:xsd="http://www.w3.org/2001/XMLSchema" xmlns:xsi="http://www.w3.org/2001/XMLSchema-instance">
  <Cars />
  <MyCar>
    <Position>
      <X>-3106.32251</X>
      <Y>1093.65051</Y>
      <Z>20.0747643</Z>
    </Position>
    <Rotation>
      <X>-0.0106893945</X>
      <Y>0.133895442</Y>
      <Z>-7.71534348</Z>
    </Rotation>
    <Handle>1538</Handle>
    <Bounds>
      <Vector3>
        <X>-3107.67969</X>
        <Y>1091.25317</Y>
        <Z>19.34968</Z>
      </Vector3>
      <Vector3>
        <X>-3105.65527</X>
        <Y>1090.97888</Y>
        <Z>19.3449078</Z>
      </Vector3>
      <Vector3>
        <X>-3106.993</X>
        <Y>1096.32239</Y>
        <Z>19.3487263</Z>
      </Vector3>
      <Vector3>
        <X>-3107.67627</X>
        <Y>1091.25293</Y>
        <Z>20.8055744</Z>
      </Vector3>
      <Vector3>
        <X>-3104.96851</X>
        <Y>1096.04822</Y>
        <Z>19.3439522</Z>
      </Vector3>
      <Vector3>
        <X>-3105.65186</X>
        <Y>1090.97864</Y>
        <Z>20.8008022</Z>
      </Vector3>
      <Vector3>
        <X>-3106.9895</X>
        <Y>1096.32227</Y>
        <Z>20.80462</Z>
      </Vector3>
      <Vector3>
        <X>-3104.965</X>
        <Y>1096.048</Y>
        <Z>20.7998466</Z>
      </Vector3>
    </Bounds>
    <CenterCamPosition>
      <X>0</X>
      <Y>0</Y>
    </CenterCamPosition>
    <ScreenBounds />
    <DistanceToCam>0</DistanceToCam>
    <Speed>17.2009087</Speed>
    <AccInput>0.215686321</AccInput>
    <RPM>0.686322749</RPM>
    <Gear>2</Gear>
    <SteeringAngle>0.03621638</SteeringAngle>
    <WheelSpeed>0</WheelSpeed>
    <CarType>Sports</CarType>
  </MyCar>
  <Peds />
  <Time>109914</Time>
  <LastFrameTime>0.0193278771</LastFrameTime>
  <MyProperty>0</MyProperty>
  <Weather>ExtraSunny</Weather>
  <Steering>127</Steering>
  <Acc>154</Acc>
  <Brake>127</Brake>
  <DayTime>06:57:10</DayTime>
  <Position>
    <X>-3106.204</X>
    <Y>1094.51013</Y>
    <Z>20.9748287</Z>
  </Position>
  <Rotation>
    <X>-0.5106926</X>
    <Y>0.638615131</Y>
    <Z>-7.715029</Z>
  </Rotation>
</Screenshot>