<?xml version="1.0" encoding="utf-8"?>
<Screenshot xmlns:xsd="http://www.w3.org/2001/XMLSchema" xmlns:xsi="http://www.w3.org/2001/XMLSchema-instance">
  <Cars />
  <MyCar>
    <Position>
      <X>-3106.01636</X>
      <Y>1095.91</Y>
      <Z>20.0727272</Z>
    </Position>
    <Rotation>
      <X>-0.005147647</X>
      <Y>0.112853125</Y>
      <Z>-7.71661568</Z>
    </Rotation>
    <Handle>1538</Handle>
    <Bounds>
      <Vector3>
        <X>-3107.37329</X>
        <Y>1093.5127</Y>
        <Z>19.3470211</Z>
      </Vector3>
      <Vector3>
        <X>-3105.34888</X>
        <Y>1093.2384</Y>
        <Z>19.3429966</Z>
      </Vector3>
      <Vector3>
        <X>-3106.68628</X>
        <Y>1098.582</Y>
        <Z>19.3465614</Z>
      </Vector3>
      <Vector3>
        <X>-3107.37036</X>
        <Y>1093.51245</Y>
        <Z>20.8029156</Z>
      </Vector3>
      <Vector3>
        <X>-3104.662</X>
        <Y>1098.30774</Y>
        <Z>19.3425369</Z>
      </Vector3>
      <Vector3>
        <X>-3105.34619</X>
        <Y>1093.23816</Y>
        <Z>20.798893</Z>
      </Vector3>
      <Vector3>
        <X>-3106.68335</X>
        <Y>1098.58179</Y>
        <Z>20.8024559</Z>
      </Vector3>
      <Vector3>
        <X>-3104.65918</X>
        <Y>1098.3075</Y>
        <Z>20.7984333</Z>
      </Vector3>
    </Bounds>
    <CenterCamPosition>
      <X>0</X>
      <Y>0</Y>
    </CenterCamPosition>
    <ScreenBounds />
    <DistanceToCam>0</DistanceToCam>
    <Speed>17.3078175</Speed>
    <AccInput>0.215686321</AccInput>
    <RPM>0.690375</RPM>
    <Gear>2</Gear>
    <SteeringAngle>0.3639346</SteeringAngle>
    <WheelSpeed>0</WheelSpeed>
    <CarType>Sports</CarType>
  </MyCar>
  <Peds />
  <Time>110046</Time>
  <LastFrameTime>0.0276412182</LastFrameTime>
  <MyProperty>0</MyProperty>
  <Weather>ExtraSunny</Weather>
  <Steering>122</Steering>
  <Acc>154</Acc>
  <Brake>127</Brake>
  <DayTime>06:57:14</DayTime>
  <Position>
    <X>-3105.91724</X>
    <Y>1096.625</Y>
    <Z>20.9730263</Z>
  </Position>
  <Rotation>
    <X>-0.5068219</X>
    <Y>0.616254151</Y>
    <Z>-7.719003</Z>
  </Rotation>
</Screenshot>