<?xml version="1.0" encoding="utf-8"?>
<Screenshot xmlns:xsd="http://www.w3.org/2001/XMLSchema" xmlns:xsi="http://www.w3.org/2001/XMLSchema-instance">
  <Cars />
  <MyCar>
    <Position>
      <X>-3106.08032</X>
      <Y>1095.436</Y>
      <Z>20.0731716</Z>
    </Position>
    <Rotation>
      <X>-0.00682193041</X>
      <Y>0.11625427</Y>
      <Z>-7.71900368</Z>
    </Rotation>
    <Handle>1538</Handle>
    <Bounds>
      <Vector3>
        <X>-3107.43726</X>
        <Y>1093.0387</Y>
        <Z>19.3476</Z>
      </Vector3>
      <Vector3>
        <X>-3105.413</X>
        <Y>1092.7644</Y>
        <Z>19.3434563</Z>
      </Vector3>
      <Vector3>
        <X>-3106.75024</X>
        <Y>1098.108</Y>
        <Z>19.3469925</Z>
      </Vector3>
      <Vector3>
        <X>-3107.43433</X>
        <Y>1093.03857</Y>
        <Z>20.8034954</Z>
      </Vector3>
      <Vector3>
        <X>-3104.726</X>
        <Y>1097.83362</Y>
        <Z>19.3428459</Z>
      </Vector3>
      <Vector3>
        <X>-3105.41016</X>
        <Y>1092.76416</Y>
        <Z>20.79935</Z>
      </Vector3>
      <Vector3>
        <X>-3106.74731</X>
        <Y>1098.10779</Y>
        <Z>20.802887</Z>
      </Vector3>
      <Vector3>
        <X>-3104.72314</X>
        <Y>1097.83337</Y>
        <Z>20.7987423</Z>
      </Vector3>
    </Bounds>
    <CenterCamPosition>
      <X>0</X>
      <Y>0</Y>
    </CenterCamPosition>
    <ScreenBounds />
    <DistanceToCam>0</DistanceToCam>
    <Speed>17.285759</Speed>
    <AccInput>0.215686321</AccInput>
    <RPM>0.6894928</RPM>
    <Gear>2</Gear>
    <SteeringAngle>0.015846476</SteeringAngle>
    <WheelSpeed>0</WheelSpeed>
    <CarType>Sports</CarType>
  </MyCar>
  <Peds />
  <Time>110019</Time>
  <LastFrameTime>0.0242132954</LastFrameTime>
  <MyProperty>0</MyProperty>
  <Weather>ExtraSunny</Weather>
  <Steering>127</Steering>
  <Acc>154</Acc>
  <Brake>127</Brake>
  <DayTime>06:57:13</DayTime>
  <Position>
    <X>-3105.97339</X>
    <Y>1096.21033</Y>
    <Z>20.9733772</Z>
  </Position>
  <Rotation>
    <X>-0.507668138</X>
    <Y>0.6205098</Y>
    <Z>-7.718004</Z>
  </Rotation>
</Screenshot>