<?xml version="1.0" encoding="utf-8"?>
<Screenshot xmlns:xsd="http://www.w3.org/2001/XMLSchema" xmlns:xsi="http://www.w3.org/2001/XMLSchema-instance">
  <Cars />
  <MyCar>
    <Position>
      <X>-3105.97339</X>
      <Y>1096.22925</Y>
      <Z>20.0724678</Z>
    </Position>
    <Rotation>
      <X>-0.00397686567</X>
      <Y>0.111433245</Y>
      <Z>-7.71188068</Z>
    </Rotation>
    <Handle>1538</Handle>
    <Bounds>
      <Vector3>
        <X>-3107.33</X>
        <Y>1093.83179</Y>
        <Z>19.3466835</Z>
      </Vector3>
      <Vector3>
        <X>-3105.30566</X>
        <Y>1093.55774</Y>
        <Z>19.34271</Z>
      </Vector3>
      <Vector3>
        <X>-3106.64355</X>
        <Y>1098.90112</Y>
        <Z>19.3463287</Z>
      </Vector3>
      <Vector3>
        <X>-3107.32715</X>
        <Y>1093.83154</Y>
        <Z>20.80258</Z>
      </Vector3>
      <Vector3>
        <X>-3104.61938</X>
        <Y>1098.62708</Y>
        <Z>19.3423557</Z>
      </Vector3>
      <Vector3>
        <X>-3105.303</X>
        <Y>1093.55737</Y>
        <Z>20.7986069</Z>
      </Vector3>
      <Vector3>
        <X>-3106.64063</X>
        <Y>1098.90088</Y>
        <Z>20.8022251</Z>
      </Vector3>
      <Vector3>
        <X>-3104.61646</X>
        <Y>1098.62671</Y>
        <Z>20.7982521</Z>
      </Vector3>
    </Bounds>
    <CenterCamPosition>
      <X>0</X>
      <Y>0</Y>
    </CenterCamPosition>
    <ScreenBounds />
    <DistanceToCam>0</DistanceToCam>
    <Speed>17.3225975</Speed>
    <AccInput>0.215686321</AccInput>
    <RPM>0.691167235</RPM>
    <Gear>2</Gear>
    <SteeringAngle>0.607485056</SteeringAngle>
    <WheelSpeed>0</WheelSpeed>
    <CarType>Sports</CarType>
  </MyCar>
  <Peds />
  <Time>110065</Time>
  <LastFrameTime>0.0185946282</LastFrameTime>
  <MyProperty>0</MyProperty>
  <Weather>ExtraSunny</Weather>
  <Steering>120</Steering>
  <Acc>154</Acc>
  <Brake>127</Brake>
  <DayTime>06:57:15</DayTime>
  <Position>
    <X>-3105.85352</X>
    <Y>1097.099</Y>
    <Z>20.9726181</Z>
  </Position>
  <Rotation>
    <X>-0.5051476</X>
    <Y>0.6128532</Y>
    <Z>-7.716615</Z>
  </Rotation>
</Screenshot>