<?xml version="1.0" encoding="utf-8"?>
<Screenshot xmlns:xsd="http://www.w3.org/2001/XMLSchema" xmlns:xsi="http://www.w3.org/2001/XMLSchema-instance">
  <Cars />
  <MyCar>
    <Position>
      <X>-3105.90454</X>
      <Y>1096.7428</Y>
      <Z>20.0720387</Z>
    </Position>
    <Rotation>
      <X>-0.00282323849</X>
      <Y>0.109755732</Y>
      <Z>-7.693892</Z>
    </Rotation>
    <Handle>1538</Handle>
    <Bounds>
      <Vector3>
        <X>-3107.2605</X>
        <Y>1094.345</Y>
        <Z>19.3461723</Z>
      </Vector3>
      <Vector3>
        <X>-3105.236</X>
        <Y>1094.07153</Y>
        <Z>19.34226</Z>
      </Vector3>
      <Vector3>
        <X>-3106.57544</X>
        <Y>1099.41455</Y>
        <Z>19.34592</Z>
      </Vector3>
      <Vector3>
        <X>-3107.25757</X>
        <Y>1094.3446</Y>
        <Z>20.8020687</Z>
      </Vector3>
      <Vector3>
        <X>-3104.55127</X>
        <Y>1099.141</Y>
        <Z>19.3420086</Z>
      </Vector3>
      <Vector3>
        <X>-3105.2334</X>
        <Y>1094.07117</Y>
        <Z>20.7981548</Z>
      </Vector3>
      <Vector3>
        <X>-3106.57275</X>
        <Y>1099.41418</Y>
        <Z>20.8018169</Z>
      </Vector3>
      <Vector3>
        <X>-3104.54834</X>
        <Y>1099.14075</Y>
        <Z>20.7979031</Z>
      </Vector3>
    </Bounds>
    <CenterCamPosition>
      <X>0</X>
      <Y>0</Y>
    </CenterCamPosition>
    <ScreenBounds />
    <DistanceToCam>0</DistanceToCam>
    <Speed>17.346117</Speed>
    <AccInput>0.215686321</AccInput>
    <RPM>0.691908</RPM>
    <Gear>2</Gear>
    <SteeringAngle>0.94699496</SteeringAngle>
    <WheelSpeed>0</WheelSpeed>
    <CarType>Sports</CarType>
  </MyCar>
  <Peds />
  <Time>110095</Time>
  <LastFrameTime>0.0298837814</LastFrameTime>
  <MyProperty>0</MyProperty>
  <Weather>ExtraSunny</Weather>
  <Steering>120</Steering>
  <Acc>154</Acc>
  <Brake>127</Brake>
  <DayTime>06:57:16</DayTime>
  <Position>
    <X>-3105.81055</X>
    <Y>1097.41821</Y>
    <Z>20.9723835</Z>
  </Position>
  <Rotation>
    <X>-0.5039768</X>
    <Y>0.6114332</Y>
    <Z>-7.71187973</Z>
  </Rotation>
</Screenshot>