<?xml version="1.0" encoding="utf-8"?>
<Screenshot xmlns:xsd="http://www.w3.org/2001/XMLSchema" xmlns:xsi="http://www.w3.org/2001/XMLSchema-instance">
  <Cars />
  <MyCar>
    <Position>
      <X>-3105.674</X>
      <Y>1098.48914</Y>
      <Z>20.07051</Z>
    </Position>
    <Rotation>
      <X>0.00101107708</X>
      <Y>0.125280678</Y>
      <Z>-7.527331</Z>
    </Rotation>
    <Handle>1538</Handle>
    <Bounds>
      <Vector3>
        <X>-3107.02319</X>
        <Y>1096.0874</Y>
        <Z>19.3447514</Z>
      </Vector3>
      <Vector3>
        <X>-3104.998</X>
        <Y>1095.81982</Y>
        <Z>19.3402843</Z>
      </Vector3>
      <Vector3>
        <X>-3106.353</X>
        <Y>1101.15894</Y>
        <Z>19.344841</Z>
      </Vector3>
      <Vector3>
        <X>-3107.02</X>
        <Y>1096.087</Y>
        <Z>20.8006458</Z>
      </Vector3>
      <Vector3>
        <X>-3104.328</X>
        <Y>1100.89136</Y>
        <Z>19.3403759</Z>
      </Vector3>
      <Vector3>
        <X>-3104.99487</X>
        <Y>1095.81946</Y>
        <Z>20.7961788</Z>
      </Vector3>
      <Vector3>
        <X>-3106.34985</X>
        <Y>1101.15857</Y>
        <Z>20.8007355</Z>
      </Vector3>
      <Vector3>
        <X>-3104.32471</X>
        <Y>1100.89087</Y>
        <Z>20.79627</Z>
      </Vector3>
    </Bounds>
    <CenterCamPosition>
      <X>0</X>
      <Y>0</Y>
    </CenterCamPosition>
    <ScreenBounds />
    <DistanceToCam>0</DistanceToCam>
    <Speed>17.4245052</Speed>
    <AccInput>0.210457563</AccInput>
    <RPM>0.695063</RPM>
    <Gear>2</Gear>
    <SteeringAngle>1.6358937</SteeringAngle>
    <WheelSpeed>0</WheelSpeed>
    <CarType>Sports</CarType>
  </MyCar>
  <Peds />
  <Time>110196</Time>
  <LastFrameTime>0.0246548578</LastFrameTime>
  <MyProperty>0</MyProperty>
  <Weather>ExtraSunny</Weather>
  <Steering>120</Steering>
  <Acc>153</Acc>
  <Brake>127</Brake>
  <DayTime>06:57:19</DayTime>
  <Position>
    <X>-3105.56958</X>
    <Y>1099.25256</Y>
    <Z>20.9708328</Z>
  </Position>
  <Rotation>
    <X>-0.501228452</X>
    <Y>0.6195475</Y>
    <Z>-7.58381367</Z>
  </Rotation>
</Screenshot>