<?xml version="1.0" encoding="utf-8"?>
<Screenshot xmlns:xsd="http://www.w3.org/2001/XMLSchema" xmlns:xsi="http://www.w3.org/2001/XMLSchema-instance">
  <Cars />
  <MyCar>
    <Position>
      <X>-3105.72974</X>
      <Y>1098.06323</Y>
      <Z>20.07086</Z>
    </Position>
    <Rotation>
      <X>-0.001228441</X>
      <Y>0.119547419</Y>
      <Z>-7.583813</Z>
    </Rotation>
    <Handle>1538</Handle>
    <Bounds>
      <Vector3>
        <X>-3107.081</X>
        <Y>1095.66284</Y>
        <Z>19.3450985</Z>
      </Vector3>
      <Vector3>
        <X>-3105.05615</X>
        <Y>1095.39319</Y>
        <Z>19.3408356</Z>
      </Vector3>
      <Vector3>
        <X>-3106.406</X>
        <Y>1100.73364</Y>
        <Z>19.3449879</Z>
      </Vector3>
      <Vector3>
        <X>-3107.07813</X>
        <Y>1095.66248</Y>
        <Z>20.800993</Z>
      </Vector3>
      <Vector3>
        <X>-3104.381</X>
        <Y>1100.46411</Y>
        <Z>19.3407269</Z>
      </Vector3>
      <Vector3>
        <X>-3105.05322</X>
        <Y>1095.39282</Y>
        <Z>20.79673</Z>
      </Vector3>
      <Vector3>
        <X>-3106.403</X>
        <Y>1100.73328</Y>
        <Z>20.8008842</Z>
      </Vector3>
      <Vector3>
        <X>-3104.37817</X>
        <Y>1100.46375</Y>
        <Z>20.7966213</Z>
      </Vector3>
    </Bounds>
    <CenterCamPosition>
      <X>0</X>
      <Y>0</Y>
    </CenterCamPosition>
    <ScreenBounds />
    <DistanceToCam>0</DistanceToCam>
    <Speed>17.4057026</Speed>
    <AccInput>0.210457563</AccInput>
    <RPM>0.6942883</RPM>
    <Gear>2</Gear>
    <SteeringAngle>1.51521063</SteeringAngle>
    <WheelSpeed>0</WheelSpeed>
    <CarType>Sports</CarType>
  </MyCar>
  <Peds />
  <Time>110172</Time>
  <LastFrameTime>0.0267478544</LastFrameTime>
  <MyProperty>0</MyProperty>
  <Weather>ExtraSunny</Weather>
  <Steering>120</Steering>
  <Acc>153</Acc>
  <Brake>127</Brake>
  <DayTime>06:57:18</DayTime>
  <Position>
    <X>-3105.62915</X>
    <Y>1098.79077</Y>
    <Z>20.9712486</Z>
  </Position>
  <Rotation>
    <X>-0.5009119</X>
    <Y>0.615708947</Y>
    <Z>-7.633759</Z>
  </Rotation>
</Screenshot>