<?xml version="1.0" encoding="utf-8"?>
<Screenshot xmlns:xsd="http://www.w3.org/2001/XMLSchema" xmlns:xsi="http://www.w3.org/2001/XMLSchema-instance">
  <Cars />
  <MyCar>
    <Position>
      <X>-3105.79028</X>
      <Y>1097.60168</Y>
      <Z>20.07127</Z>
    </Position>
    <Rotation>
      <X>-0.000911863754</X>
      <Y>0.115708813</Y>
      <Z>-7.63376045</Z>
    </Rotation>
    <Handle>1538</Handle>
    <Bounds>
      <Vector3>
        <X>-3107.1438</X>
        <Y>1095.20251</Y>
        <Z>19.3454247</Z>
      </Vector3>
      <Vector3>
        <X>-3105.11914</X>
        <Y>1094.93115</Y>
        <Z>19.341301</Z>
      </Vector3>
      <Vector3>
        <X>-3106.464</X>
        <Y>1100.27271</Y>
        <Z>19.3453445</Z>
      </Vector3>
      <Vector3>
        <X>-3107.14087</X>
        <Y>1095.20215</Y>
        <Z>20.801321</Z>
      </Vector3>
      <Vector3>
        <X>-3104.43945</X>
        <Y>1100.00134</Y>
        <Z>19.3412189</Z>
      </Vector3>
      <Vector3>
        <X>-3105.11621</X>
        <Y>1094.93079</Y>
        <Z>20.7971954</Z>
      </Vector3>
      <Vector3>
        <X>-3106.46118</X>
        <Y>1100.27234</Y>
        <Z>20.801239</Z>
      </Vector3>
      <Vector3>
        <X>-3104.43652</X>
        <Y>1100.001</Y>
        <Z>20.7971134</Z>
      </Vector3>
    </Bounds>
    <CenterCamPosition>
      <X>0</X>
      <Y>0</Y>
    </CenterCamPosition>
    <ScreenBounds />
    <DistanceToCam>0</DistanceToCam>
    <Speed>17.3850822</Speed>
    <AccInput>0.215686321</AccInput>
    <RPM>0.693462551</RPM>
    <Gear>2</Gear>
    <SteeringAngle>1.35349762</SteeringAngle>
    <WheelSpeed>0</WheelSpeed>
    <CarType>Sports</CarType>
  </MyCar>
  <Peds />
  <Time>110145</Time>
  <LastFrameTime>0.0260971487</LastFrameTime>
  <MyProperty>0</MyProperty>
  <Weather>ExtraSunny</Weather>
  <Steering>120</Steering>
  <Acc>154</Acc>
  <Brake>127</Brake>
  <DayTime>06:57:17</DayTime>
  <Position>
    <X>-3105.688</X>
    <Y>1098.34119</Y>
    <Z>20.97162</Z>
  </Position>
  <Rotation>
    <X>-0.5029453</X>
    <Y>0.6103179</Y>
    <Z>-7.67053747</Z>
  </Rotation>
</Screenshot>