<?xml version="1.0" encoding="utf-8"?>
<Screenshot xmlns:xsd="http://www.w3.org/2001/XMLSchema" xmlns:xsi="http://www.w3.org/2001/XMLSchema-instance">
  <Cars />
  <MyCar>
    <Position>
      <X>-3105.84985</X>
      <Y>1097.1521</Y>
      <Z>20.0716839</Z>
    </Position>
    <Rotation>
      <X>-0.00294532</X>
      <Y>0.110317893</Y>
      <Z>-7.67053938</Z>
    </Rotation>
    <Handle>1538</Handle>
    <Bounds>
      <Vector3>
        <X>-3107.20483</X>
        <Y>1094.75366</Y>
        <Z>19.3458347</Z>
      </Vector3>
      <Vector3>
        <X>-3105.18042</X>
        <Y>1094.48108</Y>
        <Z>19.3419</Z>
      </Vector3>
      <Vector3>
        <X>-3106.522</X>
        <Y>1099.82349</Y>
        <Z>19.3455715</Z>
      </Vector3>
      <Vector3>
        <X>-3107.202</X>
        <Y>1094.75342</Y>
        <Z>20.80173</Z>
      </Vector3>
      <Vector3>
        <X>-3104.49756</X>
        <Y>1099.5509</Y>
        <Z>19.3416386</Z>
      </Vector3>
      <Vector3>
        <X>-3105.17749</X>
        <Y>1094.48071</Y>
        <Z>20.7977962</Z>
      </Vector3>
      <Vector3>
        <X>-3106.519</X>
        <Y>1099.82324</Y>
        <Z>20.801466</Z>
      </Vector3>
      <Vector3>
        <X>-3104.49463</X>
        <Y>1099.55054</Y>
        <Z>20.797533</Z>
      </Vector3>
    </Bounds>
    <CenterCamPosition>
      <X>0</X>
      <Y>0</Y>
    </CenterCamPosition>
    <ScreenBounds />
    <DistanceToCam>0</DistanceToCam>
    <Speed>17.3647671</Speed>
    <AccInput>0.215686321</AccInput>
    <RPM>0.692623</RPM>
    <Gear>2</Gear>
    <SteeringAngle>1.159706</SteeringAngle>
    <WheelSpeed>0</WheelSpeed>
    <CarType>Sports</CarType>
  </MyCar>
  <Peds />
  <Time>110119</Time>
  <LastFrameTime>0.023790041</LastFrameTime>
  <MyProperty>0</MyProperty>
  <Weather>ExtraSunny</Weather>
  <Steering>120</Steering>
  <Acc>154</Acc>
  <Brake>127</Brake>
  <DayTime>06:57:16</DayTime>
  <Position>
    <X>-3105.74219</X>
    <Y>1097.93176</Y>
    <Z>20.9719772</Z>
  </Position>
  <Rotation>
    <X>-0.502823234</X>
    <Y>0.6097557</Y>
    <Z>-7.693891</Z>
  </Rotation>
</Screenshot>