<?xml version="1.0" encoding="utf-8"?>
<Screenshot xmlns:xsd="http://www.w3.org/2001/XMLSchema" xmlns:xsi="http://www.w3.org/2001/XMLSchema-instance">
  <Cars />
  <MyCar>
    <Position>
      <X>-3105.52319</X>
      <Y>1099.66711</Y>
      <Z>20.06953</Z>
    </Position>
    <Rotation>
      <X>0.00169637811</X>
      <Y>0.139232352</Y>
      <Z>-7.32385159</Z>
    </Rotation>
    <Handle>1538</Handle>
    <Bounds>
      <Vector3>
        <X>-3106.864</X>
        <Y>1097.26062</Y>
        <Z>19.34399</Z>
      </Vector3>
      <Vector3>
        <X>-3104.838</X>
        <Y>1097.00024</Y>
        <Z>19.3390255</Z>
      </Vector3>
      <Vector3>
        <X>-3106.21167</X>
        <Y>1102.33459</Y>
        <Z>19.344141</Z>
      </Vector3>
      <Vector3>
        <X>-3106.86035</X>
        <Y>1097.26013</Y>
        <Z>20.7998829</Z>
      </Vector3>
      <Vector3>
        <X>-3104.18579</X>
        <Y>1102.0741</Y>
        <Z>19.3391762</Z>
      </Vector3>
      <Vector3>
        <X>-3104.83423</X>
        <Y>1096.99976</Y>
        <Z>20.79492</Z>
      </Vector3>
      <Vector3>
        <X>-3106.20825</X>
        <Y>1102.334</Y>
        <Z>20.8000355</Z>
      </Vector3>
      <Vector3>
        <X>-3104.18213</X>
        <Y>1102.07361</Y>
        <Z>20.79507</Z>
      </Vector3>
    </Bounds>
    <CenterCamPosition>
      <X>0</X>
      <Y>0</Y>
    </CenterCamPosition>
    <ScreenBounds />
    <DistanceToCam>0</DistanceToCam>
    <Speed>17.4758034</Speed>
    <AccInput>0.210457563</AccInput>
    <RPM>0.697207034</RPM>
    <Gear>2</Gear>
    <SteeringAngle>1.86946094</SteeringAngle>
    <WheelSpeed>0</WheelSpeed>
    <CarType>Sports</CarType>
  </MyCar>
  <Peds />
  <Time>110264</Time>
  <LastFrameTime>0.0196288712</LastFrameTime>
  <MyProperty>0</MyProperty>
  <Weather>ExtraSunny</Weather>
  <Steering>120</Steering>
  <Acc>153</Acc>
  <Brake>127</Brake>
  <DayTime>06:57:21</DayTime>
  <Position>
    <X>-3105.41</X>
    <Y>1100.5166</Y>
    <Z>20.9698372</Z>
  </Position>
  <Rotation>
    <X>-0.498371035</X>
    <Y>0.6367211</Y>
    <Z>-7.38890266</Z>
  </Rotation>
</Screenshot>