<?xml version="1.0" encoding="utf-8"?>
<Screenshot xmlns:xsd="http://www.w3.org/2001/XMLSchema" xmlns:xsi="http://www.w3.org/2001/XMLSchema-instance">
  <Cars />
  <MyCar>
    <Position>
      <X>-3105.63159</X>
      <Y>1098.81787</Y>
      <Z>20.0702229</Z>
    </Position>
    <Rotation>
      <X>0.00118726015</X>
      <Y>0.12784636</Y>
      <Z>-7.477644</Z>
    </Rotation>
    <Handle>1538</Handle>
    <Bounds>
      <Vector3>
        <X>-3106.97852</X>
        <Y>1096.415</Y>
        <Z>19.3445015</Z>
      </Vector3>
      <Vector3>
        <X>-3104.95337</X>
        <Y>1096.14917</Y>
        <Z>19.3399429</Z>
      </Vector3>
      <Vector3>
        <X>-3106.313</X>
        <Y>1101.487</Y>
        <Z>19.3446064</Z>
      </Vector3>
      <Vector3>
        <X>-3106.97534</X>
        <Y>1096.41455</Y>
        <Z>20.800396</Z>
      </Vector3>
      <Vector3>
        <X>-3104.2876</X>
        <Y>1101.22131</Y>
        <Z>19.34005</Z>
      </Vector3>
      <Vector3>
        <X>-3104.95</X>
        <Y>1096.14868</Y>
        <Z>20.7958374</Z>
      </Vector3>
      <Vector3>
        <X>-3106.30957</X>
        <Y>1101.48669</Y>
        <Z>20.8005028</Z>
      </Vector3>
      <Vector3>
        <X>-3104.28442</X>
        <Y>1101.22083</Y>
        <Z>20.7959442</Z>
      </Vector3>
    </Bounds>
    <CenterCamPosition>
      <X>0</X>
      <Y>0</Y>
    </CenterCamPosition>
    <ScreenBounds />
    <DistanceToCam>0</DistanceToCam>
    <Speed>17.4389458</Speed>
    <AccInput>0.210457563</AccInput>
    <RPM>0.6958799</RPM>
    <Gear>2</Gear>
    <SteeringAngle>1.71262956</SteeringAngle>
    <WheelSpeed>0</WheelSpeed>
    <CarType>Sports</CarType>
  </MyCar>
  <Peds />
  <Time>110215</Time>
  <LastFrameTime>0.0190110561</LastFrameTime>
  <MyProperty>0</MyProperty>
  <Weather>ExtraSunny</Weather>
  <Steering>120</Steering>
  <Acc>153</Acc>
  <Brake>127</Brake>
  <DayTime>06:57:19</DayTime>
  <Position>
    <X>-3105.515</X>
    <Y>1099.67847</Y>
    <Z>20.97053</Z>
  </Position>
  <Rotation>
    <X>-0.4989889</X>
    <Y>0.6252807</Y>
    <Z>-7.527331</Z>
  </Rotation>
</Screenshot>