<?xml version="1.0" encoding="utf-8"?>
<Screenshot xmlns:xsd="http://www.w3.org/2001/XMLSchema" xmlns:xsi="http://www.w3.org/2001/XMLSchema-instance">
  <Cars />
  <MyCar>
    <Position>
      <X>-3105.457</X>
      <Y>1100.19446</Y>
      <Z>20.0690632</Z>
    </Position>
    <Rotation>
      <X>0.003910699</X>
      <Y>0.14564684</Y>
      <Z>-7.21293974</Z>
    </Rotation>
    <Handle>1538</Handle>
    <Bounds>
      <Vector3>
        <X>-3106.79321</X>
        <Y>1097.78552</Y>
        <Z>19.3435383</Z>
      </Vector3>
      <Vector3>
        <X>-3104.7666</X>
        <Y>1097.52893</Y>
        <Z>19.3383446</Z>
      </Vector3>
      <Vector3>
        <X>-3106.151</X>
        <Y>1102.8606</Y>
        <Z>19.3438873</Z>
      </Vector3>
      <Vector3>
        <X>-3106.78955</X>
        <Y>1097.78491</Y>
        <Z>20.79943</Z>
      </Vector3>
      <Vector3>
        <X>-3104.12427</X>
        <Y>1102.60413</Y>
        <Z>19.3386936</Z>
      </Vector3>
      <Vector3>
        <X>-3104.763</X>
        <Y>1097.52844</Y>
        <Z>20.794239</Z>
      </Vector3>
      <Vector3>
        <X>-3106.14722</X>
        <Y>1102.86</Y>
        <Z>20.79978</Z>
      </Vector3>
      <Vector3>
        <X>-3104.12061</X>
        <Y>1102.60352</Y>
        <Z>20.7945881</Z>
      </Vector3>
    </Bounds>
    <CenterCamPosition>
      <X>0</X>
      <Y>0</Y>
    </CenterCamPosition>
    <ScreenBounds />
    <DistanceToCam>0</DistanceToCam>
    <Speed>17.49839</Speed>
    <AccInput>0.210457563</AccInput>
    <RPM>0.697932363</RPM>
    <Gear>2</Gear>
    <SteeringAngle>1.94165611</SteeringAngle>
    <WheelSpeed>0</WheelSpeed>
    <CarType>Sports</CarType>
  </MyCar>
  <Peds />
  <Time>110295</Time>
  <LastFrameTime>0.03038337</LastFrameTime>
  <MyProperty>0</MyProperty>
  <Weather>ExtraSunny</Weather>
  <Steering>120</Steering>
  <Acc>153</Acc>
  <Brake>127</Brake>
  <DayTime>06:57:22</DayTime>
  <Position>
    <X>-3105.36816</X>
    <Y>1100.857</Y>
    <Z>20.9695625</Z>
  </Position>
  <Rotation>
    <X>-0.498303533</X>
    <Y>0.6392323</Y>
    <Z>-7.32385159</Z>
  </Rotation>
</Screenshot>