<?xml version="1.0" encoding="utf-8"?>
<Screenshot xmlns:xsd="http://www.w3.org/2001/XMLSchema" xmlns:xsi="http://www.w3.org/2001/XMLSchema-instance">
  <Cars />
  <MyCar>
    <Position>
      <X>-3105.56641</X>
      <Y>1099.3269</Y>
      <Z>20.0698051</Z>
    </Position>
    <Rotation>
      <X>0.00162897294</X>
      <Y>0.1367211</Y>
      <Z>-7.38890266</Z>
    </Rotation>
    <Handle>1538</Handle>
    <Bounds>
      <Vector3>
        <X>-3106.91</X>
        <Y>1096.922</Y>
        <Z>19.344223</Z>
      </Vector3>
      <Vector3>
        <X>-3104.884</X>
        <Y>1096.6593</Y>
        <Z>19.3393478</Z>
      </Vector3>
      <Vector3>
        <X>-3106.252</X>
        <Y>1101.99512</Y>
        <Z>19.344368</Z>
      </Vector3>
      <Vector3>
        <X>-3106.90649</X>
        <Y>1096.92151</Y>
        <Z>20.8001156</Z>
      </Vector3>
      <Vector3>
        <X>-3104.226</X>
        <Y>1101.73242</Y>
        <Z>19.3394928</Z>
      </Vector3>
      <Vector3>
        <X>-3104.88062</X>
        <Y>1096.65881</Y>
        <Z>20.7952423</Z>
      </Vector3>
      <Vector3>
        <X>-3106.24854</X>
        <Y>1101.99463</Y>
        <Z>20.8002625</Z>
      </Vector3>
      <Vector3>
        <X>-3104.22266</X>
        <Y>1101.73193</Y>
        <Z>20.7953873</Z>
      </Vector3>
    </Bounds>
    <CenterCamPosition>
      <X>0</X>
      <Y>0</Y>
    </CenterCamPosition>
    <ScreenBounds />
    <DistanceToCam>0</DistanceToCam>
    <Speed>17.4610825</Speed>
    <AccInput>0.210457563</AccInput>
    <RPM>0.6964922</RPM>
    <Gear>2</Gear>
    <SteeringAngle>1.81526124</SteeringAngle>
    <WheelSpeed>0</WheelSpeed>
    <CarType>Sports</CarType>
  </MyCar>
  <Peds />
  <Time>110245</Time>
  <LastFrameTime>0.02940157</LastFrameTime>
  <MyProperty>0</MyProperty>
  <Weather>ExtraSunny</Weather>
  <Steering>120</Steering>
  <Acc>153</Acc>
  <Brake>127</Brake>
  <DayTime>06:57:20</DayTime>
  <Position>
    <X>-3105.47339</X>
    <Y>1100.00745</Y>
    <Z>20.9702454</Z>
  </Position>
  <Rotation>
    <X>-0.498812735</X>
    <Y>0.62784636</Y>
    <Z>-7.47764444</Z>
  </Rotation>
</Screenshot>