<?xml version="1.0" encoding="utf-8"?>
<Screenshot xmlns:xsd="http://www.w3.org/2001/XMLSchema" xmlns:xsi="http://www.w3.org/2001/XMLSchema-instance">
  <Cars />
  <MyCar>
    <Position>
      <X>-3105.29785</X>
      <Y>1101.49414</Y>
      <Z>20.06794</Z>
    </Position>
    <Rotation>
      <X>0.002810695</X>
      <Y>0.158939064</Y>
      <Z>-6.906955</Z>
    </Rotation>
    <Handle>1538</Handle>
    <Bounds>
      <Vector3>
        <X>-3106.62134</X>
        <Y>1099.078</Y>
        <Z>19.342701</Z>
      </Vector3>
      <Vector3>
        <X>-3104.59326</X>
        <Y>1098.8324</Y>
        <Z>19.3370342</Z>
      </Vector3>
      <Vector3>
        <X>-3106.006</X>
        <Y>1104.15649</Y>
        <Z>19.3429527</Z>
      </Vector3>
      <Vector3>
        <X>-3106.61719</X>
        <Y>1099.07751</Y>
        <Z>20.7985935</Z>
      </Vector3>
      <Vector3>
        <X>-3103.97827</X>
        <Y>1103.91089</Y>
        <Z>19.337286</Z>
      </Vector3>
      <Vector3>
        <X>-3104.58936</X>
        <Y>1098.83179</Y>
        <Z>20.7929268</Z>
      </Vector3>
      <Vector3>
        <X>-3106.002</X>
        <Y>1104.156</Y>
        <Z>20.7988453</Z>
      </Vector3>
      <Vector3>
        <X>-3103.974</X>
        <Y>1103.91028</Y>
        <Z>20.7931786</Z>
      </Vector3>
    </Bounds>
    <CenterCamPosition>
      <X>0</X>
      <Y>0</Y>
    </CenterCamPosition>
    <ScreenBounds />
    <DistanceToCam>0</DistanceToCam>
    <Speed>17.5534439</Speed>
    <AccInput>0.2052288</AccInput>
    <RPM>0.700254858</RPM>
    <Gear>2</Gear>
    <SteeringAngle>1.92524588</SteeringAngle>
    <WheelSpeed>0</WheelSpeed>
    <CarType>Sports</CarType>
  </MyCar>
  <Peds />
  <Time>110369</Time>
  <LastFrameTime>0.023874443</LastFrameTime>
  <MyProperty>0</MyProperty>
  <Weather>ExtraSunny</Weather>
  <Steering>122</Steering>
  <Acc>153</Acc>
  <Brake>127</Brake>
  <DayTime>06:57:24</DayTime>
  <Position>
    <X>-3105.19922</X>
    <Y>1102.26892</Y>
    <Z>20.9683781</Z>
  </Position>
  <Rotation>
    <X>-0.496352762</X>
    <Y>0.653846</Y>
    <Z>-7.0084424</Z>
  </Rotation>
</Screenshot>