<?xml version="1.0" encoding="utf-8"?>
<Screenshot xmlns:xsd="http://www.w3.org/2001/XMLSchema" xmlns:xsi="http://www.w3.org/2001/XMLSchema-instance">
  <Cars />
  <MyCar>
    <Position>
      <X>-3105.34814</X>
      <Y>1101.07825</Y>
      <Z>20.0683041</Z>
    </Position>
    <Rotation>
      <X>0.00364731881</X>
      <Y>0.15384607</Y>
      <Z>-7.0084424</Z>
    </Rotation>
    <Handle>1538</Handle>
    <Bounds>
      <Vector3>
        <X>-3106.67578</X>
        <Y>1098.66455</Y>
        <Z>19.3429375</Z>
      </Vector3>
      <Vector3>
        <X>-3104.64819</X>
        <Y>1098.41528</Y>
        <Z>19.3374519</Z>
      </Vector3>
      <Vector3>
        <X>-3106.05151</X>
        <Y>1103.742</Y>
        <Z>19.3432617</Z>
      </Vector3>
      <Vector3>
        <X>-3106.67188</X>
        <Y>1098.664</Y>
        <Z>20.79883</Z>
      </Vector3>
      <Vector3>
        <X>-3104.02417</X>
        <Y>1103.49268</Y>
        <Z>19.3377781</Z>
      </Vector3>
      <Vector3>
        <X>-3104.64453</X>
        <Y>1098.41467</Y>
        <Z>20.7933445</Z>
      </Vector3>
      <Vector3>
        <X>-3106.04761</X>
        <Y>1103.74133</Y>
        <Z>20.7991562</Z>
      </Vector3>
      <Vector3>
        <X>-3104.02026</X>
        <Y>1103.49207</Y>
        <Z>20.79367</Z>
      </Vector3>
    </Bounds>
    <CenterCamPosition>
      <X>0</X>
      <Y>0</Y>
    </CenterCamPosition>
    <ScreenBounds />
    <DistanceToCam>0</DistanceToCam>
    <Speed>17.5359535</Speed>
    <AccInput>0.210457563</AccInput>
    <RPM>0.6994872</RPM>
    <Gear>2</Gear>
    <SteeringAngle>1.95380676</SteeringAngle>
    <WheelSpeed>0</WheelSpeed>
    <CarType>Sports</CarType>
  </MyCar>
  <Peds />
  <Time>110345</Time>
  <LastFrameTime>0.02489255</LastFrameTime>
  <MyProperty>0</MyProperty>
  <Weather>ExtraSunny</Weather>
  <Steering>122</Steering>
  <Acc>153</Acc>
  <Brake>127</Brake>
  <DayTime>06:57:23</DayTime>
  <Position>
    <X>-3105.25024</X>
    <Y>1101.83545</Y>
    <Z>20.9687557</Z>
  </Position>
  <Rotation>
    <X>-0.496856332</X>
    <Y>0.650651932</Y>
    <Z>-7.11107254</Z>
  </Rotation>
</Screenshot>