<?xml version="1.0" encoding="utf-8"?>
<Screenshot xmlns:xsd="http://www.w3.org/2001/XMLSchema" xmlns:xsi="http://www.w3.org/2001/XMLSchema-instance">
  <Cars />
  <MyCar>
    <Position>
      <X>-3105.40112</X>
      <Y>1100.645</Y>
      <Z>20.0686932</Z>
    </Position>
    <Rotation>
      <X>0.00314372848</X>
      <Y>0.150651887</Y>
      <Z>-7.111073</Z>
    </Rotation>
    <Handle>1538</Handle>
    <Bounds>
      <Vector3>
        <X>-3106.733</X>
        <Y>1098.23364</Y>
        <Z>19.3432922</Z>
      </Vector3>
      <Vector3>
        <X>-3104.706</X>
        <Y>1097.98083</Y>
        <Z>19.3379211</Z>
      </Vector3>
      <Vector3>
        <X>-3106.09985</X>
        <Y>1103.30994</Y>
        <Z>19.3435726</Z>
      </Vector3>
      <Vector3>
        <X>-3106.72925</X>
        <Y>1098.23315</Y>
        <Z>20.7991848</Z>
      </Vector3>
      <Vector3>
        <X>-3104.07275</X>
        <Y>1103.057</Y>
        <Z>19.3382015</Z>
      </Vector3>
      <Vector3>
        <X>-3104.70215</X>
        <Y>1097.98022</Y>
        <Z>20.7938137</Z>
      </Vector3>
      <Vector3>
        <X>-3106.096</X>
        <Y>1103.30933</Y>
        <Z>20.7994652</Z>
      </Vector3>
      <Vector3>
        <X>-3104.06885</X>
        <Y>1103.05652</Y>
        <Z>20.7940941</Z>
      </Vector3>
    </Bounds>
    <CenterCamPosition>
      <X>0</X>
      <Y>0</Y>
    </CenterCamPosition>
    <ScreenBounds />
    <DistanceToCam>0</DistanceToCam>
    <Speed>17.5175819</Speed>
    <AccInput>0.210457563</AccInput>
    <RPM>0.6987029</RPM>
    <Gear>2</Gear>
    <SteeringAngle>1.98997247</SteeringAngle>
    <WheelSpeed>0</WheelSpeed>
    <CarType>Sports</CarType>
  </MyCar>
  <Peds />
  <Time>110321</Time>
  <LastFrameTime>0.0259280317</LastFrameTime>
  <MyProperty>0</MyProperty>
  <Weather>ExtraSunny</Weather>
  <Steering>120</Steering>
  <Acc>153</Acc>
  <Brake>127</Brake>
  <DayTime>06:57:23</DayTime>
  <Position>
    <X>-3105.3042</X>
    <Y>1101.38464</Y>
    <Z>20.9691429</Z>
  </Position>
  <Rotation>
    <X>-0.4960893</X>
    <Y>0.645646751</Y>
    <Z>-7.21293974</Z>
  </Rotation>
</Screenshot>