<?xml version="1.0" encoding="utf-8"?>
<Screenshot xmlns:xsd="http://www.w3.org/2001/XMLSchema" xmlns:xsi="http://www.w3.org/2001/XMLSchema-instance">
  <Cars />
  <MyCar>
    <Position>
      <X>-3105.24365</X>
      <Y>1101.94775</Y>
      <Z>20.0675373</Z>
    </Position>
    <Rotation>
      <X>0.00356844231</X>
      <Y>0.169292256</Y>
      <Z>-6.7942214</Z>
    </Rotation>
    <Handle>1538</Handle>
    <Bounds>
      <Vector3>
        <X>-3106.5625</X>
        <Y>1099.529</Y>
        <Z>19.34245</Z>
      </Vector3>
      <Vector3>
        <X>-3104.53418</X>
        <Y>1099.28748</Y>
        <Z>19.3364143</Z>
      </Vector3>
      <Vector3>
        <X>-3105.95728</X>
        <Y>1104.60876</Y>
        <Z>19.3427677</Z>
      </Vector3>
      <Vector3>
        <X>-3106.558</X>
        <Y>1099.52844</Y>
        <Z>20.7983418</Z>
      </Vector3>
      <Vector3>
        <X>-3103.929</X>
        <Y>1104.36707</Y>
        <Z>19.3367329</Z>
      </Vector3>
      <Vector3>
        <X>-3104.52979</X>
        <Y>1099.28687</Y>
        <Z>20.792305</Z>
      </Vector3>
      <Vector3>
        <X>-3105.953</X>
        <Y>1104.60815</Y>
        <Z>20.79866</Z>
      </Vector3>
      <Vector3>
        <X>-3103.92456</X>
        <Y>1104.36646</Y>
        <Z>20.7926235</Z>
      </Vector3>
    </Bounds>
    <CenterCamPosition>
      <X>0</X>
      <Y>0</Y>
    </CenterCamPosition>
    <ScreenBounds />
    <DistanceToCam>0</DistanceToCam>
    <Speed>17.57238</Speed>
    <AccInput>0.2052288</AccInput>
    <RPM>0.7009341</RPM>
    <Gear>2</Gear>
    <SteeringAngle>1.89940476</SteeringAngle>
    <WheelSpeed>0</WheelSpeed>
    <CarType>Sports</CarType>
  </MyCar>
  <Peds />
  <Time>110395</Time>
  <LastFrameTime>0.0260037463</LastFrameTime>
  <MyProperty>0</MyProperty>
  <Weather>ExtraSunny</Weather>
  <Steering>122</Steering>
  <Acc>153</Acc>
  <Brake>127</Brake>
  <DayTime>06:57:25</DayTime>
  <Position>
    <X>-3105.15112</X>
    <Y>1102.685</Y>
    <Z>20.9679947</Z>
  </Position>
  <Rotation>
    <X>-0.497189283</X>
    <Y>0.6589392</Y>
    <Z>-6.906954</Z>
  </Rotation>
</Screenshot>