<?xml version="1.0" encoding="utf-8"?>
<Screenshot xmlns:xsd="http://www.w3.org/2001/XMLSchema" xmlns:xsi="http://www.w3.org/2001/XMLSchema-instance">
  <Cars />
  <MyCar>
    <Position>
      <X>-3105.14282</X>
      <Y>1102.81055</Y>
      <Z>20.0667973</Z>
    </Position>
    <Rotation>
      <X>0.00379015948</X>
      <Y>0.179264739</Y>
      <Z>-6.57786751</Z>
    </Rotation>
    <Handle>1538</Handle>
    <Bounds>
      <Vector3>
        <X>-3106.45264</X>
        <Y>1100.387</Y>
        <Z>19.341877</Z>
      </Vector3>
      <Vector3>
        <X>-3104.42334</X>
        <Y>1100.153</Y>
        <Z>19.3354874</Z>
      </Vector3>
      <Vector3>
        <X>-3105.8667</X>
        <Y>1105.46887</Y>
        <Z>19.3422165</Z>
      </Vector3>
      <Vector3>
        <X>-3106.448</X>
        <Y>1100.38635</Y>
        <Z>20.79777</Z>
      </Vector3>
      <Vector3>
        <X>-3103.8374</X>
        <Y>1105.23486</Y>
        <Z>19.335825</Z>
      </Vector3>
      <Vector3>
        <X>-3104.4187</X>
        <Y>1100.15234</Y>
        <Z>20.791378</Z>
      </Vector3>
      <Vector3>
        <X>-3105.862</X>
        <Y>1105.46826</Y>
        <Z>20.7981071</Z>
      </Vector3>
      <Vector3>
        <X>-3103.83276</X>
        <Y>1105.23425</Y>
        <Z>20.7917156</Z>
      </Vector3>
    </Bounds>
    <CenterCamPosition>
      <X>0</X>
      <Y>0</Y>
    </CenterCamPosition>
    <ScreenBounds />
    <DistanceToCam>0</DistanceToCam>
    <Speed>17.6079044</Speed>
    <AccInput>0.2052288</AccInput>
    <RPM>0.7023098</RPM>
    <Gear>2</Gear>
    <SteeringAngle>1.8626976</SteeringAngle>
    <WheelSpeed>0</WheelSpeed>
    <CarType>Sports</CarType>
  </MyCar>
  <Peds />
  <Time>110445</Time>
  <LastFrameTime>0.0304168835</LastFrameTime>
  <MyProperty>0</MyProperty>
  <Weather>ExtraSunny</Weather>
  <Steering>122</Steering>
  <Acc>153</Acc>
  <Brake>127</Brake>
  <DayTime>06:57:26</DayTime>
  <Position>
    <X>-3105.06177</X>
    <Y>1103.47009</Y>
    <Z>20.9673367</Z>
  </Position>
  <Rotation>
    <X>-0.4964736</X>
    <Y>0.6729715</Y>
    <Z>-6.71131659</Z>
  </Rotation>
</Screenshot>