<?xml version="1.0" encoding="utf-8"?>
<Screenshot xmlns:xsd="http://www.w3.org/2001/XMLSchema" xmlns:xsi="http://www.w3.org/2001/XMLSchema-instance">
  <Cars />
  <MyCar>
    <Position>
      <X>-3105.04248</X>
      <Y>1103.69336</Y>
      <Z>20.0659943</Z>
    </Position>
    <Rotation>
      <X>0.00112777227</X>
      <Y>0.184831008</Y>
      <Z>-6.358367</Z>
    </Rotation>
    <Handle>1538</Handle>
    <Bounds>
      <Vector3>
        <X>-3106.343</X>
        <Y>1101.26477</Y>
        <Z>19.3412933</Z>
      </Vector3>
      <Vector3>
        <X>-3104.313</X>
        <Y>1101.03845</Y>
        <Z>19.3347034</Z>
      </Vector3>
      <Vector3>
        <X>-3105.77661</X>
        <Y>1106.34888</Y>
        <Z>19.3413944</Z>
      </Vector3>
      <Vector3>
        <X>-3106.33838</X>
        <Y>1101.26416</Y>
        <Z>20.797184</Z>
      </Vector3>
      <Vector3>
        <X>-3103.74634</X>
        <Y>1106.12268</Y>
        <Z>19.3348045</Z>
      </Vector3>
      <Vector3>
        <X>-3104.308</X>
        <Y>1101.038</Y>
        <Z>20.7905941</Z>
      </Vector3>
      <Vector3>
        <X>-3105.77173</X>
        <Y>1106.34827</Y>
        <Z>20.7972851</Z>
      </Vector3>
      <Vector3>
        <X>-3103.7417</X>
        <Y>1106.12207</Y>
        <Z>20.7906952</Z>
      </Vector3>
    </Bounds>
    <CenterCamPosition>
      <X>0</X>
      <Y>0</Y>
    </CenterCamPosition>
    <ScreenBounds />
    <DistanceToCam>0</DistanceToCam>
    <Speed>17.643877</Speed>
    <AccInput>0.2052288</AccInput>
    <RPM>0.703713238</RPM>
    <Gear>2</Gear>
    <SteeringAngle>1.83727455</SteeringAngle>
    <WheelSpeed>0</WheelSpeed>
    <CarType>Sports</CarType>
  </MyCar>
  <Peds />
  <Time>110495</Time>
  <LastFrameTime>0.0314914659</LastFrameTime>
  <MyProperty>0</MyProperty>
  <Weather>ExtraSunny</Weather>
  <Steering>122</Steering>
  <Acc>153</Acc>
  <Brake>127</Brake>
  <DayTime>06:57:28</DayTime>
  <Position>
    <X>-3104.966</X>
    <Y>1104.33325</Y>
    <Z>20.9665985</Z>
  </Position>
  <Rotation>
    <X>-0.496710747</X>
    <Y>0.681398153</Y>
    <Z>-6.495139</Z>
  </Rotation>
</Screenshot>