<?xml version="1.0" encoding="utf-8"?>
<Screenshot xmlns:xsd="http://www.w3.org/2001/XMLSchema" xmlns:xsi="http://www.w3.org/2001/XMLSchema-instance">
  <Cars />
  <MyCar>
    <Position>
      <X>-3105.10474</X>
      <Y>1103.14136</Y>
      <Z>20.066534</Z>
    </Position>
    <Rotation>
      <X>0.00328917243</X>
      <Y>0.181398258</Y>
      <Z>-6.49514</Z>
    </Rotation>
    <Handle>1538</Handle>
    <Bounds>
      <Vector3>
        <X>-3106.41113</X>
        <Y>1100.71582</Y>
        <Z>19.3416748</Z>
      </Vector3>
      <Vector3>
        <X>-3104.38135</X>
        <Y>1100.48474</Y>
        <Z>19.335207</Z>
      </Vector3>
      <Vector3>
        <X>-3105.83228</X>
        <Y>1105.79858</Y>
        <Z>19.3419685</Z>
      </Vector3>
      <Vector3>
        <X>-3106.40649</X>
        <Y>1100.71521</Y>
        <Z>20.7975655</Z>
      </Vector3>
      <Vector3>
        <X>-3103.80273</X>
        <Y>1105.5675</Y>
        <Z>19.3355</Z>
      </Vector3>
      <Vector3>
        <X>-3104.377</X>
        <Y>1100.48413</Y>
        <Z>20.7911</Z>
      </Vector3>
      <Vector3>
        <X>-3105.828</X>
        <Y>1105.798</Y>
        <Z>20.79786</Z>
      </Vector3>
      <Vector3>
        <X>-3103.798</X>
        <Y>1105.56689</Y>
        <Z>20.7913933</Z>
      </Vector3>
    </Bounds>
    <CenterCamPosition>
      <X>0</X>
      <Y>0</Y>
    </CenterCamPosition>
    <ScreenBounds />
    <DistanceToCam>0</DistanceToCam>
    <Speed>17.6214256</Speed>
    <AccInput>0.2052288</AccInput>
    <RPM>0.703021467</RPM>
    <Gear>2</Gear>
    <SteeringAngle>1.85229206</SteeringAngle>
    <WheelSpeed>0</WheelSpeed>
    <CarType>Sports</CarType>
  </MyCar>
  <Peds />
  <Time>110464</Time>
  <LastFrameTime>0.0189005882</LastFrameTime>
  <MyProperty>0</MyProperty>
  <Weather>ExtraSunny</Weather>
  <Steering>122</Steering>
  <Acc>153</Acc>
  <Brake>127</Brake>
  <DayTime>06:57:27</DayTime>
  <Position>
    <X>-3105.00269</X>
    <Y>1104.00232</Y>
    <Z>20.9668732</Z>
  </Position>
  <Rotation>
    <X>-0.4962098</X>
    <Y>0.679264665</Y>
    <Z>-6.57786751</Z>
  </Rotation>
</Screenshot>