<?xml version="1.0" encoding="utf-8"?>
<Screenshot xmlns:xsd="http://www.w3.org/2001/XMLSchema" xmlns:xsi="http://www.w3.org/2001/XMLSchema-instance">
  <Cars />
  <MyCar>
    <Position>
      <X>-3105.20459</X>
      <Y>1102.27869</Y>
      <Z>20.0672665</Z>
    </Position>
    <Rotation>
      <X>0.003526486</X>
      <Y>0.172971413</Y>
      <Z>-6.711317</Z>
    </Rotation>
    <Handle>1538</Handle>
    <Bounds>
      <Vector3>
        <X>-3106.52</X>
        <Y>1099.85815</Y>
        <Z>19.342247</Z>
      </Vector3>
      <Vector3>
        <X>-3104.49121</X>
        <Y>1099.61938</Y>
        <Z>19.3360786</Z>
      </Vector3>
      <Vector3>
        <X>-3105.922</X>
        <Y>1104.93872</Y>
        <Z>19.3425617</Z>
      </Vector3>
      <Vector3>
        <X>-3106.51563</X>
        <Y>1099.85754</Y>
        <Z>20.7981377</Z>
      </Vector3>
      <Vector3>
        <X>-3103.89331</X>
        <Y>1104.7</Y>
        <Z>19.3363934</Z>
      </Vector3>
      <Vector3>
        <X>-3104.48682</X>
        <Y>1099.61877</Y>
        <Z>20.7919712</Z>
      </Vector3>
      <Vector3>
        <X>-3105.91772</X>
        <Y>1104.93811</Y>
        <Z>20.7984524</Z>
      </Vector3>
      <Vector3>
        <X>-3103.889</X>
        <Y>1104.69934</Y>
        <Z>20.7922859</Z>
      </Vector3>
    </Bounds>
    <CenterCamPosition>
      <X>0</X>
      <Y>0</Y>
    </CenterCamPosition>
    <ScreenBounds />
    <DistanceToCam>0</DistanceToCam>
    <Speed>17.5860329</Speed>
    <AccInput>0.2052288</AccInput>
    <RPM>0.701711655</RPM>
    <Gear>2</Gear>
    <SteeringAngle>1.88404131</SteeringAngle>
    <WheelSpeed>0</WheelSpeed>
    <CarType>Sports</CarType>
  </MyCar>
  <Peds />
  <Time>110414</Time>
  <LastFrameTime>0.01895396</LastFrameTime>
  <MyProperty>0</MyProperty>
  <Weather>ExtraSunny</Weather>
  <Steering>122</Steering>
  <Acc>153</Acc>
  <Brake>127</Brake>
  <DayTime>06:57:25</DayTime>
  <Position>
    <X>-3105.099</X>
    <Y>1103.13892</Y>
    <Z>20.9676075</Z>
  </Position>
  <Rotation>
    <X>-0.496431559</X>
    <Y>0.6692923</Y>
    <Z>-6.794221</Z>
  </Rotation>
</Screenshot>