<?xml version="1.0" encoding="utf-8"?>
<Screenshot xmlns:xsd="http://www.w3.org/2001/XMLSchema" xmlns:xsi="http://www.w3.org/2001/XMLSchema-instance">
  <Cars />
  <MyCar>
    <Position>
      <X>-3104.87842</X>
      <Y>1105.201</Y>
      <Z>20.0644855</Z>
    </Position>
    <Rotation>
      <X>-0.0115473215</X>
      <Y>0.19464387</Y>
      <Z>-5.99628353</Z>
    </Rotation>
    <Handle>1538</Handle>
    <Bounds>
      <Vector3>
        <X>-3106.16382</X>
        <Y>1102.76416</Y>
        <Z>19.3405247</Z>
      </Vector3>
      <Vector3>
        <X>-3104.132</X>
        <Y>1102.55066</Y>
        <Z>19.3335857</Z>
      </Vector3>
      <Vector3>
        <X>-3105.62939</X>
        <Y>1107.85168</Y>
        <Z>19.3394947</Z>
      </Vector3>
      <Vector3>
        <X>-3106.15869</X>
        <Y>1102.76392</Y>
        <Z>20.7964153</Z>
      </Vector3>
      <Vector3>
        <X>-3103.598</X>
        <Y>1107.63831</Y>
        <Z>19.3325558</Z>
      </Vector3>
      <Vector3>
        <X>-3104.1272</X>
        <Y>1102.55054</Y>
        <Z>20.7894764</Z>
      </Vector3>
      <Vector3>
        <X>-3105.62427</X>
        <Y>1107.85144</Y>
        <Z>20.7953835</Z>
      </Vector3>
      <Vector3>
        <X>-3103.59277</X>
        <Y>1107.63806</Y>
        <Z>20.7884445</Z>
      </Vector3>
    </Bounds>
    <CenterCamPosition>
      <X>0</X>
      <Y>0</Y>
    </CenterCamPosition>
    <ScreenBounds />
    <DistanceToCam>0</DistanceToCam>
    <Speed>17.7044086</Speed>
    <AccInput>0.2052288</AccInput>
    <RPM>0.7050702</RPM>
    <Gear>2</Gear>
    <SteeringAngle>1.80882812</SteeringAngle>
    <WheelSpeed>0</WheelSpeed>
    <CarType>Sports</CarType>
  </MyCar>
  <Peds />
  <Time>110580</Time>
  <LastFrameTime>0.06666667</LastFrameTime>
  <MyProperty>0</MyProperty>
  <Weather>ExtraSunny</Weather>
  <Steering>122</Steering>
  <Acc>153</Acc>
  <Brake>127</Brake>
  <DayTime>06:57:30</DayTime>
  <Position>
    <X>-3104.871</X>
    <Y>1105.22083</Y>
    <Z>20.9656086</Z>
  </Position>
  <Rotation>
    <X>-0.5019869</X>
    <Y>0.688103</Y>
    <Z>-6.27613831</Z>
  </Rotation>
</Screenshot>