<?xml version="1.0" encoding="utf-8"?>
<Screenshot xmlns:xsd="http://www.w3.org/2001/XMLSchema" xmlns:xsi="http://www.w3.org/2001/XMLSchema-instance">
  <Cars />
  <MyCar>
    <Position>
      <X>-3104.845</X>
      <Y>1105.516</Y>
      <Z>20.0641937</Z>
    </Position>
    <Rotation>
      <X>-0.0144809876</X>
      <Y>0.197573513</Y>
      <Z>-5.92238665</Z>
    </Rotation>
    <Handle>1538</Handle>
    <Bounds>
      <Vector3>
        <X>-3106.1272</X>
        <Y>1103.07739</Y>
        <Z>19.3404179</Z>
      </Vector3>
      <Vector3>
        <X>-3104.09546</X>
        <Y>1102.86658</Y>
        <Z>19.3333721</Z>
      </Vector3>
      <Vector3>
        <X>-3105.59937</X>
        <Y>1108.16565</Y>
        <Z>19.3391247</Z>
      </Vector3>
      <Vector3>
        <X>-3106.122</X>
        <Y>1103.07715</Y>
        <Z>20.7963066</Z>
      </Vector3>
      <Vector3>
        <X>-3103.56763</X>
        <Y>1107.95483</Y>
        <Z>19.33208</Z>
      </Vector3>
      <Vector3>
        <X>-3104.09033</X>
        <Y>1102.86646</Y>
        <Z>20.7892628</Z>
      </Vector3>
      <Vector3>
        <X>-3105.59424</X>
        <Y>1108.16553</Y>
        <Z>20.7950134</Z>
      </Vector3>
      <Vector3>
        <X>-3103.5625</X>
        <Y>1107.95471</Y>
        <Z>20.78797</Z>
      </Vector3>
    </Bounds>
    <CenterCamPosition>
      <X>0</X>
      <Y>0</Y>
    </CenterCamPosition>
    <ScreenBounds />
    <DistanceToCam>0</DistanceToCam>
    <Speed>17.716877</Speed>
    <AccInput>0.2052288</AccInput>
    <RPM>0.7061945</RPM>
    <Gear>2</Gear>
    <SteeringAngle>1.85872734</SteeringAngle>
    <WheelSpeed>0</WheelSpeed>
    <CarType>Sports</CarType>
  </MyCar>
  <Peds />
  <Time>110598</Time>
  <LastFrameTime>0.01788</LastFrameTime>
  <MyProperty>0</MyProperty>
  <Weather>ExtraSunny</Weather>
  <Steering>120</Steering>
  <Acc>153</Acc>
  <Brake>127</Brake>
  <DayTime>06:57:31</DayTime>
  <Position>
    <X>-3104.75</X>
    <Y>1106.39429</Y>
    <Z>20.96424</Z>
  </Position>
  <Rotation>
    <X>-0.5115474</X>
    <Y>0.694643855</Y>
    <Z>-5.996284</Z>
  </Rotation>
</Screenshot>