<?xml version="1.0" encoding="utf-8"?>
<Screenshot xmlns:xsd="http://www.w3.org/2001/XMLSchema" xmlns:xsi="http://www.w3.org/2001/XMLSchema-instance">
  <Cars />
  <MyCar>
    <Position>
      <X>-3105.00513</X>
      <Y>1104.02832</Y>
      <Z>20.0656548</Z>
    </Position>
    <Rotation>
      <X>-0.00198694365</X>
      <Y>0.18810305</Y>
      <Z>-6.276139</Z>
    </Rotation>
    <Handle>1538</Handle>
    <Bounds>
      <Vector3>
        <X>-3106.30225</X>
        <Y>1101.59778</Y>
        <Z>19.34115</Z>
      </Vector3>
      <Vector3>
        <X>-3104.27173</X>
        <Y>1101.37451</Y>
        <Z>19.334444</Z>
      </Vector3>
      <Vector3>
        <X>-3105.743</X>
        <Y>1106.68274</Y>
        <Z>19.3409729</Z>
      </Vector3>
      <Vector3>
        <X>-3106.29736</X>
        <Y>1101.59729</Y>
        <Z>20.79704</Z>
      </Vector3>
      <Vector3>
        <X>-3103.7124</X>
        <Y>1106.45947</Y>
        <Z>19.3342667</Z>
      </Vector3>
      <Vector3>
        <X>-3104.267</X>
        <Y>1101.374</Y>
        <Z>20.7903347</Z>
      </Vector3>
      <Vector3>
        <X>-3105.73828</X>
        <Y>1106.68225</Y>
        <Z>20.7968636</Z>
      </Vector3>
      <Vector3>
        <X>-3103.70776</X>
        <Y>1106.459</Y>
        <Z>20.7901573</Z>
      </Vector3>
    </Bounds>
    <CenterCamPosition>
      <X>0</X>
      <Y>0</Y>
    </CenterCamPosition>
    <ScreenBounds />
    <DistanceToCam>0</DistanceToCam>
    <Speed>17.6574249</Speed>
    <AccInput>0.2052288</AccInput>
    <RPM>0.7044227</RPM>
    <Gear>2</Gear>
    <SteeringAngle>1.83019829</SteeringAngle>
    <WheelSpeed>0</WheelSpeed>
    <CarType>Sports</CarType>
  </MyCar>
  <Peds />
  <Time>110514</Time>
  <LastFrameTime>0.0190935973</LastFrameTime>
  <MyProperty>0</MyProperty>
  <Weather>ExtraSunny</Weather>
  <Steering>122</Steering>
  <Acc>153</Acc>
  <Brake>127</Brake>
  <DayTime>06:57:28</DayTime>
  <Position>
    <X>-3104.90674</X>
    <Y>1104.88562</Y>
    <Z>20.966013</Z>
  </Position>
  <Rotation>
    <X>-0.49887225</X>
    <Y>0.684830964</Y>
    <Z>-6.358367</Z>
  </Rotation>
</Screenshot>