<?xml version="1.0" encoding="utf-8"?>
<Screenshot xmlns:xsd="http://www.w3.org/2001/XMLSchema" xmlns:xsi="http://www.w3.org/2001/XMLSchema-instance">
  <Cars />
  <MyCar>
    <Position>
      <X>-3104.66748</X>
      <Y>1107.2616</Y>
      <Z>20.0623646</Z>
    </Position>
    <Rotation>
      <X>-0.0220729467</X>
      <Y>0.216250062</Y>
      <Z>-5.51212454</Z>
    </Rotation>
    <Handle>1538</Handle>
    <Bounds>
      <Vector3>
        <X>-3105.93237</X>
        <Y>1104.81372</Y>
        <Z>19.33926</Z>
      </Vector3>
      <Vector3>
        <X>-3103.89917</X>
        <Y>1104.61755</Y>
        <Z>19.33155</Z>
      </Vector3>
      <Vector3>
        <X>-3105.44116</X>
        <Y>1109.90576</Y>
        <Z>19.33729</Z>
      </Vector3>
      <Vector3>
        <X>-3105.927</X>
        <Y>1104.81384</Y>
        <Z>20.7951488</Z>
      </Vector3>
      <Vector3>
        <X>-3103.40771</X>
        <Y>1109.70947</Y>
        <Z>19.32958</Z>
      </Vector3>
      <Vector3>
        <X>-3103.89355</X>
        <Y>1104.61755</Y>
        <Z>20.78744</Z>
      </Vector3>
      <Vector3>
        <X>-3105.43555</X>
        <Y>1109.90576</Y>
        <Z>20.7931767</Z>
      </Vector3>
      <Vector3>
        <X>-3103.40234</X>
        <Y>1109.70947</Y>
        <Z>20.7854671</Z>
      </Vector3>
    </Bounds>
    <CenterCamPosition>
      <X>0</X>
      <Y>0</Y>
    </CenterCamPosition>
    <ScreenBounds />
    <DistanceToCam>0</DistanceToCam>
    <Speed>17.78522</Speed>
    <AccInput>0.2052288</AccInput>
    <RPM>0.7094148</RPM>
    <Gear>2</Gear>
    <SteeringAngle>2.04379058</SteeringAngle>
    <WheelSpeed>0</WheelSpeed>
    <CarType>Sports</CarType>
  </MyCar>
  <Peds />
  <Time>110697</Time>
  <LastFrameTime>0.02746031</LastFrameTime>
  <MyProperty>0</MyProperty>
  <Weather>ExtraSunny</Weather>
  <Steering>120</Steering>
  <Acc>153</Acc>
  <Brake>127</Brake>
  <DayTime>06:57:34</DayTime>
  <Position>
    <X>-3104.59448</X>
    <Y>1107.96985</Y>
    <Z>20.9624462</Z>
  </Position>
  <Rotation>
    <X>-0.522661746</X>
    <Y>0.7129731</Y>
    <Z>-5.62749434</Z>
  </Rotation>
</Screenshot>