<?xml version="1.0" encoding="utf-8"?>
<Screenshot xmlns:xsd="http://www.w3.org/2001/XMLSchema" xmlns:xsi="http://www.w3.org/2001/XMLSchema-instance">
  <Cars />
  <MyCar>
    <Position>
      <X>-3104.71558</X>
      <Y>1106.77563</Y>
      <Z>20.0629272</Z>
    </Position>
    <Rotation>
      <X>-0.02266174</X>
      <Y>0.212973177</Y>
      <Z>-5.627495</Z>
    </Rotation>
    <Handle>1538</Handle>
    <Bounds>
      <Vector3>
        <X>-3105.98535</X>
        <Y>1104.33032</Y>
        <Z>19.33979</Z>
      </Vector3>
      <Vector3>
        <X>-3103.95264</X>
        <Y>1104.13</Y>
        <Z>19.3321972</Z>
      </Vector3>
      <Vector3>
        <X>-3105.484</X>
        <Y>1109.42126</Y>
        <Z>19.3377666</Z>
      </Vector3>
      <Vector3>
        <X>-3105.98</X>
        <Y>1104.33044</Y>
        <Z>20.79568</Z>
      </Vector3>
      <Vector3>
        <X>-3103.451</X>
        <Y>1109.221</Y>
        <Z>19.3301754</Z>
      </Vector3>
      <Vector3>
        <X>-3103.947</X>
        <Y>1104.13013</Y>
        <Z>20.7880859</Z>
      </Vector3>
      <Vector3>
        <X>-3105.47827</X>
        <Y>1109.42139</Y>
        <Z>20.7936554</Z>
      </Vector3>
      <Vector3>
        <X>-3103.44556</X>
        <Y>1109.22107</Y>
        <Z>20.7860622</Z>
      </Vector3>
    </Bounds>
    <CenterCamPosition>
      <X>0</X>
      <Y>0</Y>
    </CenterCamPosition>
    <ScreenBounds />
    <DistanceToCam>0</DistanceToCam>
    <Speed>17.76626</Speed>
    <AccInput>0.2052288</AccInput>
    <RPM>0.7086524</RPM>
    <Gear>2</Gear>
    <SteeringAngle>2.00523</SteeringAngle>
    <WheelSpeed>0</WheelSpeed>
    <CarType>Sports</CarType>
  </MyCar>
  <Peds />
  <Time>110669</Time>
  <LastFrameTime>0.022598166</LastFrameTime>
  <MyProperty>0</MyProperty>
  <Weather>ExtraSunny</Weather>
  <Steering>120</Steering>
  <Acc>153</Acc>
  <Brake>127</Brake>
  <DayTime>06:57:33</DayTime>
  <Position>
    <X>-3104.633</X>
    <Y>1107.57043</Y>
    <Z>20.9628887</Z>
  </Position>
  <Rotation>
    <X>-0.5225901</X>
    <Y>0.708429635</Y>
    <Z>-5.721381</Z>
  </Rotation>
</Screenshot>