<?xml version="1.0" encoding="utf-8"?>
<Screenshot xmlns:xsd="http://www.w3.org/2001/XMLSchema" xmlns:xsi="http://www.w3.org/2001/XMLSchema-instance">
  <Cars />
  <MyCar>
    <Position>
      <X>-3104.804</X>
      <Y>1105.90845</Y>
      <Z>20.06383</Z>
    </Position>
    <Rotation>
      <X>-0.0186525453</X>
      <Y>0.202128038</Y>
      <Z>-5.83075857</Z>
    </Rotation>
    <Handle>1538</Handle>
    <Bounds>
      <Vector3>
        <X>-3106.08228</X>
        <Y>1103.46777</Y>
        <Z>19.34032</Z>
      </Vector3>
      <Vector3>
        <X>-3104.05029</X>
        <Y>1103.26025</Y>
        <Z>19.3331146</Z>
      </Vector3>
      <Vector3>
        <X>-3105.56274</X>
        <Y>1108.55688</Y>
        <Z>19.3386555</Z>
      </Vector3>
      <Vector3>
        <X>-3106.07715</X>
        <Y>1103.46765</Y>
        <Z>20.79621</Z>
      </Vector3>
      <Vector3>
        <X>-3103.53052</X>
        <Y>1108.34937</Y>
        <Z>19.33145</Z>
      </Vector3>
      <Vector3>
        <X>-3104.045</X>
        <Y>1103.26013</Y>
        <Z>20.7890034</Z>
      </Vector3>
      <Vector3>
        <X>-3105.55737</X>
        <Y>1108.55676</Y>
        <Z>20.7945442</Z>
      </Vector3>
      <Vector3>
        <X>-3103.52539</X>
        <Y>1108.34924</Y>
        <Z>20.7873383</Z>
      </Vector3>
    </Bounds>
    <CenterCamPosition>
      <X>0</X>
      <Y>0</Y>
    </CenterCamPosition>
    <ScreenBounds />
    <DistanceToCam>0</DistanceToCam>
    <Speed>17.7323227</Speed>
    <AccInput>0.2052288</AccInput>
    <RPM>0.707439661</RPM>
    <Gear>2</Gear>
    <SteeringAngle>1.913004</SteeringAngle>
    <WheelSpeed>0</WheelSpeed>
    <CarType>Sports</CarType>
  </MyCar>
  <Peds />
  <Time>110620</Time>
  <LastFrameTime>0.0222599339</LastFrameTime>
  <MyProperty>0</MyProperty>
  <Weather>ExtraSunny</Weather>
  <Steering>120</Steering>
  <Acc>153</Acc>
  <Brake>127</Brake>
  <DayTime>06:57:31</DayTime>
  <Position>
    <X>-3104.718</X>
    <Y>1106.70947</Y>
    <Z>20.9638844</Z>
  </Position>
  <Rotation>
    <X>-0.514481</X>
    <Y>0.6975735</Y>
    <Z>-5.922386</Z>
  </Rotation>
</Screenshot>