<?xml version="1.0" encoding="utf-8"?>
<Screenshot xmlns:xsd="http://www.w3.org/2001/XMLSchema" xmlns:xsi="http://www.w3.org/2001/XMLSchema-instance">
  <Cars />
  <MyCar>
    <Position>
      <X>-3104.75586</X>
      <Y>1106.37634</Y>
      <Z>20.0633678</Z>
    </Position>
    <Rotation>
      <X>-0.0225901753</X>
      <Y>0.208429739</Y>
      <Z>-5.721381</Z>
    </Rotation>
    <Handle>1538</Handle>
    <Bounds>
      <Vector3>
        <X>-3106.02954</X>
        <Y>1103.93311</Y>
        <Z>19.340147</Z>
      </Vector3>
      <Vector3>
        <X>-3103.997</X>
        <Y>1103.72949</Y>
        <Z>19.332716</Z>
      </Vector3>
      <Vector3>
        <X>-3105.51978</X>
        <Y>1109.02319</Y>
        <Z>19.33813</Z>
      </Vector3>
      <Vector3>
        <X>-3106.02441</X>
        <Y>1103.93323</Y>
        <Z>20.7960358</Z>
      </Vector3>
      <Vector3>
        <X>-3103.487</X>
        <Y>1108.81958</Y>
        <Z>19.3307</Z>
      </Vector3>
      <Vector3>
        <X>-3103.9917</X>
        <Y>1103.72949</Y>
        <Z>20.7886047</Z>
      </Vector3>
      <Vector3>
        <X>-3105.5144</X>
        <Y>1109.02332</Y>
        <Z>20.7940178</Z>
      </Vector3>
      <Vector3>
        <X>-3103.482</X>
        <Y>1108.8197</Y>
        <Z>20.7865868</Z>
      </Vector3>
    </Bounds>
    <CenterCamPosition>
      <X>0</X>
      <Y>0</Y>
    </CenterCamPosition>
    <ScreenBounds />
    <DistanceToCam>0</DistanceToCam>
    <Speed>17.7506351</Speed>
    <AccInput>0.2052288</AccInput>
    <RPM>0.7079843</RPM>
    <Gear>2</Gear>
    <SteeringAngle>1.9674778</SteeringAngle>
    <WheelSpeed>0</WheelSpeed>
    <CarType>Sports</CarType>
  </MyCar>
  <Peds />
  <Time>110647</Time>
  <LastFrameTime>0.02650706</LastFrameTime>
  <MyProperty>0</MyProperty>
  <Weather>ExtraSunny</Weather>
  <Steering>120</Steering>
  <Acc>153</Acc>
  <Brake>127</Brake>
  <DayTime>06:57:32</DayTime>
  <Position>
    <X>-3104.679</X>
    <Y>1107.10217</Y>
    <Z>20.9634323</Z>
  </Position>
  <Rotation>
    <X>-0.5186525</X>
    <Y>0.702128053</Y>
    <Z>-5.830758</Z>
  </Rotation>
</Screenshot>