<?xml version="1.0" encoding="utf-8"?>
<Screenshot xmlns:xsd="http://www.w3.org/2001/XMLSchema" xmlns:xsi="http://www.w3.org/2001/XMLSchema-instance">
  <Cars />
  <MyCar>
    <Position>
      <X>-3104.52222</X>
      <Y>1108.79688</Y>
      <Z>20.060606</Z>
    </Position>
    <Rotation>
      <X>-0.016252378</X>
      <Y>0.229525715</Y>
      <Z>-5.16439724</Z>
    </Rotation>
    <Handle>1538</Handle>
    <Bounds>
      <Vector3>
        <X>-3105.77246</X>
        <Y>1106.34155</Y>
        <Z>19.3374786</Z>
      </Vector3>
      <Vector3>
        <X>-3103.738</X>
        <Y>1106.15759</Y>
        <Z>19.3292961</Z>
      </Vector3>
      <Vector3>
        <X>-3105.312</X>
        <Y>1111.43628</Y>
        <Z>19.33603</Z>
      </Vector3>
      <Vector3>
        <X>-3105.7666</X>
        <Y>1106.34143</Y>
        <Z>20.7933655</Z>
      </Vector3>
      <Vector3>
        <X>-3103.27759</X>
        <Y>1111.25244</Y>
        <Z>19.3278446</Z>
      </Vector3>
      <Vector3>
        <X>-3103.73218</X>
        <Y>1106.15747</Y>
        <Z>20.785183</Z>
      </Vector3>
      <Vector3>
        <X>-3105.30615</X>
        <Y>1111.43628</Y>
        <Z>20.791914</Z>
      </Vector3>
      <Vector3>
        <X>-3103.27173</X>
        <Y>1111.25232</Y>
        <Z>20.7837315</Z>
      </Vector3>
    </Bounds>
    <CenterCamPosition>
      <X>0</X>
      <Y>0</Y>
    </CenterCamPosition>
    <ScreenBounds />
    <DistanceToCam>0</DistanceToCam>
    <Speed>17.8451462</Speed>
    <AccInput>0.2052288</AccInput>
    <RPM>0.7121187</RPM>
    <Gear>2</Gear>
    <SteeringAngle>1.21104884</SteeringAngle>
    <WheelSpeed>0</WheelSpeed>
    <CarType>Sports</CarType>
  </MyCar>
  <Peds />
  <Time>110783</Time>
  <LastFrameTime>0.018042909</LastFrameTime>
  <MyProperty>0</MyProperty>
  <Weather>ExtraSunny</Weather>
  <Steering>127</Steering>
  <Acc>153</Acc>
  <Brake>127</Brake>
  <DayTime>06:57:36</DayTime>
  <Position>
    <X>-3104.439</X>
    <Y>1109.67126</Y>
    <Z>20.9606152</Z>
  </Position>
  <Rotation>
    <X>-0.516837537</X>
    <Y>0.7316454</Y>
    <Z>-5.231734</Z>
  </Rotation>
</Screenshot>