<?xml version="1.0" encoding="utf-8"?>
<Screenshot xmlns:xsd="http://www.w3.org/2001/XMLSchema" xmlns:xsi="http://www.w3.org/2001/XMLSchema-instance">
  <Cars />
  <MyCar>
    <Position>
      <X>-3104.552</X>
      <Y>1108.47632</Y>
      <Z>20.060976</Z>
    </Position>
    <Rotation>
      <X>-0.0168375243</X>
      <Y>0.2316454</Y>
      <Z>-5.23173428</Z>
    </Rotation>
    <Handle>1538</Handle>
    <Bounds>
      <Vector3>
        <X>-3105.80518</X>
        <Y>1106.02246</Y>
        <Z>19.3379135</Z>
      </Vector3>
      <Vector3>
        <X>-3103.771</X>
        <Y>1105.83618</Y>
        <Z>19.3296547</Z>
      </Vector3>
      <Vector3>
        <X>-3105.33862</X>
        <Y>1111.1167</Y>
        <Z>19.33641</Z>
      </Vector3>
      <Vector3>
        <X>-3105.79932</X>
        <Y>1106.02234</Y>
        <Z>20.7938</Z>
      </Vector3>
      <Vector3>
        <X>-3103.30444</X>
        <Y>1110.93042</Y>
        <Z>19.3281517</Z>
      </Vector3>
      <Vector3>
        <X>-3103.76514</X>
        <Y>1105.836</Y>
        <Z>20.7855415</Z>
      </Vector3>
      <Vector3>
        <X>-3105.33276</X>
        <Y>1111.11658</Y>
        <Z>20.7922955</Z>
      </Vector3>
      <Vector3>
        <X>-3103.29858</X>
        <Y>1110.9303</Y>
        <Z>20.7840385</Z>
      </Vector3>
    </Bounds>
    <CenterCamPosition>
      <X>0</X>
      <Y>0</Y>
    </CenterCamPosition>
    <ScreenBounds />
    <DistanceToCam>0</DistanceToCam>
    <Speed>17.8326283</Speed>
    <AccInput>0.2052288</AccInput>
    <RPM>0.7115457</RPM>
    <Gear>2</Gear>
    <SteeringAngle>1.386915</SteeringAngle>
    <WheelSpeed>0</WheelSpeed>
    <CarType>Sports</CarType>
  </MyCar>
  <Peds />
  <Time>110765</Time>
  <LastFrameTime>0.01844289</LastFrameTime>
  <MyProperty>0</MyProperty>
  <Weather>ExtraSunny</Weather>
  <Steering>127</Steering>
  <Acc>153</Acc>
  <Brake>127</Brake>
  <DayTime>06:57:36</DayTime>
  <Position>
    <X>-3104.46826</X>
    <Y>1109.34375</Y>
    <Z>20.9610062</Z>
  </Position>
  <Rotation>
    <X>-0.51701045</X>
    <Y>0.730888367</Y>
    <Z>-5.304177</Z>
  </Rotation>
</Screenshot>