<?xml version="1.0" encoding="utf-8"?>
<Screenshot xmlns:xsd="http://www.w3.org/2001/XMLSchema" xmlns:xsi="http://www.w3.org/2001/XMLSchema-instance">
  <Cars />
  <MyCar>
    <Position>
      <X>-3104.63184</X>
      <Y>1107.63062</Y>
      <Z>20.0619469</Z>
    </Position>
    <Rotation>
      <X>-0.0206438471</X>
      <Y>0.223559469</Y>
      <Z>-5.423982</Z>
    </Rotation>
    <Handle>1538</Handle>
    <Bounds>
      <Vector3>
        <X>-3105.893</X>
        <Y>1105.18091</Y>
        <Z>19.33891</Z>
      </Vector3>
      <Vector3>
        <X>-3103.85962</X>
        <Y>1104.98779</Y>
        <Z>19.3309383</Z>
      </Vector3>
      <Vector3>
        <X>-3105.40967</X>
        <Y>1110.27356</Y>
        <Z>19.3370667</Z>
      </Vector3>
      <Vector3>
        <X>-3105.88745</X>
        <Y>1105.18091</Y>
        <Z>20.794796</Z>
      </Vector3>
      <Vector3>
        <X>-3103.376</X>
        <Y>1110.08044</Y>
        <Z>19.3290958</Z>
      </Vector3>
      <Vector3>
        <X>-3103.85376</X>
        <Y>1104.98779</Y>
        <Z>20.7868271</Z>
      </Vector3>
      <Vector3>
        <X>-3105.40381</X>
        <Y>1110.27356</Y>
        <Z>20.7929535</Z>
      </Vector3>
      <Vector3>
        <X>-3103.37036</X>
        <Y>1110.08044</Y>
        <Z>20.7849827</Z>
      </Vector3>
    </Bounds>
    <CenterCamPosition>
      <X>0</X>
      <Y>0</Y>
    </CenterCamPosition>
    <ScreenBounds />
    <DistanceToCam>0</DistanceToCam>
    <Speed>17.7995949</Speed>
    <AccInput>0.2052288</AccInput>
    <RPM>0.710131466</RPM>
    <Gear>2</Gear>
    <SteeringAngle>2.005826</SteeringAngle>
    <WheelSpeed>0</WheelSpeed>
    <CarType>Sports</CarType>
  </MyCar>
  <Peds />
  <Time>110718</Time>
  <LastFrameTime>0.0208325386</LastFrameTime>
  <MyProperty>0</MyProperty>
  <Weather>ExtraSunny</Weather>
  <Steering>122</Steering>
  <Acc>153</Acc>
  <Brake>127</Brake>
  <DayTime>06:57:34</DayTime>
  <Position>
    <X>-3104.54883</X>
    <Y>1108.456</Y>
    <Z>20.961895</Z>
  </Position>
  <Rotation>
    <X>-0.522073</X>
    <Y>0.716250062</Y>
    <Z>-5.51212454</Z>
  </Rotation>
</Screenshot>