<?xml version="1.0" encoding="utf-8"?>
<Screenshot xmlns:xsd="http://www.w3.org/2001/XMLSchema" xmlns:xsi="http://www.w3.org/2001/XMLSchema-instance">
  <Cars />
  <MyCar>
    <Position>
      <X>-3104.58276</X>
      <Y>1108.14893</Y>
      <Z>20.0613689</Z>
    </Position>
    <Rotation>
      <X>-0.0170104373</X>
      <Y>0.230888471</Y>
      <Z>-5.30417776</Z>
    </Rotation>
    <Handle>1538</Handle>
    <Bounds>
      <Vector3>
        <X>-3105.839</X>
        <Y>1105.69666</Y>
        <Z>19.3383</Z>
      </Vector3>
      <Vector3>
        <X>-3103.805</X>
        <Y>1105.50781</Y>
        <Z>19.3300686</Z>
      </Vector3>
      <Vector3>
        <X>-3105.36621</X>
        <Y>1110.79028</Y>
        <Z>19.3367825</Z>
      </Vector3>
      <Vector3>
        <X>-3105.833</X>
        <Y>1105.69653</Y>
        <Z>20.7941875</Z>
      </Vector3>
      <Vector3>
        <X>-3103.332</X>
        <Y>1110.60144</Y>
        <Z>19.32855</Z>
      </Vector3>
      <Vector3>
        <X>-3103.799</X>
        <Y>1105.50769</Y>
        <Z>20.7859554</Z>
      </Vector3>
      <Vector3>
        <X>-3105.36</X>
        <Y>1110.79016</Y>
        <Z>20.7926674</Z>
      </Vector3>
      <Vector3>
        <X>-3103.32617</X>
        <Y>1110.60132</Y>
        <Z>20.7844372</Z>
      </Vector3>
    </Bounds>
    <CenterCamPosition>
      <X>0</X>
      <Y>0</Y>
    </CenterCamPosition>
    <ScreenBounds />
    <DistanceToCam>0</DistanceToCam>
    <Speed>17.81985</Speed>
    <AccInput>0.2052288</AccInput>
    <RPM>0.710777</RPM>
    <Gear>2</Gear>
    <SteeringAngle>1.59352148</SteeringAngle>
    <WheelSpeed>0</WheelSpeed>
    <CarType>Sports</CarType>
  </MyCar>
  <Peds />
  <Time>110747</Time>
  <LastFrameTime>0.0292253178</LastFrameTime>
  <MyProperty>0</MyProperty>
  <Weather>ExtraSunny</Weather>
  <Steering>127</Steering>
  <Acc>153</Acc>
  <Brake>127</Brake>
  <DayTime>06:57:35</DayTime>
  <Position>
    <X>-3104.515</X>
    <Y>1108.8252</Y>
    <Z>20.9615078</Z>
  </Position>
  <Rotation>
    <X>-0.52064383</X>
    <Y>0.7235595</Y>
    <Z>-5.42398167</Z>
  </Rotation>
</Screenshot>