<?xml version="1.0" encoding="utf-8"?>
<Screenshot xmlns:xsd="http://www.w3.org/2001/XMLSchema" xmlns:xsi="http://www.w3.org/2001/XMLSchema-instance">
  <Cars />
  <MyCar>
    <Position>
      <X>-3104.44019</X>
      <Y>1109.69629</Y>
      <Z>20.05954</Z>
    </Position>
    <Rotation>
      <X>-0.01487646</X>
      <Y>0.220019981</Y>
      <Z>-5.001736</Z>
    </Rotation>
    <Handle>1538</Handle>
    <Bounds>
      <Vector3>
        <X>-3105.68335</X>
        <Y>1107.23743</Y>
        <Z>19.3361816</Z>
      </Vector3>
      <Vector3>
        <X>-3103.64844</X>
        <Y>1107.05933</Y>
        <Z>19.3283367</Z>
      </Vector3>
      <Vector3>
        <X>-3105.2373</X>
        <Y>1112.3335</Y>
        <Z>19.3348541</Z>
      </Vector3>
      <Vector3>
        <X>-3105.67773</X>
        <Y>1107.2373</Y>
        <Z>20.7920685</Z>
      </Vector3>
      <Vector3>
        <X>-3103.20239</X>
        <Y>1112.1554</Y>
        <Z>19.32701</Z>
      </Vector3>
      <Vector3>
        <X>-3103.64282</X>
        <Y>1107.0592</Y>
        <Z>20.7842255</Z>
      </Vector3>
      <Vector3>
        <X>-3105.23169</X>
        <Y>1112.33337</Y>
        <Z>20.790741</Z>
      </Vector3>
      <Vector3>
        <X>-3103.19678</X>
        <Y>1112.15527</Y>
        <Z>20.782896</Z>
      </Vector3>
    </Bounds>
    <CenterCamPosition>
      <X>0</X>
      <Y>0</Y>
    </CenterCamPosition>
    <ScreenBounds />
    <DistanceToCam>0</DistanceToCam>
    <Speed>17.8801975</Speed>
    <AccInput>0.2052288</AccInput>
    <RPM>0.713312447</RPM>
    <Gear>2</Gear>
    <SteeringAngle>0.817255139</SteeringAngle>
    <WheelSpeed>0</WheelSpeed>
    <CarType>Sports</CarType>
  </MyCar>
  <Peds />
  <Time>110834</Time>
  <LastFrameTime>0.0195531566</LastFrameTime>
  <MyProperty>0</MyProperty>
  <Weather>ExtraSunny</Weather>
  <Steering>127</Steering>
  <Acc>153</Acc>
  <Brake>127</Brake>
  <DayTime>06:57:38</DayTime>
  <Position>
    <X>-3104.3623</X>
    <Y>1110.54333</Y>
    <Z>20.9596233</Z>
  </Position>
  <Rotation>
    <X>-0.5148782</X>
    <Y>0.723228931</Y>
    <Z>-5.060744</Z>
  </Rotation>
</Screenshot>