<?xml version="1.0" encoding="utf-8"?>
<Screenshot xmlns:xsd="http://www.w3.org/2001/XMLSchema" xmlns:xsi="http://www.w3.org/2001/XMLSchema-instance">
  <Cars />
  <MyCar>
    <Position>
      <X>-3104.36</X>
      <Y>1110.59717</Y>
      <Z>20.0584869</Z>
    </Position>
    <Rotation>
      <X>-0.01485869</X>
      <Y>0.205206335</Y>
      <Z>-4.877695</Z>
    </Rotation>
    <Handle>1538</Handle>
    <Bounds>
      <Vector3>
        <X>-3105.59766</X>
        <Y>1108.13562</Y>
        <Z>19.3348637</Z>
      </Vector3>
      <Vector3>
        <X>-3103.5625</X>
        <Y>1107.96191</Y>
        <Z>19.3275471</Z>
      </Vector3>
      <Vector3>
        <X>-3105.16284</X>
        <Y>1113.23267</Y>
        <Z>19.3335361</Z>
      </Vector3>
      <Vector3>
        <X>-3105.59253</X>
        <Y>1108.1355</Y>
        <Z>20.7907524</Z>
      </Vector3>
      <Vector3>
        <X>-3103.12744</X>
        <Y>1113.059</Y>
        <Z>19.3262215</Z>
      </Vector3>
      <Vector3>
        <X>-3103.55713</X>
        <Y>1107.96179</Y>
        <Z>20.7834358</Z>
      </Vector3>
      <Vector3>
        <X>-3105.15747</X>
        <Y>1113.23254</Y>
        <Z>20.7894249</Z>
      </Vector3>
      <Vector3>
        <X>-3103.12231</X>
        <Y>1113.05884</Y>
        <Z>20.78211</Z>
      </Vector3>
    </Bounds>
    <CenterCamPosition>
      <X>0</X>
      <Y>0</Y>
    </CenterCamPosition>
    <ScreenBounds />
    <DistanceToCam>0</DistanceToCam>
    <Speed>17.9151955</Speed>
    <AccInput>0.2052288</AccInput>
    <RPM>0.714712143</RPM>
    <Gear>2</Gear>
    <SteeringAngle>0.552458</SteeringAngle>
    <WheelSpeed>0</WheelSpeed>
    <CarType>Sports</CarType>
  </MyCar>
  <Peds />
  <Time>110884</Time>
  <LastFrameTime>0.021118328</LastFrameTime>
  <MyProperty>0</MyProperty>
  <Weather>ExtraSunny</Weather>
  <Steering>127</Steering>
  <Acc>153</Acc>
  <Brake>127</Brake>
  <DayTime>06:57:39</DayTime>
  <Position>
    <X>-3104.28687</X>
    <Y>1111.41589</Y>
    <Z>20.9585743</Z>
  </Position>
  <Rotation>
    <X>-0.5154512</X>
    <Y>0.7137316</Y>
    <Z>-4.925285</Z>
  </Rotation>
</Screenshot>