<?xml version="1.0" encoding="utf-8"?>
<Screenshot xmlns:xsd="http://www.w3.org/2001/XMLSchema" xmlns:xsi="http://www.w3.org/2001/XMLSchema-instance">
  <Cars />
  <MyCar>
    <Position>
      <X>-3104.47168</X>
      <Y>1109.34814</Y>
      <Z>20.0599422</Z>
    </Position>
    <Rotation>
      <X>-0.0148782339</X>
      <Y>0.223228961</Y>
      <Z>-5.060745</Z>
    </Rotation>
    <Handle>1538</Handle>
    <Bounds>
      <Vector3>
        <X>-3105.71729</X>
        <Y>1106.8905</Y>
        <Z>19.3366413</Z>
      </Vector3>
      <Vector3>
        <X>-3103.68262</X>
        <Y>1106.71033</Y>
        <Z>19.3286839</Z>
      </Vector3>
      <Vector3>
        <X>-3105.266</X>
        <Y>1111.98621</Y>
        <Z>19.3353138</Z>
      </Vector3>
      <Vector3>
        <X>-3105.71167</X>
        <Y>1106.89038</Y>
        <Z>20.7925282</Z>
      </Vector3>
      <Vector3>
        <X>-3103.23145</X>
        <Y>1111.806</Y>
        <Z>19.3273544</Z>
      </Vector3>
      <Vector3>
        <X>-3103.677</X>
        <Y>1106.71021</Y>
        <Z>20.78457</Z>
      </Vector3>
      <Vector3>
        <X>-3105.2605</X>
        <Y>1111.98608</Y>
        <Z>20.7912</Z>
      </Vector3>
      <Vector3>
        <X>-3103.22583</X>
        <Y>1111.80591</Y>
        <Z>20.7832413</Z>
      </Vector3>
    </Bounds>
    <CenterCamPosition>
      <X>0</X>
      <Y>0</Y>
    </CenterCamPosition>
    <ScreenBounds />
    <DistanceToCam>0</DistanceToCam>
    <Speed>17.8666325</Speed>
    <AccInput>0.2052288</AccInput>
    <RPM>0.712658942</RPM>
    <Gear>2</Gear>
    <SteeringAngle>0.9473302</SteeringAngle>
    <WheelSpeed>0</WheelSpeed>
    <CarType>Sports</CarType>
  </MyCar>
  <Peds />
  <Time>110814</Time>
  <LastFrameTime>0.0309943575</LastFrameTime>
  <MyProperty>0</MyProperty>
  <Weather>ExtraSunny</Weather>
  <Steering>127</Steering>
  <Acc>153</Acc>
  <Brake>127</Brake>
  <DayTime>06:57:37</DayTime>
  <Position>
    <X>-3104.41064</X>
    <Y>1109.992</Y>
    <Z>20.9602585</Z>
  </Position>
  <Rotation>
    <X>-0.5162524</X>
    <Y>0.7295257</Y>
    <Z>-5.16439724</Z>
  </Rotation>
</Screenshot>