<?xml version="1.0" encoding="utf-8"?>
<Screenshot xmlns:xsd="http://www.w3.org/2001/XMLSchema" xmlns:xsi="http://www.w3.org/2001/XMLSchema-instance">
  <Cars />
  <MyCar>
    <Position>
      <X>-3104.39331</X>
      <Y>1110.22034</Y>
      <Z>20.0589046</Z>
    </Position>
    <Rotation>
      <X>-0.0154511575</X>
      <Y>0.213731587</Y>
      <Z>-4.92528439</Z>
    </Rotation>
    <Handle>1538</Handle>
    <Bounds>
      <Vector3>
        <X>-3105.633</X>
        <Y>1107.75977</Y>
        <Z>19.33546</Z>
      </Vector3>
      <Vector3>
        <X>-3103.598</X>
        <Y>1107.58435</Y>
        <Z>19.32784</Z>
      </Vector3>
      <Vector3>
        <X>-3105.19385</X>
        <Y>1112.85645</Y>
        <Z>19.33408</Z>
      </Vector3>
      <Vector3>
        <X>-3105.62769</X>
        <Y>1107.75964</Y>
        <Z>20.7913475</Z>
      </Vector3>
      <Vector3>
        <X>-3103.15869</X>
        <Y>1112.681</Y>
        <Z>19.32646</Z>
      </Vector3>
      <Vector3>
        <X>-3103.59253</X>
        <Y>1107.58435</Y>
        <Z>20.7837276</Z>
      </Vector3>
      <Vector3>
        <X>-3105.18848</X>
        <Y>1112.85645</Y>
        <Z>20.7899685</Z>
      </Vector3>
      <Vector3>
        <X>-3103.15332</X>
        <Y>1112.681</Y>
        <Z>20.7823486</Z>
      </Vector3>
    </Bounds>
    <CenterCamPosition>
      <X>0</X>
      <Y>0</Y>
    </CenterCamPosition>
    <ScreenBounds />
    <DistanceToCam>0</DistanceToCam>
    <Speed>17.9005928</Speed>
    <AccInput>0.2052288</AccInput>
    <RPM>0.7140063</RPM>
    <Gear>2</Gear>
    <SteeringAngle>0.6485607</SteeringAngle>
    <WheelSpeed>0</WheelSpeed>
    <CarType>Sports</CarType>
  </MyCar>
  <Peds />
  <Time>110863</Time>
  <LastFrameTime>0.0294040535</LastFrameTime>
  <MyProperty>0</MyProperty>
  <Weather>ExtraSunny</Weather>
  <Steering>127</Steering>
  <Acc>153</Acc>
  <Brake>127</Brake>
  <DayTime>06:57:39</DayTime>
  <Position>
    <X>-3104.332</X>
    <Y>1110.8916</Y>
    <Z>20.95922</Z>
  </Position>
  <Rotation>
    <X>-0.5148765</X>
    <Y>0.72002</Y>
    <Z>-5.00173569</Z>
  </Rotation>
</Screenshot>