<?xml version="1.0" encoding="utf-8"?>
<Screenshot xmlns:xsd="http://www.w3.org/2001/XMLSchema" xmlns:xsi="http://www.w3.org/2001/XMLSchema-instance">
  <Cars />
  <MyCar>
    <Position>
      <X>-3104.27734</X>
      <Y>1111.54077</Y>
      <Z>20.0575523</Z>
    </Position>
    <Rotation>
      <X>-0.021154847</X>
      <Y>0.198226839</Y>
      <Z>-4.784812</Z>
    </Rotation>
    <Handle>1538</Handle>
    <Bounds>
      <Vector3>
        <X>-3105.511</X>
        <Y>1109.077</Y>
        <Z>19.3340855</Z>
      </Vector3>
      <Vector3>
        <X>-3103.47534</X>
        <Y>1108.90674</Y>
        <Z>19.3270187</Z>
      </Vector3>
      <Vector3>
        <X>-3105.08423</X>
        <Y>1114.1748</Y>
        <Z>19.3321972</Z>
      </Vector3>
      <Vector3>
        <X>-3105.50586</X>
        <Y>1109.07715</Y>
        <Z>20.7899742</Z>
      </Vector3>
      <Vector3>
        <X>-3103.04858</X>
        <Y>1114.00452</Y>
        <Z>19.3251286</Z>
      </Vector3>
      <Vector3>
        <X>-3103.47021</X>
        <Y>1108.90674</Y>
        <Z>20.7829075</Z>
      </Vector3>
      <Vector3>
        <X>-3105.079</X>
        <Y>1114.17493</Y>
        <Z>20.7880859</Z>
      </Vector3>
      <Vector3>
        <X>-3103.04346</X>
        <Y>1114.00452</Y>
        <Z>20.78102</Z>
      </Vector3>
    </Bounds>
    <CenterCamPosition>
      <X>0</X>
      <Y>0</Y>
    </CenterCamPosition>
    <ScreenBounds />
    <DistanceToCam>0</DistanceToCam>
    <Speed>17.9540138</Speed>
    <AccInput>0.200000048</AccInput>
    <RPM>0.7160844</RPM>
    <Gear>2</Gear>
    <SteeringAngle>0.3666158</SteeringAngle>
    <WheelSpeed>0</WheelSpeed>
    <CarType>Sports</CarType>
  </MyCar>
  <Peds />
  <Time>110937</Time>
  <LastFrameTime>0.02372798</LastFrameTime>
  <MyProperty>0</MyProperty>
  <Weather>ExtraSunny</Weather>
  <Steering>127</Steering>
  <Acc>152</Acc>
  <Brake>127</Brake>
  <DayTime>06:57:41</DayTime>
  <Position>
    <X>-3104.21045</X>
    <Y>1112.31238</Y>
    <Z>20.9575729</Z>
  </Position>
  <Rotation>
    <X>-0.5229605</X>
    <Y>0.705650151</Y>
    <Z>-4.82167864</Z>
  </Rotation>
</Screenshot>