<?xml version="1.0" encoding="utf-8"?>
<Screenshot xmlns:xsd="http://www.w3.org/2001/XMLSchema" xmlns:xsi="http://www.w3.org/2001/XMLSchema-instance">
  <Cars />
  <MyCar>
    <Position>
      <X>-3104.19849</X>
      <Y>1112.458</Y>
      <Z>20.05648</Z>
    </Position>
    <Rotation>
      <X>-0.0181056876</X>
      <Y>0.186298639</Y>
      <Z>-4.72929</Z>
    </Rotation>
    <Handle>1538</Handle>
    <Bounds>
      <Vector3>
        <X>-3105.42944</X>
        <Y>1109.99316</Y>
        <Z>19.3326645</Z>
      </Vector3>
      <Vector3>
        <X>-3103.3938</X>
        <Y>1109.82471</Y>
        <Z>19.3260212</Z>
      </Vector3>
      <Vector3>
        <X>-3105.00781</X>
        <Y>1115.09131</Y>
        <Z>19.3310471</Z>
      </Vector3>
      <Vector3>
        <X>-3105.4248</X>
        <Y>1109.99316</Y>
        <Z>20.7885551</Z>
      </Vector3>
      <Vector3>
        <X>-3102.972</X>
        <Y>1114.92285</Y>
        <Z>19.3244057</Z>
      </Vector3>
      <Vector3>
        <X>-3103.389</X>
        <Y>1109.82483</Y>
        <Z>20.7819118</Z>
      </Vector3>
      <Vector3>
        <X>-3105.003</X>
        <Y>1115.09143</Y>
        <Z>20.7869377</Z>
      </Vector3>
      <Vector3>
        <X>-3102.96729</X>
        <Y>1114.923</Y>
        <Z>20.7802963</Z>
      </Vector3>
    </Bounds>
    <CenterCamPosition>
      <X>0</X>
      <Y>0</Y>
    </CenterCamPosition>
    <ScreenBounds />
    <DistanceToCam>0</DistanceToCam>
    <Speed>17.9935112</Speed>
    <AccInput>0.200000048</AccInput>
    <RPM>0.7178826</RPM>
    <Gear>2</Gear>
    <SteeringAngle>0.246878922</SteeringAngle>
    <WheelSpeed>0</WheelSpeed>
    <CarType>Sports</CarType>
  </MyCar>
  <Peds />
  <Time>110988</Time>
  <LastFrameTime>0.0247054361</LastFrameTime>
  <MyProperty>0</MyProperty>
  <Weather>ExtraSunny</Weather>
  <Steering>127</Steering>
  <Acc>152</Acc>
  <Brake>127</Brake>
  <DayTime>06:57:43</DayTime>
  <Position>
    <X>-3104.13379</X>
    <Y>1113.21118</Y>
    <Z>20.9566135</Z>
  </Position>
  <Rotation>
    <X>-0.518518</X>
    <Y>0.692047834</Y>
    <Z>-4.7526145</Z>
  </Rotation>
</Screenshot>