<?xml version="1.0" encoding="utf-8"?>
<Screenshot xmlns:xsd="http://www.w3.org/2001/XMLSchema" xmlns:xsi="http://www.w3.org/2001/XMLSchema-instance">
  <Cars />
  <MyCar>
    <Position>
      <X>-3104.23633</X>
      <Y>1112.01526</Y>
      <Z>20.0570068</Z>
    </Position>
    <Rotation>
      <X>-0.01851803</X>
      <Y>0.192047775</Y>
      <Z>-4.7526145</Z>
    </Rotation>
    <Handle>1538</Handle>
    <Bounds>
      <Vector3>
        <X>-3105.46851</X>
        <Y>1109.5509</Y>
        <Z>19.3333111</Z>
      </Vector3>
      <Vector3>
        <X>-3103.43262</X>
        <Y>1109.38159</Y>
        <Z>19.3264637</Z>
      </Vector3>
      <Vector3>
        <X>-3105.04468</X>
        <Y>1114.64893</Y>
        <Z>19.3316574</Z>
      </Vector3>
      <Vector3>
        <X>-3105.46362</X>
        <Y>1109.5509</Y>
        <Z>20.7892017</Z>
      </Vector3>
      <Vector3>
        <X>-3103.00879</X>
        <Y>1114.47961</Y>
        <Z>19.3248119</Z>
      </Vector3>
      <Vector3>
        <X>-3103.42773</X>
        <Y>1109.38171</Y>
        <Z>20.7823544</Z>
      </Vector3>
      <Vector3>
        <X>-3105.03979</X>
        <Y>1114.64893</Y>
        <Z>20.7875481</Z>
      </Vector3>
      <Vector3>
        <X>-3103.004</X>
        <Y>1114.47974</Y>
        <Z>20.7807</Z>
      </Vector3>
    </Bounds>
    <CenterCamPosition>
      <X>0</X>
      <Y>0</Y>
    </CenterCamPosition>
    <ScreenBounds />
    <DistanceToCam>0</DistanceToCam>
    <Speed>17.9746437</Speed>
    <AccInput>0.200000048</AccInput>
    <RPM>0.7171094</RPM>
    <Gear>2</Gear>
    <SteeringAngle>0.298538953</SteeringAngle>
    <WheelSpeed>0</WheelSpeed>
    <CarType>Sports</CarType>
  </MyCar>
  <Peds />
  <Time>110964</Time>
  <LastFrameTime>0.02649806</LastFrameTime>
  <MyProperty>0</MyProperty>
  <Weather>ExtraSunny</Weather>
  <Steering>127</Steering>
  <Acc>152</Acc>
  <Brake>127</Brake>
  <DayTime>06:57:42</DayTime>
  <Position>
    <X>-3104.174</X>
    <Y>1112.73669</Y>
    <Z>20.9571037</Z>
  </Position>
  <Rotation>
    <X>-0.521154761</X>
    <Y>0.6982268</Y>
    <Z>-4.7848115</Z>
  </Rotation>
</Screenshot>