<?xml version="1.0" encoding="utf-8"?>
<Screenshot xmlns:xsd="http://www.w3.org/2001/XMLSchema" xmlns:xsi="http://www.w3.org/2001/XMLSchema-instance">
  <Cars />
  <MyCar>
    <Position>
      <X>-3104.31445</X>
      <Y>1111.11658</Y>
      <Z>20.05806</Z>
    </Position>
    <Rotation>
      <X>-0.0229605269</X>
      <Y>0.205650151</Y>
      <Z>-4.82167959</Z>
    </Rotation>
    <Handle>1538</Handle>
    <Bounds>
      <Vector3>
        <X>-3105.5498</X>
        <Y>1108.65369</Y>
        <Z>19.3348064</Z>
      </Vector3>
      <Vector3>
        <X>-3103.51416</X>
        <Y>1108.48193</Y>
        <Z>19.3274746</Z>
      </Vector3>
      <Vector3>
        <X>-3105.11963</X>
        <Y>1113.7511</Y>
        <Z>19.332756</Z>
      </Vector3>
      <Vector3>
        <X>-3105.54443</X>
        <Y>1108.65381</Y>
        <Z>20.7906952</Z>
      </Vector3>
      <Vector3>
        <X>-3103.08423</X>
        <Y>1113.57947</Y>
        <Z>19.3254242</Z>
      </Vector3>
      <Vector3>
        <X>-3103.509</X>
        <Y>1108.482</Y>
        <Z>20.7833633</Z>
      </Vector3>
      <Vector3>
        <X>-3105.1145</X>
        <Y>1113.75134</Y>
        <Z>20.7886448</Z>
      </Vector3>
      <Vector3>
        <X>-3103.07886</X>
        <Y>1113.57959</Y>
        <Z>20.7813129</Z>
      </Vector3>
    </Bounds>
    <CenterCamPosition>
      <X>0</X>
      <Y>0</Y>
    </CenterCamPosition>
    <ScreenBounds />
    <DistanceToCam>0</DistanceToCam>
    <Speed>17.9351978</Speed>
    <AccInput>0.200000048</AccInput>
    <RPM>0.7153995</RPM>
    <Gear>2</Gear>
    <SteeringAngle>0.4397732</SteeringAngle>
    <WheelSpeed>0</WheelSpeed>
    <CarType>Sports</CarType>
  </MyCar>
  <Peds />
  <Time>110914</Time>
  <LastFrameTime>0.0290797856</LastFrameTime>
  <MyProperty>0</MyProperty>
  <Weather>ExtraSunny</Weather>
  <Steering>127</Steering>
  <Acc>152</Acc>
  <Brake>127</Brake>
  <DayTime>06:57:40</DayTime>
  <Position>
    <X>-3104.255</X>
    <Y>1111.79272</Y>
    <Z>20.95817</Z>
  </Position>
  <Rotation>
    <X>-0.514858663</X>
    <Y>0.705206335</Y>
    <Z>-4.87769461</Z>
  </Rotation>
</Screenshot>