<?xml version="1.0" encoding="utf-8"?>
<Screenshot xmlns:xsd="http://www.w3.org/2001/XMLSchema" xmlns:xsi="http://www.w3.org/2001/XMLSchema-instance">
  <Cars />
  <MyCar>
    <Position>
      <X>-3104.15845</X>
      <Y>1112.93127</Y>
      <Z>20.0559235</Z>
    </Position>
    <Rotation>
      <X>-0.0184875838</X>
      <Y>0.1806671</Y>
      <Z>-4.710381</Z>
    </Rotation>
    <Handle>1538</Handle>
    <Bounds>
      <Vector3>
        <X>-3105.38867</X>
        <Y>1110.466</Y>
        <Z>19.3320236</Z>
      </Vector3>
      <Vector3>
        <X>-3103.35278</X>
        <Y>1110.29822</Y>
        <Z>19.3255825</Z>
      </Vector3>
      <Vector3>
        <X>-3104.96851</X>
        <Y>1115.56433</Y>
        <Z>19.3303738</Z>
      </Vector3>
      <Vector3>
        <X>-3105.384</X>
        <Y>1110.46606</Y>
        <Z>20.7879143</Z>
      </Vector3>
      <Vector3>
        <X>-3102.93262</X>
        <Y>1115.39661</Y>
        <Z>19.32393</Z>
      </Vector3>
      <Vector3>
        <X>-3103.34814</X>
        <Y>1110.29834</Y>
        <Z>20.7814732</Z>
      </Vector3>
      <Vector3>
        <X>-3104.96387</X>
        <Y>1115.56445</Y>
        <Z>20.7862644</Z>
      </Vector3>
      <Vector3>
        <X>-3102.928</X>
        <Y>1115.39661</Y>
        <Z>20.7798233</Z>
      </Vector3>
    </Bounds>
    <CenterCamPosition>
      <X>0</X>
      <Y>0</Y>
    </CenterCamPosition>
    <ScreenBounds />
    <DistanceToCam>0</DistanceToCam>
    <Speed>18.0133362</Speed>
    <AccInput>0.200000048</AccInput>
    <RPM>0.718582869</RPM>
    <Gear>2</Gear>
    <SteeringAngle>0.201289341</SteeringAngle>
    <WheelSpeed>0</WheelSpeed>
    <CarType>Sports</CarType>
  </MyCar>
  <Peds />
  <Time>111015</Time>
  <LastFrameTime>0.02637642</LastFrameTime>
  <MyProperty>0</MyProperty>
  <Weather>ExtraSunny</Weather>
  <Steering>127</Steering>
  <Acc>152</Acc>
  <Brake>127</Brake>
  <DayTime>06:57:43</DayTime>
  <Position>
    <X>-3104.09668</X>
    <Y>1113.65393</Y>
    <Z>20.9560966</Z>
  </Position>
  <Rotation>
    <X>-0.5181057</X>
    <Y>0.686298668</Y>
    <Z>-4.72928953</Z>
  </Rotation>
</Screenshot>