<?xml version="1.0" encoding="utf-8"?>
<Screenshot xmlns:xsd="http://www.w3.org/2001/XMLSchema" xmlns:xsi="http://www.w3.org/2001/XMLSchema-instance">
  <Cars />
  <MyCar>
    <Position>
      <X>-3104.057</X>
      <Y>1114.141</Y>
      <Z>20.0545158</Z>
    </Position>
    <Rotation>
      <X>-0.0169609264</X>
      <Y>0.163465291</Y>
      <Z>-4.681756</Z>
    </Rotation>
    <Handle>1538</Handle>
    <Bounds>
      <Vector3>
        <X>-3105.28564</X>
        <Y>1111.675</Y>
        <Z>19.33024</Z>
      </Vector3>
      <Vector3>
        <X>-3103.24976</X>
        <Y>1111.50842</Y>
        <Z>19.3244133</Z>
      </Vector3>
      <Vector3>
        <X>-3104.868</X>
        <Y>1116.77368</Y>
        <Z>19.3287258</Z>
      </Vector3>
      <Vector3>
        <X>-3105.28149</X>
        <Y>1111.67517</Y>
        <Z>20.7861328</Z>
      </Vector3>
      <Vector3>
        <X>-3102.832</X>
        <Y>1116.60693</Y>
        <Z>19.3228989</Z>
      </Vector3>
      <Vector3>
        <X>-3103.24561</X>
        <Y>1111.50842</Y>
        <Z>20.780304</Z>
      </Vector3>
      <Vector3>
        <X>-3104.86377</X>
        <Y>1116.77368</Y>
        <Z>20.7846184</Z>
      </Vector3>
      <Vector3>
        <X>-3102.828</X>
        <Y>1116.60693</Y>
        <Z>20.7787914</Z>
      </Vector3>
    </Bounds>
    <CenterCamPosition>
      <X>0</X>
      <Y>0</Y>
    </CenterCamPosition>
    <ScreenBounds />
    <DistanceToCam>0</DistanceToCam>
    <Speed>18.062521</Speed>
    <AccInput>0.200000048</AccInput>
    <RPM>0.7207164</RPM>
    <Gear>2</Gear>
    <SteeringAngle>0.120411143</SteeringAngle>
    <WheelSpeed>0</WheelSpeed>
    <CarType>Sports</CarType>
  </MyCar>
  <Peds />
  <Time>111082</Time>
  <LastFrameTime>0.0183888972</LastFrameTime>
  <MyProperty>0</MyProperty>
  <Weather>ExtraSunny</Weather>
  <Steering>127</Steering>
  <Acc>152</Acc>
  <Brake>127</Brake>
  <DayTime>06:57:45</DayTime>
  <Position>
    <X>-3103.98413</X>
    <Y>1115.0061</Y>
    <Z>20.9545212</Z>
  </Position>
  <Rotation>
    <X>-0.517458856</X>
    <Y>0.6674728</Y>
    <Z>-4.68740368</Z>
  </Rotation>
</Screenshot>