<?xml version="1.0" encoding="utf-8"?>
<Screenshot xmlns:xsd="http://www.w3.org/2001/XMLSchema" xmlns:xsi="http://www.w3.org/2001/XMLSchema-instance">
  <Cars />
  <MyCar>
    <Position>
      <X>-3104.08472</X>
      <Y>1113.81</Y>
      <Z>20.0548916</Z>
    </Position>
    <Rotation>
      <X>-0.017458817</X>
      <Y>0.167472765</Y>
      <Z>-4.687404</Z>
    </Rotation>
    <Handle>1538</Handle>
    <Bounds>
      <Vector3>
        <X>-3105.31372</X>
        <Y>1111.34424</Y>
        <Z>19.33071</Z>
      </Vector3>
      <Vector3>
        <X>-3103.27783</X>
        <Y>1111.17737</Y>
        <Z>19.32474</Z>
      </Vector3>
      <Vector3>
        <X>-3104.89575</X>
        <Y>1116.44275</Y>
        <Z>19.3291512</Z>
      </Vector3>
      <Vector3>
        <X>-3105.30933</X>
        <Y>1111.34436</Y>
        <Z>20.786602</Z>
      </Vector3>
      <Vector3>
        <X>-3102.85986</X>
        <Y>1116.27588</Y>
        <Z>19.3231812</Z>
      </Vector3>
      <Vector3>
        <X>-3103.27344</X>
        <Y>1111.17749</Y>
        <Z>20.780632</Z>
      </Vector3>
      <Vector3>
        <X>-3104.89136</X>
        <Y>1116.44287</Y>
        <Z>20.7850437</Z>
      </Vector3>
      <Vector3>
        <X>-3102.85547</X>
        <Y>1116.27588</Y>
        <Z>20.7790718</Z>
      </Vector3>
    </Bounds>
    <CenterCamPosition>
      <X>0</X>
      <Y>0</Y>
    </CenterCamPosition>
    <ScreenBounds />
    <DistanceToCam>0</DistanceToCam>
    <Speed>18.0492344</Speed>
    <AccInput>0.200000048</AccInput>
    <RPM>0.7200091</RPM>
    <Gear>2</Gear>
    <SteeringAngle>0.138176724</SteeringAngle>
    <WheelSpeed>0</WheelSpeed>
    <CarType>Sports</CarType>
  </MyCar>
  <Peds />
  <Time>111064</Time>
  <LastFrameTime>0.0282832365</LastFrameTime>
  <MyProperty>0</MyProperty>
  <Weather>ExtraSunny</Weather>
  <Steering>127</Steering>
  <Acc>152</Acc>
  <Brake>127</Brake>
  <DayTime>06:57:45</DayTime>
  <Position>
    <X>-3104.02612</X>
    <Y>1114.49756</Y>
    <Z>20.9551067</Z>
  </Position>
  <Rotation>
    <X>-0.517921448</X>
    <Y>0.6767877</Y>
    <Z>-4.69887829</Z>
  </Rotation>
</Screenshot>