<?xml version="1.0" encoding="utf-8"?>
<Screenshot xmlns:xsd="http://www.w3.org/2001/XMLSchema" xmlns:xsi="http://www.w3.org/2001/XMLSchema-instance">
  <Cars />
  <MyCar>
    <Position>
      <X>-3104.1272</X>
      <Y>1113.30151</Y>
      <Z>20.0554867</Z>
    </Position>
    <Rotation>
      <X>-0.01792139</X>
      <Y>0.176787645</Y>
      <Z>-4.698879</Z>
    </Rotation>
    <Handle>1538</Handle>
    <Bounds>
      <Vector3>
        <X>-3105.35669</X>
        <Y>1110.83594</Y>
        <Z>19.3314915</Z>
      </Vector3>
      <Vector3>
        <X>-3103.321</X>
        <Y>1110.6687</Y>
        <Z>19.32519</Z>
      </Vector3>
      <Vector3>
        <X>-3104.93774</X>
        <Y>1115.93445</Y>
        <Z>19.3298912</Z>
      </Vector3>
      <Vector3>
        <X>-3105.35229</X>
        <Y>1110.836</Y>
        <Z>20.787384</Z>
      </Vector3>
      <Vector3>
        <X>-3102.90186</X>
        <Y>1115.76709</Y>
        <Z>19.32359</Z>
      </Vector3>
      <Vector3>
        <X>-3103.31641</X>
        <Y>1110.6687</Y>
        <Z>20.78108</Z>
      </Vector3>
      <Vector3>
        <X>-3104.933</X>
        <Y>1115.93445</Y>
        <Z>20.7857838</Z>
      </Vector3>
      <Vector3>
        <X>-3102.89746</X>
        <Y>1115.76709</Y>
        <Z>20.77948</Z>
      </Vector3>
    </Bounds>
    <CenterCamPosition>
      <X>0</X>
      <Y>0</Y>
    </CenterCamPosition>
    <ScreenBounds />
    <DistanceToCam>0</DistanceToCam>
    <Speed>18.0285721</Speed>
    <AccInput>0.200000048</AccInput>
    <RPM>0.719339132</RPM>
    <Gear>2</Gear>
    <SteeringAngle>0.172257572</SteeringAngle>
    <WheelSpeed>0</WheelSpeed>
    <CarType>Sports</CarType>
  </MyCar>
  <Peds />
  <Time>111035</Time>
  <LastFrameTime>0.0206106715</LastFrameTime>
  <MyProperty>0</MyProperty>
  <Weather>ExtraSunny</Weather>
  <Steering>127</Steering>
  <Acc>152</Acc>
  <Brake>127</Brake>
  <DayTime>06:57:44</DayTime>
  <Position>
    <X>-3104.05713</X>
    <Y>1114.12732</Y>
    <Z>20.9555321</Z>
  </Position>
  <Rotation>
    <X>-0.5184876</X>
    <Y>0.680667162</Y>
    <Z>-4.71038151</Z>
  </Rotation>
</Screenshot>