<?xml version="1.0" encoding="utf-8"?>
<Screenshot xmlns:xsd="http://www.w3.org/2001/XMLSchema" xmlns:xsi="http://www.w3.org/2001/XMLSchema-instance">
  <Cars />
  <MyCar>
    <Position>
      <X>-3103.91064</X>
      <Y>1115.912</Y>
      <Z>20.0524788</Z>
    </Position>
    <Rotation>
      <X>-0.0147678237</X>
      <Y>0.130407482</Y>
      <Z>-4.668696</Z>
    </Rotation>
    <Handle>1538</Handle>
    <Bounds>
      <Vector3>
        <X>-3105.13843</X>
        <Y>1113.4458</Y>
        <Z>19.3275146</Z>
      </Vector3>
      <Vector3>
        <X>-3103.10229</X>
        <Y>1113.27954</Y>
        <Z>19.3228664</Z>
      </Vector3>
      <Vector3>
        <X>-3104.722</X>
        <Y>1118.54443</Y>
        <Z>19.3261967</Z>
      </Vector3>
      <Vector3>
        <X>-3105.135</X>
        <Y>1113.44592</Y>
        <Z>20.78341</Z>
      </Vector3>
      <Vector3>
        <X>-3102.686</X>
        <Y>1118.37817</Y>
        <Z>19.3215466</Z>
      </Vector3>
      <Vector3>
        <X>-3103.099</X>
        <Y>1113.27966</Y>
        <Z>20.77876</Z>
      </Vector3>
      <Vector3>
        <X>-3104.71875</X>
        <Y>1118.54456</Y>
        <Z>20.7820911</Z>
      </Vector3>
      <Vector3>
        <X>-3102.68262</X>
        <Y>1118.3783</Y>
        <Z>20.777441</Z>
      </Vector3>
    </Bounds>
    <CenterCamPosition>
      <X>0</X>
      <Y>0</Y>
    </CenterCamPosition>
    <ScreenBounds />
    <DistanceToCam>0</DistanceToCam>
    <Speed>18.131546</Speed>
    <AccInput>0.19477129</AccInput>
    <RPM>0.723248065</RPM>
    <Gear>2</Gear>
    <SteeringAngle>0.0565160252</SteeringAngle>
    <WheelSpeed>0</WheelSpeed>
    <CarType>Sports</CarType>
  </MyCar>
  <Peds />
  <Time>111180</Time>
  <LastFrameTime>0.0303669237</LastFrameTime>
  <MyProperty>0</MyProperty>
  <Weather>ExtraSunny</Weather>
  <Steering>127</Steering>
  <Acc>151</Acc>
  <Brake>127</Brake>
  <DayTime>06:57:48</DayTime>
  <Position>
    <X>-3103.856</X>
    <Y>1116.55945</Y>
    <Z>20.9528122</Z>
  </Position>
  <Rotation>
    <X>-0.5157072</X>
    <Y>0.6372474</Y>
    <Z>-4.67054939</Z>
  </Rotation>
</Screenshot>