<?xml version="1.0" encoding="utf-8"?>
<Screenshot xmlns:xsd="http://www.w3.org/2001/XMLSchema" xmlns:xsi="http://www.w3.org/2001/XMLSchema-instance">
  <Cars />
  <MyCar>
    <Position>
      <X>-3103.95581</X>
      <Y>1115.3634</Y>
      <Z>20.0531445</Z>
    </Position>
    <Rotation>
      <X>-0.0157071128</X>
      <Y>0.137247354</Y>
      <Z>-4.67054939</Z>
    </Rotation>
    <Handle>1538</Handle>
    <Bounds>
      <Vector3>
        <X>-3105.18359</X>
        <Y>1112.89722</Y>
        <Z>19.3283443</Z>
      </Vector3>
      <Vector3>
        <X>-3103.14771</X>
        <Y>1112.731</Y>
        <Z>19.323452</Z>
      </Vector3>
      <Vector3>
        <X>-3104.767</X>
        <Y>1117.99585</Y>
        <Z>19.3269424</Z>
      </Vector3>
      <Vector3>
        <X>-3105.18018</X>
        <Y>1112.89734</Y>
        <Z>20.7842388</Z>
      </Vector3>
      <Vector3>
        <X>-3102.7312</X>
        <Y>1117.82959</Y>
        <Z>19.32205</Z>
      </Vector3>
      <Vector3>
        <X>-3103.14429</X>
        <Y>1112.73108</Y>
        <Z>20.7793465</Z>
      </Vector3>
      <Vector3>
        <X>-3104.76367</X>
        <Y>1117.996</Y>
        <Z>20.7828369</Z>
      </Vector3>
      <Vector3>
        <X>-3102.72778</X>
        <Y>1117.82971</Y>
        <Z>20.7779427</Z>
      </Vector3>
    </Bounds>
    <CenterCamPosition>
      <X>0</X>
      <Y>0</Y>
    </CenterCamPosition>
    <ScreenBounds />
    <DistanceToCam>0</DistanceToCam>
    <Speed>18.1105366</Speed>
    <AccInput>0.200000048</AccInput>
    <RPM>0.7225558</RPM>
    <Gear>2</Gear>
    <SteeringAngle>0.0717216656</SteeringAngle>
    <WheelSpeed>0</WheelSpeed>
    <CarType>Sports</CarType>
  </MyCar>
  <Peds />
  <Time>111150</Time>
  <LastFrameTime>0.0193945915</LastFrameTime>
  <MyProperty>0</MyProperty>
  <Weather>ExtraSunny</Weather>
  <Steering>127</Steering>
  <Acc>152</Acc>
  <Brake>127</Brake>
  <DayTime>06:57:47</DayTime>
  <Position>
    <X>-3103.88452</X>
    <Y>1116.20947</Y>
    <Z>20.9531879</Z>
  </Position>
  <Rotation>
    <X>-0.5158606</X>
    <Y>0.6421093</Y>
    <Z>-4.67266941</Z>
  </Rotation>
</Screenshot>