<?xml version="1.0" encoding="utf-8"?>
<Screenshot xmlns:xsd="http://www.w3.org/2001/XMLSchema" xmlns:xsi="http://www.w3.org/2001/XMLSchema-instance">
  <Cars />
  <MyCar>
    <Position>
      <X>-3104.02856</X>
      <Y>1114.482</Y>
      <Z>20.0540886</Z>
    </Position>
    <Rotation>
      <X>-0.0164655782</X>
      <Y>0.156654134</Y>
      <Z>-4.677315</Z>
    </Rotation>
    <Handle>1538</Handle>
    <Bounds>
      <Vector3>
        <X>-3105.257</X>
        <Y>1112.01611</Y>
        <Z>19.32967</Z>
      </Vector3>
      <Vector3>
        <X>-3103.221</X>
        <Y>1111.84949</Y>
        <Z>19.3240852</Z>
      </Vector3>
      <Vector3>
        <X>-3104.83984</X>
        <Y>1117.11462</Y>
        <Z>19.3282</Z>
      </Vector3>
      <Vector3>
        <X>-3105.253</X>
        <Y>1112.01611</Y>
        <Z>20.7855625</Z>
      </Vector3>
      <Vector3>
        <X>-3102.804</X>
        <Y>1116.948</Y>
        <Z>19.3226147</Z>
      </Vector3>
      <Vector3>
        <X>-3103.217</X>
        <Y>1111.84961</Y>
        <Z>20.7799778</Z>
      </Vector3>
      <Vector3>
        <X>-3104.836</X>
        <Y>1117.11475</Y>
        <Z>20.7840919</Z>
      </Vector3>
      <Vector3>
        <X>-3102.7998</X>
        <Y>1116.94812</Y>
        <Z>20.7785072</Z>
      </Vector3>
    </Bounds>
    <CenterCamPosition>
      <X>0</X>
      <Y>0</Y>
    </CenterCamPosition>
    <ScreenBounds />
    <DistanceToCam>0</DistanceToCam>
    <Speed>18.07605</Speed>
    <AccInput>0.200000048</AccInput>
    <RPM>0.721407652</RPM>
    <Gear>2</Gear>
    <SteeringAngle>0.104475752</SteeringAngle>
    <WheelSpeed>0</WheelSpeed>
    <CarType>Sports</CarType>
  </MyCar>
  <Peds />
  <Time>111101</Time>
  <LastFrameTime>0.0189341</LastFrameTime>
  <MyProperty>0</MyProperty>
  <Weather>ExtraSunny</Weather>
  <Steering>127</Steering>
  <Acc>152</Acc>
  <Brake>127</Brake>
  <DayTime>06:57:46</DayTime>
  <Position>
    <X>-3103.9563</X>
    <Y>1115.337</Y>
    <Z>20.9541569</Z>
  </Position>
  <Rotation>
    <X>-0.516961</X>
    <Y>0.6634653</Y>
    <Z>-4.681756</Z>
  </Rotation>
</Screenshot>