<?xml version="1.0" encoding="utf-8"?>
<Screenshot xmlns:xsd="http://www.w3.org/2001/XMLSchema" xmlns:xsi="http://www.w3.org/2001/XMLSchema-instance">
  <Cars />
  <MyCar>
    <Position>
      <X>-3103.8833</X>
      <Y>1116.24231</Y>
      <Z>20.0520859</Z>
    </Position>
    <Rotation>
      <X>-0.01442588</X>
      <Y>0.128167644</Y>
      <Z>-4.66804743</Z>
    </Rotation>
    <Handle>1538</Handle>
    <Bounds>
      <Vector3>
        <X>-3105.11084</X>
        <Y>1113.77612</Y>
        <Z>19.3270664</Z>
      </Vector3>
      <Vector3>
        <X>-3103.075</X>
        <Y>1113.60986</Y>
        <Z>19.3224983</Z>
      </Vector3>
      <Vector3>
        <X>-3104.69458</X>
        <Y>1118.87476</Y>
        <Z>19.325779</Z>
      </Vector3>
      <Vector3>
        <X>-3105.10767</X>
        <Y>1113.77625</Y>
        <Z>20.78296</Z>
      </Vector3>
      <Vector3>
        <X>-3102.65869</X>
        <Y>1118.7085</Y>
        <Z>19.321209</Z>
      </Vector3>
      <Vector3>
        <X>-3103.07178</X>
        <Y>1113.61</Y>
        <Z>20.7783928</Z>
      </Vector3>
      <Vector3>
        <X>-3104.69141</X>
        <Y>1118.87488</Y>
        <Z>20.7816734</Z>
      </Vector3>
      <Vector3>
        <X>-3102.65552</X>
        <Y>1118.70862</Y>
        <Z>20.7771034</Z>
      </Vector3>
    </Bounds>
    <CenterCamPosition>
      <X>0</X>
      <Y>0</Y>
    </CenterCamPosition>
    <ScreenBounds />
    <DistanceToCam>0</DistanceToCam>
    <Speed>18.144104</Speed>
    <AccInput>0.19477129</AccInput>
    <RPM>0.7239052</RPM>
    <Gear>2</Gear>
    <SteeringAngle>0.0493109226</SteeringAngle>
    <WheelSpeed>0</WheelSpeed>
    <CarType>Sports</CarType>
  </MyCar>
  <Peds />
  <Time>111199</Time>
  <LastFrameTime>0.0182697419</LastFrameTime>
  <MyProperty>0</MyProperty>
  <Weather>ExtraSunny</Weather>
  <Steering>127</Steering>
  <Acc>151</Acc>
  <Brake>127</Brake>
  <DayTime>06:57:49</DayTime>
  <Position>
    <X>-3103.81079</X>
    <Y>1117.108</Y>
    <Z>20.9521675</Z>
  </Position>
  <Rotation>
    <X>-0.5147678</X>
    <Y>0.630407453</Y>
    <Z>-4.668696</Z>
  </Rotation>
</Screenshot>