<?xml version="1.0" encoding="utf-8"?>
<Screenshot xmlns:xsd="http://www.w3.org/2001/XMLSchema" xmlns:xsi="http://www.w3.org/2001/XMLSchema-instance">
  <Cars />
  <MyCar>
    <Position>
      <X>-3103.98462</X>
      <Y>1115.01343</Y>
      <Z>20.0535221</Z>
    </Position>
    <Rotation>
      <X>-0.0158606544</X>
      <Y>0.142109215</Y>
      <Z>-4.67266941</Z>
    </Rotation>
    <Handle>1538</Handle>
    <Bounds>
      <Vector3>
        <X>-3105.21265</X>
        <Y>1112.54736</Y>
        <Z>19.3288155</Z>
      </Vector3>
      <Vector3>
        <X>-3103.17676</X>
        <Y>1112.381</Y>
        <Z>19.32375</Z>
      </Vector3>
      <Vector3>
        <X>-3104.796</X>
        <Y>1117.64587</Y>
        <Z>19.3274</Z>
      </Vector3>
      <Vector3>
        <X>-3105.209</X>
        <Y>1112.54749</Y>
        <Z>20.78471</Z>
      </Vector3>
      <Vector3>
        <X>-3102.76</X>
        <Y>1117.47949</Y>
        <Z>19.3223343</Z>
      </Vector3>
      <Vector3>
        <X>-3103.173</X>
        <Y>1112.381</Y>
        <Z>20.779644</Z>
      </Vector3>
      <Vector3>
        <X>-3104.79224</X>
        <Y>1117.646</Y>
        <Z>20.7832947</Z>
      </Vector3>
      <Vector3>
        <X>-3102.75635</X>
        <Y>1117.47961</Y>
        <Z>20.7782269</Z>
      </Vector3>
    </Bounds>
    <CenterCamPosition>
      <X>0</X>
      <Y>0</Y>
    </CenterCamPosition>
    <ScreenBounds />
    <DistanceToCam>0</DistanceToCam>
    <Speed>18.09689</Speed>
    <AccInput>0.200000048</AccInput>
    <RPM>0.7219059</RPM>
    <Gear>2</Gear>
    <SteeringAngle>0.08295828</SteeringAngle>
    <WheelSpeed>0</WheelSpeed>
    <CarType>Sports</CarType>
  </MyCar>
  <Peds />
  <Time>111131</Time>
  <LastFrameTime>0.0294757318</LastFrameTime>
  <MyProperty>0</MyProperty>
  <Weather>ExtraSunny</Weather>
  <Steering>127</Steering>
  <Acc>152</Acc>
  <Brake>127</Brake>
  <DayTime>06:57:47</DayTime>
  <Position>
    <X>-3103.92822</X>
    <Y>1115.6781</Y>
    <Z>20.9537411</Z>
  </Position>
  <Rotation>
    <X>-0.5164656</X>
    <Y>0.6566542</Y>
    <Z>-4.67731476</Z>
  </Rotation>
</Screenshot>