<?xml version="1.0" encoding="utf-8"?>
<Screenshot xmlns:xsd="http://www.w3.org/2001/XMLSchema" xmlns:xsi="http://www.w3.org/2001/XMLSchema-instance">
  <Cars />
  <MyCar>
    <Position>
      <X>-3103.81</X>
      <Y>1117.12964</Y>
      <Z>20.0510635</Z>
    </Position>
    <Rotation>
      <X>-0.015799256</X>
      <Y>0.120488852</Y>
      <Z>-4.66745329</Z>
    </Rotation>
    <Handle>1538</Handle>
    <Bounds>
      <Vector3>
        <X>-3105.0376</X>
        <Y>1114.66345</Y>
        <Z>19.32597</Z>
      </Vector3>
      <Vector3>
        <X>-3103.00171</X>
        <Y>1114.49719</Y>
        <Z>19.3216724</Z>
      </Vector3>
      <Vector3>
        <X>-3104.62134</X>
        <Y>1119.76208</Y>
        <Z>19.3245583</Z>
      </Vector3>
      <Vector3>
        <X>-3105.03442</X>
        <Y>1114.66357</Y>
        <Z>20.7818642</Z>
      </Vector3>
      <Vector3>
        <X>-3102.58545</X>
        <Y>1119.59583</Y>
        <Z>19.3202629</Z>
      </Vector3>
      <Vector3>
        <X>-3102.99854</X>
        <Y>1114.49731</Y>
        <Z>20.7775688</Z>
      </Vector3>
      <Vector3>
        <X>-3104.61816</X>
        <Y>1119.76221</Y>
        <Z>20.7804527</Z>
      </Vector3>
      <Vector3>
        <X>-3102.58228</X>
        <Y>1119.596</Y>
        <Z>20.7761574</Z>
      </Vector3>
    </Bounds>
    <CenterCamPosition>
      <X>0</X>
      <Y>0</Y>
    </CenterCamPosition>
    <ScreenBounds />
    <DistanceToCam>0</DistanceToCam>
    <Speed>18.1772156</Speed>
    <AccInput>0.19477129</AccInput>
    <RPM>0.725147</RPM>
    <Gear>2</Gear>
    <SteeringAngle>0.0338933952</SteeringAngle>
    <WheelSpeed>0</WheelSpeed>
    <CarType>Sports</CarType>
  </MyCar>
  <Peds />
  <Time>111248</Time>
  <LastFrameTime>0.02352256</LastFrameTime>
  <MyProperty>0</MyProperty>
  <Weather>ExtraSunny</Weather>
  <Steering>127</Steering>
  <Acc>151</Acc>
  <Brake>127</Brake>
  <DayTime>06:57:50</DayTime>
  <Position>
    <X>-3103.74561</X>
    <Y>1117.89966</Y>
    <Z>20.9512367</Z>
  </Position>
  <Rotation>
    <X>-0.514447331</X>
    <Y>0.624930263</Y>
    <Z>-4.667573</Z>
  </Rotation>
</Screenshot>