<?xml version="1.0" encoding="utf-8"?>
<Screenshot xmlns:xsd="http://www.w3.org/2001/XMLSchema" xmlns:xsi="http://www.w3.org/2001/XMLSchema-instance">
  <Cars />
  <MyCar>
    <Position>
      <X>-3103.73682</X>
      <Y>1118.02319</Y>
      <Z>20.0500164</Z>
    </Position>
    <Rotation>
      <X>-0.0163814556</X>
      <Y>0.114922419</Y>
      <Z>-4.667889</Z>
    </Rotation>
    <Handle>1538</Handle>
    <Bounds>
      <Vector3>
        <X>-3104.96436</X>
        <Y>1115.557</Y>
        <Z>19.3248482</Z>
      </Vector3>
      <Vector3>
        <X>-3102.92822</X>
        <Y>1115.39075</Y>
        <Z>19.3207512</Z>
      </Vector3>
      <Vector3>
        <X>-3104.548</X>
        <Y>1120.65564</Y>
        <Z>19.3233852</Z>
      </Vector3>
      <Vector3>
        <X>-3104.96143</X>
        <Y>1115.55713</Y>
        <Z>20.7807446</Z>
      </Vector3>
      <Vector3>
        <X>-3102.512</X>
        <Y>1120.48938</Y>
        <Z>19.3192883</Z>
      </Vector3>
      <Vector3>
        <X>-3102.92529</X>
        <Y>1115.39087</Y>
        <Z>20.7766457</Z>
      </Vector3>
      <Vector3>
        <X>-3104.545</X>
        <Y>1120.65576</Y>
        <Z>20.7792816</Z>
      </Vector3>
      <Vector3>
        <X>-3102.509</X>
        <Y>1120.4895</Y>
        <Z>20.7751846</Z>
      </Vector3>
    </Bounds>
    <CenterCamPosition>
      <X>0</X>
      <Y>0</Y>
    </CenterCamPosition>
    <ScreenBounds />
    <DistanceToCam>0</DistanceToCam>
    <Speed>18.2098827</Speed>
    <AccInput>0.19477129</AccInput>
    <RPM>0.726349354</RPM>
    <Gear>2</Gear>
    <SteeringAngle>0.0232141968</SteeringAngle>
    <WheelSpeed>0</WheelSpeed>
    <CarType>Sports</CarType>
  </MyCar>
  <Peds />
  <Time>111297</Time>
  <LastFrameTime>0.0296194032</LastFrameTime>
  <MyProperty>0</MyProperty>
  <Weather>ExtraSunny</Weather>
  <Steering>127</Steering>
  <Acc>151</Acc>
  <Brake>127</Brake>
  <DayTime>06:57:52</DayTime>
  <Position>
    <X>-3103.68115</X>
    <Y>1118.68188</Y>
    <Z>20.95031</Z>
  </Position>
  <Rotation>
    <X>-0.51624614</X>
    <Y>0.6182959</Y>
    <Z>-4.667532</Z>
  </Rotation>
</Screenshot>