<?xml version="1.0" encoding="utf-8"?>
<Screenshot xmlns:xsd="http://www.w3.org/2001/XMLSchema" xmlns:xsi="http://www.w3.org/2001/XMLSchema-instance">
  <Cars />
  <MyCar>
    <Position>
      <X>-3103.84521</X>
      <Y>1116.70361</Y>
      <Z>20.05154</Z>
    </Position>
    <Rotation>
      <X>-0.0144473352</X>
      <Y>0.124930292</Y>
      <Z>-4.66757345</Z>
    </Rotation>
    <Handle>1538</Handle>
    <Bounds>
      <Vector3>
        <X>-3105.07275</X>
        <Y>1114.23743</Y>
        <Z>19.3264637</Z>
      </Vector3>
      <Vector3>
        <X>-3103.03687</X>
        <Y>1114.07117</Y>
        <Z>19.32201</Z>
      </Vector3>
      <Vector3>
        <X>-3104.65649</X>
        <Y>1119.336</Y>
        <Z>19.3251743</Z>
      </Vector3>
      <Vector3>
        <X>-3105.06958</X>
        <Y>1114.23755</Y>
        <Z>20.78236</Z>
      </Vector3>
      <Vector3>
        <X>-3102.62061</X>
        <Y>1119.1698</Y>
        <Z>19.32072</Z>
      </Vector3>
      <Vector3>
        <X>-3103.03369</X>
        <Y>1114.07129</Y>
        <Z>20.7779045</Z>
      </Vector3>
      <Vector3>
        <X>-3104.65332</X>
        <Y>1119.33618</Y>
        <Z>20.7810688</Z>
      </Vector3>
      <Vector3>
        <X>-3102.61743</X>
        <Y>1119.16992</Y>
        <Z>20.7766151</Z>
      </Vector3>
    </Bounds>
    <CenterCamPosition>
      <X>0</X>
      <Y>0</Y>
    </CenterCamPosition>
    <ScreenBounds />
    <DistanceToCam>0</DistanceToCam>
    <Speed>18.1614151</Speed>
    <AccInput>0.19477129</AccInput>
    <RPM>0.724578738</RPM>
    <Gear>2</Gear>
    <SteeringAngle>0.0405435637</SteeringAngle>
    <WheelSpeed>0</WheelSpeed>
    <CarType>Sports</CarType>
  </MyCar>
  <Peds />
  <Time>111224</Time>
  <LastFrameTime>0.0254870914</LastFrameTime>
  <MyProperty>0</MyProperty>
  <Weather>ExtraSunny</Weather>
  <Steering>127</Steering>
  <Acc>151</Acc>
  <Brake>127</Brake>
  <DayTime>06:57:50</DayTime>
  <Position>
    <X>-3103.78369</X>
    <Y>1117.43835</Y>
    <Z>20.9517822</Z>
  </Position>
  <Rotation>
    <X>-0.5144259</X>
    <Y>0.6281677</Y>
    <Z>-4.66804743</Z>
  </Rotation>
</Screenshot>