<?xml version="1.0" encoding="utf-8"?>
<Screenshot xmlns:xsd="http://www.w3.org/2001/XMLSchema" xmlns:xsi="http://www.w3.org/2001/XMLSchema-instance">
  <Cars />
  <MyCar>
    <Position>
      <X>-3103.78076</X>
      <Y>1117.48572</Y>
      <Z>20.0506516</Z>
    </Position>
    <Rotation>
      <X>-0.0162462089</X>
      <Y>0.118295893</Y>
      <Z>-4.667533</Z>
    </Rotation>
    <Handle>1538</Handle>
    <Bounds>
      <Vector3>
        <X>-3105.0083</X>
        <Y>1115.01953</Y>
        <Z>19.3255386</Z>
      </Vector3>
      <Vector3>
        <X>-3102.97241</X>
        <Y>1114.85327</Y>
        <Z>19.32132</Z>
      </Vector3>
      <Vector3>
        <X>-3104.592</X>
        <Y>1120.11816</Y>
        <Z>19.3240871</Z>
      </Vector3>
      <Vector3>
        <X>-3105.00513</X>
        <Y>1115.01965</Y>
        <Z>20.7814331</Z>
      </Vector3>
      <Vector3>
        <X>-3102.55615</X>
        <Y>1119.9519</Y>
        <Z>19.31987</Z>
      </Vector3>
      <Vector3>
        <X>-3102.96924</X>
        <Y>1114.85339</Y>
        <Z>20.777216</Z>
      </Vector3>
      <Vector3>
        <X>-3104.58887</X>
        <Y>1120.11829</Y>
        <Z>20.7799816</Z>
      </Vector3>
      <Vector3>
        <X>-3102.553</X>
        <Y>1119.952</Y>
        <Z>20.7757645</Z>
      </Vector3>
    </Bounds>
    <CenterCamPosition>
      <X>0</X>
      <Y>0</Y>
    </CenterCamPosition>
    <ScreenBounds />
    <DistanceToCam>0</DistanceToCam>
    <Speed>18.1903152</Speed>
    <AccInput>0.19477129</AccInput>
    <RPM>0.7257638</RPM>
    <Gear>2</Gear>
    <SteeringAngle>0.0292516258</SteeringAngle>
    <WheelSpeed>0</WheelSpeed>
    <CarType>Sports</CarType>
  </MyCar>
  <Peds />
  <Time>111267</Time>
  <LastFrameTime>0.0196474884</LastFrameTime>
  <MyProperty>0</MyProperty>
  <Weather>ExtraSunny</Weather>
  <Steering>127</Steering>
  <Acc>151</Acc>
  <Brake>127</Brake>
  <DayTime>06:57:51</DayTime>
  <Position>
    <X>-3103.71045</X>
    <Y>1118.32581</Y>
    <Z>20.9507313</Z>
  </Position>
  <Rotation>
    <X>-0.5157992</X>
    <Y>0.6204888</Y>
    <Z>-4.66745329</Z>
  </Rotation>
</Screenshot>