<?xml version="1.0" encoding="utf-8"?>
<Screenshot xmlns:xsd="http://www.w3.org/2001/XMLSchema" xmlns:xsi="http://www.w3.org/2001/XMLSchema-instance">
  <Cars />
  <MyCar>
    <Position>
      <X>-3103.71045</X>
      <Y>1118.347</Y>
      <Z>20.04964</Z>
    </Position>
    <Rotation>
      <X>-0.0164732132</X>
      <Y>0.113542534</Y>
      <Z>-4.66818237</Z>
    </Rotation>
    <Handle>1538</Handle>
    <Bounds>
      <Vector3>
        <X>-3104.938</X>
        <Y>1115.88086</Y>
        <Z>19.3244514</Z>
      </Vector3>
      <Vector3>
        <X>-3102.90186</X>
        <Y>1115.7146</Y>
        <Z>19.3204041</Z>
      </Vector3>
      <Vector3>
        <X>-3104.52148</X>
        <Y>1120.97949</Y>
        <Z>19.32298</Z>
      </Vector3>
      <Vector3>
        <X>-3104.935</X>
        <Y>1115.881</Y>
        <Z>20.7803478</Z>
      </Vector3>
      <Vector3>
        <X>-3102.4856</X>
        <Y>1120.81323</Y>
        <Z>19.3189335</Z>
      </Vector3>
      <Vector3>
        <X>-3102.89917</X>
        <Y>1115.71472</Y>
        <Z>20.7762985</Z>
      </Vector3>
      <Vector3>
        <X>-3104.51855</X>
        <Y>1120.97961</Y>
        <Z>20.7788773</Z>
      </Vector3>
      <Vector3>
        <X>-3102.48267</X>
        <Y>1120.81335</Y>
        <Z>20.774828</Z>
      </Vector3>
    </Bounds>
    <CenterCamPosition>
      <X>0</X>
      <Y>0</Y>
    </CenterCamPosition>
    <ScreenBounds />
    <DistanceToCam>0</DistanceToCam>
    <Speed>18.2216015</Speed>
    <AccInput>0.19477129</AccInput>
    <RPM>0.726999164</RPM>
    <Gear>2</Gear>
    <SteeringAngle>0.0203302521</SteeringAngle>
    <WheelSpeed>0</WheelSpeed>
    <CarType>Sports</CarType>
  </MyCar>
  <Peds />
  <Time>111315</Time>
  <LastFrameTime>0.0178365577</LastFrameTime>
  <MyProperty>0</MyProperty>
  <Weather>ExtraSunny</Weather>
  <Steering>127</Steering>
  <Acc>151</Acc>
  <Brake>127</Brake>
  <DayTime>06:57:52</DayTime>
  <Position>
    <X>-3103.63745</X>
    <Y>1119.21936</Y>
    <Z>20.9496727</Z>
  </Position>
  <Rotation>
    <X>-0.516381443</X>
    <Y>0.6149224</Y>
    <Z>-4.667889</Z>
  </Rotation>
</Screenshot>