<?xml version="1.0" encoding="utf-8"?>
<Screenshot xmlns:xsd="http://www.w3.org/2001/XMLSchema" xmlns:xsi="http://www.w3.org/2001/XMLSchema-instance">
  <Cars />
  <MyCar>
    <Position>
      <X>-3103.6377</X>
      <Y>1119.23523</Y>
      <Z>20.0485878</Z>
    </Position>
    <Rotation>
      <X>-0.01740207</X>
      <Y>0.107571438</Y>
      <Z>-4.66917849</Z>
    </Rotation>
    <Handle>1538</Handle>
    <Bounds>
      <Vector3>
        <X>-3104.86523</X>
        <Y>1116.769</Y>
        <Z>19.3233337</Z>
      </Vector3>
      <Vector3>
        <X>-3102.829</X>
        <Y>1116.60266</Y>
        <Z>19.3194981</Z>
      </Vector3>
      <Vector3>
        <X>-3104.44873</X>
        <Y>1121.86768</Y>
        <Z>19.3217812</Z>
      </Vector3>
      <Vector3>
        <X>-3104.8623</X>
        <Y>1116.76917</Y>
        <Z>20.77923</Z>
      </Vector3>
      <Vector3>
        <X>-3102.41284</X>
        <Y>1121.70129</Y>
        <Z>19.3179455</Z>
      </Vector3>
      <Vector3>
        <X>-3102.82642</X>
        <Y>1116.60291</Y>
        <Z>20.7753944</Z>
      </Vector3>
      <Vector3>
        <X>-3104.446</X>
        <Y>1121.8678</Y>
        <Z>20.7776756</Z>
      </Vector3>
      <Vector3>
        <X>-3102.41</X>
        <Y>1121.70154</Y>
        <Z>20.7738419</Z>
      </Vector3>
    </Bounds>
    <CenterCamPosition>
      <X>0</X>
      <Y>0</Y>
    </CenterCamPosition>
    <ScreenBounds />
    <DistanceToCam>0</DistanceToCam>
    <Speed>18.25335</Speed>
    <AccInput>0.19477129</AccInput>
    <RPM>0.7280891</RPM>
    <Gear>2</Gear>
    <SteeringAngle>0.0139902718</SteeringAngle>
    <WheelSpeed>0</WheelSpeed>
    <CarType>Sports</CarType>
  </MyCar>
  <Peds />
  <Time>111364</Time>
  <LastFrameTime>0.02819418</LastFrameTime>
  <MyProperty>0</MyProperty>
  <Weather>ExtraSunny</Weather>
  <Steering>127</Steering>
  <Acc>151</Acc>
  <Brake>127</Brake>
  <DayTime>06:57:54</DayTime>
  <Position>
    <X>-3103.58032</X>
    <Y>1119.91858</Y>
    <Z>20.94883</Z>
  </Position>
  <Rotation>
    <X>-0.517248</X>
    <Y>0.610332966</Y>
    <Z>-4.668576</Z>
  </Rotation>
</Screenshot>