<?xml version="1.0" encoding="utf-8"?>
<Screenshot xmlns:xsd="http://www.w3.org/2001/XMLSchema" xmlns:xsi="http://www.w3.org/2001/XMLSchema-instance">
  <Cars />
  <MyCar>
    <Position>
      <X>-3103.67969</X>
      <Y>1118.72241</Y>
      <Z>20.0491924</Z>
    </Position>
    <Rotation>
      <X>-0.0172479022</X>
      <Y>0.110333025</Y>
      <Z>-4.66857624</Z>
    </Rotation>
    <Handle>1538</Handle>
    <Bounds>
      <Vector3>
        <X>-3104.90723</X>
        <Y>1116.25623</Y>
        <Z>19.32398</Z>
      </Vector3>
      <Vector3>
        <X>-3102.871</X>
        <Y>1116.09</Y>
        <Z>19.3200474</Z>
      </Vector3>
      <Vector3>
        <X>-3104.49072</X>
        <Y>1121.35486</Y>
        <Z>19.3224411</Z>
      </Vector3>
      <Vector3>
        <X>-3104.9043</X>
        <Y>1116.25635</Y>
        <Z>20.7798767</Z>
      </Vector3>
      <Vector3>
        <X>-3102.45483</X>
        <Y>1121.1886</Y>
        <Z>19.3185081</Z>
      </Vector3>
      <Vector3>
        <X>-3102.86841</X>
        <Y>1116.09009</Y>
        <Z>20.7759438</Z>
      </Vector3>
      <Vector3>
        <X>-3104.488</X>
        <Y>1121.355</Y>
        <Z>20.7783375</Z>
      </Vector3>
      <Vector3>
        <X>-3102.452</X>
        <Y>1121.18872</Y>
        <Z>20.7744026</Z>
      </Vector3>
    </Bounds>
    <CenterCamPosition>
      <X>0</X>
      <Y>0</Y>
    </CenterCamPosition>
    <ScreenBounds />
    <DistanceToCam>0</DistanceToCam>
    <Speed>18.2350788</Speed>
    <AccInput>0.19477129</AccInput>
    <RPM>0.727616</RPM>
    <Gear>2</Gear>
    <SteeringAngle>0.0174063481</SteeringAngle>
    <WheelSpeed>0</WheelSpeed>
    <CarType>Sports</CarType>
  </MyCar>
  <Peds />
  <Time>111335</Time>
  <LastFrameTime>0.0206547342</LastFrameTime>
  <MyProperty>0</MyProperty>
  <Weather>ExtraSunny</Weather>
  <Steering>127</Steering>
  <Acc>151</Acc>
  <Brake>127</Brake>
  <DayTime>06:57:53</DayTime>
  <Position>
    <X>-3103.611</X>
    <Y>1119.54321</Y>
    <Z>20.949295</Z>
  </Position>
  <Rotation>
    <X>-0.516473234</X>
    <Y>0.6135425</Y>
    <Z>-4.668182</Z>
  </Rotation>
</Screenshot>