<?xml version="1.0" encoding="utf-8"?>
<Screenshot xmlns:xsd="http://www.w3.org/2001/XMLSchema" xmlns:xsi="http://www.w3.org/2001/XMLSchema-instance">
  <Cars />
  <MyCar>
    <Position>
      <X>-3103.60938</X>
      <Y>1119.58044</Y>
      <Z>20.0482</Z>
    </Position>
    <Rotation>
      <X>-0.0161471888</X>
      <Y>0.101572715</Y>
      <Z>-4.66947842</Z>
    </Rotation>
    <Handle>1538</Handle>
    <Bounds>
      <Vector3>
        <X>-3104.83667</X>
        <Y>1117.11426</Y>
        <Z>19.3227844</Z>
      </Vector3>
      <Vector3>
        <X>-3102.80078</X>
        <Y>1116.948</Y>
        <Z>19.3191624</Z>
      </Vector3>
      <Vector3>
        <X>-3104.42041</X>
        <Y>1122.21289</Y>
        <Z>19.3213425</Z>
      </Vector3>
      <Vector3>
        <X>-3104.83423</X>
        <Y>1117.11438</Y>
        <Z>20.7786789</Z>
      </Vector3>
      <Vector3>
        <X>-3102.38428</X>
        <Y>1122.04651</Y>
        <Z>19.31772</Z>
      </Vector3>
      <Vector3>
        <X>-3102.798</X>
        <Y>1116.94812</Y>
        <Z>20.7750587</Z>
      </Vector3>
      <Vector3>
        <X>-3104.41772</X>
        <Y>1122.213</Y>
        <Z>20.7772388</Z>
      </Vector3>
      <Vector3>
        <X>-3102.38184</X>
        <Y>1122.04675</Y>
        <Z>20.7736168</Z>
      </Vector3>
    </Bounds>
    <CenterCamPosition>
      <X>0</X>
      <Y>0</Y>
    </CenterCamPosition>
    <ScreenBounds />
    <DistanceToCam>0</DistanceToCam>
    <Speed>18.2655869</Speed>
    <AccInput>0.19477129</AccInput>
    <RPM>0.7287323</RPM>
    <Gear>2</Gear>
    <SteeringAngle>0.0121443337</SteeringAngle>
    <WheelSpeed>0</WheelSpeed>
    <CarType>Sports</CarType>
  </MyCar>
  <Peds />
  <Time>111383</Time>
  <LastFrameTime>0.01896358</LastFrameTime>
  <MyProperty>0</MyProperty>
  <Weather>ExtraSunny</Weather>
  <Steering>127</Steering>
  <Acc>151</Acc>
  <Brake>127</Brake>
  <DayTime>06:57:54</DayTime>
  <Position>
    <X>-3103.53833</X>
    <Y>1120.4314</Y>
    <Z>20.9482212</Z>
  </Position>
  <Rotation>
    <X>-0.517402053</X>
    <Y>0.6075714</Y>
    <Z>-4.669178</Z>
  </Rotation>
</Screenshot>