<?xml version="1.0" encoding="utf-8"?>
<Screenshot xmlns:xsd="http://www.w3.org/2001/XMLSchema" xmlns:xsi="http://www.w3.org/2001/XMLSchema-instance">
  <Cars />
  <MyCar>
    <Position>
      <X>-3103.53516</X>
      <Y>1120.48657</Y>
      <Z>20.0471859</Z>
    </Position>
    <Rotation>
      <X>-0.0148431445</X>
      <Y>0.0878462642</Y>
      <Z>-4.67009926</Z>
    </Rotation>
    <Handle>1538</Handle>
    <Bounds>
      <Vector3>
        <X>-3104.76245</X>
        <Y>1118.02039</Y>
        <Z>19.3214664</Z>
      </Vector3>
      <Vector3>
        <X>-3102.72632</X>
        <Y>1117.854</Y>
        <Z>19.3183346</Z>
      </Vector3>
      <Vector3>
        <X>-3104.346</X>
        <Y>1123.119</Y>
        <Z>19.32014</Z>
      </Vector3>
      <Vector3>
        <X>-3104.76</X>
        <Y>1118.02063</Y>
        <Z>20.7773628</Z>
      </Vector3>
      <Vector3>
        <X>-3102.30981</X>
        <Y>1122.95264</Y>
        <Z>19.317009</Z>
      </Vector3>
      <Vector3>
        <X>-3102.724</X>
        <Y>1117.85425</Y>
        <Z>20.774231</Z>
      </Vector3>
      <Vector3>
        <X>-3104.34351</X>
        <Y>1123.11914</Y>
        <Z>20.7760372</Z>
      </Vector3>
      <Vector3>
        <X>-3102.30762</X>
        <Y>1122.95288</Y>
        <Z>20.7729053</Z>
      </Vector3>
    </Bounds>
    <CenterCamPosition>
      <X>0</X>
      <Y>0</Y>
    </CenterCamPosition>
    <ScreenBounds />
    <DistanceToCam>0</DistanceToCam>
    <Speed>18.29732</Speed>
    <AccInput>0.19477129</AccInput>
    <RPM>0.729951262</RPM>
    <Gear>2</Gear>
    <SteeringAngle>0.008285104</SteeringAngle>
    <WheelSpeed>0</WheelSpeed>
    <CarType>Sports</CarType>
  </MyCar>
  <Peds />
  <Time>111432</Time>
  <LastFrameTime>0.0185620468</LastFrameTime>
  <MyProperty>0</MyProperty>
  <Weather>ExtraSunny</Weather>
  <Steering>127</Steering>
  <Acc>151</Acc>
  <Brake>127</Brake>
  <DayTime>06:57:56</DayTime>
  <Position>
    <X>-3103.46387</X>
    <Y>1121.34424</Y>
    <Z>20.947237</Z>
  </Position>
  <Rotation>
    <X>-0.515559435</X>
    <Y>0.590588033</Y>
    <Z>-4.66985</Z>
  </Rotation>
</Screenshot>