<?xml version="1.0" encoding="utf-8"?>
<Screenshot xmlns:xsd="http://www.w3.org/2001/XMLSchema" xmlns:xsi="http://www.w3.org/2001/XMLSchema-instance">
  <Cars />
  <MyCar>
    <Position>
      <X>-3103.5083</X>
      <Y>1120.81616</Y>
      <Z>20.0468044</Z>
    </Position>
    <Rotation>
      <X>-0.0148108145</X>
      <Y>0.08662837</Y>
      <Z>-4.67035341</Z>
    </Rotation>
    <Handle>1538</Handle>
    <Bounds>
      <Vector3>
        <X>-3104.7356</X>
        <Y>1118.35</Y>
        <Z>19.3210621</Z>
      </Vector3>
      <Vector3>
        <X>-3102.69946</X>
        <Y>1118.18359</Y>
        <Z>19.3179722</Z>
      </Vector3>
      <Vector3>
        <X>-3104.319</X>
        <Y>1123.44861</Y>
        <Z>19.3197384</Z>
      </Vector3>
      <Vector3>
        <X>-3104.7334</X>
        <Y>1118.35022</Y>
        <Z>20.7769585</Z>
      </Vector3>
      <Vector3>
        <X>-3102.283</X>
        <Y>1123.28223</Y>
        <Z>19.31665</Z>
      </Vector3>
      <Vector3>
        <X>-3102.69727</X>
        <Y>1118.18384</Y>
        <Z>20.7738686</Z>
      </Vector3>
      <Vector3>
        <X>-3104.31665</X>
        <Y>1123.44873</Y>
        <Z>20.7756348</Z>
      </Vector3>
      <Vector3>
        <X>-3102.28076</X>
        <Y>1123.28247</Y>
        <Z>20.7725468</Z>
      </Vector3>
    </Bounds>
    <CenterCamPosition>
      <X>0</X>
      <Y>0</Y>
    </CenterCamPosition>
    <ScreenBounds />
    <DistanceToCam>0</DistanceToCam>
    <Speed>18.308773</Speed>
    <AccInput>0.189542532</AccInput>
    <RPM>0.73062557</RPM>
    <Gear>2</Gear>
    <SteeringAngle>0.007244689</SteeringAngle>
    <WheelSpeed>0</WheelSpeed>
    <CarType>Sports</CarType>
  </MyCar>
  <Peds />
  <Time>111450</Time>
  <LastFrameTime>0.0180674233</LastFrameTime>
  <MyProperty>0</MyProperty>
  <Weather>ExtraSunny</Weather>
  <Steering>127</Steering>
  <Acc>151</Acc>
  <Brake>127</Brake>
  <DayTime>06:57:56</DayTime>
  <Position>
    <X>-3103.436</X>
    <Y>1121.68274</Y>
    <Z>20.9468746</Z>
  </Position>
  <Rotation>
    <X>-0.514843166</X>
    <Y>0.5878462</Y>
    <Z>-4.670099</Z>
  </Rotation>
</Screenshot>