<?xml version="1.0" encoding="utf-8"?>
<Screenshot xmlns:xsd="http://www.w3.org/2001/XMLSchema" xmlns:xsi="http://www.w3.org/2001/XMLSchema-instance">
  <Cars />
  <MyCar>
    <Position>
      <X>-3103.563</X>
      <Y>1120.14807</Y>
      <Z>20.0475636</Z>
    </Position>
    <Rotation>
      <X>-0.0155594051</X>
      <Y>0.09058799</Y>
      <Z>-4.66985</Z>
    </Rotation>
    <Handle>1538</Handle>
    <Bounds>
      <Vector3>
        <X>-3104.79028</X>
        <Y>1117.68188</Y>
        <Z>19.3219242</Z>
      </Vector3>
      <Vector3>
        <X>-3102.75439</X>
        <Y>1117.5155</Y>
        <Z>19.3186951</Z>
      </Vector3>
      <Vector3>
        <X>-3104.37378</X>
        <Y>1122.78052</Y>
        <Z>19.3205357</Z>
      </Vector3>
      <Vector3>
        <X>-3104.78784</X>
        <Y>1117.68213</Y>
        <Z>20.77782</Z>
      </Vector3>
      <Vector3>
        <X>-3102.338</X>
        <Y>1122.61414</Y>
        <Z>19.3173065</Z>
      </Vector3>
      <Vector3>
        <X>-3102.752</X>
        <Y>1117.51575</Y>
        <Z>20.7745914</Z>
      </Vector3>
      <Vector3>
        <X>-3104.37134</X>
        <Y>1122.78064</Y>
        <Z>20.776432</Z>
      </Vector3>
      <Vector3>
        <X>-3102.33545</X>
        <Y>1122.61438</Y>
        <Z>20.7732029</Z>
      </Vector3>
    </Bounds>
    <CenterCamPosition>
      <X>0</X>
      <Y>0</Y>
    </CenterCamPosition>
    <ScreenBounds />
    <DistanceToCam>0</DistanceToCam>
    <Speed>18.28549</Speed>
    <AccInput>0.19477129</AccInput>
    <RPM>0.729311</RPM>
    <Gear>2</Gear>
    <SteeringAngle>0.009512735</SteeringAngle>
    <WheelSpeed>0</WheelSpeed>
    <CarType>Sports</CarType>
  </MyCar>
  <Peds />
  <Time>111414</Time>
  <LastFrameTime>0.0311532337</LastFrameTime>
  <MyProperty>0</MyProperty>
  <Weather>ExtraSunny</Weather>
  <Steering>127</Steering>
  <Acc>151</Acc>
  <Brake>127</Brake>
  <DayTime>06:57:55</DayTime>
  <Position>
    <X>-3103.51</X>
    <Y>1120.77661</Y>
    <Z>20.94786</Z>
  </Position>
  <Rotation>
    <X>-0.516147256</X>
    <Y>0.6015727</Y>
    <Z>-4.66947842</Z>
  </Rotation>
</Screenshot>