<?xml version="1.0" encoding="utf-8"?>
<Screenshot xmlns:xsd="http://www.w3.org/2001/XMLSchema" xmlns:xsi="http://www.w3.org/2001/XMLSchema-instance">
  <Cars />
  <MyCar>
    <Position>
      <X>-3103.46338</X>
      <Y>1121.36633</Y>
      <Z>20.0461464</Z>
    </Position>
    <Rotation>
      <X>-0.0164827164</X>
      <Y>0.08294286</Y>
      <Z>-4.67079973</Z>
    </Rotation>
    <Handle>1538</Handle>
    <Bounds>
      <Vector3>
        <X>-3104.69067</X>
        <Y>1118.90015</Y>
        <Z>19.3204117</Z>
      </Vector3>
      <Vector3>
        <X>-3102.65454</X>
        <Y>1118.73376</Y>
        <Z>19.3174553</Z>
      </Vector3>
      <Vector3>
        <X>-3104.274</X>
        <Y>1123.99878</Y>
        <Z>19.3189411</Z>
      </Vector3>
      <Vector3>
        <X>-3104.68848</X>
        <Y>1118.90039</Y>
        <Z>20.7763081</Z>
      </Vector3>
      <Vector3>
        <X>-3102.238</X>
        <Y>1123.8324</Y>
        <Z>19.3159828</Z>
      </Vector3>
      <Vector3>
        <X>-3102.65259</X>
        <Y>1118.734</Y>
        <Z>20.7733517</Z>
      </Vector3>
      <Vector3>
        <X>-3104.272</X>
        <Y>1123.999</Y>
        <Z>20.7748375</Z>
      </Vector3>
      <Vector3>
        <X>-3102.23584</X>
        <Y>1123.83264</Y>
        <Z>20.7718811</Z>
      </Vector3>
    </Bounds>
    <CenterCamPosition>
      <X>0</X>
      <Y>0</Y>
    </CenterCamPosition>
    <ScreenBounds />
    <DistanceToCam>0</DistanceToCam>
    <Speed>18.32766</Speed>
    <AccInput>0.189542532</AccInput>
    <RPM>0.731062949</RPM>
    <Gear>2</Gear>
    <SteeringAngle>0.00572832674</SteeringAngle>
    <WheelSpeed>0</WheelSpeed>
    <CarType>Sports</CarType>
  </MyCar>
  <Peds />
  <Time>111480</Time>
  <LastFrameTime>0.0301224049</LastFrameTime>
  <MyProperty>0</MyProperty>
  <Weather>ExtraSunny</Weather>
  <Steering>127</Steering>
  <Acc>151</Acc>
  <Brake>127</Brake>
  <DayTime>06:57:57</DayTime>
  <Position>
    <X>-3103.40918</X>
    <Y>1122.01233</Y>
    <Z>20.9464931</Z>
  </Position>
  <Rotation>
    <X>-0.514810741</X>
    <Y>0.5866283</Y>
    <Z>-4.670354</Z>
  </Rotation>
</Screenshot>