<?xml version="1.0" encoding="utf-8"?>
<Screenshot xmlns:xsd="http://www.w3.org/2001/XMLSchema" xmlns:xsi="http://www.w3.org/2001/XMLSchema-instance">
  <Cars />
  <MyCar>
    <Position>
      <X>-3103.38965</X>
      <Y>1122.27307</Y>
      <Z>20.04509</Z>
    </Position>
    <Rotation>
      <X>-0.01740794</X>
      <Y>0.07999215</Y>
      <Z>-4.67156029</Z>
    </Rotation>
    <Handle>1538</Handle>
    <Bounds>
      <Vector3>
        <X>-3104.617</X>
        <Y>1119.80688</Y>
        <Z>19.3193436</Z>
      </Vector3>
      <Vector3>
        <X>-3102.58081</X>
        <Y>1119.6405</Y>
        <Z>19.3164921</Z>
      </Vector3>
      <Vector3>
        <X>-3104.2002</X>
        <Y>1124.90552</Y>
        <Z>19.31779</Z>
      </Vector3>
      <Vector3>
        <X>-3104.61475</X>
        <Y>1119.80713</Y>
        <Z>20.7752419</Z>
      </Vector3>
      <Vector3>
        <X>-3102.16431</X>
        <Y>1124.73914</Y>
        <Z>19.3149376</Z>
      </Vector3>
      <Vector3>
        <X>-3102.57886</X>
        <Y>1119.64075</Y>
        <Z>20.7723885</Z>
      </Vector3>
      <Vector3>
        <X>-3104.19824</X>
        <Y>1124.90576</Y>
        <Z>20.7736874</Z>
      </Vector3>
      <Vector3>
        <X>-3102.162</X>
        <Y>1124.73938</Y>
        <Z>20.770834</Z>
      </Vector3>
    </Bounds>
    <CenterCamPosition>
      <X>0</X>
      <Y>0</Y>
    </CenterCamPosition>
    <ScreenBounds />
    <DistanceToCam>0</DistanceToCam>
    <Speed>18.35836</Speed>
    <AccInput>0.189542532</AccInput>
    <RPM>0.7322506</RPM>
    <Gear>2</Gear>
    <SteeringAngle>0.00391782541</SteeringAngle>
    <WheelSpeed>0</WheelSpeed>
    <CarType>Sports</CarType>
  </MyCar>
  <Peds />
  <Time>111530</Time>
  <LastFrameTime>0.030162435</LastFrameTime>
  <MyProperty>0</MyProperty>
  <Weather>ExtraSunny</Weather>
  <Steering>127</Steering>
  <Acc>151</Acc>
  <Brake>127</Brake>
  <DayTime>06:57:59</DayTime>
  <Position>
    <X>-3103.33545</X>
    <Y>1122.91748</Y>
    <Z>20.94538</Z>
  </Position>
  <Rotation>
    <X>-0.516865253</X>
    <Y>0.581677735</Y>
    <Z>-4.671097</Z>
  </Rotation>
</Screenshot>