<?xml version="1.0" encoding="utf-8"?>
<Screenshot xmlns:xsd="http://www.w3.org/2001/XMLSchema" xmlns:xsi="http://www.w3.org/2001/XMLSchema-instance">
  <Cars />
  <MyCar>
    <Position>
      <X>-3103.35156</X>
      <Y>1122.74121</Y>
      <Z>20.0446625</Z>
    </Position>
    <Rotation>
      <X>-0.0235573333</X>
      <Y>0.0684812739</Y>
      <Z>-4.67306852</Z>
    </Rotation>
    <Handle>1538</Handle>
    <Bounds>
      <Vector3>
        <X>-3104.57861</X>
        <Y>1120.2749</Y>
        <Z>19.3189869</Z>
      </Vector3>
      <Vector3>
        <X>-3102.54272</X>
        <Y>1120.10852</Y>
        <Z>19.3165455</Z>
      </Vector3>
      <Vector3>
        <X>-3104.16187</X>
        <Y>1125.37354</Y>
        <Z>19.3168831</Z>
      </Vector3>
      <Vector3>
        <X>-3104.577</X>
        <Y>1120.27539</Y>
        <Z>20.7748833</Z>
      </Vector3>
      <Vector3>
        <X>-3102.126</X>
        <Y>1125.20715</Y>
        <Z>19.3144417</Z>
      </Vector3>
      <Vector3>
        <X>-3102.541</X>
        <Y>1120.109</Y>
        <Z>20.7724419</Z>
      </Vector3>
      <Vector3>
        <X>-3104.16016</X>
        <Y>1125.374</Y>
        <Z>20.77278</Z>
      </Vector3>
      <Vector3>
        <X>-3102.12427</X>
        <Y>1125.20752</Y>
        <Z>20.7703381</Z>
      </Vector3>
    </Bounds>
    <CenterCamPosition>
      <X>0</X>
      <Y>0</Y>
    </CenterCamPosition>
    <ScreenBounds />
    <DistanceToCam>0</DistanceToCam>
    <Speed>18.3744869</Speed>
    <AccInput>0.189542532</AccInput>
    <RPM>0.7328568</RPM>
    <Gear>2</Gear>
    <SteeringAngle>0.00322247436</SteeringAngle>
    <WheelSpeed>0</WheelSpeed>
    <CarType>Sports</CarType>
  </MyCar>
  <Peds />
  <Time>111556</Time>
  <LastFrameTime>0.025573045</LastFrameTime>
  <MyProperty>0</MyProperty>
  <Weather>ExtraSunny</Weather>
  <Steering>127</Steering>
  <Acc>151</Acc>
  <Brake>127</Brake>
  <DayTime>06:58:00</DayTime>
  <Position>
    <X>-3103.29053</X>
    <Y>1123.46924</Y>
    <Z>20.944725</Z>
  </Position>
  <Rotation>
    <X>-0.517408</X>
    <Y>0.5799922</Y>
    <Z>-4.67156</Z>
  </Rotation>
</Screenshot>