<?xml version="1.0" encoding="utf-8"?>
<Screenshot xmlns:xsd="http://www.w3.org/2001/XMLSchema" xmlns:xsi="http://www.w3.org/2001/XMLSchema-instance">
  <Cars />
  <MyCar>
    <Position>
      <X>-3103.43457</X>
      <Y>1121.72131</Y>
      <Z>20.0457325</Z>
    </Position>
    <Rotation>
      <X>-0.0168652162</X>
      <Y>0.08167772</Y>
      <Z>-4.67109728</Z>
    </Rotation>
    <Handle>1538</Handle>
    <Bounds>
      <Vector3>
        <X>-3104.66187</X>
        <Y>1119.25513</Y>
        <Z>19.3199921</Z>
      </Vector3>
      <Vector3>
        <X>-3102.62573</X>
        <Y>1119.08875</Y>
        <Z>19.3170815</Z>
      </Vector3>
      <Vector3>
        <X>-3104.245</X>
        <Y>1124.35376</Y>
        <Z>19.3184872</Z>
      </Vector3>
      <Vector3>
        <X>-3104.65967</X>
        <Y>1119.25537</Y>
        <Z>20.77589</Z>
      </Vector3>
      <Vector3>
        <X>-3102.20923</X>
        <Y>1124.18738</Y>
        <Z>19.3155746</Z>
      </Vector3>
      <Vector3>
        <X>-3102.62378</X>
        <Y>1119.089</Y>
        <Z>20.7729778</Z>
      </Vector3>
      <Vector3>
        <X>-3104.24316</X>
        <Y>1124.354</Y>
        <Z>20.7743835</Z>
      </Vector3>
      <Vector3>
        <X>-3102.207</X>
        <Y>1124.18762</Y>
        <Z>20.771471</Z>
      </Vector3>
    </Bounds>
    <CenterCamPosition>
      <X>0</X>
      <Y>0</Y>
    </CenterCamPosition>
    <ScreenBounds />
    <DistanceToCam>0</DistanceToCam>
    <Speed>18.3397446</Speed>
    <AccInput>0.189542532</AccInput>
    <RPM>0.7316415</RPM>
    <Gear>2</Gear>
    <SteeringAngle>0.004955692</SteeringAngle>
    <WheelSpeed>0</WheelSpeed>
    <CarType>Sports</CarType>
  </MyCar>
  <Peds />
  <Time>111500</Time>
  <LastFrameTime>0.019420037</LastFrameTime>
  <MyProperty>0</MyProperty>
  <Weather>ExtraSunny</Weather>
  <Steering>127</Steering>
  <Acc>151</Acc>
  <Brake>127</Brake>
  <DayTime>06:57:58</DayTime>
  <Position>
    <X>-3103.36426</X>
    <Y>1122.5625</Y>
    <Z>20.9458</Z>
  </Position>
  <Rotation>
    <X>-0.516482651</X>
    <Y>0.5829428</Y>
    <Z>-4.67079926</Z>
  </Rotation>
</Screenshot>