<?xml version="1.0" encoding="utf-8"?>
<Screenshot xmlns:xsd="http://www.w3.org/2001/XMLSchema" xmlns:xsi="http://www.w3.org/2001/XMLSchema-instance">
  <Cars />
  <MyCar>
    <Position>
      <X>-3103.31445</X>
      <Y>1123.19519</Y>
      <Z>20.0441055</Z>
    </Position>
    <Rotation>
      <X>-0.0216561183</X>
      <Y>0.06934825</Y>
      <Z>-4.675071</Z>
    </Rotation>
    <Handle>1538</Handle>
    <Bounds>
      <Vector3>
        <X>-3104.54175</X>
        <Y>1120.729</Y>
        <Z>19.31836</Z>
      </Vector3>
      <Vector3>
        <X>-3102.50562</X>
        <Y>1120.5625</Y>
        <Z>19.3158875</Z>
      </Vector3>
      <Vector3>
        <X>-3104.12476</X>
        <Y>1125.82751</Y>
        <Z>19.3164253</Z>
      </Vector3>
      <Vector3>
        <X>-3104.53979</X>
        <Y>1120.72937</Y>
        <Z>20.7742577</Z>
      </Vector3>
      <Vector3>
        <X>-3102.08887</X>
        <Y>1125.66113</Y>
        <Z>19.3139534</Z>
      </Vector3>
      <Vector3>
        <X>-3102.504</X>
        <Y>1120.56287</Y>
        <Z>20.7717838</Z>
      </Vector3>
      <Vector3>
        <X>-3104.1228</X>
        <Y>1125.828</Y>
        <Z>20.7723236</Z>
      </Vector3>
      <Vector3>
        <X>-3102.087</X>
        <Y>1125.6615</Y>
        <Z>20.7698517</Z>
      </Vector3>
    </Bounds>
    <CenterCamPosition>
      <X>0</X>
      <Y>0</Y>
    </CenterCamPosition>
    <ScreenBounds />
    <DistanceToCam>0</DistanceToCam>
    <Speed>18.3907681</Speed>
    <AccInput>0.189542532</AccInput>
    <RPM>0.733522952</RPM>
    <Gear>2</Gear>
    <SteeringAngle>0.00266866339</SteeringAngle>
    <WheelSpeed>0</WheelSpeed>
    <CarType>Sports</CarType>
  </MyCar>
  <Peds />
  <Time>111580</Time>
  <LastFrameTime>0.0247721523</LastFrameTime>
  <MyProperty>0</MyProperty>
  <Weather>ExtraSunny</Weather>
  <Steering>127</Steering>
  <Acc>151</Acc>
  <Brake>127</Brake>
  <DayTime>06:58:00</DayTime>
  <Position>
    <X>-3103.25269</X>
    <Y>1123.9375</Y>
    <Z>20.9441681</Z>
  </Position>
  <Rotation>
    <X>-0.5235573</X>
    <Y>0.568481266</Y>
    <Z>-4.67306852</Z>
  </Rotation>
</Screenshot>