<?xml version="1.0" encoding="utf-8"?>
<Screenshot xmlns:xsd="http://www.w3.org/2001/XMLSchema" xmlns:xsi="http://www.w3.org/2001/XMLSchema-instance">
  <Cars />
  <MyCar>
    <Position>
      <X>-3103.287</X>
      <Y>1123.52954</Y>
      <Z>20.04372</Z>
    </Position>
    <Rotation>
      <X>-0.0217447653</X>
      <Y>0.06867389</Y>
      <Z>-4.67588663</Z>
    </Rotation>
    <Handle>1538</Handle>
    <Bounds>
      <Vector3>
        <X>-3104.5144</X>
        <Y>1121.06335</Y>
        <Z>19.3179665</Z>
      </Vector3>
      <Vector3>
        <X>-3102.47852</X>
        <Y>1120.89685</Y>
        <Z>19.3155174</Z>
      </Vector3>
      <Vector3>
        <X>-3104.09741</X>
        <Y>1126.162</Y>
        <Z>19.3160248</Z>
      </Vector3>
      <Vector3>
        <X>-3104.51245</X>
        <Y>1121.06372</Y>
        <Z>20.7738628</Z>
      </Vector3>
      <Vector3>
        <X>-3102.06152</X>
        <Y>1125.99536</Y>
        <Z>19.3135757</Z>
      </Vector3>
      <Vector3>
        <X>-3102.47656</X>
        <Y>1120.89722</Y>
        <Z>20.7714157</Z>
      </Vector3>
      <Vector3>
        <X>-3104.09546</X>
        <Y>1126.16235</Y>
        <Z>20.7719212</Z>
      </Vector3>
      <Vector3>
        <X>-3102.05957</X>
        <Y>1125.99585</Y>
        <Z>20.769474</Z>
      </Vector3>
    </Bounds>
    <CenterCamPosition>
      <X>0</X>
      <Y>0</Y>
    </CenterCamPosition>
    <ScreenBounds />
    <DistanceToCam>0</DistanceToCam>
    <Speed>18.403677</Speed>
    <AccInput>0.189542532</AccInput>
    <RPM>0.7344564</RPM>
    <Gear>2</Gear>
    <SteeringAngle>0.00233128341</SteeringAngle>
    <WheelSpeed>0</WheelSpeed>
    <CarType>Sports</CarType>
  </MyCar>
  <Peds />
  <Time>111599</Time>
  <LastFrameTime>0.0182300229</LastFrameTime>
  <MyProperty>0</MyProperty>
  <Weather>ExtraSunny</Weather>
  <Steering>127</Steering>
  <Acc>151</Acc>
  <Brake>127</Brake>
  <DayTime>06:58:01</DayTime>
  <Position>
    <X>-3103.21558</X>
    <Y>1124.39148</Y>
    <Z>20.9436512</Z>
  </Position>
  <Rotation>
    <X>-0.521656036</X>
    <Y>0.5693482</Y>
    <Z>-4.675071</Z>
  </Rotation>
</Screenshot>