<?xml version="1.0" encoding="utf-8"?>
<Screenshot xmlns:xsd="http://www.w3.org/2001/XMLSchema" xmlns:xsi="http://www.w3.org/2001/XMLSchema-instance">
  <Cars />
  <MyCar>
    <Position>
      <X>-3103.17944</X>
      <Y>1124.84814</Y>
      <Z>20.042181</Z>
    </Position>
    <Rotation>
      <X>-0.0223453585</X>
      <Y>0.0658007339</Y>
      <Z>-4.67556524</Z>
    </Rotation>
    <Handle>1538</Handle>
    <Bounds>
      <Vector3>
        <X>-3104.40674</X>
        <Y>1122.382</Y>
        <Z>19.3164024</Z>
      </Vector3>
      <Vector3>
        <X>-3102.37061</X>
        <Y>1122.21545</Y>
        <Z>19.3140564</Z>
      </Vector3>
      <Vector3>
        <X>-3103.98975</X>
        <Y>1127.48047</Y>
        <Z>19.3144073</Z>
      </Vector3>
      <Vector3>
        <X>-3104.405</X>
        <Y>1122.38232</Y>
        <Z>20.7723</Z>
      </Vector3>
      <Vector3>
        <X>-3101.95361</X>
        <Y>1127.314</Y>
        <Z>19.3120613</Z>
      </Vector3>
      <Vector3>
        <X>-3102.369</X>
        <Y>1122.21582</Y>
        <Z>20.7699547</Z>
      </Vector3>
      <Vector3>
        <X>-3103.988</X>
        <Y>1127.481</Y>
        <Z>20.7703056</Z>
      </Vector3>
      <Vector3>
        <X>-3101.952</X>
        <Y>1127.31445</Y>
        <Z>20.76796</Z>
      </Vector3>
    </Bounds>
    <CenterCamPosition>
      <X>0</X>
      <Y>0</Y>
    </CenterCamPosition>
    <ScreenBounds />
    <DistanceToCam>0</DistanceToCam>
    <Speed>18.4524574</Speed>
    <AccInput>0.184313774</AccInput>
    <RPM>0.7361083</RPM>
    <Gear>2</Gear>
    <SteeringAngle>0.00135064963</SteeringAngle>
    <WheelSpeed>0</WheelSpeed>
    <CarType>Sports</CarType>
  </MyCar>
  <Peds />
  <Time>111670</Time>
  <LastFrameTime>0.02359548</LastFrameTime>
  <MyProperty>0</MyProperty>
  <Weather>ExtraSunny</Weather>
  <Steering>127</Steering>
  <Acc>150</Acc>
  <Brake>127</Brake>
  <DayTime>06:58:03</DayTime>
  <Position>
    <X>-3103.11621</X>
    <Y>1125.6106</Y>
    <Z>20.9422131</Z>
  </Position>
  <Rotation>
    <X>-0.5223063</X>
    <Y>0.5664968</Y>
    <Z>-4.67611265</Z>
  </Rotation>
</Screenshot>