<?xml version="1.0" encoding="utf-8"?>
<Screenshot xmlns:xsd="http://www.w3.org/2001/XMLSchema" xmlns:xsi="http://www.w3.org/2001/XMLSchema-instance">
  <Cars />
  <MyCar>
    <Position>
      <X>-3103.215</X>
      <Y>1124.41431</Y>
      <Z>20.04268</Z>
    </Position>
    <Rotation>
      <X>-0.0223063342</X>
      <Y>0.06649673</Y>
      <Z>-4.676112</Z>
    </Rotation>
    <Handle>1538</Handle>
    <Bounds>
      <Vector3>
        <X>-3104.44238</X>
        <Y>1121.94812</Y>
        <Z>19.3169136</Z>
      </Vector3>
      <Vector3>
        <X>-3102.40649</X>
        <Y>1121.78162</Y>
        <Z>19.3145428</Z>
      </Vector3>
      <Vector3>
        <X>-3104.02539</X>
        <Y>1127.04675</Y>
        <Z>19.3149223</Z>
      </Vector3>
      <Vector3>
        <X>-3104.44067</X>
        <Y>1121.94861</Y>
        <Z>20.77281</Z>
      </Vector3>
      <Vector3>
        <X>-3101.98926</X>
        <Y>1126.88013</Y>
        <Z>19.3125515</Z>
      </Vector3>
      <Vector3>
        <X>-3102.40454</X>
        <Y>1121.782</Y>
        <Z>20.77044</Z>
      </Vector3>
      <Vector3>
        <X>-3104.02344</X>
        <Y>1127.04712</Y>
        <Z>20.7708187</Z>
      </Vector3>
      <Vector3>
        <X>-3101.98755</X>
        <Y>1126.88062</Y>
        <Z>20.7684479</Z>
      </Vector3>
    </Bounds>
    <CenterCamPosition>
      <X>0</X>
      <Y>0</Y>
    </CenterCamPosition>
    <ScreenBounds />
    <DistanceToCam>0</DistanceToCam>
    <Speed>18.4367542</Speed>
    <AccInput>0.189542532</AccInput>
    <RPM>0.73546046</RPM>
    <Gear>2</Gear>
    <SteeringAngle>0.001614549</SteeringAngle>
    <WheelSpeed>0</WheelSpeed>
    <CarType>Sports</CarType>
  </MyCar>
  <Peds />
  <Time>111647</Time>
  <LastFrameTime>0.0294654928</LastFrameTime>
  <MyProperty>0</MyProperty>
  <Weather>ExtraSunny</Weather>
  <Steering>127</Steering>
  <Acc>151</Acc>
  <Brake>127</Brake>
  <DayTime>06:58:02</DayTime>
  <Position>
    <X>-3103.1604</X>
    <Y>1125.06921</Y>
    <Z>20.9428463</Z>
  </Position>
  <Rotation>
    <X>-0.522246659</X>
    <Y>0.567323744</Y>
    <Z>-4.676271</Z>
  </Rotation>
</Screenshot>