<?xml version="1.0" encoding="utf-8"?>
<Screenshot xmlns:xsd="http://www.w3.org/2001/XMLSchema" xmlns:xsi="http://www.w3.org/2001/XMLSchema-instance">
  <Cars />
  <MyCar>
    <Position>
      <X>-3103.25928</X>
      <Y>1123.87292</Y>
      <Z>20.0433121</Z>
    </Position>
    <Rotation>
      <X>-0.022246683</X>
      <Y>0.06732378</Y>
      <Z>-4.67627144</Z>
    </Rotation>
    <Handle>1538</Handle>
    <Bounds>
      <Vector3>
        <X>-3104.48657</X>
        <Y>1121.40674</Y>
        <Z>19.3175564</Z>
      </Vector3>
      <Vector3>
        <X>-3102.45068</X>
        <Y>1121.24023</Y>
        <Z>19.3151569</Z>
      </Vector3>
      <Vector3>
        <X>-3104.06958</X>
        <Y>1126.50537</Y>
        <Z>19.31557</Z>
      </Vector3>
      <Vector3>
        <X>-3104.48486</X>
        <Y>1121.40723</Y>
        <Z>20.7734547</Z>
      </Vector3>
      <Vector3>
        <X>-3102.03345</X>
        <Y>1126.33875</Y>
        <Z>19.31317</Z>
      </Vector3>
      <Vector3>
        <X>-3102.44873</X>
        <Y>1121.2406</Y>
        <Z>20.7710533</Z>
      </Vector3>
      <Vector3>
        <X>-3104.06763</X>
        <Y>1126.50574</Y>
        <Z>20.7714672</Z>
      </Vector3>
      <Vector3>
        <X>-3102.03174</X>
        <Y>1126.33923</Y>
        <Z>20.7690678</Z>
      </Vector3>
    </Bounds>
    <CenterCamPosition>
      <X>0</X>
      <Y>0</Y>
    </CenterCamPosition>
    <ScreenBounds />
    <DistanceToCam>0</DistanceToCam>
    <Speed>18.4167061</Speed>
    <AccInput>0.189542532</AccInput>
    <RPM>0.734981358</RPM>
    <Gear>2</Gear>
    <SteeringAngle>0.00202886853</SteeringAngle>
    <WheelSpeed>0</WheelSpeed>
    <CarType>Sports</CarType>
  </MyCar>
  <Peds />
  <Time>111617</Time>
  <LastFrameTime>0.0187113024</LastFrameTime>
  <MyProperty>0</MyProperty>
  <Weather>ExtraSunny</Weather>
  <Steering>127</Steering>
  <Acc>151</Acc>
  <Brake>127</Brake>
  <DayTime>06:58:01</DayTime>
  <Position>
    <X>-3103.18823</X>
    <Y>1124.72583</Y>
    <Z>20.943264</Z>
  </Position>
  <Rotation>
    <X>-0.5217447</X>
    <Y>0.568673849</Y>
    <Z>-4.675886</Z>
  </Rotation>
</Screenshot>