<?xml version="1.0" encoding="utf-8"?>
<Screenshot xmlns:xsd="http://www.w3.org/2001/XMLSchema" xmlns:xsi="http://www.w3.org/2001/XMLSchema-instance">
  <Cars />
  <MyCar>
    <Position>
      <X>-3103.1394</X>
      <Y>1125.338</Y>
      <Z>20.0416145</Z>
    </Position>
    <Rotation>
      <X>-0.0222709961</X>
      <Y>0.06502028</Y>
      <Z>-4.674613</Z>
    </Rotation>
    <Handle>1538</Handle>
    <Bounds>
      <Vector3>
        <X>-3104.36646</X>
        <Y>1122.87183</Y>
        <Z>19.3158188</Z>
      </Vector3>
      <Vector3>
        <X>-3102.33057</X>
        <Y>1122.70532</Y>
        <Z>19.3135014</Z>
      </Vector3>
      <Vector3>
        <X>-3103.94971</X>
        <Y>1127.97034</Y>
        <Z>19.3138313</Z>
      </Vector3>
      <Vector3>
        <X>-3104.36475</X>
        <Y>1122.87219</Y>
        <Z>20.7717171</Z>
      </Vector3>
      <Vector3>
        <X>-3101.91382</X>
        <Y>1127.804</Y>
        <Z>19.311512</Z>
      </Vector3>
      <Vector3>
        <X>-3102.32886</X>
        <Y>1122.70569</Y>
        <Z>20.7693977</Z>
      </Vector3>
      <Vector3>
        <X>-3103.948</X>
        <Y>1127.97083</Y>
        <Z>20.7697277</Z>
      </Vector3>
      <Vector3>
        <X>-3101.912</X>
        <Y>1127.80432</Y>
        <Z>20.76741</Z>
      </Vector3>
    </Bounds>
    <CenterCamPosition>
      <X>0</X>
      <Y>0</Y>
    </CenterCamPosition>
    <ScreenBounds />
    <DistanceToCam>0</DistanceToCam>
    <Speed>18.4697876</Speed>
    <AccInput>0.184313774</AccInput>
    <RPM>0.7367925</RPM>
    <Gear>2</Gear>
    <SteeringAngle>0.00110170688</SteeringAngle>
    <WheelSpeed>0</WheelSpeed>
    <CarType>Sports</CarType>
  </MyCar>
  <Peds />
  <Time>111697</Time>
  <LastFrameTime>0.0266172159</LastFrameTime>
  <MyProperty>0</MyProperty>
  <Weather>ExtraSunny</Weather>
  <Steering>127</Steering>
  <Acc>150</Acc>
  <Brake>127</Brake>
  <DayTime>06:58:04</DayTime>
  <Position>
    <X>-3103.08057</X>
    <Y>1126.04443</Y>
    <Z>20.9417114</Z>
  </Position>
  <Rotation>
    <X>-0.522345364</X>
    <Y>0.565800667</Y>
    <Z>-4.67556429</Z>
  </Rotation>
</Screenshot>