<?xml version="1.0" encoding="utf-8"?>
<Screenshot xmlns:xsd="http://www.w3.org/2001/XMLSchema" xmlns:xsi="http://www.w3.org/2001/XMLSchema-instance">
  <Cars />
  <MyCar>
    <Position>
      <X>-3103.10327</X>
      <Y>1125.7793</Y>
      <Z>20.04112</Z>
    </Position>
    <Rotation>
      <X>-0.0216038786</X>
      <Y>0.0654067</Y>
      <Z>-4.673564</Z>
    </Rotation>
    <Handle>1538</Handle>
    <Bounds>
      <Vector3>
        <X>-3104.33032</X>
        <Y>1123.31311</Y>
        <Z>19.3153019</Z>
      </Vector3>
      <Vector3>
        <X>-3102.29443</X>
        <Y>1123.14661</Y>
        <Z>19.3129711</Z>
      </Vector3>
      <Vector3>
        <X>-3103.91357</X>
        <Y>1128.41162</Y>
        <Z>19.3133736</Z>
      </Vector3>
      <Vector3>
        <X>-3104.32861</X>
        <Y>1123.31348</Y>
        <Z>20.7712</Z>
      </Vector3>
      <Vector3>
        <X>-3101.87769</X>
        <Y>1128.24524</Y>
        <Z>19.31104</Z>
      </Vector3>
      <Vector3>
        <X>-3102.29272</X>
        <Y>1123.14709</Y>
        <Z>20.7688675</Z>
      </Vector3>
      <Vector3>
        <X>-3103.91187</X>
        <Y>1128.41211</Y>
        <Z>20.76927</Z>
      </Vector3>
      <Vector3>
        <X>-3101.876</X>
        <Y>1128.24561</Y>
        <Z>20.76694</Z>
      </Vector3>
    </Bounds>
    <CenterCamPosition>
      <X>0</X>
      <Y>0</Y>
    </CenterCamPosition>
    <ScreenBounds />
    <DistanceToCam>0</DistanceToCam>
    <Speed>18.4851074</Speed>
    <AccInput>0.184313774</AccInput>
    <RPM>0.737420738</RPM>
    <Gear>2</Gear>
    <SteeringAngle>0.000919020851</SteeringAngle>
    <WheelSpeed>0</WheelSpeed>
    <CarType>Sports</CarType>
  </MyCar>
  <Peds />
  <Time>111721</Time>
  <LastFrameTime>0.0239566732</LastFrameTime>
  <MyProperty>0</MyProperty>
  <Weather>ExtraSunny</Weather>
  <Steering>127</Steering>
  <Acc>150</Acc>
  <Brake>127</Brake>
  <DayTime>06:58:05</DayTime>
  <Position>
    <X>-3103.04053</X>
    <Y>1126.5343</Y>
    <Z>20.9411469</Z>
  </Position>
  <Rotation>
    <X>-0.522270858</X>
    <Y>0.565020263</Y>
    <Z>-4.674613</Z>
  </Rotation>
</Screenshot>