<?xml version="1.0" encoding="utf-8"?>
<Screenshot xmlns:xsd="http://www.w3.org/2001/XMLSchema" xmlns:xsi="http://www.w3.org/2001/XMLSchema-instance">
  <Cars />
  <MyCar>
    <Position>
      <X>-3103.035</X>
      <Y>1126.6167</Y>
      <Z>20.04017</Z>
    </Position>
    <Rotation>
      <X>-0.0228017457</X>
      <Y>0.06267637</Y>
      <Z>-4.671308</Z>
    </Rotation>
    <Handle>1538</Handle>
    <Bounds>
      <Vector3>
        <X>-3104.262</X>
        <Y>1124.15039</Y>
        <Z>19.3143578</Z>
      </Vector3>
      <Vector3>
        <X>-3102.22583</X>
        <Y>1123.984</Y>
        <Z>19.3121223</Z>
      </Vector3>
      <Vector3>
        <X>-3103.84521</X>
        <Y>1129.249</Y>
        <Z>19.31232</Z>
      </Vector3>
      <Vector3>
        <X>-3104.26025</X>
        <Y>1124.15088</Y>
        <Z>20.7702541</Z>
      </Vector3>
      <Vector3>
        <X>-3101.80933</X>
        <Y>1129.08264</Y>
        <Z>19.3100872</Z>
      </Vector3>
      <Vector3>
        <X>-3102.22437</X>
        <Y>1123.9845</Y>
        <Z>20.76802</Z>
      </Vector3>
      <Vector3>
        <X>-3103.84375</X>
        <Y>1129.24951</Y>
        <Z>20.768219</Z>
      </Vector3>
      <Vector3>
        <X>-3101.80762</X>
        <Y>1129.08313</Y>
        <Z>20.7659836</Z>
      </Vector3>
    </Bounds>
    <CenterCamPosition>
      <X>0</X>
      <Y>0</Y>
    </CenterCamPosition>
    <ScreenBounds />
    <DistanceToCam>0</DistanceToCam>
    <Speed>18.5134754</Speed>
    <AccInput>0.184313774</AccInput>
    <RPM>0.7386611</RPM>
    <Gear>2</Gear>
    <SteeringAngle>0.0006525202</SteeringAngle>
    <WheelSpeed>0</WheelSpeed>
    <CarType>Sports</CarType>
  </MyCar>
  <Peds />
  <Time>111766</Time>
  <LastFrameTime>0.01951561</LastFrameTime>
  <MyProperty>0</MyProperty>
  <Weather>ExtraSunny</Weather>
  <Steering>127</Steering>
  <Acc>150</Acc>
  <Brake>127</Brake>
  <DayTime>06:58:06</DayTime>
  <Position>
    <X>-3102.96533</X>
    <Y>1127.453</Y>
    <Z>20.9401169</Z>
  </Position>
  <Rotation>
    <X>-0.5215566</X>
    <Y>0.5646792</Y>
    <Z>-4.67230034</Z>
  </Rotation>
</Screenshot>