<?xml version="1.0" encoding="utf-8"?>
<Screenshot xmlns:xsd="http://www.w3.org/2001/XMLSchema" xmlns:xsi="http://www.w3.org/2001/XMLSchema-instance">
  <Cars />
  <MyCar>
    <Position>
      <X>-3102.989</X>
      <Y>1127.1781</Y>
      <Z>20.03952</Z>
    </Position>
    <Rotation>
      <X>-0.0228219014</X>
      <Y>0.06210229</Y>
      <Z>-4.66974545</Z>
    </Rotation>
    <Handle>1538</Handle>
    <Bounds>
      <Vector3>
        <X>-3104.21582</X>
        <Y>1124.71179</Y>
        <Z>19.3136978</Z>
      </Vector3>
      <Vector3>
        <X>-3102.18</X>
        <Y>1124.54541</Y>
        <Z>19.3114834</Z>
      </Vector3>
      <Vector3>
        <X>-3103.79932</X>
        <Y>1129.81042</Y>
        <Z>19.3116589</Z>
      </Vector3>
      <Vector3>
        <X>-3104.21436</X>
        <Y>1124.71216</Y>
        <Z>20.7695942</Z>
      </Vector3>
      <Vector3>
        <X>-3101.76343</X>
        <Y>1129.644</Y>
        <Z>19.3094463</Z>
      </Vector3>
      <Vector3>
        <X>-3102.17822</X>
        <Y>1124.5459</Y>
        <Z>20.76738</Z>
      </Vector3>
      <Vector3>
        <X>-3103.79785</X>
        <Y>1129.81079</Y>
        <Z>20.7675571</Z>
      </Vector3>
      <Vector3>
        <X>-3101.762</X>
        <Y>1129.64453</Y>
        <Z>20.7653427</Z>
      </Vector3>
    </Bounds>
    <CenterCamPosition>
      <X>0</X>
      <Y>0</Y>
    </CenterCamPosition>
    <ScreenBounds />
    <DistanceToCam>0</DistanceToCam>
    <Speed>18.5320244</Speed>
    <AccInput>0.184313774</AccInput>
    <RPM>0.7391775</RPM>
    <Gear>2</Gear>
    <SteeringAngle>0.0005153273</SteeringAngle>
    <WheelSpeed>0</WheelSpeed>
    <CarType>Sports</CarType>
  </MyCar>
  <Peds />
  <Time>111797</Time>
  <LastFrameTime>0.030407574</LastFrameTime>
  <MyProperty>0</MyProperty>
  <Weather>ExtraSunny</Weather>
  <Steering>127</Steering>
  <Acc>150</Acc>
  <Brake>127</Brake>
  <DayTime>06:58:07</DayTime>
  <Position>
    <X>-3102.93628</X>
    <Y>1127.813</Y>
    <Z>20.9396915</Z>
  </Position>
  <Rotation>
    <X>-0.5228017</X>
    <Y>0.56267637</Y>
    <Z>-4.671308</Z>
  </Rotation>
</Screenshot>