<?xml version="1.0" encoding="utf-8"?>
<Screenshot xmlns:xsd="http://www.w3.org/2001/XMLSchema" xmlns:xsi="http://www.w3.org/2001/XMLSchema-instance">
  <Cars />
  <MyCar>
    <Position>
      <X>-3103.06421</X>
      <Y>1126.25671</Y>
      <Z>20.04057</Z>
    </Position>
    <Rotation>
      <X>-0.0215566214</X>
      <Y>0.06467919</Y>
      <Z>-4.672301</Z>
    </Rotation>
    <Handle>1538</Handle>
    <Bounds>
      <Vector3>
        <X>-3104.29126</X>
        <Y>1123.79041</Y>
        <Z>19.3147354</Z>
      </Vector3>
      <Vector3>
        <X>-3102.25537</X>
        <Y>1123.624</Y>
        <Z>19.31243</Z>
      </Vector3>
      <Vector3>
        <X>-3103.87451</X>
        <Y>1128.889</Y>
        <Z>19.31281</Z>
      </Vector3>
      <Vector3>
        <X>-3104.28955</X>
        <Y>1123.79089</Y>
        <Z>20.7706337</Z>
      </Vector3>
      <Vector3>
        <X>-3101.83862</X>
        <Y>1128.72266</Y>
        <Z>19.3105049</Z>
      </Vector3>
      <Vector3>
        <X>-3102.25366</X>
        <Y>1123.62451</Y>
        <Z>20.7683277</Z>
      </Vector3>
      <Vector3>
        <X>-3103.8728</X>
        <Y>1128.88953</Y>
        <Z>20.76871</Z>
      </Vector3>
      <Vector3>
        <X>-3101.837</X>
        <Y>1128.723</Y>
        <Z>20.7664032</Z>
      </Vector3>
    </Bounds>
    <CenterCamPosition>
      <X>0</X>
      <Y>0</Y>
    </CenterCamPosition>
    <ScreenBounds />
    <DistanceToCam>0</DistanceToCam>
    <Speed>18.5013828</Speed>
    <AccInput>0.184313774</AccInput>
    <RPM>0.738073468</RPM>
    <Gear>2</Gear>
    <SteeringAngle>0.0007543399</SteeringAngle>
    <WheelSpeed>0</WheelSpeed>
    <CarType>Sports</CarType>
  </MyCar>
  <Peds />
  <Time>111747</Time>
  <LastFrameTime>0.0258979332</LastFrameTime>
  <MyProperty>0</MyProperty>
  <Weather>ExtraSunny</Weather>
  <Steering>127</Steering>
  <Acc>150</Acc>
  <Brake>127</Brake>
  <DayTime>06:58:05</DayTime>
  <Position>
    <X>-3103.00439</X>
    <Y>1126.97559</Y>
    <Z>20.9406681</Z>
  </Position>
  <Rotation>
    <X>-0.5216038</X>
    <Y>0.5654067</Y>
    <Z>-4.673564</Z>
  </Rotation>
</Screenshot>