<?xml version="1.0" encoding="utf-8"?>
<Screenshot xmlns:xsd="http://www.w3.org/2001/XMLSchema" xmlns:xsi="http://www.w3.org/2001/XMLSchema-instance">
  <Cars />
  <MyCar>
    <Position>
      <X>-3102.8562</X>
      <Y>1128.80371</Y>
      <Z>20.0374928</Z>
    </Position>
    <Rotation>
      <X>-0.0305255745</X>
      <Y>0.0580296628</Y>
      <Z>-4.66546</Z>
    </Rotation>
    <Handle>1538</Handle>
    <Bounds>
      <Vector3>
        <X>-3104.08276</X>
        <Y>1126.33716</Y>
        <Z>19.3119411</Z>
      </Vector3>
      <Vector3>
        <X>-3102.04688</X>
        <Y>1126.171</Y>
        <Z>19.3098717</Z>
      </Vector3>
      <Vector3>
        <X>-3103.66675</X>
        <Y>1131.43579</Y>
        <Z>19.3092155</Z>
      </Vector3>
      <Vector3>
        <X>-3104.0813</X>
        <Y>1126.33789</Y>
        <Z>20.7678375</Z>
      </Vector3>
      <Vector3>
        <X>-3101.63086</X>
        <Y>1131.26965</Y>
        <Z>19.3071461</Z>
      </Vector3>
      <Vector3>
        <X>-3102.04541</X>
        <Y>1126.17163</Y>
        <Z>20.76577</Z>
      </Vector3>
      <Vector3>
        <X>-3103.66528</X>
        <Y>1131.43652</Y>
        <Z>20.7651138</Z>
      </Vector3>
      <Vector3>
        <X>-3101.62939</X>
        <Y>1131.27039</Y>
        <Z>20.7630444</Z>
      </Vector3>
    </Bounds>
    <CenterCamPosition>
      <X>0</X>
      <Y>0</Y>
    </CenterCamPosition>
    <ScreenBounds />
    <DistanceToCam>0</DistanceToCam>
    <Speed>18.5843182</Speed>
    <AccInput>0.184313774</AccInput>
    <RPM>0.7415146</RPM>
    <Gear>2</Gear>
    <SteeringAngle>0.000266296585</SteeringAngle>
    <WheelSpeed>0</WheelSpeed>
    <CarType>Sports</CarType>
  </MyCar>
  <Peds />
  <Time>111885</Time>
  <LastFrameTime>0.0193033628</LastFrameTime>
  <MyProperty>0</MyProperty>
  <Weather>ExtraSunny</Weather>
  <Steering>127</Steering>
  <Acc>150</Acc>
  <Brake>127</Brake>
  <DayTime>06:58:09</DayTime>
  <Position>
    <X>-3102.78687</X>
    <Y>1129.64258</Y>
    <Z>20.9373436</Z>
  </Position>
  <Rotation>
    <X>-0.528462052</X>
    <Y>0.5589481</Y>
    <Z>-4.6663475</Z>
  </Rotation>
</Screenshot>