<?xml version="1.0" encoding="utf-8"?>
<Screenshot xmlns:xsd="http://www.w3.org/2001/XMLSchema" xmlns:xsi="http://www.w3.org/2001/XMLSchema-instance">
  <Cars />
  <MyCar>
    <Position>
      <X>-3102.8855</X>
      <Y>1128.44617</Y>
      <Z>20.037941</Z>
    </Position>
    <Rotation>
      <X>-0.02846209</X>
      <Y>0.0589481443</Y>
      <Z>-4.6663475</Z>
    </Rotation>
    <Handle>1538</Handle>
    <Bounds>
      <Vector3>
        <X>-3104.1123</X>
        <Y>1125.97974</Y>
        <Z>19.3123131</Z>
      </Vector3>
      <Vector3>
        <X>-3102.07617</X>
        <Y>1125.81348</Y>
        <Z>19.3102112</Z>
      </Vector3>
      <Vector3>
        <X>-3103.696</X>
        <Y>1131.07837</Y>
        <Z>19.3097725</Z>
      </Vector3>
      <Vector3>
        <X>-3104.1106</X>
        <Y>1125.98035</Y>
        <Z>20.7682114</Z>
      </Vector3>
      <Vector3>
        <X>-3101.66016</X>
        <Y>1130.91211</Y>
        <Z>19.30767</Z>
      </Vector3>
      <Vector3>
        <X>-3102.07471</X>
        <Y>1125.81409</Y>
        <Z>20.76611</Z>
      </Vector3>
      <Vector3>
        <X>-3103.69458</X>
        <Y>1131.079</Y>
        <Z>20.7656689</Z>
      </Vector3>
      <Vector3>
        <X>-3101.65845</X>
        <Y>1130.91272</Y>
        <Z>20.7635689</Z>
      </Vector3>
    </Bounds>
    <CenterCamPosition>
      <X>0</X>
      <Y>0</Y>
    </CenterCamPosition>
    <ScreenBounds />
    <DistanceToCam>0</DistanceToCam>
    <Speed>18.57298</Speed>
    <AccInput>0.184313774</AccInput>
    <RPM>0.7409716</RPM>
    <Gear>2</Gear>
    <SteeringAngle>0.000307246461</SteeringAngle>
    <WheelSpeed>0</WheelSpeed>
    <CarType>Sports</CarType>
  </MyCar>
  <Peds />
  <Time>111865</Time>
  <LastFrameTime>0.0184757821</LastFrameTime>
  <MyProperty>0</MyProperty>
  <Weather>ExtraSunny</Weather>
  <Steering>127</Steering>
  <Acc>150</Acc>
  <Brake>127</Brake>
  <DayTime>06:58:09</DayTime>
  <Position>
    <X>-3102.8147</X>
    <Y>1129.30066</Y>
    <Z>20.937809</Z>
  </Position>
  <Rotation>
    <X>-0.5267136</X>
    <Y>0.559818447</Y>
    <Z>-4.66723251</Z>
  </Rotation>
</Screenshot>