<?xml version="1.0" encoding="utf-8"?>
<Screenshot xmlns:xsd="http://www.w3.org/2001/XMLSchema" xmlns:xsi="http://www.w3.org/2001/XMLSchema-instance">
  <Cars />
  <MyCar>
    <Position>
      <X>-3102.95532</X>
      <Y>1127.58948</Y>
      <Z>20.0390186</Z>
    </Position>
    <Rotation>
      <X>-0.0246557463</X>
      <Y>0.06193146</Y>
      <Z>-4.66861153</Z>
    </Rotation>
    <Handle>1538</Handle>
    <Bounds>
      <Vector3>
        <X>-3104.18213</X>
        <Y>1125.123</Y>
        <Z>19.3132744</Z>
      </Vector3>
      <Vector3>
        <X>-3102.14624</X>
        <Y>1124.95679</Y>
        <Z>19.3110657</Z>
      </Vector3>
      <Vector3>
        <X>-3103.76587</X>
        <Y>1130.22168</Y>
        <Z>19.3110733</Z>
      </Vector3>
      <Vector3>
        <X>-3104.18066</X>
        <Y>1125.12354</Y>
        <Z>20.7691727</Z>
      </Vector3>
      <Vector3>
        <X>-3101.72974</X>
        <Y>1130.05542</Y>
        <Z>19.3088646</Z>
      </Vector3>
      <Vector3>
        <X>-3102.14453</X>
        <Y>1124.95728</Y>
        <Z>20.766964</Z>
      </Vector3>
      <Vector3>
        <X>-3103.76416</X>
        <Y>1130.22217</Y>
        <Z>20.76697</Z>
      </Vector3>
      <Vector3>
        <X>-3101.72827</X>
        <Y>1130.05591</Y>
        <Z>20.7647629</Z>
      </Vector3>
    </Bounds>
    <CenterCamPosition>
      <X>0</X>
      <Y>0</Y>
    </CenterCamPosition>
    <ScreenBounds />
    <DistanceToCam>0</DistanceToCam>
    <Speed>18.5454731</Speed>
    <AccInput>0.184313774</AccInput>
    <RPM>0.739796162</RPM>
    <Gear>2</Gear>
    <SteeringAngle>0.0004360442</SteeringAngle>
    <WheelSpeed>0</WheelSpeed>
    <CarType>Sports</CarType>
  </MyCar>
  <Peds />
  <Time>111819</Time>
  <LastFrameTime>0.0222605541</LastFrameTime>
  <MyProperty>0</MyProperty>
  <Weather>ExtraSunny</Weather>
  <Steering>127</Steering>
  <Acc>150</Acc>
  <Brake>127</Brake>
  <DayTime>06:58:07</DayTime>
  <Position>
    <X>-3102.89038</X>
    <Y>1128.37439</Y>
    <Z>20.9390411</Z>
  </Position>
  <Rotation>
    <X>-0.5228218</X>
    <Y>0.562102258</Y>
    <Z>-4.669745</Z>
  </Rotation>
</Screenshot>