<?xml version="1.0" encoding="utf-8"?>
<Screenshot xmlns:xsd="http://www.w3.org/2001/XMLSchema" xmlns:xsi="http://www.w3.org/2001/XMLSchema-instance">
  <Cars />
  <MyCar>
    <Position>
      <X>-3102.91333</X>
      <Y>1128.10425</Y>
      <Z>20.0383682</Z>
    </Position>
    <Rotation>
      <X>-0.0267135967</X>
      <Y>0.05981844</Y>
      <Z>-4.66723251</Z>
    </Rotation>
    <Handle>1538</Handle>
    <Bounds>
      <Vector3>
        <X>-3104.14014</X>
        <Y>1125.63782</Y>
        <Z>19.3126774</Z>
      </Vector3>
      <Vector3>
        <X>-3102.10425</X>
        <Y>1125.47156</Y>
        <Z>19.310545</Z>
      </Vector3>
      <Vector3>
        <X>-3103.72388</X>
        <Y>1130.73645</Y>
        <Z>19.3102932</Z>
      </Vector3>
      <Vector3>
        <X>-3104.13843</X>
        <Y>1125.63831</Y>
        <Z>20.7685757</Z>
      </Vector3>
      <Vector3>
        <X>-3101.688</X>
        <Y>1130.57019</Y>
        <Z>19.30816</Z>
      </Vector3>
      <Vector3>
        <X>-3102.10254</X>
        <Y>1125.47217</Y>
        <Z>20.7664433</Z>
      </Vector3>
      <Vector3>
        <X>-3103.72217</X>
        <Y>1130.737</Y>
        <Z>20.76619</Z>
      </Vector3>
      <Vector3>
        <X>-3101.68628</X>
        <Y>1130.5708</Y>
        <Z>20.7640572</Z>
      </Vector3>
    </Bounds>
    <CenterCamPosition>
      <X>0</X>
      <Y>0</Y>
    </CenterCamPosition>
    <ScreenBounds />
    <DistanceToCam>0</DistanceToCam>
    <Speed>18.5620461</Speed>
    <AccInput>0.184313774</AccInput>
    <RPM>0.740393341</RPM>
    <Gear>2</Gear>
    <SteeringAngle>0.0003521852</SteeringAngle>
    <WheelSpeed>0</WheelSpeed>
    <CarType>Sports</CarType>
  </MyCar>
  <Peds />
  <Time>111847</Time>
  <LastFrameTime>0.0278354678</LastFrameTime>
  <MyProperty>0</MyProperty>
  <Weather>ExtraSunny</Weather>
  <Steering>127</Steering>
  <Acc>150</Acc>
  <Brake>127</Brake>
  <DayTime>06:58:08</DayTime>
  <Position>
    <X>-3102.85669</X>
    <Y>1128.78577</Y>
    <Z>20.9385014</Z>
  </Position>
  <Rotation>
    <X>-0.5246557</X>
    <Y>0.561931551</Y>
    <Z>-4.668611</Z>
  </Rotation>
</Screenshot>