<?xml version="1.0" encoding="utf-8"?>
<Screenshot xmlns:xsd="http://www.w3.org/2001/XMLSchema" xmlns:xsi="http://www.w3.org/2001/XMLSchema-instance">
  <Cars />
  <MyCar>
    <Position>
      <X>-3102.78149</X>
      <Y>1129.71985</Y>
      <Z>20.0363922</Z>
    </Position>
    <Rotation>
      <X>-0.0366865471</X>
      <Y>0.0543984249</Y>
      <Z>-4.66340637</Z>
    </Rotation>
    <Handle>1538</Handle>
    <Bounds>
      <Vector3>
        <X>-3104.008</X>
        <Y>1127.25317</Y>
        <Z>19.31105</Z>
      </Vector3>
      <Vector3>
        <X>-3101.97217</X>
        <Y>1127.08716</Y>
        <Z>19.30911</Z>
      </Vector3>
      <Vector3>
        <X>-3103.592</X>
        <Y>1132.35181</Y>
        <Z>19.3077755</Z>
      </Vector3>
      <Vector3>
        <X>-3104.00659</X>
        <Y>1127.254</Y>
        <Z>20.7669487</Z>
      </Vector3>
      <Vector3>
        <X>-3101.55615</X>
        <Y>1132.18579</Y>
        <Z>19.3058357</Z>
      </Vector3>
      <Vector3>
        <X>-3101.9707</X>
        <Y>1127.08789</Y>
        <Z>20.7650089</Z>
      </Vector3>
      <Vector3>
        <X>-3103.59058</X>
        <Y>1132.35266</Y>
        <Z>20.7636719</Z>
      </Vector3>
      <Vector3>
        <X>-3101.55469</X>
        <Y>1132.18665</Y>
        <Z>20.761734</Z>
      </Vector3>
    </Bounds>
    <CenterCamPosition>
      <X>0</X>
      <Y>0</Y>
    </CenterCamPosition>
    <ScreenBounds />
    <DistanceToCam>0</DistanceToCam>
    <Speed>18.61295</Speed>
    <AccInput>0.184313774</AccInput>
    <RPM>0.742488861</RPM>
    <Gear>2</Gear>
    <SteeringAngle>0.000182939068</SteeringAngle>
    <WheelSpeed>0</WheelSpeed>
    <CarType>Sports</CarType>
  </MyCar>
  <Peds />
  <Time>111934</Time>
  <LastFrameTime>0.0200220253</LastFrameTime>
  <MyProperty>0</MyProperty>
  <Weather>ExtraSunny</Weather>
  <Steering>127</Steering>
  <Acc>150</Acc>
  <Brake>127</Brake>
  <DayTime>06:58:11</DayTime>
  <Position>
    <X>-3102.71338</X>
    <Y>1130.545</Y>
    <Z>20.9361343</Z>
  </Position>
  <Rotation>
    <X>-0.534097433</X>
    <Y>0.556086659</Y>
    <Z>-4.664202</Z>
  </Rotation>
</Screenshot>