<?xml version="1.0" encoding="utf-8"?>
<Screenshot xmlns:xsd="http://www.w3.org/2001/XMLSchema" xmlns:xsi="http://www.w3.org/2001/XMLSchema-instance">
  <Cars />
  <MyCar>
    <Position>
      <X>-3102.81177</X>
      <Y>1129.34851</Y>
      <Z>20.03685</Z>
    </Position>
    <Rotation>
      <X>-0.03409749</X>
      <Y>0.0560867153</Y>
      <Z>-4.664202</Z>
    </Rotation>
    <Handle>1538</Handle>
    <Bounds>
      <Vector3>
        <X>-3104.03833</X>
        <Y>1126.882</Y>
        <Z>19.3114223</Z>
      </Vector3>
      <Vector3>
        <X>-3102.00244</X>
        <Y>1126.71582</Y>
        <Z>19.3094234</Z>
      </Vector3>
      <Vector3>
        <X>-3103.62231</X>
        <Y>1131.98059</Y>
        <Z>19.3083782</Z>
      </Vector3>
      <Vector3>
        <X>-3104.03687</X>
        <Y>1126.88269</Y>
        <Z>20.76732</Z>
      </Vector3>
      <Vector3>
        <X>-3101.58643</X>
        <Y>1131.81445</Y>
        <Z>19.30638</Z>
      </Vector3>
      <Vector3>
        <X>-3102.001</X>
        <Y>1126.71655</Y>
        <Z>20.7653217</Z>
      </Vector3>
      <Vector3>
        <X>-3103.62085</X>
        <Y>1131.98132</Y>
        <Z>20.7642765</Z>
      </Vector3>
      <Vector3>
        <X>-3101.585</X>
        <Y>1131.81519</Y>
        <Z>20.7622757</Z>
      </Vector3>
    </Bounds>
    <CenterCamPosition>
      <X>0</X>
      <Y>0</Y>
    </CenterCamPosition>
    <ScreenBounds />
    <DistanceToCam>0</DistanceToCam>
    <Speed>18.6014175</Speed>
    <AccInput>0.184313774</AccInput>
    <RPM>0.7419417</RPM>
    <Gear>2</Gear>
    <SteeringAngle>0.000212262559</SteeringAngle>
    <WheelSpeed>0</WheelSpeed>
    <CarType>Sports</CarType>
  </MyCar>
  <Peds />
  <Time>111914</Time>
  <LastFrameTime>0.0293959845</LastFrameTime>
  <MyProperty>0</MyProperty>
  <Weather>ExtraSunny</Weather>
  <Steering>127</Steering>
  <Acc>150</Acc>
  <Brake>127</Brake>
  <DayTime>06:58:10</DayTime>
  <Position>
    <X>-3102.75757</X>
    <Y>1130.00012</Y>
    <Z>20.9368534</Z>
  </Position>
  <Rotation>
    <X>-0.530525565</X>
    <Y>0.558029652</Y>
    <Z>-4.66545963</Z>
  </Rotation>
</Screenshot>