<?xml version="1.0" encoding="utf-8"?>
<Screenshot xmlns:xsd="http://www.w3.org/2001/XMLSchema" xmlns:xsi="http://www.w3.org/2001/XMLSchema-instance">
  <Cars />
  <MyCar>
    <Position>
      <X>-3102.73657</X>
      <Y>1130.26733</Y>
      <Z>20.03571</Z>
    </Position>
    <Rotation>
      <X>-0.03980023</X>
      <Y>0.05321676</Y>
      <Z>-4.66233444</Z>
    </Rotation>
    <Handle>1538</Handle>
    <Bounds>
      <Vector3>
        <X>-3103.96313</X>
        <Y>1127.80066</Y>
        <Z>19.3104858</Z>
      </Vector3>
      <Vector3>
        <X>-3101.927</X>
        <Y>1127.63452</Y>
        <Z>19.308588</Z>
      </Vector3>
      <Vector3>
        <X>-3103.547</X>
        <Y>1132.89929</Y>
        <Z>19.3069324</Z>
      </Vector3>
      <Vector3>
        <X>-3103.96167</X>
        <Y>1127.80151</Y>
        <Z>20.7663841</Z>
      </Vector3>
      <Vector3>
        <X>-3101.51123</X>
        <Y>1132.73328</Y>
        <Z>19.3050346</Z>
      </Vector3>
      <Vector3>
        <X>-3101.92554</X>
        <Y>1127.6355</Y>
        <Z>20.7644863</Z>
      </Vector3>
      <Vector3>
        <X>-3103.546</X>
        <Y>1132.90015</Y>
        <Z>20.7628288</Z>
      </Vector3>
      <Vector3>
        <X>-3101.50977</X>
        <Y>1132.73413</Y>
        <Z>20.7609329</Z>
      </Vector3>
    </Bounds>
    <CenterCamPosition>
      <X>0</X>
      <Y>0</Y>
    </CenterCamPosition>
    <ScreenBounds />
    <DistanceToCam>0</DistanceToCam>
    <Speed>18.6298466</Speed>
    <AccInput>0.184313774</AccInput>
    <RPM>0.743057251</RPM>
    <Gear>2</Gear>
    <SteeringAngle>0.000145722559</SteeringAngle>
    <WheelSpeed>0</WheelSpeed>
    <CarType>Sports</CarType>
  </MyCar>
  <Peds />
  <Time>111964</Time>
  <LastFrameTime>0.0294928</LastFrameTime>
  <MyProperty>0</MyProperty>
  <Weather>ExtraSunny</Weather>
  <Steering>127</Steering>
  <Acc>150</Acc>
  <Brake>127</Brake>
  <DayTime>06:58:12</DayTime>
  <Position>
    <X>-3102.683</X>
    <Y>1130.91638</Y>
    <Z>20.9356232</Z>
  </Position>
  <Rotation>
    <X>-0.5366866</X>
    <Y>0.554398358</Y>
    <Z>-4.66340637</Z>
  </Rotation>
</Screenshot>