<?xml version="1.0" encoding="utf-8"?>
<Screenshot xmlns:xsd="http://www.w3.org/2001/XMLSchema" xmlns:xsi="http://www.w3.org/2001/XMLSchema-instance">
  <Cars />
  <MyCar>
    <Position>
      <X>-3102.7063</X>
      <Y>1130.63684</Y>
      <Z>20.03523</Z>
    </Position>
    <Rotation>
      <X>-0.0406542234</X>
      <Y>0.0518918671</Y>
      <Z>-4.661665</Z>
    </Rotation>
    <Handle>1538</Handle>
    <Bounds>
      <Vector3>
        <X>-3103.93262</X>
        <Y>1128.17</Y>
        <Z>19.3100224</Z>
      </Vector3>
      <Vector3>
        <X>-3101.89673</X>
        <Y>1128.004</Y>
        <Z>19.3081722</Z>
      </Vector3>
      <Vector3>
        <X>-3103.517</X>
        <Y>1133.2688</Y>
        <Z>19.3063927</Z>
      </Vector3>
      <Vector3>
        <X>-3103.9314</X>
        <Y>1128.171</Y>
        <Z>20.7659187</Z>
      </Vector3>
      <Vector3>
        <X>-3101.481</X>
        <Y>1133.10278</Y>
        <Z>19.3045425</Z>
      </Vector3>
      <Vector3>
        <X>-3101.89526</X>
        <Y>1128.005</Y>
        <Z>20.7640686</Z>
      </Vector3>
      <Vector3>
        <X>-3103.51563</X>
        <Y>1133.26965</Y>
        <Z>20.76229</Z>
      </Vector3>
      <Vector3>
        <X>-3101.47974</X>
        <Y>1133.10364</Y>
        <Z>20.7604389</Z>
      </Vector3>
    </Bounds>
    <CenterCamPosition>
      <X>0</X>
      <Y>0</Y>
    </CenterCamPosition>
    <ScreenBounds />
    <DistanceToCam>0</DistanceToCam>
    <Speed>18.6411743</Speed>
    <AccInput>0.184313774</AccInput>
    <RPM>0.7436176</RPM>
    <Gear>2</Gear>
    <SteeringAngle>0.000125735227</SteeringAngle>
    <WheelSpeed>0</WheelSpeed>
    <CarType>Sports</CarType>
  </MyCar>
  <Peds />
  <Time>111983</Time>
  <LastFrameTime>0.01989263</LastFrameTime>
  <MyProperty>0</MyProperty>
  <Weather>ExtraSunny</Weather>
  <Steering>127</Steering>
  <Acc>150</Acc>
  <Brake>127</Brake>
  <DayTime>06:58:12</DayTime>
  <Position>
    <X>-3102.63818</X>
    <Y>1131.46387</Y>
    <Z>20.9348755</Z>
  </Position>
  <Rotation>
    <X>-0.539800167</X>
    <Y>0.5532169</Y>
    <Z>-4.66233444</Z>
  </Rotation>
</Screenshot>