<?xml version="1.0" encoding="utf-8"?>
<Screenshot xmlns:xsd="http://www.w3.org/2001/XMLSchema" xmlns:xsi="http://www.w3.org/2001/XMLSchema-instance">
  <Cars />
  <MyCar>
    <Position>
      <X>-3102.59546</X>
      <Y>1131.99951</Y>
      <Z>20.0334034</Z>
    </Position>
    <Rotation>
      <X>-0.0399226919</X>
      <Y>0.04334767</Y>
      <Z>-4.65962458</Z>
    </Rotation>
    <Handle>1538</Handle>
    <Bounds>
      <Vector3>
        <X>-3103.82178</X>
        <Y>1129.53271</Y>
        <Z>19.30801</Z>
      </Vector3>
      <Vector3>
        <X>-3101.78564</X>
        <Y>1129.36682</Y>
        <Z>19.3064632</Z>
      </Vector3>
      <Vector3>
        <X>-3103.406</X>
        <Y>1134.63147</Y>
        <Z>19.3044453</Z>
      </Vector3>
      <Vector3>
        <X>-3103.82056</X>
        <Y>1129.53369</Y>
        <Z>20.7639065</Z>
      </Vector3>
      <Vector3>
        <X>-3101.37</X>
        <Y>1134.46545</Y>
        <Z>19.3029</Z>
      </Vector3>
      <Vector3>
        <X>-3101.78442</X>
        <Y>1129.36768</Y>
        <Z>20.7623615</Z>
      </Vector3>
      <Vector3>
        <X>-3103.405</X>
        <Y>1134.63232</Y>
        <Z>20.7603416</Z>
      </Vector3>
      <Vector3>
        <X>-3101.369</X>
        <Y>1134.46643</Y>
        <Z>20.7587967</Z>
      </Vector3>
    </Bounds>
    <CenterCamPosition>
      <X>0</X>
      <Y>0</Y>
    </CenterCamPosition>
    <ScreenBounds />
    <DistanceToCam>0</DistanceToCam>
    <Speed>18.6824818</Speed>
    <AccInput>0.184313774</AccInput>
    <RPM>0.745349169</RPM>
    <Gear>2</Gear>
    <SteeringAngle>7.218056E-05</SteeringAngle>
    <WheelSpeed>0</WheelSpeed>
    <CarType>Sports</CarType>
  </MyCar>
  <Peds />
  <Time>112057</Time>
  <LastFrameTime>0.02488386</LastFrameTime>
  <MyProperty>0</MyProperty>
  <Weather>ExtraSunny</Weather>
  <Steering>127</Steering>
  <Acc>150</Acc>
  <Brake>127</Brake>
  <DayTime>06:58:15</DayTime>
  <Position>
    <X>-3102.535</X>
    <Y>1132.73291</Y>
    <Z>20.9331989</Z>
  </Position>
  <Rotation>
    <X>-0.5395944</X>
    <Y>0.544628</Y>
    <Z>-4.660239</Z>
  </Rotation>
</Screenshot>