<?xml version="1.0" encoding="utf-8"?>
<Screenshot xmlns:xsd="http://www.w3.org/2001/XMLSchema" xmlns:xsi="http://www.w3.org/2001/XMLSchema-instance">
  <Cars />
  <MyCar>
    <Position>
      <X>-3102.661</X>
      <Y>1131.19556</Y>
      <Z>20.0344715</Z>
    </Position>
    <Rotation>
      <X>-0.0404169634</X>
      <Y>0.04905683</Y>
      <Z>-4.660749</Z>
    </Rotation>
    <Handle>1538</Handle>
    <Bounds>
      <Vector3>
        <X>-3103.88721</X>
        <Y>1128.72876</Y>
        <Z>19.3092022</Z>
      </Vector3>
      <Vector3>
        <X>-3101.85132</X>
        <Y>1128.56287</Y>
        <Z>19.3074532</Z>
      </Vector3>
      <Vector3>
        <X>-3103.47168</X>
        <Y>1133.82751</Y>
        <Z>19.3055935</Z>
      </Vector3>
      <Vector3>
        <X>-3103.886</X>
        <Y>1128.72974</Y>
        <Z>20.7650986</Z>
      </Vector3>
      <Vector3>
        <X>-3101.43555</X>
        <Y>1133.6615</Y>
        <Z>19.3038445</Z>
      </Vector3>
      <Vector3>
        <X>-3101.84985</X>
        <Y>1128.56372</Y>
        <Z>20.76335</Z>
      </Vector3>
      <Vector3>
        <X>-3103.47021</X>
        <Y>1133.82837</Y>
        <Z>20.76149</Z>
      </Vector3>
      <Vector3>
        <X>-3101.43433</X>
        <Y>1133.66248</Y>
        <Z>20.75974</Z>
      </Vector3>
    </Bounds>
    <CenterCamPosition>
      <X>0</X>
      <Y>0</Y>
    </CenterCamPosition>
    <ScreenBounds />
    <DistanceToCam>0</DistanceToCam>
    <Speed>18.6581745</Speed>
    <AccInput>0.184313774</AccInput>
    <RPM>0.744203448</RPM>
    <Gear>2</Gear>
    <SteeringAngle>9.969157E-05</SteeringAngle>
    <WheelSpeed>0</WheelSpeed>
    <CarType>Sports</CarType>
  </MyCar>
  <Peds />
  <Time>112013</Time>
  <LastFrameTime>0.030048864</LastFrameTime>
  <MyProperty>0</MyProperty>
  <Weather>ExtraSunny</Weather>
  <Steering>127</Steering>
  <Acc>150</Acc>
  <Brake>127</Brake>
  <DayTime>06:58:13</DayTime>
  <Position>
    <X>-3102.608</X>
    <Y>1131.8335</Y>
    <Z>20.9343777</Z>
  </Position>
  <Rotation>
    <X>-0.540654242</X>
    <Y>0.551891863</Y>
    <Z>-4.66166449</Z>
  </Rotation>
</Screenshot>