<?xml version="1.0" encoding="utf-8"?>
<Screenshot xmlns:xsd="http://www.w3.org/2001/XMLSchema" xmlns:xsi="http://www.w3.org/2001/XMLSchema-instance">
  <Cars />
  <MyCar>
    <Position>
      <X>-3102.55884</X>
      <Y>1132.448</Y>
      <Z>20.032795</Z>
    </Position>
    <Rotation>
      <X>-0.0404844172</X>
      <Y>0.0423684828</Y>
      <Z>-4.659078</Z>
    </Rotation>
    <Handle>1538</Handle>
    <Bounds>
      <Vector3>
        <X>-3103.78516</X>
        <Y>1129.9812</Y>
        <Z>19.30741</Z>
      </Vector3>
      <Vector3>
        <X>-3101.749</X>
        <Y>1129.81531</Y>
        <Z>19.3058987</Z>
      </Vector3>
      <Vector3>
        <X>-3103.36963</X>
        <Y>1135.07983</Y>
        <Z>19.3037949</Z>
      </Vector3>
      <Vector3>
        <X>-3103.784</X>
        <Y>1129.98218</Y>
        <Z>20.7633057</Z>
      </Vector3>
      <Vector3>
        <X>-3101.3335</X>
        <Y>1134.914</Y>
        <Z>19.3022842</Z>
      </Vector3>
      <Vector3>
        <X>-3101.7478</X>
        <Y>1129.81616</Y>
        <Z>20.761795</Z>
      </Vector3>
      <Vector3>
        <X>-3103.36841</X>
        <Y>1135.08081</Y>
        <Z>20.7596912</Z>
      </Vector3>
      <Vector3>
        <X>-3101.33228</X>
        <Y>1134.91492</Y>
        <Z>20.75818</Z>
      </Vector3>
    </Bounds>
    <CenterCamPosition>
      <X>0</X>
      <Y>0</Y>
    </CenterCamPosition>
    <ScreenBounds />
    <DistanceToCam>0</DistanceToCam>
    <Speed>18.6959648</Speed>
    <AccInput>0.184313774</AccInput>
    <RPM>0.745807052</RPM>
    <Gear>2</Gear>
    <SteeringAngle>6.0215898E-05</SteeringAngle>
    <WheelSpeed>0</WheelSpeed>
    <CarType>Sports</CarType>
  </MyCar>
  <Peds />
  <Time>112081</Time>
  <LastFrameTime>0.0240711756</LastFrameTime>
  <MyProperty>0</MyProperty>
  <Weather>ExtraSunny</Weather>
  <Steering>127</Steering>
  <Acc>150</Acc>
  <Brake>127</Brake>
  <DayTime>06:58:15</DayTime>
  <Position>
    <X>-3102.49731</X>
    <Y>1133.19617</Y>
    <Z>20.9325676</Z>
  </Position>
  <Rotation>
    <X>-0.5399228</X>
    <Y>0.5433476</Y>
    <Z>-4.65962458</Z>
  </Rotation>
</Screenshot>