<?xml version="1.0" encoding="utf-8"?>
<Screenshot xmlns:xsd="http://www.w3.org/2001/XMLSchema" xmlns:xsi="http://www.w3.org/2001/XMLSchema-instance">
  <Cars />
  <MyCar>
    <Position>
      <X>-3102.633</X>
      <Y>1131.53625</Y>
      <Z>20.034029</Z>
    </Position>
    <Rotation>
      <X>-0.0395943671</X>
      <Y>0.0446278937</Y>
      <Z>-4.6602397</Z>
    </Rotation>
    <Handle>1538</Handle>
    <Bounds>
      <Vector3>
        <X>-3103.85938</X>
        <Y>1129.06946</Y>
        <Z>19.3086433</Z>
      </Vector3>
      <Vector3>
        <X>-3101.82324</X>
        <Y>1128.90356</Y>
        <Z>19.3070526</Z>
      </Vector3>
      <Vector3>
        <X>-3103.4436</X>
        <Y>1134.16821</Y>
        <Z>19.305109</Z>
      </Vector3>
      <Vector3>
        <X>-3103.85815</X>
        <Y>1129.07043</Y>
        <Z>20.7645416</Z>
      </Vector3>
      <Vector3>
        <X>-3101.40771</X>
        <Y>1134.0022</Y>
        <Z>19.3035164</Z>
      </Vector3>
      <Vector3>
        <X>-3101.82227</X>
        <Y>1128.90442</Y>
        <Z>20.762949</Z>
      </Vector3>
      <Vector3>
        <X>-3103.44238</X>
        <Y>1134.16907</Y>
        <Z>20.7610054</Z>
      </Vector3>
      <Vector3>
        <X>-3101.40649</X>
        <Y>1134.00317</Y>
        <Z>20.7594147</Z>
      </Vector3>
    </Bounds>
    <CenterCamPosition>
      <X>0</X>
      <Y>0</Y>
    </CenterCamPosition>
    <ScreenBounds />
    <DistanceToCam>0</DistanceToCam>
    <Speed>18.6684914</Speed>
    <AccInput>0.184313774</AccInput>
    <RPM>0.744775</RPM>
    <Gear>2</Gear>
    <SteeringAngle>8.7112996E-05</SteeringAngle>
    <WheelSpeed>0</WheelSpeed>
    <CarType>Sports</CarType>
  </MyCar>
  <Peds />
  <Time>112032</Time>
  <LastFrameTime>0.018311942</LastFrameTime>
  <MyProperty>0</MyProperty>
  <Weather>ExtraSunny</Weather>
  <Steering>127</Steering>
  <Acc>150</Acc>
  <Brake>127</Brake>
  <DayTime>06:58:14</DayTime>
  <Position>
    <X>-3102.5625</X>
    <Y>1132.39221</Y>
    <Z>20.9336243</Z>
  </Position>
  <Rotation>
    <X>-0.540416956</X>
    <Y>0.549056768</Y>
    <Z>-4.660749</Z>
  </Rotation>
</Screenshot>