<?xml version="1.0" encoding="utf-8"?>
<Screenshot xmlns:xsd="http://www.w3.org/2001/XMLSchema" xmlns:xsi="http://www.w3.org/2001/XMLSchema-instance">
  <Cars />
  <MyCar>
    <Position>
      <X>-3102.52368</X>
      <Y>1132.877</Y>
      <Z>20.03222</Z>
    </Position>
    <Rotation>
      <X>-0.0416322835</X>
      <Y>0.04044639</Y>
      <Z>-4.658598</Z>
    </Rotation>
    <Handle>1538</Handle>
    <Bounds>
      <Vector3>
        <X>-3103.74976</X>
        <Y>1130.41016</Y>
        <Z>19.3068523</Z>
      </Vector3>
      <Vector3>
        <X>-3101.71387</X>
        <Y>1130.24426</Y>
        <Z>19.30541</Z>
      </Vector3>
      <Vector3>
        <X>-3103.33447</X>
        <Y>1135.50879</Y>
        <Z>19.3031349</Z>
      </Vector3>
      <Vector3>
        <X>-3103.74878</X>
        <Y>1130.41113</Y>
        <Z>20.7627487</Z>
      </Vector3>
      <Vector3>
        <X>-3101.29834</X>
        <Y>1135.3429</Y>
        <Z>19.301693</Z>
      </Vector3>
      <Vector3>
        <X>-3101.71265</X>
        <Y>1130.24524</Y>
        <Z>20.7613068</Z>
      </Vector3>
      <Vector3>
        <X>-3103.33325</X>
        <Y>1135.50977</Y>
        <Z>20.7590313</Z>
      </Vector3>
      <Vector3>
        <X>-3101.29736</X>
        <Y>1135.34387</Y>
        <Z>20.75759</Z>
      </Vector3>
    </Bounds>
    <CenterCamPosition>
      <X>0</X>
      <Y>0</Y>
    </CenterCamPosition>
    <ScreenBounds />
    <DistanceToCam>0</DistanceToCam>
    <Speed>18.7088051</Speed>
    <AccInput>0.184313774</AccInput>
    <RPM>0.746344149</RPM>
    <Gear>2</Gear>
    <SteeringAngle>5.06784345E-05</SteeringAngle>
    <WheelSpeed>0</WheelSpeed>
    <CarType>Sports</CarType>
  </MyCar>
  <Peds />
  <Time>112104</Time>
  <LastFrameTime>0.0230080765</LastFrameTime>
  <MyProperty>0</MyProperty>
  <Weather>ExtraSunny</Weather>
  <Steering>127</Steering>
  <Acc>150</Acc>
  <Brake>127</Brake>
  <DayTime>06:58:16</DayTime>
  <Position>
    <X>-3102.46069</X>
    <Y>1133.64465</Y>
    <Z>20.9319458</Z>
  </Position>
  <Rotation>
    <X>-0.5404845</X>
    <Y>0.5423685</Y>
    <Z>-4.659078</Z>
  </Rotation>
</Screenshot>