<?xml version="1.0" encoding="utf-8"?>
<Screenshot xmlns:xsd="http://www.w3.org/2001/XMLSchema" xmlns:xsi="http://www.w3.org/2001/XMLSchema-instance">
  <Cars />
  <MyCar>
    <Position>
      <X>-3102.4563</X>
      <Y>1133.70642</Y>
      <Z>20.03108</Z>
    </Position>
    <Rotation>
      <X>-0.0434621237</X>
      <Y>0.038489785</Y>
      <Z>-4.657793</Z>
    </Rotation>
    <Handle>1538</Handle>
    <Bounds>
      <Vector3>
        <X>-3103.68237</X>
        <Y>1131.2395</Y>
        <Z>19.3057575</Z>
      </Vector3>
      <Vector3>
        <X>-3101.64648</X>
        <Y>1131.07373</Y>
        <Z>19.3043861</Z>
      </Vector3>
      <Vector3>
        <X>-3103.267</X>
        <Y>1136.33826</Y>
        <Z>19.301878</Z>
      </Vector3>
      <Vector3>
        <X>-3103.6814</X>
        <Y>1131.2406</Y>
        <Z>20.7616558</Z>
      </Vector3>
      <Vector3>
        <X>-3101.231</X>
        <Y>1136.17236</Y>
        <Z>19.3005047</Z>
      </Vector3>
      <Vector3>
        <X>-3101.64526</X>
        <Y>1131.07471</Y>
        <Z>20.7602825</Z>
      </Vector3>
      <Vector3>
        <X>-3103.26587</X>
        <Y>1136.33923</Y>
        <Z>20.7577744</Z>
      </Vector3>
      <Vector3>
        <X>-3101.23</X>
        <Y>1136.17334</Y>
        <Z>20.756403</Z>
      </Vector3>
    </Bounds>
    <CenterCamPosition>
      <X>0</X>
      <Y>0</Y>
    </CenterCamPosition>
    <ScreenBounds />
    <DistanceToCam>0</DistanceToCam>
    <Speed>18.73347</Speed>
    <AccInput>0.184313774</AccInput>
    <RPM>0.7473998</RPM>
    <Gear>2</Gear>
    <SteeringAngle>3.63218023E-05</SteeringAngle>
    <WheelSpeed>0</WheelSpeed>
    <CarType>Sports</CarType>
  </MyCar>
  <Peds />
  <Time>112148</Time>
  <LastFrameTime>0.017995432</LastFrameTime>
  <MyProperty>0</MyProperty>
  <Weather>ExtraSunny</Weather>
  <Steering>127</Steering>
  <Acc>150</Acc>
  <Brake>127</Brake>
  <DayTime>06:58:17</DayTime>
  <Position>
    <X>-3102.3855</X>
    <Y>1134.56714</Y>
    <Z>20.9306622</Z>
  </Position>
  <Rotation>
    <X>-0.542289257</X>
    <Y>0.5392237</Y>
    <Z>-4.65810442</Z>
  </Rotation>
</Screenshot>