<?xml version="1.0" encoding="utf-8"?>
<Screenshot xmlns:xsd="http://www.w3.org/2001/XMLSchema" xmlns:xsi="http://www.w3.org/2001/XMLSchema-instance">
  <Cars />
  <MyCar>
    <Position>
      <X>-3102.422</X>
      <Y>1134.125</Y>
      <Z>20.0304947</Z>
    </Position>
    <Rotation>
      <X>-0.04490585</X>
      <Y>0.03761893</Y>
      <Z>-4.65743876</Z>
    </Rotation>
    <Handle>1538</Handle>
    <Bounds>
      <Vector3>
        <X>-3103.64819</X>
        <Y>1131.65808</Y>
        <Z>19.3052216</Z>
      </Vector3>
      <Vector3>
        <X>-3101.6123</X>
        <Y>1131.49219</Y>
        <Z>19.30388</Z>
      </Vector3>
      <Vector3>
        <X>-3103.233</X>
        <Y>1136.75684</Y>
        <Z>19.3012123</Z>
      </Vector3>
      <Vector3>
        <X>-3103.64722</X>
        <Y>1131.65918</Y>
        <Z>20.7611179</Z>
      </Vector3>
      <Vector3>
        <X>-3101.19678</X>
        <Y>1136.591</Y>
        <Z>19.2998714</Z>
      </Vector3>
      <Vector3>
        <X>-3101.611</X>
        <Y>1131.49329</Y>
        <Z>20.7597771</Z>
      </Vector3>
      <Vector3>
        <X>-3103.23169</X>
        <Y>1136.75781</Y>
        <Z>20.7571087</Z>
      </Vector3>
      <Vector3>
        <X>-3101.1958</X>
        <Y>1136.592</Y>
        <Z>20.7557678</Z>
      </Vector3>
    </Bounds>
    <CenterCamPosition>
      <X>0</X>
      <Y>0</Y>
    </CenterCamPosition>
    <ScreenBounds />
    <DistanceToCam>0</DistanceToCam>
    <Speed>18.7458687</Speed>
    <AccInput>0.184313774</AccInput>
    <RPM>0.7478804</RPM>
    <Gear>2</Gear>
    <SteeringAngle>3.072425E-05</SteeringAngle>
    <WheelSpeed>0</WheelSpeed>
    <CarType>Sports</CarType>
  </MyCar>
  <Peds />
  <Time>112171</Time>
  <LastFrameTime>0.0224070176</LastFrameTime>
  <MyProperty>0</MyProperty>
  <Weather>ExtraSunny</Weather>
  <Steering>127</Steering>
  <Acc>150</Acc>
  <Brake>127</Brake>
  <DayTime>06:58:18</DayTime>
  <Position>
    <X>-3102.35815</X>
    <Y>1134.90308</Y>
    <Z>20.93017</Z>
  </Position>
  <Rotation>
    <X>-0.543462157</X>
    <Y>0.5384898</Y>
    <Z>-4.65779352</Z>
  </Rotation>
</Screenshot>