<?xml version="1.0" encoding="utf-8"?>
<Screenshot xmlns:xsd="http://www.w3.org/2001/XMLSchema" xmlns:xsi="http://www.w3.org/2001/XMLSchema-instance">
  <Cars />
  <MyCar>
    <Position>
      <X>-3102.37964</X>
      <Y>1134.64417</Y>
      <Z>20.02976</Z>
    </Position>
    <Rotation>
      <X>-0.0461475626</X>
      <Y>0.0375853069</Y>
      <Z>-4.657049</Z>
    </Rotation>
    <Handle>1538</Handle>
    <Bounds>
      <Vector3>
        <X>-3103.60571</X>
        <Y>1132.17725</Y>
        <Z>19.3045425</Z>
      </Vector3>
      <Vector3>
        <X>-3101.56982</X>
        <Y>1132.01135</Y>
        <Z>19.3032017</Z>
      </Vector3>
      <Vector3>
        <X>-3103.19043</X>
        <Y>1137.276</Y>
        <Z>19.30042</Z>
      </Vector3>
      <Vector3>
        <X>-3103.60474</X>
        <Y>1132.17834</Y>
        <Z>20.7604389</Z>
      </Vector3>
      <Vector3>
        <X>-3101.1543</X>
        <Y>1137.11011</Y>
        <Z>19.2990818</Z>
      </Vector3>
      <Vector3>
        <X>-3101.5686</X>
        <Y>1132.01245</Y>
        <Z>20.7591</Z>
      </Vector3>
      <Vector3>
        <X>-3103.18921</X>
        <Y>1137.2771</Y>
        <Z>20.756319</Z>
      </Vector3>
      <Vector3>
        <X>-3101.15332</X>
        <Y>1137.11121</Y>
        <Z>20.7549782</Z>
      </Vector3>
    </Bounds>
    <CenterCamPosition>
      <X>0</X>
      <Y>0</Y>
    </CenterCamPosition>
    <ScreenBounds />
    <DistanceToCam>0</DistanceToCam>
    <Speed>18.7611847</Speed>
    <AccInput>0.184313774</AccInput>
    <RPM>0.748322248</RPM>
    <Gear>2</Gear>
    <SteeringAngle>2.48590113E-05</SteeringAngle>
    <WheelSpeed>0</WheelSpeed>
    <CarType>Sports</CarType>
  </MyCar>
  <Peds />
  <Time>112198</Time>
  <LastFrameTime>0.0277644079</LastFrameTime>
  <MyProperty>0</MyProperty>
  <Weather>ExtraSunny</Weather>
  <Steering>127</Steering>
  <Acc>150</Acc>
  <Brake>127</Brake>
  <DayTime>06:58:19</DayTime>
  <Position>
    <X>-3102.324</X>
    <Y>1135.32166</Y>
    <Z>20.929554</Z>
  </Position>
  <Rotation>
    <X>-0.5449058</X>
    <Y>0.5376189</Y>
    <Z>-4.65743828</Z>
  </Rotation>
</Screenshot>