<?xml version="1.0" encoding="utf-8"?>
<Screenshot xmlns:xsd="http://www.w3.org/2001/XMLSchema" xmlns:xsi="http://www.w3.org/2001/XMLSchema-instance">
  <Cars />
  <MyCar>
    <Position>
      <X>-3102.48364</X>
      <Y>1133.37048</Y>
      <Z>20.0315475</Z>
    </Position>
    <Rotation>
      <X>-0.0422892123</X>
      <Y>0.03922367</Y>
      <Z>-4.65810442</Z>
    </Rotation>
    <Handle>1538</Handle>
    <Bounds>
      <Vector3>
        <X>-3103.70972</X>
        <Y>1130.90369</Y>
        <Z>19.3061848</Z>
      </Vector3>
      <Vector3>
        <X>-3101.67383</X>
        <Y>1130.73779</Y>
        <Z>19.3047867</Z>
      </Vector3>
      <Vector3>
        <X>-3103.29443</X>
        <Y>1136.00232</Y>
        <Z>19.30241</Z>
      </Vector3>
      <Vector3>
        <X>-3103.70874</X>
        <Y>1130.90466</Y>
        <Z>20.7620831</Z>
      </Vector3>
      <Vector3>
        <X>-3101.2583</X>
        <Y>1135.83643</Y>
        <Z>19.301012</Z>
      </Vector3>
      <Vector3>
        <X>-3101.67261</X>
        <Y>1130.73877</Y>
        <Z>20.760685</Z>
      </Vector3>
      <Vector3>
        <X>-3103.29321</X>
        <Y>1136.0033</Y>
        <Z>20.7583084</Z>
      </Vector3>
      <Vector3>
        <X>-3101.25732</X>
        <Y>1135.8374</Y>
        <Z>20.7569084</Z>
      </Vector3>
    </Bounds>
    <CenterCamPosition>
      <X>0</X>
      <Y>0</Y>
    </CenterCamPosition>
    <ScreenBounds />
    <DistanceToCam>0</DistanceToCam>
    <Speed>18.72349</Speed>
    <AccInput>0.184313774</AccInput>
    <RPM>0.7468684</RPM>
    <Gear>2</Gear>
    <SteeringAngle>4.145369E-05</SteeringAngle>
    <WheelSpeed>0</WheelSpeed>
    <CarType>Sports</CarType>
  </MyCar>
  <Peds />
  <Time>112130</Time>
  <LastFrameTime>0.0264499635</LastFrameTime>
  <MyProperty>0</MyProperty>
  <Weather>ExtraSunny</Weather>
  <Steering>127</Steering>
  <Acc>150</Acc>
  <Brake>127</Brake>
  <DayTime>06:58:17</DayTime>
  <Position>
    <X>-3102.42554</X>
    <Y>1134.07361</Y>
    <Z>20.9313488</Z>
  </Position>
  <Rotation>
    <X>-0.5416323</X>
    <Y>0.5404464</Y>
    <Z>-4.658598</Z>
  </Rotation>
</Screenshot>