<?xml version="1.0" encoding="utf-8"?>
<Screenshot xmlns:xsd="http://www.w3.org/2001/XMLSchema" xmlns:xsi="http://www.w3.org/2001/XMLSchema-instance">
  <Cars />
  <MyCar>
    <Position>
      <X>-3102.26782</X>
      <Y>1136.01453</Y>
      <Z>20.0278244</Z>
    </Position>
    <Rotation>
      <X>-0.0492436178</X>
      <Y>0.0374065675</Y>
      <Z>-4.656242</Z>
    </Rotation>
    <Handle>1538</Handle>
    <Bounds>
      <Vector3>
        <X>-3103.494</X>
        <Y>1133.54749</Y>
        <Z>19.30274</Z>
      </Vector3>
      <Vector3>
        <X>-3101.45776</X>
        <Y>1133.38171</Y>
        <Z>19.3014069</Z>
      </Vector3>
      <Vector3>
        <X>-3103.07861</X>
        <Y>1138.64624</Y>
        <Z>19.2983437</Z>
      </Vector3>
      <Vector3>
        <X>-3103.49268</X>
        <Y>1133.54871</Y>
        <Z>20.7586384</Z>
      </Vector3>
      <Vector3>
        <X>-3101.04248</X>
        <Y>1138.48047</Y>
        <Z>19.29701</Z>
      </Vector3>
      <Vector3>
        <X>-3101.45679</X>
        <Y>1133.38293</Y>
        <Z>20.7573051</Z>
      </Vector3>
      <Vector3>
        <X>-3103.07764</X>
        <Y>1138.64746</Y>
        <Z>20.7542419</Z>
      </Vector3>
      <Vector3>
        <X>-3101.0415</X>
        <Y>1138.48157</Y>
        <Z>20.7529087</Z>
      </Vector3>
    </Bounds>
    <CenterCamPosition>
      <X>0</X>
      <Y>0</Y>
    </CenterCamPosition>
    <ScreenBounds />
    <DistanceToCam>0</DistanceToCam>
    <Speed>18.801342</Speed>
    <AccInput>0.184313774</AccInput>
    <RPM>0.749919057</RPM>
    <Gear>2</Gear>
    <SteeringAngle>1.43062553E-05</SteeringAngle>
    <WheelSpeed>0</WheelSpeed>
    <CarType>Sports</CarType>
  </MyCar>
  <Peds />
  <Time>112272</Time>
  <LastFrameTime>0.0248447619</LastFrameTime>
  <MyProperty>0</MyProperty>
  <Weather>ExtraSunny</Weather>
  <Steering>127</Steering>
  <Acc>150</Acc>
  <Brake>127</Brake>
  <DayTime>06:58:21</DayTime>
  <Position>
    <X>-3102.20776</X>
    <Y>1136.74585</Y>
    <Z>20.9274712</Z>
  </Position>
  <Rotation>
    <X>-0.5482131</X>
    <Y>0.5374755</Y>
    <Z>-4.656482</Z>
  </Rotation>
</Screenshot>