<?xml version="1.0" encoding="utf-8"?>
<Screenshot xmlns:xsd="http://www.w3.org/2001/XMLSchema" xmlns:xsi="http://www.w3.org/2001/XMLSchema-instance">
  <Cars />
  <MyCar>
    <Position>
      <X>-3102.22729</X>
      <Y>1136.50952</Y>
      <Z>20.027113</Z>
    </Position>
    <Rotation>
      <X>-0.0496900976</X>
      <Y>0.0370903239</Y>
      <Z>-4.65602</Z>
    </Rotation>
    <Handle>1538</Handle>
    <Bounds>
      <Vector3>
        <X>-3103.45337</X>
        <Y>1134.04248</Y>
        <Z>19.3020439</Z>
      </Vector3>
      <Vector3>
        <X>-3101.41724</X>
        <Y>1133.87671</Y>
        <Z>19.3007221</Z>
      </Vector3>
      <Vector3>
        <X>-3103.038</X>
        <Y>1139.14124</Y>
        <Z>19.2976074</Z>
      </Vector3>
      <Vector3>
        <X>-3103.45215</X>
        <Y>1134.0437</Y>
        <Z>20.75794</Z>
      </Vector3>
      <Vector3>
        <X>-3101.002</X>
        <Y>1138.97546</Y>
        <Z>19.2962837</Z>
      </Vector3>
      <Vector3>
        <X>-3101.41626</X>
        <Y>1133.87793</Y>
        <Z>20.7566185</Z>
      </Vector3>
      <Vector3>
        <X>-3103.037</X>
        <Y>1139.14246</Y>
        <Z>20.7535038</Z>
      </Vector3>
      <Vector3>
        <X>-3101.001</X>
        <Y>1138.97656</Y>
        <Z>20.752182</Z>
      </Vector3>
    </Bounds>
    <CenterCamPosition>
      <X>0</X>
      <Y>0</Y>
    </CenterCamPosition>
    <ScreenBounds />
    <DistanceToCam>0</DistanceToCam>
    <Speed>18.81576</Speed>
    <AccInput>0.184313774</AccInput>
    <RPM>0.7505181</RPM>
    <Gear>2</Gear>
    <SteeringAngle>1.17132377E-05</SteeringAngle>
    <WheelSpeed>0</WheelSpeed>
    <CarType>Sports</CarType>
  </MyCar>
  <Peds />
  <Time>112298</Time>
  <LastFrameTime>0.0263965912</LastFrameTime>
  <MyProperty>0</MyProperty>
  <Weather>ExtraSunny</Weather>
  <Steering>127</Steering>
  <Acc>150</Acc>
  <Brake>127</Brake>
  <DayTime>06:58:22</DayTime>
  <Position>
    <X>-3102.16968</X>
    <Y>1137.2113</Y>
    <Z>20.9267921</Z>
  </Position>
  <Rotation>
    <X>-0.5492435</X>
    <Y>0.537406445</Y>
    <Z>-4.65624142</Z>
  </Rotation>
</Screenshot>