<?xml version="1.0" encoding="utf-8"?>
<Screenshot xmlns:xsd="http://www.w3.org/2001/XMLSchema" xmlns:xsi="http://www.w3.org/2001/XMLSchema-instance">
  <Cars />
  <MyCar>
    <Position>
      <X>-3102.35132</X>
      <Y>1134.993</Y>
      <Z>20.0292664</Z>
    </Position>
    <Rotation>
      <X>-0.0468819</X>
      <Y>0.0376131162</Y>
      <Z>-4.65681267</Z>
    </Rotation>
    <Handle>1538</Handle>
    <Bounds>
      <Vector3>
        <X>-3103.57739</X>
        <Y>1132.52612</Y>
        <Z>19.304081</Z>
      </Vector3>
      <Vector3>
        <X>-3101.5415</X>
        <Y>1132.36023</Y>
        <Z>19.30274</Z>
      </Vector3>
      <Vector3>
        <X>-3103.162</X>
        <Y>1137.62476</Y>
        <Z>19.2998943</Z>
      </Vector3>
      <Vector3>
        <X>-3103.57642</X>
        <Y>1132.52722</Y>
        <Z>20.75998</Z>
      </Vector3>
      <Vector3>
        <X>-3101.126</X>
        <Y>1137.459</Y>
        <Z>19.2985535</Z>
      </Vector3>
      <Vector3>
        <X>-3101.54028</X>
        <Y>1132.36133</Y>
        <Z>20.7586365</Z>
      </Vector3>
      <Vector3>
        <X>-3103.161</X>
        <Y>1137.626</Y>
        <Z>20.7557926</Z>
      </Vector3>
      <Vector3>
        <X>-3101.125</X>
        <Y>1137.46008</Y>
        <Z>20.7544518</Z>
      </Vector3>
    </Bounds>
    <CenterCamPosition>
      <X>0</X>
      <Y>0</Y>
    </CenterCamPosition>
    <ScreenBounds />
    <DistanceToCam>0</DistanceToCam>
    <Speed>18.7714481</Speed>
    <AccInput>0.184313774</AccInput>
    <RPM>0.748883</RPM>
    <Gear>2</Gear>
    <SteeringAngle>2.167203E-05</SteeringAngle>
    <WheelSpeed>0</WheelSpeed>
    <CarType>Sports</CarType>
  </MyCar>
  <Peds />
  <Time>112217</Time>
  <LastFrameTime>0.0186526552</LastFrameTime>
  <MyProperty>0</MyProperty>
  <Weather>ExtraSunny</Weather>
  <Steering>127</Steering>
  <Acc>150</Acc>
  <Brake>127</Brake>
  <DayTime>06:58:19</DayTime>
  <Position>
    <X>-3102.28149</X>
    <Y>1135.84082</Y>
    <Z>20.928793</Z>
  </Position>
  <Rotation>
    <X>-0.5461476</X>
    <Y>0.5375853</Y>
    <Z>-4.657049</Z>
  </Rotation>
</Screenshot>