<?xml version="1.0" encoding="utf-8"?>
<Screenshot xmlns:xsd="http://www.w3.org/2001/XMLSchema" xmlns:xsi="http://www.w3.org/2001/XMLSchema-instance">
  <Cars />
  <MyCar>
    <Position>
      <X>-3102.306</X>
      <Y>1135.54907</Y>
      <Z>20.02848</Z>
    </Position>
    <Rotation>
      <X>-0.0482131951</X>
      <Y>0.03747553</Y>
      <Z>-4.6564827</Z>
    </Rotation>
    <Handle>1538</Handle>
    <Bounds>
      <Vector3>
        <X>-3103.532</X>
        <Y>1133.08215</Y>
        <Z>19.3033524</Z>
      </Vector3>
      <Vector3>
        <X>-3101.49585</X>
        <Y>1132.91626</Y>
        <Z>19.3020153</Z>
      </Vector3>
      <Vector3>
        <X>-3103.1167</X>
        <Y>1138.18079</Y>
        <Z>19.2990475</Z>
      </Vector3>
      <Vector3>
        <X>-3103.531</X>
        <Y>1133.08325</Y>
        <Z>20.7592487</Z>
      </Vector3>
      <Vector3>
        <X>-3101.08057</X>
        <Y>1138.015</Y>
        <Z>19.29771</Z>
      </Vector3>
      <Vector3>
        <X>-3101.49487</X>
        <Y>1132.91748</Y>
        <Z>20.7579136</Z>
      </Vector3>
      <Vector3>
        <X>-3103.11572</X>
        <Y>1138.182</Y>
        <Z>20.7549458</Z>
      </Vector3>
      <Vector3>
        <X>-3101.07959</X>
        <Y>1138.01611</Y>
        <Z>20.7536087</Z>
      </Vector3>
    </Bounds>
    <CenterCamPosition>
      <X>0</X>
      <Y>0</Y>
    </CenterCamPosition>
    <ScreenBounds />
    <DistanceToCam>0</DistanceToCam>
    <Speed>18.7877445</Speed>
    <AccInput>0.184313774</AccInput>
    <RPM>0.749398232</RPM>
    <Gear>2</Gear>
    <SteeringAngle>1.72499913E-05</SteeringAngle>
    <WheelSpeed>0</WheelSpeed>
    <CarType>Sports</CarType>
  </MyCar>
  <Peds />
  <Time>112247</Time>
  <LastFrameTime>0.0296944976</LastFrameTime>
  <MyProperty>0</MyProperty>
  <Weather>ExtraSunny</Weather>
  <Steering>127</Steering>
  <Acc>150</Acc>
  <Brake>127</Brake>
  <DayTime>06:58:20</DayTime>
  <Position>
    <X>-3102.25317</X>
    <Y>1136.18982</Y>
    <Z>20.9282837</Z>
  </Position>
  <Rotation>
    <X>-0.5468819</X>
    <Y>0.5376131</Y>
    <Z>-4.65681267</Z>
  </Rotation>
</Screenshot>