<?xml version="1.0" encoding="utf-8"?>
<Screenshot xmlns:xsd="http://www.w3.org/2001/XMLSchema" xmlns:xsi="http://www.w3.org/2001/XMLSchema-instance">
  <Cars />
  <MyCar>
    <Position>
      <X>-3102.096</X>
      <Y>1138.11719</Y>
      <Z>20.02478</Z>
    </Position>
    <Rotation>
      <X>-0.04985391</X>
      <Y>0.03664385</Y>
      <Z>-4.65554237</Z>
    </Rotation>
    <Handle>1538</Handle>
    <Bounds>
      <Vector3>
        <X>-3103.322</X>
        <Y>1135.65015</Y>
        <Z>19.29971</Z>
      </Vector3>
      <Vector3>
        <X>-3101.286</X>
        <Y>1135.48438</Y>
        <Z>19.2984047</Z>
      </Vector3>
      <Vector3>
        <X>-3102.90674</X>
        <Y>1140.7489</Y>
        <Z>19.29526</Z>
      </Vector3>
      <Vector3>
        <X>-3103.3208</X>
        <Y>1135.65137</Y>
        <Z>20.7556076</Z>
      </Vector3>
      <Vector3>
        <X>-3100.87085</X>
        <Y>1140.58313</Y>
        <Z>19.2939529</Z>
      </Vector3>
      <Vector3>
        <X>-3101.285</X>
        <Y>1135.4856</Y>
        <Z>20.7543011</Z>
      </Vector3>
      <Vector3>
        <X>-3102.90576</X>
        <Y>1140.75012</Y>
        <Z>20.7511559</Z>
      </Vector3>
      <Vector3>
        <X>-3100.86963</X>
        <Y>1140.58435</Y>
        <Z>20.74985</Z>
      </Vector3>
    </Bounds>
    <CenterCamPosition>
      <X>0</X>
      <Y>0</Y>
    </CenterCamPosition>
    <ScreenBounds />
    <DistanceToCam>0</DistanceToCam>
    <Speed>18.86235</Speed>
    <AccInput>0.184313774</AccInput>
    <RPM>0.752638459</RPM>
    <Gear>2</Gear>
    <SteeringAngle>6.182589E-06</SteeringAngle>
    <WheelSpeed>0</WheelSpeed>
    <CarType>Sports</CarType>
  </MyCar>
  <Peds />
  <Time>112384</Time>
  <LastFrameTime>0.0183628313</LastFrameTime>
  <MyProperty>0</MyProperty>
  <Weather>ExtraSunny</Weather>
  <Steering>127</Steering>
  <Acc>150</Acc>
  <Brake>127</Brake>
  <DayTime>06:58:24</DayTime>
  <Position>
    <X>-3102.02612</X>
    <Y>1138.96875</Y>
    <Z>20.9242382</Z>
  </Position>
  <Rotation>
    <X>-0.5498042</X>
    <Y>0.536729038</Y>
    <Z>-4.65558958</Z>
  </Rotation>
</Screenshot>