<?xml version="1.0" encoding="utf-8"?>
<Screenshot xmlns:xsd="http://www.w3.org/2001/XMLSchema" xmlns:xsi="http://www.w3.org/2001/XMLSchema-instance">
  <Cars />
  <MyCar>
    <Position>
      <X>-3102.199</X>
      <Y>1136.85522</Y>
      <Z>20.0266113</Z>
    </Position>
    <Rotation>
      <X>-0.04969839</X>
      <Y>0.0369136781</Y>
      <Z>-4.65588331</Z>
    </Rotation>
    <Handle>1538</Handle>
    <Bounds>
      <Vector3>
        <X>-3103.425</X>
        <Y>1134.38818</Y>
        <Z>19.3015385</Z>
      </Vector3>
      <Vector3>
        <X>-3101.389</X>
        <Y>1134.22241</Y>
        <Z>19.3002224</Z>
      </Vector3>
      <Vector3>
        <X>-3103.00977</X>
        <Y>1139.48694</Y>
        <Z>19.297102</Z>
      </Vector3>
      <Vector3>
        <X>-3103.42383</X>
        <Y>1134.3894</Y>
        <Z>20.7574368</Z>
      </Vector3>
      <Vector3>
        <X>-3100.97388</X>
        <Y>1139.32117</Y>
        <Z>19.2957859</Z>
      </Vector3>
      <Vector3>
        <X>-3101.388</X>
        <Y>1134.22363</Y>
        <Z>20.75612</Z>
      </Vector3>
      <Vector3>
        <X>-3103.00879</X>
        <Y>1139.48816</Y>
        <Z>20.7529984</Z>
      </Vector3>
      <Vector3>
        <X>-3100.97266</X>
        <Y>1139.32227</Y>
        <Z>20.7516842</Z>
      </Vector3>
    </Bounds>
    <CenterCamPosition>
      <X>0</X>
      <Y>0</Y>
    </CenterCamPosition>
    <ScreenBounds />
    <DistanceToCam>0</DistanceToCam>
    <Speed>18.8258133</Speed>
    <AccInput>0.184313774</AccInput>
    <RPM>0.7510735</RPM>
    <Gear>2</Gear>
    <SteeringAngle>1.02314243E-05</SteeringAngle>
    <WheelSpeed>0</WheelSpeed>
    <CarType>Sports</CarType>
  </MyCar>
  <Peds />
  <Time>112316</Time>
  <LastFrameTime>0.0184304789</LastFrameTime>
  <MyProperty>0</MyProperty>
  <Weather>ExtraSunny</Weather>
  <Steering>127</Steering>
  <Acc>150</Acc>
  <Brake>127</Brake>
  <DayTime>06:58:22</DayTime>
  <Position>
    <X>-3102.12915</X>
    <Y>1137.7063</Y>
    <Z>20.9260712</Z>
  </Position>
  <Rotation>
    <X>-0.5496901</X>
    <Y>0.537090361</Y>
    <Z>-4.65602</Z>
  </Rotation>
</Screenshot>