<?xml version="1.0" encoding="utf-8"?>
<Screenshot xmlns:xsd="http://www.w3.org/2001/XMLSchema" xmlns:xsi="http://www.w3.org/2001/XMLSchema-instance">
  <Cars />
  <MyCar>
    <Position>
      <X>-3102.12427</X>
      <Y>1137.772</Y>
      <Z>20.0252819</Z>
    </Position>
    <Rotation>
      <X>-0.04980427</X>
      <Y>0.036729075</Y>
      <Z>-4.655589</Z>
    </Rotation>
    <Handle>1538</Handle>
    <Bounds>
      <Vector3>
        <X>-3103.35034</X>
        <Y>1135.30493</Y>
        <Z>19.30021</Z>
      </Vector3>
      <Vector3>
        <X>-3101.31421</X>
        <Y>1135.13916</Y>
        <Z>19.2989025</Z>
      </Vector3>
      <Vector3>
        <X>-3102.935</X>
        <Y>1140.40369</Y>
        <Z>19.2957649</Z>
      </Vector3>
      <Vector3>
        <X>-3103.349</X>
        <Y>1135.30615</Y>
        <Z>20.75611</Z>
      </Vector3>
      <Vector3>
        <X>-3100.89917</X>
        <Y>1140.23792</Y>
        <Z>19.2944546</Z>
      </Vector3>
      <Vector3>
        <X>-3101.31323</X>
        <Y>1135.14038</Y>
        <Z>20.7547989</Z>
      </Vector3>
      <Vector3>
        <X>-3102.934</X>
        <Y>1140.40491</Y>
        <Z>20.7516613</Z>
      </Vector3>
      <Vector3>
        <X>-3100.898</X>
        <Y>1140.23914</Y>
        <Z>20.7503529</Z>
      </Vector3>
    </Bounds>
    <CenterCamPosition>
      <X>0</X>
      <Y>0</Y>
    </CenterCamPosition>
    <ScreenBounds />
    <DistanceToCam>0</DistanceToCam>
    <Speed>18.85238</Speed>
    <AccInput>0.184313774</AccInput>
    <RPM>0.752107739</RPM>
    <Gear>2</Gear>
    <SteeringAngle>7.07334266E-06</SteeringAngle>
    <WheelSpeed>0</WheelSpeed>
    <CarType>Sports</CarType>
  </MyCar>
  <Peds />
  <Time>112365</Time>
  <LastFrameTime>0.0183314923</LastFrameTime>
  <MyProperty>0</MyProperty>
  <Weather>ExtraSunny</Weather>
  <Steering>127</Steering>
  <Acc>150</Acc>
  <Brake>127</Brake>
  <DayTime>06:58:24</DayTime>
  <Position>
    <X>-3102.054</X>
    <Y>1138.62439</Y>
    <Z>20.924736</Z>
  </Position>
  <Rotation>
    <X>-0.5497652</X>
    <Y>0.5367472</Y>
    <Z>-4.65569</Z>
  </Rotation>
</Screenshot>