<?xml version="1.0" encoding="utf-8"?>
<Screenshot xmlns:xsd="http://www.w3.org/2001/XMLSchema" xmlns:xsi="http://www.w3.org/2001/XMLSchema-instance">
  <Cars />
  <MyCar>
    <Position>
      <X>-3102.152</X>
      <Y>1137.42761</Y>
      <Z>20.02578</Z>
    </Position>
    <Rotation>
      <X>-0.0497651659</X>
      <Y>0.0367471948</Y>
      <Z>-4.65569067</Z>
    </Rotation>
    <Handle>1538</Handle>
    <Bounds>
      <Vector3>
        <X>-3103.37817</X>
        <Y>1134.96057</Y>
        <Z>19.3007069</Z>
      </Vector3>
      <Vector3>
        <X>-3101.342</X>
        <Y>1134.7948</Y>
        <Z>19.2993965</Z>
      </Vector3>
      <Vector3>
        <X>-3102.963</X>
        <Y>1140.05933</Y>
        <Z>19.2962646</Z>
      </Vector3>
      <Vector3>
        <X>-3103.377</X>
        <Y>1134.96179</Y>
        <Z>20.7566051</Z>
      </Vector3>
      <Vector3>
        <X>-3100.927</X>
        <Y>1139.89355</Y>
        <Z>19.2949543</Z>
      </Vector3>
      <Vector3>
        <X>-3101.341</X>
        <Y>1134.796</Y>
        <Z>20.7552948</Z>
      </Vector3>
      <Vector3>
        <X>-3102.962</X>
        <Y>1140.06055</Y>
        <Z>20.752161</Z>
      </Vector3>
      <Vector3>
        <X>-3100.92578</X>
        <Y>1139.89465</Y>
        <Z>20.7508526</Z>
      </Vector3>
    </Bounds>
    <CenterCamPosition>
      <X>0</X>
      <Y>0</Y>
    </CenterCamPosition>
    <ScreenBounds />
    <DistanceToCam>0</DistanceToCam>
    <Speed>18.8424149</Speed>
    <AccInput>0.184313774</AccInput>
    <RPM>0.7515774</RPM>
    <Gear>2</Gear>
    <SteeringAngle>8.090725E-06</SteeringAngle>
    <WheelSpeed>0</WheelSpeed>
    <CarType>Sports</CarType>
  </MyCar>
  <Peds />
  <Time>112347</Time>
  <LastFrameTime>0.030489184</LastFrameTime>
  <MyProperty>0</MyProperty>
  <Weather>ExtraSunny</Weather>
  <Steering>127</Steering>
  <Acc>150</Acc>
  <Brake>127</Brake>
  <DayTime>06:58:23</DayTime>
  <Position>
    <X>-3102.10083</X>
    <Y>1138.052</Y>
    <Z>20.92557</Z>
  </Position>
  <Rotation>
    <X>-0.5496984</X>
    <Y>0.5369137</Y>
    <Z>-4.655884</Z>
  </Rotation>
</Screenshot>