<?xml version="1.0" encoding="utf-8"?>
<Screenshot xmlns:xsd="http://www.w3.org/2001/XMLSchema" xmlns:xsi="http://www.w3.org/2001/XMLSchema-instance">
  <Cars />
  <MyCar>
    <Position>
      <X>-3101.94458</X>
      <Y>1139.97351</Y>
      <Z>20.0220757</Z>
    </Position>
    <Rotation>
      <X>-0.0505019464</X>
      <Y>0.0367807858</Y>
      <Z>-4.655218</Z>
    </Rotation>
    <Handle>1538</Handle>
    <Bounds>
      <Vector3>
        <X>-3103.17065</X>
        <Y>1137.50647</Y>
        <Z>19.2970371</Z>
      </Vector3>
      <Vector3>
        <X>-3101.13452</X>
        <Y>1137.3407</Y>
        <Z>19.2957249</Z>
      </Vector3>
      <Vector3>
        <X>-3102.75537</X>
        <Y>1142.60522</Y>
        <Z>19.2925282</Z>
      </Vector3>
      <Vector3>
        <X>-3103.16943</X>
        <Y>1137.50769</Y>
        <Z>20.7529335</Z>
      </Vector3>
      <Vector3>
        <X>-3100.71948</X>
        <Y>1142.43945</Y>
        <Z>19.2912159</Z>
      </Vector3>
      <Vector3>
        <X>-3101.13354</X>
        <Y>1137.34192</Y>
        <Z>20.7516232</Z>
      </Vector3>
      <Vector3>
        <X>-3102.75439</X>
        <Y>1142.60645</Y>
        <Z>20.7484245</Z>
      </Vector3>
      <Vector3>
        <X>-3100.71826</X>
        <Y>1142.44067</Y>
        <Z>20.7471142</Z>
      </Vector3>
    </Bounds>
    <CenterCamPosition>
      <X>0</X>
      <Y>0</Y>
    </CenterCamPosition>
    <ScreenBounds />
    <DistanceToCam>0</DistanceToCam>
    <Speed>18.9156628</Speed>
    <AccInput>0.184313774</AccInput>
    <RPM>0.7546578</RPM>
    <Gear>2</Gear>
    <SteeringAngle>2.94173924E-06</SteeringAngle>
    <WheelSpeed>0</WheelSpeed>
    <CarType>Sports</CarType>
  </MyCar>
  <Peds />
  <Time>112482</Time>
  <LastFrameTime>0.0186743774</LastFrameTime>
  <MyProperty>0</MyProperty>
  <Weather>ExtraSunny</Weather>
  <Steering>127</Steering>
  <Acc>150</Acc>
  <Brake>127</Brake>
  <DayTime>06:58:27</DayTime>
  <Position>
    <X>-3101.87524</X>
    <Y>1140.81824</Y>
    <Z>20.9215336</Z>
  </Position>
  <Rotation>
    <X>-0.550337</X>
    <Y>0.536718667</Y>
    <Z>-4.655261</Z>
  </Rotation>
</Screenshot>