<?xml version="1.0" encoding="utf-8"?>
<Screenshot xmlns:xsd="http://www.w3.org/2001/XMLSchema" xmlns:xsi="http://www.w3.org/2001/XMLSchema-instance">
  <Cars />
  <MyCar>
    <Position>
      <X>-3101.97339</X>
      <Y>1139.62146</Y>
      <Z>20.0225887</Z>
    </Position>
    <Rotation>
      <X>-0.0503371023</X>
      <Y>0.0367186964</Y>
      <Z>-4.65526152</Z>
    </Rotation>
    <Handle>1538</Handle>
    <Bounds>
      <Vector3>
        <X>-3103.19946</X>
        <Y>1137.15442</Y>
        <Z>19.29754</Z>
      </Vector3>
      <Vector3>
        <X>-3101.16333</X>
        <Y>1136.98865</Y>
        <Z>19.2962322</Z>
      </Vector3>
      <Vector3>
        <X>-3102.78418</X>
        <Y>1142.25317</Y>
        <Z>19.293047</Z>
      </Vector3>
      <Vector3>
        <X>-3103.19824</X>
        <Y>1137.15564</Y>
        <Z>20.7534389</Z>
      </Vector3>
      <Vector3>
        <X>-3100.74829</X>
        <Y>1142.0874</Y>
        <Z>19.2917385</Z>
      </Vector3>
      <Vector3>
        <X>-3101.16235</X>
        <Y>1136.98987</Y>
        <Z>20.75213</Z>
      </Vector3>
      <Vector3>
        <X>-3102.7832</X>
        <Y>1142.25439</Y>
        <Z>20.7489452</Z>
      </Vector3>
      <Vector3>
        <X>-3100.747</X>
        <Y>1142.08862</Y>
        <Z>20.7476349</Z>
      </Vector3>
    </Bounds>
    <CenterCamPosition>
      <X>0</X>
      <Y>0</Y>
    </CenterCamPosition>
    <ScreenBounds />
    <DistanceToCam>0</DistanceToCam>
    <Speed>18.9055862</Speed>
    <AccInput>0.184313774</AccInput>
    <RPM>0.754107058</RPM>
    <Gear>2</Gear>
    <SteeringAngle>3.37317533E-06</SteeringAngle>
    <WheelSpeed>0</WheelSpeed>
    <CarType>Sports</CarType>
  </MyCar>
  <Peds />
  <Time>112463</Time>
  <LastFrameTime>0.0279208012</LastFrameTime>
  <MyProperty>0</MyProperty>
  <Weather>ExtraSunny</Weather>
  <Steering>127</Steering>
  <Acc>150</Acc>
  <Brake>127</Brake>
  <DayTime>06:58:27</DayTime>
  <Position>
    <X>-3101.91821</X>
    <Y>1140.29224</Y>
    <Z>20.9222984</Z>
  </Position>
  <Rotation>
    <X>-0.5502664</X>
    <Y>0.5366905</Y>
    <Z>-4.65534163</Z>
  </Rotation>
</Screenshot>