<?xml version="1.0" encoding="utf-8"?>
<Screenshot xmlns:xsd="http://www.w3.org/2001/XMLSchema" xmlns:xsi="http://www.w3.org/2001/XMLSchema-instance">
  <Cars />
  <MyCar>
    <Position>
      <X>-3102.01636</X>
      <Y>1139.09546</Y>
      <Z>20.0233517</Z>
    </Position>
    <Rotation>
      <X>-0.0502663627</X>
      <Y>0.0366904847</Y>
      <Z>-4.655342</Z>
    </Rotation>
    <Handle>1538</Handle>
    <Bounds>
      <Vector3>
        <X>-3103.24243</X>
        <Y>1136.62842</Y>
        <Z>19.2983017</Z>
      </Vector3>
      <Vector3>
        <X>-3101.2063</X>
        <Y>1136.46265</Y>
        <Z>19.2969933</Z>
      </Vector3>
      <Vector3>
        <X>-3102.82715</X>
        <Y>1141.72717</Y>
        <Z>19.2938137</Z>
      </Vector3>
      <Vector3>
        <X>-3103.24121</X>
        <Y>1136.62964</Y>
        <Z>20.7541981</Z>
      </Vector3>
      <Vector3>
        <X>-3100.79126</X>
        <Y>1141.5614</Y>
        <Z>19.2925053</Z>
      </Vector3>
      <Vector3>
        <X>-3101.20532</X>
        <Y>1136.46387</Y>
        <Z>20.75289</Z>
      </Vector3>
      <Vector3>
        <X>-3102.82617</X>
        <Y>1141.72839</Y>
        <Z>20.74971</Z>
      </Vector3>
      <Vector3>
        <X>-3100.79</X>
        <Y>1141.56262</Y>
        <Z>20.7484016</Z>
      </Vector3>
    </Bounds>
    <CenterCamPosition>
      <X>0</X>
      <Y>0</Y>
    </CenterCamPosition>
    <ScreenBounds />
    <DistanceToCam>0</DistanceToCam>
    <Speed>18.8905029</Speed>
    <AccInput>0.184313774</AccInput>
    <RPM>0.7535575</RPM>
    <Gear>2</Gear>
    <SteeringAngle>4.17111733E-06</SteeringAngle>
    <WheelSpeed>0</WheelSpeed>
    <CarType>Sports</CarType>
  </MyCar>
  <Peds />
  <Time>112436</Time>
  <LastFrameTime>0.0220548231</LastFrameTime>
  <MyProperty>0</MyProperty>
  <Weather>ExtraSunny</Weather>
  <Steering>127</Steering>
  <Acc>150</Acc>
  <Brake>127</Brake>
  <DayTime>06:58:26</DayTime>
  <Position>
    <X>-3101.952</X>
    <Y>1139.87708</Y>
    <Z>20.9229145</Z>
  </Position>
  <Rotation>
    <X>-0.549948633</X>
    <Y>0.536438763</Y>
    <Z>-4.655419</Z>
  </Rotation>
</Screenshot>