<?xml version="1.0" encoding="utf-8"?>
<Screenshot xmlns:xsd="http://www.w3.org/2001/XMLSchema" xmlns:xsi="http://www.w3.org/2001/XMLSchema-instance">
  <Cars />
  <MyCar>
    <Position>
      <X>-3102.05</X>
      <Y>1138.6803</Y>
      <Z>20.023962</Z>
    </Position>
    <Rotation>
      <X>-0.04994872</X>
      <Y>0.0364387557</Y>
      <Z>-4.65541935</Z>
    </Rotation>
    <Handle>1538</Handle>
    <Bounds>
      <Vector3>
        <X>-3103.27612</X>
        <Y>1136.21326</Y>
        <Z>19.298893</Z>
      </Vector3>
      <Vector3>
        <X>-3101.24</X>
        <Y>1136.04749</Y>
        <Z>19.2975941</Z>
      </Vector3>
      <Vector3>
        <X>-3102.86084</X>
        <Y>1141.312</Y>
        <Z>19.2944336</Z>
      </Vector3>
      <Vector3>
        <X>-3103.275</X>
        <Y>1136.21448</Y>
        <Z>20.75479</Z>
      </Vector3>
      <Vector3>
        <X>-3100.825</X>
        <Y>1141.14624</Y>
        <Z>19.2931347</Z>
      </Vector3>
      <Vector3>
        <X>-3101.239</X>
        <Y>1136.04871</Y>
        <Z>20.75349</Z>
      </Vector3>
      <Vector3>
        <X>-3102.85986</X>
        <Y>1141.31323</Y>
        <Z>20.75033</Z>
      </Vector3>
      <Vector3>
        <X>-3100.82373</X>
        <Y>1141.14746</Y>
        <Z>20.7490311</Z>
      </Vector3>
    </Bounds>
    <CenterCamPosition>
      <X>0</X>
      <Y>0</Y>
    </CenterCamPosition>
    <ScreenBounds />
    <DistanceToCam>0</DistanceToCam>
    <Speed>18.87857</Speed>
    <AccInput>0.184313774</AccInput>
    <RPM>0.7530352</RPM>
    <Gear>2</Gear>
    <SteeringAngle>4.91387E-06</SteeringAngle>
    <WheelSpeed>0</WheelSpeed>
    <CarType>Sports</CarType>
  </MyCar>
  <Peds />
  <Time>112414</Time>
  <LastFrameTime>0.0299300179</LastFrameTime>
  <MyProperty>0</MyProperty>
  <Weather>ExtraSunny</Weather>
  <Steering>127</Steering>
  <Acc>150</Acc>
  <Brake>127</Brake>
  <DayTime>06:58:25</DayTime>
  <Position>
    <X>-3101.9978</X>
    <Y>1139.314</Y>
    <Z>20.9237366</Z>
  </Position>
  <Rotation>
    <X>-0.549853861</X>
    <Y>0.5366438</Y>
    <Z>-4.655542</Z>
  </Rotation>
</Screenshot>