<?xml version="1.0" encoding="utf-8"?>
<Screenshot xmlns:xsd="http://www.w3.org/2001/XMLSchema" xmlns:xsi="http://www.w3.org/2001/XMLSchema-instance">
  <Cars />
  <MyCar>
    <Position>
      <X>-3101.79272</X>
      <Y>1141.83362</Y>
      <Z>20.0193634</Z>
    </Position>
    <Rotation>
      <X>-0.0513330549</X>
      <Y>0.03737268</Y>
      <Z>-4.655134</Z>
    </Rotation>
    <Handle>1538</Handle>
    <Bounds>
      <Vector3>
        <X>-3103.0188</X>
        <Y>1139.36658</Y>
        <Z>19.2943726</Z>
      </Vector3>
      <Vector3>
        <X>-3100.98267</X>
        <Y>1139.20081</Y>
        <Z>19.29304</Z>
      </Vector3>
      <Vector3>
        <X>-3102.60352</X>
        <Y>1144.46533</Y>
        <Z>19.28979</Z>
      </Vector3>
      <Vector3>
        <X>-3103.01758</X>
        <Y>1139.3678</Y>
        <Z>20.7502689</Z>
      </Vector3>
      <Vector3>
        <X>-3100.56763</X>
        <Y>1144.29956</Y>
        <Z>19.288456</Z>
      </Vector3>
      <Vector3>
        <X>-3100.98169</X>
        <Y>1139.202</Y>
        <Z>20.7489376</Z>
      </Vector3>
      <Vector3>
        <X>-3102.60254</X>
        <Y>1144.46655</Y>
        <Z>20.7456875</Z>
      </Vector3>
      <Vector3>
        <X>-3100.56641</X>
        <Y>1144.30078</Y>
        <Z>20.7443542</Z>
      </Vector3>
    </Bounds>
    <CenterCamPosition>
      <X>0</X>
      <Y>0</Y>
    </CenterCamPosition>
    <ScreenBounds />
    <DistanceToCam>0</DistanceToCam>
    <Speed>18.9686279</Speed>
    <AccInput>0.184313774</AccInput>
    <RPM>0.7566626</RPM>
    <Gear>2</Gear>
    <SteeringAngle>1.40291377E-06</SteeringAngle>
    <WheelSpeed>0</WheelSpeed>
    <CarType>Sports</CarType>
  </MyCar>
  <Peds />
  <Time>112581</Time>
  <LastFrameTime>0.0256472081</LastFrameTime>
  <MyProperty>0</MyProperty>
  <Weather>ExtraSunny</Weather>
  <Steering>127</Steering>
  <Acc>150</Acc>
  <Brake>127</Brake>
  <DayTime>06:58:30</DayTime>
  <Position>
    <X>-3101.73413</X>
    <Y>1142.54565</Y>
    <Z>20.919</Z>
  </Position>
  <Rotation>
    <X>-0.551048934</X>
    <Y>0.5372608</Y>
    <Z>-4.655139</Z>
  </Rotation>
</Screenshot>