<?xml version="1.0" encoding="utf-8"?>
<Screenshot xmlns:xsd="http://www.w3.org/2001/XMLSchema" xmlns:xsi="http://www.w3.org/2001/XMLSchema-instance">
  <Cars />
  <MyCar>
    <Position>
      <X>-3101.83228</X>
      <Y>1141.34888</Y>
      <Z>20.020071</Z>
    </Position>
    <Rotation>
      <X>-0.0510489419</X>
      <Y>0.03726084</Y>
      <Z>-4.65514</Z>
    </Rotation>
    <Handle>1538</Handle>
    <Bounds>
      <Vector3>
        <X>-3103.05835</X>
        <Y>1138.88184</Y>
        <Z>19.2950649</Z>
      </Vector3>
      <Vector3>
        <X>-3101.02222</X>
        <Y>1138.71606</Y>
        <Z>19.2937374</Z>
      </Vector3>
      <Vector3>
        <X>-3102.643</X>
        <Y>1143.98059</Y>
        <Z>19.2905083</Z>
      </Vector3>
      <Vector3>
        <X>-3103.05713</X>
        <Y>1138.883</Y>
        <Z>20.7509632</Z>
      </Vector3>
      <Vector3>
        <X>-3100.60718</X>
        <Y>1143.81482</Y>
        <Z>19.2891788</Z>
      </Vector3>
      <Vector3>
        <X>-3101.02124</X>
        <Y>1138.71729</Y>
        <Z>20.7496338</Z>
      </Vector3>
      <Vector3>
        <X>-3102.642</X>
        <Y>1143.98181</Y>
        <Z>20.7464046</Z>
      </Vector3>
      <Vector3>
        <X>-3100.606</X>
        <Y>1143.816</Y>
        <Z>20.7450771</Z>
      </Vector3>
    </Bounds>
    <CenterCamPosition>
      <X>0</X>
      <Y>0</Y>
    </CenterCamPosition>
    <ScreenBounds />
    <DistanceToCam>0</DistanceToCam>
    <Speed>18.9548664</Speed>
    <AccInput>0.184313774</AccInput>
    <RPM>0.756086051</RPM>
    <Gear>2</Gear>
    <SteeringAngle>1.7014271E-06</SteeringAngle>
    <WheelSpeed>0</WheelSpeed>
    <CarType>Sports</CarType>
  </MyCar>
  <Peds />
  <Time>112555</Time>
  <LastFrameTime>0.0239892565</LastFrameTime>
  <MyProperty>0</MyProperty>
  <Weather>ExtraSunny</Weather>
  <Steering>127</Steering>
  <Acc>150</Acc>
  <Brake>127</Brake>
  <DayTime>06:58:30</DayTime>
  <Position>
    <X>-3101.77124</X>
    <Y>1142.09253</Y>
    <Z>20.9196663</Z>
  </Position>
  <Rotation>
    <X>-0.550878048</X>
    <Y>0.5369877</Y>
    <Z>-4.65514851</Z>
  </Rotation>
</Screenshot>