<?xml version="1.0" encoding="utf-8"?>
<Screenshot xmlns:xsd="http://www.w3.org/2001/XMLSchema" xmlns:xsi="http://www.w3.org/2001/XMLSchema-instance">
  <Cars />
  <MyCar>
    <Position>
      <X>-3101.91528</X>
      <Y>1140.3302</Y>
      <Z>20.0215549</Z>
    </Position>
    <Rotation>
      <X>-0.0506531373</X>
      <Y>0.036866378</Y>
      <Z>-4.65518427</Z>
    </Rotation>
    <Handle>1538</Handle>
    <Bounds>
      <Vector3>
        <X>-3103.14136</X>
        <Y>1137.86316</Y>
        <Z>19.296524</Z>
      </Vector3>
      <Vector3>
        <X>-3101.10522</X>
        <Y>1137.69739</Y>
        <Z>19.29521</Z>
      </Vector3>
      <Vector3>
        <X>-3102.726</X>
        <Y>1142.96191</Y>
        <Z>19.2920017</Z>
      </Vector3>
      <Vector3>
        <X>-3103.14014</X>
        <Y>1137.86438</Y>
        <Z>20.7524223</Z>
      </Vector3>
      <Vector3>
        <X>-3100.69019</X>
        <Y>1142.79614</Y>
        <Z>19.2906876</Z>
      </Vector3>
      <Vector3>
        <X>-3101.10425</X>
        <Y>1137.69861</Y>
        <Z>20.7511082</Z>
      </Vector3>
      <Vector3>
        <X>-3102.725</X>
        <Y>1142.96313</Y>
        <Z>20.7479</Z>
      </Vector3>
      <Vector3>
        <X>-3100.689</X>
        <Y>1142.79736</Y>
        <Z>20.7465858</Z>
      </Vector3>
    </Bounds>
    <CenterCamPosition>
      <X>0</X>
      <Y>0</Y>
    </CenterCamPosition>
    <ScreenBounds />
    <DistanceToCam>0</DistanceToCam>
    <Speed>18.9258537</Speed>
    <AccInput>0.184313774</AccInput>
    <RPM>0.7551583</RPM>
    <Gear>2</Gear>
    <SteeringAngle>2.56074532E-06</SteeringAngle>
    <WheelSpeed>0</WheelSpeed>
    <CarType>Sports</CarType>
  </MyCar>
  <Peds />
  <Time>112501</Time>
  <LastFrameTime>0.0189142413</LastFrameTime>
  <MyProperty>0</MyProperty>
  <Weather>ExtraSunny</Weather>
  <Steering>127</Steering>
  <Acc>150</Acc>
  <Brake>127</Brake>
  <DayTime>06:58:28</DayTime>
  <Position>
    <X>-3101.84644</X>
    <Y>1141.17029</Y>
    <Z>20.9210167</Z>
  </Position>
  <Rotation>
    <X>-0.5505019</X>
    <Y>0.5367808</Y>
    <Z>-4.65521765</Z>
  </Rotation>
</Screenshot>