<?xml version="1.0" encoding="utf-8"?>
<Screenshot xmlns:xsd="http://www.w3.org/2001/XMLSchema" xmlns:xsi="http://www.w3.org/2001/XMLSchema-instance">
  <Cars />
  <MyCar>
    <Position>
      <X>-3101.86938</X>
      <Y>1140.89575</Y>
      <Z>20.0207329</Z>
    </Position>
    <Rotation>
      <X>-0.0508780666</X>
      <Y>0.0369876437</Y>
      <Z>-4.655149</Z>
    </Rotation>
    <Handle>1538</Handle>
    <Bounds>
      <Vector3>
        <X>-3103.09546</X>
        <Y>1138.42871</Y>
        <Z>19.2957153</Z>
      </Vector3>
      <Vector3>
        <X>-3101.05933</X>
        <Y>1138.263</Y>
        <Z>19.2943954</Z>
      </Vector3>
      <Vector3>
        <X>-3102.68018</X>
        <Y>1143.52747</Y>
        <Z>19.291172</Z>
      </Vector3>
      <Vector3>
        <X>-3103.09424</X>
        <Y>1138.42993</Y>
        <Z>20.7516117</Z>
      </Vector3>
      <Vector3>
        <X>-3100.64429</X>
        <Y>1143.36169</Y>
        <Z>19.289854</Z>
      </Vector3>
      <Vector3>
        <X>-3101.05835</X>
        <Y>1138.26416</Y>
        <Z>20.7502937</Z>
      </Vector3>
      <Vector3>
        <X>-3102.6792</X>
        <Y>1143.52869</Y>
        <Z>20.74707</Z>
      </Vector3>
      <Vector3>
        <X>-3100.643</X>
        <Y>1143.36292</Y>
        <Z>20.74575</Z>
      </Vector3>
    </Bounds>
    <CenterCamPosition>
      <X>0</X>
      <Y>0</Y>
    </CenterCamPosition>
    <ScreenBounds />
    <DistanceToCam>0</DistanceToCam>
    <Speed>18.9419765</Speed>
    <AccInput>0.184313774</AccInput>
    <RPM>0.7555629</RPM>
    <Gear>2</Gear>
    <SteeringAngle>2.035586E-06</SteeringAngle>
    <WheelSpeed>0</WheelSpeed>
    <CarType>Sports</CarType>
  </MyCar>
  <Peds />
  <Time>112531</Time>
  <LastFrameTime>0.0299576335</LastFrameTime>
  <MyProperty>0</MyProperty>
  <Weather>ExtraSunny</Weather>
  <Steering>127</Steering>
  <Acc>150</Acc>
  <Brake>127</Brake>
  <DayTime>06:58:29</DayTime>
  <Position>
    <X>-3101.81714</X>
    <Y>1141.527</Y>
    <Z>20.9204941</Z>
  </Position>
  <Rotation>
    <X>-0.5506531</X>
    <Y>0.5368663</Y>
    <Z>-4.655184</Z>
  </Rotation>
</Screenshot>