<?xml version="1.0" encoding="utf-8"?>
<Screenshot xmlns:xsd="http://www.w3.org/2001/XMLSchema" xmlns:xsi="http://www.w3.org/2001/XMLSchema-instance">
  <Cars />
  <MyCar>
    <Position>
      <X>-3101.66187</X>
      <Y>1143.44458</Y>
      <Z>20.0171833</Z>
    </Position>
    <Rotation>
      <X>-0.0599352</X>
      <Y>0.0251234956</Y>
      <Z>-4.65727329</Z>
    </Rotation>
    <Handle>1538</Handle>
    <Bounds>
      <Vector3>
        <X>-3102.8877</X>
        <Y>1140.97742</Y>
        <Z>19.2923584</Z>
      </Vector3>
      <Vector3>
        <X>-3100.85181</X>
        <Y>1140.81165</Y>
        <Z>19.2914619</Z>
      </Vector3>
      <Vector3>
        <X>-3102.47241</X>
        <Y>1146.07617</Y>
        <Z>19.2870064</Z>
      </Vector3>
      <Vector3>
        <X>-3102.887</X>
        <Y>1140.97888</Y>
        <Z>20.7482548</Z>
      </Vector3>
      <Vector3>
        <X>-3100.43652</X>
        <Y>1145.91028</Y>
        <Z>19.2861118</Z>
      </Vector3>
      <Vector3>
        <X>-3100.851</X>
        <Y>1140.81311</Y>
        <Z>20.74736</Z>
      </Vector3>
      <Vector3>
        <X>-3102.47168</X>
        <Y>1146.07764</Y>
        <Z>20.7429047</Z>
      </Vector3>
      <Vector3>
        <X>-3100.43579</X>
        <Y>1145.91174</Y>
        <Z>20.7420082</Z>
      </Vector3>
    </Bounds>
    <CenterCamPosition>
      <X>0</X>
      <Y>0</Y>
    </CenterCamPosition>
    <ScreenBounds />
    <DistanceToCam>0</DistanceToCam>
    <Speed>19.01769</Speed>
    <AccInput>0.184313774</AccInput>
    <RPM>0.759033144</RPM>
    <Gear>2</Gear>
    <SteeringAngle>7.458548E-07</SteeringAngle>
    <WheelSpeed>0</WheelSpeed>
    <CarType>Sports</CarType>
  </MyCar>
  <Peds />
  <Time>112666</Time>
  <LastFrameTime>0.0177825652</LastFrameTime>
  <MyProperty>0</MyProperty>
  <Weather>ExtraSunny</Weather>
  <Steering>127</Steering>
  <Acc>150</Acc>
  <Brake>127</Brake>
  <DayTime>06:58:33</DayTime>
  <Position>
    <X>-3101.59131</X>
    <Y>1144.30444</Y>
    <Z>20.9164181</Z>
  </Position>
  <Rotation>
    <X>-0.5597501</X>
    <Y>0.523906767</Y>
    <Z>-4.65691137</Z>
  </Rotation>
</Screenshot>