<?xml version="1.0" encoding="utf-8"?>
<Screenshot xmlns:xsd="http://www.w3.org/2001/XMLSchema" xmlns:xsi="http://www.w3.org/2001/XMLSchema-instance">
  <Cars />
  <MyCar>
    <Position>
      <X>-3101.716</X>
      <Y>1142.77625</Y>
      <Z>20.01813</Z>
    </Position>
    <Rotation>
      <X>-0.05975583</X>
      <Y>0.0249653347</Y>
      <Z>-4.65604258</Z>
    </Rotation>
    <Handle>1538</Handle>
    <Bounds>
      <Vector3>
        <X>-3102.942</X>
        <Y>1140.30908</Y>
        <Z>19.293293</Z>
      </Vector3>
      <Vector3>
        <X>-3100.906</X>
        <Y>1140.14331</Y>
        <Z>19.2924023</Z>
      </Vector3>
      <Vector3>
        <X>-3102.52661</X>
        <Y>1145.40784</Y>
        <Z>19.2879581</Z>
      </Vector3>
      <Vector3>
        <X>-3102.94116</X>
        <Y>1140.31055</Y>
        <Z>20.7491913</Z>
      </Vector3>
      <Vector3>
        <X>-3100.49072</X>
        <Y>1145.24207</Y>
        <Z>19.2870674</Z>
      </Vector3>
      <Vector3>
        <X>-3100.90527</X>
        <Y>1140.14478</Y>
        <Z>20.7483</Z>
      </Vector3>
      <Vector3>
        <X>-3102.526</X>
        <Y>1145.4093</Y>
        <Z>20.7438545</Z>
      </Vector3>
      <Vector3>
        <X>-3100.49</X>
        <Y>1145.24353</Y>
        <Z>20.7429657</Z>
      </Vector3>
    </Bounds>
    <CenterCamPosition>
      <X>0</X>
      <Y>0</Y>
    </CenterCamPosition>
    <ScreenBounds />
    <DistanceToCam>0</DistanceToCam>
    <Speed>18.9954166</Speed>
    <AccInput>0.184313774</AccInput>
    <RPM>0.7576823</RPM>
    <Gear>2</Gear>
    <SteeringAngle>9.642904E-07</SteeringAngle>
    <WheelSpeed>0</WheelSpeed>
    <CarType>Sports</CarType>
  </MyCar>
  <Peds />
  <Time>112630</Time>
  <LastFrameTime>0.0295607559</LastFrameTime>
  <MyProperty>0</MyProperty>
  <Weather>ExtraSunny</Weather>
  <Steering>127</Steering>
  <Acc>150</Acc>
  <Brake>127</Brake>
  <DayTime>06:58:32</DayTime>
  <Position>
    <X>-3101.66333</X>
    <Y>1143.41357</Y>
    <Z>20.9177246</Z>
  </Position>
  <Rotation>
    <X>-0.5515489</X>
    <Y>0.5375332</Y>
    <Z>-4.65513563</Z>
  </Rotation>
</Screenshot>