<?xml version="1.0" encoding="utf-8"?>
<Screenshot xmlns:xsd="http://www.w3.org/2001/XMLSchema" xmlns:xsi="http://www.w3.org/2001/XMLSchema-instance">
  <Cars />
  <MyCar>
    <Position>
      <X>-3101.76147</X>
      <Y>1142.2168</Y>
      <Z>20.0188046</Z>
    </Position>
    <Rotation>
      <X>-0.0515488721</X>
      <Y>0.03753328</Y>
      <Z>-4.65513563</Z>
    </Rotation>
    <Handle>1538</Handle>
    <Bounds>
      <Vector3>
        <X>-3102.98755</X>
        <Y>1139.74976</Y>
        <Z>19.2938251</Z>
      </Vector3>
      <Vector3>
        <X>-3100.95142</X>
        <Y>1139.584</Y>
        <Z>19.2924881</Z>
      </Vector3>
      <Vector3>
        <X>-3102.57227</X>
        <Y>1144.84851</Y>
        <Z>19.2892227</Z>
      </Vector3>
      <Vector3>
        <X>-3102.98633</X>
        <Y>1139.751</Y>
        <Z>20.7497234</Z>
      </Vector3>
      <Vector3>
        <X>-3100.53638</X>
        <Y>1144.68274</Y>
        <Z>19.2878857</Z>
      </Vector3>
      <Vector3>
        <X>-3100.95044</X>
        <Y>1139.58521</Y>
        <Z>20.7483845</Z>
      </Vector3>
      <Vector3>
        <X>-3102.57129</X>
        <Y>1144.84973</Y>
        <Z>20.745121</Z>
      </Vector3>
      <Vector3>
        <X>-3100.53516</X>
        <Y>1144.684</Y>
        <Z>20.743782</Z>
      </Vector3>
    </Bounds>
    <CenterCamPosition>
      <X>0</X>
      <Y>0</Y>
    </CenterCamPosition>
    <ScreenBounds />
    <DistanceToCam>0</DistanceToCam>
    <Speed>18.9794884</Speed>
    <AccInput>0.184313774</AccInput>
    <RPM>0.757189333</RPM>
    <Gear>2</Gear>
    <SteeringAngle>1.20853485E-06</SteeringAngle>
    <WheelSpeed>0</WheelSpeed>
    <CarType>Sports</CarType>
  </MyCar>
  <Peds />
  <Time>112601</Time>
  <LastFrameTime>0.0202606488</LastFrameTime>
  <MyProperty>0</MyProperty>
  <Weather>ExtraSunny</Weather>
  <Steering>127</Steering>
  <Acc>150</Acc>
  <Brake>127</Brake>
  <DayTime>06:58:31</DayTime>
  <Position>
    <X>-3101.69458</X>
    <Y>1143.0304</Y>
    <Z>20.9182873</Z>
  </Position>
  <Rotation>
    <X>-0.5513331</X>
    <Y>0.537372768</Y>
    <Z>-4.655134</Z>
  </Rotation>
</Screenshot>