<?xml version="1.0" encoding="utf-8"?>
<Screenshot xmlns:xsd="http://www.w3.org/2001/XMLSchema" xmlns:xsi="http://www.w3.org/2001/XMLSchema-instance">
  <Cars />
  <MyCar>
    <Position>
      <X>-3101.68921</X>
      <Y>1143.10754</Y>
      <Z>20.01767</Z>
    </Position>
    <Rotation>
      <X>-0.0597500838</X>
      <Y>0.0239067655</Y>
      <Z>-4.65691137</Z>
    </Rotation>
    <Handle>1538</Handle>
    <Bounds>
      <Vector3>
        <X>-3102.915</X>
        <Y>1140.64038</Y>
        <Z>19.2928143</Z>
      </Vector3>
      <Vector3>
        <X>-3100.87915</X>
        <Y>1140.47461</Y>
        <Z>19.2919617</Z>
      </Vector3>
      <Vector3>
        <X>-3102.49976</X>
        <Y>1145.73914</Y>
        <Z>19.28748</Z>
      </Vector3>
      <Vector3>
        <X>-3102.91431</X>
        <Y>1140.64185</Y>
        <Z>20.7487125</Z>
      </Vector3>
      <Vector3>
        <X>-3100.46387</X>
        <Y>1145.57324</Y>
        <Z>19.2866268</Z>
      </Vector3>
      <Vector3>
        <X>-3100.87842</X>
        <Y>1140.47607</Y>
        <Z>20.74786</Z>
      </Vector3>
      <Vector3>
        <X>-3102.499</X>
        <Y>1145.7406</Y>
        <Z>20.7433777</Z>
      </Vector3>
      <Vector3>
        <X>-3100.46313</X>
        <Y>1145.57471</Y>
        <Z>20.7425251</Z>
      </Vector3>
    </Bounds>
    <CenterCamPosition>
      <X>0</X>
      <Y>0</Y>
    </CenterCamPosition>
    <ScreenBounds />
    <DistanceToCam>0</DistanceToCam>
    <Speed>19.0059261</Speed>
    <AccInput>0.184313774</AccInput>
    <RPM>0.758210361</RPM>
    <Gear>2</Gear>
    <SteeringAngle>8.490062E-07</SteeringAngle>
    <WheelSpeed>0</WheelSpeed>
    <CarType>Sports</CarType>
  </MyCar>
  <Peds />
  <Time>112648</Time>
  <LastFrameTime>0.0174936727</LastFrameTime>
  <MyProperty>0</MyProperty>
  <Weather>ExtraSunny</Weather>
  <Steering>127</Steering>
  <Acc>150</Acc>
  <Brake>127</Brake>
  <DayTime>06:58:32</DayTime>
  <Position>
    <X>-3101.61816</X>
    <Y>1143.97314</Y>
    <Z>20.9168777</Z>
  </Position>
  <Rotation>
    <X>-0.559755743</X>
    <Y>0.5249654</Y>
    <Z>-4.65604258</Z>
  </Rotation>
</Screenshot>