<?xml version="1.0" encoding="utf-8"?>
<Screenshot xmlns:xsd="http://www.w3.org/2001/XMLSchema" xmlns:xsi="http://www.w3.org/2001/XMLSchema-instance">
  <Cars />
  <MyCar>
    <Position>
      <X>-3101.61353</X>
      <Y>1144.04016</Y>
      <Z>20.0163059</Z>
    </Position>
    <Rotation>
      <X>-0.0595276766</X>
      <Y>0.0260140542</Y>
      <Z>-4.65682459</Z>
    </Rotation>
    <Handle>1538</Handle>
    <Bounds>
      <Vector3>
        <X>-3102.83936</X>
        <Y>1141.573</Y>
        <Z>19.29148</Z>
      </Vector3>
      <Vector3>
        <X>-3100.80347</X>
        <Y>1141.40723</Y>
        <Z>19.29055</Z>
      </Vector3>
      <Vector3>
        <X>-3102.424</X>
        <Y>1146.67175</Y>
        <Z>19.2861633</Z>
      </Vector3>
      <Vector3>
        <X>-3102.83862</X>
        <Y>1141.57446</Y>
        <Z>20.7473755</Z>
      </Vector3>
      <Vector3>
        <X>-3100.38818</X>
        <Y>1146.50586</Y>
        <Z>19.2852364</Z>
      </Vector3>
      <Vector3>
        <X>-3100.80273</X>
        <Y>1141.40869</Y>
        <Z>20.7464485</Z>
      </Vector3>
      <Vector3>
        <X>-3102.42334</X>
        <Y>1146.67322</Y>
        <Z>20.7420616</Z>
      </Vector3>
      <Vector3>
        <X>-3100.38745</X>
        <Y>1146.50732</Y>
        <Z>20.7411327</Z>
      </Vector3>
    </Bounds>
    <CenterCamPosition>
      <X>0</X>
      <Y>0</Y>
    </CenterCamPosition>
    <ScreenBounds />
    <DistanceToCam>0</DistanceToCam>
    <Speed>19.0378513</Speed>
    <AccInput>0.184313774</AccInput>
    <RPM>0.7594964</RPM>
    <Gear>2</Gear>
    <SteeringAngle>5.85917064E-07</SteeringAngle>
    <WheelSpeed>0</WheelSpeed>
    <CarType>Sports</CarType>
  </MyCar>
  <Peds />
  <Time>112697</Time>
  <LastFrameTime>0.03139434</LastFrameTime>
  <MyProperty>0</MyProperty>
  <Weather>ExtraSunny</Weather>
  <Steering>127</Steering>
  <Acc>150</Acc>
  <Brake>127</Brake>
  <DayTime>06:58:34</DayTime>
  <Position>
    <X>-3101.564</X>
    <Y>1144.64148</Y>
    <Z>20.9159279</Z>
  </Position>
  <Rotation>
    <X>-0.5599353</X>
    <Y>0.5251235</Y>
    <Z>-4.65727329</Z>
  </Rotation>
</Screenshot>