<?xml version="1.0" encoding="utf-8"?>
<Screenshot xmlns:xsd="http://www.w3.org/2001/XMLSchema" xmlns:xsi="http://www.w3.org/2001/XMLSchema-instance">
  <Cars />
  <MyCar>
    <Position>
      <X>-3101.48267</X>
      <Y>1145.64783</Y>
      <Z>20.0139351</Z>
    </Position>
    <Rotation>
      <X>-0.0563844368</X>
      <Y>0.0210200623</Y>
      <Z>-4.651979</Z>
    </Rotation>
    <Handle>1538</Handle>
    <Bounds>
      <Vector3>
        <X>-3102.70825</X>
        <Y>1143.18066</Y>
        <Z>19.2888775</Z>
      </Vector3>
      <Vector3>
        <X>-3100.67236</X>
        <Y>1143.015</Y>
        <Z>19.2881279</Z>
      </Vector3>
      <Vector3>
        <X>-3102.29346</X>
        <Y>1148.27942</Y>
        <Z>19.283844</Z>
      </Vector3>
      <Vector3>
        <X>-3102.70776</X>
        <Y>1143.182</Y>
        <Z>20.7447758</Z>
      </Vector3>
      <Vector3>
        <X>-3100.25732</X>
        <Y>1148.11377</Y>
        <Z>19.2830944</Z>
      </Vector3>
      <Vector3>
        <X>-3100.67163</X>
        <Y>1143.01636</Y>
        <Z>20.7440262</Z>
      </Vector3>
      <Vector3>
        <X>-3102.29272</X>
        <Y>1148.28076</Y>
        <Z>20.73974</Z>
      </Vector3>
      <Vector3>
        <X>-3100.25684</X>
        <Y>1148.11511</Y>
        <Z>20.7389927</Z>
      </Vector3>
    </Bounds>
    <CenterCamPosition>
      <X>0</X>
      <Y>0</Y>
    </CenterCamPosition>
    <ScreenBounds />
    <DistanceToCam>0</DistanceToCam>
    <Speed>19.08996</Speed>
    <AccInput>0.184313774</AccInput>
    <RPM>0.7612627</RPM>
    <Gear>2</Gear>
    <SteeringAngle>2.802683E-07</SteeringAngle>
    <WheelSpeed>0</WheelSpeed>
    <CarType>Sports</CarType>
  </MyCar>
  <Peds />
  <Time>112781</Time>
  <LastFrameTime>0.01790172</LastFrameTime>
  <MyProperty>0</MyProperty>
  <Weather>ExtraSunny</Weather>
  <Steering>127</Steering>
  <Acc>150</Acc>
  <Brake>127</Brake>
  <DayTime>06:58:36</DayTime>
  <Position>
    <X>-3101.41284</X>
    <Y>1146.50415</Y>
    <Z>20.9132328</Z>
  </Position>
  <Rotation>
    <X>-0.5562213</X>
    <Y>0.520255148</Y>
    <Z>-4.653128</Z>
  </Rotation>
</Screenshot>