<?xml version="1.0" encoding="utf-8"?>
<Screenshot xmlns:xsd="http://www.w3.org/2001/XMLSchema" xmlns:xsi="http://www.w3.org/2001/XMLSchema-instance">
  <Cars />
  <MyCar>
    <Position>
      <X>-3101.45532</X>
      <Y>1145.98462</Y>
      <Z>20.0134335</Z>
    </Position>
    <Rotation>
      <X>-0.05654079</X>
      <Y>0.0222003367</Y>
      <Z>-4.65077448</Z>
    </Rotation>
    <Handle>1538</Handle>
    <Bounds>
      <Vector3>
        <X>-3102.681</X>
        <Y>1143.51746</Y>
        <Z>19.2884045</Z>
      </Vector3>
      <Vector3>
        <X>-3100.645</X>
        <Y>1143.35181</Y>
        <Z>19.2876129</Z>
      </Vector3>
      <Vector3>
        <X>-3102.266</X>
        <Y>1148.61621</Y>
        <Z>19.2833557</Z>
      </Vector3>
      <Vector3>
        <X>-3102.68018</X>
        <Y>1143.5188</Y>
        <Z>20.7443027</Z>
      </Vector3>
      <Vector3>
        <X>-3100.23022</X>
        <Y>1148.45056</Y>
        <Z>19.2825642</Z>
      </Vector3>
      <Vector3>
        <X>-3100.64429</X>
        <Y>1143.35315</Y>
        <Z>20.7435112</Z>
      </Vector3>
      <Vector3>
        <X>-3102.26538</X>
        <Y>1148.61755</Y>
        <Z>20.739254</Z>
      </Vector3>
      <Vector3>
        <X>-3100.22949</X>
        <Y>1148.4519</Y>
        <Z>20.7384624</Z>
      </Vector3>
    </Bounds>
    <CenterCamPosition>
      <X>0</X>
      <Y>0</Y>
    </CenterCamPosition>
    <ScreenBounds />
    <DistanceToCam>0</DistanceToCam>
    <Speed>19.100523</Speed>
    <AccInput>0.184313774</AccInput>
    <RPM>0.7622565</RPM>
    <Gear>2</Gear>
    <SteeringAngle>2.464566E-07</SteeringAngle>
    <WheelSpeed>0</WheelSpeed>
    <CarType>Sports</CarType>
  </MyCar>
  <Peds />
  <Time>112799</Time>
  <LastFrameTime>0.0176935084</LastFrameTime>
  <MyProperty>0</MyProperty>
  <Weather>ExtraSunny</Weather>
  <Steering>127</Steering>
  <Acc>150</Acc>
  <Brake>127</Brake>
  <DayTime>06:58:37</DayTime>
  <Position>
    <X>-3101.385</X>
    <Y>1146.84473</Y>
    <Z>20.9127541</Z>
  </Position>
  <Rotation>
    <X>-0.556384444</X>
    <Y>0.521020055</Y>
    <Z>-4.651979</Z>
  </Rotation>
</Screenshot>