<?xml version="1.0" encoding="utf-8"?>
<Screenshot xmlns:xsd="http://www.w3.org/2001/XMLSchema" xmlns:xsi="http://www.w3.org/2001/XMLSchema-instance">
  <Cars />
  <MyCar>
    <Position>
      <X>-3101.5105</X>
      <Y>1145.30725</Y>
      <Z>20.01441</Z>
    </Position>
    <Rotation>
      <X>-0.056221325</X>
      <Y>0.0202551782</Y>
      <Z>-4.653128</Z>
    </Rotation>
    <Handle>1538</Handle>
    <Bounds>
      <Vector3>
        <X>-3102.736</X>
        <Y>1142.84009</Y>
        <Z>19.2893314</Z>
      </Vector3>
      <Vector3>
        <X>-3100.7002</X>
        <Y>1142.67444</Y>
        <Z>19.28861</Z>
      </Vector3>
      <Vector3>
        <X>-3102.32129</X>
        <Y>1147.93884</Y>
        <Z>19.2843132</Z>
      </Vector3>
      <Vector3>
        <X>-3102.7356</X>
        <Y>1142.84143</Y>
        <Z>20.74523</Z>
      </Vector3>
      <Vector3>
        <X>-3100.28516</X>
        <Y>1147.77307</Y>
        <Z>19.28359</Z>
      </Vector3>
      <Vector3>
        <X>-3100.69946</X>
        <Y>1142.67578</Y>
        <Z>20.7445068</Z>
      </Vector3>
      <Vector3>
        <X>-3102.32056</X>
        <Y>1147.94019</Y>
        <Z>20.74021</Z>
      </Vector3>
      <Vector3>
        <X>-3100.28467</X>
        <Y>1147.77454</Y>
        <Z>20.7394886</Z>
      </Vector3>
    </Bounds>
    <CenterCamPosition>
      <X>0</X>
      <Y>0</Y>
    </CenterCamPosition>
    <ScreenBounds />
    <DistanceToCam>0</DistanceToCam>
    <Speed>19.0791683</Speed>
    <AccInput>0.184313774</AccInput>
    <RPM>0.7600863</RPM>
    <Gear>2</Gear>
    <SteeringAngle>3.19245714E-07</SteeringAngle>
    <WheelSpeed>0</WheelSpeed>
    <CarType>Sports</CarType>
  </MyCar>
  <Peds />
  <Time>112763</Time>
  <LastFrameTime>0.06666667</LastFrameTime>
  <MyProperty>0</MyProperty>
  <Weather>ExtraSunny</Weather>
  <Steering>127</Steering>
  <Acc>150</Acc>
  <Brake>127</Brake>
  <DayTime>06:58:36</DayTime>
  <Position>
    <X>-3101.51563</X>
    <Y>1145.237</Y>
    <Z>20.9150581</Z>
  </Position>
  <Rotation>
    <X>-0.559527755</X>
    <Y>0.52601403</Y>
    <Z>-4.656824</Z>
  </Rotation>
</Screenshot>