<?xml version="1.0" encoding="utf-8"?>
<Screenshot xmlns:xsd="http://www.w3.org/2001/XMLSchema" xmlns:xsi="http://www.w3.org/2001/XMLSchema-instance">
  <Cars />
  <MyCar>
    <Position>
      <X>-3101.428</X>
      <Y>1146.32312</Y>
      <Z>20.0129356</Z>
    </Position>
    <Rotation>
      <X>-0.0565929972</X>
      <Y>0.02278294</Y>
      <Z>-4.649521</Z>
    </Rotation>
    <Handle>1538</Handle>
    <Bounds>
      <Vector3>
        <X>-3102.65356</X>
        <Y>1143.85583</Y>
        <Z>19.28792</Z>
      </Vector3>
      <Vector3>
        <X>-3100.61743</X>
        <Y>1143.69031</Y>
        <Z>19.2871075</Z>
      </Vector3>
      <Vector3>
        <X>-3102.23877</X>
        <Y>1148.95471</Y>
        <Z>19.2828674</Z>
      </Vector3>
      <Vector3>
        <X>-3102.65283</X>
        <Y>1143.8573</Y>
        <Z>20.7438164</Z>
      </Vector3>
      <Vector3>
        <X>-3100.203</X>
        <Y>1148.78906</Y>
        <Z>19.2820549</Z>
      </Vector3>
      <Vector3>
        <X>-3100.617</X>
        <Y>1143.69165</Y>
        <Z>20.7430038</Z>
      </Vector3>
      <Vector3>
        <X>-3102.23828</X>
        <Y>1148.956</Y>
        <Z>20.7387638</Z>
      </Vector3>
      <Vector3>
        <X>-3100.20215</X>
        <Y>1148.79041</Y>
        <Z>20.7379513</Z>
      </Vector3>
    </Bounds>
    <CenterCamPosition>
      <X>0</X>
      <Y>0</Y>
    </CenterCamPosition>
    <ScreenBounds />
    <DistanceToCam>0</DistanceToCam>
    <Speed>19.1110268</Speed>
    <AccInput>0.184313774</AccInput>
    <RPM>0.7626735</RPM>
    <Gear>2</Gear>
    <SteeringAngle>2.166003E-07</SteeringAngle>
    <WheelSpeed>0</WheelSpeed>
    <CarType>Sports</CarType>
  </MyCar>
  <Peds />
  <Time>112817</Time>
  <LastFrameTime>0.0177717041</LastFrameTime>
  <MyProperty>0</MyProperty>
  <Weather>ExtraSunny</Weather>
  <Steering>127</Steering>
  <Acc>150</Acc>
  <Brake>127</Brake>
  <DayTime>06:58:37</DayTime>
  <Position>
    <X>-3101.35767</X>
    <Y>1147.18152</Y>
    <Z>20.9122486</Z>
  </Position>
  <Rotation>
    <X>-0.5565407</X>
    <Y>0.5222004</Y>
    <Z>-4.65077353</Z>
  </Rotation>
</Screenshot>