<?xml version="1.0" encoding="utf-8"?>
<Screenshot xmlns:xsd="http://www.w3.org/2001/XMLSchema" xmlns:xsi="http://www.w3.org/2001/XMLSchema-instance">
  <Cars />
  <MyCar>
    <Position>
      <X>-3101.38086</X>
      <Y>1146.90186</Y>
      <Z>20.0121021</Z>
    </Position>
    <Rotation>
      <X>-0.05526084</X>
      <Y>0.02598788</Y>
      <Z>-4.64735556</Z>
    </Rotation>
    <Handle>1538</Handle>
    <Bounds>
      <Vector3>
        <X>-3102.60645</X>
        <Y>1144.43457</Y>
        <Z>19.2870827</Z>
      </Vector3>
      <Vector3>
        <X>-3100.57031</X>
        <Y>1144.269</Y>
        <Z>19.2861576</Z>
      </Vector3>
      <Vector3>
        <X>-3102.192</X>
        <Y>1149.53333</Y>
        <Z>19.28215</Z>
      </Vector3>
      <Vector3>
        <X>-3102.60547</X>
        <Y>1144.43591</Y>
        <Z>20.742981</Z>
      </Vector3>
      <Vector3>
        <X>-3100.15576</X>
        <Y>1149.36792</Y>
        <Z>19.2812233</Z>
      </Vector3>
      <Vector3>
        <X>-3100.56958</X>
        <Y>1144.27039</Y>
        <Z>20.742054</Z>
      </Vector3>
      <Vector3>
        <X>-3102.19116</X>
        <Y>1149.53467</Y>
        <Z>20.7380466</Z>
      </Vector3>
      <Vector3>
        <X>-3100.155</X>
        <Y>1149.36926</Y>
        <Z>20.73712</Z>
      </Vector3>
    </Bounds>
    <CenterCamPosition>
      <X>0</X>
      <Y>0</Y>
    </CenterCamPosition>
    <ScreenBounds />
    <DistanceToCam>0</DistanceToCam>
    <Speed>19.128685</Speed>
    <AccInput>0.184313774</AccInput>
    <RPM>0.763084531</RPM>
    <Gear>2</Gear>
    <SteeringAngle>1.71788685E-07</SteeringAngle>
    <WheelSpeed>0</WheelSpeed>
    <CarType>Sports</CarType>
  </MyCar>
  <Peds />
  <Time>112847</Time>
  <LastFrameTime>0.0303582363</LastFrameTime>
  <MyProperty>0</MyProperty>
  <Weather>ExtraSunny</Weather>
  <Steering>127</Steering>
  <Acc>150</Acc>
  <Brake>127</Brake>
  <DayTime>06:58:38</DayTime>
  <Position>
    <X>-3101.33032</X>
    <Y>1147.52</Y>
    <Z>20.91175</Z>
  </Position>
  <Rotation>
    <X>-0.55659306</X>
    <Y>0.522783</Y>
    <Z>-4.6495204</Z>
  </Rotation>
</Screenshot>