<?xml version="1.0" encoding="utf-8"?>
<Screenshot xmlns:xsd="http://www.w3.org/2001/XMLSchema" xmlns:xsi="http://www.w3.org/2001/XMLSchema-instance">
  <Cars />
  <MyCar>
    <Position>
      <X>-3033.73975</X>
      <Y>1824.64575</Y>
      <Z>32.4819756</Z>
    </Position>
    <Rotation>
      <X>-3.521009</X>
      <Y>-0.253756583</Y>
      <Z>-4.165514</Z>
    </Rotation>
    <Handle>2306</Handle>
    <Bounds>
      <Vector3>
        <X>-3034.94434</X>
        <Y>1822.129</Y>
        <Z>31.9079647</Z>
      </Vector3>
      <Vector3>
        <X>-3032.90723</X>
        <Y>1821.98059</Y>
        <Z>31.9170132</Z>
      </Vector3>
      <Vector3>
        <X>-3034.57227</X>
        <Y>1827.22131</Y>
        <Z>31.5937958</Z>
      </Vector3>
      <Vector3>
        <X>-3034.94434</X>
        <Y>1822.21863</Y>
        <Z>33.3611</Z>
      </Vector3>
      <Vector3>
        <X>-3032.535</X>
        <Y>1827.073</Y>
        <Z>31.6028442</Z>
      </Vector3>
      <Vector3>
        <X>-3032.907</X>
        <Y>1822.07031</Y>
        <Z>33.3701477</Z>
      </Vector3>
      <Vector3>
        <X>-3034.572</X>
        <Y>1827.311</Y>
        <Z>33.04693</Z>
      </Vector3>
      <Vector3>
        <X>-3032.535</X>
        <Y>1827.1626</Y>
        <Z>33.0559769</Z>
      </Vector3>
    </Bounds>
    <CenterCamPosition>
      <X>0</X>
      <Y>0</Y>
    </CenterCamPosition>
    <ScreenBounds />
    <DistanceToCam>0</DistanceToCam>
    <Speed>21.51615</Speed>
    <AccInput>0</AccInput>
    <RPM>1.35798967</RPM>
    <Gear>0</Gear>
    <SteeringAngle>4.463976E-41</SteeringAngle>
    <WheelSpeed>0</WheelSpeed>
    <CarType>Sports</CarType>
  </MyCar>
  <Peds />
  <Time>213958</Time>
  <LastFrameTime>0.0256537069</LastFrameTime>
  <MyProperty>0</MyProperty>
  <Weather>Foggy</Weather>
  <Steering>131</Steering>
  <Acc>150</Acc>
  <Brake>127</Brake>
  <DayTime>15:16:42</DayTime>
  <Position>
    <X>-3033.69263</X>
    <Y>1825.34619</Y>
    <Z>33.3397179</Z>
  </Position>
  <Rotation>
    <X>-4.01370955</X>
    <Y>0.256076843</Y>
    <Z>-4.14088726</Z>
  </Rotation>
</Screenshot>