<?xml version="1.0" encoding="utf-8"?>
<Screenshot xmlns:xsd="http://www.w3.org/2001/XMLSchema" xmlns:xsi="http://www.w3.org/2001/XMLSchema-instance">
  <Cars />
  <MyCar>
    <Position>
      <X>-2340.60156</X>
      <Y>-282.3973</Y>
      <Z>13.5710363</Z>
    </Position>
    <Rotation>
      <X>0.0540311076</X>
      <Y>1.87257051</Y>
      <Z>44.88564</Z>
    </Rotation>
    <Handle>104962</Handle>
    <Bounds>
      <Vector3>
        <X>-2339.537</X>
        <Y>-284.9462</Y>
        <Z>12.8744364</Z>
      </Vector3>
      <Vector3>
        <X>-2338.09058</X>
        <Y>-283.505432</Y>
        <Z>12.8076868</Z>
      </Vector3>
      <Vector3>
        <X>-2343.147</X>
        <Y>-281.3216</Y>
        <Z>12.8792572</Z>
      </Vector3>
      <Vector3>
        <X>-2339.50244</X>
        <Y>-284.9136</Y>
        <Z>14.3295555</Z>
      </Vector3>
      <Vector3>
        <X>-2341.70044</X>
        <Y>-279.880829</Y>
        <Z>12.8125086</Z>
      </Vector3>
      <Vector3>
        <X>-2338.056</X>
        <Y>-283.472839</Y>
        <Z>14.2628059</Z>
      </Vector3>
      <Vector3>
        <X>-2343.1123</X>
        <Y>-281.289</Y>
        <Z>14.3343773</Z>
      </Vector3>
      <Vector3>
        <X>-2341.66577</X>
        <Y>-279.848236</Y>
        <Z>14.2676277</Z>
      </Vector3>
    </Bounds>
    <CenterCamPosition>
      <X>0</X>
      <Y>0</Y>
    </CenterCamPosition>
    <ScreenBounds />
    <DistanceToCam>0</DistanceToCam>
    <Speed>0.0101508228</Speed>
    <AccInput>0</AccInput>
    <RPM>1.35798967</RPM>
    <Gear>0</Gear>
    <SteeringAngle>4.463976E-41</SteeringAngle>
    <WheelSpeed>0</WheelSpeed>
    <CarType>Sports</CarType>
  </MyCar>
  <Peds />
  <Time>262078</Time>
  <LastFrameTime>0.0261706728</LastFrameTime>
  <MyProperty>0</MyProperty>
  <Weather>Foggy</Weather>
  <Steering>122</Steering>
  <Acc>127</Acc>
  <Brake>127</Brake>
  <DayTime>15:16:13</DayTime>
  <Position>
    <X>-2341.42725</X>
    <Y>-281.526764</Y>
    <Z>14.4715643</Z>
  </Position>
  <Rotation>
    <X>-0.452407867</X>
    <Y>2.37202668</Y>
    <Z>44.8658676</Z>
  </Rotation>
</Screenshot>