<?xml version="1.0" encoding="utf-8"?>
<Screenshot xmlns:xsd="http://www.w3.org/2001/XMLSchema" xmlns:xsi="http://www.w3.org/2001/XMLSchema-instance">
  <Cars />
  <MyCar>
    <Position>
      <X>-2340.60181</X>
      <Y>-282.397247</Y>
      <Z>13.57104</Z>
    </Position>
    <Rotation>
      <X>0.04797984</X>
      <Y>1.87210071</Y>
      <Z>44.884594</Z>
    </Rotation>
    <Handle>104962</Handle>
    <Bounds>
      <Vector3>
        <X>-2339.53735</X>
        <Y>-284.9462</Y>
        <Z>12.8747015</Z>
      </Vector3>
      <Vector3>
        <X>-2338.09082</X>
        <Y>-283.505463</Y>
        <Z>12.8079691</Z>
      </Vector3>
      <Vector3>
        <X>-2343.14722</X>
        <Y>-281.321564</Y>
        <Z>12.8789825</Z>
      </Vector3>
      <Vector3>
        <X>-2339.50269</X>
        <Y>-284.9135</Y>
        <Z>14.3298216</Z>
      </Vector3>
      <Vector3>
        <X>-2341.70068</X>
        <Y>-279.880829</Y>
        <Z>12.81225</Z>
      </Vector3>
      <Vector3>
        <X>-2338.05615</X>
        <Y>-283.472778</Y>
        <Z>14.2630882</Z>
      </Vector3>
      <Vector3>
        <X>-2343.11255</X>
        <Y>-281.288849</Y>
        <Z>14.3341026</Z>
      </Vector3>
      <Vector3>
        <X>-2341.666</X>
        <Y>-279.8481</Y>
        <Z>14.26737</Z>
      </Vector3>
    </Bounds>
    <CenterCamPosition>
      <X>0</X>
      <Y>0</Y>
    </CenterCamPosition>
    <ScreenBounds />
    <DistanceToCam>0</DistanceToCam>
    <Speed>0.007480794</Speed>
    <AccInput>0</AccInput>
    <RPM>1.35798967</RPM>
    <Gear>0</Gear>
    <SteeringAngle>4.463976E-41</SteeringAngle>
    <WheelSpeed>0</WheelSpeed>
    <CarType>Sports</CarType>
  </MyCar>
  <Peds />
  <Time>262051</Time>
  <LastFrameTime>0.0342568681</LastFrameTime>
  <MyProperty>0</MyProperty>
  <Weather>Foggy</Weather>
  <Steering>122</Steering>
  <Acc>127</Acc>
  <Brake>127</Brake>
  <DayTime>15:16:13</DayTime>
  <Position>
    <X>-2341.42725</X>
    <Y>-281.5265</Y>
    <Z>14.4713459</Z>
  </Position>
  <Rotation>
    <X>-0.462131441</X>
    <Y>2.37017775</Y>
    <Z>44.8596</Z>
  </Rotation>
</Screenshot>