<?xml version="1.0" encoding="utf-8"?>
<Screenshot xmlns:xsd="http://www.w3.org/2001/XMLSchema" xmlns:xsi="http://www.w3.org/2001/XMLSchema-instance">
  <Cars />
  <MyCar>
    <Position>
      <X>-2340.60132</X>
      <Y>-282.3974</Y>
      <Z>13.5709267</Z>
    </Position>
    <Rotation>
      <X>0.073039636</X>
      <Y>1.8798244</Y>
      <Z>44.883564</Z>
    </Rotation>
    <Handle>104962</Handle>
    <Bounds>
      <Vector3>
        <X>-2339.537</X>
        <Y>-284.946259</Y>
        <Z>12.8736115</Z>
      </Vector3>
      <Vector3>
        <X>-2338.09058</X>
        <Y>-283.505524</Y>
        <Z>12.8066034</Z>
      </Vector3>
      <Vector3>
        <X>-2343.147</X>
        <Y>-281.321472</Y>
        <Z>12.8801289</Z>
      </Vector3>
      <Vector3>
        <X>-2339.502</X>
        <Y>-284.913849</Y>
        <Z>14.3287239</Z>
      </Vector3>
      <Vector3>
        <X>-2341.70044</X>
        <Y>-279.880768</Y>
        <Z>12.8131208</Z>
      </Vector3>
      <Vector3>
        <X>-2338.05542</X>
        <Y>-283.473145</Y>
        <Z>14.2617159</Z>
      </Vector3>
      <Vector3>
        <X>-2343.11182</X>
        <Y>-281.2891</Y>
        <Z>14.3352413</Z>
      </Vector3>
      <Vector3>
        <X>-2341.66528</X>
        <Y>-279.8484</Y>
        <Z>14.2682333</Z>
      </Vector3>
    </Bounds>
    <CenterCamPosition>
      <X>0</X>
      <Y>0</Y>
    </CenterCamPosition>
    <ScreenBounds />
    <DistanceToCam>0</DistanceToCam>
    <Speed>0.0036022414</Speed>
    <AccInput>0</AccInput>
    <RPM>1.35798967</RPM>
    <Gear>0</Gear>
    <SteeringAngle>4.463976E-41</SteeringAngle>
    <WheelSpeed>0</WheelSpeed>
    <CarType>Sports</CarType>
  </MyCar>
  <Peds />
  <Time>262175</Time>
  <LastFrameTime>0.0336319171</LastFrameTime>
  <MyProperty>0</MyProperty>
  <Weather>Foggy</Weather>
  <Steering>122</Steering>
  <Acc>127</Acc>
  <Brake>127</Brake>
  <DayTime>15:16:13</DayTime>
  <Position>
    <X>-2341.42676</X>
    <Y>-281.526978</Y>
    <Z>14.4719086</Z>
  </Position>
  <Rotation>
    <X>-0.4328228</X>
    <Y>2.37709975</Y>
    <Z>44.8647041</Z>
  </Rotation>
</Screenshot>