<?xml version="1.0" encoding="utf-8"?>
<Screenshot xmlns:xsd="http://www.w3.org/2001/XMLSchema" xmlns:xsi="http://www.w3.org/2001/XMLSchema-instance">
  <Cars />
  <MyCar>
    <Position>
      <X>-2340.60156</X>
      <Y>-282.397339</Y>
      <Z>13.57101</Z>
    </Position>
    <Rotation>
      <X>0.0619289167</X>
      <Y>1.87612712</Y>
      <Z>44.8826065</Z>
    </Rotation>
    <Handle>104962</Handle>
    <Bounds>
      <Vector3>
        <X>-2339.53735</X>
        <Y>-284.946259</Y>
        <Z>12.8741226</Z>
      </Vector3>
      <Vector3>
        <X>-2338.09082</X>
        <Y>-283.505585</Y>
        <Z>12.8072462</Z>
      </Vector3>
      <Vector3>
        <X>-2343.147</X>
        <Y>-281.321442</Y>
        <Z>12.8796482</Z>
      </Vector3>
      <Vector3>
        <X>-2339.50244</X>
        <Y>-284.913727</Y>
        <Z>14.3292379</Z>
      </Vector3>
      <Vector3>
        <X>-2341.70044</X>
        <Y>-279.880768</Y>
        <Z>12.8127718</Z>
      </Vector3>
      <Vector3>
        <X>-2338.056</X>
        <Y>-283.473053</Y>
        <Z>14.2623625</Z>
      </Vector3>
      <Vector3>
        <X>-2343.1123</X>
        <Y>-281.28894</Y>
        <Z>14.3347645</Z>
      </Vector3>
      <Vector3>
        <X>-2341.66553</X>
        <Y>-279.848236</Y>
        <Z>14.2678881</Z>
      </Vector3>
    </Bounds>
    <CenterCamPosition>
      <X>0</X>
      <Y>0</Y>
    </CenterCamPosition>
    <ScreenBounds />
    <DistanceToCam>0</DistanceToCam>
    <Speed>0.00197076635</Speed>
    <AccInput>0</AccInput>
    <RPM>1.35798967</RPM>
    <Gear>0</Gear>
    <SteeringAngle>4.463976E-41</SteeringAngle>
    <WheelSpeed>0</WheelSpeed>
    <CarType>Sports</CarType>
  </MyCar>
  <Peds />
  <Time>262109</Time>
  <LastFrameTime>0.03138594</LastFrameTime>
  <MyProperty>0</MyProperty>
  <Weather>Foggy</Weather>
  <Steering>122</Steering>
  <Acc>127</Acc>
  <Brake>127</Brake>
  <DayTime>15:16:13</DayTime>
  <Position>
    <X>-2341.427</X>
    <Y>-281.526917</Y>
    <Z>14.4716864</Z>
  </Position>
  <Rotation>
    <X>-0.446351558</X>
    <Y>2.37249875</Y>
    <Z>44.86716</Z>
  </Rotation>
</Screenshot>