<?xml version="1.0" encoding="utf-8"?>
<Screenshot xmlns:xsd="http://www.w3.org/2001/XMLSchema" xmlns:xsi="http://www.w3.org/2001/XMLSchema-instance">
  <Cars />
  <MyCar>
    <Position>
      <X>-2340.60156</X>
      <Y>-282.397339</Y>
      <Z>13.5709782</Z>
    </Position>
    <Rotation>
      <X>0.06754958</X>
      <Y>1.87716746</Y>
      <Z>44.88266</Z>
    </Rotation>
    <Handle>104962</Handle>
    <Bounds>
      <Vector3>
        <X>-2339.53735</X>
        <Y>-284.946228</Y>
        <Z>12.8738594</Z>
      </Vector3>
      <Vector3>
        <X>-2338.09082</X>
        <Y>-283.505524</Y>
        <Z>12.8069458</Z>
      </Vector3>
      <Vector3>
        <X>-2343.14722</X>
        <Y>-281.3214</Y>
        <Z>12.8798866</Z>
      </Vector3>
      <Vector3>
        <X>-2339.50244</X>
        <Y>-284.9138</Y>
        <Z>14.3289738</Z>
      </Vector3>
      <Vector3>
        <X>-2341.70044</X>
        <Y>-279.8807</Y>
        <Z>12.812973</Z>
      </Vector3>
      <Vector3>
        <X>-2338.056</X>
        <Y>-283.473083</Y>
        <Z>14.2620611</Z>
      </Vector3>
      <Vector3>
        <X>-2343.112</X>
        <Y>-281.288971</Y>
        <Z>14.3350019</Z>
      </Vector3>
      <Vector3>
        <X>-2341.66553</X>
        <Y>-279.8483</Y>
        <Z>14.2680883</Z>
      </Vector3>
    </Bounds>
    <CenterCamPosition>
      <X>0</X>
      <Y>0</Y>
    </CenterCamPosition>
    <ScreenBounds />
    <DistanceToCam>0</DistanceToCam>
    <Speed>0.006625097</Speed>
    <AccInput>0</AccInput>
    <RPM>1.35798967</RPM>
    <Gear>0</Gear>
    <SteeringAngle>4.463976E-41</SteeringAngle>
    <WheelSpeed>0</WheelSpeed>
    <CarType>Sports</CarType>
  </MyCar>
  <Peds />
  <Time>262141</Time>
  <LastFrameTime>0.03194697</LastFrameTime>
  <MyProperty>0</MyProperty>
  <Weather>Foggy</Weather>
  <Steering>122</Steering>
  <Acc>127</Acc>
  <Brake>127</Brake>
  <DayTime>15:16:13</DayTime>
  <Position>
    <X>-2341.42676</X>
    <Y>-281.526947</Y>
    <Z>14.4718227</Z>
  </Position>
  <Rotation>
    <X>-0.438447982</X>
    <Y>2.37605739</Y>
    <Z>44.8644257</Z>
  </Rotation>
</Screenshot>