<?xml version="1.0" encoding="utf-8"?>
<Screenshot xmlns:xsd="http://www.w3.org/2001/XMLSchema" xmlns:xsi="http://www.w3.org/2001/XMLSchema-instance">
  <Cars />
  <MyCar>
    <Position>
      <X>-2340.60132</X>
      <Y>-282.397461</Y>
      <Z>13.5708151</Z>
    </Position>
    <Rotation>
      <X>0.08412806</X>
      <Y>1.8829627</Y>
      <Z>44.8847771</Z>
    </Rotation>
    <Handle>104962</Handle>
    <Bounds>
      <Vector3>
        <X>-2339.53735</X>
        <Y>-284.946228</Y>
        <Z>12.8730621</Z>
      </Vector3>
      <Vector3>
        <X>-2338.09082</X>
        <Y>-283.5055</Y>
        <Z>12.8059425</Z>
      </Vector3>
      <Vector3>
        <X>-2343.14722</X>
        <Y>-281.3215</Y>
        <Z>12.8805695</Z>
      </Vector3>
      <Vector3>
        <X>-2339.502</X>
        <Y>-284.913971</Y>
        <Z>14.3281717</Z>
      </Vector3>
      <Vector3>
        <X>-2341.70068</X>
        <Y>-279.880768</Y>
        <Z>12.81345</Z>
      </Vector3>
      <Vector3>
        <X>-2338.05542</X>
        <Y>-283.473236</Y>
        <Z>14.2610521</Z>
      </Vector3>
      <Vector3>
        <X>-2343.11182</X>
        <Y>-281.289276</Y>
        <Z>14.3356791</Z>
      </Vector3>
      <Vector3>
        <X>-2341.66528</X>
        <Y>-279.848541</Y>
        <Z>14.2685595</Z>
      </Vector3>
    </Bounds>
    <CenterCamPosition>
      <X>0</X>
      <Y>0</Y>
    </CenterCamPosition>
    <ScreenBounds />
    <DistanceToCam>0</DistanceToCam>
    <Speed>0.00157123909</Speed>
    <AccInput>0</AccInput>
    <RPM>1.35798967</RPM>
    <Gear>0</Gear>
    <SteeringAngle>4.463976E-41</SteeringAngle>
    <WheelSpeed>0</WheelSpeed>
    <CarType>Sports</CarType>
  </MyCar>
  <Peds />
  <Time>262259</Time>
  <LastFrameTime>0.0329961069</LastFrameTime>
  <MyProperty>0</MyProperty>
  <Weather>Foggy</Weather>
  <Steering>122</Steering>
  <Acc>127</Acc>
  <Brake>127</Brake>
  <DayTime>15:16:13</DayTime>
  <Position>
    <X>-2341.42627</X>
    <Y>-281.527161</Y>
    <Z>14.4720564</Z>
  </Position>
  <Rotation>
    <X>-0.41965735</X>
    <Y>2.38179135</Y>
    <Z>44.8661766</Z>
  </Rotation>
</Screenshot>