<?xml version="1.0" encoding="utf-8"?>
<Screenshot xmlns:xsd="http://www.w3.org/2001/XMLSchema" xmlns:xsi="http://www.w3.org/2001/XMLSchema-instance">
  <Cars />
  <MyCar>
    <Position>
      <X>-2340.60132</X>
      <Y>-282.397461</Y>
      <Z>13.5707731</Z>
    </Position>
    <Rotation>
      <X>0.08774238</X>
      <Y>1.88382173</Y>
      <Z>44.88327</Z>
    </Rotation>
    <Handle>104962</Handle>
    <Bounds>
      <Vector3>
        <X>-2339.53735</X>
        <Y>-284.946228</Y>
        <Z>12.8728743</Z>
      </Vector3>
      <Vector3>
        <X>-2338.09082</X>
        <Y>-283.505524</Y>
        <Z>12.8057241</Z>
      </Vector3>
      <Vector3>
        <X>-2343.14722</X>
        <Y>-281.3214</Y>
        <Z>12.8807039</Z>
      </Vector3>
      <Vector3>
        <X>-2339.502</X>
        <Y>-284.914032</Y>
        <Z>14.3279829</Z>
      </Vector3>
      <Vector3>
        <X>-2341.70044</X>
        <Y>-279.8807</Y>
        <Z>12.8135538</Z>
      </Vector3>
      <Vector3>
        <X>-2338.05542</X>
        <Y>-283.473328</Y>
        <Z>14.2608328</Z>
      </Vector3>
      <Vector3>
        <X>-2343.11157</X>
        <Y>-281.2892</Y>
        <Z>14.3358135</Z>
      </Vector3>
      <Vector3>
        <X>-2341.665</X>
        <Y>-279.8485</Y>
        <Z>14.2686625</Z>
      </Vector3>
    </Bounds>
    <CenterCamPosition>
      <X>0</X>
      <Y>0</Y>
    </CenterCamPosition>
    <ScreenBounds />
    <DistanceToCam>0</DistanceToCam>
    <Speed>0.002233388</Speed>
    <AccInput>0</AccInput>
    <RPM>1.35798967</RPM>
    <Gear>0</Gear>
    <SteeringAngle>4.463976E-41</SteeringAngle>
    <WheelSpeed>0</WheelSpeed>
    <CarType>Sports</CarType>
  </MyCar>
  <Peds />
  <Time>262291</Time>
  <LastFrameTime>0.0325458534</LastFrameTime>
  <MyProperty>0</MyProperty>
  <Weather>Foggy</Weather>
  <Steering>122</Steering>
  <Acc>127</Acc>
  <Brake>127</Brake>
  <DayTime>15:16:13</DayTime>
  <Position>
    <X>-2341.42627</X>
    <Y>-281.527252</Y>
    <Z>14.4720888</Z>
  </Position>
  <Rotation>
    <X>-0.416231871</X>
    <Y>2.3829</Y>
    <Z>44.86747</Z>
  </Rotation>
</Screenshot>