<?xml version="1.0" encoding="utf-8"?>
<Screenshot xmlns:xsd="http://www.w3.org/2001/XMLSchema" xmlns:xsi="http://www.w3.org/2001/XMLSchema-instance">
  <Cars />
  <MyCar>
    <Position>
      <X>-2340.60132</X>
      <Y>-282.3974</Y>
      <Z>13.5708532</Z>
    </Position>
    <Rotation>
      <X>0.08070509</X>
      <Y>1.88185549</Y>
      <Z>44.88362</Z>
    </Rotation>
    <Handle>104962</Handle>
    <Bounds>
      <Vector3>
        <X>-2339.53735</X>
        <Y>-284.9462</Y>
        <Z>12.8732328</Z>
      </Vector3>
      <Vector3>
        <X>-2338.09082</X>
        <Y>-283.5055</Y>
        <Z>12.8061523</Z>
      </Vector3>
      <Vector3>
        <X>-2343.147</X>
        <Y>-281.3214</Y>
        <Z>12.880434</Z>
      </Vector3>
      <Vector3>
        <X>-2339.502</X>
        <Y>-284.9139</Y>
        <Z>14.3283434</Z>
      </Vector3>
      <Vector3>
        <X>-2341.70044</X>
        <Y>-279.8807</Y>
        <Z>12.8133545</Z>
      </Vector3>
      <Vector3>
        <X>-2338.05542</X>
        <Y>-283.4732</Y>
        <Z>14.2612629</Z>
      </Vector3>
      <Vector3>
        <X>-2343.11182</X>
        <Y>-281.289124</Y>
        <Z>14.3355455</Z>
      </Vector3>
      <Vector3>
        <X>-2341.665</X>
        <Y>-279.848419</Y>
        <Z>14.268465</Z>
      </Vector3>
    </Bounds>
    <CenterCamPosition>
      <X>0</X>
      <Y>0</Y>
    </CenterCamPosition>
    <ScreenBounds />
    <DistanceToCam>0</DistanceToCam>
    <Speed>0.0029998417</Speed>
    <AccInput>0</AccInput>
    <RPM>1.35798967</RPM>
    <Gear>0</Gear>
    <SteeringAngle>4.463976E-41</SteeringAngle>
    <WheelSpeed>0</WheelSpeed>
    <CarType>Sports</CarType>
  </MyCar>
  <Peds />
  <Time>262226</Time>
  <LastFrameTime>0.0510191433</LastFrameTime>
  <MyProperty>0</MyProperty>
  <Weather>Foggy</Weather>
  <Steering>122</Steering>
  <Acc>127</Acc>
  <Brake>127</Brake>
  <DayTime>15:16:13</DayTime>
  <Position>
    <X>-2341.42627</X>
    <Y>-281.5271</Y>
    <Z>14.4719706</Z>
  </Position>
  <Rotation>
    <X>-0.427328855</X>
    <Y>2.37975812</Y>
    <Z>44.865818</Z>
  </Rotation>
</Screenshot>