<?xml version="1.0" encoding="utf-8"?>
<Screenshot xmlns:xsd="http://www.w3.org/2001/XMLSchema" xmlns:xsi="http://www.w3.org/2001/XMLSchema-instance">
  <Cars />
  <MyCar>
    <Position>
      <X>-2340.601</X>
      <Y>-282.397552</Y>
      <Z>13.570653</Z>
    </Position>
    <Rotation>
      <X>0.0984010547</X>
      <Y>1.8856107</Y>
      <Z>44.8813744</Z>
    </Rotation>
    <Handle>104962</Handle>
    <Bounds>
      <Vector3>
        <X>-2339.53735</X>
        <Y>-284.9463</Y>
        <Z>12.8723116</Z>
      </Vector3>
      <Vector3>
        <X>-2338.09082</X>
        <Y>-283.505646</Y>
        <Z>12.8050976</Z>
      </Vector3>
      <Vector3>
        <X>-2343.147</X>
        <Y>-281.32132</Y>
        <Z>12.881093</Z>
      </Vector3>
      <Vector3>
        <X>-2339.50171</X>
        <Y>-284.914246</Y>
        <Z>14.3274183</Z>
      </Vector3>
      <Vector3>
        <X>-2341.7002</X>
        <Y>-279.880676</Y>
        <Z>12.8138781</Z>
      </Vector3>
      <Vector3>
        <X>-2338.055</X>
        <Y>-283.4736</Y>
        <Z>14.2602043</Z>
      </Vector3>
      <Vector3>
        <X>-2343.11133</X>
        <Y>-281.2893</Y>
        <Z>14.3362</Z>
      </Vector3>
      <Vector3>
        <X>-2341.66455</X>
        <Y>-279.848633</Y>
        <Z>14.2689848</Z>
      </Vector3>
    </Bounds>
    <CenterCamPosition>
      <X>0</X>
      <Y>0</Y>
    </CenterCamPosition>
    <ScreenBounds />
    <DistanceToCam>0</DistanceToCam>
    <Speed>0.004151093</Speed>
    <AccInput>0</AccInput>
    <RPM>1.35798967</RPM>
    <Gear>0</Gear>
    <SteeringAngle>4.463976E-41</SteeringAngle>
    <WheelSpeed>0</WheelSpeed>
    <CarType>Sports</CarType>
  </MyCar>
  <Peds />
  <Time>262392</Time>
  <LastFrameTime>0.026276486</LastFrameTime>
  <MyProperty>0</MyProperty>
  <Weather>Foggy</Weather>
  <Steering>122</Steering>
  <Acc>127</Acc>
  <Brake>127</Brake>
  <DayTime>15:16:13</DayTime>
  <Position>
    <X>-2341.42578</X>
    <Y>-281.527435</Y>
    <Z>14.4722023</Z>
  </Position>
  <Rotation>
    <X>-0.404635966</X>
    <Y>2.384097</Y>
    <Z>44.86683</Z>
  </Rotation>
</Screenshot>