<?xml version="1.0" encoding="utf-8"?>
<Screenshot xmlns:xsd="http://www.w3.org/2001/XMLSchema" xmlns:xsi="http://www.w3.org/2001/XMLSchema-instance">
  <Cars />
  <MyCar>
    <Position>
      <X>-2340.601</X>
      <Y>-282.397522</Y>
      <Z>13.5707111</Z>
    </Position>
    <Rotation>
      <X>0.09329238</X>
      <Y>1.88224936</Y>
      <Z>44.8846436</Z>
    </Rotation>
    <Handle>104962</Handle>
    <Bounds>
      <Vector3>
        <X>-2339.537</X>
        <Y>-284.9462</Y>
        <Z>12.8725367</Z>
      </Vector3>
      <Vector3>
        <X>-2338.09058</X>
        <Y>-283.505463</Y>
        <Z>12.8054419</Z>
      </Vector3>
      <Vector3>
        <X>-2343.147</X>
        <Y>-281.321472</Y>
        <Z>12.8808613</Z>
      </Vector3>
      <Vector3>
        <X>-2339.50171</X>
        <Y>-284.914154</Y>
        <Z>14.3276463</Z>
      </Vector3>
      <Vector3>
        <X>-2341.70044</X>
        <Y>-279.880737</Y>
        <Z>12.8137674</Z>
      </Vector3>
      <Vector3>
        <X>-2338.055</X>
        <Y>-283.473419</Y>
        <Z>14.2605515</Z>
      </Vector3>
      <Vector3>
        <X>-2343.11133</X>
        <Y>-281.2894</Y>
        <Z>14.3359709</Z>
      </Vector3>
      <Vector3>
        <X>-2341.66479</X>
        <Y>-279.848663</Y>
        <Z>14.268877</Z>
      </Vector3>
    </Bounds>
    <CenterCamPosition>
      <X>0</X>
      <Y>0</Y>
    </CenterCamPosition>
    <ScreenBounds />
    <DistanceToCam>0</DistanceToCam>
    <Speed>0.006987615</Speed>
    <AccInput>0</AccInput>
    <RPM>1.35798967</RPM>
    <Gear>0</Gear>
    <SteeringAngle>4.463976E-41</SteeringAngle>
    <WheelSpeed>0</WheelSpeed>
    <CarType>Sports</CarType>
  </MyCar>
  <Peds />
  <Time>262340</Time>
  <LastFrameTime>0.048573643</LastFrameTime>
  <MyProperty>0</MyProperty>
  <Weather>Foggy</Weather>
  <Steering>122</Steering>
  <Acc>127</Acc>
  <Brake>127</Brake>
  <DayTime>15:16:13</DayTime>
  <Position>
    <X>-2341.426</X>
    <Y>-281.527252</Y>
    <Z>14.4721222</Z>
  </Position>
  <Rotation>
    <X>-0.412614554</X>
    <Y>2.38375974</Y>
    <Z>44.8661079</Z>
  </Rotation>
</Screenshot>