<?xml version="1.0" encoding="utf-8"?>
<Screenshot xmlns:xsd="http://www.w3.org/2001/XMLSchema" xmlns:xsi="http://www.w3.org/2001/XMLSchema-instance">
  <Cars />
  <MyCar>
    <Position>
      <X>-2340.601</X>
      <Y>-282.397552</Y>
      <Z>13.5706863</Z>
    </Position>
    <Rotation>
      <X>0.09571413</X>
      <Y>1.88415623</Y>
      <Z>44.88366</Z>
    </Rotation>
    <Handle>104962</Handle>
    <Bounds>
      <Vector3>
        <X>-2339.537</X>
        <Y>-284.946259</Y>
        <Z>12.8724384</Z>
      </Vector3>
      <Vector3>
        <X>-2338.09058</X>
        <Y>-283.505554</Y>
        <Z>12.8052759</Z>
      </Vector3>
      <Vector3>
        <X>-2343.147</X>
        <Y>-281.321442</Y>
        <Z>12.88098</Z>
      </Vector3>
      <Vector3>
        <X>-2339.50171</X>
        <Y>-284.914185</Y>
        <Z>14.3275461</Z>
      </Vector3>
      <Vector3>
        <X>-2341.70044</X>
        <Y>-279.880737</Y>
        <Z>12.813817</Z>
      </Vector3>
      <Vector3>
        <X>-2338.055</X>
        <Y>-283.47348</Y>
        <Z>14.2603846</Z>
      </Vector3>
      <Vector3>
        <X>-2343.11133</X>
        <Y>-281.2894</Y>
        <Z>14.3360872</Z>
      </Vector3>
      <Vector3>
        <X>-2341.66479</X>
        <Y>-279.8487</Y>
        <Z>14.2689257</Z>
      </Vector3>
    </Bounds>
    <CenterCamPosition>
      <X>0</X>
      <Y>0</Y>
    </CenterCamPosition>
    <ScreenBounds />
    <DistanceToCam>0</DistanceToCam>
    <Speed>0.00164877332</Speed>
    <AccInput>0</AccInput>
    <RPM>1.35798967</RPM>
    <Gear>0</Gear>
    <SteeringAngle>4.463976E-41</SteeringAngle>
    <WheelSpeed>0</WheelSpeed>
    <CarType>Sports</CarType>
  </MyCar>
  <Peds />
  <Time>262365</Time>
  <LastFrameTime>0.0256397445</LastFrameTime>
  <MyProperty>0</MyProperty>
  <Weather>Foggy</Weather>
  <Steering>122</Steering>
  <Acc>127</Acc>
  <Brake>127</Brake>
  <DayTime>15:16:13</DayTime>
  <Position>
    <X>-2341.42578</X>
    <Y>-281.527435</Y>
    <Z>14.4721775</Z>
  </Position>
  <Rotation>
    <X>-0.4070594</X>
    <Y>2.38218951</Y>
    <Z>44.86772</Z>
  </Rotation>
</Screenshot>