<?xml version="1.0" encoding="utf-8"?>
<Screenshot xmlns:xsd="http://www.w3.org/2001/XMLSchema" xmlns:xsi="http://www.w3.org/2001/XMLSchema-instance">
  <Cars />
  <MyCar>
    <Position>
      <X>-2340.60132</X>
      <Y>-282.397522</Y>
      <Z>13.5705986</Z>
    </Position>
    <Rotation>
      <X>0.104329959</X>
      <Y>1.8875668</Y>
      <Z>44.8791428</Z>
    </Rotation>
    <Handle>104962</Handle>
    <Bounds>
      <Vector3>
        <X>-2339.53784</X>
        <Y>-284.946259</Y>
        <Z>12.8720284</Z>
      </Vector3>
      <Vector3>
        <X>-2338.091</X>
        <Y>-283.505676</Y>
        <Z>12.8047447</Z>
      </Vector3>
      <Vector3>
        <X>-2343.14722</X>
        <Y>-281.321167</Y>
        <Z>12.8813381</Z>
      </Vector3>
      <Vector3>
        <X>-2339.502</X>
        <Y>-284.9143</Y>
        <Z>14.3271332</Z>
      </Vector3>
      <Vector3>
        <X>-2341.70044</X>
        <Y>-279.880554</Y>
        <Z>12.8140545</Z>
      </Vector3>
      <Vector3>
        <X>-2338.05518</X>
        <Y>-283.473724</Y>
        <Z>14.25985</Z>
      </Vector3>
      <Vector3>
        <X>-2343.11133</X>
        <Y>-281.289185</Y>
        <Z>14.3364439</Z>
      </Vector3>
      <Vector3>
        <X>-2341.66455</X>
        <Y>-279.8486</Y>
        <Z>14.2691593</Z>
      </Vector3>
    </Bounds>
    <CenterCamPosition>
      <X>0</X>
      <Y>0</Y>
    </CenterCamPosition>
    <ScreenBounds />
    <DistanceToCam>0</DistanceToCam>
    <Speed>0.008402376</Speed>
    <AccInput>0</AccInput>
    <RPM>1.35798967</RPM>
    <Gear>0</Gear>
    <SteeringAngle>4.463976E-41</SteeringAngle>
    <WheelSpeed>0</WheelSpeed>
    <CarType>Sports</CarType>
  </MyCar>
  <Peds />
  <Time>262439</Time>
  <LastFrameTime>0.04780409</LastFrameTime>
  <MyProperty>0</MyProperty>
  <Weather>Foggy</Weather>
  <Steering>122</Steering>
  <Acc>131</Acc>
  <Brake>127</Brake>
  <DayTime>15:16:13</DayTime>
  <Position>
    <X>-2341.42578</X>
    <Y>-281.527435</Y>
    <Z>14.4722242</Z>
  </Position>
  <Rotation>
    <X>-0.40194717</X>
    <Y>2.385552</Y>
    <Z>44.86464</Z>
  </Rotation>
</Screenshot>