<?xml version="1.0" encoding="utf-8"?>
<Screenshot xmlns:xsd="http://www.w3.org/2001/XMLSchema" xmlns:xsi="http://www.w3.org/2001/XMLSchema-instance">
  <Cars />
  <MyCar>
    <Position>
      <X>-2340.602</X>
      <Y>-282.396637</Y>
      <Z>13.5705395</Z>
    </Position>
    <Rotation>
      <X>0.1128489</X>
      <Y>1.88579273</Y>
      <Z>44.8868942</Z>
    </Rotation>
    <Handle>104962</Handle>
    <Bounds>
      <Vector3>
        <X>-2339.53833</X>
        <Y>-284.94516</Y>
        <Z>12.8715572</Z>
      </Vector3>
      <Vector3>
        <X>-2338.0918</X>
        <Y>-283.504364</Y>
        <Z>12.8043365</Z>
      </Vector3>
      <Vector3>
        <X>-2343.14819</X>
        <Y>-281.320526</Y>
        <Z>12.8816271</Z>
      </Vector3>
      <Vector3>
        <X>-2339.5022</X>
        <Y>-284.913361</Y>
        <Z>14.326663</Z>
      </Vector3>
      <Vector3>
        <X>-2341.70166</X>
        <Y>-279.87973</Y>
        <Z>12.8144064</Z>
      </Vector3>
      <Vector3>
        <X>-2338.056</X>
        <Y>-283.4726</Y>
        <Z>14.2594423</Z>
      </Vector3>
      <Vector3>
        <X>-2343.112</X>
        <Y>-281.288727</Y>
        <Z>14.3367338</Z>
      </Vector3>
      <Vector3>
        <X>-2341.66577</X>
        <Y>-279.847961</Y>
        <Z>14.2695131</Z>
      </Vector3>
    </Bounds>
    <CenterCamPosition>
      <X>0</X>
      <Y>0</Y>
    </CenterCamPosition>
    <ScreenBounds />
    <DistanceToCam>0</DistanceToCam>
    <Speed>0.0393961</Speed>
    <AccInput>0</AccInput>
    <RPM>1.35798967</RPM>
    <Gear>0</Gear>
    <SteeringAngle>4.463976E-41</SteeringAngle>
    <WheelSpeed>0</WheelSpeed>
    <CarType>Sports</CarType>
  </MyCar>
  <Peds />
  <Time>262492</Time>
  <LastFrameTime>0.031853877</LastFrameTime>
  <MyProperty>0</MyProperty>
  <Weather>Foggy</Weather>
  <Steering>122</Steering>
  <Acc>145</Acc>
  <Brake>127</Brake>
  <DayTime>15:16:13</DayTime>
  <Position>
    <X>-2341.42578</X>
    <Y>-281.5273</Y>
    <Z>14.4723129</Z>
  </Position>
  <Rotation>
    <X>-0.3942558</X>
    <Y>2.38608742</Y>
    <Z>44.8648949</Z>
  </Rotation>
</Screenshot>