<?xml version="1.0" encoding="utf-8"?>
<Screenshot xmlns:xsd="http://www.w3.org/2001/XMLSchema" xmlns:xsi="http://www.w3.org/2001/XMLSchema-instance">
  <Cars />
  <MyCar>
    <Position>
      <X>-2340.60132</X>
      <Y>-282.397369</Y>
      <Z>13.5705814</Z>
    </Position>
    <Rotation>
      <X>0.106086075</X>
      <Y>1.8861438</Y>
      <Z>44.8813133</Z>
    </Rotation>
    <Handle>104962</Handle>
    <Bounds>
      <Vector3>
        <X>-2339.5376</X>
        <Y>-284.946045</Y>
        <Z>12.8719072</Z>
      </Vector3>
      <Vector3>
        <X>-2338.091</X>
        <Y>-283.5054</Y>
        <Z>12.8046741</Z>
      </Vector3>
      <Vector3>
        <X>-2343.14722</X>
        <Y>-281.321075</Y>
        <Z>12.8813734</Z>
      </Vector3>
      <Vector3>
        <X>-2339.502</X>
        <Y>-284.914154</Y>
        <Z>14.327013</Z>
      </Vector3>
      <Vector3>
        <X>-2341.70068</X>
        <Y>-279.880432</Y>
        <Z>12.81414</Z>
      </Vector3>
      <Vector3>
        <X>-2338.05518</X>
        <Y>-283.47348</Y>
        <Z>14.25978</Z>
      </Vector3>
      <Vector3>
        <X>-2343.11133</X>
        <Y>-281.289154</Y>
        <Z>14.33648</Z>
      </Vector3>
      <Vector3>
        <X>-2341.66479</X>
        <Y>-279.8485</Y>
        <Z>14.2692471</Z>
      </Vector3>
    </Bounds>
    <CenterCamPosition>
      <X>0</X>
      <Y>0</Y>
    </CenterCamPosition>
    <ScreenBounds />
    <DistanceToCam>0</DistanceToCam>
    <Speed>0.0123092122</Speed>
    <AccInput>0</AccInput>
    <RPM>1.35798967</RPM>
    <Gear>0</Gear>
    <SteeringAngle>4.463976E-41</SteeringAngle>
    <WheelSpeed>0</WheelSpeed>
    <CarType>Sports</CarType>
  </MyCar>
  <Peds />
  <Time>262460</Time>
  <LastFrameTime>0.0206010379</LastFrameTime>
  <MyProperty>0</MyProperty>
  <Weather>Foggy</Weather>
  <Steering>122</Steering>
  <Acc>136</Acc>
  <Brake>127</Brake>
  <DayTime>15:16:13</DayTime>
  <Position>
    <X>-2341.42578</X>
    <Y>-281.5274</Y>
    <Z>14.4722929</Z>
  </Position>
  <Rotation>
    <X>-0.3960139</X>
    <Y>2.38750982</Y>
    <Z>44.86264</Z>
  </Rotation>
</Screenshot>