<?xml version="1.0" encoding="utf-8"?>
<Screenshot xmlns:xsd="http://www.w3.org/2001/XMLSchema" xmlns:xsi="http://www.w3.org/2001/XMLSchema-instance">
  <Cars />
  <MyCar>
    <Position>
      <X>-2340.60547</X>
      <Y>-282.393219</Y>
      <Z>13.5705633</Z>
    </Position>
    <Rotation>
      <X>0.1349761</X>
      <Y>1.88825846</Y>
      <Z>44.8847122</Z>
    </Rotation>
    <Handle>104962</Handle>
    <Bounds>
      <Vector3>
        <X>-2339.542</X>
        <Y>-284.94162</Y>
        <Z>12.87064</Z>
      </Vector3>
      <Vector3>
        <X>-2338.09546</X>
        <Y>-283.5009</Y>
        <Z>12.80333</Z>
      </Vector3>
      <Vector3>
        <X>-2343.15161</X>
        <Y>-281.3168</Y>
        <Z>12.8826838</Z>
      </Vector3>
      <Vector3>
        <X>-2339.50562</X>
        <Y>-284.9102</Y>
        <Z>14.3257418</Z>
      </Vector3>
      <Vector3>
        <X>-2341.705</X>
        <Y>-279.876068</Y>
        <Z>12.8153753</Z>
      </Vector3>
      <Vector3>
        <X>-2338.059</X>
        <Y>-283.469452</Y>
        <Z>14.2584333</Z>
      </Vector3>
      <Vector3>
        <X>-2343.11523</X>
        <Y>-281.28537</Y>
        <Z>14.3377867</Z>
      </Vector3>
      <Vector3>
        <X>-2341.6687</X>
        <Y>-279.844635</Y>
        <Z>14.2704782</Z>
      </Vector3>
    </Bounds>
    <CenterCamPosition>
      <X>0</X>
      <Y>0</Y>
    </CenterCamPosition>
    <ScreenBounds />
    <DistanceToCam>0</DistanceToCam>
    <Speed>0.125341043</Speed>
    <AccInput>0</AccInput>
    <RPM>1.35798967</RPM>
    <Gear>0</Gear>
    <SteeringAngle>4.463976E-41</SteeringAngle>
    <WheelSpeed>0</WheelSpeed>
    <CarType>Sports</CarType>
  </MyCar>
  <Peds />
  <Time>262539</Time>
  <LastFrameTime>0.0475440547</LastFrameTime>
  <MyProperty>0</MyProperty>
  <Weather>Foggy</Weather>
  <Steering>122</Steering>
  <Acc>157</Acc>
  <Brake>127</Brake>
  <DayTime>15:16:13</DayTime>
  <Position>
    <X>-2341.42651</X>
    <Y>-281.526733</Y>
    <Z>14.4724121</Z>
  </Position>
  <Rotation>
    <X>-0.3874869</X>
    <Y>2.38573813</Y>
    <Z>44.8707581</Z>
  </Rotation>
</Screenshot>