<?xml version="1.0" encoding="utf-8"?>
<Screenshot xmlns:xsd="http://www.w3.org/2001/XMLSchema" xmlns:xsi="http://www.w3.org/2001/XMLSchema-instance">
  <Cars />
  <MyCar>
    <Position>
      <X>-2340.60767</X>
      <Y>-282.3909</Y>
      <Z>13.5706205</Z>
    </Position>
    <Rotation>
      <X>0.143868834</X>
      <Y>1.88680875</Y>
      <Z>44.88199</Z>
    </Rotation>
    <Handle>104962</Handle>
    <Bounds>
      <Vector3>
        <X>-2339.54443</X>
        <Y>-284.93927</Y>
        <Z>12.8702736</Z>
      </Vector3>
      <Vector3>
        <X>-2338.098</X>
        <Y>-283.4986</Y>
        <Z>12.8030167</Z>
      </Vector3>
      <Vector3>
        <X>-2343.15381</X>
        <Y>-281.31427</Y>
        <Z>12.883112</Z>
      </Vector3>
      <Vector3>
        <X>-2339.50781</X>
        <Y>-284.90802</Y>
        <Z>14.3253775</Z>
      </Vector3>
      <Vector3>
        <X>-2341.70728</X>
        <Y>-279.8736</Y>
        <Z>12.815855</Z>
      </Vector3>
      <Vector3>
        <X>-2338.06128</X>
        <Y>-283.467377</Y>
        <Z>14.2581205</Z>
      </Vector3>
      <Vector3>
        <X>-2343.11743</X>
        <Y>-281.28302</Y>
        <Z>14.3382149</Z>
      </Vector3>
      <Vector3>
        <X>-2341.67065</X>
        <Y>-279.842346</Y>
        <Z>14.2709579</Z>
      </Vector3>
    </Bounds>
    <CenterCamPosition>
      <X>0</X>
      <Y>0</Y>
    </CenterCamPosition>
    <ScreenBounds />
    <DistanceToCam>0</DistanceToCam>
    <Speed>0.168844208</Speed>
    <AccInput>0</AccInput>
    <RPM>1.35798967</RPM>
    <Gear>0</Gear>
    <SteeringAngle>4.463976E-41</SteeringAngle>
    <WheelSpeed>0</WheelSpeed>
    <CarType>Sports</CarType>
  </MyCar>
  <Peds />
  <Time>262560</Time>
  <LastFrameTime>0.0202004369</LastFrameTime>
  <MyProperty>0</MyProperty>
  <Weather>Foggy</Weather>
  <Steering>122</Steering>
  <Acc>160</Acc>
  <Brake>127</Brake>
  <DayTime>15:16:13</DayTime>
  <Position>
    <X>-2341.42969</X>
    <Y>-281.5235</Y>
    <Z>14.4728975</Z>
  </Position>
  <Rotation>
    <X>-0.3653413</X>
    <Y>2.38821</Y>
    <Z>44.8694839</Z>
  </Rotation>
</Screenshot>