<?xml version="1.0" encoding="utf-8"?>
<Screenshot xmlns:xsd="http://www.w3.org/2001/XMLSchema" xmlns:xsi="http://www.w3.org/2001/XMLSchema-instance">
  <Cars />
  <MyCar>
    <Position>
      <X>-2340.6167</X>
      <Y>-282.381378</Y>
      <Z>13.5707512</Z>
    </Position>
    <Rotation>
      <X>0.1851371</X>
      <Y>1.88792646</Y>
      <Z>44.87574</Z>
    </Rotation>
    <Handle>104962</Handle>
    <Bounds>
      <Vector3>
        <X>-2339.5542</X>
        <Y>-284.929535</Y>
        <Z>12.8685846</Z>
      </Vector3>
      <Vector3>
        <X>-2338.10742</X>
        <Y>-283.489044</Y>
        <Z>12.8012886</Z>
      </Vector3>
      <Vector3>
        <X>-2343.163</X>
        <Y>-281.304047</Y>
        <Z>12.8851061</Z>
      </Vector3>
      <Vector3>
        <X>-2339.51685</X>
        <Y>-284.899017</Y>
        <Z>14.3236847</Z>
      </Vector3>
      <Vector3>
        <X>-2341.71631</X>
        <Y>-279.863556</Y>
        <Z>12.8178091</Z>
      </Vector3>
      <Vector3>
        <X>-2338.07</X>
        <Y>-283.458527</Y>
        <Z>14.2563877</Z>
      </Vector3>
      <Vector3>
        <X>-2343.12573</X>
        <Y>-281.27356</Y>
        <Z>14.3402052</Z>
      </Vector3>
      <Vector3>
        <X>-2341.6792</X>
        <Y>-279.833038</Y>
        <Z>14.2729082</Z>
      </Vector3>
    </Bounds>
    <CenterCamPosition>
      <X>0</X>
      <Y>0</Y>
    </CenterCamPosition>
    <ScreenBounds />
    <DistanceToCam>0</DistanceToCam>
    <Speed>0.305532366</Speed>
    <AccInput>0</AccInput>
    <RPM>1.35798967</RPM>
    <Gear>0</Gear>
    <SteeringAngle>4.463976E-41</SteeringAngle>
    <WheelSpeed>0</WheelSpeed>
    <CarType>Sports</CarType>
  </MyCar>
  <Peds />
  <Time>262608</Time>
  <LastFrameTime>0.04870335</LastFrameTime>
  <MyProperty>0</MyProperty>
  <Weather>Foggy</Weather>
  <Steering>122</Steering>
  <Acc>167</Acc>
  <Brake>127</Brake>
  <DayTime>15:16:13</DayTime>
  <Position>
    <X>-2341.432</X>
    <Y>-281.52124</Y>
    <Z>14.4731417</Z>
  </Position>
  <Rotation>
    <X>-0.356440336</X>
    <Y>2.38676262</Y>
    <Z>44.8671455</Z>
  </Rotation>
</Screenshot>