<?xml version="1.0" encoding="utf-8"?>
<Screenshot xmlns:xsd="http://www.w3.org/2001/XMLSchema" xmlns:xsi="http://www.w3.org/2001/XMLSchema-instance">
  <Cars />
  <MyCar>
    <Position>
      <X>-2340.639</X>
      <Y>-282.358734</Y>
      <Z>13.5711584</Z>
    </Position>
    <Rotation>
      <X>0.2540656</X>
      <Y>1.898785</Y>
      <Z>44.8709641</Z>
    </Rotation>
    <Handle>104962</Handle>
    <Bounds>
      <Vector3>
        <X>-2339.57739</X>
        <Y>-284.906525</Y>
        <Z>12.8661184</Z>
      </Vector3>
      <Vector3>
        <X>-2338.13037</X>
        <Y>-283.466156</Y>
        <Z>12.7984343</Z>
      </Vector3>
      <Vector3>
        <X>-2343.186</X>
        <Y>-281.2806</Y>
        <Z>12.8887892</Z>
      </Vector3>
      <Vector3>
        <X>-2339.53857</X>
        <Y>-284.877075</Y>
        <Z>14.3212013</Z>
      </Vector3>
      <Vector3>
        <X>-2341.739</X>
        <Y>-279.84024</Y>
        <Z>12.821106</Z>
      </Vector3>
      <Vector3>
        <X>-2338.0918</X>
        <Y>-283.436676</Y>
        <Z>14.2535181</Z>
      </Vector3>
      <Vector3>
        <X>-2343.14722</X>
        <Y>-281.25116</Y>
        <Z>14.343873</Z>
      </Vector3>
      <Vector3>
        <X>-2341.7002</X>
        <Y>-279.8108</Y>
        <Z>14.27619</Z>
      </Vector3>
    </Bounds>
    <CenterCamPosition>
      <X>0</X>
      <Y>0</Y>
    </CenterCamPosition>
    <ScreenBounds />
    <DistanceToCam>0</DistanceToCam>
    <Speed>0.5372129</Speed>
    <AccInput>0</AccInput>
    <RPM>1.35798967</RPM>
    <Gear>0</Gear>
    <SteeringAngle>4.463976E-41</SteeringAngle>
    <WheelSpeed>0</WheelSpeed>
    <CarType>Sports</CarType>
  </MyCar>
  <Peds />
  <Time>262674</Time>
  <LastFrameTime>0.06666667</LastFrameTime>
  <MyProperty>0</MyProperty>
  <Weather>Foggy</Weather>
  <Steering>122</Steering>
  <Acc>176</Acc>
  <Brake>127</Brake>
  <DayTime>15:16:13</DayTime>
  <Position>
    <X>-2341.44019</X>
    <Y>-281.512054</Y>
    <Z>14.4741335</Z>
  </Position>
  <Rotation>
    <X>-0.3151367</X>
    <Y>2.38789034</Y>
    <Z>44.8626022</Z>
  </Rotation>
</Screenshot>