<?xml version="1.0" encoding="utf-8"?>
<Screenshot xmlns:xsd="http://www.w3.org/2001/XMLSchema" xmlns:xsi="http://www.w3.org/2001/XMLSchema-instance">
  <Cars />
  <MyCar>
    <Position>
      <X>-2340.66772</X>
      <Y>-282.3296</Y>
      <Z>13.5715761</Z>
    </Position>
    <Rotation>
      <X>0.300454229</X>
      <Y>1.9084897</Y>
      <Z>44.866993</Z>
    </Rotation>
    <Handle>104962</Handle>
    <Bounds>
      <Vector3>
        <X>-2339.607</X>
        <Y>-284.877167</Y>
        <Z>12.864646</Z>
      </Vector3>
      <Vector3>
        <X>-2338.16</X>
        <Y>-283.4369</Y>
        <Z>12.7966166</Z>
      </Vector3>
      <Vector3>
        <X>-2343.215</X>
        <Y>-281.250916</Y>
        <Z>12.8914566</Z>
      </Vector3>
      <Vector3>
        <X>-2339.56714</X>
        <Y>-284.848358</Y>
        <Z>14.3197155</Z>
      </Vector3>
      <Vector3>
        <X>-2341.768</X>
        <Y>-279.810638</Y>
        <Z>12.8234272</Z>
      </Vector3>
      <Vector3>
        <X>-2338.12</X>
        <Y>-283.408081</Y>
        <Z>14.2516861</Z>
      </Vector3>
      <Vector3>
        <X>-2343.17529</X>
        <Y>-281.2221</Y>
        <Z>14.3465261</Z>
      </Vector3>
      <Vector3>
        <X>-2341.72827</X>
        <Y>-279.78186</Y>
        <Z>14.2784967</Z>
      </Vector3>
    </Bounds>
    <CenterCamPosition>
      <X>0</X>
      <Y>0</Y>
    </CenterCamPosition>
    <ScreenBounds />
    <DistanceToCam>0</DistanceToCam>
    <Speed>0.756590545</Speed>
    <AccInput>0</AccInput>
    <RPM>1.35798967</RPM>
    <Gear>0</Gear>
    <SteeringAngle>4.463976E-41</SteeringAngle>
    <WheelSpeed>0</WheelSpeed>
    <CarType>Sports</CarType>
  </MyCar>
  <Peds />
  <Time>262733</Time>
  <LastFrameTime>0.0583879165</LastFrameTime>
  <MyProperty>0</MyProperty>
  <Weather>Foggy</Weather>
  <Steering>122</Steering>
  <Acc>179</Acc>
  <Brake>127</Brake>
  <DayTime>15:16:13</DayTime>
  <Position>
    <X>-2341.46143</X>
    <Y>-281.48996</Y>
    <Z>14.4759731</Z>
  </Position>
  <Rotation>
    <X>-0.246149868</X>
    <Y>2.39876318</Y>
    <Z>44.86067</Z>
  </Rotation>
</Screenshot>