<?xml version="1.0" encoding="utf-8"?>
<Screenshot xmlns:xsd="http://www.w3.org/2001/XMLSchema" xmlns:xsi="http://www.w3.org/2001/XMLSchema-instance">
  <Cars />
  <MyCar>
    <Position>
      <X>-2340.68823</X>
      <Y>-282.308441</Y>
      <Z>13.571784</Z>
    </Position>
    <Rotation>
      <X>0.318542451</X>
      <Y>1.90917778</Y>
      <Z>44.85653</Z>
    </Rotation>
    <Handle>104962</Handle>
    <Bounds>
      <Vector3>
        <X>-2339.62817</X>
        <Y>-284.856049</Y>
        <Z>12.86406</Z>
      </Vector3>
      <Vector3>
        <X>-2338.181</X>
        <Y>-283.416046</Y>
        <Z>12.7960072</Z>
      </Vector3>
      <Vector3>
        <X>-2343.2356</X>
        <Y>-281.229126</Y>
        <Z>12.8924856</Z>
      </Vector3>
      <Vector3>
        <X>-2339.588</X>
        <Y>-284.827576</Y>
        <Z>14.3191271</Z>
      </Vector3>
      <Vector3>
        <X>-2341.78833</X>
        <Y>-279.789124</Y>
        <Z>12.8244314</Z>
      </Vector3>
      <Vector3>
        <X>-2338.14063</X>
        <Y>-283.387573</Y>
        <Z>14.2510738</Z>
      </Vector3>
      <Vector3>
        <X>-2343.19556</X>
        <Y>-281.200653</Y>
        <Z>14.3475523</Z>
      </Vector3>
      <Vector3>
        <X>-2341.74829</X>
        <Y>-279.760651</Y>
        <Z>14.2794981</Z>
      </Vector3>
    </Bounds>
    <CenterCamPosition>
      <X>0</X>
      <Y>0</Y>
    </CenterCamPosition>
    <ScreenBounds />
    <DistanceToCam>0</DistanceToCam>
    <Speed>0.887438536</Speed>
    <AccInput>0</AccInput>
    <RPM>1.35798967</RPM>
    <Gear>0</Gear>
    <SteeringAngle>4.463976E-41</SteeringAngle>
    <WheelSpeed>0</WheelSpeed>
    <CarType>Sports</CarType>
  </MyCar>
  <Peds />
  <Time>262767</Time>
  <LastFrameTime>0.0345004573</LastFrameTime>
  <MyProperty>0</MyProperty>
  <Weather>Foggy</Weather>
  <Steering>122</Steering>
  <Acc>179</Acc>
  <Brake>127</Brake>
  <DayTime>15:16:13</DayTime>
  <Position>
    <X>-2341.4895</X>
    <Y>-281.461151</Y>
    <Z>14.477354</Z>
  </Position>
  <Rotation>
    <X>-0.199722171</X>
    <Y>2.40847516</Y>
    <Z>44.8585968</Z>
  </Rotation>
</Screenshot>