<?xml version="1.0" encoding="utf-8"?>
<Screenshot xmlns:xsd="http://www.w3.org/2001/XMLSchema" xmlns:xsi="http://www.w3.org/2001/XMLSchema-instance">
  <Cars />
  <MyCar>
    <Position>
      <X>-2340.76855</X>
      <Y>-282.228882</Y>
      <Z>13.572298</Z>
    </Position>
    <Rotation>
      <X>0.363974124</X>
      <Y>1.95791781</Y>
      <Z>44.9089775</Z>
    </Rotation>
    <Handle>104962</Handle>
    <Bounds>
      <Vector3>
        <X>-2339.707</X>
        <Y>-284.775574</Y>
        <Z>12.8634405</Z>
      </Vector3>
      <Vector3>
        <X>-2338.261</X>
        <Y>-283.3343</Y>
        <Z>12.79365</Z>
      </Vector3>
      <Vector3>
        <X>-2343.31763</X>
        <Y>-281.151855</Y>
        <Z>12.8959188</Z>
      </Vector3>
      <Vector3>
        <X>-2339.66528</X>
        <Y>-284.747</Y>
        <Z>14.3184586</Z>
      </Vector3>
      <Vector3>
        <X>-2341.87183</X>
        <Y>-279.710571</Y>
        <Z>12.826128</Z>
      </Vector3>
      <Vector3>
        <X>-2338.21924</X>
        <Y>-283.305725</Y>
        <Z>14.2486677</Z>
      </Vector3>
      <Vector3>
        <X>-2343.276</X>
        <Y>-281.1233</Y>
        <Z>14.3509369</Z>
      </Vector3>
      <Vector3>
        <X>-2341.83</X>
        <Y>-279.682</Y>
        <Z>14.281146</Z>
      </Vector3>
    </Bounds>
    <CenterCamPosition>
      <X>0</X>
      <Y>0</Y>
    </CenterCamPosition>
    <ScreenBounds />
    <DistanceToCam>0</DistanceToCam>
    <Speed>1.26911652</Speed>
    <AccInput>0</AccInput>
    <RPM>1.35798967</RPM>
    <Gear>0</Gear>
    <SteeringAngle>4.463976E-41</SteeringAngle>
    <WheelSpeed>0</WheelSpeed>
    <CarType>Sports</CarType>
  </MyCar>
  <Peds />
  <Time>262869</Time>
  <LastFrameTime>0.0283536576</LastFrameTime>
  <MyProperty>0</MyProperty>
  <Weather>Foggy</Weather>
  <Steering>122</Steering>
  <Acc>179</Acc>
  <Brake>127</Brake>
  <DayTime>15:16:13</DayTime>
  <Position>
    <X>-2341.56421</X>
    <Y>-281.3853</Y>
    <Z>14.4789972</Z>
  </Position>
  <Rotation>
    <X>-0.14721337</X>
    <Y>2.44428349</Y>
    <Z>44.8703079</Z>
  </Rotation>
</Screenshot>