<?xml version="1.0" encoding="utf-8"?>
<Screenshot xmlns:xsd="http://www.w3.org/2001/XMLSchema" xmlns:xsi="http://www.w3.org/2001/XMLSchema-instance">
  <Cars />
  <MyCar>
    <Position>
      <X>-2340.72314</X>
      <Y>-282.273315</Y>
      <Z>13.5720024</Z>
    </Position>
    <Rotation>
      <X>0.344059318</X>
      <Y>1.93228114</Y>
      <Z>44.8603477</Z>
    </Rotation>
    <Handle>104962</Handle>
    <Bounds>
      <Vector3>
        <X>-2339.66333</X>
        <Y>-284.820862</Y>
        <Z>12.8635645</Z>
      </Vector3>
      <Vector3>
        <X>-2338.216</X>
        <Y>-283.380768</Y>
        <Z>12.7946873</Z>
      </Vector3>
      <Vector3>
        <X>-2343.271</X>
        <Y>-281.194122</Y>
        <Z>12.8942652</Z>
      </Vector3>
      <Vector3>
        <X>-2339.62231</X>
        <Y>-284.792419</Y>
        <Z>14.3186073</Z>
      </Vector3>
      <Vector3>
        <X>-2341.82373</X>
        <Y>-279.754028</Y>
        <Z>12.825388</Z>
      </Vector3>
      <Vector3>
        <X>-2338.17529</X>
        <Y>-283.352356</Y>
        <Z>14.24973</Z>
      </Vector3>
      <Vector3>
        <X>-2343.23</X>
        <Y>-281.16568</Y>
        <Z>14.349309</Z>
      </Vector3>
      <Vector3>
        <X>-2341.783</X>
        <Y>-279.7256</Y>
        <Z>14.2804317</Z>
      </Vector3>
    </Bounds>
    <CenterCamPosition>
      <X>0</X>
      <Y>0</Y>
    </CenterCamPosition>
    <ScreenBounds />
    <DistanceToCam>0</DistanceToCam>
    <Speed>1.07024264</Speed>
    <AccInput>0</AccInput>
    <RPM>1.35798967</RPM>
    <Gear>0</Gear>
    <SteeringAngle>4.463976E-41</SteeringAngle>
    <WheelSpeed>0</WheelSpeed>
    <CarType>Sports</CarType>
  </MyCar>
  <Peds />
  <Time>262816</Time>
  <LastFrameTime>0.0484554172</LastFrameTime>
  <MyProperty>0</MyProperty>
  <Weather>Foggy</Weather>
  <Steering>122</Steering>
  <Acc>179</Acc>
  <Brake>127</Brake>
  <DayTime>15:16:13</DayTime>
  <Position>
    <X>-2341.50977</X>
    <Y>-281.440033</Y>
    <Z>14.4779387</Z>
  </Position>
  <Rotation>
    <X>-0.181618243</X>
    <Y>2.40916586</Y>
    <Z>44.8488922</Z>
  </Rotation>
</Screenshot>