<?xml version="1.0" encoding="utf-8"?>
<Screenshot xmlns:xsd="http://www.w3.org/2001/XMLSchema" xmlns:xsi="http://www.w3.org/2001/XMLSchema-instance">
  <Cars />
  <MyCar>
    <Position>
      <X>-2340.74316</X>
      <Y>-282.253448</Y>
      <Z>13.5721455</Z>
    </Position>
    <Rotation>
      <X>0.3529206</X>
      <Y>1.94429135</Y>
      <Z>44.8765869</Z>
    </Rotation>
    <Handle>104962</Handle>
    <Bounds>
      <Vector3>
        <X>-2339.68286</X>
        <Y>-284.80072</Y>
        <Z>12.8635321</Z>
      </Vector3>
      <Vector3>
        <X>-2338.236</X>
        <Y>-283.360229</Y>
        <Z>12.7942266</Z>
      </Vector3>
      <Vector3>
        <X>-2343.2915</X>
        <Y>-281.175</Y>
        <Z>12.8950233</Z>
      </Vector3>
      <Vector3>
        <X>-2339.64136</X>
        <Y>-284.772217</Y>
        <Z>14.3185635</Z>
      </Vector3>
      <Vector3>
        <X>-2341.84473</X>
        <Y>-279.7345</Y>
        <Z>12.8257189</Z>
      </Vector3>
      <Vector3>
        <X>-2338.19482</X>
        <Y>-283.331757</Y>
        <Z>14.249258</Z>
      </Vector3>
      <Vector3>
        <X>-2343.25</X>
        <Y>-281.146484</Y>
        <Z>14.3500547</Z>
      </Vector3>
      <Vector3>
        <X>-2341.80347</X>
        <Y>-279.706</Y>
        <Z>14.28075</Z>
      </Vector3>
    </Bounds>
    <CenterCamPosition>
      <X>0</X>
      <Y>0</Y>
    </CenterCamPosition>
    <ScreenBounds />
    <DistanceToCam>0</DistanceToCam>
    <Speed>1.16280615</Speed>
    <AccInput>0</AccInput>
    <RPM>1.35798967</RPM>
    <Gear>0</Gear>
    <SteeringAngle>4.463976E-41</SteeringAngle>
    <WheelSpeed>0</WheelSpeed>
    <CarType>Sports</CarType>
  </MyCar>
  <Peds />
  <Time>262840</Time>
  <LastFrameTime>0.0248310938</LastFrameTime>
  <MyProperty>0</MyProperty>
  <Weather>Foggy</Weather>
  <Steering>122</Steering>
  <Acc>179</Acc>
  <Brake>127</Brake>
  <DayTime>15:16:13</DayTime>
  <Position>
    <X>-2341.54419</X>
    <Y>-281.405</Y>
    <Z>14.4786758</Z>
  </Position>
  <Rotation>
    <X>-0.156081378</X>
    <Y>2.4322722</Y>
    <Z>44.85372</Z>
  </Rotation>
</Screenshot>