<?xml version="1.0" encoding="utf-8"?>
<Screenshot xmlns:xsd="http://www.w3.org/2001/XMLSchema" xmlns:xsi="http://www.w3.org/2001/XMLSchema-instance">
  <Cars />
  <MyCar>
    <Position>
      <X>-2340.801</X>
      <Y>-282.197479</Y>
      <Z>13.5724993</Z>
    </Position>
    <Rotation>
      <X>0.377458662</X>
      <Y>1.9704721</Y>
      <Z>44.9596252</Z>
    </Rotation>
    <Handle>104962</Handle>
    <Bounds>
      <Vector3>
        <X>-2339.7373</X>
        <Y>-284.743256</Y>
        <Z>12.8632708</Z>
      </Vector3>
      <Vector3>
        <X>-2338.29272</X>
        <Y>-283.3007</Y>
        <Z>12.7930326</Z>
      </Vector3>
      <Vector3>
        <X>-2343.35132</X>
        <Y>-281.122681</Y>
        <Z>12.8969517</Z>
      </Vector3>
      <Vector3>
        <X>-2339.69531</X>
        <Y>-284.714661</Y>
        <Z>14.3182755</Z>
      </Vector3>
      <Vector3>
        <X>-2341.90674</X>
        <Y>-279.6801</Y>
        <Z>12.8267136</Z>
      </Vector3>
      <Vector3>
        <X>-2338.25073</X>
        <Y>-283.2721</Y>
        <Z>14.2480373</Z>
      </Vector3>
      <Vector3>
        <X>-2343.309</X>
        <Y>-281.0941</Y>
        <Z>14.3519564</Z>
      </Vector3>
      <Vector3>
        <X>-2341.8645</X>
        <Y>-279.65155</Y>
        <Z>14.2817183</Z>
      </Vector3>
    </Bounds>
    <CenterCamPosition>
      <X>0</X>
      <Y>0</Y>
    </CenterCamPosition>
    <ScreenBounds />
    <DistanceToCam>0</DistanceToCam>
    <Speed>1.39366472</Speed>
    <AccInput>0</AccInput>
    <RPM>1.35798967</RPM>
    <Gear>0</Gear>
    <SteeringAngle>4.463976E-41</SteeringAngle>
    <WheelSpeed>0</WheelSpeed>
    <CarType>Sports</CarType>
  </MyCar>
  <Peds />
  <Time>262902</Time>
  <LastFrameTime>0.0331121571</LastFrameTime>
  <MyProperty>0</MyProperty>
  <Weather>Foggy</Weather>
  <Steering>123</Steering>
  <Acc>179</Acc>
  <Brake>127</Brake>
  <DayTime>15:16:13</DayTime>
  <Position>
    <X>-2341.5896</X>
    <Y>-281.361176</Y>
    <Z>14.479373</Z>
  </Position>
  <Rotation>
    <X>-0.13615115</X>
    <Y>2.45791054</Y>
    <Z>44.90314</Z>
  </Rotation>
</Screenshot>