<?xml version="1.0" encoding="utf-8"?>
<Screenshot xmlns:xsd="http://www.w3.org/2001/XMLSchema" xmlns:xsi="http://www.w3.org/2001/XMLSchema-instance">
  <Cars />
  <MyCar>
    <Position>
      <X>-2340.89185</X>
      <Y>-282.1095</Y>
      <Z>13.5731144</Z>
    </Position>
    <Rotation>
      <X>0.409182876</X>
      <Y>1.984057</Y>
      <Z>45.0777969</Z>
    </Rotation>
    <Handle>104962</Handle>
    <Bounds>
      <Vector3>
        <X>-2339.82349</X>
        <Y>-284.652924</Y>
        <Z>12.8627214</Z>
      </Vector3>
      <Vector3>
        <X>-2338.38184</X>
        <Y>-283.2074</Y>
        <Z>12.7919989</Z>
      </Vector3>
      <Vector3>
        <X>-2343.44458</X>
        <Y>-281.039764</Y>
        <Z>12.8992329</Z>
      </Vector3>
      <Vector3>
        <X>-2339.78052</X>
        <Y>-284.624573</Y>
        <Z>14.317709</Z>
      </Vector3>
      <Vector3>
        <X>-2342.003</X>
        <Y>-279.594238</Y>
        <Z>12.82851</Z>
      </Vector3>
      <Vector3>
        <X>-2338.33887</X>
        <Y>-283.179047</Y>
        <Z>14.2469864</Z>
      </Vector3>
      <Vector3>
        <X>-2343.40161</X>
        <Y>-281.0114</Y>
        <Z>14.35422</Z>
      </Vector3>
      <Vector3>
        <X>-2341.96021</X>
        <Y>-279.5659</Y>
        <Z>14.2834978</Z>
      </Vector3>
    </Bounds>
    <CenterCamPosition>
      <X>0</X>
      <Y>0</Y>
    </CenterCamPosition>
    <ScreenBounds />
    <DistanceToCam>0</DistanceToCam>
    <Speed>1.68296742</Speed>
    <AccInput>0</AccInput>
    <RPM>1.35798967</RPM>
    <Gear>0</Gear>
    <SteeringAngle>4.463976E-41</SteeringAngle>
    <WheelSpeed>0</WheelSpeed>
    <CarType>Sports</CarType>
  </MyCar>
  <Peds />
  <Time>262982</Time>
  <LastFrameTime>0.0480213</LastFrameTime>
  <MyProperty>0</MyProperty>
  <Weather>Foggy</Weather>
  <Steering>123</Steering>
  <Acc>163</Acc>
  <Brake>127</Brake>
  <DayTime>15:16:13</DayTime>
  <Position>
    <X>-2341.65747</X>
    <Y>-281.2982</Y>
    <Z>14.4803352</Z>
  </Position>
  <Rotation>
    <X>-0.110221326</X>
    <Y>2.477549</Y>
    <Z>45.0051155</Z>
  </Rotation>
</Screenshot>