<?xml version="1.0" encoding="utf-8"?>
<Screenshot xmlns:xsd="http://www.w3.org/2001/XMLSchema" xmlns:xsi="http://www.w3.org/2001/XMLSchema-instance">
  <Cars />
  <MyCar>
    <Position>
      <X>-2340.83521</X>
      <Y>-282.1644</Y>
      <Z>13.572731</Z>
    </Position>
    <Rotation>
      <X>0.3898817</X>
      <Y>1.97755349</Y>
      <Z>45.00988</Z>
    </Rotation>
    <Handle>104962</Handle>
    <Bounds>
      <Vector3>
        <X>-2339.76953</X>
        <Y>-284.7092</Y>
        <Z>12.8630781</Z>
      </Vector3>
      <Vector3>
        <X>-2338.32617</X>
        <Y>-283.265381</Y>
        <Z>12.7925882</Z>
      </Vector3>
      <Vector3>
        <X>-2343.38647</X>
        <Y>-281.091766</Y>
        <Z>12.8978682</Z>
      </Vector3>
      <Vector3>
        <X>-2339.727</X>
        <Y>-284.680664</Y>
        <Z>14.3180752</Z>
      </Vector3>
      <Vector3>
        <X>-2341.943</X>
        <Y>-279.647949</Y>
        <Z>12.8273773</Z>
      </Vector3>
      <Vector3>
        <X>-2338.28369</X>
        <Y>-283.236847</Y>
        <Z>14.2475853</Z>
      </Vector3>
      <Vector3>
        <X>-2343.344</X>
        <Y>-281.063232</Y>
        <Z>14.3528643</Z>
      </Vector3>
      <Vector3>
        <X>-2341.90063</X>
        <Y>-279.619446</Y>
        <Z>14.2823744</Z>
      </Vector3>
    </Bounds>
    <CenterCamPosition>
      <X>0</X>
      <Y>0</Y>
    </CenterCamPosition>
    <ScreenBounds />
    <DistanceToCam>0</DistanceToCam>
    <Speed>1.5122602</Speed>
    <AccInput>0</AccInput>
    <RPM>1.35798967</RPM>
    <Gear>0</Gear>
    <SteeringAngle>4.463976E-41</SteeringAngle>
    <WheelSpeed>0</WheelSpeed>
    <CarType>Sports</CarType>
  </MyCar>
  <Peds />
  <Time>262934</Time>
  <LastFrameTime>0.03206861</LastFrameTime>
  <MyProperty>0</MyProperty>
  <Weather>Foggy</Weather>
  <Steering>123</Steering>
  <Acc>171</Acc>
  <Brake>127</Brake>
  <DayTime>15:16:13</DayTime>
  <Position>
    <X>-2341.62256</X>
    <Y>-281.3305</Y>
    <Z>14.4798489</Z>
  </Position>
  <Rotation>
    <X>-0.12265525</X>
    <Y>2.47046638</Y>
    <Z>44.9543343</Z>
  </Rotation>
</Screenshot>