<?xml version="1.0" encoding="utf-8"?>
<Screenshot xmlns:xsd="http://www.w3.org/2001/XMLSchema" xmlns:xsi="http://www.w3.org/2001/XMLSchema-instance">
  <Cars />
  <MyCar>
    <Position>
      <X>-2340.91748</X>
      <Y>-282.084351</Y>
      <Z>13.5733051</Z>
    </Position>
    <Rotation>
      <X>0.414859265</X>
      <Y>1.98641956</Y>
      <Z>45.10396</Z>
    </Rotation>
    <Handle>104962</Handle>
    <Bounds>
      <Vector3>
        <X>-2339.848</X>
        <Y>-284.627258</Y>
        <Z>12.8627024</Z>
      </Vector3>
      <Vector3>
        <X>-2338.407</X>
        <Y>-283.1811</Y>
        <Z>12.7918959</Z>
      </Vector3>
      <Vector3>
        <X>-2343.4707</X>
        <Y>-281.015747</Y>
        <Z>12.89972</Z>
      </Vector3>
      <Vector3>
        <X>-2339.805</X>
        <Y>-284.598969</Y>
        <Z>14.317687</Z>
      </Vector3>
      <Vector3>
        <X>-2342.02979</X>
        <Y>-279.56958</Y>
        <Z>12.8289137</Z>
      </Vector3>
      <Vector3>
        <X>-2338.364</X>
        <Y>-283.152771</Y>
        <Z>14.2468805</Z>
      </Vector3>
      <Vector3>
        <X>-2343.42773</X>
        <Y>-280.987427</Y>
        <Z>14.3547049</Z>
      </Vector3>
      <Vector3>
        <X>-2341.98682</X>
        <Y>-279.54126</Y>
        <Z>14.2838984</Z>
      </Vector3>
    </Bounds>
    <CenterCamPosition>
      <X>0</X>
      <Y>0</Y>
    </CenterCamPosition>
    <ScreenBounds />
    <DistanceToCam>0</DistanceToCam>
    <Speed>1.75316834</Speed>
    <AccInput>0</AccInput>
    <RPM>1.35798967</RPM>
    <Gear>0</Gear>
    <SteeringAngle>4.463976E-41</SteeringAngle>
    <WheelSpeed>0</WheelSpeed>
    <CarType>Sports</CarType>
  </MyCar>
  <Peds />
  <Time>263003</Time>
  <LastFrameTime>0.0207589827</LastFrameTime>
  <MyProperty>0</MyProperty>
  <Weather>Foggy</Weather>
  <Steering>123</Steering>
  <Acc>161</Acc>
  <Brake>127</Brake>
  <DayTime>15:16:13</DayTime>
  <Position>
    <X>-2341.71484</X>
    <Y>-281.244415</Y>
    <Z>14.4811172</Z>
  </Position>
  <Rotation>
    <X>-0.090902634</X>
    <Y>2.48405337</Y>
    <Z>45.0738525</Z>
  </Rotation>
</Screenshot>