<?xml version="1.0" encoding="utf-8"?>
<Screenshot xmlns:xsd="http://www.w3.org/2001/XMLSchema" xmlns:xsi="http://www.w3.org/2001/XMLSchema-instance">
  <Cars />
  <MyCar>
    <Position>
      <X>-2340.97925</X>
      <Y>-282.023773</Y>
      <Z>13.5737171</Z>
    </Position>
    <Rotation>
      <X>0.430809468</X>
      <Y>1.99469817</Y>
      <Z>45.1561241</Z>
    </Rotation>
    <Handle>104962</Handle>
    <Bounds>
      <Vector3>
        <X>-2339.90771</X>
        <Y>-284.565643</Y>
        <Z>12.8625555</Z>
      </Vector3>
      <Vector3>
        <X>-2338.468</X>
        <Y>-283.118164</Y>
        <Z>12.7914543</Z>
      </Vector3>
      <Vector3>
        <X>-2343.53369</X>
        <Y>-280.9574</Y>
        <Z>12.9009962</Z>
      </Vector3>
      <Vector3>
        <X>-2339.86426</X>
        <Y>-284.537445</Y>
        <Z>14.31753</Z>
      </Vector3>
      <Vector3>
        <X>-2342.09424</X>
        <Y>-279.509918</Y>
        <Z>12.829895</Z>
      </Vector3>
      <Vector3>
        <X>-2338.42456</X>
        <Y>-283.089966</Y>
        <Z>14.2464285</Z>
      </Vector3>
      <Vector3>
        <X>-2343.49023</X>
        <Y>-280.9292</Y>
        <Z>14.35597</Z>
      </Vector3>
      <Vector3>
        <X>-2342.05054</X>
        <Y>-279.48172</Y>
        <Z>14.2848692</Z>
      </Vector3>
    </Bounds>
    <CenterCamPosition>
      <X>0</X>
      <Y>0</Y>
    </CenterCamPosition>
    <ScreenBounds />
    <DistanceToCam>0</DistanceToCam>
    <Speed>1.9026556</Speed>
    <AccInput>0</AccInput>
    <RPM>1.35798967</RPM>
    <Gear>0</Gear>
    <SteeringAngle>4.463976E-41</SteeringAngle>
    <WheelSpeed>0</WheelSpeed>
    <CarType>Sports</CarType>
  </MyCar>
  <Peds />
  <Time>263049</Time>
  <LastFrameTime>0.04643255</LastFrameTime>
  <MyProperty>0</MyProperty>
  <Weather>Foggy</Weather>
  <Steering>123</Steering>
  <Acc>159</Acc>
  <Brake>127</Brake>
  <DayTime>15:16:13</DayTime>
  <Position>
    <X>-2341.74072</X>
    <Y>-281.219666</Y>
    <Z>14.4814243</Z>
  </Position>
  <Rotation>
    <X>-0.0852208138</X>
    <Y>2.48641682</Y>
    <Z>45.1002579</Z>
  </Rotation>
</Screenshot>