<?xml version="1.0" encoding="utf-8"?>
<Screenshot xmlns:xsd="http://www.w3.org/2001/XMLSchema" xmlns:xsi="http://www.w3.org/2001/XMLSchema-instance">
  <Cars />
  <MyCar>
    <Position>
      <X>-2341.00781</X>
      <Y>-281.995667</Y>
      <Z>13.5739222</Z>
    </Position>
    <Rotation>
      <X>0.4352267</X>
      <Y>1.99913132</Y>
      <Z>45.17797</Z>
    </Rotation>
    <Handle>104962</Handle>
    <Bounds>
      <Vector3>
        <X>-2339.9353</X>
        <Y>-284.53714</Y>
        <Z>12.8626451</Z>
      </Vector3>
      <Vector3>
        <X>-2338.49634</X>
        <Y>-283.0891</Y>
        <Z>12.7913857</Z>
      </Vector3>
      <Vector3>
        <X>-2343.56274</X>
        <Y>-280.930267</Y>
        <Z>12.90148</Z>
      </Vector3>
      <Vector3>
        <X>-2339.8916</X>
        <Y>-284.5089</Y>
        <Z>14.3176146</Z>
      </Vector3>
      <Vector3>
        <X>-2342.12378</X>
        <Y>-279.482239</Y>
        <Z>12.83022</Z>
      </Vector3>
      <Vector3>
        <X>-2338.45264</X>
        <Y>-283.060883</Y>
        <Z>14.2463551</Z>
      </Vector3>
      <Vector3>
        <X>-2343.519</X>
        <Y>-280.902039</Y>
        <Z>14.3564491</Z>
      </Vector3>
      <Vector3>
        <X>-2342.08</X>
        <Y>-279.454</Y>
        <Z>14.28519</Z>
      </Vector3>
    </Bounds>
    <CenterCamPosition>
      <X>0</X>
      <Y>0</Y>
    </CenterCamPosition>
    <ScreenBounds />
    <DistanceToCam>0</DistanceToCam>
    <Speed>1.96590281</Speed>
    <AccInput>0</AccInput>
    <RPM>1.35798967</RPM>
    <Gear>0</Gear>
    <SteeringAngle>4.463976E-41</SteeringAngle>
    <WheelSpeed>0</WheelSpeed>
    <CarType>Sports</CarType>
  </MyCar>
  <Peds />
  <Time>263070</Time>
  <LastFrameTime>0.0205805581</LastFrameTime>
  <MyProperty>0</MyProperty>
  <Weather>Foggy</Weather>
  <Steering>123</Steering>
  <Acc>159</Acc>
  <Brake>127</Brake>
  <DayTime>15:16:13</DayTime>
  <Position>
    <X>-2341.803</X>
    <Y>-281.1599</Y>
    <Z>14.4821644</Z>
  </Position>
  <Rotation>
    <X>-0.06925631</X>
    <Y>2.49469614</Y>
    <Z>45.1531</Z>
  </Rotation>
</Screenshot>