<?xml version="1.0" encoding="utf-8"?>
<Screenshot xmlns:xsd="http://www.w3.org/2001/XMLSchema" xmlns:xsi="http://www.w3.org/2001/XMLSchema-instance">
  <Cars />
  <MyCar>
    <Position>
      <X>-2341.157</X>
      <Y>-281.84906</Y>
      <Z>13.5748987</Z>
    </Position>
    <Rotation>
      <X>0.45355618</X>
      <Y>2.033493</Y>
      <Z>45.2748032</Z>
    </Rotation>
    <Handle>104962</Handle>
    <Bounds>
      <Vector3>
        <X>-2340.08081</X>
        <Y>-284.3889</Y>
        <Z>12.8634338</Z>
      </Vector3>
      <Vector3>
        <X>-2338.644</X>
        <Y>-282.938446</Y>
        <Z>12.79095</Z>
      </Vector3>
      <Vector3>
        <X>-2343.714</X>
        <Y>-280.7881</Y>
        <Z>12.903903</Z>
      </Vector3>
      <Vector3>
        <X>-2340.03613</X>
        <Y>-284.3603</Y>
        <Z>14.318368</Z>
      </Vector3>
      <Vector3>
        <X>-2342.27759</X>
        <Y>-279.337677</Y>
        <Z>12.831419</Z>
      </Vector3>
      <Vector3>
        <X>-2338.59961</X>
        <Y>-282.909851</Y>
        <Z>14.2458849</Z>
      </Vector3>
      <Vector3>
        <X>-2343.66968</X>
        <Y>-280.7595</Y>
        <Z>14.3588381</Z>
      </Vector3>
      <Vector3>
        <X>-2342.23315</X>
        <Y>-279.309082</Y>
        <Z>14.2863541</Z>
      </Vector3>
    </Bounds>
    <CenterCamPosition>
      <X>0</X>
      <Y>0</Y>
    </CenterCamPosition>
    <ScreenBounds />
    <DistanceToCam>0</DistanceToCam>
    <Speed>2.244834</Speed>
    <AccInput>0</AccInput>
    <RPM>1.35798967</RPM>
    <Gear>0</Gear>
    <SteeringAngle>4.463976E-41</SteeringAngle>
    <WheelSpeed>0</WheelSpeed>
    <CarType>Sports</CarType>
  </MyCar>
  <Peds />
  <Time>263168</Time>
  <LastFrameTime>0.0283080433</LastFrameTime>
  <MyProperty>0</MyProperty>
  <Weather>Foggy</Weather>
  <Steering>123</Steering>
  <Acc>156</Acc>
  <Brake>127</Brake>
  <DayTime>15:16:13</DayTime>
  <Position>
    <X>-2341.93652</X>
    <Y>-281.0306</Y>
    <Z>14.48346</Z>
  </Position>
  <Rotation>
    <X>-0.0497186854</X>
    <Y>2.522074</Y>
    <Z>45.2450447</Z>
  </Rotation>
</Screenshot>