<?xml version="1.0" encoding="utf-8"?>
<Screenshot xmlns:xsd="http://www.w3.org/2001/XMLSchema" xmlns:xsi="http://www.w3.org/2001/XMLSchema-instance">
  <Cars />
  <MyCar>
    <Position>
      <X>-2341.112</X>
      <Y>-281.89325</Y>
      <Z>13.5746231</Z>
    </Position>
    <Rotation>
      <X>0.450329334</X>
      <Y>2.022075</Y>
      <Z>45.24724</Z>
    </Rotation>
    <Handle>104962</Handle>
    <Bounds>
      <Vector3>
        <X>-2340.03687</X>
        <Y>-284.4335</Y>
        <Z>12.8630924</Z>
      </Vector3>
      <Vector3>
        <X>-2338.59961</X>
        <Y>-282.983765</Y>
        <Z>12.7910166</Z>
      </Vector3>
      <Vector3>
        <X>-2343.6687</X>
        <Y>-280.831</Y>
        <Z>12.9032745</Z>
      </Vector3>
      <Vector3>
        <X>-2339.99268</X>
        <Y>-284.4051</Y>
        <Z>14.3180389</Z>
      </Vector3>
      <Vector3>
        <X>-2342.23145</X>
        <Y>-279.381226</Y>
        <Z>12.8311977</Z>
      </Vector3>
      <Vector3>
        <X>-2338.55542</X>
        <Y>-282.955353</Y>
        <Z>14.2459621</Z>
      </Vector3>
      <Vector3>
        <X>-2343.62427</X>
        <Y>-280.802551</Y>
        <Z>14.35822</Z>
      </Vector3>
      <Vector3>
        <X>-2342.187</X>
        <Y>-279.3528</Y>
        <Z>14.2861433</Z>
      </Vector3>
    </Bounds>
    <CenterCamPosition>
      <X>0</X>
      <Y>0</Y>
    </CenterCamPosition>
    <ScreenBounds />
    <DistanceToCam>0</DistanceToCam>
    <Speed>2.168329</Speed>
    <AccInput>0</AccInput>
    <RPM>1.35798967</RPM>
    <Gear>0</Gear>
    <SteeringAngle>4.463976E-41</SteeringAngle>
    <WheelSpeed>0</WheelSpeed>
    <CarType>Sports</CarType>
  </MyCar>
  <Peds />
  <Time>263139</Time>
  <LastFrameTime>0.023995446</LastFrameTime>
  <MyProperty>0</MyProperty>
  <Weather>Foggy</Weather>
  <Steering>123</Steering>
  <Acc>158</Acc>
  <Brake>127</Brake>
  <DayTime>15:16:13</DayTime>
  <Position>
    <X>-2341.89941</X>
    <Y>-281.066528</Y>
    <Z>14.4831505</Z>
  </Position>
  <Rotation>
    <X>-0.05329441</X>
    <Y>2.51331186</Y>
    <Z>45.221405</Z>
  </Rotation>
</Screenshot>