<?xml version="1.0" encoding="utf-8"?>
<Screenshot xmlns:xsd="http://www.w3.org/2001/XMLSchema" xmlns:xsi="http://www.w3.org/2001/XMLSchema-instance">
  <Cars />
  <MyCar>
    <Position>
      <X>-2341.0752</X>
      <Y>-281.929443</Y>
      <Z>13.5743818</Z>
    </Position>
    <Rotation>
      <X>0.446756929</X>
      <Y>2.01331329</Y>
      <Z>45.2237473</Z>
    </Rotation>
    <Handle>104962</Handle>
    <Bounds>
      <Vector3>
        <X>-2340.001</X>
        <Y>-284.4701</Y>
        <Z>12.86285</Z>
      </Vector3>
      <Vector3>
        <X>-2338.563</X>
        <Y>-283.020935</Y>
        <Z>12.7910862</Z>
      </Vector3>
      <Vector3>
        <X>-2343.63135</X>
        <Y>-280.8661</Y>
        <Z>12.9027138</Z>
      </Vector3>
      <Vector3>
        <X>-2339.95679</X>
        <Y>-284.441772</Y>
        <Z>14.3178053</Z>
      </Vector3>
      <Vector3>
        <X>-2342.19336</X>
        <Y>-279.416931</Y>
        <Z>12.8309488</Z>
      </Vector3>
      <Vector3>
        <X>-2338.519</X>
        <Y>-282.9926</Y>
        <Z>14.24604</Z>
      </Vector3>
      <Vector3>
        <X>-2343.58716</X>
        <Y>-280.837769</Y>
        <Z>14.3576679</Z>
      </Vector3>
      <Vector3>
        <X>-2342.14917</X>
        <Y>-279.3886</Y>
        <Z>14.2859039</Z>
      </Vector3>
    </Bounds>
    <CenterCamPosition>
      <X>0</X>
      <Y>0</Y>
    </CenterCamPosition>
    <ScreenBounds />
    <DistanceToCam>0</DistanceToCam>
    <Speed>2.10073829</Speed>
    <AccInput>0</AccInput>
    <RPM>1.35798967</RPM>
    <Gear>0</Gear>
    <SteeringAngle>4.463976E-41</SteeringAngle>
    <WheelSpeed>0</WheelSpeed>
    <CarType>Sports</CarType>
  </MyCar>
  <Peds />
  <Time>263115</Time>
  <LastFrameTime>0.045701474</LastFrameTime>
  <MyProperty>0</MyProperty>
  <Weather>Foggy</Weather>
  <Steering>123</Steering>
  <Acc>159</Acc>
  <Brake>127</Brake>
  <DayTime>15:16:13</DayTime>
  <Position>
    <X>-2341.83179</X>
    <Y>-281.132141</Y>
    <Z>14.4824581</Z>
  </Position>
  <Rotation>
    <X>-0.06483502</X>
    <Y>2.49912977</Y>
    <Z>45.17514</Z>
  </Rotation>
</Screenshot>