<?xml version="1.0" encoding="utf-8"?>
<Screenshot xmlns:xsd="http://www.w3.org/2001/XMLSchema" xmlns:xsi="http://www.w3.org/2001/XMLSchema-instance">
  <Cars />
  <MyCar>
    <Position>
      <X>-2341.38452</X>
      <Y>-281.62674</Y>
      <Z>13.57637</Z>
    </Position>
    <Rotation>
      <X>0.4620444</X>
      <Y>2.10617185</Y>
      <Z>45.43468</Z>
    </Rotation>
    <Handle>104962</Handle>
    <Bounds>
      <Vector3>
        <X>-2340.302</X>
        <Y>-284.164124</Y>
        <Z>12.8658562</Z>
      </Vector3>
      <Vector3>
        <X>-2338.86938</X>
        <Y>-282.709747</Y>
        <Z>12.7907829</Z>
      </Vector3>
      <Vector3>
        <X>-2343.94531</X>
        <Y>-280.573425</Y>
        <Z>12.9070807</Z>
      </Vector3>
      <Vector3>
        <X>-2340.256</X>
        <Y>-284.134247</Y>
        <Z>14.3207226</Z>
      </Vector3>
      <Vector3>
        <X>-2342.513</X>
        <Y>-279.11908</Y>
        <Z>12.8320084</Z>
      </Vector3>
      <Vector3>
        <X>-2338.82349</X>
        <Y>-282.679871</Y>
        <Z>14.2456493</Z>
      </Vector3>
      <Vector3>
        <X>-2343.89941</X>
        <Y>-280.543549</Y>
        <Z>14.3619471</Z>
      </Vector3>
      <Vector3>
        <X>-2342.467</X>
        <Y>-279.089172</Y>
        <Z>14.2868748</Z>
      </Vector3>
    </Bounds>
    <CenterCamPosition>
      <X>0</X>
      <Y>0</Y>
    </CenterCamPosition>
    <ScreenBounds />
    <DistanceToCam>0</DistanceToCam>
    <Speed>2.55010414</Speed>
    <AccInput>0</AccInput>
    <RPM>1.35798967</RPM>
    <Gear>0</Gear>
    <SteeringAngle>4.463976E-41</SteeringAngle>
    <WheelSpeed>0</WheelSpeed>
    <CarType>Sports</CarType>
  </MyCar>
  <Peds />
  <Time>263299</Time>
  <LastFrameTime>0.0477469936</LastFrameTime>
  <MyProperty>0</MyProperty>
  <Weather>Foggy</Weather>
  <Steering>120</Steering>
  <Acc>145</Acc>
  <Brake>127</Brake>
  <DayTime>15:16:13</DayTime>
  <Position>
    <X>-2342.12378</X>
    <Y>-280.849365</Y>
    <Z>14.4848061</Z>
  </Position>
  <Rotation>
    <X>-0.03994189</X>
    <Y>2.57889748</Y>
    <Z>45.3654976</Z>
  </Rotation>
</Screenshot>