<?xml version="1.0" encoding="utf-8"?>
<Screenshot xmlns:xsd="http://www.w3.org/2001/XMLSchema" xmlns:xsi="http://www.w3.org/2001/XMLSchema-instance">
  <Cars />
  <MyCar>
    <Position>
      <X>-2341.23657</X>
      <Y>-281.770935</Y>
      <Z>13.5754</Z>
    </Position>
    <Rotation>
      <X>0.4571932</X>
      <Y>2.05934477</Y>
      <Z>45.3251381</Z>
    </Rotation>
    <Handle>104962</Handle>
    <Bounds>
      <Vector3>
        <X>-2340.15845</X>
        <Y>-284.31</Y>
        <Z>12.8642454</Z>
      </Vector3>
      <Vector3>
        <X>-2338.72314</X>
        <Y>-282.858337</Y>
        <Z>12.7908411</Z>
      </Vector3>
      <Vector3>
        <X>-2343.795</X>
        <Y>-280.712372</Y>
        <Z>12.9050388</Z>
      </Vector3>
      <Vector3>
        <X>-2340.11328</X>
        <Y>-284.280975</Y>
        <Z>14.3191566</Z>
      </Vector3>
      <Vector3>
        <X>-2342.35962</X>
        <Y>-279.2607</Y>
        <Z>12.8316345</Z>
      </Vector3>
      <Vector3>
        <X>-2338.678</X>
        <Y>-282.8293</Y>
        <Z>14.2457523</Z>
      </Vector3>
      <Vector3>
        <X>-2343.75</X>
        <Y>-280.68335</Y>
        <Z>14.35995</Z>
      </Vector3>
      <Vector3>
        <X>-2342.3147</X>
        <Y>-279.2317</Y>
        <Z>14.2865448</Z>
      </Vector3>
    </Bounds>
    <CenterCamPosition>
      <X>0</X>
      <Y>0</Y>
    </CenterCamPosition>
    <ScreenBounds />
    <DistanceToCam>0</DistanceToCam>
    <Speed>2.36569071</Speed>
    <AccInput>0</AccInput>
    <RPM>1.35798967</RPM>
    <Gear>0</Gear>
    <SteeringAngle>4.463976E-41</SteeringAngle>
    <WheelSpeed>0</WheelSpeed>
    <CarType>Sports</CarType>
  </MyCar>
  <Peds />
  <Time>263215</Time>
  <LastFrameTime>0.04773086</LastFrameTime>
  <MyProperty>0</MyProperty>
  <Weather>Foggy</Weather>
  <Steering>122</Steering>
  <Acc>149</Acc>
  <Brake>127</Brake>
  <DayTime>15:16:13</DayTime>
  <Position>
    <X>-2341.98169</X>
    <Y>-280.986725</Y>
    <Z>14.4837971</Z>
  </Position>
  <Rotation>
    <X>-0.046489127</X>
    <Y>2.53349233</Y>
    <Z>45.272747</Z>
  </Rotation>
</Screenshot>