<?xml version="1.0" encoding="utf-8"?>
<Screenshot xmlns:xsd="http://www.w3.org/2001/XMLSchema" xmlns:xsi="http://www.w3.org/2001/XMLSchema-instance">
  <Cars />
  <MyCar>
    <Position>
      <X>-2341.298</X>
      <Y>-281.710815</Y>
      <Z>13.5757971</Z>
    </Position>
    <Rotation>
      <X>0.4600988</X>
      <Y>2.078898</Y>
      <Z>45.3673</Z>
    </Rotation>
    <Handle>104962</Handle>
    <Bounds>
      <Vector3>
        <X>-2340.21826</X>
        <Y>-284.249237</Y>
        <Z>12.864871</Z>
      </Vector3>
      <Vector3>
        <X>-2338.784</X>
        <Y>-282.796539</Y>
        <Z>12.79077</Z>
      </Vector3>
      <Vector3>
        <X>-2343.85742</X>
        <Y>-280.6543</Y>
        <Z>12.9059229</Z>
      </Vector3>
      <Vector3>
        <X>-2340.17285</X>
        <Y>-284.219879</Y>
        <Z>14.3197632</Z>
      </Vector3>
      <Vector3>
        <X>-2342.42334</X>
        <Y>-279.2016</Y>
        <Z>12.8318214</Z>
      </Vector3>
      <Vector3>
        <X>-2338.73853</X>
        <Y>-282.767181</Y>
        <Z>14.2456617</Z>
      </Vector3>
      <Vector3>
        <X>-2343.812</X>
        <Y>-280.6249</Y>
        <Z>14.360815</Z>
      </Vector3>
      <Vector3>
        <X>-2342.378</X>
        <Y>-279.1722</Y>
        <Z>14.2867136</Z>
      </Vector3>
    </Bounds>
    <CenterCamPosition>
      <X>0</X>
      <Y>0</Y>
    </CenterCamPosition>
    <ScreenBounds />
    <DistanceToCam>0</DistanceToCam>
    <Speed>2.44845223</Speed>
    <AccInput>0</AccInput>
    <RPM>1.35798967</RPM>
    <Gear>0</Gear>
    <SteeringAngle>4.463976E-41</SteeringAngle>
    <WheelSpeed>0</WheelSpeed>
    <CarType>Sports</CarType>
  </MyCar>
  <Peds />
  <Time>263251</Time>
  <LastFrameTime>0.03541554</LastFrameTime>
  <MyProperty>0</MyProperty>
  <Weather>Foggy</Weather>
  <Steering>120</Steering>
  <Acc>147</Acc>
  <Brake>127</Brake>
  <DayTime>15:16:13</DayTime>
  <Position>
    <X>-2342.06177</X>
    <Y>-280.909058</Y>
    <Z>14.48436</Z>
  </Position>
  <Rotation>
    <X>-0.0428495668</X>
    <Y>2.559344</Y>
    <Z>45.32322</Z>
  </Rotation>
</Screenshot>