<?xml version="1.0" encoding="utf-8"?>
<Screenshot xmlns:xsd="http://www.w3.org/2001/XMLSchema" xmlns:xsi="http://www.w3.org/2001/XMLSchema-instance">
  <Cars />
  <MyCar>
    <Position>
      <X>-2341.42236</X>
      <Y>-281.590057</Y>
      <Z>13.576623</Z>
    </Position>
    <Rotation>
      <X>0.4635599</X>
      <Y>2.11538887</Y>
      <Z>45.46602</Z>
    </Rotation>
    <Handle>104962</Handle>
    <Bounds>
      <Vector3>
        <X>-2340.33838</X>
        <Y>-284.126923</Y>
        <Z>12.86621</Z>
      </Vector3>
      <Vector3>
        <X>-2338.90674</X>
        <Y>-282.671783</Y>
        <Z>12.7908087</Z>
      </Vector3>
      <Vector3>
        <X>-2343.984</X>
        <Y>-280.5382</Y>
        <Z>12.90757</Z>
      </Vector3>
      <Vector3>
        <X>-2340.29248</X>
        <Y>-284.096863</Y>
        <Z>14.3210678</Z>
      </Vector3>
      <Vector3>
        <X>-2342.55225</X>
        <Y>-279.083069</Y>
        <Z>12.8321686</Z>
      </Vector3>
      <Vector3>
        <X>-2338.8606</X>
        <Y>-282.641724</Y>
        <Z>14.2456665</Z>
      </Vector3>
      <Vector3>
        <X>-2343.93774</X>
        <Y>-280.508148</Y>
        <Z>14.3624277</Z>
      </Vector3>
      <Vector3>
        <X>-2342.506</X>
        <Y>-279.05304</Y>
        <Z>14.2870264</Z>
      </Vector3>
    </Bounds>
    <CenterCamPosition>
      <X>0</X>
      <Y>0</Y>
    </CenterCamPosition>
    <ScreenBounds />
    <DistanceToCam>0</DistanceToCam>
    <Speed>2.59064817</Speed>
    <AccInput>0</AccInput>
    <RPM>1.35798967</RPM>
    <Gear>0</Gear>
    <SteeringAngle>4.463976E-41</SteeringAngle>
    <WheelSpeed>0</WheelSpeed>
    <CarType>Sports</CarType>
  </MyCar>
  <Peds />
  <Time>263319</Time>
  <LastFrameTime>0.0204235446</LastFrameTime>
  <MyProperty>0</MyProperty>
  <Weather>Foggy</Weather>
  <Steering>120</Steering>
  <Acc>145</Acc>
  <Brake>127</Brake>
  <DayTime>15:16:13</DayTime>
  <Position>
    <X>-2342.21069</X>
    <Y>-280.765961</Y>
    <Z>14.4854031</Z>
  </Position>
  <Rotation>
    <X>-0.03799508</X>
    <Y>2.60617113</Y>
    <Z>45.43295</Z>
  </Rotation>
</Screenshot>