<?xml version="1.0" encoding="utf-8"?>
<Screenshot xmlns:xsd="http://www.w3.org/2001/XMLSchema" xmlns:xsi="http://www.w3.org/2001/XMLSchema-instance">
  <Cars />
  <MyCar>
    <Position>
      <X>-2341.51147</X>
      <Y>-281.50415</Y>
      <Z>13.5772371</Z>
    </Position>
    <Rotation>
      <X>0.465510875</X>
      <Y>2.14180851</Y>
      <Z>45.5458641</Z>
    </Rotation>
    <Handle>104962</Handle>
    <Bounds>
      <Vector3>
        <X>-2340.42432</X>
        <Y>-284.0397</Y>
        <Z>12.8672209</Z>
      </Vector3>
      <Vector3>
        <X>-2338.99463</X>
        <Y>-282.5826</Y>
        <Z>12.7908783</Z>
      </Vector3>
      <Vector3>
        <X>-2344.07471</X>
        <Y>-280.4561</Y>
        <Z>12.9087534</Z>
      </Vector3>
      <Vector3>
        <X>-2340.37769</X>
        <Y>-284.009155</Y>
        <Z>14.322053</Z>
      </Vector3>
      <Vector3>
        <X>-2342.645</X>
        <Y>-278.998962</Y>
        <Z>12.8324108</Z>
      </Vector3>
      <Vector3>
        <X>-2338.94824</X>
        <Y>-282.552063</Y>
        <Z>14.24571</Z>
      </Vector3>
      <Vector3>
        <X>-2344.028</X>
        <Y>-280.4255</Y>
        <Z>14.3635864</Z>
      </Vector3>
      <Vector3>
        <X>-2342.59839</X>
        <Y>-278.9684</Y>
        <Z>14.2872438</Z>
      </Vector3>
    </Bounds>
    <CenterCamPosition>
      <X>0</X>
      <Y>0</Y>
    </CenterCamPosition>
    <ScreenBounds />
    <DistanceToCam>0</DistanceToCam>
    <Speed>2.67745638</Speed>
    <AccInput>0</AccInput>
    <RPM>1.35798967</RPM>
    <Gear>0</Gear>
    <SteeringAngle>4.463976E-41</SteeringAngle>
    <WheelSpeed>0</WheelSpeed>
    <CarType>Sports</CarType>
  </MyCar>
  <Peds />
  <Time>263366</Time>
  <LastFrameTime>0.0465700142</LastFrameTime>
  <MyProperty>0</MyProperty>
  <Weather>Foggy</Weather>
  <Steering>120</Steering>
  <Acc>145</Acc>
  <Brake>127</Brake>
  <DayTime>15:16:13</DayTime>
  <Position>
    <X>-2342.249</X>
    <Y>-280.729645</Y>
    <Z>14.4856825</Z>
  </Position>
  <Rotation>
    <X>-0.0364781246</X>
    <Y>2.61538815</Y>
    <Z>45.4643478</Z>
  </Rotation>
</Screenshot>