<?xml version="1.0" encoding="utf-8"?>
<Screenshot xmlns:xsd="http://www.w3.org/2001/XMLSchema" xmlns:xsi="http://www.w3.org/2001/XMLSchema-instance">
  <Cars />
  <MyCar>
    <Position>
      <X>-2341.55176</X>
      <Y>-281.4654</Y>
      <Z>13.5775175</Z>
    </Position>
    <Rotation>
      <X>0.4663062</X>
      <Y>2.15106225</Y>
      <Z>45.5833778</Z>
    </Rotation>
    <Handle>104962</Handle>
    <Bounds>
      <Vector3>
        <X>-2340.463</X>
        <Y>-284.0003</Y>
        <Z>12.8676348</Z>
      </Vector3>
      <Vector3>
        <X>-2339.03442</X>
        <Y>-282.5423</Y>
        <Z>12.7909632</Z>
      </Vector3>
      <Vector3>
        <X>-2344.11572</X>
        <Y>-280.419067</Y>
        <Z>12.9092388</Z>
      </Vector3>
      <Vector3>
        <X>-2340.41626</X>
        <Y>-283.969574</Y>
        <Z>14.3224583</Z>
      </Vector3>
      <Vector3>
        <X>-2342.687</X>
        <Y>-278.961029</Y>
        <Z>12.8325663</Z>
      </Vector3>
      <Vector3>
        <X>-2338.98755</X>
        <Y>-282.511566</Y>
        <Z>14.2457857</Z>
      </Vector3>
      <Vector3>
        <X>-2344.069</X>
        <Y>-280.388336</Y>
        <Z>14.3640623</Z>
      </Vector3>
      <Vector3>
        <X>-2342.64038</X>
        <Y>-278.9303</Y>
        <Z>14.28739</Z>
      </Vector3>
    </Bounds>
    <CenterCamPosition>
      <X>0</X>
      <Y>0</Y>
    </CenterCamPosition>
    <ScreenBounds />
    <DistanceToCam>0</DistanceToCam>
    <Speed>2.713705</Speed>
    <AccInput>0</AccInput>
    <RPM>1.35798967</RPM>
    <Gear>0</Gear>
    <SteeringAngle>4.463976E-41</SteeringAngle>
    <WheelSpeed>0</WheelSpeed>
    <CarType>Sports</CarType>
  </MyCar>
  <Peds />
  <Time>263386</Time>
  <LastFrameTime>0.0206631</LastFrameTime>
  <MyProperty>0</MyProperty>
  <Weather>Foggy</Weather>
  <Steering>120</Steering>
  <Acc>145</Acc>
  <Brake>127</Brake>
  <DayTime>15:16:13</DayTime>
  <Position>
    <X>-2342.339</X>
    <Y>-280.644623</Y>
    <Z>14.4863214</Z>
  </Position>
  <Rotation>
    <X>-0.0345257334</X>
    <Y>2.641808</Y>
    <Z>45.54427</Z>
  </Rotation>
</Screenshot>