<?xml version="1.0" encoding="utf-8"?>
<Screenshot xmlns:xsd="http://www.w3.org/2001/XMLSchema" xmlns:xsi="http://www.w3.org/2001/XMLSchema-instance">
  <Cars />
  <MyCar>
    <Position>
      <X>-2341.71484</X>
      <Y>-281.308746</Y>
      <Z>13.57869</Z>
    </Position>
    <Rotation>
      <X>0.4670631</X>
      <Y>2.18919015</Y>
      <Z>45.73559</Z>
    </Rotation>
    <Handle>104962</Handle>
    <Bounds>
      <Vector3>
        <X>-2340.61963</X>
        <Y>-283.8411</Y>
        <Z>12.8694715</Z>
      </Vector3>
      <Vector3>
        <X>-2339.195</X>
        <Y>-282.379333</Y>
        <Z>12.791441</Z>
      </Vector3>
      <Vector3>
        <X>-2344.282</X>
        <Y>-280.269531</Y>
        <Z>12.9111414</Z>
      </Vector3>
      <Vector3>
        <X>-2340.57227</X>
        <Y>-283.80957</Y>
        <Z>14.3242579</Z>
      </Vector3>
      <Vector3>
        <X>-2342.85718</X>
        <Y>-278.80777</Y>
        <Z>12.8331108</Z>
      </Vector3>
      <Vector3>
        <X>-2339.14771</X>
        <Y>-282.347778</Y>
        <Z>14.2462273</Z>
      </Vector3>
      <Vector3>
        <X>-2344.23462</X>
        <Y>-280.238</Y>
        <Z>14.3659277</Z>
      </Vector3>
      <Vector3>
        <X>-2342.80981</X>
        <Y>-278.7762</Y>
        <Z>14.2878971</Z>
      </Vector3>
    </Bounds>
    <CenterCamPosition>
      <X>0</X>
      <Y>0</Y>
    </CenterCamPosition>
    <ScreenBounds />
    <DistanceToCam>0</DistanceToCam>
    <Speed>2.84486</Speed>
    <AccInput>0</AccInput>
    <RPM>1.35798967</RPM>
    <Gear>0</Gear>
    <SteeringAngle>4.463976E-41</SteeringAngle>
    <WheelSpeed>0</WheelSpeed>
    <CarType>Sports</CarType>
  </MyCar>
  <Peds />
  <Time>263467</Time>
  <LastFrameTime>0.0350500047</LastFrameTime>
  <MyProperty>0</MyProperty>
  <Weather>Foggy</Weather>
  <Steering>122</Steering>
  <Acc>142</Acc>
  <Brake>127</Brake>
  <DayTime>15:16:13</DayTime>
  <Position>
    <X>-2342.47241</X>
    <Y>-280.519318</Y>
    <Z>14.4872646</Z>
  </Position>
  <Rotation>
    <X>-0.03324585</X>
    <Y>2.673641</Y>
    <Z>45.6677551</Z>
  </Rotation>
</Screenshot>