<?xml version="1.0" encoding="utf-8"?>
<Screenshot xmlns:xsd="http://www.w3.org/2001/XMLSchema" xmlns:xsi="http://www.w3.org/2001/XMLSchema-instance">
  <Cars />
  <MyCar>
    <Position>
      <X>-2341.64331</X>
      <Y>-281.3774</Y>
      <Z>13.5781727</Z>
    </Position>
    <Rotation>
      <X>0.466790318</X>
      <Y>2.17364144</Y>
      <Z>45.6693077</Z>
    </Rotation>
    <Handle>104962</Handle>
    <Bounds>
      <Vector3>
        <X>-2340.551</X>
        <Y>-283.9109</Y>
        <Z>12.8686819</Z>
      </Vector3>
      <Vector3>
        <X>-2339.12451</X>
        <Y>-282.450745</Y>
        <Z>12.7912054</Z>
      </Vector3>
      <Vector3>
        <X>-2344.209</X>
        <Y>-280.3351</Y>
        <Z>12.9103289</Z>
      </Vector3>
      <Vector3>
        <X>-2340.504</X>
        <Y>-283.8797</Y>
        <Z>14.3234835</Z>
      </Vector3>
      <Vector3>
        <X>-2342.78247</X>
        <Y>-278.874969</Y>
        <Z>12.8328514</Z>
      </Vector3>
      <Vector3>
        <X>-2339.07739</X>
        <Y>-282.419525</Y>
        <Z>14.246007</Z>
      </Vector3>
      <Vector3>
        <X>-2344.16187</X>
        <Y>-280.3039</Y>
        <Z>14.3651295</Z>
      </Vector3>
      <Vector3>
        <X>-2342.7356</X>
        <Y>-278.84375</Y>
        <Z>14.287653</Z>
      </Vector3>
    </Bounds>
    <CenterCamPosition>
      <X>0</X>
      <Y>0</Y>
    </CenterCamPosition>
    <ScreenBounds />
    <DistanceToCam>0</DistanceToCam>
    <Speed>2.790067</Speed>
    <AccInput>0</AccInput>
    <RPM>1.35798967</RPM>
    <Gear>0</Gear>
    <SteeringAngle>4.463976E-41</SteeringAngle>
    <WheelSpeed>0</WheelSpeed>
    <CarType>Sports</CarType>
  </MyCar>
  <Peds />
  <Time>263432</Time>
  <LastFrameTime>0.0458442159</LastFrameTime>
  <MyProperty>0</MyProperty>
  <Weather>Foggy</Weather>
  <Steering>122</Steering>
  <Acc>144</Acc>
  <Brake>127</Brake>
  <DayTime>15:16:13</DayTime>
  <Position>
    <X>-2342.37964</X>
    <Y>-280.606323</Y>
    <Z>14.4866133</Z>
  </Position>
  <Rotation>
    <X>-0.0337298475</X>
    <Y>2.65106177</Y>
    <Z>45.5818176</Z>
  </Rotation>
</Screenshot>