<?xml version="1.0" encoding="utf-8"?>
<Screenshot xmlns:xsd="http://www.w3.org/2001/XMLSchema" xmlns:xsi="http://www.w3.org/2001/XMLSchema-instance">
  <Cars />
  <MyCar>
    <Position>
      <X>-2341.81567</X>
      <Y>-281.21225</Y>
      <Z>13.5794516</Z>
    </Position>
    <Rotation>
      <X>0.467290878</X>
      <Y>2.21165037</Y>
      <Z>45.8265381</Z>
    </Rotation>
    <Handle>104962</Handle>
    <Bounds>
      <Vector3>
        <X>-2340.7168</X>
        <Y>-283.743073</Y>
        <Z>12.8706341</Z>
      </Vector3>
      <Vector3>
        <X>-2339.29443</X>
        <Y>-282.279053</Y>
        <Z>12.7918034</Z>
      </Vector3>
      <Vector3>
        <X>-2344.38452</X>
        <Y>-280.1773</Y>
        <Z>12.9123249</Z>
      </Vector3>
      <Vector3>
        <X>-2340.669</X>
        <Y>-283.711029</Y>
        <Z>14.3253984</Z>
      </Vector3>
      <Vector3>
        <X>-2342.96216</X>
        <Y>-278.7133</Y>
        <Z>12.8334942</Z>
      </Vector3>
      <Vector3>
        <X>-2339.24658</X>
        <Y>-282.247</Y>
        <Z>14.2465677</Z>
      </Vector3>
      <Vector3>
        <X>-2344.337</X>
        <Y>-280.1453</Y>
        <Z>14.3670893</Z>
      </Vector3>
      <Vector3>
        <X>-2342.91455</X>
        <Y>-278.681274</Y>
        <Z>14.2882586</Z>
      </Vector3>
    </Bounds>
    <CenterCamPosition>
      <X>0</X>
      <Y>0</Y>
    </CenterCamPosition>
    <ScreenBounds />
    <DistanceToCam>0</DistanceToCam>
    <Speed>2.91427159</Speed>
    <AccInput>0</AccInput>
    <RPM>1.35798967</RPM>
    <Gear>0</Gear>
    <SteeringAngle>4.463976E-41</SteeringAngle>
    <WheelSpeed>0</WheelSpeed>
    <CarType>Sports</CarType>
  </MyCar>
  <Peds />
  <Time>263515</Time>
  <LastFrameTime>0.04820221</LastFrameTime>
  <MyProperty>0</MyProperty>
  <Weather>Foggy</Weather>
  <Steering>122</Steering>
  <Acc>141</Acc>
  <Brake>127</Brake>
  <DayTime>15:16:13</DayTime>
  <Position>
    <X>-2342.54468</X>
    <Y>-280.451447</Y>
    <Z>14.4877777</Z>
  </Position>
  <Rotation>
    <X>-0.0329732932</X>
    <Y>2.68918967</Y>
    <Z>45.73404</Z>
  </Rotation>
</Screenshot>