<?xml version="1.0" encoding="utf-8"?>
<Screenshot xmlns:xsd="http://www.w3.org/2001/XMLSchema" xmlns:xsi="http://www.w3.org/2001/XMLSchema-instance">
  <Cars />
  <MyCar>
    <Position>
      <X>-2341.9292</X>
      <Y>-281.103973</Y>
      <Z>13.5803547</Z>
    </Position>
    <Rotation>
      <X>0.472111017</X>
      <Y>2.23910356</Y>
      <Z>45.9265327</Z>
    </Rotation>
    <Handle>104962</Handle>
    <Bounds>
      <Vector3>
        <X>-2340.82617</X>
        <Y>-283.633057</Y>
        <Z>12.8718262</Z>
      </Vector3>
      <Vector3>
        <X>-2339.40625</X>
        <Y>-282.1666</Y>
        <Z>12.792017</Z>
      </Vector3>
      <Vector3>
        <X>-2344.5</X>
        <Y>-280.0737</Y>
        <Z>12.9139452</Z>
      </Vector3>
      <Vector3>
        <X>-2340.77783</X>
        <Y>-283.600555</Y>
        <Z>14.3265619</Z>
      </Vector3>
      <Vector3>
        <X>-2343.08032</X>
        <Y>-278.607239</Y>
        <Z>12.834137</Z>
      </Vector3>
      <Vector3>
        <X>-2339.35815</X>
        <Y>-282.134064</Y>
        <Z>14.2467537</Z>
      </Vector3>
      <Vector3>
        <X>-2344.452</X>
        <Y>-280.041168</Y>
        <Z>14.3686819</Z>
      </Vector3>
      <Vector3>
        <X>-2343.03223</X>
        <Y>-278.5747</Y>
        <Z>14.2888727</Z>
      </Vector3>
    </Bounds>
    <CenterCamPosition>
      <X>0</X>
      <Y>0</Y>
    </CenterCamPosition>
    <ScreenBounds />
    <DistanceToCam>0</DistanceToCam>
    <Speed>2.98359036</Speed>
    <AccInput>0</AccInput>
    <RPM>1.35798967</RPM>
    <Gear>0</Gear>
    <SteeringAngle>4.463976E-41</SteeringAngle>
    <WheelSpeed>0</WheelSpeed>
    <CarType>Sports</CarType>
  </MyCar>
  <Peds />
  <Time>263568</Time>
  <LastFrameTime>0.0327397957</LastFrameTime>
  <MyProperty>0</MyProperty>
  <Weather>Foggy</Weather>
  <Steering>122</Steering>
  <Acc>141</Acc>
  <Brake>127</Brake>
  <DayTime>15:16:13</DayTime>
  <Position>
    <X>-2342.69</X>
    <Y>-280.315369</Y>
    <Z>14.4889078</Z>
  </Position>
  <Rotation>
    <X>-0.0306557082</X>
    <Y>2.72179365</Y>
    <Z>45.863327</Z>
  </Rotation>
</Screenshot>