<?xml version="1.0" encoding="utf-8"?>
<Screenshot xmlns:xsd="http://www.w3.org/2001/XMLSchema" xmlns:xsi="http://www.w3.org/2001/XMLSchema-instance">
  <Cars />
  <MyCar>
    <Position>
      <X>-2341.85864</X>
      <Y>-281.171143</Y>
      <Z>13.5797911</Z>
    </Position>
    <Rotation>
      <X>0.46937874</X>
      <Y>2.22179461</Y>
      <Z>45.8647842</Z>
    </Rotation>
    <Handle>104962</Handle>
    <Bounds>
      <Vector3>
        <X>-2340.758</X>
        <Y>-283.7013</Y>
        <Z>12.871067</Z>
      </Vector3>
      <Vector3>
        <X>-2339.33667</X>
        <Y>-282.236328</Y>
        <Z>12.7918749</Z>
      </Vector3>
      <Vector3>
        <X>-2344.42822</X>
        <Y>-280.13797</Y>
        <Z>12.9129429</Z>
      </Vector3>
      <Vector3>
        <X>-2340.71021</X>
        <Y>-283.6691</Y>
        <Z>14.3258209</Z>
      </Vector3>
      <Vector3>
        <X>-2343.00684</X>
        <Y>-278.673</Y>
        <Z>12.8337507</Z>
      </Vector3>
      <Vector3>
        <X>-2339.28882</X>
        <Y>-282.204132</Y>
        <Z>14.2466288</Z>
      </Vector3>
      <Vector3>
        <X>-2344.38037</X>
        <Y>-280.105774</Y>
        <Z>14.3676968</Z>
      </Vector3>
      <Vector3>
        <X>-2342.959</X>
        <Y>-278.6408</Y>
        <Z>14.2885046</Z>
      </Vector3>
    </Bounds>
    <CenterCamPosition>
      <X>0</X>
      <Y>0</Y>
    </CenterCamPosition>
    <ScreenBounds />
    <DistanceToCam>0</DistanceToCam>
    <Speed>2.94166565</Speed>
    <AccInput>0</AccInput>
    <RPM>1.35798967</RPM>
    <Gear>0</Gear>
    <SteeringAngle>4.463976E-41</SteeringAngle>
    <WheelSpeed>0</WheelSpeed>
    <CarType>Sports</CarType>
  </MyCar>
  <Peds />
  <Time>263536</Time>
  <LastFrameTime>0.0202705655</LastFrameTime>
  <MyProperty>0</MyProperty>
  <Weather>Foggy</Weather>
  <Steering>122</Steering>
  <Acc>141</Acc>
  <Brake>127</Brake>
  <DayTime>15:16:13</DayTime>
  <Position>
    <X>-2342.64648</X>
    <Y>-280.356018</Y>
    <Z>14.4885311</Z>
  </Position>
  <Rotation>
    <X>-0.0327460133</X>
    <Y>2.71165037</Y>
    <Z>45.8249779</Z>
  </Rotation>
</Screenshot>