<?xml version="1.0" encoding="utf-8"?>
<Screenshot xmlns:xsd="http://www.w3.org/2001/XMLSchema" xmlns:xsi="http://www.w3.org/2001/XMLSchema-instance">
  <Cars />
  <MyCar>
    <Position>
      <X>-2342.15112</X>
      <Y>-280.8936</Y>
      <Z>13.5822287</Z>
    </Position>
    <Rotation>
      <X>0.483770519</X>
      <Y>2.293194</Y>
      <Z>46.12977</Z>
    </Rotation>
    <Handle>104962</Handle>
    <Bounds>
      <Vector3>
        <X>-2341.03955</X>
        <Y>-283.419128</Y>
        <Z>12.8741722</Z>
      </Vector3>
      <Vector3>
        <X>-2339.625</X>
        <Y>-281.9477</Y>
        <Z>12.7924366</Z>
      </Vector3>
      <Vector3>
        <X>-2344.72632</X>
        <Y>-279.872772</Y>
        <Z>12.9173307</Z>
      </Vector3>
      <Vector3>
        <X>-2340.99048</X>
        <Y>-283.385681</Y>
        <Z>14.3288517</Z>
      </Vector3>
      <Vector3>
        <X>-2343.31177</X>
        <Y>-278.401337</Y>
        <Z>12.8355951</Z>
      </Vector3>
      <Vector3>
        <X>-2339.576</X>
        <Y>-281.9142</Y>
        <Z>14.2471161</Z>
      </Vector3>
      <Vector3>
        <X>-2344.677</X>
        <Y>-279.8393</Y>
        <Z>14.37201</Z>
      </Vector3>
      <Vector3>
        <X>-2343.26245</X>
        <Y>-278.367859</Y>
        <Z>14.2902746</Z>
      </Vector3>
    </Bounds>
    <CenterCamPosition>
      <X>0</X>
      <Y>0</Y>
    </CenterCamPosition>
    <ScreenBounds />
    <DistanceToCam>0</DistanceToCam>
    <Speed>3.10122514</Speed>
    <AccInput>0</AccInput>
    <RPM>1.35798967</RPM>
    <Gear>0</Gear>
    <SteeringAngle>4.463976E-41</SteeringAngle>
    <WheelSpeed>0</WheelSpeed>
    <CarType>Sports</CarType>
  </MyCar>
  <Peds />
  <Time>263668</Time>
  <LastFrameTime>0.0282220878</LastFrameTime>
  <MyProperty>0</MyProperty>
  <Weather>Foggy</Weather>
  <Steering>119</Steering>
  <Acc>141</Acc>
  <Brake>127</Brake>
  <DayTime>15:16:13</DayTime>
  <Position>
    <X>-2342.92139</X>
    <Y>-280.1002</Y>
    <Z>14.4909935</Z>
  </Position>
  <Rotation>
    <X>-0.0196195152</X>
    <Y>2.77852368</Y>
    <Z>46.06847</Z>
  </Rotation>
</Screenshot>