<?xml version="1.0" encoding="utf-8"?>
<Screenshot xmlns:xsd="http://www.w3.org/2001/XMLSchema" xmlns:xsi="http://www.w3.org/2001/XMLSchema-instance">
  <Cars />
  <MyCar>
    <Position>
      <X>-2342.08765</X>
      <Y>-280.953522</Y>
      <Z>13.5816832</Z>
    </Position>
    <Rotation>
      <X>0.4804035</X>
      <Y>2.27852416</Y>
      <Z>46.06942</Z>
    </Rotation>
    <Handle>104962</Handle>
    <Bounds>
      <Vector3>
        <X>-2340.97876</X>
        <Y>-283.480133</Y>
        <Z>12.8735075</Z>
      </Vector3>
      <Vector3>
        <X>-2339.5625</X>
        <Y>-282.010162</Y>
        <Z>12.7922945</Z>
      </Vector3>
      <Vector3>
        <X>-2344.66162</X>
        <Y>-279.9299</Y>
        <Z>12.9163656</Z>
      </Vector3>
      <Vector3>
        <X>-2340.92969</X>
        <Y>-283.44693</Y>
        <Z>14.3282032</Z>
      </Vector3>
      <Vector3>
        <X>-2343.24536</X>
        <Y>-278.45993</Y>
        <Z>12.8351526</Z>
      </Vector3>
      <Vector3>
        <X>-2339.51367</X>
        <Y>-281.976959</Y>
        <Z>14.2469893</Z>
      </Vector3>
      <Vector3>
        <X>-2344.61255</X>
        <Y>-279.8967</Y>
        <Z>14.3710613</Z>
      </Vector3>
      <Vector3>
        <X>-2343.19653</X>
        <Y>-278.426727</Y>
        <Z>14.2898483</Z>
      </Vector3>
    </Bounds>
    <CenterCamPosition>
      <X>0</X>
      <Y>0</Y>
    </CenterCamPosition>
    <ScreenBounds />
    <DistanceToCam>0</DistanceToCam>
    <Speed>3.06974888</Speed>
    <AccInput>0</AccInput>
    <RPM>1.35798967</RPM>
    <Gear>0</Gear>
    <SteeringAngle>4.463976E-41</SteeringAngle>
    <WheelSpeed>0</WheelSpeed>
    <CarType>Sports</CarType>
  </MyCar>
  <Peds />
  <Time>263640</Time>
  <LastFrameTime>0.0247513447</LastFrameTime>
  <MyProperty>0</MyProperty>
  <Weather>Foggy</Weather>
  <Steering>120</Steering>
  <Acc>141</Acc>
  <Brake>127</Brake>
  <DayTime>15:16:13</DayTime>
  <Position>
    <X>-2342.86572</X>
    <Y>-280.1517</Y>
    <Z>14.4904833</Z>
  </Position>
  <Rotation>
    <X>-0.0222300831</X>
    <Y>2.76530838</Y>
    <Z>46.0180359</Z>
  </Rotation>
</Screenshot>