<?xml version="1.0" encoding="utf-8"?>
<Screenshot xmlns:xsd="http://www.w3.org/2001/XMLSchema" xmlns:xsi="http://www.w3.org/2001/XMLSchema-instance">
  <Cars />
  <MyCar>
    <Position>
      <X>-2342.03271</X>
      <Y>-281.005646</Y>
      <Z>13.5812187</Z>
    </Position>
    <Rotation>
      <X>0.47779566</X>
      <Y>2.26530838</Y>
      <Z>46.0191078</Z>
    </Rotation>
    <Handle>104962</Handle>
    <Bounds>
      <Vector3>
        <X>-2340.92578</X>
        <Y>-283.533142</Y>
        <Z>12.8729172</Z>
      </Vector3>
      <Vector3>
        <X>-2339.5083</X>
        <Y>-282.0644</Y>
        <Z>12.7921753</Z>
      </Vector3>
      <Vector3>
        <X>-2344.60547</X>
        <Y>-279.979675</Y>
        <Z>12.9155426</Z>
      </Vector3>
      <Vector3>
        <X>-2340.8772</X>
        <Y>-283.500153</Y>
        <Z>14.3276262</Z>
      </Vector3>
      <Vector3>
        <X>-2343.18823</X>
        <Y>-278.510956</Y>
        <Z>12.8348007</Z>
      </Vector3>
      <Vector3>
        <X>-2339.45972</X>
        <Y>-282.031433</Y>
        <Z>14.2468834</Z>
      </Vector3>
      <Vector3>
        <X>-2344.557</X>
        <Y>-279.946716</Y>
        <Z>14.3702517</Z>
      </Vector3>
      <Vector3>
        <X>-2343.1394</X>
        <Y>-278.477966</Y>
        <Z>14.28951</Z>
      </Vector3>
    </Bounds>
    <CenterCamPosition>
      <X>0</X>
      <Y>0</Y>
    </CenterCamPosition>
    <ScreenBounds />
    <DistanceToCam>0</DistanceToCam>
    <Speed>3.0410676</Speed>
    <AccInput>0</AccInput>
    <RPM>1.35798967</RPM>
    <Gear>0</Gear>
    <SteeringAngle>4.463976E-41</SteeringAngle>
    <WheelSpeed>0</WheelSpeed>
    <CarType>Sports</CarType>
  </MyCar>
  <Peds />
  <Time>263615</Time>
  <LastFrameTime>0.0471552461</LastFrameTime>
  <MyProperty>0</MyProperty>
  <Weather>Foggy</Weather>
  <Steering>120</Steering>
  <Acc>141</Acc>
  <Brake>127</Brake>
  <DayTime>15:16:13</DayTime>
  <Position>
    <X>-2342.76123</X>
    <Y>-280.248932</Y>
    <Z>14.4895172</Z>
  </Position>
  <Rotation>
    <X>-0.0279210564</X>
    <Y>2.73910332</Y>
    <Z>45.9251938</Z>
  </Rotation>
</Screenshot>