<?xml version="1.0" encoding="utf-8"?>
<Screenshot xmlns:xsd="http://www.w3.org/2001/XMLSchema" xmlns:xsi="http://www.w3.org/2001/XMLSchema-instance">
  <Cars />
  <MyCar>
    <Position>
      <X>-2342.30542</X>
      <Y>-280.748779</Y>
      <Z>13.58357</Z>
    </Position>
    <Rotation>
      <X>0.492982119</X>
      <Y>2.33031774</Y>
      <Z>46.2918358</Z>
    </Rotation>
    <Handle>104962</Handle>
    <Bounds>
      <Vector3>
        <X>-2341.18726</X>
        <Y>-283.271454</Y>
        <Z>12.8757839</Z>
      </Vector3>
      <Vector3>
        <X>-2339.77686</X>
        <Y>-281.796051</Y>
        <Z>12.7927256</Z>
      </Vector3>
      <Vector3>
        <X>-2344.88379</X>
        <Y>-279.735474</Y>
        <Z>12.9197626</Z>
      </Vector3>
      <Vector3>
        <X>-2341.13721</X>
        <Y>-283.2373</Y>
        <Z>14.3304234</Z>
      </Vector3>
      <Vector3>
        <X>-2343.47339</X>
        <Y>-278.260071</Y>
        <Z>12.8367043</Z>
      </Vector3>
      <Vector3>
        <X>-2339.72681</X>
        <Y>-281.7619</Y>
        <Z>14.247365</Z>
      </Vector3>
      <Vector3>
        <X>-2344.83374</X>
        <Y>-279.701324</Y>
        <Z>14.374402</Z>
      </Vector3>
      <Vector3>
        <X>-2343.42334</X>
        <Y>-278.225952</Y>
        <Z>14.2913437</Z>
      </Vector3>
    </Bounds>
    <CenterCamPosition>
      <X>0</X>
      <Y>0</Y>
    </CenterCamPosition>
    <ScreenBounds />
    <DistanceToCam>0</DistanceToCam>
    <Speed>3.17272782</Speed>
    <AccInput>0</AccInput>
    <RPM>1.35798967</RPM>
    <Gear>0</Gear>
    <SteeringAngle>4.463976E-41</SteeringAngle>
    <WheelSpeed>0</WheelSpeed>
    <CarType>Sports</CarType>
  </MyCar>
  <Peds />
  <Time>263736</Time>
  <LastFrameTime>0.0331282951</LastFrameTime>
  <MyProperty>0</MyProperty>
  <Weather>Foggy</Weather>
  <Steering>118</Steering>
  <Acc>141</Acc>
  <Brake>127</Brake>
  <DayTime>15:16:13</DayTime>
  <Position>
    <X>-2343.06421</X>
    <Y>-279.9687</Y>
    <Z>14.4923534</Z>
  </Position>
  <Rotation>
    <X>-0.0118663777</X>
    <Y>2.81235623</Y>
    <Z>46.2079353</Z>
  </Rotation>
</Screenshot>