<?xml version="1.0" encoding="utf-8"?>
<Screenshot xmlns:xsd="http://www.w3.org/2001/XMLSchema" xmlns:xsi="http://www.w3.org/2001/XMLSchema-instance">
  <Cars />
  <MyCar>
    <Position>
      <X>-2342.38037</X>
      <Y>-280.679016</Y>
      <Z>13.5842438</Z>
    </Position>
    <Rotation>
      <X>0.4978251</X>
      <Y>2.34677839</Y>
      <Z>46.3797722</Z>
    </Rotation>
    <Handle>104962</Handle>
    <Bounds>
      <Vector3>
        <X>-2341.25854</X>
        <Y>-283.200073</Y>
        <Z>12.876545</Z>
      </Vector3>
      <Vector3>
        <X>-2339.85034</X>
        <Y>-281.722534</Y>
        <Z>12.7929</Z>
      </Vector3>
      <Vector3>
        <X>-2344.96045</X>
        <Y>-279.669769</Y>
        <Z>12.9209547</Z>
      </Vector3>
      <Vector3>
        <X>-2341.20825</X>
        <Y>-283.165649</Y>
        <Z>14.3311663</Z>
      </Vector3>
      <Vector3>
        <X>-2343.55249</X>
        <Y>-278.1922</Y>
        <Z>12.8373108</Z>
      </Vector3>
      <Vector3>
        <X>-2339.8</X>
        <Y>-281.6881</Y>
        <Z>14.2475214</Z>
      </Vector3>
      <Vector3>
        <X>-2344.91016</X>
        <Y>-279.635345</Y>
        <Z>14.375576</Z>
      </Vector3>
      <Vector3>
        <X>-2343.5022</X>
        <Y>-278.157776</Y>
        <Z>14.2919321</Z>
      </Vector3>
    </Bounds>
    <CenterCamPosition>
      <X>0</X>
      <Y>0</Y>
    </CenterCamPosition>
    <ScreenBounds />
    <DistanceToCam>0</DistanceToCam>
    <Speed>3.2051475</Speed>
    <AccInput>0</AccInput>
    <RPM>1.35798967</RPM>
    <Gear>0</Gear>
    <SteeringAngle>4.463976E-41</SteeringAngle>
    <WheelSpeed>0</WheelSpeed>
    <CarType>Sports</CarType>
  </MyCar>
  <Peds />
  <Time>263768</Time>
  <LastFrameTime>0.03207171</LastFrameTime>
  <MyProperty>0</MyProperty>
  <Weather>Foggy</Weather>
  <Steering>118</Steering>
  <Acc>141</Acc>
  <Brake>127</Brake>
  <DayTime>15:16:13</DayTime>
  <Position>
    <X>-2343.1416</X>
    <Y>-279.898224</Y>
    <Z>14.4931087</Z>
  </Position>
  <Rotation>
    <X>-0.00702637667</X>
    <Y>2.8303175</Y>
    <Z>46.2914848</Z>
  </Rotation>
</Screenshot>