<?xml version="1.0" encoding="utf-8"?>
<Screenshot xmlns:xsd="http://www.w3.org/2001/XMLSchema" xmlns:xsi="http://www.w3.org/2001/XMLSchema-instance">
  <Cars />
  <MyCar>
    <Position>
      <X>-2342.229</X>
      <Y>-280.8203</Y>
      <Z>13.5829039</Z>
    </Position>
    <Rotation>
      <X>0.4881481</X>
      <Y>2.31235623</Y>
      <Z>46.20852</Z>
    </Rotation>
    <Handle>104962</Handle>
    <Bounds>
      <Vector3>
        <X>-2341.11426</X>
        <Y>-283.344482</Y>
        <Z>12.8750038</Z>
      </Vector3>
      <Vector3>
        <X>-2339.70166</X>
        <Y>-281.871124</Y>
        <Z>12.7925854</Z>
      </Vector3>
      <Vector3>
        <X>-2344.80566</X>
        <Y>-279.803162</Y>
        <Z>12.9185524</Z>
      </Vector3>
      <Vector3>
        <X>-2341.0647</X>
        <Y>-283.310669</Y>
        <Z>14.3296633</Z>
      </Vector3>
      <Vector3>
        <X>-2343.393</X>
        <Y>-278.3298</Y>
        <Z>12.836134</Z>
      </Vector3>
      <Vector3>
        <X>-2339.652</X>
        <Y>-281.83728</Y>
        <Z>14.2472448</Z>
      </Vector3>
      <Vector3>
        <X>-2344.756</X>
        <Y>-279.769348</Y>
        <Z>14.3732109</Z>
      </Vector3>
      <Vector3>
        <X>-2343.34351</X>
        <Y>-278.295959</Y>
        <Z>14.2907925</Z>
      </Vector3>
    </Bounds>
    <CenterCamPosition>
      <X>0</X>
      <Y>0</Y>
    </CenterCamPosition>
    <ScreenBounds />
    <DistanceToCam>0</DistanceToCam>
    <Speed>3.13828874</Speed>
    <AccInput>0</AccInput>
    <RPM>1.35798967</RPM>
    <Gear>0</Gear>
    <SteeringAngle>4.463976E-41</SteeringAngle>
    <WheelSpeed>0</WheelSpeed>
    <CarType>Sports</CarType>
  </MyCar>
  <Peds />
  <Time>263703</Time>
  <LastFrameTime>0.034201324</LastFrameTime>
  <MyProperty>0</MyProperty>
  <Weather>Foggy</Weather>
  <Steering>119</Steering>
  <Acc>141</Acc>
  <Brake>127</Brake>
  <DayTime>15:16:13</DayTime>
  <Position>
    <X>-2342.98535</X>
    <Y>-280.041</Y>
    <Z>14.4916</Z>
  </Position>
  <Rotation>
    <X>-0.0162489</X>
    <Y>2.79319429</Y>
    <Z>46.12897</Z>
  </Rotation>
</Screenshot>