<?xml version="1.0" encoding="utf-8"?>
<Screenshot xmlns:xsd="http://www.w3.org/2001/XMLSchema" xmlns:xsi="http://www.w3.org/2001/XMLSchema-instance">
  <Cars />
  <MyCar>
    <Position>
      <X>-2342.62158</X>
      <Y>-280.458374</Y>
      <Z>13.5865116</Z>
    </Position>
    <Rotation>
      <X>0.5163411</X>
      <Y>2.39831328</Y>
      <Z>46.7097664</Z>
    </Rotation>
    <Handle>104962</Handle>
    <Bounds>
      <Vector3>
        <X>-2341.48584</X>
        <Y>-282.973236</Y>
        <Z>12.8789349</Z>
      </Vector3>
      <Vector3>
        <X>-2340.08643</X>
        <Y>-281.487671</Y>
        <Z>12.7934542</Z>
      </Vector3>
      <Vector3>
        <X>-2345.208</X>
        <Y>-279.464233</Y>
        <Z>12.9249945</Z>
      </Vector3>
      <Vector3>
        <X>-2341.43457</X>
        <Y>-282.9379</Y>
        <Z>14.333498</Z>
      </Vector3>
      <Vector3>
        <X>-2343.80859</X>
        <Y>-277.978668</Y>
        <Z>12.8395147</Z>
      </Vector3>
      <Vector3>
        <X>-2340.03516</X>
        <Y>-281.452332</Y>
        <Z>14.2480173</Z>
      </Vector3>
      <Vector3>
        <X>-2345.15674</X>
        <Y>-279.4289</Y>
        <Z>14.3795576</Z>
      </Vector3>
      <Vector3>
        <X>-2343.757</X>
        <Y>-277.943329</Y>
        <Z>14.2940779</Z>
      </Vector3>
    </Bounds>
    <CenterCamPosition>
      <X>0</X>
      <Y>0</Y>
    </CenterCamPosition>
    <ScreenBounds />
    <DistanceToCam>0</DistanceToCam>
    <Speed>3.3018918</Speed>
    <AccInput>0</AccInput>
    <RPM>1.35798967</RPM>
    <Gear>0</Gear>
    <SteeringAngle>4.463976E-41</SteeringAngle>
    <WheelSpeed>0</WheelSpeed>
    <CarType>Sports</CarType>
  </MyCar>
  <Peds />
  <Time>263868</Time>
  <LastFrameTime>0.0333883278</LastFrameTime>
  <MyProperty>0</MyProperty>
  <Weather>Foggy</Weather>
  <Steering>116</Steering>
  <Acc>141</Acc>
  <Brake>127</Brake>
  <DayTime>15:16:13</DayTime>
  <Position>
    <X>-2343.38013</X>
    <Y>-279.6857</Y>
    <Z>14.4955759</Z>
  </Position>
  <Rotation>
    <X>0.009636776</X>
    <Y>2.88160515</Y>
    <Z>46.59117</Z>
  </Rotation>
</Screenshot>