<?xml version="1.0" encoding="utf-8"?>
<Screenshot xmlns:xsd="http://www.w3.org/2001/XMLSchema" xmlns:xsi="http://www.w3.org/2001/XMLSchema-instance">
  <Cars />
  <MyCar>
    <Position>
      <X>-2342.54028</X>
      <Y>-280.532318</Y>
      <Z>13.5857248</Z>
    </Position>
    <Rotation>
      <X>0.509624362</X>
      <Y>2.38160563</Y>
      <Z>46.590683</Z>
    </Rotation>
    <Handle>104962</Handle>
    <Bounds>
      <Vector3>
        <X>-2341.40967</X>
        <Y>-283.049438</Y>
        <Z>12.87814</Z>
      </Vector3>
      <Vector3>
        <X>-2340.007</X>
        <Y>-281.566772</Y>
        <Z>12.7932549</Z>
      </Vector3>
      <Vector3>
        <X>-2345.12451</X>
        <Y>-279.532745</Y>
        <Z>12.9236012</Z>
      </Vector3>
      <Vector3>
        <X>-2341.35864</X>
        <Y>-283.0144</Y>
        <Z>14.3327227</Z>
      </Vector3>
      <Vector3>
        <X>-2343.722</X>
        <Y>-278.050049</Y>
        <Z>12.8387165</Z>
      </Vector3>
      <Vector3>
        <X>-2339.956</X>
        <Y>-281.5317</Y>
        <Z>14.2478371</Z>
      </Vector3>
      <Vector3>
        <X>-2345.07349</X>
        <Y>-279.497681</Y>
        <Z>14.3781834</Z>
      </Vector3>
      <Vector3>
        <X>-2343.671</X>
        <Y>-278.015</Y>
        <Z>14.2932987</Z>
      </Vector3>
    </Bounds>
    <CenterCamPosition>
      <X>0</X>
      <Y>0</Y>
    </CenterCamPosition>
    <ScreenBounds />
    <DistanceToCam>0</DistanceToCam>
    <Speed>3.27023625</Speed>
    <AccInput>0</AccInput>
    <RPM>1.35798967</RPM>
    <Gear>0</Gear>
    <SteeringAngle>4.463976E-41</SteeringAngle>
    <WheelSpeed>0</WheelSpeed>
    <CarType>Sports</CarType>
  </MyCar>
  <Peds />
  <Time>263835</Time>
  <LastFrameTime>0.0342820026</LastFrameTime>
  <MyProperty>0</MyProperty>
  <Weather>Foggy</Weather>
  <Steering>116</Steering>
  <Acc>141</Acc>
  <Brake>127</Brake>
  <DayTime>15:16:13</DayTime>
  <Position>
    <X>-2343.29639</X>
    <Y>-279.7597</Y>
    <Z>14.4946852</Z>
  </Position>
  <Rotation>
    <X>0.00337181217</X>
    <Y>2.863251</Y>
    <Z>46.4777679</Z>
  </Rotation>
</Screenshot>