<?xml version="1.0" encoding="utf-8"?>
<Screenshot xmlns:xsd="http://www.w3.org/2001/XMLSchema" xmlns:xsi="http://www.w3.org/2001/XMLSchema-instance">
  <Cars />
  <MyCar>
    <Position>
      <X>-2342.45776</X>
      <Y>-280.607819</Y>
      <Z>13.5849514</Z>
    </Position>
    <Rotation>
      <X>0.503367543</X>
      <Y>2.36325121</Y>
      <Z>46.4776</Z>
    </Rotation>
    <Handle>104962</Handle>
    <Bounds>
      <Vector3>
        <X>-2341.33179</X>
        <Y>-283.127045</Y>
        <Z>12.8773079</Z>
      </Vector3>
      <Vector3>
        <X>-2339.92627</X>
        <Y>-281.647125</Y>
        <Z>12.7930765</Z>
      </Vector3>
      <Vector3>
        <X>-2345.03979</X>
        <Y>-279.603058</Y>
        <Z>12.9222126</Z>
      </Vector3>
      <Vector3>
        <X>-2341.28125</X>
        <Y>-283.092346</Y>
        <Z>14.3319111</Z>
      </Vector3>
      <Vector3>
        <X>-2343.63428</X>
        <Y>-278.1231</Y>
        <Z>12.8379812</Z>
      </Vector3>
      <Vector3>
        <X>-2339.87573</X>
        <Y>-281.6124</Y>
        <Z>14.24768</Z>
      </Vector3>
      <Vector3>
        <X>-2344.989</X>
        <Y>-279.568329</Y>
        <Z>14.3768148</Z>
      </Vector3>
      <Vector3>
        <X>-2343.5835</X>
        <Y>-278.0884</Y>
        <Z>14.2925835</Z>
      </Vector3>
    </Bounds>
    <CenterCamPosition>
      <X>0</X>
      <Y>0</Y>
    </CenterCamPosition>
    <ScreenBounds />
    <DistanceToCam>0</DistanceToCam>
    <Speed>3.237131</Speed>
    <AccInput>0</AccInput>
    <RPM>1.35798967</RPM>
    <Gear>0</Gear>
    <SteeringAngle>4.463976E-41</SteeringAngle>
    <WheelSpeed>0</WheelSpeed>
    <CarType>Sports</CarType>
  </MyCar>
  <Peds />
  <Time>263800</Time>
  <LastFrameTime>0.03253003</LastFrameTime>
  <MyProperty>0</MyProperty>
  <Weather>Foggy</Weather>
  <Steering>116</Steering>
  <Acc>141</Acc>
  <Brake>127</Brake>
  <DayTime>15:16:13</DayTime>
  <Position>
    <X>-2343.21777</X>
    <Y>-279.8296</Y>
    <Z>14.4938726</Z>
  </Position>
  <Rotation>
    <X>-0.00217767572</X>
    <Y>2.84677839</Y>
    <Z>46.3796577</Z>
  </Rotation>
</Screenshot>