<?xml version="1.0" encoding="utf-8"?>
<Screenshot xmlns:xsd="http://www.w3.org/2001/XMLSchema" xmlns:xsi="http://www.w3.org/2001/XMLSchema-instance">
  <Cars />
  <MyCar>
    <Position>
      <X>-2342.788</X>
      <Y>-280.308655</Y>
      <Z>13.5881557</Z>
    </Position>
    <Rotation>
      <X>0.5299964</X>
      <Y>2.42384553</Y>
      <Z>46.97147</Z>
    </Rotation>
    <Handle>104962</Handle>
    <Bounds>
      <Vector3>
        <X>-2341.641</X>
        <Y>-282.818451</Y>
        <Z>12.88044</Z>
      </Vector3>
      <Vector3>
        <X>-2340.24854</X>
        <Y>-281.3265</Y>
        <Z>12.79405</Z>
      </Vector3>
      <Vector3>
        <X>-2345.37915</X>
        <Y>-279.326447</Y>
        <Z>12.9277172</Z>
      </Vector3>
      <Vector3>
        <X>-2341.58936</X>
        <Y>-282.782623</Y>
        <Z>14.3349724</Z>
      </Vector3>
      <Vector3>
        <X>-2343.98657</X>
        <Y>-277.8345</Y>
        <Z>12.8413277</Z>
      </Vector3>
      <Vector3>
        <X>-2340.19678</X>
        <Y>-281.2907</Y>
        <Z>14.2485828</Z>
      </Vector3>
      <Vector3>
        <X>-2345.32739</X>
        <Y>-279.290619</Y>
        <Z>14.38225</Z>
      </Vector3>
      <Vector3>
        <X>-2343.93481</X>
        <Y>-277.798676</Y>
        <Z>14.29586</Z>
      </Vector3>
    </Bounds>
    <CenterCamPosition>
      <X>0</X>
      <Y>0</Y>
    </CenterCamPosition>
    <ScreenBounds />
    <DistanceToCam>0</DistanceToCam>
    <Speed>3.36385632</Speed>
    <AccInput>0</AccInput>
    <RPM>1.35798967</RPM>
    <Gear>0</Gear>
    <SteeringAngle>4.463976E-41</SteeringAngle>
    <WheelSpeed>0</WheelSpeed>
    <CarType>Sports</CarType>
  </MyCar>
  <Peds />
  <Time>263935</Time>
  <LastFrameTime>0.034713015</LastFrameTime>
  <MyProperty>0</MyProperty>
  <Weather>Foggy</Weather>
  <Steering>116</Steering>
  <Acc>141</Acc>
  <Brake>127</Brake>
  <DayTime>15:16:13</DayTime>
  <Position>
    <X>-2343.54443</X>
    <Y>-279.543121</Y>
    <Z>14.49739</Z>
  </Position>
  <Rotation>
    <X>0.0227947365</X>
    <Y>2.91011977</Y>
    <Z>46.8336258</Z>
  </Rotation>
</Screenshot>