<?xml version="1.0" encoding="utf-8"?>
<Screenshot xmlns:xsd="http://www.w3.org/2001/XMLSchema" xmlns:xsi="http://www.w3.org/2001/XMLSchema-instance">
  <Cars />
  <MyCar>
    <Position>
      <X>-2342.90869</X>
      <Y>-280.201447</Y>
      <Z>13.589386</Z>
    </Position>
    <Rotation>
      <X>0.540421367</X>
      <Y>2.44225979</Y>
      <Z>47.1724</Z>
    </Rotation>
    <Handle>104962</Handle>
    <Bounds>
      <Vector3>
        <X>-2341.75342</X>
        <Y>-282.707275</Y>
        <Z>12.8815451</Z>
      </Vector3>
      <Vector3>
        <X>-2340.366</X>
        <Y>-281.2105</Y>
        <Z>12.7944994</Z>
      </Vector3>
      <Vector3>
        <X>-2345.50342</X>
        <Y>-279.228363</Y>
        <Z>12.9297514</Z>
      </Vector3>
      <Vector3>
        <X>-2341.70117</X>
        <Y>-282.6711</Y>
        <Z>14.3360548</Z>
      </Vector3>
      <Vector3>
        <X>-2344.11621</X>
        <Y>-277.7316</Y>
        <Z>12.8427057</Z>
      </Vector3>
      <Vector3>
        <X>-2340.31372</X>
        <Y>-281.174347</Y>
        <Z>14.2490091</Z>
      </Vector3>
      <Vector3>
        <X>-2345.45117</X>
        <Y>-279.1922</Y>
        <Z>14.3842611</Z>
      </Vector3>
      <Vector3>
        <X>-2344.064</X>
        <Y>-277.695435</Y>
        <Z>14.2972155</Z>
      </Vector3>
    </Bounds>
    <CenterCamPosition>
      <X>0</X>
      <Y>0</Y>
    </CenterCamPosition>
    <ScreenBounds />
    <DistanceToCam>0</DistanceToCam>
    <Speed>3.40729117</Speed>
    <AccInput>0</AccInput>
    <RPM>1.35798967</RPM>
    <Gear>0</Gear>
    <SteeringAngle>4.463976E-41</SteeringAngle>
    <WheelSpeed>0</WheelSpeed>
    <CarType>Sports</CarType>
  </MyCar>
  <Peds />
  <Time>263983</Time>
  <LastFrameTime>0.0475415736</LastFrameTime>
  <MyProperty>0</MyProperty>
  <Weather>Foggy</Weather>
  <Steering>116</Steering>
  <Acc>141</Acc>
  <Brake>127</Brake>
  <DayTime>15:16:13</DayTime>
  <Position>
    <X>-2343.63281</X>
    <Y>-279.467377</Y>
    <Z>14.4984026</Z>
  </Position>
  <Rotation>
    <X>0.0300354753</X>
    <Y>2.92384529</Y>
    <Z>46.973</Z>
  </Rotation>
</Screenshot>