<?xml version="1.0" encoding="utf-8"?>
<Screenshot xmlns:xsd="http://www.w3.org/2001/XMLSchema" xmlns:xsi="http://www.w3.org/2001/XMLSchema-instance">
  <Cars />
  <MyCar>
    <Position>
      <X>-2342.70142</X>
      <Y>-280.386383</Y>
      <Z>13.5872841</Z>
    </Position>
    <Rotation>
      <X>0.5227653</X>
      <Y>2.41012025</Y>
      <Z>46.83247</Z>
    </Rotation>
    <Handle>104962</Handle>
    <Bounds>
      <Vector3>
        <X>-2341.56055</X>
        <Y>-282.898865</Y>
        <Z>12.8796377</Z>
      </Vector3>
      <Vector3>
        <X>-2340.16431</X>
        <Y>-281.4103</Y>
        <Z>12.7937374</Z>
      </Vector3>
      <Vector3>
        <X>-2345.29</X>
        <Y>-279.397827</Y>
        <Z>12.9262705</Z>
      </Vector3>
      <Vector3>
        <X>-2341.50879</X>
        <Y>-282.8633</Y>
        <Z>14.3341866</Z>
      </Vector3>
      <Vector3>
        <X>-2343.8938</X>
        <Y>-277.909271</Y>
        <Z>12.84037</Z>
      </Vector3>
      <Vector3>
        <X>-2340.11255</X>
        <Y>-281.374756</Y>
        <Z>14.2482862</Z>
      </Vector3>
      <Vector3>
        <X>-2345.23853</X>
        <Y>-279.362274</Y>
        <Z>14.38082</Z>
      </Vector3>
      <Vector3>
        <X>-2343.84229</X>
        <Y>-277.873718</Y>
        <Z>14.294919</Z>
      </Vector3>
    </Bounds>
    <CenterCamPosition>
      <X>0</X>
      <Y>0</Y>
    </CenterCamPosition>
    <ScreenBounds />
    <DistanceToCam>0</DistanceToCam>
    <Speed>3.33194017</Speed>
    <AccInput>0</AccInput>
    <RPM>1.35798967</RPM>
    <Gear>0</Gear>
    <SteeringAngle>4.463976E-41</SteeringAngle>
    <WheelSpeed>0</WheelSpeed>
    <CarType>Sports</CarType>
  </MyCar>
  <Peds />
  <Time>263900</Time>
  <LastFrameTime>0.0323342271</LastFrameTime>
  <MyProperty>0</MyProperty>
  <Weather>Foggy</Weather>
  <Steering>116</Steering>
  <Acc>141</Acc>
  <Brake>127</Brake>
  <DayTime>15:16:13</DayTime>
  <Position>
    <X>-2343.463</X>
    <Y>-279.6134</Y>
    <Z>14.4964914</Z>
  </Position>
  <Rotation>
    <X>0.0163617264</X>
    <Y>2.89831328</Y>
    <Z>46.71059</Z>
  </Rotation>
</Screenshot>