<?xml version="1.0" encoding="utf-8"?>
<Screenshot xmlns:xsd="http://www.w3.org/2001/XMLSchema" xmlns:xsi="http://www.w3.org/2001/XMLSchema-instance">
  <Cars />
  <MyCar>
    <Position>
      <X>-2342.95923</X>
      <Y>-280.1568</Y>
      <Z>13.5899105</Z>
    </Position>
    <Rotation>
      <X>0.5448583</X>
      <Y>2.448677</Y>
      <Z>47.2578</Z>
    </Rotation>
    <Handle>104962</Handle>
    <Bounds>
      <Vector3>
        <X>-2341.80029</X>
        <Y>-282.66095</Y>
        <Z>12.8819895</Z>
      </Vector3>
      <Vector3>
        <X>-2340.415</X>
        <Y>-281.1621</Y>
        <Z>12.7947159</Z>
      </Vector3>
      <Vector3>
        <X>-2345.55566</X>
        <Y>-279.1876</Y>
        <Z>12.9305916</Z>
      </Vector3>
      <Vector3>
        <X>-2341.7478</X>
        <Y>-282.624664</Y>
        <Z>14.3364916</Z>
      </Vector3>
      <Vector3>
        <X>-2344.17041</X>
        <Y>-277.688782</Y>
        <Z>12.843318</Z>
      </Vector3>
      <Vector3>
        <X>-2340.36279</X>
        <Y>-281.125824</Y>
        <Z>14.249218</Z>
      </Vector3>
      <Vector3>
        <X>-2345.50317</X>
        <Y>-279.1513</Y>
        <Z>14.3850937</Z>
      </Vector3>
      <Vector3>
        <X>-2344.11816</X>
        <Y>-277.6525</Y>
        <Z>14.29782</Z>
      </Vector3>
    </Bounds>
    <CenterCamPosition>
      <X>0</X>
      <Y>0</Y>
    </CenterCamPosition>
    <ScreenBounds />
    <DistanceToCam>0</DistanceToCam>
    <Speed>3.4250176</Speed>
    <AccInput>0</AccInput>
    <RPM>1.35798967</RPM>
    <Gear>0</Gear>
    <SteeringAngle>4.463976E-41</SteeringAngle>
    <WheelSpeed>0</WheelSpeed>
    <CarType>Sports</CarType>
  </MyCar>
  <Peds />
  <Time>264002</Time>
  <LastFrameTime>0.0197086055</LastFrameTime>
  <MyProperty>0</MyProperty>
  <Weather>Foggy</Weather>
  <Steering>116</Steering>
  <Acc>141</Acc>
  <Brake>127</Brake>
  <DayTime>15:16:13</DayTime>
  <Position>
    <X>-2343.756</X>
    <Y>-279.363</Y>
    <Z>14.4998369</Z>
  </Position>
  <Rotation>
    <X>0.0404748432</X>
    <Y>2.94225883</Y>
    <Z>47.1744766</Z>
  </Rotation>
</Screenshot>