<?xml version="1.0" encoding="utf-8"?>
<Screenshot xmlns:xsd="http://www.w3.org/2001/XMLSchema" xmlns:xsi="http://www.w3.org/2001/XMLSchema-instance">
  <Cars />
  <MyCar>
    <Position>
      <X>-2343.13916</X>
      <Y>-279.999146</Y>
      <Z>13.5918112</Z>
    </Position>
    <Rotation>
      <X>0.5607794</X>
      <Y>2.46978736</Y>
      <Z>47.5683975</Z>
    </Rotation>
    <Handle>104962</Handle>
    <Bounds>
      <Vector3>
        <X>-2341.967</X>
        <Y>-282.49704</Y>
        <Z>12.8835707</Z>
      </Vector3>
      <Vector3>
        <X>-2340.59</X>
        <Y>-280.990723</Y>
        <Z>12.7955437</Z>
      </Vector3>
      <Vector3>
        <X>-2345.741</X>
        <Y>-279.044067</Y>
        <Z>12.9335918</Z>
      </Vector3>
      <Vector3>
        <X>-2341.914</X>
        <Y>-282.460358</Y>
        <Z>14.3380451</Z>
      </Vector3>
      <Vector3>
        <X>-2344.364</X>
        <Y>-277.53775</Y>
        <Z>12.8455658</Z>
      </Vector3>
      <Vector3>
        <X>-2340.537</X>
        <Y>-280.954041</Y>
        <Z>14.2500191</Z>
      </Vector3>
      <Vector3>
        <X>-2345.68823</X>
        <Y>-279.0074</Y>
        <Z>14.3880672</Z>
      </Vector3>
      <Vector3>
        <X>-2344.31128</X>
        <Y>-277.501068</Y>
        <Z>14.30004</Z>
      </Vector3>
    </Bounds>
    <CenterCamPosition>
      <X>0</X>
      <Y>0</Y>
    </CenterCamPosition>
    <ScreenBounds />
    <DistanceToCam>0</DistanceToCam>
    <Speed>3.48704958</Speed>
    <AccInput>0</AccInput>
    <RPM>1.35798967</RPM>
    <Gear>0</Gear>
    <SteeringAngle>4.463976E-41</SteeringAngle>
    <WheelSpeed>0</WheelSpeed>
    <CarType>Sports</CarType>
  </MyCar>
  <Peds />
  <Time>264071</Time>
  <LastFrameTime>0.022059774</LastFrameTime>
  <MyProperty>0</MyProperty>
  <Weather>Foggy</Weather>
  <Steering>116</Steering>
  <Acc>141</Acc>
  <Brake>127</Brake>
  <DayTime>15:16:13</DayTime>
  <Position>
    <X>-2343.93262</X>
    <Y>-279.2155</Y>
    <Z>14.5019512</Z>
  </Position>
  <Rotation>
    <X>0.05592877</X>
    <Y>2.96343732</Y>
    <Z>47.4708824</Z>
  </Rotation>
</Screenshot>