<?xml version="1.0" encoding="utf-8"?>
<Screenshot xmlns:xsd="http://www.w3.org/2001/XMLSchema" xmlns:xsi="http://www.w3.org/2001/XMLSchema-instance">
  <Cars />
  <MyCar>
    <Position>
      <X>-2343.0813</X>
      <Y>-280.049652</Y>
      <Z>13.5911942</Z>
    </Position>
    <Rotation>
      <X>0.5558541</X>
      <Y>2.46343875</Y>
      <Z>47.4679947</Z>
    </Rotation>
    <Handle>104962</Handle>
    <Bounds>
      <Vector3>
        <X>-2341.91333</X>
        <Y>-282.549561</Y>
        <Z>12.8830557</Z>
      </Vector3>
      <Vector3>
        <X>-2340.53369</X>
        <Y>-281.0457</Y>
        <Z>12.7952557</Z>
      </Vector3>
      <Vector3>
        <X>-2345.6814</X>
        <Y>-279.09</Y>
        <Z>12.9326382</Z>
      </Vector3>
      <Vector3>
        <X>-2341.8606</X>
        <Y>-282.513</Y>
        <Z>14.3375387</Z>
      </Vector3>
      <Vector3>
        <X>-2344.30176</X>
        <Y>-277.586121</Y>
        <Z>12.8448381</Z>
      </Vector3>
      <Vector3>
        <X>-2340.481</X>
        <Y>-281.009125</Y>
        <Z>14.2497387</Z>
      </Vector3>
      <Vector3>
        <X>-2345.62866</X>
        <Y>-279.053436</Y>
        <Z>14.3871212</Z>
      </Vector3>
      <Vector3>
        <X>-2344.249</X>
        <Y>-277.549561</Y>
        <Z>14.2993212</Z>
      </Vector3>
    </Bounds>
    <CenterCamPosition>
      <X>0</X>
      <Y>0</Y>
    </CenterCamPosition>
    <ScreenBounds />
    <DistanceToCam>0</DistanceToCam>
    <Speed>3.467406</Speed>
    <AccInput>0</AccInput>
    <RPM>1.35798967</RPM>
    <Gear>0</Gear>
    <SteeringAngle>4.463976E-41</SteeringAngle>
    <WheelSpeed>0</WheelSpeed>
    <CarType>Sports</CarType>
  </MyCar>
  <Peds />
  <Time>264049</Time>
  <LastFrameTime>0.0470072329</LastFrameTime>
  <MyProperty>0</MyProperty>
  <Weather>Foggy</Weather>
  <Steering>116</Steering>
  <Acc>141</Acc>
  <Brake>127</Brake>
  <DayTime>15:16:13</DayTime>
  <Position>
    <X>-2343.80786</X>
    <Y>-279.3196</Y>
    <Z>14.5004492</Z>
  </Position>
  <Rotation>
    <X>0.0449176952</X>
    <Y>2.94867587</Y>
    <Z>47.26011</Z>
  </Rotation>
</Screenshot>