<?xml version="1.0" encoding="utf-8"?>
<Screenshot xmlns:xsd="http://www.w3.org/2001/XMLSchema" xmlns:xsi="http://www.w3.org/2001/XMLSchema-instance">
  <Cars />
  <MyCar>
    <Position>
      <X>-2343.438</X>
      <Y>-279.741638</Y>
      <Z>13.5949764</Z>
    </Position>
    <Rotation>
      <X>0.5851972</X>
      <Y>2.50610638</Y>
      <Z>48.1001968</Z>
    </Rotation>
    <Handle>104962</Handle>
    <Bounds>
      <Vector3>
        <X>-2342.24316</X>
        <Y>-282.2287</Y>
        <Z>12.8863173</Z>
      </Vector3>
      <Vector3>
        <X>-2340.88037</X>
        <Y>-280.709717</Y>
        <Z>12.7969971</Z>
      </Vector3>
      <Vector3>
        <X>-2346.049</X>
        <Y>-278.810822</Y>
        <Z>12.9385147</Z>
      </Vector3>
      <Vector3>
        <X>-2342.1897</X>
        <Y>-282.191254</Y>
        <Z>14.3407459</Z>
      </Vector3>
      <Vector3>
        <X>-2344.68628</X>
        <Y>-277.29184</Y>
        <Z>12.8491955</Z>
      </Vector3>
      <Vector3>
        <X>-2340.82666</X>
        <Y>-280.672272</Y>
        <Z>14.2514257</Z>
      </Vector3>
      <Vector3>
        <X>-2345.99561</X>
        <Y>-278.773376</Y>
        <Z>14.3929443</Z>
      </Vector3>
      <Vector3>
        <X>-2344.63257</X>
        <Y>-277.2544</Y>
        <Z>14.3036242</Z>
      </Vector3>
    </Bounds>
    <CenterCamPosition>
      <X>0</X>
      <Y>0</Y>
    </CenterCamPosition>
    <ScreenBounds />
    <DistanceToCam>0</DistanceToCam>
    <Speed>3.587837</Speed>
    <AccInput>0</AccInput>
    <RPM>1.35798967</RPM>
    <Gear>0</Gear>
    <SteeringAngle>4.463976E-41</SteeringAngle>
    <WheelSpeed>0</WheelSpeed>
    <CarType>Sports</CarType>
  </MyCar>
  <Peds />
  <Time>264183</Time>
  <LastFrameTime>0.0462631248</LastFrameTime>
  <MyProperty>0</MyProperty>
  <Weather>Foggy</Weather>
  <Steering>116</Steering>
  <Acc>141</Acc>
  <Brake>127</Brake>
  <DayTime>15:16:13</DayTime>
  <Position>
    <X>-2344.169</X>
    <Y>-279.0211</Y>
    <Z>14.5048</Z>
  </Position>
  <Rotation>
    <X>0.07529365</X>
    <Y>2.98902178</Y>
    <Z>47.8776245</Z>
  </Rotation>
</Screenshot>