<?xml version="1.0" encoding="utf-8"?>
<Screenshot xmlns:xsd="http://www.w3.org/2001/XMLSchema" xmlns:xsi="http://www.w3.org/2001/XMLSchema-instance">
  <Cars />
  <MyCar>
    <Position>
      <X>-2343.25684</X>
      <Y>-279.896973</Y>
      <Z>13.5930786</Z>
    </Position>
    <Rotation>
      <X>0.5713777</X>
      <Y>2.48066545</Y>
      <Z>47.77451</Z>
    </Rotation>
    <Handle>104962</Handle>
    <Bounds>
      <Vector3>
        <X>-2342.076</X>
        <Y>-282.390656</Y>
        <Z>12.8845663</Z>
      </Vector3>
      <Vector3>
        <X>-2340.70435</X>
        <Y>-280.879425</Y>
        <Z>12.7961521</Z>
      </Vector3>
      <Vector3>
        <X>-2345.8623</X>
        <Y>-278.951233</Y>
        <Z>12.9355326</Z>
      </Vector3>
      <Vector3>
        <X>-2342.02271</X>
        <Y>-282.35376</Y>
        <Z>14.3390265</Z>
      </Vector3>
      <Vector3>
        <X>-2344.49072</X>
        <Y>-277.44</Y>
        <Z>12.8471184</Z>
      </Vector3>
      <Vector3>
        <X>-2340.65112</X>
        <Y>-280.842529</Y>
        <Z>14.2506132</Z>
      </Vector3>
      <Vector3>
        <X>-2345.809</X>
        <Y>-278.914337</Y>
        <Z>14.3899937</Z>
      </Vector3>
      <Vector3>
        <X>-2344.43774</X>
        <Y>-277.4031</Y>
        <Z>14.3015795</Z>
      </Vector3>
    </Bounds>
    <CenterCamPosition>
      <X>0</X>
      <Y>0</Y>
    </CenterCamPosition>
    <ScreenBounds />
    <DistanceToCam>0</DistanceToCam>
    <Speed>3.52685857</Speed>
    <AccInput>0</AccInput>
    <RPM>1.35798967</RPM>
    <Gear>0</Gear>
    <SteeringAngle>4.463976E-41</SteeringAngle>
    <WheelSpeed>0</WheelSpeed>
    <CarType>Sports</CarType>
  </MyCar>
  <Peds />
  <Time>264116</Time>
  <LastFrameTime>0.0443494841</LastFrameTime>
  <MyProperty>0</MyProperty>
  <Weather>Foggy</Weather>
  <Steering>116</Steering>
  <Acc>141</Acc>
  <Brake>127</Brake>
  <DayTime>15:16:13</DayTime>
  <Position>
    <X>-2343.9917</X>
    <Y>-279.166473</Y>
    <Z>14.5026665</Z>
  </Position>
  <Rotation>
    <X>0.0608612522</X>
    <Y>2.96978545</Y>
    <Z>47.5715523</Z>
  </Rotation>
</Screenshot>