<?xml version="1.0" encoding="utf-8"?>
<Screenshot xmlns:xsd="http://www.w3.org/2001/XMLSchema" xmlns:xsi="http://www.w3.org/2001/XMLSchema-instance">
  <Cars />
  <MyCar>
    <Position>
      <X>-2343.31226</X>
      <Y>-279.849274</Y>
      <Z>13.5936594</Z>
    </Position>
    <Rotation>
      <X>0.5751913</X>
      <Y>2.48902464</Y>
      <Z>47.873703</Z>
    </Rotation>
    <Handle>104962</Handle>
    <Bounds>
      <Vector3>
        <X>-2342.127</X>
        <Y>-282.340942</Y>
        <Z>12.8851309</Z>
      </Vector3>
      <Vector3>
        <X>-2340.758</X>
        <Y>-280.827362</Y>
        <Z>12.7964191</Z>
      </Vector3>
      <Vector3>
        <X>-2345.91943</X>
        <Y>-278.908081</Y>
        <Z>12.9364376</Z>
      </Vector3>
      <Vector3>
        <X>-2342.07373</X>
        <Y>-282.303864</Y>
        <Z>14.3395815</Z>
      </Vector3>
      <Vector3>
        <X>-2344.55054</X>
        <Y>-277.3945</Y>
        <Z>12.8477259</Z>
      </Vector3>
      <Vector3>
        <X>-2340.70483</X>
        <Y>-280.790283</Y>
        <Z>14.25087</Z>
      </Vector3>
      <Vector3>
        <X>-2345.86621</X>
        <Y>-278.871</Y>
        <Z>14.3908873</Z>
      </Vector3>
      <Vector3>
        <X>-2344.49731</X>
        <Y>-277.357422</Y>
        <Z>14.3021765</Z>
      </Vector3>
    </Bounds>
    <CenterCamPosition>
      <X>0</X>
      <Y>0</Y>
    </CenterCamPosition>
    <ScreenBounds />
    <DistanceToCam>0</DistanceToCam>
    <Speed>3.54634476</Speed>
    <AccInput>0</AccInput>
    <RPM>1.35798967</RPM>
    <Gear>0</Gear>
    <SteeringAngle>4.463976E-41</SteeringAngle>
    <WheelSpeed>0</WheelSpeed>
    <CarType>Sports</CarType>
  </MyCar>
  <Peds />
  <Time>264136</Time>
  <LastFrameTime>0.0206451</LastFrameTime>
  <MyProperty>0</MyProperty>
  <Weather>Foggy</Weather>
  <Steering>116</Steering>
  <Acc>141</Acc>
  <Brake>127</Brake>
  <DayTime>15:16:13</DayTime>
  <Position>
    <X>-2344.1123</X>
    <Y>-279.067352</Y>
    <Z>14.5041456</Z>
  </Position>
  <Rotation>
    <X>0.0714743137</X>
    <Y>2.98066354</Y>
    <Z>47.77822</Z>
  </Rotation>
</Screenshot>