<?xml version="1.0" encoding="utf-8"?>
<Screenshot xmlns:xsd="http://www.w3.org/2001/XMLSchema" xmlns:xsi="http://www.w3.org/2001/XMLSchema-instance">
  <Cars />
  <MyCar>
    <Position>
      <X>-2343.52759</X>
      <Y>-279.6652</Y>
      <Z>13.5959826</Z>
    </Position>
    <Rotation>
      <X>0.593422234</X>
      <Y>2.5105</Y>
      <Z>48.25906</Z>
    </Rotation>
    <Handle>104962</Handle>
    <Bounds>
      <Vector3>
        <X>-2342.326</X>
        <Y>-282.1489</Y>
        <Z>12.8870382</Z>
      </Vector3>
      <Vector3>
        <X>-2340.96729</X>
        <Y>-280.62616</Y>
        <Z>12.7975616</Z>
      </Vector3>
      <Vector3>
        <X>-2346.14136</X>
        <Y>-278.741577</Y>
        <Z>12.93997</Z>
      </Vector3>
      <Vector3>
        <X>-2342.27222</X>
        <Y>-282.111359</Y>
        <Z>14.34146</Z>
      </Vector3>
      <Vector3>
        <X>-2344.78271</X>
        <Y>-277.218842</Y>
        <Z>12.8504934</Z>
      </Vector3>
      <Vector3>
        <X>-2340.91357</X>
        <Y>-280.588623</Y>
        <Z>14.2519836</Z>
      </Vector3>
      <Vector3>
        <X>-2346.08765</X>
        <Y>-278.704041</Y>
        <Z>14.394392</Z>
      </Vector3>
      <Vector3>
        <X>-2344.729</X>
        <Y>-277.1813</Y>
        <Z>14.3049154</Z>
      </Vector3>
    </Bounds>
    <CenterCamPosition>
      <X>0</X>
      <Y>0</Y>
    </CenterCamPosition>
    <ScreenBounds />
    <DistanceToCam>0</DistanceToCam>
    <Speed>3.6170013</Speed>
    <AccInput>0</AccInput>
    <RPM>1.35798967</RPM>
    <Gear>0</Gear>
    <SteeringAngle>4.463976E-41</SteeringAngle>
    <WheelSpeed>0</WheelSpeed>
    <CarType>Sports</CarType>
  </MyCar>
  <Peds />
  <Time>264215</Time>
  <LastFrameTime>0.03267525</LastFrameTime>
  <MyProperty>0</MyProperty>
  <Weather>Foggy</Weather>
  <Steering>118</Steering>
  <Acc>141</Acc>
  <Brake>127</Brake>
  <DayTime>15:16:13</DayTime>
  <Position>
    <X>-2344.29761</X>
    <Y>-278.916748</Y>
    <Z>14.5063133</Z>
  </Position>
  <Rotation>
    <X>0.0853145346</X>
    <Y>3.00610328</Y>
    <Z>48.1046677</Z>
  </Rotation>
</Screenshot>