<?xml version="1.0" encoding="utf-8"?>
<Screenshot xmlns:xsd="http://www.w3.org/2001/XMLSchema" xmlns:xsi="http://www.w3.org/2001/XMLSchema-instance">
  <Cars />
  <MyCar>
    <Position>
      <X>-2343.67749</X>
      <Y>-279.5382</Y>
      <Z>13.5977049</Z>
    </Position>
    <Rotation>
      <X>0.606328845</X>
      <Y>2.51419234</Y>
      <Z>48.51609</Z>
    </Rotation>
    <Handle>104962</Handle>
    <Bounds>
      <Vector3>
        <X>-2342.465</X>
        <Y>-282.016449</Y>
        <Z>12.8882542</Z>
      </Vector3>
      <Vector3>
        <X>-2341.11328</X>
        <Y>-280.48764</Y>
        <Z>12.7986469</Z>
      </Vector3>
      <Vector3>
        <X>-2346.29541</X>
        <Y>-278.626251</Y>
        <Z>12.942337</Z>
      </Vector3>
      <Vector3>
        <X>-2342.41113</X>
        <Y>-281.978821</Y>
        <Z>14.3426685</Z>
      </Vector3>
      <Vector3>
        <X>-2344.9436</X>
        <Y>-277.0974</Y>
        <Z>12.8527288</Z>
      </Vector3>
      <Vector3>
        <X>-2341.05933</X>
        <Y>-280.449982</Y>
        <Z>14.2530613</Z>
      </Vector3>
      <Vector3>
        <X>-2346.2417</X>
        <Y>-278.5886</Y>
        <Z>14.3967514</Z>
      </Vector3>
      <Vector3>
        <X>-2344.89</X>
        <Y>-277.059784</Y>
        <Z>14.3071432</Z>
      </Vector3>
    </Bounds>
    <CenterCamPosition>
      <X>0</X>
      <Y>0</Y>
    </CenterCamPosition>
    <ScreenBounds />
    <DistanceToCam>0</DistanceToCam>
    <Speed>3.66438866</Speed>
    <AccInput>0</AccInput>
    <RPM>1.35798967</RPM>
    <Gear>0</Gear>
    <SteeringAngle>4.463976E-41</SteeringAngle>
    <WheelSpeed>0</WheelSpeed>
    <CarType>Sports</CarType>
  </MyCar>
  <Peds />
  <Time>264269</Time>
  <LastFrameTime>0.0329846255</LastFrameTime>
  <MyProperty>0</MyProperty>
  <Weather>Foggy</Weather>
  <Steering>119</Steering>
  <Acc>141</Acc>
  <Brake>127</Brake>
  <DayTime>15:16:13</DayTime>
  <Position>
    <X>-2344.44849</X>
    <Y>-278.795135</Y>
    <Z>14.5082588</Z>
  </Position>
  <Rotation>
    <X>0.0989400744</X>
    <Y>3.01279616</Y>
    <Z>48.3651924</Z>
  </Rotation>
</Screenshot>