<?xml version="1.0" encoding="utf-8"?>
<Screenshot xmlns:xsd="http://www.w3.org/2001/XMLSchema" xmlns:xsi="http://www.w3.org/2001/XMLSchema-instance">
  <Cars />
  <MyCar>
    <Position>
      <X>-2343.58545</X>
      <Y>-279.6161</Y>
      <Z>13.5966444</Z>
    </Position>
    <Rotation>
      <X>0.598803341</X>
      <Y>2.51280141</Y>
      <Z>48.3599968</Z>
    </Rotation>
    <Handle>104962</Handle>
    <Bounds>
      <Vector3>
        <X>-2342.37964</X>
        <Y>-282.097656</Y>
        <Z>12.8875027</Z>
      </Vector3>
      <Vector3>
        <X>-2341.02368</X>
        <Y>-280.57254</Y>
        <Z>12.797945</Z>
      </Vector3>
      <Vector3>
        <X>-2346.201</X>
        <Y>-278.697052</Y>
        <Z>12.9409142</Z>
      </Vector3>
      <Vector3>
        <X>-2342.326</X>
        <Y>-282.0601</Y>
        <Z>14.3419209</Z>
      </Vector3>
      <Vector3>
        <X>-2344.845</X>
        <Y>-277.1719</Y>
        <Z>12.8513556</Z>
      </Vector3>
      <Vector3>
        <X>-2340.96973</X>
        <Y>-280.534943</Y>
        <Z>14.2523632</Z>
      </Vector3>
      <Vector3>
        <X>-2346.14722</X>
        <Y>-278.659454</Y>
        <Z>14.3953323</Z>
      </Vector3>
      <Vector3>
        <X>-2344.79126</X>
        <Y>-277.134338</Y>
        <Z>14.3057737</Z>
      </Vector3>
    </Bounds>
    <CenterCamPosition>
      <X>0</X>
      <Y>0</Y>
    </CenterCamPosition>
    <ScreenBounds />
    <DistanceToCam>0</DistanceToCam>
    <Speed>3.63539076</Speed>
    <AccInput>0</AccInput>
    <RPM>1.35798967</RPM>
    <Gear>0</Gear>
    <SteeringAngle>4.463976E-41</SteeringAngle>
    <WheelSpeed>0</WheelSpeed>
    <CarType>Sports</CarType>
  </MyCar>
  <Peds />
  <Time>264236</Time>
  <LastFrameTime>0.0209017228</LastFrameTime>
  <MyProperty>0</MyProperty>
  <Weather>Foggy</Weather>
  <Steering>118</Steering>
  <Acc>141</Acc>
  <Brake>127</Brake>
  <DayTime>15:16:13</DayTime>
  <Position>
    <X>-2344.3894</X>
    <Y>-278.8427</Y>
    <Z>14.5074873</Z>
  </Position>
  <Rotation>
    <X>0.0935514048</X>
    <Y>3.010496</Y>
    <Z>48.2639732</Z>
  </Rotation>
</Screenshot>