<?xml version="1.0" encoding="utf-8"?>
<Screenshot xmlns:xsd="http://www.w3.org/2001/XMLSchema" xmlns:xsi="http://www.w3.org/2001/XMLSchema-instance">
  <Cars />
  <MyCar>
    <Position>
      <X>-2343.862</X>
      <Y>-279.382568</Y>
      <Z>13.59985</Z>
    </Position>
    <Rotation>
      <X>0.6204371</X>
      <Y>2.51557755</Y>
      <Z>48.8065376</Z>
    </Rotation>
    <Handle>104962</Handle>
    <Bounds>
      <Vector3>
        <X>-2342.63721</X>
        <Y>-281.854553</Y>
        <Z>12.8897972</Z>
      </Vector3>
      <Vector3>
        <X>-2341.29321</X>
        <Y>-280.318878</Y>
        <Z>12.80014</Z>
      </Vector3>
      <Vector3>
        <X>-2346.48486</X>
        <Y>-278.483765</Y>
        <Z>12.945138</Z>
      </Vector3>
      <Vector3>
        <X>-2342.58325</X>
        <Y>-281.816833</Y>
        <Z>14.3442068</Z>
      </Vector3>
      <Vector3>
        <X>-2345.14063</X>
        <Y>-276.94812</Y>
        <Z>12.8554811</Z>
      </Vector3>
      <Vector3>
        <X>-2341.23926</X>
        <Y>-280.2812</Y>
        <Z>14.254549</Z>
      </Vector3>
      <Vector3>
        <X>-2346.431</X>
        <Y>-278.446045</Y>
        <Z>14.3995476</Z>
      </Vector3>
      <Vector3>
        <X>-2345.08667</X>
        <Y>-276.9104</Y>
        <Z>14.30989</Z>
      </Vector3>
    </Bounds>
    <CenterCamPosition>
      <X>0</X>
      <Y>0</Y>
    </CenterCamPosition>
    <ScreenBounds />
    <DistanceToCam>0</DistanceToCam>
    <Speed>3.7215445</Speed>
    <AccInput>0</AccInput>
    <RPM>1.35798967</RPM>
    <Gear>0</Gear>
    <SteeringAngle>4.463976E-41</SteeringAngle>
    <WheelSpeed>0</WheelSpeed>
    <CarType>Sports</CarType>
  </MyCar>
  <Peds />
  <Time>264335</Time>
  <LastFrameTime>0.03344946</LastFrameTime>
  <MyProperty>0</MyProperty>
  <Weather>Foggy</Weather>
  <Steering>120</Steering>
  <Acc>141</Acc>
  <Brake>127</Brake>
  <DayTime>15:16:13</DayTime>
  <Position>
    <X>-2344.63428</X>
    <Y>-278.6463</Y>
    <Z>14.5106535</Z>
  </Position>
  <Rotation>
    <X>0.113211222</X>
    <Y>3.01475239</Y>
    <Z>48.6672058</Z>
  </Rotation>
</Screenshot>