<?xml version="1.0" encoding="utf-8"?>
<Screenshot xmlns:xsd="http://www.w3.org/2001/XMLSchema" xmlns:xsi="http://www.w3.org/2001/XMLSchema-instance">
  <Cars />
  <MyCar>
    <Position>
      <X>-2343.95752</X>
      <Y>-279.302429</Y>
      <Z>13.6009645</Z>
    </Position>
    <Rotation>
      <X>0.6274279</X>
      <Y>2.51579928</Y>
      <Z>48.942112</Z>
    </Rotation>
    <Handle>104962</Handle>
    <Bounds>
      <Vector3>
        <X>-2342.72681</X>
        <Y>-281.771454</Y>
        <Z>12.8906059</Z>
      </Vector3>
      <Vector3>
        <X>-2341.38647</X>
        <Y>-280.232635</Y>
        <Z>12.8009405</Z>
      </Vector3>
      <Vector3>
        <X>-2346.58252</X>
        <Y>-278.40976</Y>
        <Z>12.94657</Z>
      </Vector3>
      <Vector3>
        <X>-2342.67285</X>
        <Y>-281.733734</Y>
        <Z>14.3450127</Z>
      </Vector3>
      <Vector3>
        <X>-2345.242</X>
        <Y>-276.870941</Y>
        <Z>12.856905</Z>
      </Vector3>
      <Vector3>
        <X>-2341.33252</X>
        <Y>-280.194916</Y>
        <Z>14.2553473</Z>
      </Vector3>
      <Vector3>
        <X>-2346.52832</X>
        <Y>-278.37204</Y>
        <Z>14.4009771</Z>
      </Vector3>
      <Vector3>
        <X>-2345.188</X>
        <Y>-276.833221</Y>
        <Z>14.3113117</Z>
      </Vector3>
    </Bounds>
    <CenterCamPosition>
      <X>0</X>
      <Y>0</Y>
    </CenterCamPosition>
    <ScreenBounds />
    <DistanceToCam>0</DistanceToCam>
    <Speed>3.750581</Speed>
    <AccInput>0</AccInput>
    <RPM>1.35798967</RPM>
    <Gear>0</Gear>
    <SteeringAngle>4.463976E-41</SteeringAngle>
    <WheelSpeed>0</WheelSpeed>
    <CarType>Sports</CarType>
  </MyCar>
  <Peds />
  <Time>264368</Time>
  <LastFrameTime>0.0332607925</LastFrameTime>
  <MyProperty>0</MyProperty>
  <Weather>Foggy</Weather>
  <Steering>122</Steering>
  <Acc>141</Acc>
  <Brake>127</Brake>
  <DayTime>15:16:13</DayTime>
  <Position>
    <X>-2344.7312</X>
    <Y>-278.568542</Y>
    <Z>14.5119114</Z>
  </Position>
  <Rotation>
    <X>0.120603912</X>
    <Y>3.01557088</Y>
    <Z>48.8128777</Z>
  </Rotation>
</Screenshot>