<?xml version="1.0" encoding="utf-8"?>
<Screenshot xmlns:xsd="http://www.w3.org/2001/XMLSchema" xmlns:xsi="http://www.w3.org/2001/XMLSchema-instance">
  <Cars />
  <MyCar>
    <Position>
      <X>-2343.767</X>
      <Y>-279.4626</Y>
      <Z>13.5987444</Z>
    </Position>
    <Rotation>
      <X>0.6130547</X>
      <Y>2.51475835</Y>
      <Z>48.6612549</Z>
    </Rotation>
    <Handle>104962</Handle>
    <Bounds>
      <Vector3>
        <X>-2342.54834</X>
        <Y>-281.9377</Y>
        <Z>12.8890057</Z>
      </Vector3>
      <Vector3>
        <X>-2341.20044</X>
        <Y>-280.405457</Y>
        <Z>12.7993774</Z>
      </Vector3>
      <Vector3>
        <X>-2346.38745</X>
        <Y>-278.5572</Y>
        <Z>12.9436874</Z>
      </Vector3>
      <Vector3>
        <X>-2342.49438</X>
        <Y>-281.900024</Y>
        <Z>14.3434172</Z>
      </Vector3>
      <Vector3>
        <X>-2345.03955</X>
        <Y>-277.024963</Y>
        <Z>12.8540592</Z>
      </Vector3>
      <Vector3>
        <X>-2341.14648</X>
        <Y>-280.3678</Y>
        <Z>14.2537889</Z>
      </Vector3>
      <Vector3>
        <X>-2346.3335</X>
        <Y>-278.519531</Y>
        <Z>14.3981</Z>
      </Vector3>
      <Vector3>
        <X>-2344.9856</X>
        <Y>-276.987274</Y>
        <Z>14.3084717</Z>
      </Vector3>
    </Bounds>
    <CenterCamPosition>
      <X>0</X>
      <Y>0</Y>
    </CenterCamPosition>
    <ScreenBounds />
    <DistanceToCam>0</DistanceToCam>
    <Speed>3.69228721</Speed>
    <AccInput>0</AccInput>
    <RPM>1.35798967</RPM>
    <Gear>0</Gear>
    <SteeringAngle>4.463976E-41</SteeringAngle>
    <WheelSpeed>0</WheelSpeed>
    <CarType>Sports</CarType>
  </MyCar>
  <Peds />
  <Time>264301</Time>
  <LastFrameTime>0.0318259522</LastFrameTime>
  <MyProperty>0</MyProperty>
  <Weather>Foggy</Weather>
  <Steering>120</Steering>
  <Acc>141</Acc>
  <Brake>127</Brake>
  <DayTime>15:16:13</DayTime>
  <Position>
    <X>-2344.54272</X>
    <Y>-278.719666</Y>
    <Z>14.5094748</Z>
  </Position>
  <Rotation>
    <X>0.106476</X>
    <Y>3.014187</Y>
    <Z>48.5216866</Z>
  </Rotation>
</Screenshot>