<?xml version="1.0" encoding="utf-8"?>
<Screenshot xmlns:xsd="http://www.w3.org/2001/XMLSchema" xmlns:xsi="http://www.w3.org/2001/XMLSchema-instance">
  <Cars />
  <MyCar>
    <Position>
      <X>-2344.293</X>
      <Y>-279.020782</Y>
      <Z>13.6051044</Z>
    </Position>
    <Rotation>
      <X>0.6383563</X>
      <Y>2.53272176</Y>
      <Z>49.3420029</Z>
    </Rotation>
    <Handle>104962</Handle>
    <Bounds>
      <Vector3>
        <X>-2343.04541</X>
        <Y>-281.481232</Y>
        <Z>12.8945713</Z>
      </Vector3>
      <Vector3>
        <X>-2341.71582</X>
        <Y>-279.9331</Y>
        <Z>12.8043032</Z>
      </Vector3>
      <Vector3>
        <X>-2346.92432</X>
        <Y>-278.1465</Y>
        <Z>12.9515095</Z>
      </Vector3>
      <Vector3>
        <X>-2342.99121</X>
        <Y>-281.443</Y>
        <Z>14.3489561</Z>
      </Vector3>
      <Vector3>
        <X>-2345.59473</X>
        <Y>-276.5984</Y>
        <Z>12.8612413</Z>
      </Vector3>
      <Vector3>
        <X>-2341.66162</X>
        <Y>-279.894867</Y>
        <Z>14.258688</Z>
      </Vector3>
      <Vector3>
        <X>-2346.87</X>
        <Y>-278.108276</Y>
        <Z>14.4058943</Z>
      </Vector3>
      <Vector3>
        <X>-2345.54053</X>
        <Y>-276.56015</Y>
        <Z>14.3156261</Z>
      </Vector3>
    </Bounds>
    <CenterCamPosition>
      <X>0</X>
      <Y>0</Y>
    </CenterCamPosition>
    <ScreenBounds />
    <DistanceToCam>0</DistanceToCam>
    <Speed>3.84805846</Speed>
    <AccInput>0</AccInput>
    <RPM>1.35798967</RPM>
    <Gear>0</Gear>
    <SteeringAngle>4.463976E-41</SteeringAngle>
    <WheelSpeed>0</WheelSpeed>
    <CarType>Sports</CarType>
  </MyCar>
  <Peds />
  <Time>264483</Time>
  <LastFrameTime>0.0486769751</LastFrameTime>
  <MyProperty>0</MyProperty>
  <Weather>Foggy</Weather>
  <Steering>122</Steering>
  <Acc>139</Acc>
  <Brake>127</Brake>
  <DayTime>15:16:13</DayTime>
  <Position>
    <X>-2345.02417</X>
    <Y>-278.332733</Y>
    <Z>14.5156755</Z>
  </Position>
  <Rotation>
    <X>0.137523487</X>
    <Y>3.02168322</Y>
    <Z>49.1924553</Z>
  </Rotation>
</Screenshot>