<?xml version="1.0" encoding="utf-8"?>
<Screenshot xmlns:xsd="http://www.w3.org/2001/XMLSchema" xmlns:xsi="http://www.w3.org/2001/XMLSchema-instance">
  <Cars />
  <MyCar>
    <Position>
      <X>-2344.05347</X>
      <Y>-279.221771</Y>
      <Z>13.6020851</Z>
    </Position>
    <Rotation>
      <X>0.633733869</X>
      <Y>2.51654267</Y>
      <Z>49.06825</Z>
    </Rotation>
    <Handle>104962</Handle>
    <Bounds>
      <Vector3>
        <X>-2342.81738</X>
        <Y>-281.688049</Y>
        <Z>12.8914595</Z>
      </Vector3>
      <Vector3>
        <X>-2341.48047</X>
        <Y>-280.146271</Y>
        <Z>12.8017683</Z>
      </Vector3>
      <Vector3>
        <X>-2346.68042</X>
        <Y>-278.334839</Y>
        <Z>12.9479866</Z>
      </Vector3>
      <Vector3>
        <X>-2342.76343</X>
        <Y>-281.6503</Y>
        <Z>14.3458643</Z>
      </Vector3>
      <Vector3>
        <X>-2345.34326</X>
        <Y>-276.79306</Y>
        <Z>12.8582945</Z>
      </Vector3>
      <Vector3>
        <X>-2341.42651</X>
        <Y>-280.108521</Y>
        <Z>14.2561722</Z>
      </Vector3>
      <Vector3>
        <X>-2346.62622</X>
        <Y>-278.2971</Y>
        <Z>14.4023905</Z>
      </Vector3>
      <Vector3>
        <X>-2345.28931</X>
        <Y>-276.7553</Y>
        <Z>14.3126993</Z>
      </Vector3>
    </Bounds>
    <CenterCamPosition>
      <X>0</X>
      <Y>0</Y>
    </CenterCamPosition>
    <ScreenBounds />
    <DistanceToCam>0</DistanceToCam>
    <Speed>3.779253</Speed>
    <AccInput>0</AccInput>
    <RPM>1.35798967</RPM>
    <Gear>0</Gear>
    <SteeringAngle>4.463976E-41</SteeringAngle>
    <WheelSpeed>0</WheelSpeed>
    <CarType>Sports</CarType>
  </MyCar>
  <Peds />
  <Time>264401</Time>
  <LastFrameTime>0.0332427956</LastFrameTime>
  <MyProperty>0</MyProperty>
  <Weather>Foggy</Weather>
  <Steering>122</Steering>
  <Acc>140</Acc>
  <Brake>127</Brake>
  <DayTime>15:16:13</DayTime>
  <Position>
    <X>-2344.82861</X>
    <Y>-278.49054</Y>
    <Z>14.5131712</Z>
  </Position>
  <Rotation>
    <X>0.127604455</X>
    <Y>3.01579142</Y>
    <Z>48.9488258</Z>
  </Rotation>
</Screenshot>