<?xml version="1.0" encoding="utf-8"?>
<Screenshot xmlns:xsd="http://www.w3.org/2001/XMLSchema" xmlns:xsi="http://www.w3.org/2001/XMLSchema-instance">
  <Cars />
  <MyCar>
    <Position>
      <X>-2344.15</X>
      <Y>-279.1409</Y>
      <Z>13.6032677</Z>
    </Position>
    <Rotation>
      <X>0.6373324</X>
      <Y>2.5216918</Y>
      <Z>49.1852074</Z>
    </Rotation>
    <Handle>104962</Handle>
    <Bounds>
      <Vector3>
        <X>-2342.909</X>
        <Y>-281.604675</Y>
        <Z>12.8925772</Z>
      </Vector3>
      <Vector3>
        <X>-2341.5752</X>
        <Y>-280.060181</Y>
        <Z>12.802702</Z>
      </Vector3>
      <Vector3>
        <X>-2346.77881</X>
        <Y>-278.259338</Y>
        <Z>12.9494247</Z>
      </Vector3>
      <Vector3>
        <X>-2342.85474</X>
        <Y>-281.566772</Y>
        <Z>14.3469744</Z>
      </Vector3>
      <Vector3>
        <X>-2345.44482</X>
        <Y>-276.714844</Y>
        <Z>12.8595495</Z>
      </Vector3>
      <Vector3>
        <X>-2341.521</X>
        <Y>-280.022278</Y>
        <Z>14.2570992</Z>
      </Vector3>
      <Vector3>
        <X>-2346.72461</X>
        <Y>-278.221436</Y>
        <Z>14.4038219</Z>
      </Vector3>
      <Vector3>
        <X>-2345.39063</X>
        <Y>-276.676941</Y>
        <Z>14.3139467</Z>
      </Vector3>
    </Bounds>
    <CenterCamPosition>
      <X>0</X>
      <Y>0</Y>
    </CenterCamPosition>
    <ScreenBounds />
    <DistanceToCam>0</DistanceToCam>
    <Speed>3.80731821</Speed>
    <AccInput>0</AccInput>
    <RPM>1.35798967</RPM>
    <Gear>0</Gear>
    <SteeringAngle>4.463976E-41</SteeringAngle>
    <WheelSpeed>0</WheelSpeed>
    <CarType>Sports</CarType>
  </MyCar>
  <Peds />
  <Time>264434</Time>
  <LastFrameTime>0.03309261</LastFrameTime>
  <MyProperty>0</MyProperty>
  <Weather>Foggy</Weather>
  <Steering>122</Steering>
  <Acc>140</Acc>
  <Brake>127</Brake>
  <DayTime>15:16:13</DayTime>
  <Position>
    <X>-2344.92627</X>
    <Y>-278.411865</Y>
    <Z>14.5144224</Z>
  </Position>
  <Rotation>
    <X>0.133919165</X>
    <Y>3.016534</Y>
    <Z>49.07529</Z>
  </Rotation>
</Screenshot>