<?xml version="1.0" encoding="utf-8"?>
<Screenshot xmlns:xsd="http://www.w3.org/2001/XMLSchema" xmlns:xsi="http://www.w3.org/2001/XMLSchema-instance">
  <Cars />
  <MyCar>
    <Position>
      <X>-2344.546</X>
      <Y>-278.809</Y>
      <Z>13.6083488</Z>
    </Position>
    <Rotation>
      <X>0.6408905</X>
      <Y>2.553343</Y>
      <Z>49.5911674</Z>
    </Rotation>
    <Handle>104962</Handle>
    <Bounds>
      <Vector3>
        <X>-2343.28784</X>
        <Y>-281.26416</Y>
        <Z>12.8980818</Z>
      </Vector3>
      <Vector3>
        <X>-2341.96484</X>
        <Y>-279.7103</Y>
        <Z>12.8070793</Z>
      </Vector3>
      <Vector3>
        <X>-2347.18115</X>
        <Y>-277.94632</Y>
        <Z>12.955245</Z>
      </Vector3>
      <Vector3>
        <X>-2343.2334</X>
        <Y>-281.225342</Y>
        <Z>14.3524427</Z>
      </Vector3>
      <Vector3>
        <X>-2345.85815</X>
        <Y>-276.392456</Y>
        <Z>12.8642426</Z>
      </Vector3>
      <Vector3>
        <X>-2341.9104</X>
        <Y>-279.671478</Y>
        <Z>14.26144</Z>
      </Vector3>
      <Vector3>
        <X>-2347.12671</X>
        <Y>-277.9075</Y>
        <Z>14.409606</Z>
      </Vector3>
      <Vector3>
        <X>-2345.80371</X>
        <Y>-276.353638</Y>
        <Z>14.3186035</Z>
      </Vector3>
    </Bounds>
    <CenterCamPosition>
      <X>0</X>
      <Y>0</Y>
    </CenterCamPosition>
    <ScreenBounds />
    <DistanceToCam>0</DistanceToCam>
    <Speed>3.91438866</Speed>
    <AccInput>0</AccInput>
    <RPM>1.35798967</RPM>
    <Gear>0</Gear>
    <SteeringAngle>4.463976E-41</SteeringAngle>
    <WheelSpeed>0</WheelSpeed>
    <CarType>Sports</CarType>
  </MyCar>
  <Peds />
  <Time>264568</Time>
  <LastFrameTime>0.032956697</LastFrameTime>
  <MyProperty>0</MyProperty>
  <Weather>Foggy</Weather>
  <Steering>120</Steering>
  <Acc>137</Acc>
  <Brake>127</Brake>
  <DayTime>15:16:13</DayTime>
  <Position>
    <X>-2345.32544</X>
    <Y>-278.0879</Y>
    <Z>14.5195332</Z>
  </Position>
  <Rotation>
    <X>0.140323132</X>
    <Y>3.044424</Y>
    <Z>49.5043831</Z>
  </Rotation>
</Screenshot>