<?xml version="1.0" encoding="utf-8"?>
<Screenshot xmlns:xsd="http://www.w3.org/2001/XMLSchema" xmlns:xsi="http://www.w3.org/2001/XMLSchema-instance">
  <Cars />
  <MyCar>
    <Position>
      <X>-2344.35449</X>
      <Y>-278.969147</Y>
      <Z>13.6058989</Z>
    </Position>
    <Rotation>
      <X>0.639514565</X>
      <Y>2.537159</Y>
      <Z>49.4057426</Z>
    </Rotation>
    <Handle>104962</Handle>
    <Bounds>
      <Vector3>
        <X>-2343.10425</X>
        <Y>-281.428253</Y>
        <Z>12.8953953</Z>
      </Vector3>
      <Vector3>
        <X>-2341.77637</X>
        <Y>-279.878662</Y>
        <Z>12.80497</Z>
      </Vector3>
      <Vector3>
        <X>-2346.98682</X>
        <Y>-278.0978</Y>
        <Z>12.9524364</Z>
      </Vector3>
      <Vector3>
        <X>-2343.05</X>
        <Y>-281.3899</Y>
        <Z>14.3497753</Z>
      </Vector3>
      <Vector3>
        <X>-2345.659</X>
        <Y>-276.548218</Y>
        <Z>12.862011</Z>
      </Vector3>
      <Vector3>
        <X>-2341.722</X>
        <Y>-279.8403</Y>
        <Z>14.2593489</Z>
      </Vector3>
      <Vector3>
        <X>-2346.93262</X>
        <Y>-278.059448</Y>
        <Z>14.4068165</Z>
      </Vector3>
      <Vector3>
        <X>-2345.60474</X>
        <Y>-276.509857</Y>
        <Z>14.31639</Z>
      </Vector3>
    </Bounds>
    <CenterCamPosition>
      <X>0</X>
      <Y>0</Y>
    </CenterCamPosition>
    <ScreenBounds />
    <DistanceToCam>0</DistanceToCam>
    <Speed>3.86495686</Speed>
    <AccInput>0</AccInput>
    <RPM>1.35798967</RPM>
    <Gear>0</Gear>
    <SteeringAngle>4.463976E-41</SteeringAngle>
    <WheelSpeed>0</WheelSpeed>
    <CarType>Sports</CarType>
  </MyCar>
  <Peds />
  <Time>264504</Time>
  <LastFrameTime>0.02081825</LastFrameTime>
  <MyProperty>0</MyProperty>
  <Weather>Foggy</Weather>
  <Steering>122</Steering>
  <Acc>139</Acc>
  <Brake>127</Brake>
  <DayTime>15:16:13</DayTime>
  <Position>
    <X>-2345.16943</X>
    <Y>-278.2149</Y>
    <Z>14.5175257</Z>
  </Position>
  <Rotation>
    <X>0.138550416</X>
    <Y>3.0327127</Y>
    <Z>49.34933</Z>
  </Rotation>
</Screenshot>