<?xml version="1.0" encoding="utf-8"?>
<Screenshot xmlns:xsd="http://www.w3.org/2001/XMLSchema" xmlns:xsi="http://www.w3.org/2001/XMLSchema-instance">
  <Cars />
  <MyCar>
    <Position>
      <X>-2344.447</X>
      <Y>-278.891541</Y>
      <Z>13.6070833</Z>
    </Position>
    <Rotation>
      <X>0.6401248</X>
      <Y>2.54443264</Y>
      <Z>49.49693</Z>
    </Rotation>
    <Handle>104962</Handle>
    <Bounds>
      <Vector3>
        <X>-2343.19287</X>
        <Y>-281.3487</Y>
        <Z>12.8966866</Z>
      </Vector3>
      <Vector3>
        <X>-2341.86743</X>
        <Y>-279.797</Y>
        <Z>12.8060017</Z>
      </Vector3>
      <Vector3>
        <X>-2347.08081</X>
        <Y>-278.024475</Y>
        <Z>12.9537821</Z>
      </Vector3>
      <Vector3>
        <X>-2343.13843</X>
        <Y>-281.31012</Y>
        <Z>14.351058</Z>
      </Vector3>
      <Vector3>
        <X>-2345.75537</X>
        <Y>-276.472778</Y>
        <Z>12.8630972</Z>
      </Vector3>
      <Vector3>
        <X>-2341.81323</X>
        <Y>-279.758423</Y>
        <Z>14.2603731</Z>
      </Vector3>
      <Vector3>
        <X>-2347.02637</X>
        <Y>-277.98587</Y>
        <Z>14.4081535</Z>
      </Vector3>
      <Vector3>
        <X>-2345.701</X>
        <Y>-276.434174</Y>
        <Z>14.3174686</Z>
      </Vector3>
    </Bounds>
    <CenterCamPosition>
      <X>0</X>
      <Y>0</Y>
    </CenterCamPosition>
    <ScreenBounds />
    <DistanceToCam>0</DistanceToCam>
    <Speed>3.88947678</Speed>
    <AccInput>0</AccInput>
    <RPM>1.35798967</RPM>
    <Gear>0</Gear>
    <SteeringAngle>4.463976E-41</SteeringAngle>
    <WheelSpeed>0</WheelSpeed>
    <CarType>Sports</CarType>
  </MyCar>
  <Peds />
  <Time>264535</Time>
  <LastFrameTime>0.0311259069</LastFrameTime>
  <MyProperty>0</MyProperty>
  <Weather>Foggy</Weather>
  <Steering>122</Steering>
  <Acc>138</Acc>
  <Brake>127</Brake>
  <DayTime>15:16:13</DayTime>
  <Position>
    <X>-2345.23169</X>
    <Y>-278.164185</Y>
    <Z>14.5183411</Z>
  </Position>
  <Rotation>
    <X>0.139710978</X>
    <Y>3.03714967</Y>
    <Z>49.4131432</Z>
  </Rotation>
</Screenshot>