<?xml version="1.0" encoding="utf-8"?>
<Screenshot xmlns:xsd="http://www.w3.org/2001/XMLSchema" xmlns:xsi="http://www.w3.org/2001/XMLSchema-instance">
  <Cars />
  <MyCar>
    <Position>
      <X>-2344.83154</X>
      <Y>-278.5729</Y>
      <Z>13.6120358</Z>
    </Position>
    <Rotation>
      <X>0.6460732</X>
      <Y>2.588144</Y>
      <Z>49.88199</Z>
    </Rotation>
    <Handle>104962</Handle>
    <Bounds>
      <Vector3>
        <X>-2343.56128</X>
        <Y>-281.021973</Y>
        <Z>12.9021788</Z>
      </Vector3>
      <Vector3>
        <X>-2342.24634</X>
        <Y>-279.461456</Y>
        <Z>12.8099365</Z>
      </Vector3>
      <Vector3>
        <X>-2347.47144</X>
        <Y>-277.723877</Y>
        <Z>12.9598026</Z>
      </Vector3>
      <Vector3>
        <X>-2343.50635</X>
        <Y>-280.982269</Y>
        <Z>14.3564987</Z>
      </Vector3>
      <Vector3>
        <X>-2346.15649</X>
        <Y>-276.163361</Y>
        <Z>12.8675613</Z>
      </Vector3>
      <Vector3>
        <X>-2342.19141</X>
        <Y>-279.421753</Y>
        <Z>14.2642565</Z>
      </Vector3>
      <Vector3>
        <X>-2347.4165</X>
        <Y>-277.684174</Y>
        <Z>14.4141226</Z>
      </Vector3>
      <Vector3>
        <X>-2346.10156</X>
        <Y>-276.123657</Y>
        <Z>14.32188</Z>
      </Vector3>
    </Bounds>
    <CenterCamPosition>
      <X>0</X>
      <Y>0</Y>
    </CenterCamPosition>
    <ScreenBounds />
    <DistanceToCam>0</DistanceToCam>
    <Speed>3.97565484</Speed>
    <AccInput>0</AccInput>
    <RPM>1.35798967</RPM>
    <Gear>0</Gear>
    <SteeringAngle>4.463976E-41</SteeringAngle>
    <WheelSpeed>0</WheelSpeed>
    <CarType>Sports</CarType>
  </MyCar>
  <Peds />
  <Time>264661</Time>
  <LastFrameTime>0.0270081814</LastFrameTime>
  <MyProperty>0</MyProperty>
  <Weather>Foggy</Weather>
  <Steering>119</Steering>
  <Acc>133</Acc>
  <Brake>127</Brake>
  <DayTime>15:16:13</DayTime>
  <Position>
    <X>-2345.63086</X>
    <Y>-277.841644</Y>
    <Z>14.5234842</Z>
  </Position>
  <Rotation>
    <X>0.145217374</X>
    <Y>3.07922864</Y>
    <Z>49.8032532</Z>
  </Rotation>
</Screenshot>