<?xml version="1.0" encoding="utf-8"?>
<Screenshot xmlns:xsd="http://www.w3.org/2001/XMLSchema" xmlns:xsi="http://www.w3.org/2001/XMLSchema-instance">
  <Cars />
  <MyCar>
    <Position>
      <X>-2344.931</X>
      <Y>-278.491516</Y>
      <Z>13.6133509</Z>
    </Position>
    <Rotation>
      <X>0.647802055</X>
      <Y>2.59718537</Y>
      <Z>49.9893265</Z>
    </Rotation>
    <Handle>104962</Handle>
    <Bounds>
      <Vector3>
        <X>-2343.65625</X>
        <Y>-280.938263</Y>
        <Z>12.9035835</Z>
      </Vector3>
      <Vector3>
        <X>-2342.34424</X>
        <Y>-279.3753</Y>
        <Z>12.81102</Z>
      </Vector3>
      <Vector3>
        <X>-2347.57251</X>
        <Y>-277.6475</Y>
        <Z>12.9613609</Z>
      </Vector3>
      <Vector3>
        <X>-2343.601</X>
        <Y>-280.898315</Y>
        <Z>14.357892</Z>
      </Vector3>
      <Vector3>
        <X>-2346.2605</X>
        <Y>-276.084534</Y>
        <Z>12.8687973</Z>
      </Vector3>
      <Vector3>
        <X>-2342.28931</X>
        <Y>-279.335358</Y>
        <Z>14.2653284</Z>
      </Vector3>
      <Vector3>
        <X>-2347.51733</X>
        <Y>-277.607544</Y>
        <Z>14.41567</Z>
      </Vector3>
      <Vector3>
        <X>-2346.20532</X>
        <Y>-276.0446</Y>
        <Z>14.3231058</Z>
      </Vector3>
    </Bounds>
    <CenterCamPosition>
      <X>0</X>
      <Y>0</Y>
    </CenterCamPosition>
    <ScreenBounds />
    <DistanceToCam>0</DistanceToCam>
    <Speed>3.99311352</Speed>
    <AccInput>0</AccInput>
    <RPM>1.35798967</RPM>
    <Gear>0</Gear>
    <SteeringAngle>4.463976E-41</SteeringAngle>
    <WheelSpeed>0</WheelSpeed>
    <CarType>Sports</CarType>
  </MyCar>
  <Peds />
  <Time>264693</Time>
  <LastFrameTime>0.0322085544</LastFrameTime>
  <MyProperty>0</MyProperty>
  <Weather>Foggy</Weather>
  <Steering>119</Steering>
  <Acc>133</Acc>
  <Brake>127</Brake>
  <DayTime>15:16:13</DayTime>
  <Position>
    <X>-2345.71484</X>
    <Y>-277.774719</Y>
    <Z>14.5245781</Z>
  </Position>
  <Rotation>
    <X>0.146285564</X>
    <Y>3.088134</Y>
    <Z>49.8898659</Z>
  </Rotation>
</Screenshot>