<?xml version="1.0" encoding="utf-8"?>
<Screenshot xmlns:xsd="http://www.w3.org/2001/XMLSchema" xmlns:xsi="http://www.w3.org/2001/XMLSchema-instance">
  <Cars />
  <MyCar>
    <Position>
      <X>-2344.74878</X>
      <Y>-278.641083</Y>
      <Z>13.6109581</Z>
    </Position>
    <Rotation>
      <X>0.6450078</X>
      <Y>2.57923818</Y>
      <Z>49.7954521</Z>
    </Rotation>
    <Handle>104962</Handle>
    <Bounds>
      <Vector3>
        <X>-2343.48218</X>
        <Y>-281.09198</Y>
        <Z>12.9009848</Z>
      </Vector3>
      <Vector3>
        <X>-2342.165</X>
        <Y>-279.533447</Y>
        <Z>12.80906</Z>
      </Vector3>
      <Vector3>
        <X>-2347.38721</X>
        <Y>-277.788</Y>
        <Z>12.9585142</Z>
      </Vector3>
      <Vector3>
        <X>-2343.42749</X>
        <Y>-281.052521</Y>
        <Z>14.3553152</Z>
      </Vector3>
      <Vector3>
        <X>-2346.07</X>
        <Y>-276.229462</Y>
        <Z>12.86659</Z>
      </Vector3>
      <Vector3>
        <X>-2342.11</X>
        <Y>-279.494</Y>
        <Z>14.2633905</Z>
      </Vector3>
      <Vector3>
        <X>-2347.33252</X>
        <Y>-277.748535</Y>
        <Z>14.4128447</Z>
      </Vector3>
      <Vector3>
        <X>-2346.01514</X>
        <Y>-276.19</Y>
        <Z>14.32092</Z>
      </Vector3>
    </Bounds>
    <CenterCamPosition>
      <X>0</X>
      <Y>0</Y>
    </CenterCamPosition>
    <ScreenBounds />
    <DistanceToCam>0</DistanceToCam>
    <Speed>3.95961785</Speed>
    <AccInput>0</AccInput>
    <RPM>1.35798967</RPM>
    <Gear>0</Gear>
    <SteeringAngle>4.463976E-41</SteeringAngle>
    <WheelSpeed>0</WheelSpeed>
    <CarType>Sports</CarType>
  </MyCar>
  <Peds />
  <Time>264634</Time>
  <LastFrameTime>0.06666667</LastFrameTime>
  <MyProperty>0</MyProperty>
  <Weather>Foggy</Weather>
  <Steering>119</Steering>
  <Acc>133</Acc>
  <Brake>127</Brake>
  <DayTime>15:16:13</DayTime>
  <Position>
    <X>-2345.42554</X>
    <Y>-278.006683</Y>
    <Z>14.5208082</Z>
  </Position>
  <Rotation>
    <X>0.1410909</X>
    <Y>3.05333376</Y>
    <Z>49.5986824</Z>
  </Rotation>
</Screenshot>