<?xml version="1.0" encoding="utf-8"?>
<Screenshot xmlns:xsd="http://www.w3.org/2001/XMLSchema" xmlns:xsi="http://www.w3.org/2001/XMLSchema-instance">
  <Cars />
  <MyCar>
    <Position>
      <X>-2345.185</X>
      <Y>-278.285583</Y>
      <Z>13.6168013</Z>
    </Position>
    <Rotation>
      <X>0.65159905</X>
      <Y>2.61634827</Y>
      <Z>50.278595</Z>
    </Rotation>
    <Handle>104962</Handle>
    <Bounds>
      <Vector3>
        <X>-2343.89819</X>
        <Y>-280.726</Y>
        <Z>12.907218</Z>
      </Vector3>
      <Vector3>
        <X>-2342.59424</X>
        <Y>-279.156464</Y>
        <Z>12.8139715</Z>
      </Vector3>
      <Vector3>
        <X>-2347.831</X>
        <Y>-277.455048</Y>
        <Z>12.965333</Z>
      </Vector3>
      <Vector3>
        <X>-2343.843</X>
        <Y>-280.6855</Y>
        <Z>14.3615036</Z>
      </Vector3>
      <Vector3>
        <X>-2346.52686</X>
        <Y>-275.8855</Y>
        <Z>12.8720875</Z>
      </Vector3>
      <Vector3>
        <X>-2342.539</X>
        <Y>-279.115936</Y>
        <Z>14.2682571</Z>
      </Vector3>
      <Vector3>
        <X>-2347.776</X>
        <Y>-277.4145</Y>
        <Z>14.4196186</Z>
      </Vector3>
      <Vector3>
        <X>-2346.47168</X>
        <Y>-275.844971</Y>
        <Z>14.3263731</Z>
      </Vector3>
    </Bounds>
    <CenterCamPosition>
      <X>0</X>
      <Y>0</Y>
    </CenterCamPosition>
    <ScreenBounds />
    <DistanceToCam>0</DistanceToCam>
    <Speed>4.031043</Speed>
    <AccInput>0</AccInput>
    <RPM>1.35798967</RPM>
    <Gear>0</Gear>
    <SteeringAngle>4.463976E-41</SteeringAngle>
    <WheelSpeed>0</WheelSpeed>
    <CarType>Sports</CarType>
  </MyCar>
  <Peds />
  <Time>264775</Time>
  <LastFrameTime>0.0474419668</LastFrameTime>
  <MyProperty>0</MyProperty>
  <Weather>Foggy</Weather>
  <Steering>119</Steering>
  <Acc>131</Acc>
  <Brake>127</Brake>
  <DayTime>15:16:13</DayTime>
  <Position>
    <X>-2345.92261</X>
    <Y>-277.610779</Y>
    <Z>14.5273762</Z>
  </Position>
  <Rotation>
    <X>0.149740562</X>
    <Y>3.10614467</Y>
    <Z>50.115097</Z>
  </Rotation>
</Screenshot>