<?xml version="1.0" encoding="utf-8"?>
<Screenshot xmlns:xsd="http://www.w3.org/2001/XMLSchema" xmlns:xsi="http://www.w3.org/2001/XMLSchema-instance">
  <Cars />
  <MyCar>
    <Position>
      <X>-2345.03638</X>
      <Y>-278.40567</Y>
      <Z>13.6147757</Z>
    </Position>
    <Rotation>
      <X>0.6495204</X>
      <Y>2.606155</Y>
      <Z>50.106987</Z>
    </Rotation>
    <Handle>104962</Handle>
    <Bounds>
      <Vector3>
        <X>-2343.75684</X>
        <Y>-280.849854</Y>
        <Z>12.905097</Z>
      </Vector3>
      <Vector3>
        <X>-2342.448</X>
        <Y>-279.2842</Y>
        <Z>12.8122139</Z>
      </Vector3>
      <Vector3>
        <X>-2347.67969</X>
        <Y>-277.567139</Y>
        <Z>12.963028</Z>
      </Vector3>
      <Vector3>
        <X>-2343.70166</X>
        <Y>-280.809662</Y>
        <Z>14.359395</Z>
      </Vector3>
      <Vector3>
        <X>-2346.37085</X>
        <Y>-276.0015</Y>
        <Z>12.8701439</Z>
      </Vector3>
      <Vector3>
        <X>-2342.39282</X>
        <Y>-279.244019</Y>
        <Z>14.2665119</Z>
      </Vector3>
      <Vector3>
        <X>-2347.62451</X>
        <Y>-277.526917</Y>
        <Z>14.417326</Z>
      </Vector3>
      <Vector3>
        <X>-2346.316</X>
        <Y>-275.961273</Y>
        <Z>14.3244419</Z>
      </Vector3>
    </Bounds>
    <CenterCamPosition>
      <X>0</X>
      <Y>0</Y>
    </CenterCamPosition>
    <ScreenBounds />
    <DistanceToCam>0</DistanceToCam>
    <Speed>4.01017952</Speed>
    <AccInput>0</AccInput>
    <RPM>1.35798967</RPM>
    <Gear>0</Gear>
    <SteeringAngle>4.463976E-41</SteeringAngle>
    <WheelSpeed>0</WheelSpeed>
    <CarType>Sports</CarType>
  </MyCar>
  <Peds />
  <Time>264727</Time>
  <LastFrameTime>0.0339462534</LastFrameTime>
  <MyProperty>0</MyProperty>
  <Weather>Foggy</Weather>
  <Steering>119</Steering>
  <Acc>132</Acc>
  <Brake>127</Brake>
  <DayTime>15:16:13</DayTime>
  <Position>
    <X>-2345.81543</X>
    <Y>-277.6949</Y>
    <Z>14.5259218</Z>
  </Position>
  <Rotation>
    <X>0.148018345</X>
    <Y>3.09717512</Y>
    <Z>49.99732</Z>
  </Rotation>
</Screenshot>