<?xml version="1.0" encoding="utf-8"?>
<Screenshot xmlns:xsd="http://www.w3.org/2001/XMLSchema" xmlns:xsi="http://www.w3.org/2001/XMLSchema-instance">
  <Cars />
  <MyCar>
    <Position>
      <X>-2345.456</X>
      <Y>-278.068359</Y>
      <Z>13.6205587</Z>
    </Position>
    <Rotation>
      <X>0.656046867</X>
      <Y>2.624316</Y>
      <Z>50.5928459</Z>
    </Rotation>
    <Handle>104962</Handle>
    <Bounds>
      <Vector3>
        <X>-2344.156</X>
        <Y>-280.50174</Y>
        <Z>12.910924</Z>
      </Vector3>
      <Vector3>
        <X>-2342.8606</X>
        <Y>-278.925079</Y>
        <Z>12.8173943</Z>
      </Vector3>
      <Vector3>
        <X>-2348.10669</X>
        <Y>-277.25238</Y>
        <Z>12.9694357</Z>
      </Vector3>
      <Vector3>
        <X>-2344.10083</X>
        <Y>-280.460815</Y>
        <Z>14.3651991</Z>
      </Vector3>
      <Vector3>
        <X>-2346.81128</X>
        <Y>-275.6757</Y>
        <Z>12.875906</Z>
      </Vector3>
      <Vector3>
        <X>-2342.80542</X>
        <Y>-278.884155</Y>
        <Z>14.2716694</Z>
      </Vector3>
      <Vector3>
        <X>-2348.05151</X>
        <Y>-277.211456</Y>
        <Z>14.4237108</Z>
      </Vector3>
      <Vector3>
        <X>-2346.756</X>
        <Y>-275.6348</Y>
        <Z>14.3301811</Z>
      </Vector3>
    </Bounds>
    <CenterCamPosition>
      <X>0</X>
      <Y>0</Y>
    </CenterCamPosition>
    <ScreenBounds />
    <DistanceToCam>0</DistanceToCam>
    <Speed>4.06162071</Speed>
    <AccInput>0</AccInput>
    <RPM>1.35798967</RPM>
    <Gear>0</Gear>
    <SteeringAngle>4.463976E-41</SteeringAngle>
    <WheelSpeed>0</WheelSpeed>
    <CarType>Sports</CarType>
  </MyCar>
  <Peds />
  <Time>264861</Time>
  <LastFrameTime>0.0304534789</LastFrameTime>
  <MyProperty>0</MyProperty>
  <Weather>Foggy</Weather>
  <Steering>120</Steering>
  <Acc>131</Acc>
  <Brake>127</Brake>
  <DayTime>15:16:13</DayTime>
  <Position>
    <X>-2346.25049</X>
    <Y>-277.356262</Y>
    <Z>14.5319118</Z>
  </Position>
  <Rotation>
    <X>0.1550873</X>
    <Y>3.12219119</Y>
    <Z>50.4902077</Z>
  </Rotation>
</Screenshot>