<?xml version="1.0" encoding="utf-8"?>
<Screenshot xmlns:xsd="http://www.w3.org/2001/XMLSchema" xmlns:xsi="http://www.w3.org/2001/XMLSchema-instance">
  <Cars />
  <MyCar>
    <Position>
      <X>-2345.275</X>
      <Y>-278.213318</Y>
      <Z>13.6180353</Z>
    </Position>
    <Rotation>
      <X>0.6535007</X>
      <Y>2.61922669</Y>
      <Z>50.38335</Z>
    </Rotation>
    <Handle>104962</Handle>
    <Bounds>
      <Vector3>
        <X>-2343.98364</X>
        <Y>-280.6514</Y>
        <Z>12.9084206</Z>
      </Vector3>
      <Vector3>
        <X>-2342.68237</X>
        <Y>-279.0795</Y>
        <Z>12.8150711</Z>
      </Vector3>
      <Vector3>
        <X>-2347.92236</X>
        <Y>-277.3876</Y>
        <Z>12.9667053</Z>
      </Vector3>
      <Vector3>
        <X>-2343.92847</X>
        <Y>-280.610748</Y>
        <Z>14.3627024</Z>
      </Vector3>
      <Vector3>
        <X>-2346.621</X>
        <Y>-275.8157</Y>
        <Z>12.8733568</Z>
      </Vector3>
      <Vector3>
        <X>-2342.6272</X>
        <Y>-279.038818</Y>
        <Z>14.2693529</Z>
      </Vector3>
      <Vector3>
        <X>-2347.86719</X>
        <Y>-277.346954</Y>
        <Z>14.4209871</Z>
      </Vector3>
      <Vector3>
        <X>-2346.566</X>
        <Y>-275.775024</Y>
        <Z>14.3276386</Z>
      </Vector3>
    </Bounds>
    <CenterCamPosition>
      <X>0</X>
      <Y>0</Y>
    </CenterCamPosition>
    <ScreenBounds />
    <DistanceToCam>0</DistanceToCam>
    <Speed>4.04213762</Speed>
    <AccInput>0</AccInput>
    <RPM>1.35798967</RPM>
    <Gear>0</Gear>
    <SteeringAngle>4.463976E-41</SteeringAngle>
    <WheelSpeed>0</WheelSpeed>
    <CarType>Sports</CarType>
  </MyCar>
  <Peds />
  <Time>264803</Time>
  <LastFrameTime>0.02853084</LastFrameTime>
  <MyProperty>0</MyProperty>
  <Weather>Foggy</Weather>
  <Steering>120</Steering>
  <Acc>131</Acc>
  <Brake>127</Brake>
  <DayTime>15:16:13</DayTime>
  <Position>
    <X>-2346.07349</X>
    <Y>-277.493225</Y>
    <Z>14.5294371</Z>
  </Position>
  <Rotation>
    <X>0.151823819</X>
    <Y>3.11633778</Y>
    <Z>50.28685</Z>
  </Rotation>
</Screenshot>