<?xml version="1.0" encoding="utf-8"?>
<Screenshot xmlns:xsd="http://www.w3.org/2001/XMLSchema" xmlns:xsi="http://www.w3.org/2001/XMLSchema-instance">
  <Cars />
  <MyCar>
    <Position>
      <X>-2345.35938</X>
      <Y>-278.1455</Y>
      <Z>13.6192122</Z>
    </Position>
    <Rotation>
      <X>0.654857337</X>
      <Y>2.62220263</Y>
      <Z>50.4817657</Z>
    </Rotation>
    <Handle>104962</Handle>
    <Bounds>
      <Vector3>
        <X>-2344.064</X>
        <Y>-280.5814</Y>
        <Z>12.9095917</Z>
      </Vector3>
      <Vector3>
        <X>-2342.76563</X>
        <Y>-279.007233</Y>
        <Z>12.8161364</Z>
      </Vector3>
      <Vector3>
        <X>-2348.0083</X>
        <Y>-277.324371</Y>
        <Z>12.9679976</Z>
      </Vector3>
      <Vector3>
        <X>-2344.00879</X>
        <Y>-280.540619</Y>
        <Z>14.36387</Z>
      </Vector3>
      <Vector3>
        <X>-2346.70972</X>
        <Y>-275.7502</Y>
        <Z>12.8745422</Z>
      </Vector3>
      <Vector3>
        <X>-2342.71021</X>
        <Y>-278.966461</Y>
        <Z>14.2704144</Z>
      </Vector3>
      <Vector3>
        <X>-2347.95313</X>
        <Y>-277.283569</Y>
        <Z>14.4222755</Z>
      </Vector3>
      <Vector3>
        <X>-2346.65454</X>
        <Y>-275.709442</Y>
        <Z>14.32882</Z>
      </Vector3>
    </Bounds>
    <CenterCamPosition>
      <X>0</X>
      <Y>0</Y>
    </CenterCamPosition>
    <ScreenBounds />
    <DistanceToCam>0</DistanceToCam>
    <Speed>4.051622</Speed>
    <AccInput>0</AccInput>
    <RPM>1.35798967</RPM>
    <Gear>0</Gear>
    <SteeringAngle>4.463976E-41</SteeringAngle>
    <WheelSpeed>0</WheelSpeed>
    <CarType>Sports</CarType>
  </MyCar>
  <Peds />
  <Time>264830</Time>
  <LastFrameTime>0.026764594</LastFrameTime>
  <MyProperty>0</MyProperty>
  <Weather>Foggy</Weather>
  <Steering>120</Steering>
  <Acc>131</Acc>
  <Brake>127</Brake>
  <DayTime>15:16:13</DayTime>
  <Position>
    <X>-2346.16479</X>
    <Y>-277.422577</Y>
    <Z>14.5307093</Z>
  </Position>
  <Rotation>
    <X>0.15372853</X>
    <Y>3.11921525</Y>
    <Z>50.3917122</Z>
  </Rotation>
</Screenshot>