<?xml version="1.0" encoding="utf-8"?>
<Screenshot xmlns:xsd="http://www.w3.org/2001/XMLSchema" xmlns:xsi="http://www.w3.org/2001/XMLSchema-instance">
  <Cars />
  <MyCar>
    <Position>
      <X>-2345.67773</X>
      <Y>-277.8925</Y>
      <Z>13.623354</Z>
    </Position>
    <Rotation>
      <X>0.6745911</X>
      <Y>2.64080977</Y>
      <Z>50.8345833</Z>
    </Rotation>
    <Handle>104962</Handle>
    <Bounds>
      <Vector3>
        <X>-2344.36768</X>
        <Y>-280.3204</Y>
        <Z>12.9131994</Z>
      </Vector3>
      <Vector3>
        <X>-2343.079</X>
        <Y>-278.7383</Y>
        <Z>12.8190813</Z>
      </Vector3>
      <Vector3>
        <X>-2348.332</X>
        <Y>-277.087646</Y>
        <Z>12.9733639</Z>
      </Vector3>
      <Vector3>
        <X>-2344.312</X>
        <Y>-280.279236</Y>
        <Z>14.36745</Z>
      </Vector3>
      <Vector3>
        <X>-2347.04321</X>
        <Y>-275.505554</Y>
        <Z>12.8792467</Z>
      </Vector3>
      <Vector3>
        <X>-2343.02344</X>
        <Y>-278.6971</Y>
        <Z>14.2733316</Z>
      </Vector3>
      <Vector3>
        <X>-2348.27637</X>
        <Y>-277.046478</Y>
        <Z>14.4276142</Z>
      </Vector3>
      <Vector3>
        <X>-2346.98755</X>
        <Y>-275.4644</Y>
        <Z>14.333497</Z>
      </Vector3>
    </Bounds>
    <CenterCamPosition>
      <X>0</X>
      <Y>0</Y>
    </CenterCamPosition>
    <ScreenBounds />
    <DistanceToCam>0</DistanceToCam>
    <Speed>4.083984</Speed>
    <AccInput>0</AccInput>
    <RPM>1.35798967</RPM>
    <Gear>0</Gear>
    <SteeringAngle>4.463976E-41</SteeringAngle>
    <WheelSpeed>0</WheelSpeed>
    <CarType>Sports</CarType>
  </MyCar>
  <Peds />
  <Time>264930</Time>
  <LastFrameTime>0.0215344317</LastFrameTime>
  <MyProperty>0</MyProperty>
  <Weather>Foggy</Weather>
  <Steering>120</Steering>
  <Acc>131</Acc>
  <Brake>127</Brake>
  <DayTime>15:16:13</DayTime>
  <Position>
    <X>-2346.50342</X>
    <Y>-277.162048</Y>
    <Z>14.5354576</Z>
  </Position>
  <Rotation>
    <X>0.172099277</X>
    <Y>3.14144826</Y>
    <Z>50.7682457</Z>
  </Rotation>
</Screenshot>