<?xml version="1.0" encoding="utf-8"?>
<Screenshot xmlns:xsd="http://www.w3.org/2001/XMLSchema" xmlns:xsi="http://www.w3.org/2001/XMLSchema-instance">
  <Cars />
  <MyCar>
    <Position>
      <X>-2345.82324</X>
      <Y>-277.777618</Y>
      <Z>13.6254282</Z>
    </Position>
    <Rotation>
      <X>0.6745731</X>
      <Y>2.63844919</Y>
      <Z>50.98927</Z>
    </Rotation>
    <Handle>104962</Handle>
    <Bounds>
      <Vector3>
        <X>-2344.50659</X>
        <Y>-280.201965</Y>
        <Z>12.9152308</Z>
      </Vector3>
      <Vector3>
        <X>-2343.22217</X>
        <Y>-278.6164</Y>
        <Z>12.8211975</Z>
      </Vector3>
      <Vector3>
        <X>-2348.47974</X>
        <Y>-276.97995</Y>
        <Z>12.9753942</Z>
      </Vector3>
      <Vector3>
        <X>-2344.45117</X>
        <Y>-280.160675</Y>
        <Z>14.3694839</Z>
      </Vector3>
      <Vector3>
        <X>-2347.195</X>
        <Y>-275.394379</Y>
        <Z>12.881361</Z>
      </Vector3>
      <Vector3>
        <X>-2343.16675</X>
        <Y>-278.5751</Y>
        <Z>14.27545</Z>
      </Vector3>
      <Vector3>
        <X>-2348.424</X>
        <Y>-276.93866</Y>
        <Z>14.4296474</Z>
      </Vector3>
      <Vector3>
        <X>-2347.13965</X>
        <Y>-275.3531</Y>
        <Z>14.3356133</Z>
      </Vector3>
    </Bounds>
    <CenterCamPosition>
      <X>0</X>
      <Y>0</Y>
    </CenterCamPosition>
    <ScreenBounds />
    <DistanceToCam>0</DistanceToCam>
    <Speed>4.095052</Speed>
    <AccInput>0</AccInput>
    <RPM>1.35798967</RPM>
    <Gear>0</Gear>
    <SteeringAngle>4.463976E-41</SteeringAngle>
    <WheelSpeed>0</WheelSpeed>
    <CarType>Sports</CarType>
  </MyCar>
  <Peds />
  <Time>264975</Time>
  <LastFrameTime>0.04528412</LastFrameTime>
  <MyProperty>0</MyProperty>
  <Weather>Foggy</Weather>
  <Steering>122</Steering>
  <Acc>131</Acc>
  <Brake>127</Brake>
  <DayTime>15:16:13</DayTime>
  <Position>
    <X>-2346.57324</X>
    <Y>-277.1087</Y>
    <Z>14.5364494</Z>
  </Position>
  <Rotation>
    <X>0.174853861</X>
    <Y>3.14079475</Y>
    <Z>50.844162</Z>
  </Rotation>
</Screenshot>