<?xml version="1.0" encoding="utf-8"?>
<Screenshot xmlns:xsd="http://www.w3.org/2001/XMLSchema" xmlns:xsi="http://www.w3.org/2001/XMLSchema-instance">
  <Cars />
  <MyCar>
    <Position>
      <X>-2345.609</X>
      <Y>-277.947052</Y>
      <Z>13.62242</Z>
    </Position>
    <Rotation>
      <X>0.6718407</X>
      <Y>2.64146185</Y>
      <Z>50.75882</Z>
    </Rotation>
    <Handle>104962</Handle>
    <Bounds>
      <Vector3>
        <X>-2344.302</X>
        <Y>-280.3767</Y>
        <Z>12.9123993</Z>
      </Vector3>
      <Vector3>
        <X>-2343.01123</X>
        <Y>-278.796326</Y>
        <Z>12.8182592</Z>
      </Vector3>
      <Vector3>
        <X>-2348.262</X>
        <Y>-277.138733</Y>
        <Z>12.97232</Z>
      </Vector3>
      <Vector3>
        <X>-2344.24634</X>
        <Y>-280.335571</Y>
        <Z>14.36665</Z>
      </Vector3>
      <Vector3>
        <X>-2346.97119</X>
        <Y>-275.55835</Y>
        <Z>12.8781786</Z>
      </Vector3>
      <Vector3>
        <X>-2342.95557</X>
        <Y>-278.755157</Y>
        <Z>14.27251</Z>
      </Vector3>
      <Vector3>
        <X>-2348.2063</X>
        <Y>-277.0976</Y>
        <Z>14.42657</Z>
      </Vector3>
      <Vector3>
        <X>-2346.91553</X>
        <Y>-275.517181</Y>
        <Z>14.3324289</Z>
      </Vector3>
    </Bounds>
    <CenterCamPosition>
      <X>0</X>
      <Y>0</Y>
    </CenterCamPosition>
    <ScreenBounds />
    <DistanceToCam>0</DistanceToCam>
    <Speed>4.078325</Speed>
    <AccInput>0</AccInput>
    <RPM>1.35798967</RPM>
    <Gear>0</Gear>
    <SteeringAngle>4.463976E-41</SteeringAngle>
    <WheelSpeed>0</WheelSpeed>
    <CarType>Sports</CarType>
  </MyCar>
  <Peds />
  <Time>264908</Time>
  <LastFrameTime>0.04790432</LastFrameTime>
  <MyProperty>0</MyProperty>
  <Weather>Foggy</Weather>
  <Steering>120</Steering>
  <Acc>131</Acc>
  <Brake>127</Brake>
  <DayTime>15:16:13</DayTime>
  <Position>
    <X>-2346.34863</X>
    <Y>-277.280823</Y>
    <Z>14.5332813</Z>
  </Position>
  <Rotation>
    <X>0.156278819</X>
    <Y>3.12430429</Y>
    <Z>50.60136</Z>
  </Rotation>
</Screenshot>