<?xml version="1.0" encoding="utf-8"?>
<Screenshot xmlns:xsd="http://www.w3.org/2001/XMLSchema" xmlns:xsi="http://www.w3.org/2001/XMLSchema-instance">
  <Cars />
  <MyCar>
    <Position>
      <X>-2345.892</X>
      <Y>-277.723358</Y>
      <Z>13.62642</Z>
    </Position>
    <Rotation>
      <X>0.675272048</X>
      <Y>2.63728619</Y>
      <Z>51.060524</Z>
    </Rotation>
    <Handle>104962</Handle>
    <Bounds>
      <Vector3>
        <X>-2344.57251</X>
        <Y>-280.146057</Y>
        <Z>12.91617</Z>
      </Vector3>
      <Vector3>
        <X>-2343.29</X>
        <Y>-278.558868</Y>
        <Z>12.8221779</Z>
      </Vector3>
      <Vector3>
        <X>-2348.54956</X>
        <Y>-276.928955</Y>
        <Z>12.9763956</Z>
      </Vector3>
      <Vector3>
        <X>-2344.517</X>
        <Y>-280.104736</Y>
        <Z>14.3704243</Z>
      </Vector3>
      <Vector3>
        <X>-2347.26685</X>
        <Y>-275.3418</Y>
        <Z>12.8824034</Z>
      </Vector3>
      <Vector3>
        <X>-2343.23462</X>
        <Y>-278.517548</Y>
        <Z>14.276432</Z>
      </Vector3>
      <Vector3>
        <X>-2348.494</X>
        <Y>-276.887634</Y>
        <Z>14.43065</Z>
      </Vector3>
      <Vector3>
        <X>-2347.21143</X>
        <Y>-275.300476</Y>
        <Z>14.3366575</Z>
      </Vector3>
    </Bounds>
    <CenterCamPosition>
      <X>0</X>
      <Y>0</Y>
    </CenterCamPosition>
    <ScreenBounds />
    <DistanceToCam>0</DistanceToCam>
    <Speed>4.099804</Speed>
    <AccInput>0</AccInput>
    <RPM>1.35798967</RPM>
    <Gear>0</Gear>
    <SteeringAngle>4.463976E-41</SteeringAngle>
    <WheelSpeed>0</WheelSpeed>
    <CarType>Sports</CarType>
  </MyCar>
  <Peds />
  <Time>264997</Time>
  <LastFrameTime>0.0213982072</LastFrameTime>
  <MyProperty>0</MyProperty>
  <Weather>Foggy</Weather>
  <Steering>122</Steering>
  <Acc>131</Acc>
  <Brake>127</Brake>
  <DayTime>15:16:13</DayTime>
  <Position>
    <X>-2346.721</X>
    <Y>-276.996277</Y>
    <Z>14.5385246</Z>
  </Position>
  <Rotation>
    <X>0.1748354</X>
    <Y>3.13843465</Y>
    <Z>50.9988365</Z>
  </Rotation>
</Screenshot>