<?xml version="1.0" encoding="utf-8"?>
<Screenshot xmlns:xsd="http://www.w3.org/2001/XMLSchema" xmlns:xsi="http://www.w3.org/2001/XMLSchema-instance">
  <Cars />
  <MyCar>
    <Position>
      <X>-2346.123</X>
      <Y>-277.5418</Y>
      <Z>13.6297293</Z>
    </Position>
    <Rotation>
      <X>0.6769913</X>
      <Y>2.63346934</Y>
      <Z>51.2851143</Z>
    </Rotation>
    <Handle>104962</Handle>
    <Bounds>
      <Vector3>
        <X>-2344.794</X>
        <Y>-279.959259</Y>
        <Z>12.9193325</Z>
      </Vector3>
      <Vector3>
        <X>-2343.51782</X>
        <Y>-278.367065</Y>
        <Z>12.8254766</Z>
      </Vector3>
      <Vector3>
        <X>-2348.78345</X>
        <Y>-276.757782</Y>
        <Z>12.9797115</Z>
      </Vector3>
      <Vector3>
        <X>-2344.73877</X>
        <Y>-279.917816</Y>
        <Z>14.37359</Z>
      </Vector3>
      <Vector3>
        <X>-2347.50732</X>
        <Y>-275.1656</Y>
        <Z>12.8858557</Z>
      </Vector3>
      <Vector3>
        <X>-2343.4624</X>
        <Y>-278.325653</Y>
        <Z>14.2797346</Z>
      </Vector3>
      <Vector3>
        <X>-2348.72827</X>
        <Y>-276.71637</Y>
        <Z>14.43397</Z>
      </Vector3>
      <Vector3>
        <X>-2347.452</X>
        <Y>-275.124176</Y>
        <Z>14.3401136</Z>
      </Vector3>
    </Bounds>
    <CenterCamPosition>
      <X>0</X>
      <Y>0</Y>
    </CenterCamPosition>
    <ScreenBounds />
    <DistanceToCam>0</DistanceToCam>
    <Speed>4.129778</Speed>
    <AccInput>0</AccInput>
    <RPM>1.35798967</RPM>
    <Gear>0</Gear>
    <SteeringAngle>4.463976E-41</SteeringAngle>
    <WheelSpeed>0</WheelSpeed>
    <CarType>Sports</CarType>
  </MyCar>
  <Peds />
  <Time>265068</Time>
  <LastFrameTime>0.0265346579</LastFrameTime>
  <MyProperty>0</MyProperty>
  <Weather>Foggy</Weather>
  <Steering>122</Steering>
  <Acc>136</Acc>
  <Brake>127</Brake>
  <DayTime>15:16:13</DayTime>
  <Position>
    <X>-2346.9375</X>
    <Y>-276.8315</Y>
    <Z>14.5416193</Z>
  </Position>
  <Rotation>
    <X>0.176127389</X>
    <Y>3.13330269</Y>
    <Z>51.2129059</Z>
  </Rotation>
</Screenshot>