<?xml version="1.0" encoding="utf-8"?>
<Screenshot xmlns:xsd="http://www.w3.org/2001/XMLSchema" xmlns:xsi="http://www.w3.org/2001/XMLSchema-instance">
  <Cars />
  <MyCar>
    <Position>
      <X>-2346.03687</X>
      <Y>-277.6094</Y>
      <Z>13.6284924</Z>
    </Position>
    <Rotation>
      <X>0.6758643</X>
      <Y>2.63331747</Y>
      <Z>51.2032852</Z>
    </Rotation>
    <Handle>104962</Handle>
    <Bounds>
      <Vector3>
        <X>-2344.71118</X>
        <Y>-280.028748</Y>
        <Z>12.9181433</Z>
      </Vector3>
      <Vector3>
        <X>-2343.43262</X>
        <Y>-278.4384</Y>
        <Z>12.8242922</Z>
      </Vector3>
      <Vector3>
        <X>-2348.69629</X>
        <Y>-276.8216</Y>
        <Z>12.9784212</Z>
      </Vector3>
      <Vector3>
        <X>-2344.656</X>
        <Y>-279.9874</Y>
        <Z>14.3724012</Z>
      </Vector3>
      <Vector3>
        <X>-2347.41772</X>
        <Y>-275.231232</Y>
        <Z>12.8845711</Z>
      </Vector3>
      <Vector3>
        <X>-2343.37744</X>
        <Y>-278.397034</Y>
        <Z>14.2785511</Z>
      </Vector3>
      <Vector3>
        <X>-2348.64087</X>
        <Y>-276.7802</Y>
        <Z>14.43268</Z>
      </Vector3>
      <Vector3>
        <X>-2347.3623</X>
        <Y>-275.18985</Y>
        <Z>14.33883</Z>
      </Vector3>
    </Bounds>
    <CenterCamPosition>
      <X>0</X>
      <Y>0</Y>
    </CenterCamPosition>
    <ScreenBounds />
    <DistanceToCam>0</DistanceToCam>
    <Speed>4.117241</Speed>
    <AccInput>0</AccInput>
    <RPM>1.35798967</RPM>
    <Gear>0</Gear>
    <SteeringAngle>4.463976E-41</SteeringAngle>
    <WheelSpeed>0</WheelSpeed>
    <CarType>Sports</CarType>
  </MyCar>
  <Peds />
  <Time>265041</Time>
  <LastFrameTime>0.0448307656</LastFrameTime>
  <MyProperty>0</MyProperty>
  <Weather>Foggy</Weather>
  <Steering>122</Steering>
  <Acc>135</Acc>
  <Brake>127</Brake>
  <DayTime>15:16:13</DayTime>
  <Position>
    <X>-2346.79077</X>
    <Y>-276.943176</Y>
    <Z>14.5395317</Z>
  </Position>
  <Rotation>
    <X>0.175535381</X>
    <Y>3.13727164</Y>
    <Z>51.07013</Z>
  </Rotation>
</Screenshot>