<?xml version="1.0" encoding="utf-8"?>
<Screenshot xmlns:xsd="http://www.w3.org/2001/XMLSchema" xmlns:xsi="http://www.w3.org/2001/XMLSchema-instance">
  <Cars />
  <MyCar>
    <Position>
      <X>-2346.31055</X>
      <Y>-277.394928</Y>
      <Z>13.6324072</Z>
    </Position>
    <Rotation>
      <X>0.6818237</X>
      <Y>2.63325739</Y>
      <Z>51.446022</Z>
    </Rotation>
    <Handle>104962</Handle>
    <Bounds>
      <Vector3>
        <X>-2344.97485</X>
        <Y>-279.8086</Y>
        <Z>12.921792</Z>
      </Vector3>
      <Vector3>
        <X>-2343.703</X>
        <Y>-278.21283</Y>
        <Z>12.8279428</Z>
      </Vector3>
      <Vector3>
        <X>-2348.97314</X>
        <Y>-276.618347</Y>
        <Z>12.9826021</Z>
      </Vector3>
      <Vector3>
        <X>-2344.91943</X>
        <Y>-279.7671</Y>
        <Z>14.376049</Z>
      </Vector3>
      <Vector3>
        <X>-2347.70142</X>
        <Y>-275.022583</Y>
        <Z>12.8887539</Z>
      </Vector3>
      <Vector3>
        <X>-2343.64771</X>
        <Y>-278.171326</Y>
        <Z>14.2822</Z>
      </Vector3>
      <Vector3>
        <X>-2348.918</X>
        <Y>-276.576843</Y>
        <Z>14.4368591</Z>
      </Vector3>
      <Vector3>
        <X>-2347.64624</X>
        <Y>-274.981049</Y>
        <Z>14.3430109</Z>
      </Vector3>
    </Bounds>
    <CenterCamPosition>
      <X>0</X>
      <Y>0</Y>
    </CenterCamPosition>
    <ScreenBounds />
    <DistanceToCam>0</DistanceToCam>
    <Speed>4.177035</Speed>
    <AccInput>0</AccInput>
    <RPM>1.35798967</RPM>
    <Gear>0</Gear>
    <SteeringAngle>4.463976E-41</SteeringAngle>
    <WheelSpeed>0</WheelSpeed>
    <CarType>Sports</CarType>
  </MyCar>
  <Peds />
  <Time>265125</Time>
  <LastFrameTime>0.05719449</LastFrameTime>
  <MyProperty>0</MyProperty>
  <Weather>Foggy</Weather>
  <Steering>123</Steering>
  <Acc>141</Acc>
  <Brake>127</Brake>
  <DayTime>15:16:13</DayTime>
  <Position>
    <X>-2347.02466</X>
    <Y>-276.7652</Y>
    <Z>14.54288</Z>
  </Position>
  <Rotation>
    <X>0.177256286</X>
    <Y>3.13345432</Y>
    <Z>51.2948</Z>
  </Rotation>
</Screenshot>