<?xml version="1.0" encoding="utf-8"?>
<Screenshot xmlns:xsd="http://www.w3.org/2001/XMLSchema" xmlns:xsi="http://www.w3.org/2001/XMLSchema-instance">
  <Cars />
  <MyCar>
    <Position>
      <X>-2346.395</X>
      <Y>-277.328766</Y>
      <Z>13.633605</Z>
    </Position>
    <Rotation>
      <X>0.684344947</X>
      <Y>2.63422346</Y>
      <Z>51.5137444</Z>
    </Rotation>
    <Handle>104962</Handle>
    <Bounds>
      <Vector3>
        <X>-2345.0564</X>
        <Y>-279.740845</Y>
        <Z>12.9228954</Z>
      </Vector3>
      <Vector3>
        <X>-2343.78638</X>
        <Y>-278.1436</Y>
        <Z>12.8290119</Z>
      </Vector3>
      <Vector3>
        <X>-2349.05859</X>
        <Y>-276.5553</Y>
        <Z>12.9839306</Z>
      </Vector3>
      <Vector3>
        <X>-2345.00122</X>
        <Y>-279.6993</Y>
        <Z>14.3771505</Z>
      </Vector3>
      <Vector3>
        <X>-2347.78882</X>
        <Y>-274.958038</Y>
        <Z>12.8900471</Z>
      </Vector3>
      <Vector3>
        <X>-2343.7312</X>
        <Y>-278.10202</Y>
        <Z>14.283267</Z>
      </Vector3>
      <Vector3>
        <X>-2349.00342</X>
        <Y>-276.513763</Y>
        <Z>14.4381857</Z>
      </Vector3>
      <Vector3>
        <X>-2347.7334</X>
        <Y>-274.916473</Y>
        <Z>14.3443022</Z>
      </Vector3>
    </Bounds>
    <CenterCamPosition>
      <X>0</X>
      <Y>0</Y>
    </CenterCamPosition>
    <ScreenBounds />
    <DistanceToCam>0</DistanceToCam>
    <Speed>4.199939</Speed>
    <AccInput>0</AccInput>
    <RPM>1.35798967</RPM>
    <Gear>0</Gear>
    <SteeringAngle>4.463976E-41</SteeringAngle>
    <WheelSpeed>0</WheelSpeed>
    <CarType>Sports</CarType>
  </MyCar>
  <Peds />
  <Time>265151</Time>
  <LastFrameTime>0.0255981628</LastFrameTime>
  <MyProperty>0</MyProperty>
  <Weather>Foggy</Weather>
  <Steering>123</Steering>
  <Acc>142</Acc>
  <Brake>127</Brake>
  <DayTime>15:16:13</DayTime>
  <Position>
    <X>-2347.21436</X>
    <Y>-276.6209</Y>
    <Z>14.5456581</Z>
  </Position>
  <Rotation>
    <X>0.18209587</X>
    <Y>3.13324142</Y>
    <Z>51.45597</Z>
  </Rotation>
</Screenshot>