<?xml version="1.0" encoding="utf-8"?>
<Screenshot xmlns:xsd="http://www.w3.org/2001/XMLSchema" xmlns:xsi="http://www.w3.org/2001/XMLSchema-instance">
  <Cars />
  <MyCar>
    <Position>
      <X>-2346.48413</X>
      <Y>-277.259064</Y>
      <Z>13.6348591</Z>
    </Position>
    <Rotation>
      <X>0.68722713</X>
      <Y>2.636097</Y>
      <Z>51.5815125</Z>
    </Rotation>
    <Handle>104962</Handle>
    <Bounds>
      <Vector3>
        <X>-2345.14282</X>
        <Y>-279.669556</Y>
        <Z>12.9240561</Z>
      </Vector3>
      <Vector3>
        <X>-2343.87476</X>
        <Y>-278.0708</Y>
        <Z>12.8301058</Z>
      </Vector3>
      <Vector3>
        <X>-2349.14868</X>
        <Y>-276.488739</Y>
        <Z>12.9853477</Z>
      </Vector3>
      <Vector3>
        <X>-2345.0874</X>
        <Y>-279.62796</Y>
        <Z>14.3783083</Z>
      </Vector3>
      <Vector3>
        <X>-2347.88062</X>
        <Y>-274.889984</Y>
        <Z>12.8913984</Z>
      </Vector3>
      <Vector3>
        <X>-2343.81934</X>
        <Y>-278.0292</Y>
        <Z>14.284358</Z>
      </Vector3>
      <Vector3>
        <X>-2349.09351</X>
        <Y>-276.447144</Y>
        <Z>14.4396</Z>
      </Vector3>
      <Vector3>
        <X>-2347.82544</X>
        <Y>-274.848358</Y>
        <Z>14.3456507</Z>
      </Vector3>
    </Bounds>
    <CenterCamPosition>
      <X>0</X>
      <Y>0</Y>
    </CenterCamPosition>
    <ScreenBounds />
    <DistanceToCam>0</DistanceToCam>
    <Speed>4.22611141</Speed>
    <AccInput>0</AccInput>
    <RPM>1.35798967</RPM>
    <Gear>0</Gear>
    <SteeringAngle>4.463976E-41</SteeringAngle>
    <WheelSpeed>0</WheelSpeed>
    <CarType>Sports</CarType>
  </MyCar>
  <Peds />
  <Time>265178</Time>
  <LastFrameTime>0.0268213786</LastFrameTime>
  <MyProperty>0</MyProperty>
  <Weather>Foggy</Weather>
  <Steering>123</Steering>
  <Acc>143</Acc>
  <Brake>127</Brake>
  <DayTime>15:16:13</DayTime>
  <Position>
    <X>-2347.2998</X>
    <Y>-276.555817</Y>
    <Z>14.5469074</Z>
  </Position>
  <Rotation>
    <X>0.184621125</X>
    <Y>3.13420749</Y>
    <Z>51.5238342</Z>
  </Rotation>
</Screenshot>