<?xml version="1.0" encoding="utf-8"?>
<Screenshot xmlns:xsd="http://www.w3.org/2001/XMLSchema" xmlns:xsi="http://www.w3.org/2001/XMLSchema-instance">
  <Cars />
  <MyCar>
    <Position>
      <X>-2346.64185</X>
      <Y>-277.136017</Y>
      <Z>13.6370993</Z>
    </Position>
    <Rotation>
      <X>0.695307553</X>
      <Y>2.6446135</Y>
      <Z>51.6923256</Z>
    </Rotation>
    <Handle>104962</Handle>
    <Bounds>
      <Vector3>
        <X>-2345.296</X>
        <Y>-279.543945</Y>
        <Z>12.9260941</Z>
      </Vector3>
      <Vector3>
        <X>-2344.031</X>
        <Y>-277.942749</Y>
        <Z>12.8318405</Z>
      </Vector3>
      <Vector3>
        <X>-2349.308</X>
        <Y>-276.37085</Y>
        <Z>12.9881058</Z>
      </Vector3>
      <Vector3>
        <X>-2345.24048</X>
        <Y>-279.5022</Y>
        <Z>14.3803329</Z>
      </Vector3>
      <Vector3>
        <X>-2348.04321</X>
        <Y>-274.769653</Y>
        <Z>12.8938532</Z>
      </Vector3>
      <Vector3>
        <X>-2343.97559</X>
        <Y>-277.901</Y>
        <Z>14.28608</Z>
      </Vector3>
      <Vector3>
        <X>-2349.25244</X>
        <Y>-276.3291</Y>
        <Z>14.4423456</Z>
      </Vector3>
      <Vector3>
        <X>-2347.98755</X>
        <Y>-274.7279</Y>
        <Z>14.348093</Z>
      </Vector3>
    </Bounds>
    <CenterCamPosition>
      <X>0</X>
      <Y>0</Y>
    </CenterCamPosition>
    <ScreenBounds />
    <DistanceToCam>0</DistanceToCam>
    <Speed>4.277759</Speed>
    <AccInput>0</AccInput>
    <RPM>1.35798967</RPM>
    <Gear>0</Gear>
    <SteeringAngle>4.463976E-41</SteeringAngle>
    <WheelSpeed>0</WheelSpeed>
    <CarType>Sports</CarType>
  </MyCar>
  <Peds />
  <Time>265225</Time>
  <LastFrameTime>0.0468880758</LastFrameTime>
  <MyProperty>0</MyProperty>
  <Weather>Foggy</Weather>
  <Steering>123</Steering>
  <Acc>144</Acc>
  <Brake>127</Brake>
  <DayTime>15:16:13</DayTime>
  <Position>
    <X>-2347.38965</X>
    <Y>-276.487183</Y>
    <Z>14.54822</Z>
  </Position>
  <Rotation>
    <X>0.187508136</X>
    <Y>3.13608027</Y>
    <Z>51.59177</Z>
  </Rotation>
</Screenshot>