<?xml version="1.0" encoding="utf-8"?>
<Screenshot xmlns:xsd="http://www.w3.org/2001/XMLSchema" xmlns:xsi="http://www.w3.org/2001/XMLSchema-instance">
  <Cars />
  <MyCar>
    <Position>
      <X>-2346.7085</X>
      <Y>-277.084</Y>
      <Z>13.6380968</Z>
    </Position>
    <Rotation>
      <X>0.7002872</X>
      <Y>2.64763546</Y>
      <Z>51.7372055</Z>
    </Rotation>
    <Handle>104962</Handle>
    <Bounds>
      <Vector3>
        <X>-2345.36084</X>
        <Y>-279.490875</Y>
        <Z>12.9269257</Z>
      </Vector3>
      <Vector3>
        <X>-2344.09717</X>
        <Y>-277.8887</Y>
        <Z>12.8325653</Z>
      </Vector3>
      <Vector3>
        <X>-2349.37524</X>
        <Y>-276.320923</Y>
        <Z>12.9893818</Z>
      </Vector3>
      <Vector3>
        <X>-2345.30518</X>
        <Y>-279.4491</Y>
        <Z>14.38116</Z>
      </Vector3>
      <Vector3>
        <X>-2348.11157</X>
        <Y>-274.718719</Y>
        <Z>12.8950214</Z>
      </Vector3>
      <Vector3>
        <X>-2344.0415</X>
        <Y>-277.846924</Y>
        <Z>14.2867994</Z>
      </Vector3>
      <Vector3>
        <X>-2349.31982</X>
        <Y>-276.279144</Y>
        <Z>14.4436169</Z>
      </Vector3>
      <Vector3>
        <X>-2348.05615</X>
        <Y>-274.676941</Y>
        <Z>14.3492556</Z>
      </Vector3>
    </Bounds>
    <CenterCamPosition>
      <X>0</X>
      <Y>0</Y>
    </CenterCamPosition>
    <ScreenBounds />
    <DistanceToCam>0</DistanceToCam>
    <Speed>4.299616</Speed>
    <AccInput>0</AccInput>
    <RPM>1.35798967</RPM>
    <Gear>0</Gear>
    <SteeringAngle>4.463976E-41</SteeringAngle>
    <WheelSpeed>0</WheelSpeed>
    <CarType>Sports</CarType>
  </MyCar>
  <Peds />
  <Time>265244</Time>
  <LastFrameTime>0.0196896773</LastFrameTime>
  <MyProperty>0</MyProperty>
  <Weather>Foggy</Weather>
  <Steering>123</Steering>
  <Acc>145</Acc>
  <Brake>127</Brake>
  <DayTime>15:16:13</DayTime>
  <Position>
    <X>-2347.54858</X>
    <Y>-276.365875</Y>
    <Z>14.550621</Z>
  </Position>
  <Rotation>
    <X>0.195602119</X>
    <Y>3.14459515</Y>
    <Z>51.7030525</Z>
  </Rotation>
</Screenshot>