<?xml version="1.0" encoding="utf-8"?>
<Screenshot xmlns:xsd="http://www.w3.org/2001/XMLSchema" xmlns:xsi="http://www.w3.org/2001/XMLSchema-instance">
  <Cars />
  <MyCar>
    <Position>
      <X>-2346.819</X>
      <Y>-276.997955</Y>
      <Z>13.6397438</Z>
    </Position>
    <Rotation>
      <X>0.709687352</X>
      <Y>2.653694</Y>
      <Z>51.8085327</Z>
    </Rotation>
    <Handle>104962</Handle>
    <Bounds>
      <Vector3>
        <X>-2345.46851</X>
        <Y>-279.403137</Y>
        <Z>12.9282665</Z>
      </Vector3>
      <Vector3>
        <X>-2344.20679</X>
        <Y>-277.799377</Y>
        <Z>12.83369</Z>
      </Vector3>
      <Vector3>
        <X>-2349.487</X>
        <Y>-276.238159</Y>
        <Z>12.9915609</Z>
      </Vector3>
      <Vector3>
        <X>-2345.4126</X>
        <Y>-279.361328</Y>
        <Z>14.3824911</Z>
      </Vector3>
      <Vector3>
        <X>-2348.22534</X>
        <Y>-274.6344</Y>
        <Z>12.8969841</Z>
      </Vector3>
      <Vector3>
        <X>-2344.15112</X>
        <Y>-277.757568</Y>
        <Z>14.2879143</Z>
      </Vector3>
      <Vector3>
        <X>-2349.43115</X>
        <Y>-276.19632</Y>
        <Z>14.4457855</Z>
      </Vector3>
      <Vector3>
        <X>-2348.16943</X>
        <Y>-274.59256</Y>
        <Z>14.3512087</Z>
      </Vector3>
    </Bounds>
    <CenterCamPosition>
      <X>0</X>
      <Y>0</Y>
    </CenterCamPosition>
    <ScreenBounds />
    <DistanceToCam>0</DistanceToCam>
    <Speed>4.33727837</Speed>
    <AccInput>0</AccInput>
    <RPM>1.35798967</RPM>
    <Gear>0</Gear>
    <SteeringAngle>4.463976E-41</SteeringAngle>
    <WheelSpeed>0</WheelSpeed>
    <CarType>Sports</CarType>
  </MyCar>
  <Peds />
  <Time>265277</Time>
  <LastFrameTime>0.03236588</LastFrameTime>
  <MyProperty>0</MyProperty>
  <Weather>Foggy</Weather>
  <Steering>123</Steering>
  <Acc>145</Acc>
  <Brake>127</Brake>
  <DayTime>15:16:13</DayTime>
  <Position>
    <X>-2347.61572</X>
    <Y>-276.314575</Y>
    <Z>14.55172</Z>
  </Position>
  <Rotation>
    <X>0.200589865</X>
    <Y>3.14761639</Y>
    <Z>51.74822</Z>
  </Rotation>
</Screenshot>