<?xml version="1.0" encoding="utf-8"?>
<Screenshot xmlns:xsd="http://www.w3.org/2001/XMLSchema" xmlns:xsi="http://www.w3.org/2001/XMLSchema-instance">
  <Cars />
  <MyCar>
    <Position>
      <X>-2347.055</X>
      <Y>-276.814667</Y>
      <Z>13.6432734</Z>
    </Position>
    <Rotation>
      <X>0.7282566</X>
      <Y>2.66550946</Y>
      <Z>51.9518776</Z>
    </Rotation>
    <Handle>104962</Handle>
    <Bounds>
      <Vector3>
        <X>-2345.69873</X>
        <Y>-279.216461</Y>
        <Z>12.9311886</Z>
      </Vector3>
      <Vector3>
        <X>-2344.44116</X>
        <Y>-277.6096</Y>
        <Z>12.8361912</Z>
      </Vector3>
      <Vector3>
        <X>-2349.72485</X>
        <Y>-276.061462</Y>
        <Z>12.9961386</Z>
      </Vector3>
      <Vector3>
        <X>-2345.64233</X>
        <Y>-279.174561</Y>
        <Z>14.3853931</Z>
      </Vector3>
      <Vector3>
        <X>-2348.46729</X>
        <Y>-274.4546</Y>
        <Z>12.9011412</Z>
      </Vector3>
      <Vector3>
        <X>-2344.38477</X>
        <Y>-277.567657</Y>
        <Z>14.2903957</Z>
      </Vector3>
      <Vector3>
        <X>-2349.6687</X>
        <Y>-276.019562</Y>
        <Z>14.4503431</Z>
      </Vector3>
      <Vector3>
        <X>-2348.41113</X>
        <Y>-274.4127</Y>
        <Z>14.3553457</Z>
      </Vector3>
    </Bounds>
    <CenterCamPosition>
      <X>0</X>
      <Y>0</Y>
    </CenterCamPosition>
    <ScreenBounds />
    <DistanceToCam>0</DistanceToCam>
    <Speed>4.416383</Speed>
    <AccInput>0</AccInput>
    <RPM>1.35798967</RPM>
    <Gear>0</Gear>
    <SteeringAngle>4.463976E-41</SteeringAngle>
    <WheelSpeed>0</WheelSpeed>
    <CarType>Sports</CarType>
  </MyCar>
  <Peds />
  <Time>265345</Time>
  <LastFrameTime>0.0199186821</LastFrameTime>
  <MyProperty>0</MyProperty>
  <Weather>Foggy</Weather>
  <Steering>123</Steering>
  <Acc>145</Acc>
  <Brake>127</Brake>
  <DayTime>15:16:13</DayTime>
  <Position>
    <X>-2347.89478</X>
    <Y>-276.101837</Y>
    <Z>14.5563259</Z>
  </Position>
  <Rotation>
    <X>0.223755673</X>
    <Y>3.16184926</Y>
    <Z>51.92284</Z>
  </Rotation>
</Screenshot>