<?xml version="1.0" encoding="utf-8"?>
<Screenshot xmlns:xsd="http://www.w3.org/2001/XMLSchema" xmlns:xsi="http://www.w3.org/2001/XMLSchema-instance">
  <Cars />
  <MyCar>
    <Position>
      <X>-2347.166</X>
      <Y>-276.7287</Y>
      <Z>13.64493</Z>
    </Position>
    <Rotation>
      <X>0.7367334</X>
      <Y>2.67143083</Y>
      <Z>52.016655</Z>
    </Rotation>
    <Handle>104962</Handle>
    <Bounds>
      <Vector3>
        <X>-2345.80713</X>
        <Y>-279.128967</Y>
        <Z>12.9325781</Z>
      </Vector3>
      <Vector3>
        <X>-2344.55127</X>
        <Y>-277.52066</Y>
        <Z>12.83737</Z>
      </Vector3>
      <Vector3>
        <X>-2349.837</X>
        <Y>-275.978516</Y>
        <Z>12.9982834</Z>
      </Vector3>
      <Vector3>
        <X>-2345.75073</X>
        <Y>-279.087</Y>
        <Z>14.3867722</Z>
      </Vector3>
      <Vector3>
        <X>-2348.5813</X>
        <Y>-274.3702</Y>
        <Z>12.9030752</Z>
      </Vector3>
      <Vector3>
        <X>-2344.49487</X>
        <Y>-277.4787</Y>
        <Z>14.291564</Z>
      </Vector3>
      <Vector3>
        <X>-2349.78052</X>
        <Y>-275.936554</Y>
        <Z>14.4524775</Z>
      </Vector3>
      <Vector3>
        <X>-2348.52466</X>
        <Y>-274.328247</Y>
        <Z>14.35727</Z>
      </Vector3>
    </Bounds>
    <CenterCamPosition>
      <X>0</X>
      <Y>0</Y>
    </CenterCamPosition>
    <ScreenBounds />
    <DistanceToCam>0</DistanceToCam>
    <Speed>4.45304632</Speed>
    <AccInput>0</AccInput>
    <RPM>1.35798967</RPM>
    <Gear>0</Gear>
    <SteeringAngle>4.463976E-41</SteeringAngle>
    <WheelSpeed>0</WheelSpeed>
    <CarType>Sports</CarType>
  </MyCar>
  <Peds />
  <Time>265376</Time>
  <LastFrameTime>0.031592913</LastFrameTime>
  <MyProperty>0</MyProperty>
  <Weather>Foggy</Weather>
  <Steering>123</Steering>
  <Acc>145</Acc>
  <Brake>127</Brake>
  <DayTime>15:16:13</DayTime>
  <Position>
    <X>-2347.9646</X>
    <Y>-276.048676</Y>
    <Z>14.5574627</Z>
  </Position>
  <Rotation>
    <X>0.22860533</X>
    <Y>3.16548419</Y>
    <Z>51.9644966</Z>
  </Rotation>
</Screenshot>