<?xml version="1.0" encoding="utf-8"?>
<Screenshot xmlns:xsd="http://www.w3.org/2001/XMLSchema" xmlns:xsi="http://www.w3.org/2001/XMLSchema-instance">
  <Cars />
  <MyCar>
    <Position>
      <X>-2346.9856</X>
      <Y>-276.8685</Y>
      <Z>13.6422338</Z>
    </Position>
    <Rotation>
      <X>0.723414958</X>
      <Y>2.66187334</Y>
      <Z>51.9105</Z>
    </Rotation>
    <Handle>104962</Handle>
    <Bounds>
      <Vector3>
        <X>-2345.63086</X>
        <Y>-279.271271</Y>
        <Z>12.9302969</Z>
      </Vector3>
      <Vector3>
        <X>-2344.372</X>
        <Y>-277.665283</Y>
        <Z>12.8354292</Z>
      </Vector3>
      <Vector3>
        <X>-2349.655</X>
        <Y>-276.1134</Y>
        <Z>12.9948149</Z>
      </Vector3>
      <Vector3>
        <X>-2345.57471</X>
        <Y>-279.2294</Y>
        <Z>14.3845081</Z>
      </Vector3>
      <Vector3>
        <X>-2348.39624</X>
        <Y>-274.507416</Y>
        <Z>12.8999472</Z>
      </Vector3>
      <Vector3>
        <X>-2344.316</X>
        <Y>-277.6234</Y>
        <Z>14.28964</Z>
      </Vector3>
      <Vector3>
        <X>-2349.59888</X>
        <Y>-276.071533</Y>
        <Z>14.4490261</Z>
      </Vector3>
      <Vector3>
        <X>-2348.34</X>
        <Y>-274.465546</Y>
        <Z>14.3541584</Z>
      </Vector3>
    </Bounds>
    <CenterCamPosition>
      <X>0</X>
      <Y>0</Y>
    </CenterCamPosition>
    <ScreenBounds />
    <DistanceToCam>0</DistanceToCam>
    <Speed>4.39327</Speed>
    <AccInput>0</AccInput>
    <RPM>1.35798967</RPM>
    <Gear>0</Gear>
    <SteeringAngle>4.463976E-41</SteeringAngle>
    <WheelSpeed>0</WheelSpeed>
    <CarType>Sports</CarType>
  </MyCar>
  <Peds />
  <Time>265325</Time>
  <LastFrameTime>0.048180487</LastFrameTime>
  <MyProperty>0</MyProperty>
  <Weather>Foggy</Weather>
  <Steering>123</Steering>
  <Acc>145</Acc>
  <Brake>127</Brake>
  <DayTime>15:16:13</DayTime>
  <Position>
    <X>-2347.72729</X>
    <Y>-276.229675</Y>
    <Z>14.5535574</Z>
  </Position>
  <Rotation>
    <X>0.2100052</X>
    <Y>3.15367222</Y>
    <Z>51.8200836</Z>
  </Rotation>
</Screenshot>