<?xml version="1.0" encoding="utf-8"?>
<Screenshot xmlns:xsd="http://www.w3.org/2001/XMLSchema" xmlns:xsi="http://www.w3.org/2001/XMLSchema-instance">
  <Cars />
  <MyCar>
    <Position>
      <X>-2347.518</X>
      <Y>-276.457275</Y>
      <Z>13.6502466</Z>
    </Position>
    <Rotation>
      <X>0.76345396</X>
      <Y>2.68842053</Y>
      <Z>52.2146568</Z>
    </Rotation>
    <Handle>104962</Handle>
    <Bounds>
      <Vector3>
        <X>-2346.15137</X>
        <Y>-278.8528</Y>
        <Z>12.93702</Z>
      </Vector3>
      <Vector3>
        <X>-2344.90112</X>
        <Y>-277.2402</Y>
        <Z>12.8412075</Z>
      </Vector3>
      <Vector3>
        <X>-2350.192</X>
        <Y>-275.716217</Y>
        <Z>13.0051079</Z>
      </Vector3>
      <Vector3>
        <X>-2346.09424</X>
        <Y>-278.81076</Y>
        <Z>14.3911867</Z>
      </Vector3>
      <Vector3>
        <X>-2348.94165</X>
        <Y>-274.1036</Y>
        <Z>12.9092941</Z>
      </Vector3>
      <Vector3>
        <X>-2344.844</X>
        <Y>-277.19812</Y>
        <Z>14.295373</Z>
      </Vector3>
      <Vector3>
        <X>-2350.13477</X>
        <Y>-275.674133</Y>
        <Z>14.4592733</Z>
      </Vector3>
      <Vector3>
        <X>-2348.88452</X>
        <Y>-274.061523</Y>
        <Z>14.3634605</Z>
      </Vector3>
    </Bounds>
    <CenterCamPosition>
      <X>0</X>
      <Y>0</Y>
    </CenterCamPosition>
    <ScreenBounds />
    <DistanceToCam>0</DistanceToCam>
    <Speed>4.566848</Speed>
    <AccInput>0</AccInput>
    <RPM>1.35798967</RPM>
    <Gear>0</Gear>
    <SteeringAngle>4.463976E-41</SteeringAngle>
    <WheelSpeed>0</WheelSpeed>
    <CarType>Sports</CarType>
  </MyCar>
  <Peds />
  <Time>265475</Time>
  <LastFrameTime>0.0500218272</LastFrameTime>
  <MyProperty>0</MyProperty>
  <Weather>Foggy</Weather>
  <Steering>123</Steering>
  <Acc>145</Acc>
  <Brake>127</Brake>
  <DayTime>15:16:13</DayTime>
  <Position>
    <X>-2348.249</X>
    <Y>-275.832733</Y>
    <Z>14.5621481</Z>
  </Position>
  <Rotation>
    <X>0.250322431</X>
    <Y>3.18078351</Y>
    <Z>52.1281662</Z>
  </Rotation>
</Screenshot>