<?xml version="1.0" encoding="utf-8"?>
<Screenshot xmlns:xsd="http://www.w3.org/2001/XMLSchema" xmlns:xsi="http://www.w3.org/2001/XMLSchema-instance">
  <Cars />
  <MyCar>
    <Position>
      <X>-2347.33765</X>
      <Y>-276.59613</Y>
      <Z>13.647521</Z>
    </Position>
    <Rotation>
      <X>0.749937</X>
      <Y>2.68081427</Y>
      <Z>52.11428</Z>
    </Rotation>
    <Handle>104962</Handle>
    <Bounds>
      <Vector3>
        <X>-2345.97485</X>
        <Y>-278.99408</Y>
        <Z>12.9347553</Z>
      </Vector3>
      <Vector3>
        <X>-2344.722</X>
        <Y>-277.383667</Y>
        <Z>12.8392124</Z>
      </Vector3>
      <Vector3>
        <X>-2350.01</X>
        <Y>-275.850464</Y>
        <Z>13.0016375</Z>
      </Vector3>
      <Vector3>
        <X>-2345.918</X>
        <Y>-278.952057</Y>
        <Z>14.3889341</Z>
      </Vector3>
      <Vector3>
        <X>-2348.757</X>
        <Y>-274.240021</Y>
        <Z>12.9060955</Z>
      </Vector3>
      <Vector3>
        <X>-2344.665</X>
        <Y>-277.3416</Y>
        <Z>14.2933922</Z>
      </Vector3>
      <Vector3>
        <X>-2349.95313</X>
        <Y>-275.8084</Y>
        <Z>14.4558172</Z>
      </Vector3>
      <Vector3>
        <X>-2348.7002</X>
        <Y>-274.198</Y>
        <Z>14.3602743</Z>
      </Vector3>
    </Bounds>
    <CenterCamPosition>
      <X>0</X>
      <Y>0</Y>
    </CenterCamPosition>
    <ScreenBounds />
    <DistanceToCam>0</DistanceToCam>
    <Speed>4.508983</Speed>
    <AccInput>0</AccInput>
    <RPM>1.35798967</RPM>
    <Gear>0</Gear>
    <SteeringAngle>4.463976E-41</SteeringAngle>
    <WheelSpeed>0</WheelSpeed>
    <CarType>Sports</CarType>
  </MyCar>
  <Peds />
  <Time>265425</Time>
  <LastFrameTime>0.0482580662</LastFrameTime>
  <MyProperty>0</MyProperty>
  <Weather>Foggy</Weather>
  <Steering>123</Steering>
  <Acc>145</Acc>
  <Brake>127</Brake>
  <DayTime>15:16:13</DayTime>
  <Position>
    <X>-2348.07642</X>
    <Y>-275.963745</Y>
    <Z>14.5592909</Z>
  </Position>
  <Rotation>
    <X>0.237096429</X>
    <Y>3.171404</Y>
    <Z>52.02977</Z>
  </Rotation>
</Screenshot>