<?xml version="1.0" encoding="utf-8"?>
<Screenshot xmlns:xsd="http://www.w3.org/2001/XMLSchema" xmlns:xsi="http://www.w3.org/2001/XMLSchema-instance">
  <Cars />
  <MyCar>
    <Position>
      <X>-2347.58887</X>
      <Y>-276.402954</Y>
      <Z>13.6513119</Z>
    </Position>
    <Rotation>
      <X>0.767871261</X>
      <Y>2.69113851</Y>
      <Z>52.25364</Z>
    </Rotation>
    <Handle>104962</Handle>
    <Bounds>
      <Vector3>
        <X>-2346.2207</X>
        <Y>-278.797577</Y>
        <Z>12.93794</Z>
      </Vector3>
      <Vector3>
        <X>-2344.97144</X>
        <Y>-277.1841</Y>
        <Z>12.84203</Z>
      </Vector3>
      <Vector3>
        <X>-2350.26343</X>
        <Y>-275.6637</Y>
        <Z>13.0064211</Z>
      </Vector3>
      <Vector3>
        <X>-2346.16333</X>
        <Y>-278.755463</Y>
        <Z>14.3921</Z>
      </Vector3>
      <Vector3>
        <X>-2349.01416</X>
        <Y>-274.050232</Y>
        <Z>12.910511</Z>
      </Vector3>
      <Vector3>
        <X>-2344.91431</X>
        <Y>-277.142</Y>
        <Z>14.29619</Z>
      </Vector3>
      <Vector3>
        <X>-2350.206</X>
        <Y>-275.6216</Y>
        <Z>14.4605818</Z>
      </Vector3>
      <Vector3>
        <X>-2348.957</X>
        <Y>-274.008148</Y>
        <Z>14.3646717</Z>
      </Vector3>
    </Bounds>
    <CenterCamPosition>
      <X>0</X>
      <Y>0</Y>
    </CenterCamPosition>
    <ScreenBounds />
    <DistanceToCam>0</DistanceToCam>
    <Speed>4.589302</Speed>
    <AccInput>0</AccInput>
    <RPM>1.35798967</RPM>
    <Gear>0</Gear>
    <SteeringAngle>4.463976E-41</SteeringAngle>
    <WheelSpeed>0</WheelSpeed>
    <CarType>Sports</CarType>
  </MyCar>
  <Peds />
  <Time>265494</Time>
  <LastFrameTime>0.0194504336</LastFrameTime>
  <MyProperty>0</MyProperty>
  <Weather>Foggy</Weather>
  <Steering>123</Steering>
  <Acc>145</Acc>
  <Brake>127</Brake>
  <DayTime>15:16:13</DayTime>
  <Position>
    <X>-2348.43066</X>
    <Y>-275.6955</Y>
    <Z>14.5651484</Z>
  </Position>
  <Rotation>
    <X>0.263862371</X>
    <Y>3.18838644</Y>
    <Z>52.22933</Z>
  </Rotation>
</Screenshot>