<?xml version="1.0" encoding="utf-8"?>
<Screenshot xmlns:xsd="http://www.w3.org/2001/XMLSchema" xmlns:xsi="http://www.w3.org/2001/XMLSchema-instance">
  <Cars />
  <MyCar>
    <Position>
      <X>-2347.83887</X>
      <Y>-276.2115</Y>
      <Z>13.6550846</Z>
    </Position>
    <Rotation>
      <X>0.783302665</X>
      <Y>2.69535518</Y>
      <Z>52.3887138</Z>
    </Rotation>
    <Handle>104962</Handle>
    <Bounds>
      <Vector3>
        <X>-2346.465</X>
        <Y>-278.6028</Y>
        <Z>12.9411049</Z>
      </Vector3>
      <Vector3>
        <X>-2345.22</X>
        <Y>-276.98642</Y>
        <Z>12.8450441</Z>
      </Vector3>
      <Vector3>
        <X>-2350.51514</X>
        <Y>-275.478455</Y>
        <Z>13.0109615</Z>
      </Vector3>
      <Vector3>
        <X>-2346.40771</X>
        <Y>-278.56073</Y>
        <Z>14.3952551</Z>
      </Vector3>
      <Vector3>
        <X>-2349.27</X>
        <Y>-273.862061</Y>
        <Z>12.9149017</Z>
      </Vector3>
      <Vector3>
        <X>-2345.16235</X>
        <Y>-276.944336</Y>
        <Z>14.2991953</Z>
      </Vector3>
      <Vector3>
        <X>-2350.45776</X>
        <Y>-275.436371</Y>
        <Z>14.4651127</Z>
      </Vector3>
      <Vector3>
        <X>-2349.2124</X>
        <Y>-273.819977</Y>
        <Z>14.3690519</Z>
      </Vector3>
    </Bounds>
    <CenterCamPosition>
      <X>0</X>
      <Y>0</Y>
    </CenterCamPosition>
    <ScreenBounds />
    <DistanceToCam>0</DistanceToCam>
    <Speed>4.66800833</Speed>
    <AccInput>0</AccInput>
    <RPM>1.35798967</RPM>
    <Gear>0</Gear>
    <SteeringAngle>4.463976E-41</SteeringAngle>
    <WheelSpeed>0</WheelSpeed>
    <CarType>Sports</CarType>
  </MyCar>
  <Peds />
  <Time>265562</Time>
  <LastFrameTime>0.0199112333</LastFrameTime>
  <MyProperty>0</MyProperty>
  <Weather>Foggy</Weather>
  <Steering>123</Steering>
  <Acc>145</Acc>
  <Brake>127</Brake>
  <DayTime>15:16:13</DayTime>
  <Position>
    <X>-2348.6792</X>
    <Y>-275.5083</Y>
    <Z>14.5692205</Z>
  </Position>
  <Rotation>
    <X>0.2804752</X>
    <Y>3.19486785</Y>
    <Z>52.3648224</Z>
  </Rotation>
</Screenshot>