<?xml version="1.0" encoding="utf-8"?>
<Screenshot xmlns:xsd="http://www.w3.org/2001/XMLSchema" xmlns:xsi="http://www.w3.org/2001/XMLSchema-instance">
  <Cars />
  <MyCar>
    <Position>
      <X>-2347.76514</X>
      <Y>-276.267883</Y>
      <Z>13.65398</Z>
    </Position>
    <Rotation>
      <X>0.780039549</X>
      <Y>2.694906</Y>
      <Z>52.3492</Z>
    </Rotation>
    <Handle>104962</Handle>
    <Bounds>
      <Vector3>
        <X>-2346.393</X>
        <Y>-278.6602</Y>
        <Z>12.9401369</Z>
      </Vector3>
      <Vector3>
        <X>-2345.14673</X>
        <Y>-277.044647</Y>
        <Z>12.8440924</Z>
      </Vector3>
      <Vector3>
        <X>-2350.441</X>
        <Y>-275.53302</Y>
        <Z>13.0097027</Z>
      </Vector3>
      <Vector3>
        <X>-2346.33545</X>
        <Y>-278.6181</Y>
        <Z>14.394289</Z>
      </Vector3>
      <Vector3>
        <X>-2349.19458</X>
        <Y>-273.91748</Y>
        <Z>12.9136591</Z>
      </Vector3>
      <Vector3>
        <X>-2345.089</X>
        <Y>-277.002563</Y>
        <Z>14.2982454</Z>
      </Vector3>
      <Vector3>
        <X>-2350.38354</X>
        <Y>-275.490936</Y>
        <Z>14.4638557</Z>
      </Vector3>
      <Vector3>
        <X>-2349.137</X>
        <Y>-273.8754</Y>
        <Z>14.3678112</Z>
      </Vector3>
    </Bounds>
    <CenterCamPosition>
      <X>0</X>
      <Y>0</Y>
    </CenterCamPosition>
    <ScreenBounds />
    <DistanceToCam>0</DistanceToCam>
    <Speed>4.64505768</Speed>
    <AccInput>0</AccInput>
    <RPM>1.35798967</RPM>
    <Gear>0</Gear>
    <SteeringAngle>4.463976E-41</SteeringAngle>
    <WheelSpeed>0</WheelSpeed>
    <CarType>Sports</CarType>
  </MyCar>
  <Peds />
  <Time>265542</Time>
  <LastFrameTime>0.0479648262</LastFrameTime>
  <MyProperty>0</MyProperty>
  <Weather>Foggy</Weather>
  <Steering>123</Steering>
  <Acc>145</Acc>
  <Brake>127</Brake>
  <DayTime>15:16:13</DayTime>
  <Position>
    <X>-2348.50171</X>
    <Y>-275.641785</Y>
    <Z>14.5663033</Z>
  </Position>
  <Rotation>
    <X>0.268287063</X>
    <Y>3.19110346</Y>
    <Z>52.2685661</Z>
  </Rotation>
</Screenshot>