<?xml version="1.0" encoding="utf-8"?>
<Screenshot xmlns:xsd="http://www.w3.org/2001/XMLSchema" xmlns:xsi="http://www.w3.org/2001/XMLSchema-instance">
  <Cars />
  <MyCar>
    <Position>
      <X>-2348.14429</X>
      <Y>-275.9789</Y>
      <Z>13.6597576</Z>
    </Position>
    <Rotation>
      <X>0.804240346</X>
      <Y>2.70395041</Y>
      <Z>52.5509834</Z>
    </Rotation>
    <Handle>104962</Handle>
    <Bounds>
      <Vector3>
        <X>-2346.76416</X>
        <Y>-278.3663</Y>
        <Z>12.9450064</Z>
      </Vector3>
      <Vector3>
        <X>-2345.52344</X>
        <Y>-276.7464</Y>
        <Z>12.8486395</Z>
      </Vector3>
      <Vector3>
        <X>-2350.823</X>
        <Y>-275.253326</Y>
        <Z>13.0167294</Z>
      </Vector3>
      <Vector3>
        <X>-2346.7063</X>
        <Y>-278.3242</Y>
        <Z>14.3991394</Z>
      </Vector3>
      <Vector3>
        <X>-2349.58228</X>
        <Y>-273.633423</Y>
        <Z>12.9203634</Z>
      </Vector3>
      <Vector3>
        <X>-2345.46558</X>
        <Y>-276.704285</Y>
        <Z>14.3027735</Z>
      </Vector3>
      <Vector3>
        <X>-2350.765</X>
        <Y>-275.211243</Y>
        <Z>14.4708624</Z>
      </Vector3>
      <Vector3>
        <X>-2349.52417</X>
        <Y>-273.591339</Y>
        <Z>14.3744965</Z>
      </Vector3>
    </Bounds>
    <CenterCamPosition>
      <X>0</X>
      <Y>0</Y>
    </CenterCamPosition>
    <ScreenBounds />
    <DistanceToCam>0</DistanceToCam>
    <Speed>4.761675</Speed>
    <AccInput>0</AccInput>
    <RPM>1.35798967</RPM>
    <Gear>0</Gear>
    <SteeringAngle>4.463976E-41</SteeringAngle>
    <WheelSpeed>0</WheelSpeed>
    <CarType>Sports</CarType>
  </MyCar>
  <Peds />
  <Time>265643</Time>
  <LastFrameTime>0.03402259</LastFrameTime>
  <MyProperty>0</MyProperty>
  <Weather>Foggy</Weather>
  <Steering>124</Steering>
  <Acc>145</Acc>
  <Brake>127</Brake>
  <DayTime>15:16:13</DayTime>
  <Position>
    <X>-2348.93115</X>
    <Y>-275.3194</Y>
    <Z>14.5733566</Z>
  </Position>
  <Rotation>
    <X>0.29612416</X>
    <Y>3.19964838</Y>
    <Z>52.5001221</Z>
  </Rotation>
</Screenshot>