<?xml version="1.0" encoding="utf-8"?>
<Screenshot xmlns:xsd="http://www.w3.org/2001/XMLSchema" xmlns:xsi="http://www.w3.org/2001/XMLSchema-instance">
  <Cars />
  <MyCar>
    <Position>
      <X>-2348.01563</X>
      <Y>-276.076752</Y>
      <Z>13.6577969</Z>
    </Position>
    <Rotation>
      <X>0.79566294</X>
      <Y>2.69969153</Y>
      <Z>52.4836</Z>
    </Rotation>
    <Handle>104962</Handle>
    <Bounds>
      <Vector3>
        <X>-2346.63818</X>
        <Y>-278.465759</Y>
        <Z>12.9433479</Z>
      </Vector3>
      <Vector3>
        <X>-2345.39551</X>
        <Y>-276.847321</Y>
        <Z>12.8471336</Z>
      </Vector3>
      <Vector3>
        <X>-2350.69336</X>
        <Y>-275.348053</Y>
        <Z>13.014307</Z>
      </Vector3>
      <Vector3>
        <X>-2346.58032</X>
        <Y>-278.423676</Y>
        <Z>14.39749</Z>
      </Vector3>
      <Vector3>
        <X>-2349.45068</X>
        <Y>-273.7296</Y>
        <Z>12.9180918</Z>
      </Vector3>
      <Vector3>
        <X>-2345.33765</X>
        <Y>-276.805237</Y>
        <Z>14.3012743</Z>
      </Vector3>
      <Vector3>
        <X>-2350.6355</X>
        <Y>-275.306</Y>
        <Z>14.4684477</Z>
      </Vector3>
      <Vector3>
        <X>-2349.39282</X>
        <Y>-273.687561</Y>
        <Z>14.3722334</Z>
      </Vector3>
    </Bounds>
    <CenterCamPosition>
      <X>0</X>
      <Y>0</Y>
    </CenterCamPosition>
    <ScreenBounds />
    <DistanceToCam>0</DistanceToCam>
    <Speed>4.722444</Speed>
    <AccInput>0</AccInput>
    <RPM>1.35798967</RPM>
    <Gear>0</Gear>
    <SteeringAngle>4.463976E-41</SteeringAngle>
    <WheelSpeed>0</WheelSpeed>
    <CarType>Sports</CarType>
  </MyCar>
  <Peds />
  <Time>265609</Time>
  <LastFrameTime>0.0472042747</LastFrameTime>
  <MyProperty>0</MyProperty>
  <Weather>Foggy</Weather>
  <Steering>123</Steering>
  <Acc>145</Acc>
  <Brake>127</Brake>
  <DayTime>15:16:13</DayTime>
  <Position>
    <X>-2348.75342</X>
    <Y>-275.452576</Y>
    <Z>14.5703917</Z>
  </Position>
  <Rotation>
    <X>0.28374365</X>
    <Y>3.19531631</Y>
    <Z>52.4045258</Z>
  </Rotation>
</Screenshot>