<?xml version="1.0" encoding="utf-8"?>
<Screenshot xmlns:xsd="http://www.w3.org/2001/XMLSchema" xmlns:xsi="http://www.w3.org/2001/XMLSchema-instance">
  <Cars />
  <MyCar>
    <Position>
      <X>-2348.274</X>
      <Y>-275.880585</Y>
      <Z>13.661747</Z>
    </Position>
    <Rotation>
      <X>0.813072</X>
      <Y>2.70653</Y>
      <Z>52.61562</Z>
    </Rotation>
    <Handle>104962</Handle>
    <Bounds>
      <Vector3>
        <X>-2346.891</X>
        <Y>-278.2664</Y>
        <Z>12.9466505</Z>
      </Vector3>
      <Vector3>
        <X>-2345.65234</X>
        <Y>-276.645081</Y>
        <Z>12.850193</Z>
      </Vector3>
      <Vector3>
        <X>-2350.95361</X>
        <Y>-275.158</Y>
        <Z>13.0191622</Z>
      </Vector3>
      <Vector3>
        <X>-2346.833</X>
        <Y>-278.2243</Y>
        <Z>14.4007778</Z>
      </Vector3>
      <Vector3>
        <X>-2349.7146</X>
        <Y>-273.536682</Y>
        <Z>12.9227037</Z>
      </Vector3>
      <Vector3>
        <X>-2345.59424</X>
        <Y>-276.603</Y>
        <Z>14.3043194</Z>
      </Vector3>
      <Vector3>
        <X>-2350.89526</X>
        <Y>-275.1159</Y>
        <Z>14.4732885</Z>
      </Vector3>
      <Vector3>
        <X>-2349.65649</X>
        <Y>-273.4946</Y>
        <Z>14.3768311</Z>
      </Vector3>
    </Bounds>
    <CenterCamPosition>
      <X>0</X>
      <Y>0</Y>
    </CenterCamPosition>
    <ScreenBounds />
    <DistanceToCam>0</DistanceToCam>
    <Speed>4.800811</Speed>
    <AccInput>0</AccInput>
    <RPM>1.35798967</RPM>
    <Gear>0</Gear>
    <SteeringAngle>4.463976E-41</SteeringAngle>
    <WheelSpeed>0</WheelSpeed>
    <CarType>Sports</CarType>
  </MyCar>
  <Peds />
  <Time>265677</Time>
  <LastFrameTime>0.03393291</LastFrameTime>
  <MyProperty>0</MyProperty>
  <Weather>Foggy</Weather>
  <Steering>124</Steering>
  <Acc>145</Acc>
  <Brake>127</Brake>
  <DayTime>15:16:13</DayTime>
  <Position>
    <X>-2349.06055</X>
    <Y>-275.222656</Y>
    <Z>14.5754919</Z>
  </Position>
  <Rotation>
    <X>0.3047165</X>
    <Y>3.20390487</Y>
    <Z>52.5680122</Z>
  </Rotation>
</Screenshot>