<?xml version="1.0" encoding="utf-8"?>
<Screenshot xmlns:xsd="http://www.w3.org/2001/XMLSchema" xmlns:xsi="http://www.w3.org/2001/XMLSchema-instance">
  <Cars />
  <MyCar>
    <Position>
      <X>-2348.6626</X>
      <Y>-275.585938</Y>
      <Z>13.6677284</Z>
    </Position>
    <Rotation>
      <X>0.8359485</X>
      <Y>2.71315932</Y>
      <Z>52.78961</Z>
    </Rotation>
    <Handle>104962</Handle>
    <Bounds>
      <Vector3>
        <X>-2347.273</X>
        <Y>-277.967438</Y>
        <Z>12.9517384</Z>
      </Vector3>
      <Vector3>
        <X>-2346.039</X>
        <Y>-276.342377</Y>
        <Z>12.8550444</Z>
      </Vector3>
      <Vector3>
        <X>-2351.34448</X>
        <Y>-274.871338</Y>
        <Z>13.026289</Z>
      </Vector3>
      <Vector3>
        <X>-2347.21436</X>
        <Y>-277.9254</Y>
        <Z>14.4058495</Z>
      </Vector3>
      <Vector3>
        <X>-2350.1106</X>
        <Y>-273.246277</Y>
        <Z>12.929595</Z>
      </Vector3>
      <Vector3>
        <X>-2345.98047</X>
        <Y>-276.300354</Y>
        <Z>14.3091555</Z>
      </Vector3>
      <Vector3>
        <X>-2351.286</X>
        <Y>-274.829285</Y>
        <Z>14.4804</Z>
      </Vector3>
      <Vector3>
        <X>-2350.052</X>
        <Y>-273.204254</Y>
        <Z>14.3837061</Z>
      </Vector3>
    </Bounds>
    <CenterCamPosition>
      <X>0</X>
      <Y>0</Y>
    </CenterCamPosition>
    <ScreenBounds />
    <DistanceToCam>0</DistanceToCam>
    <Speed>4.916406</Speed>
    <AccInput>0</AccInput>
    <RPM>1.35798967</RPM>
    <Gear>0</Gear>
    <SteeringAngle>4.463976E-41</SteeringAngle>
    <WheelSpeed>0</WheelSpeed>
    <CarType>Sports</CarType>
  </MyCar>
  <Peds />
  <Time>265777</Time>
  <LastFrameTime>0.0190042183</LastFrameTime>
  <MyProperty>0</MyProperty>
  <Weather>Foggy</Weather>
  <Steering>124</Steering>
  <Acc>145</Acc>
  <Brake>127</Brake>
  <DayTime>15:16:13</DayTime>
  <Position>
    <X>-2349.50659</X>
    <Y>-274.889465</Y>
    <Z>14.5828848</Z>
  </Position>
  <Rotation>
    <X>0.33257243</X>
    <Y>3.213053</Y>
    <Z>52.77705</Z>
  </Rotation>
</Screenshot>