<?xml version="1.0" encoding="utf-8"?>
<Screenshot xmlns:xsd="http://www.w3.org/2001/XMLSchema" xmlns:xsi="http://www.w3.org/2001/XMLSchema-instance">
  <Cars />
  <MyCar>
    <Position>
      <X>-2348.39917</X>
      <Y>-275.785522</Y>
      <Z>13.6636648</Z>
    </Position>
    <Rotation>
      <X>0.820645452</X>
      <Y>2.709592</Y>
      <Z>52.6752319</Z>
    </Rotation>
    <Handle>104962</Handle>
    <Bounds>
      <Vector3>
        <X>-2347.01416</X>
        <Y>-278.169861</Y>
        <Z>12.9482889</Z>
      </Vector3>
      <Vector3>
        <X>-2345.77686</X>
        <Y>-276.547272</Y>
        <Z>12.8517218</Z>
      </Vector3>
      <Vector3>
        <X>-2351.07959</X>
        <Y>-275.065674</Y>
        <Z>13.0214748</Z>
      </Vector3>
      <Vector3>
        <X>-2346.95581</X>
        <Y>-278.127777</Y>
        <Z>14.40241</Z>
      </Vector3>
      <Vector3>
        <X>-2349.84229</X>
        <Y>-273.443085</Y>
        <Z>12.9249077</Z>
      </Vector3>
      <Vector3>
        <X>-2345.71851</X>
        <Y>-276.5052</Y>
        <Z>14.3058424</Z>
      </Vector3>
      <Vector3>
        <X>-2351.02124</X>
        <Y>-275.0236</Y>
        <Z>14.4755955</Z>
      </Vector3>
      <Vector3>
        <X>-2349.78418</X>
        <Y>-273.401</Y>
        <Z>14.3790283</Z>
      </Vector3>
    </Bounds>
    <CenterCamPosition>
      <X>0</X>
      <Y>0</Y>
    </CenterCamPosition>
    <ScreenBounds />
    <DistanceToCam>0</DistanceToCam>
    <Speed>4.838618</Speed>
    <AccInput>0</AccInput>
    <RPM>1.35798967</RPM>
    <Gear>0</Gear>
    <SteeringAngle>4.463976E-41</SteeringAngle>
    <WheelSpeed>0</WheelSpeed>
    <CarType>Sports</CarType>
  </MyCar>
  <Peds />
  <Time>265710</Time>
  <LastFrameTime>0.03257161</LastFrameTime>
  <MyProperty>0</MyProperty>
  <Weather>Foggy</Weather>
  <Steering>124</Steering>
  <Acc>145</Acc>
  <Brake>127</Brake>
  <DayTime>15:16:13</DayTime>
  <Position>
    <X>-2349.191</X>
    <Y>-275.125427</Y>
    <Z>14.5776625</Z>
  </Position>
  <Rotation>
    <X>0.313563</X>
    <Y>3.20648217</Y>
    <Z>52.6331558</Z>
  </Rotation>
</Screenshot>