<?xml version="1.0" encoding="utf-8"?>
<Screenshot xmlns:xsd="http://www.w3.org/2001/XMLSchema" xmlns:xsi="http://www.w3.org/2001/XMLSchema-instance">
  <Cars />
  <MyCar>
    <Position>
      <X>-2348.58813</X>
      <Y>-275.642273</Y>
      <Z>13.6665821</Z>
    </Position>
    <Rotation>
      <X>0.832049549</X>
      <Y>2.71310687</Y>
      <Z>52.7584152</Z>
    </Rotation>
    <Handle>104962</Handle>
    <Bounds>
      <Vector3>
        <X>-2347.19971</X>
        <Y>-278.024536</Y>
        <Z>12.9507647</Z>
      </Vector3>
      <Vector3>
        <X>-2345.96484</X>
        <Y>-276.400177</Y>
        <Z>12.8540726</Z>
      </Vector3>
      <Vector3>
        <X>-2351.26978</X>
        <Y>-274.926239</Y>
        <Z>13.0249672</Z>
      </Vector3>
      <Vector3>
        <X>-2347.14136</X>
        <Y>-277.982483</Y>
        <Z>14.4048767</Z>
      </Vector3>
      <Vector3>
        <X>-2350.035</X>
        <Y>-273.301849</Y>
        <Z>12.9282751</Z>
      </Vector3>
      <Vector3>
        <X>-2345.90649</X>
        <Y>-276.358124</Y>
        <Z>14.3081846</Z>
      </Vector3>
      <Vector3>
        <X>-2351.21118</X>
        <Y>-274.8842</Y>
        <Z>14.4790792</Z>
      </Vector3>
      <Vector3>
        <X>-2349.97632</X>
        <Y>-273.2598</Y>
        <Z>14.3823872</Z>
      </Vector3>
    </Bounds>
    <CenterCamPosition>
      <X>0</X>
      <Y>0</Y>
    </CenterCamPosition>
    <ScreenBounds />
    <DistanceToCam>0</DistanceToCam>
    <Speed>4.894582</Speed>
    <AccInput>0</AccInput>
    <RPM>1.35798967</RPM>
    <Gear>0</Gear>
    <SteeringAngle>4.463976E-41</SteeringAngle>
    <WheelSpeed>0</WheelSpeed>
    <CarType>Sports</CarType>
  </MyCar>
  <Peds />
  <Time>265758</Time>
  <LastFrameTime>0.048610568</LastFrameTime>
  <MyProperty>0</MyProperty>
  <Weather>Foggy</Weather>
  <Steering>124</Steering>
  <Acc>145</Acc>
  <Brake>127</Brake>
  <DayTime>15:16:13</DayTime>
  <Position>
    <X>-2349.317</X>
    <Y>-275.031342</Y>
    <Z>14.5797338</Z>
  </Position>
  <Rotation>
    <X>0.321149051</X>
    <Y>3.20954227</Y>
    <Z>52.6932068</Z>
  </Rotation>
</Screenshot>