<?xml version="1.0" encoding="utf-8"?>
<Screenshot xmlns:xsd="http://www.w3.org/2001/XMLSchema" xmlns:xsi="http://www.w3.org/2001/XMLSchema-instance">
  <Cars />
  <MyCar>
    <Position>
      <X>-2348.99072</X>
      <Y>-275.338257</Y>
      <Z>13.6728086</Z>
    </Position>
    <Rotation>
      <X>0.855645239</X>
      <Y>2.717052</Y>
      <Z>52.9157143</Z>
    </Rotation>
    <Handle>104962</Handle>
    <Bounds>
      <Vector3>
        <X>-2347.59619</X>
        <Y>-277.7166</Y>
        <Z>12.9560165</Z>
      </Vector3>
      <Vector3>
        <X>-2346.36572</X>
        <Y>-276.088867</Y>
        <Z>12.8591833</Z>
      </Vector3>
      <Vector3>
        <X>-2351.67456</X>
        <Y>-274.6294</Y>
        <Z>13.0323229</Z>
      </Vector3>
      <Vector3>
        <X>-2347.537</X>
        <Y>-277.674652</Y>
        <Z>14.4101143</Z>
      </Vector3>
      <Vector3>
        <X>-2350.444</X>
        <Y>-273.001648</Y>
        <Z>12.9354906</Z>
      </Vector3>
      <Vector3>
        <X>-2346.307</X>
        <Y>-276.0469</Y>
        <Z>14.313282</Z>
      </Vector3>
      <Vector3>
        <X>-2351.61548</X>
        <Y>-274.587463</Y>
        <Z>14.4864216</Z>
      </Vector3>
      <Vector3>
        <X>-2350.38525</X>
        <Y>-272.959717</Y>
        <Z>14.3895884</Z>
      </Vector3>
    </Bounds>
    <CenterCamPosition>
      <X>0</X>
      <Y>0</Y>
    </CenterCamPosition>
    <ScreenBounds />
    <DistanceToCam>0</DistanceToCam>
    <Speed>5.01127768</Speed>
    <AccInput>0</AccInput>
    <RPM>1.35798967</RPM>
    <Gear>0</Gear>
    <SteeringAngle>4.463976E-41</SteeringAngle>
    <WheelSpeed>0</WheelSpeed>
    <CarType>Sports</CarType>
  </MyCar>
  <Peds />
  <Time>265860</Time>
  <LastFrameTime>0.0332943052</LastFrameTime>
  <MyProperty>0</MyProperty>
  <Weather>Foggy</Weather>
  <Steering>124</Steering>
  <Acc>145</Acc>
  <Brake>127</Brake>
  <DayTime>15:16:13</DayTime>
  <Position>
    <X>-2349.77734</X>
    <Y>-274.6876</Y>
    <Z>14.5873957</Z>
  </Position>
  <Rotation>
    <X>0.348659247</X>
    <Y>3.21472883</Y>
    <Z>52.8856277</Z>
  </Rotation>
</Screenshot>