<?xml version="1.0" encoding="utf-8"?>
<Screenshot xmlns:xsd="http://www.w3.org/2001/XMLSchema" xmlns:xsi="http://www.w3.org/2001/XMLSchema-instance">
  <Cars />
  <MyCar>
    <Position>
      <X>-2348.85767</X>
      <Y>-275.438538</Y>
      <Z>13.6707621</Z>
    </Position>
    <Rotation>
      <X>0.848110557</X>
      <Y>2.71478844</Y>
      <Z>52.8660774</Z>
    </Rotation>
    <Handle>104962</Handle>
    <Bounds>
      <Vector3>
        <X>-2347.465</X>
        <Y>-277.8181</Y>
        <Z>12.9542627</Z>
      </Vector3>
      <Vector3>
        <X>-2346.23315</X>
        <Y>-276.191437</Y>
        <Z>12.8575106</Z>
      </Vector3>
      <Vector3>
        <X>-2351.54077</X>
        <Y>-274.727417</Y>
        <Z>13.0298977</Z>
      </Vector3>
      <Vector3>
        <X>-2347.40625</X>
        <Y>-277.776154</Y>
        <Z>14.4083662</Z>
      </Vector3>
      <Vector3>
        <X>-2350.30884</X>
        <Y>-273.100739</Y>
        <Z>12.9331455</Z>
      </Vector3>
      <Vector3>
        <X>-2346.17456</X>
        <Y>-276.149475</Y>
        <Z>14.311614</Z>
      </Vector3>
      <Vector3>
        <X>-2351.482</X>
        <Y>-274.685455</Y>
        <Z>14.4840012</Z>
      </Vector3>
      <Vector3>
        <X>-2350.25024</X>
        <Y>-273.058777</Y>
        <Z>14.387249</Z>
      </Vector3>
    </Bounds>
    <CenterCamPosition>
      <X>0</X>
      <Y>0</Y>
    </CenterCamPosition>
    <ScreenBounds />
    <DistanceToCam>0</DistanceToCam>
    <Speed>4.973104</Speed>
    <AccInput>0</AccInput>
    <RPM>1.35798967</RPM>
    <Gear>0</Gear>
    <SteeringAngle>4.463976E-41</SteeringAngle>
    <WheelSpeed>0</WheelSpeed>
    <CarType>Sports</CarType>
  </MyCar>
  <Peds />
  <Time>265827</Time>
  <LastFrameTime>0.04931775</LastFrameTime>
  <MyProperty>0</MyProperty>
  <Weather>Foggy</Weather>
  <Steering>124</Steering>
  <Acc>145</Acc>
  <Brake>127</Brake>
  <DayTime>15:16:13</DayTime>
  <Position>
    <X>-2349.58154</X>
    <Y>-274.833679</Y>
    <Z>14.5841122</Z>
  </Position>
  <Rotation>
    <X>0.336477339</X>
    <Y>3.21310425</Y>
    <Z>52.8084641</Z>
  </Rotation>
</Screenshot>