<?xml version="1.0" encoding="utf-8"?>
<Screenshot xmlns:xsd="http://www.w3.org/2001/XMLSchema" xmlns:xsi="http://www.w3.org/2001/XMLSchema-instance">
  <Cars />
  <MyCar>
    <Position>
      <X>-2349.538</X>
      <Y>-274.926575</Y>
      <Z>13.681777</Z>
    </Position>
    <Rotation>
      <X>0.8592505</X>
      <Y>2.741017</Y>
      <Z>53.1029472</Z>
    </Rotation>
    <Handle>104962</Handle>
    <Bounds>
      <Vector3>
        <X>-2348.136</X>
        <Y>-277.300568</Y>
        <Z>12.9652662</Z>
      </Vector3>
      <Vector3>
        <X>-2346.911</X>
        <Y>-275.668854</Y>
        <Z>12.86758</Z>
      </Vector3>
      <Vector3>
        <X>-2352.22437</X>
        <Y>-274.226685</Y>
        <Z>13.041893</Z>
      </Vector3>
      <Vector3>
        <X>-2348.07666</X>
        <Y>-277.258</Y>
        <Z>14.4193344</Z>
      </Vector3>
      <Vector3>
        <X>-2350.99927</X>
        <Y>-272.59494</Y>
        <Z>12.9442072</Z>
      </Vector3>
      <Vector3>
        <X>-2346.85181</X>
        <Y>-275.626282</Y>
        <Z>14.3216486</Z>
      </Vector3>
      <Vector3>
        <X>-2352.165</X>
        <Y>-274.1841</Y>
        <Z>14.4959612</Z>
      </Vector3>
      <Vector3>
        <X>-2350.94</X>
        <Y>-272.5524</Y>
        <Z>14.3982754</Z>
      </Vector3>
    </Bounds>
    <CenterCamPosition>
      <X>0</X>
      <Y>0</Y>
    </CenterCamPosition>
    <ScreenBounds />
    <DistanceToCam>0</DistanceToCam>
    <Speed>5.151314</Speed>
    <AccInput>0</AccInput>
    <RPM>1.35798967</RPM>
    <Gear>0</Gear>
    <SteeringAngle>4.463976E-41</SteeringAngle>
    <WheelSpeed>0</WheelSpeed>
    <CarType>Sports</CarType>
  </MyCar>
  <Peds />
  <Time>265994</Time>
  <LastFrameTime>0.0324440747</LastFrameTime>
  <MyProperty>0</MyProperty>
  <Weather>Foggy</Weather>
  <Steering>126</Steering>
  <Acc>140</Acc>
  <Brake>127</Brake>
  <DayTime>15:16:13</DayTime>
  <Position>
    <X>-2350.32642</X>
    <Y>-274.278778</Y>
    <Z>14.59643</Z>
  </Position>
  <Rotation>
    <X>0.359581947</X>
    <Y>3.23545122</Y>
    <Z>53.0805168</Z>
  </Rotation>
</Screenshot>