<?xml version="1.0" encoding="utf-8"?>
<Screenshot xmlns:xsd="http://www.w3.org/2001/XMLSchema" xmlns:xsi="http://www.w3.org/2001/XMLSchema-instance">
  <Cars />
  <MyCar>
    <Position>
      <X>-2349.27148</X>
      <Y>-275.126862</Y>
      <Z>13.6773958</Z>
    </Position>
    <Rotation>
      <X>0.8579823</X>
      <Y>2.72946286</Y>
      <Z>53.01502</Z>
    </Rotation>
    <Handle>104962</Handle>
    <Bounds>
      <Vector3>
        <X>-2347.8728</X>
        <Y>-277.5029</Y>
        <Z>12.9607286</Z>
      </Vector3>
      <Vector3>
        <X>-2346.64526</X>
        <Y>-275.873047</Y>
        <Z>12.8634539</Z>
      </Vector3>
      <Vector3>
        <X>-2351.95654</X>
        <Y>-274.42276</Y>
        <Z>13.0372429</Z>
      </Vector3>
      <Vector3>
        <X>-2347.81372</X>
        <Y>-277.460632</Y>
        <Z>14.4148111</Z>
      </Vector3>
      <Vector3>
        <X>-2350.729</X>
        <Y>-272.792877</Y>
        <Z>12.9399681</Z>
      </Vector3>
      <Vector3>
        <X>-2346.58618</X>
        <Y>-275.83078</Y>
        <Z>14.3175364</Z>
      </Vector3>
      <Vector3>
        <X>-2351.89746</X>
        <Y>-274.3805</Y>
        <Z>14.4913254</Z>
      </Vector3>
      <Vector3>
        <X>-2350.67</X>
        <Y>-272.750641</Y>
        <Z>14.3940506</Z>
      </Vector3>
    </Bounds>
    <CenterCamPosition>
      <X>0</X>
      <Y>0</Y>
    </CenterCamPosition>
    <ScreenBounds />
    <DistanceToCam>0</DistanceToCam>
    <Speed>5.086639</Speed>
    <AccInput>0</AccInput>
    <RPM>1.35798967</RPM>
    <Gear>0</Gear>
    <SteeringAngle>4.463976E-41</SteeringAngle>
    <WheelSpeed>0</WheelSpeed>
    <CarType>Sports</CarType>
  </MyCar>
  <Peds />
  <Time>265929</Time>
  <LastFrameTime>0.0209367871</LastFrameTime>
  <MyProperty>0</MyProperty>
  <Weather>Foggy</Weather>
  <Steering>124</Steering>
  <Acc>140</Acc>
  <Brake>127</Brake>
  <DayTime>15:16:13</DayTime>
  <Position>
    <X>-2350.10767</X>
    <Y>-274.441742</Y>
    <Z>14.5928173</Z>
  </Position>
  <Rotation>
    <X>0.3578025</X>
    <Y>3.2258122</Y>
    <Z>53.00562</Z>
  </Rotation>
</Screenshot>