<?xml version="1.0" encoding="utf-8"?>
<Screenshot xmlns:xsd="http://www.w3.org/2001/XMLSchema" xmlns:xsi="http://www.w3.org/2001/XMLSchema-instance">
  <Cars />
  <MyCar>
    <Position>
      <X>-2349.40454</X>
      <Y>-275.026764</Y>
      <Z>13.6795864</Z>
    </Position>
    <Rotation>
      <X>0.8590089</X>
      <Y>2.73551488</Y>
      <Z>53.0602264</Z>
    </Rotation>
    <Handle>104962</Handle>
    <Bounds>
      <Vector3>
        <X>-2348.00415</X>
        <Y>-277.401764</Y>
        <Z>12.962985</Z>
      </Vector3>
      <Vector3>
        <X>-2346.77783</X>
        <Y>-275.770935</Y>
        <Z>12.8654947</Z>
      </Vector3>
      <Vector3>
        <X>-2352.09033</X>
        <Y>-274.324829</Y>
        <Z>13.0395908</Z>
      </Vector3>
      <Vector3>
        <X>-2347.94482</X>
        <Y>-277.359344</Y>
        <Z>14.41706</Z>
      </Vector3>
      <Vector3>
        <X>-2350.864</X>
        <Y>-272.694</Y>
        <Z>12.9421005</Z>
      </Vector3>
      <Vector3>
        <X>-2346.71875</X>
        <Y>-275.728516</Y>
        <Z>14.31957</Z>
      </Vector3>
      <Vector3>
        <X>-2352.031</X>
        <Y>-274.2824</Y>
        <Z>14.4936657</Z>
      </Vector3>
      <Vector3>
        <X>-2350.80469</X>
        <Y>-272.651581</Y>
        <Z>14.3961754</Z>
      </Vector3>
    </Bounds>
    <CenterCamPosition>
      <X>0</X>
      <Y>0</Y>
    </CenterCamPosition>
    <ScreenBounds />
    <DistanceToCam>0</DistanceToCam>
    <Speed>5.119592</Speed>
    <AccInput>0</AccInput>
    <RPM>1.35798967</RPM>
    <Gear>0</Gear>
    <SteeringAngle>4.463976E-41</SteeringAngle>
    <WheelSpeed>0</WheelSpeed>
    <CarType>Sports</CarType>
  </MyCar>
  <Peds />
  <Time>265962</Time>
  <LastFrameTime>0.0325986072</LastFrameTime>
  <MyProperty>0</MyProperty>
  <Weather>Foggy</Weather>
  <Steering>124</Steering>
  <Acc>140</Acc>
  <Brake>127</Brake>
  <DayTime>15:16:13</DayTime>
  <Position>
    <X>-2350.19287</X>
    <Y>-274.3782</Y>
    <Z>14.594223</Z>
  </Position>
  <Rotation>
    <X>0.358551681</X>
    <Y>3.229399</Y>
    <Z>53.03521</Z>
  </Rotation>
</Screenshot>