<?xml version="1.0" encoding="utf-8"?>
<Screenshot xmlns:xsd="http://www.w3.org/2001/XMLSchema" xmlns:xsi="http://www.w3.org/2001/XMLSchema-instance">
  <Cars />
  <MyCar>
    <Position>
      <X>-2349.18652</X>
      <Y>-275.190826</Y>
      <Z>13.6760035</Z>
    </Position>
    <Rotation>
      <X>0.8572357</X>
      <Y>2.72587562</Y>
      <Z>52.9854851</Z>
    </Rotation>
    <Handle>104962</Handle>
    <Bounds>
      <Vector3>
        <X>-2347.789</X>
        <Y>-277.567566</Y>
        <Z>12.9593029</Z>
      </Vector3>
      <Vector3>
        <X>-2346.56079</X>
        <Y>-275.938324</Y>
        <Z>12.8621559</Z>
      </Vector3>
      <Vector3>
        <X>-2351.871</X>
        <Y>-274.485321</Y>
        <Z>13.0357513</Z>
      </Vector3>
      <Vector3>
        <X>-2347.73</X>
        <Y>-277.5254</Y>
        <Z>14.41339</Z>
      </Vector3>
      <Vector3>
        <X>-2350.64282</X>
        <Y>-272.856079</Y>
        <Z>12.9386044</Z>
      </Vector3>
      <Vector3>
        <X>-2346.50171</X>
        <Y>-275.896149</Y>
        <Z>14.3162432</Z>
      </Vector3>
      <Vector3>
        <X>-2351.812</X>
        <Y>-274.443146</Y>
        <Z>14.4898386</Z>
      </Vector3>
      <Vector3>
        <X>-2350.58374</X>
        <Y>-272.8139</Y>
        <Z>14.3926916</Z>
      </Vector3>
    </Bounds>
    <CenterCamPosition>
      <X>0</X>
      <Y>0</Y>
    </CenterCamPosition>
    <ScreenBounds />
    <DistanceToCam>0</DistanceToCam>
    <Speed>5.06462955</Speed>
    <AccInput>0</AccInput>
    <RPM>1.35798967</RPM>
    <Gear>0</Gear>
    <SteeringAngle>4.463976E-41</SteeringAngle>
    <WheelSpeed>0</WheelSpeed>
    <CarType>Sports</CarType>
  </MyCar>
  <Peds />
  <Time>265908</Time>
  <LastFrameTime>0.04852027</LastFrameTime>
  <MyProperty>0</MyProperty>
  <Weather>Foggy</Weather>
  <Steering>124</Steering>
  <Acc>141</Acc>
  <Brake>127</Brake>
  <DayTime>15:16:13</DayTime>
  <Position>
    <X>-2349.911</X>
    <Y>-274.588135</Y>
    <Z>14.5895967</Z>
  </Position>
  <Rotation>
    <X>0.356206417</X>
    <Y>3.21699</Y>
    <Z>52.9357</Z>
  </Rotation>
</Screenshot>