<?xml version="1.0" encoding="utf-8"?>
<Screenshot xmlns:xsd="http://www.w3.org/2001/XMLSchema" xmlns:xsi="http://www.w3.org/2001/XMLSchema-instance">
  <Cars />
  <MyCar>
    <Position>
      <X>-2349.87231</X>
      <Y>-274.67572</Y>
      <Z>13.687314</Z>
    </Position>
    <Rotation>
      <X>0.8589299</X>
      <Y>2.75206733</Y>
      <Z>53.1921349</Z>
    </Rotation>
    <Handle>104962</Handle>
    <Bounds>
      <Vector3>
        <X>-2348.46655</X>
        <Y>-277.047638</Y>
        <Z>12.9710217</Z>
      </Vector3>
      <Vector3>
        <X>-2347.24414</X>
        <Y>-275.414032</Y>
        <Z>12.872942</Z>
      </Vector3>
      <Vector3>
        <X>-2352.55981</X>
        <Y>-273.9801</Y>
        <Z>13.0476189</Z>
      </Vector3>
      <Vector3>
        <X>-2348.40723</X>
        <Y>-277.004761</Y>
        <Z>14.4250765</Z>
      </Vector3>
      <Vector3>
        <X>-2351.33716</X>
        <Y>-272.3465</Y>
        <Z>12.9495392</Z>
      </Vector3>
      <Vector3>
        <X>-2347.18481</X>
        <Y>-275.371124</Y>
        <Z>14.3269968</Z>
      </Vector3>
      <Vector3>
        <X>-2352.50024</X>
        <Y>-273.937225</Y>
        <Z>14.5016737</Z>
      </Vector3>
      <Vector3>
        <X>-2351.27783</X>
        <Y>-272.3036</Y>
        <Z>14.403594</Z>
      </Vector3>
    </Bounds>
    <CenterCamPosition>
      <X>0</X>
      <Y>0</Y>
    </CenterCamPosition>
    <ScreenBounds />
    <DistanceToCam>0</DistanceToCam>
    <Speed>5.22627544</Speed>
    <AccInput>0</AccInput>
    <RPM>1.35798967</RPM>
    <Gear>0</Gear>
    <SteeringAngle>4.463976E-41</SteeringAngle>
    <WheelSpeed>0</WheelSpeed>
    <CarType>Sports</CarType>
  </MyCar>
  <Peds />
  <Time>266075</Time>
  <LastFrameTime>0.0484135263</LastFrameTime>
  <MyProperty>0</MyProperty>
  <Weather>Foggy</Weather>
  <Steering>126</Steering>
  <Acc>140</Acc>
  <Brake>127</Brake>
  <DayTime>15:16:13</DayTime>
  <Position>
    <X>-2350.59326</X>
    <Y>-274.080475</Y>
    <Z>14.6008</Z>
  </Position>
  <Rotation>
    <X>0.359707952</X>
    <Y>3.24551439</Y>
    <Z>53.1620865</Z>
  </Rotation>
</Screenshot>