<?xml version="1.0" encoding="utf-8"?>
<Screenshot xmlns:xsd="http://www.w3.org/2001/XMLSchema" xmlns:xsi="http://www.w3.org/2001/XMLSchema-instance">
  <Cars />
  <MyCar>
    <Position>
      <X>-2349.95239</X>
      <Y>-274.6155</Y>
      <Z>13.6886387</Z>
    </Position>
    <Rotation>
      <X>0.859061658</X>
      <Y>2.75411749</Y>
      <Z>53.2103043</Z>
    </Rotation>
    <Handle>104962</Handle>
    <Bounds>
      <Vector3>
        <X>-2348.546</X>
        <Y>-276.987</Y>
        <Z>12.9723778</Z>
      </Vector3>
      <Vector3>
        <X>-2347.324</X>
        <Y>-275.353</Y>
        <Z>12.8742256</Z>
      </Vector3>
      <Vector3>
        <X>-2352.64014</X>
        <Y>-273.920776</Y>
        <Z>13.0489874</Z>
      </Vector3>
      <Vector3>
        <X>-2348.48657</X>
        <Y>-276.944061</Y>
        <Z>14.4264307</Z>
      </Vector3>
      <Vector3>
        <X>-2351.418</X>
        <Y>-272.286774</Y>
        <Z>12.9508343</Z>
      </Vector3>
      <Vector3>
        <X>-2347.26465</X>
        <Y>-275.310059</Y>
        <Z>14.3282776</Z>
      </Vector3>
      <Vector3>
        <X>-2352.58057</X>
        <Y>-273.8778</Y>
        <Z>14.5030394</Z>
      </Vector3>
      <Vector3>
        <X>-2351.35864</X>
        <Y>-272.2438</Y>
        <Z>14.4048862</Z>
      </Vector3>
    </Bounds>
    <CenterCamPosition>
      <X>0</X>
      <Y>0</Y>
    </CenterCamPosition>
    <ScreenBounds />
    <DistanceToCam>0</DistanceToCam>
    <Speed>5.24350262</Speed>
    <AccInput>0</AccInput>
    <RPM>1.35798967</RPM>
    <Gear>0</Gear>
    <SteeringAngle>4.463976E-41</SteeringAngle>
    <WheelSpeed>0</WheelSpeed>
    <CarType>Sports</CarType>
  </MyCar>
  <Peds />
  <Time>266094</Time>
  <LastFrameTime>0.019145716</LastFrameTime>
  <MyProperty>0</MyProperty>
  <Weather>Foggy</Weather>
  <Steering>126</Steering>
  <Acc>140</Acc>
  <Brake>127</Brake>
  <DayTime>15:16:13</DayTime>
  <Position>
    <X>-2350.796</X>
    <Y>-273.929626</Y>
    <Z>14.6041431</Z>
  </Position>
  <Rotation>
    <X>0.359508961</X>
    <Y>3.25200343</Y>
    <Z>53.2125244</Z>
  </Rotation>
</Screenshot>