<?xml version="1.0" encoding="utf-8"?>
<Screenshot xmlns:xsd="http://www.w3.org/2001/XMLSchema" xmlns:xsi="http://www.w3.org/2001/XMLSchema-instance">
  <Cars />
  <MyCar>
    <Position>
      <X>-2349.67041</X>
      <Y>-274.827271</Y>
      <Z>13.6839619</Z>
    </Position>
    <Rotation>
      <X>0.859131</X>
      <Y>2.74557829</Y>
      <Z>53.1417236</Z>
    </Rotation>
    <Handle>104962</Handle>
    <Bounds>
      <Vector3>
        <X>-2348.2666</X>
        <Y>-277.200348</Y>
        <Z>12.9675407</Z>
      </Vector3>
      <Vector3>
        <X>-2347.04272</X>
        <Y>-275.5678</Y>
        <Z>12.8696918</Z>
      </Vector3>
      <Vector3>
        <X>-2352.35718</X>
        <Y>-274.129242</Y>
        <Z>13.0441561</Z>
      </Vector3>
      <Vector3>
        <X>-2348.20752</X>
        <Y>-277.157654</Y>
        <Z>14.4216032</Z>
      </Vector3>
      <Vector3>
        <X>-2351.1333</X>
        <Y>-272.496674</Y>
        <Z>12.9463081</Z>
      </Vector3>
      <Vector3>
        <X>-2346.98364</X>
        <Y>-275.525116</Y>
        <Z>14.3237543</Z>
      </Vector3>
      <Vector3>
        <X>-2352.29785</X>
        <Y>-274.086548</Y>
        <Z>14.4982195</Z>
      </Vector3>
      <Vector3>
        <X>-2351.074</X>
        <Y>-272.453979</Y>
        <Z>14.4003706</Z>
      </Vector3>
    </Bounds>
    <CenterCamPosition>
      <X>0</X>
      <Y>0</Y>
    </CenterCamPosition>
    <ScreenBounds />
    <DistanceToCam>0</DistanceToCam>
    <Speed>5.1816535</Speed>
    <AccInput>0</AccInput>
    <RPM>1.35798967</RPM>
    <Gear>0</Gear>
    <SteeringAngle>4.463976E-41</SteeringAngle>
    <WheelSpeed>0</WheelSpeed>
    <CarType>Sports</CarType>
  </MyCar>
  <Peds />
  <Time>266026</Time>
  <LastFrameTime>0.03197769</LastFrameTime>
  <MyProperty>0</MyProperty>
  <Weather>Foggy</Weather>
  <Steering>126</Steering>
  <Acc>140</Acc>
  <Brake>127</Brake>
  <DayTime>15:16:13</DayTime>
  <Position>
    <X>-2350.46045</X>
    <Y>-274.1792</Y>
    <Z>14.5986214</Z>
  </Position>
  <Rotation>
    <X>0.359826028</X>
    <Y>3.24095321</Y>
    <Z>53.12329</Z>
  </Rotation>
</Screenshot>