<?xml version="1.0" encoding="utf-8"?>
<Screenshot xmlns:xsd="http://www.w3.org/2001/XMLSchema" xmlns:xsi="http://www.w3.org/2001/XMLSchema-instance">
  <Cars />
  <MyCar>
    <Position>
      <X>-2350.378</X>
      <Y>-274.29657</Y>
      <Z>13.6956444</Z>
    </Position>
    <Rotation>
      <X>0.858720541</X>
      <Y>2.77270842</Y>
      <Z>53.29503</Z>
    </Rotation>
    <Handle>104962</Handle>
    <Bounds>
      <Vector3>
        <X>-2348.968</X>
        <Y>-276.666168</Y>
        <Z>12.9797421</Z>
      </Vector3>
      <Vector3>
        <X>-2347.74854</X>
        <Y>-275.0304</Y>
        <Z>12.8809271</Z>
      </Vector3>
      <Vector3>
        <X>-2353.06665</X>
        <Y>-273.605957</Y>
        <Z>13.0563192</Z>
      </Vector3>
      <Vector3>
        <X>-2348.90845</X>
        <Y>-276.622742</Y>
        <Z>14.4337711</Z>
      </Vector3>
      <Vector3>
        <X>-2351.84717</X>
        <Y>-271.970184</Y>
        <Z>12.9575043</Z>
      </Vector3>
      <Vector3>
        <X>-2347.689</X>
        <Y>-274.986969</Y>
        <Z>14.3349562</Z>
      </Vector3>
      <Vector3>
        <X>-2353.007</X>
        <Y>-273.562561</Y>
        <Z>14.5103493</Z>
      </Vector3>
      <Vector3>
        <X>-2351.7876</X>
        <Y>-271.9268</Y>
        <Z>14.4115343</Z>
      </Vector3>
    </Bounds>
    <CenterCamPosition>
      <X>0</X>
      <Y>0</Y>
    </CenterCamPosition>
    <ScreenBounds />
    <DistanceToCam>0</DistanceToCam>
    <Speed>5.3308506</Speed>
    <AccInput>0</AccInput>
    <RPM>1.35798967</RPM>
    <Gear>0</Gear>
    <SteeringAngle>4.463976E-41</SteeringAngle>
    <WheelSpeed>0</WheelSpeed>
    <CarType>Sports</CarType>
  </MyCar>
  <Peds />
  <Time>266194</Time>
  <LastFrameTime>0.0195674188</LastFrameTime>
  <MyProperty>0</MyProperty>
  <Weather>Foggy</Weather>
  <Steering>124</Steering>
  <Acc>140</Acc>
  <Brake>127</Brake>
  <DayTime>15:16:13</DayTime>
  <Position>
    <X>-2351.21875</X>
    <Y>-273.6141</Y>
    <Z>14.6110792</Z>
  </Position>
  <Rotation>
    <X>0.35909012</X>
    <Y>3.26902</Y>
    <Z>53.298912</Z>
  </Rotation>
</Screenshot>