<?xml version="1.0" encoding="utf-8"?>
<Screenshot xmlns:xsd="http://www.w3.org/2001/XMLSchema" xmlns:xsi="http://www.w3.org/2001/XMLSchema-instance">
  <Cars />
  <MyCar>
    <Position>
      <X>-2350.29443</X>
      <Y>-274.359</Y>
      <Z>13.694272</Z>
    </Position>
    <Rotation>
      <X>0.8585059</X>
      <Y>2.76908469</Y>
      <Z>53.27844</Z>
    </Rotation>
    <Handle>104962</Handle>
    <Bounds>
      <Vector3>
        <X>-2348.88525</X>
        <Y>-276.728973</Y>
        <Z>12.9783125</Z>
      </Vector3>
      <Vector3>
        <X>-2347.66528</X>
        <Y>-275.093536</Y>
        <Z>12.8796263</Z>
      </Vector3>
      <Vector3>
        <X>-2352.983</X>
        <Y>-273.6676</Y>
        <Z>13.0548706</Z>
      </Vector3>
      <Vector3>
        <X>-2348.82568</X>
        <Y>-276.685669</Y>
        <Z>14.4323463</Z>
      </Vector3>
      <Vector3>
        <X>-2351.763</X>
        <Y>-272.032166</Y>
        <Z>12.9561853</Z>
      </Vector3>
      <Vector3>
        <X>-2347.60571</X>
        <Y>-275.050232</Y>
        <Z>14.33366</Z>
      </Vector3>
      <Vector3>
        <X>-2352.92334</X>
        <Y>-273.624268</Y>
        <Z>14.5089045</Z>
      </Vector3>
      <Vector3>
        <X>-2351.70337</X>
        <Y>-271.988831</Y>
        <Z>14.4102192</Z>
      </Vector3>
    </Bounds>
    <CenterCamPosition>
      <X>0</X>
      <Y>0</Y>
    </CenterCamPosition>
    <ScreenBounds />
    <DistanceToCam>0</DistanceToCam>
    <Speed>5.314185</Speed>
    <AccInput>0</AccInput>
    <RPM>1.35798967</RPM>
    <Gear>0</Gear>
    <SteeringAngle>4.463976E-41</SteeringAngle>
    <WheelSpeed>0</WheelSpeed>
    <CarType>Sports</CarType>
  </MyCar>
  <Peds />
  <Time>266175</Time>
  <LastFrameTime>0.0471868962</LastFrameTime>
  <MyProperty>0</MyProperty>
  <Weather>Foggy</Weather>
  <Steering>124</Steering>
  <Acc>140</Acc>
  <Brake>127</Brake>
  <DayTime>15:16:13</DayTime>
  <Position>
    <X>-2351.01831</X>
    <Y>-273.7636</Y>
    <Z>14.607789</Z>
  </Position>
  <Rotation>
    <X>0.3589287</X>
    <Y>3.259492</Y>
    <Z>53.2595062</Z>
  </Rotation>
</Screenshot>