<?xml version="1.0" encoding="utf-8"?>
<Screenshot xmlns:xsd="http://www.w3.org/2001/XMLSchema" xmlns:xsi="http://www.w3.org/2001/XMLSchema-instance">
  <Cars />
  <MyCar>
    <Position>
      <X>-2350.09424</X>
      <Y>-274.509033</Y>
      <Z>13.6909781</Z>
    </Position>
    <Rotation>
      <X>0.858348</X>
      <Y>2.75955582</Y>
      <Z>53.2391</Z>
    </Rotation>
    <Handle>104962</Handle>
    <Bounds>
      <Vector3>
        <X>-2348.68652</X>
        <Y>-276.879883</Y>
        <Z>12.97485</Z>
      </Vector3>
      <Vector3>
        <X>-2347.46558</X>
        <Y>-275.24527</Y>
        <Z>12.876503</Z>
      </Vector3>
      <Vector3>
        <X>-2352.78223</X>
        <Y>-273.8157</Y>
        <Z>13.0513945</Z>
      </Vector3>
      <Vector3>
        <X>-2348.6272</X>
        <Y>-276.8368</Y>
        <Z>14.428895</Z>
      </Vector3>
      <Vector3>
        <X>-2351.561</X>
        <Y>-272.1811</Y>
        <Z>12.9530478</Z>
      </Vector3>
      <Vector3>
        <X>-2347.406</X>
        <Y>-275.202179</Y>
        <Z>14.3305492</Z>
      </Vector3>
      <Vector3>
        <X>-2352.723</X>
        <Y>-273.7726</Y>
        <Z>14.5054407</Z>
      </Vector3>
      <Vector3>
        <X>-2351.50171</X>
        <Y>-272.138</Y>
        <Z>14.407094</Z>
      </Vector3>
    </Bounds>
    <CenterCamPosition>
      <X>0</X>
      <Y>0</Y>
    </CenterCamPosition>
    <ScreenBounds />
    <DistanceToCam>0</DistanceToCam>
    <Speed>5.27338552</Speed>
    <AccInput>0</AccInput>
    <RPM>1.35798967</RPM>
    <Gear>0</Gear>
    <SteeringAngle>4.463976E-41</SteeringAngle>
    <WheelSpeed>0</WheelSpeed>
    <CarType>Sports</CarType>
  </MyCar>
  <Peds />
  <Time>266128</Time>
  <LastFrameTime>0.0336986333</LastFrameTime>
  <MyProperty>0</MyProperty>
  <Weather>Foggy</Weather>
  <Steering>126</Steering>
  <Acc>140</Acc>
  <Brake>127</Brake>
  <DayTime>15:16:13</DayTime>
  <Position>
    <X>-2350.876</X>
    <Y>-273.8697</Y>
    <Z>14.6054688</Z>
  </Position>
  <Rotation>
    <X>0.3596416</X>
    <Y>3.25405359</Y>
    <Z>53.2307167</Z>
  </Rotation>
</Screenshot>