<?xml version="1.0" encoding="utf-8"?>
<Screenshot xmlns:xsd="http://www.w3.org/2001/XMLSchema" xmlns:xsi="http://www.w3.org/2001/XMLSchema-instance">
  <Cars />
  <MyCar>
    <Position>
      <X>-2350.52</X>
      <Y>-274.19046</Y>
      <Z>13.6979971</Z>
    </Position>
    <Rotation>
      <X>0.858455241</X>
      <Y>2.77957058</Y>
      <Z>53.3263054</Z>
    </Rotation>
    <Handle>104962</Handle>
    <Bounds>
      <Vector3>
        <X>-2349.109</X>
        <Y>-276.559357</Y>
        <Z>12.982233</Z>
      </Vector3>
      <Vector3>
        <X>-2347.89038</X>
        <Y>-274.9229</Y>
        <Z>12.8831739</Z>
      </Vector3>
      <Vector3>
        <X>-2353.20923</X>
        <Y>-273.5014</Y>
        <Z>13.0587864</Z>
      </Vector3>
      <Vector3>
        <X>-2349.04932</X>
        <Y>-276.515778</Y>
        <Z>14.4362545</Z>
      </Vector3>
      <Vector3>
        <X>-2351.99072</X>
        <Y>-271.86496</Y>
        <Z>12.9597273</Z>
      </Vector3>
      <Vector3>
        <X>-2347.83057</X>
        <Y>-274.879333</Y>
        <Z>14.3371954</Z>
      </Vector3>
      <Vector3>
        <X>-2353.14966</X>
        <Y>-273.4578</Y>
        <Z>14.5128078</Z>
      </Vector3>
      <Vector3>
        <X>-2351.931</X>
        <Y>-271.82135</Y>
        <Z>14.4137487</Z>
      </Vector3>
    </Bounds>
    <CenterCamPosition>
      <X>0</X>
      <Y>0</Y>
    </CenterCamPosition>
    <ScreenBounds />
    <DistanceToCam>0</DistanceToCam>
    <Speed>5.35865259</Speed>
    <AccInput>0</AccInput>
    <RPM>1.35798967</RPM>
    <Gear>0</Gear>
    <SteeringAngle>4.463976E-41</SteeringAngle>
    <WheelSpeed>0</WheelSpeed>
    <CarType>Sports</CarType>
  </MyCar>
  <Peds />
  <Time>266227</Time>
  <LastFrameTime>0.0331425667</LastFrameTime>
  <MyProperty>0</MyProperty>
  <Weather>Foggy</Weather>
  <Steering>123</Steering>
  <Acc>140</Acc>
  <Brake>127</Brake>
  <DayTime>15:16:13</DayTime>
  <Position>
    <X>-2351.30249</X>
    <Y>-273.55188</Y>
    <Z>14.6124535</Z>
  </Position>
  <Rotation>
    <X>0.3593064</X>
    <Y>3.27264476</Y>
    <Z>53.31554</Z>
  </Rotation>
</Screenshot>