<?xml version="1.0" encoding="utf-8"?>
<Screenshot xmlns:xsd="http://www.w3.org/2001/XMLSchema" xmlns:xsi="http://www.w3.org/2001/XMLSchema-instance">
  <Cars />
  <MyCar>
    <Position>
      <X>-2350.72583</X>
      <Y>-274.037567</Y>
      <Z>13.7014132</Z>
    </Position>
    <Rotation>
      <X>0.8606656</X>
      <Y>2.79070926</Y>
      <Z>53.38673</Z>
    </Rotation>
    <Handle>104962</Handle>
    <Bounds>
      <Vector3>
        <X>-2349.31226</X>
        <Y>-276.4051</Y>
        <Z>12.9857569</Z>
      </Vector3>
      <Vector3>
        <X>-2348.09546</X>
        <Y>-274.767365</Y>
        <Z>12.886301</Z>
      </Vector3>
      <Vector3>
        <X>-2353.41577</X>
        <Y>-273.3514</Y>
        <Z>13.0625057</Z>
      </Vector3>
      <Vector3>
        <X>-2349.25244</X>
        <Y>-276.361237</Y>
        <Z>14.4397631</Z>
      </Vector3>
      <Vector3>
        <X>-2352.199</X>
        <Y>-271.7137</Y>
        <Z>12.9630508</Z>
      </Vector3>
      <Vector3>
        <X>-2348.03564</X>
        <Y>-274.7235</Y>
        <Z>14.3403072</Z>
      </Vector3>
      <Vector3>
        <X>-2353.356</X>
        <Y>-273.307556</Y>
        <Z>14.5165129</Z>
      </Vector3>
      <Vector3>
        <X>-2352.13916</X>
        <Y>-271.669861</Y>
        <Z>14.417057</Z>
      </Vector3>
    </Bounds>
    <CenterCamPosition>
      <X>0</X>
      <Y>0</Y>
    </CenterCamPosition>
    <ScreenBounds />
    <DistanceToCam>0</DistanceToCam>
    <Speed>5.39781046</Speed>
    <AccInput>0</AccInput>
    <RPM>1.35798967</RPM>
    <Gear>0</Gear>
    <SteeringAngle>4.463976E-41</SteeringAngle>
    <WheelSpeed>0</WheelSpeed>
    <CarType>Sports</CarType>
  </MyCar>
  <Peds />
  <Time>266275</Time>
  <LastFrameTime>0.04758719</LastFrameTime>
  <MyProperty>0</MyProperty>
  <Weather>Foggy</Weather>
  <Steering>122</Steering>
  <Acc>140</Acc>
  <Brake>127</Brake>
  <DayTime>15:16:13</DayTime>
  <Position>
    <X>-2351.445</X>
    <Y>-273.4462</Y>
    <Z>14.6147947</Z>
  </Position>
  <Rotation>
    <X>0.3590431</X>
    <Y>3.27950525</Y>
    <Z>53.34684</Z>
  </Rotation>
</Screenshot>