<?xml version="1.0" encoding="utf-8"?>
<Screenshot xmlns:xsd="http://www.w3.org/2001/XMLSchema" xmlns:xsi="http://www.w3.org/2001/XMLSchema-instance">
  <Cars />
  <MyCar>
    <Position>
      <X>-2350.83447</X>
      <Y>-273.957123</Y>
      <Z>13.7032337</Z>
    </Position>
    <Rotation>
      <X>0.8608487</X>
      <Y>2.794305</Y>
      <Z>53.4233437</Z>
    </Rotation>
    <Handle>104962</Handle>
    <Bounds>
      <Vector3>
        <X>-2349.41943</X>
        <Y>-276.323761</Y>
        <Z>12.9876356</Z>
      </Vector3>
      <Vector3>
        <X>-2348.20361</X>
        <Y>-274.685272</Y>
        <Z>12.888051</Z>
      </Vector3>
      <Vector3>
        <X>-2353.525</X>
        <Y>-273.272736</Y>
        <Z>13.0644007</Z>
      </Vector3>
      <Vector3>
        <X>-2349.35962</X>
        <Y>-276.279816</Y>
        <Z>14.441637</Z>
      </Vector3>
      <Vector3>
        <X>-2352.309</X>
        <Y>-271.634247</Y>
        <Z>12.964817</Z>
      </Vector3>
      <Vector3>
        <X>-2348.1438</X>
        <Y>-274.641327</Y>
        <Z>14.3420534</Z>
      </Vector3>
      <Vector3>
        <X>-2353.465</X>
        <Y>-273.22876</Y>
        <Z>14.5184031</Z>
      </Vector3>
      <Vector3>
        <X>-2352.24927</X>
        <Y>-271.5903</Y>
        <Z>14.4188194</Z>
      </Vector3>
    </Bounds>
    <CenterCamPosition>
      <X>0</X>
      <Y>0</Y>
    </CenterCamPosition>
    <ScreenBounds />
    <DistanceToCam>0</DistanceToCam>
    <Speed>5.4192934</Speed>
    <AccInput>0</AccInput>
    <RPM>1.35798967</RPM>
    <Gear>0</Gear>
    <SteeringAngle>4.463976E-41</SteeringAngle>
    <WheelSpeed>0</WheelSpeed>
    <CarType>Sports</CarType>
  </MyCar>
  <Peds />
  <Time>266300</Time>
  <LastFrameTime>0.0249943137</LastFrameTime>
  <MyProperty>0</MyProperty>
  <Weather>Foggy</Weather>
  <Steering>122</Steering>
  <Acc>140</Acc>
  <Brake>127</Brake>
  <DayTime>15:16:13</DayTime>
  <Position>
    <X>-2351.65137</X>
    <Y>-273.294159</Y>
    <Z>14.618248</Z>
  </Position>
  <Rotation>
    <X>0.361261338</X>
    <Y>3.29064369</Y>
    <Z>53.4074631</Z>
  </Rotation>
</Screenshot>