<?xml version="1.0" encoding="utf-8"?>
<Screenshot xmlns:xsd="http://www.w3.org/2001/XMLSchema" xmlns:xsi="http://www.w3.org/2001/XMLSchema-instance">
  <Cars />
  <MyCar>
    <Position>
      <X>-2350.956</X>
      <Y>-273.867584</Y>
      <Z>13.7052374</Z>
    </Position>
    <Rotation>
      <X>0.864038467</X>
      <Y>2.80223536</Y>
      <Z>53.47012</Z>
    </Rotation>
    <Handle>104962</Handle>
    <Bounds>
      <Vector3>
        <X>-2349.53931</X>
        <Y>-276.233124</Y>
        <Z>12.9896441</Z>
      </Vector3>
      <Vector3>
        <X>-2348.32471</X>
        <Y>-274.593658</Y>
        <Z>12.8897772</Z>
      </Vector3>
      <Vector3>
        <X>-2353.64722</X>
        <Y>-273.185425</Y>
        <Z>13.0666933</Z>
      </Vector3>
      <Vector3>
        <X>-2349.47925</X>
        <Y>-276.189</Y>
        <Z>14.443635</Z>
      </Vector3>
      <Vector3>
        <X>-2352.43262</X>
        <Y>-271.545959</Y>
        <Z>12.9668274</Z>
      </Vector3>
      <Vector3>
        <X>-2348.265</X>
        <Y>-274.549561</Y>
        <Z>14.3437681</Z>
      </Vector3>
      <Vector3>
        <X>-2353.58716</X>
        <Y>-273.1413</Y>
        <Z>14.5206842</Z>
      </Vector3>
      <Vector3>
        <X>-2352.3728</X>
        <Y>-271.501831</Y>
        <Z>14.4208183</Z>
      </Vector3>
    </Bounds>
    <CenterCamPosition>
      <X>0</X>
      <Y>0</Y>
    </CenterCamPosition>
    <ScreenBounds />
    <DistanceToCam>0</DistanceToCam>
    <Speed>5.441535</Speed>
    <AccInput>0</AccInput>
    <RPM>1.35798967</RPM>
    <Gear>0</Gear>
    <SteeringAngle>4.463976E-41</SteeringAngle>
    <WheelSpeed>0</WheelSpeed>
    <CarType>Sports</CarType>
  </MyCar>
  <Peds />
  <Time>266328</Time>
  <LastFrameTime>0.0277802162</LastFrameTime>
  <MyProperty>0</MyProperty>
  <Weather>Foggy</Weather>
  <Steering>122</Steering>
  <Acc>140</Acc>
  <Brake>127</Brake>
  <DayTime>15:16:13</DayTime>
  <Position>
    <X>-2351.7605</X>
    <Y>-273.214233</Y>
    <Z>14.6200695</Z>
  </Position>
  <Rotation>
    <X>0.361446083</X>
    <Y>3.29423952</Y>
    <Z>53.44411</Z>
  </Rotation>
</Screenshot>