<?xml version="1.0" encoding="utf-8"?>
<Screenshot xmlns:xsd="http://www.w3.org/2001/XMLSchema" xmlns:xsi="http://www.w3.org/2001/XMLSchema-instance">
  <Cars />
  <MyCar>
    <Position>
      <X>-2351.10278</X>
      <Y>-273.7598</Y>
      <Z>13.7077131</Z>
    </Position>
    <Rotation>
      <X>0.865817666</X>
      <Y>2.80578947</Y>
      <Z>53.5361252</Z>
    </Rotation>
    <Handle>104962</Handle>
    <Bounds>
      <Vector3>
        <X>-2349.68335</X>
        <Y>-276.123718</Y>
        <Z>12.9921064</Z>
      </Vector3>
      <Vector3>
        <X>-2348.4707</X>
        <Y>-274.48288</Y>
        <Z>12.8921137</Z>
      </Vector3>
      <Vector3>
        <X>-2353.79468</X>
        <Y>-273.08075</Y>
        <Z>13.069314</Z>
      </Vector3>
      <Vector3>
        <X>-2349.62329</X>
        <Y>-276.0795</Y>
        <Z>14.4460917</Z>
      </Vector3>
      <Vector3>
        <X>-2352.582</X>
        <Y>-271.4399</Y>
        <Z>12.9693213</Z>
      </Vector3>
      <Vector3>
        <X>-2348.41064</X>
        <Y>-274.438629</Y>
        <Z>14.3460989</Z>
      </Vector3>
      <Vector3>
        <X>-2353.73462</X>
        <Y>-273.03653</Y>
        <Z>14.5233</Z>
      </Vector3>
      <Vector3>
        <X>-2352.52222</X>
        <Y>-271.39566</Y>
        <Z>14.4233074</Z>
      </Vector3>
    </Bounds>
    <CenterCamPosition>
      <X>0</X>
      <Y>0</Y>
    </CenterCamPosition>
    <ScreenBounds />
    <DistanceToCam>0</DistanceToCam>
    <Speed>5.46851873</Speed>
    <AccInput>0</AccInput>
    <RPM>1.35798967</RPM>
    <Gear>0</Gear>
    <SteeringAngle>4.463976E-41</SteeringAngle>
    <WheelSpeed>0</WheelSpeed>
    <CarType>Sports</CarType>
  </MyCar>
  <Peds />
  <Time>266361</Time>
  <LastFrameTime>0.0333734341</LastFrameTime>
  <MyProperty>0</MyProperty>
  <Weather>Foggy</Weather>
  <Steering>122</Steering>
  <Acc>140</Acc>
  <Brake>127</Brake>
  <DayTime>15:16:13</DayTime>
  <Position>
    <X>-2351.88257</X>
    <Y>-273.1254</Y>
    <Z>14.6221333</Z>
  </Position>
  <Rotation>
    <X>0.36464414</X>
    <Y>3.30216885</Y>
    <Z>53.4911232</Z>
  </Rotation>
</Screenshot>