<?xml version="1.0" encoding="utf-8"?>
<Screenshot xmlns:xsd="http://www.w3.org/2001/XMLSchema" xmlns:xsi="http://www.w3.org/2001/XMLSchema-instance">
  <Cars />
  <MyCar>
    <Position>
      <X>-2351.39868</X>
      <Y>-273.5443</Y>
      <Z>13.7127485</Z>
    </Position>
    <Rotation>
      <X>0.8708213</X>
      <Y>2.80828214</Y>
      <Z>53.693203</Z>
    </Rotation>
    <Handle>104962</Handle>
    <Bounds>
      <Vector3>
        <X>-2349.973</X>
        <Y>-275.904327</Y>
        <Z>12.9969654</Z>
      </Vector3>
      <Vector3>
        <X>-2348.76465</X>
        <Y>-274.260162</Y>
        <Z>12.896884</Z>
      </Vector3>
      <Vector3>
        <X>-2354.09253</X>
        <Y>-272.87262</Y>
        <Z>13.0746193</Z>
      </Vector3>
      <Vector3>
        <X>-2349.91284</X>
        <Y>-275.859955</Y>
        <Z>14.4509459</Z>
      </Vector3>
      <Vector3>
        <X>-2352.88452</X>
        <Y>-271.228455</Y>
        <Z>12.9745378</Z>
      </Vector3>
      <Vector3>
        <X>-2348.70459</X>
        <Y>-274.2158</Y>
        <Z>14.3508644</Z>
      </Vector3>
      <Vector3>
        <X>-2354.03247</X>
        <Y>-272.828247</Y>
        <Z>14.5286007</Z>
      </Vector3>
      <Vector3>
        <X>-2352.82446</X>
        <Y>-271.184082</Y>
        <Z>14.4285192</Z>
      </Vector3>
    </Bounds>
    <CenterCamPosition>
      <X>0</X>
      <Y>0</Y>
    </CenterCamPosition>
    <ScreenBounds />
    <DistanceToCam>0</DistanceToCam>
    <Speed>5.521538</Speed>
    <AccInput>0</AccInput>
    <RPM>1.35798967</RPM>
    <Gear>0</Gear>
    <SteeringAngle>4.463976E-41</SteeringAngle>
    <WheelSpeed>0</WheelSpeed>
    <CarType>Sports</CarType>
  </MyCar>
  <Peds />
  <Time>266428</Time>
  <LastFrameTime>0.0189108159</LastFrameTime>
  <MyProperty>0</MyProperty>
  <Weather>Foggy</Weather>
  <Steering>122</Steering>
  <Acc>140</Acc>
  <Brake>127</Brake>
  <DayTime>15:16:13</DayTime>
  <Position>
    <X>-2352.243</X>
    <Y>-272.8663</Y>
    <Z>14.6283016</Z>
  </Position>
  <Rotation>
    <X>0.369853348</X>
    <Y>3.30763841</Y>
    <Z>53.667675</Z>
  </Rotation>
</Screenshot>