<?xml version="1.0" encoding="utf-8"?>
<Screenshot xmlns:xsd="http://www.w3.org/2001/XMLSchema" xmlns:xsi="http://www.w3.org/2001/XMLSchema-instance">
  <Cars />
  <MyCar>
    <Position>
      <X>-2351.69556</X>
      <Y>-273.32962</Y>
      <Z>13.717926</Z>
    </Position>
    <Rotation>
      <X>0.8812861</X>
      <Y>2.81121039</Y>
      <Z>53.871582</Z>
    </Rotation>
    <Handle>104962</Handle>
    <Bounds>
      <Vector3>
        <X>-2350.26245</X>
        <Y>-275.68515</Y>
        <Z>13.0017328</Z>
      </Vector3>
      <Vector3>
        <X>-2349.05957</X>
        <Y>-274.037262</Y>
        <Z>12.9015465</Z>
      </Vector3>
      <Vector3>
        <X>-2354.3916</X>
        <Y>-272.66626</Y>
        <Z>13.0803194</Z>
      </Vector3>
      <Vector3>
        <X>-2350.20239</X>
        <Y>-275.6407</Y>
        <Z>14.4557056</Z>
      </Vector3>
      <Vector3>
        <X>-2353.18872</X>
        <Y>-271.018341</Y>
        <Z>12.9801331</Z>
      </Vector3>
      <Vector3>
        <X>-2348.99927</X>
        <Y>-273.9928</Y>
        <Z>14.3555193</Z>
      </Vector3>
      <Vector3>
        <X>-2354.3313</X>
        <Y>-272.6218</Y>
        <Z>14.5342922</Z>
      </Vector3>
      <Vector3>
        <X>-2353.12842</X>
        <Y>-270.973877</Y>
        <Z>14.4341068</Z>
      </Vector3>
    </Bounds>
    <CenterCamPosition>
      <X>0</X>
      <Y>0</Y>
    </CenterCamPosition>
    <ScreenBounds />
    <DistanceToCam>0</DistanceToCam>
    <Speed>5.573287</Speed>
    <AccInput>0</AccInput>
    <RPM>1.35798967</RPM>
    <Gear>0</Gear>
    <SteeringAngle>4.463976E-41</SteeringAngle>
    <WheelSpeed>0</WheelSpeed>
    <CarType>Sports</CarType>
  </MyCar>
  <Peds />
  <Time>266494</Time>
  <LastFrameTime>0.03313481</LastFrameTime>
  <MyProperty>0</MyProperty>
  <Weather>Foggy</Weather>
  <Steering>122</Steering>
  <Acc>140</Acc>
  <Brake>127</Brake>
  <DayTime>15:16:13</DayTime>
  <Position>
    <X>-2352.47632</X>
    <Y>-272.7004</Y>
    <Z>14.632349</Z>
  </Position>
  <Rotation>
    <X>0.373740852</X>
    <Y>3.308785</Y>
    <Z>53.8011665</Z>
  </Rotation>
</Screenshot>