<?xml version="1.0" encoding="utf-8"?>
<Screenshot xmlns:xsd="http://www.w3.org/2001/XMLSchema" xmlns:xsi="http://www.w3.org/2001/XMLSchema-instance">
  <Cars />
  <MyCar>
    <Position>
      <X>-2351.546</X>
      <Y>-273.4376</Y>
      <Z>13.715271</Z>
    </Position>
    <Rotation>
      <X>0.8731178</X>
      <Y>2.80885482</Y>
      <Z>53.7796</Z>
    </Rotation>
    <Handle>104962</Handle>
    <Bounds>
      <Vector3>
        <X>-2350.11646</X>
        <Y>-275.795471</Y>
        <Z>12.9993963</Z>
      </Vector3>
      <Vector3>
        <X>-2348.911</X>
        <Y>-274.149475</Y>
        <Z>12.8992949</Z>
      </Vector3>
      <Vector3>
        <X>-2354.24072</X>
        <Y>-272.769958</Y>
        <Z>13.0772552</Z>
      </Vector3>
      <Vector3>
        <X>-2350.0564</X>
        <Y>-275.751</Y>
        <Z>14.4533758</Z>
      </Vector3>
      <Vector3>
        <X>-2353.03516</X>
        <Y>-271.123962</Y>
        <Z>12.9771528</Z>
      </Vector3>
      <Vector3>
        <X>-2348.85083</X>
        <Y>-274.105042</Y>
        <Z>14.3532734</Z>
      </Vector3>
      <Vector3>
        <X>-2354.18066</X>
        <Y>-272.725525</Y>
        <Z>14.5312347</Z>
      </Vector3>
      <Vector3>
        <X>-2352.975</X>
        <Y>-271.079529</Y>
        <Z>14.4311323</Z>
      </Vector3>
    </Bounds>
    <CenterCamPosition>
      <X>0</X>
      <Y>0</Y>
    </CenterCamPosition>
    <ScreenBounds />
    <DistanceToCam>0</DistanceToCam>
    <Speed>5.547431</Speed>
    <AccInput>0</AccInput>
    <RPM>1.35798967</RPM>
    <Gear>0</Gear>
    <SteeringAngle>4.463976E-41</SteeringAngle>
    <WheelSpeed>0</WheelSpeed>
    <CarType>Sports</CarType>
  </MyCar>
  <Peds />
  <Time>266460</Time>
  <LastFrameTime>0.03282606</LastFrameTime>
  <MyProperty>0</MyProperty>
  <Weather>Foggy</Weather>
  <Steering>122</Steering>
  <Acc>140</Acc>
  <Brake>127</Brake>
  <DayTime>15:16:13</DayTime>
  <Position>
    <X>-2352.328</X>
    <Y>-272.805725</Y>
    <Z>14.62978</Z>
  </Position>
  <Rotation>
    <X>0.371440172</X>
    <Y>3.30821252</Y>
    <Z>53.7146378</Z>
  </Rotation>
</Screenshot>