<?xml version="1.0" encoding="utf-8"?>
<Screenshot xmlns:xsd="http://www.w3.org/2001/XMLSchema" xmlns:xsi="http://www.w3.org/2001/XMLSchema-instance">
  <Cars />
  <MyCar>
    <Position>
      <X>-2351.31421</X>
      <Y>-273.605682</Y>
      <Z>13.7113028</Z>
    </Position>
    <Rotation>
      <X>0.869237244</X>
      <Y>2.80770755</Y>
      <Z>53.64634</Z>
    </Rotation>
    <Handle>104962</Handle>
    <Bounds>
      <Vector3>
        <X>-2349.89014</X>
        <Y>-275.9669</Y>
        <Z>12.99558</Z>
      </Vector3>
      <Vector3>
        <X>-2348.681</X>
        <Y>-274.3237</Y>
        <Z>12.8955183</Z>
      </Vector3>
      <Vector3>
        <X>-2354.00757</X>
        <Y>-272.9318</Y>
        <Z>13.0730925</Z>
      </Vector3>
      <Vector3>
        <X>-2349.83</X>
        <Y>-275.922546</Y>
        <Z>14.4495611</Z>
      </Vector3>
      <Vector3>
        <X>-2352.798</X>
        <Y>-271.288635</Y>
        <Z>12.973031</Z>
      </Vector3>
      <Vector3>
        <X>-2348.62085</X>
        <Y>-274.279358</Y>
        <Z>14.3495007</Z>
      </Vector3>
      <Vector3>
        <X>-2353.94751</X>
        <Y>-272.887482</Y>
        <Z>14.5270748</Z>
      </Vector3>
      <Vector3>
        <X>-2352.738</X>
        <Y>-271.2443</Y>
        <Z>14.4270134</Z>
      </Vector3>
    </Bounds>
    <CenterCamPosition>
      <X>0</X>
      <Y>0</Y>
    </CenterCamPosition>
    <ScreenBounds />
    <DistanceToCam>0</DistanceToCam>
    <Speed>5.506536</Speed>
    <AccInput>0</AccInput>
    <RPM>1.35798967</RPM>
    <Gear>0</Gear>
    <SteeringAngle>4.463976E-41</SteeringAngle>
    <WheelSpeed>0</WheelSpeed>
    <CarType>Sports</CarType>
  </MyCar>
  <Peds />
  <Time>266409</Time>
  <LastFrameTime>0.04756888</LastFrameTime>
  <MyProperty>0</MyProperty>
  <Weather>Foggy</Weather>
  <Steering>122</Steering>
  <Acc>140</Acc>
  <Brake>127</Brake>
  <DayTime>15:16:13</DayTime>
  <Position>
    <X>-2352.03</X>
    <Y>-273.018646</Y>
    <Z>14.6246433</Z>
  </Position>
  <Rotation>
    <X>0.366427273</X>
    <Y>3.30572152</Y>
    <Z>53.55725</Z>
  </Rotation>
</Screenshot>