<?xml version="1.0" encoding="utf-8"?>
<Screenshot xmlns:xsd="http://www.w3.org/2001/XMLSchema" xmlns:xsi="http://www.w3.org/2001/XMLSchema-instance">
  <Cars />
  <MyCar>
    <Position>
      <X>-2351.912</X>
      <Y>-273.174042</Y>
      <Z>13.72183</Z>
    </Position>
    <Rotation>
      <X>0.895366549</X>
      <Y>2.81442285</Y>
      <Z>54.0105972</Z>
    </Rotation>
    <Handle>104962</Handle>
    <Bounds>
      <Vector3>
        <X>-2350.47363</X>
        <Y>-275.526062</Y>
        <Z>13.0050707</Z>
      </Vector3>
      <Vector3>
        <X>-2349.27466</X>
        <Y>-273.8752</Y>
        <Z>12.9047709</Z>
      </Vector3>
      <Vector3>
        <X>-2354.60986</X>
        <Y>-272.51712</Y>
        <Z>13.0849133</Z>
      </Vector3>
      <Vector3>
        <X>-2350.413</X>
        <Y>-275.4816</Y>
        <Z>14.4590349</Z>
      </Vector3>
      <Vector3>
        <X>-2353.411</X>
        <Y>-270.8663</Y>
        <Z>12.9846134</Z>
      </Vector3>
      <Vector3>
        <X>-2349.214</X>
        <Y>-273.83075</Y>
        <Z>14.3587341</Z>
      </Vector3>
      <Vector3>
        <X>-2354.54956</X>
        <Y>-272.472656</Y>
        <Z>14.5388775</Z>
      </Vector3>
      <Vector3>
        <X>-2353.35059</X>
        <Y>-270.821838</Y>
        <Z>14.4385767</Z>
      </Vector3>
    </Bounds>
    <CenterCamPosition>
      <X>0</X>
      <Y>0</Y>
    </CenterCamPosition>
    <ScreenBounds />
    <DistanceToCam>0</DistanceToCam>
    <Speed>5.61027</Speed>
    <AccInput>0</AccInput>
    <RPM>1.35798967</RPM>
    <Gear>0</Gear>
    <SteeringAngle>4.463976E-41</SteeringAngle>
    <WheelSpeed>0</WheelSpeed>
    <CarType>Sports</CarType>
  </MyCar>
  <Peds />
  <Time>266541</Time>
  <LastFrameTime>0.047606118</LastFrameTime>
  <MyProperty>0</MyProperty>
  <Weather>Foggy</Weather>
  <Steering>122</Steering>
  <Acc>140</Acc>
  <Brake>127</Brake>
  <DayTime>15:16:13</DayTime>
  <Position>
    <X>-2352.627</X>
    <Y>-272.593964</Y>
    <Z>14.6351709</Z>
  </Position>
  <Rotation>
    <X>0.381923825</X>
    <Y>3.31113672</Y>
    <Z>53.89364</Z>
  </Rotation>
</Screenshot>