<?xml version="1.0" encoding="utf-8"?>
<Screenshot xmlns:xsd="http://www.w3.org/2001/XMLSchema" xmlns:xsi="http://www.w3.org/2001/XMLSchema-instance">
  <Cars />
  <MyCar>
    <Position>
      <X>-2352.00439</X>
      <Y>-273.108032</Y>
      <Z>13.7234926</Z>
    </Position>
    <Rotation>
      <X>0.900244832</X>
      <Y>2.81519842</Y>
      <Z>54.0707855</Z>
    </Rotation>
    <Handle>104962</Handle>
    <Bounds>
      <Vector3>
        <X>-2350.56348</X>
        <Y>-275.4585</Y>
        <Z>13.0065308</Z>
      </Vector3>
      <Vector3>
        <X>-2349.36621</X>
        <Y>-273.806427</Y>
        <Z>12.9062033</Z>
      </Vector3>
      <Vector3>
        <X>-2354.703</X>
        <Y>-272.453918</Y>
        <Z>13.0868082</Z>
      </Vector3>
      <Vector3>
        <X>-2350.503</X>
        <Y>-275.414032</Y>
        <Z>14.4604921</Z>
      </Vector3>
      <Vector3>
        <X>-2353.50562</X>
        <Y>-270.801849</Y>
        <Z>12.9864807</Z>
      </Vector3>
      <Vector3>
        <X>-2349.30566</X>
        <Y>-273.761963</Y>
        <Z>14.3601637</Z>
      </Vector3>
      <Vector3>
        <X>-2354.64233</X>
        <Y>-272.409454</Y>
        <Z>14.5407686</Z>
      </Vector3>
      <Vector3>
        <X>-2353.44531</X>
        <Y>-270.757355</Y>
        <Z>14.4404411</Z>
      </Vector3>
    </Bounds>
    <CenterCamPosition>
      <X>0</X>
      <Y>0</Y>
    </CenterCamPosition>
    <ScreenBounds />
    <DistanceToCam>0</DistanceToCam>
    <Speed>5.62586355</Speed>
    <AccInput>0</AccInput>
    <RPM>1.35798967</RPM>
    <Gear>0</Gear>
    <SteeringAngle>4.463976E-41</SteeringAngle>
    <WheelSpeed>0</WheelSpeed>
    <CarType>Sports</CarType>
  </MyCar>
  <Peds />
  <Time>266561</Time>
  <LastFrameTime>0.02017313</LastFrameTime>
  <MyProperty>0</MyProperty>
  <Weather>Foggy</Weather>
  <Steering>122</Steering>
  <Acc>140</Acc>
  <Brake>127</Brake>
  <DayTime>15:16:13</DayTime>
  <Position>
    <X>-2352.845</X>
    <Y>-272.440735</Y>
    <Z>14.6393642</Z>
  </Position>
  <Rotation>
    <X>0.396028638</X>
    <Y>3.31434321</Y>
    <Z>54.0334854</Z>
  </Rotation>
</Screenshot>