<?xml version="1.0" encoding="utf-8"?>
<Screenshot xmlns:xsd="http://www.w3.org/2001/XMLSchema" xmlns:xsi="http://www.w3.org/2001/XMLSchema-instance">
  <Cars />
  <MyCar>
    <Position>
      <X>-2352.21826</X>
      <Y>-272.955658</Y>
      <Z>13.7273788</Z>
    </Position>
    <Rotation>
      <X>0.9134026</X>
      <Y>2.8163178</Y>
      <Z>54.21282</Z>
    </Rotation>
    <Handle>104962</Handle>
    <Bounds>
      <Vector3>
        <X>-2350.77173</X>
        <Y>-275.3025</Y>
        <Z>13.0098543</Z>
      </Vector3>
      <Vector3>
        <X>-2349.57861</X>
        <Y>-273.64743</Y>
        <Z>12.9094858</Z>
      </Vector3>
      <Vector3>
        <X>-2354.91846</X>
        <Y>-272.308136</Y>
        <Z>13.0913048</Z>
      </Vector3>
      <Vector3>
        <X>-2350.711</X>
        <Y>-275.258026</Y>
        <Z>14.4638081</Z>
      </Vector3>
      <Vector3>
        <X>-2353.72534</X>
        <Y>-270.653076</Y>
        <Z>12.9909363</Z>
      </Vector3>
      <Vector3>
        <X>-2349.51782</X>
        <Y>-273.603</Y>
        <Z>14.3634405</Z>
      </Vector3>
      <Vector3>
        <X>-2354.858</X>
        <Y>-272.263672</Y>
        <Z>14.5452585</Z>
      </Vector3>
      <Vector3>
        <X>-2353.66479</X>
        <Y>-270.608643</Y>
        <Z>14.444891</Z>
      </Vector3>
    </Bounds>
    <CenterCamPosition>
      <X>0</X>
      <Y>0</Y>
    </CenterCamPosition>
    <ScreenBounds />
    <DistanceToCam>0</DistanceToCam>
    <Speed>5.66164</Speed>
    <AccInput>0</AccInput>
    <RPM>1.35798967</RPM>
    <Gear>0</Gear>
    <SteeringAngle>4.463976E-41</SteeringAngle>
    <WheelSpeed>0</WheelSpeed>
    <CarType>Sports</CarType>
  </MyCar>
  <Peds />
  <Time>266608</Time>
  <LastFrameTime>0.0464474447</LastFrameTime>
  <MyProperty>0</MyProperty>
  <Weather>Foggy</Weather>
  <Steering>122</Steering>
  <Acc>140</Acc>
  <Brake>127</Brake>
  <DayTime>15:16:13</DayTime>
  <Position>
    <X>-2352.938</X>
    <Y>-272.375732</Y>
    <Z>14.6411266</Z>
  </Position>
  <Rotation>
    <X>0.400915742</X>
    <Y>3.31511712</Y>
    <Z>54.0939674</Z>
  </Rotation>
</Screenshot>