<?xml version="1.0" encoding="utf-8"?>
<Screenshot xmlns:xsd="http://www.w3.org/2001/XMLSchema" xmlns:xsi="http://www.w3.org/2001/XMLSchema-instance">
  <Cars />
  <MyCar>
    <Position>
      <X>-2352.37524</X>
      <Y>-272.844269</Y>
      <Z>13.7302217</Z>
    </Position>
    <Rotation>
      <X>0.9232525</X>
      <Y>2.81701064</Y>
      <Z>54.3181152</Z>
    </Rotation>
    <Handle>104962</Handle>
    <Bounds>
      <Vector3>
        <X>-2350.92432</X>
        <Y>-275.1884</Y>
        <Z>13.0122728</Z>
      </Vector3>
      <Vector3>
        <X>-2349.73438</X>
        <Y>-273.531158</Y>
        <Z>12.9118805</Z>
      </Vector3>
      <Vector3>
        <X>-2355.07666</X>
        <Y>-272.20163</Y>
        <Z>13.0946016</Z>
      </Vector3>
      <Vector3>
        <X>-2350.86353</X>
        <Y>-275.143951</Y>
        <Z>14.4662218</Z>
      </Vector3>
      <Vector3>
        <X>-2353.88672</X>
        <Y>-270.5444</Y>
        <Z>12.9942083</Z>
      </Vector3>
      <Vector3>
        <X>-2349.67358</X>
        <Y>-273.486725</Y>
        <Z>14.3658295</Z>
      </Vector3>
      <Vector3>
        <X>-2355.01587</X>
        <Y>-272.1572</Y>
        <Z>14.5485506</Z>
      </Vector3>
      <Vector3>
        <X>-2353.826</X>
        <Y>-270.499969</Y>
        <Z>14.4481583</Z>
      </Vector3>
    </Bounds>
    <CenterCamPosition>
      <X>0</X>
      <Y>0</Y>
    </CenterCamPosition>
    <ScreenBounds />
    <DistanceToCam>0</DistanceToCam>
    <Speed>5.68757057</Speed>
    <AccInput>0</AccInput>
    <RPM>1.35798967</RPM>
    <Gear>0</Gear>
    <SteeringAngle>4.463976E-41</SteeringAngle>
    <WheelSpeed>0</WheelSpeed>
    <CarType>Sports</CarType>
  </MyCar>
  <Peds />
  <Time>266642</Time>
  <LastFrameTime>0.0338817127</LastFrameTime>
  <MyProperty>0</MyProperty>
  <Weather>Foggy</Weather>
  <Steering>122</Steering>
  <Acc>140</Acc>
  <Brake>127</Brake>
  <DayTime>15:16:13</DayTime>
  <Position>
    <X>-2353.15356</X>
    <Y>-272.225769</Y>
    <Z>14.6452837</Z>
  </Position>
  <Rotation>
    <X>0.414096415</X>
    <Y>3.31623149</Y>
    <Z>54.2367744</Z>
  </Rotation>
</Screenshot>