<?xml version="1.0" encoding="utf-8"?>
<Screenshot xmlns:xsd="http://www.w3.org/2001/XMLSchema" xmlns:xsi="http://www.w3.org/2001/XMLSchema-instance">
  <Cars />
  <MyCar>
    <Position>
      <X>-2352.53271</X>
      <Y>-272.73288</Y>
      <Z>13.7331038</Z>
    </Position>
    <Rotation>
      <X>0.9320195</X>
      <Y>2.816519</Y>
      <Z>54.424366</Z>
    </Rotation>
    <Handle>104962</Handle>
    <Bounds>
      <Vector3>
        <X>-2351.07764</X>
        <Y>-275.074249</Y>
        <Z>13.0147562</Z>
      </Vector3>
      <Vector3>
        <X>-2349.89063</X>
        <Y>-273.4148</Y>
        <Z>12.914382</Z>
      </Vector3>
      <Vector3>
        <X>-2355.2356</X>
        <Y>-272.095154</Y>
        <Z>13.097867</Z>
      </Vector3>
      <Vector3>
        <X>-2351.01685</X>
        <Y>-275.029846</Y>
        <Z>14.4687023</Z>
      </Vector3>
      <Vector3>
        <X>-2354.04858</X>
        <Y>-270.43573</Y>
        <Z>12.9974918</Z>
      </Vector3>
      <Vector3>
        <X>-2349.82983</X>
        <Y>-273.3704</Y>
        <Z>14.3683281</Z>
      </Vector3>
      <Vector3>
        <X>-2355.17456</X>
        <Y>-272.050751</Y>
        <Z>14.5518131</Z>
      </Vector3>
      <Vector3>
        <X>-2353.98755</X>
        <Y>-270.391327</Y>
        <Z>14.451438</Z>
      </Vector3>
    </Bounds>
    <CenterCamPosition>
      <X>0</X>
      <Y>0</Y>
    </CenterCamPosition>
    <ScreenBounds />
    <DistanceToCam>0</DistanceToCam>
    <Speed>5.713408</Speed>
    <AccInput>0</AccInput>
    <RPM>1.35798967</RPM>
    <Gear>0</Gear>
    <SteeringAngle>4.463976E-41</SteeringAngle>
    <WheelSpeed>0</WheelSpeed>
    <CarType>Sports</CarType>
  </MyCar>
  <Peds />
  <Time>266676</Time>
  <LastFrameTime>0.03382058</LastFrameTime>
  <MyProperty>0</MyProperty>
  <Weather>Foggy</Weather>
  <Steering>122</Steering>
  <Acc>140</Acc>
  <Brake>127</Brake>
  <DayTime>15:16:13</DayTime>
  <Position>
    <X>-2353.31177</X>
    <Y>-272.11618</Y>
    <Z>14.64833</Z>
  </Position>
  <Rotation>
    <X>0.423962861</X>
    <Y>3.31692052</Y>
    <Z>54.34264</Z>
  </Rotation>
</Screenshot>