<?xml version="1.0" encoding="utf-8"?>
<Screenshot xmlns:xsd="http://www.w3.org/2001/XMLSchema" xmlns:xsi="http://www.w3.org/2001/XMLSchema-instance">
  <Cars />
  <MyCar>
    <Position>
      <X>-2352.69751</X>
      <Y>-272.616943</Y>
      <Z>13.7360554</Z>
    </Position>
    <Rotation>
      <X>0.9380752</X>
      <Y>2.80807567</Y>
      <Z>54.5333138</Z>
    </Rotation>
    <Handle>104962</Handle>
    <Bounds>
      <Vector3>
        <X>-2351.238</X>
        <Y>-274.9554</Y>
        <Z>13.0172834</Z>
      </Vector3>
      <Vector3>
        <X>-2350.0542</X>
        <Y>-273.2937</Y>
        <Z>12.91721</Z>
      </Vector3>
      <Vector3>
        <X>-2355.40137</X>
        <Y>-271.984253</Y>
        <Z>13.100934</Z>
      </Vector3>
      <Vector3>
        <X>-2351.17725</X>
        <Y>-274.911163</Y>
        <Z>14.4712381</Z>
      </Vector3>
      <Vector3>
        <X>-2354.21777</X>
        <Y>-270.32254</Y>
        <Z>13.00086</Z>
      </Vector3>
      <Vector3>
        <X>-2349.99341</X>
        <Y>-273.249451</Y>
        <Z>14.3711634</Z>
      </Vector3>
      <Vector3>
        <X>-2355.34058</X>
        <Y>-271.939972</Y>
        <Z>14.5548887</Z>
      </Vector3>
      <Vector3>
        <X>-2354.157</X>
        <Y>-270.2783</Y>
        <Z>14.454814</Z>
      </Vector3>
    </Bounds>
    <CenterCamPosition>
      <X>0</X>
      <Y>0</Y>
    </CenterCamPosition>
    <ScreenBounds />
    <DistanceToCam>0</DistanceToCam>
    <Speed>5.740818</Speed>
    <AccInput>0</AccInput>
    <RPM>1.35798967</RPM>
    <Gear>0</Gear>
    <SteeringAngle>4.463976E-41</SteeringAngle>
    <WheelSpeed>0</WheelSpeed>
    <CarType>Sports</CarType>
  </MyCar>
  <Peds />
  <Time>266711</Time>
  <LastFrameTime>0.0351126827</LastFrameTime>
  <MyProperty>0</MyProperty>
  <Weather>Foggy</Weather>
  <Steering>122</Steering>
  <Acc>140</Acc>
  <Brake>127</Brake>
  <DayTime>15:16:13</DayTime>
  <Position>
    <X>-2353.47046</X>
    <Y>-272.006622</Y>
    <Z>14.6513939</Z>
  </Position>
  <Rotation>
    <X>0.432744354</X>
    <Y>3.31642437</Y>
    <Z>54.449398</Z>
  </Rotation>
</Screenshot>