<?xml version="1.0" encoding="utf-8"?>
<Screenshot xmlns:xsd="http://www.w3.org/2001/XMLSchema" xmlns:xsi="http://www.w3.org/2001/XMLSchema-instance">
  <Cars />
  <MyCar>
    <Position>
      <X>-2352.855</X>
      <Y>-272.5065</Y>
      <Z>13.7389584</Z>
    </Position>
    <Rotation>
      <X>0.946772039</X>
      <Y>2.80489516</Y>
      <Z>54.6382561</Z>
    </Rotation>
    <Handle>104962</Handle>
    <Bounds>
      <Vector3>
        <X>-2351.39136</X>
        <Y>-274.8422</Y>
        <Z>13.019742</Z>
      </Vector3>
      <Vector3>
        <X>-2350.21045</X>
        <Y>-273.1783</Y>
        <Z>12.9197807</Z>
      </Vector3>
      <Vector3>
        <X>-2355.56</X>
        <Y>-271.878632</Y>
        <Z>13.1041679</Z>
      </Vector3>
      <Vector3>
        <X>-2351.33032</X>
        <Y>-274.798035</Y>
        <Z>14.4736967</Z>
      </Vector3>
      <Vector3>
        <X>-2354.37939</X>
        <Y>-270.214783</Y>
        <Z>13.0042076</Z>
      </Vector3>
      <Vector3>
        <X>-2350.14966</X>
        <Y>-273.134155</Y>
        <Z>14.3737354</Z>
      </Vector3>
      <Vector3>
        <X>-2355.49927</X>
        <Y>-271.834473</Y>
        <Z>14.5581226</Z>
      </Vector3>
      <Vector3>
        <X>-2354.3186</X>
        <Y>-270.1706</Y>
        <Z>14.4581623</Z>
      </Vector3>
    </Bounds>
    <CenterCamPosition>
      <X>0</X>
      <Y>0</Y>
    </CenterCamPosition>
    <ScreenBounds />
    <DistanceToCam>0</DistanceToCam>
    <Speed>5.766148</Speed>
    <AccInput>0</AccInput>
    <RPM>1.35798967</RPM>
    <Gear>0</Gear>
    <SteeringAngle>4.463976E-41</SteeringAngle>
    <WheelSpeed>0</WheelSpeed>
    <CarType>Sports</CarType>
  </MyCar>
  <Peds />
  <Time>266744</Time>
  <LastFrameTime>0.03340198</LastFrameTime>
  <MyProperty>0</MyProperty>
  <Weather>Foggy</Weather>
  <Steering>122</Steering>
  <Acc>140</Acc>
  <Brake>127</Brake>
  <DayTime>15:16:13</DayTime>
  <Position>
    <X>-2353.63647</X>
    <Y>-271.8926</Y>
    <Z>14.6544771</Z>
  </Position>
  <Rotation>
    <X>0.438806444</X>
    <Y>3.30797863</Y>
    <Z>54.5586281</Z>
  </Rotation>
</Screenshot>