<?xml version="1.0" encoding="utf-8"?>
<Screenshot xmlns:xsd="http://www.w3.org/2001/XMLSchema" xmlns:xsi="http://www.w3.org/2001/XMLSchema-instance">
  <Cars />
  <MyCar>
    <Position>
      <X>-2353.08252</X>
      <Y>-272.3478</Y>
      <Z>13.7431545</Z>
    </Position>
    <Rotation>
      <X>0.9601202</X>
      <Y>2.802021</Y>
      <Z>54.7908134</Z>
    </Rotation>
    <Handle>104962</Handle>
    <Bounds>
      <Vector3>
        <X>-2351.61279</X>
        <Y>-274.6795</Y>
        <Z>13.0232925</Z>
      </Vector3>
      <Vector3>
        <X>-2350.43628</X>
        <Y>-273.012482</Y>
        <Z>12.9234343</Z>
      </Vector3>
      <Vector3>
        <X>-2355.78955</X>
        <Y>-271.72702</Y>
        <Z>13.10891</Z>
      </Vector3>
      <Vector3>
        <X>-2351.55176</X>
        <Y>-274.6354</Y>
        <Z>14.4772453</Z>
      </Vector3>
      <Vector3>
        <X>-2354.613</X>
        <Y>-270.06</Y>
        <Z>13.0090513</Z>
      </Vector3>
      <Vector3>
        <X>-2350.37549</X>
        <Y>-272.9684</Y>
        <Z>14.3773861</Z>
      </Vector3>
      <Vector3>
        <X>-2355.72852</X>
        <Y>-271.682953</Y>
        <Z>14.5628624</Z>
      </Vector3>
      <Vector3>
        <X>-2354.55225</X>
        <Y>-270.01593</Y>
        <Z>14.4630032</Z>
      </Vector3>
    </Bounds>
    <CenterCamPosition>
      <X>0</X>
      <Y>0</Y>
    </CenterCamPosition>
    <ScreenBounds />
    <DistanceToCam>0</DistanceToCam>
    <Speed>5.802423</Speed>
    <AccInput>0</AccInput>
    <RPM>1.35798967</RPM>
    <Gear>0</Gear>
    <SteeringAngle>4.463976E-41</SteeringAngle>
    <WheelSpeed>0</WheelSpeed>
    <CarType>Sports</CarType>
  </MyCar>
  <Peds />
  <Time>266792</Time>
  <LastFrameTime>0.04787546</LastFrameTime>
  <MyProperty>0</MyProperty>
  <Weather>Foggy</Weather>
  <Steering>122</Steering>
  <Acc>140</Acc>
  <Brake>127</Brake>
  <DayTime>15:16:13</DayTime>
  <Position>
    <X>-2353.79541</X>
    <Y>-271.784027</Y>
    <Z>14.6575623</Z>
  </Position>
  <Rotation>
    <X>0.4475162</X>
    <Y>3.304794</Y>
    <Z>54.66405</Z>
  </Rotation>
</Screenshot>