<?xml version="1.0" encoding="utf-8"?>
<Screenshot xmlns:xsd="http://www.w3.org/2001/XMLSchema" xmlns:xsi="http://www.w3.org/2001/XMLSchema-instance">
  <Cars />
  <MyCar>
    <Position>
      <X>-2353.173</X>
      <Y>-272.284821</Y>
      <Z>13.7448359</Z>
    </Position>
    <Rotation>
      <X>0.9651487</X>
      <Y>2.79973221</Y>
      <Z>54.8516464</Z>
    </Rotation>
    <Handle>104962</Handle>
    <Bounds>
      <Vector3>
        <X>-2351.701</X>
        <Y>-274.6149</Y>
        <Z>13.0247087</Z>
      </Vector3>
      <Vector3>
        <X>-2350.52637</X>
        <Y>-272.946625</Y>
        <Z>12.9249315</Z>
      </Vector3>
      <Vector3>
        <X>-2355.88062</X>
        <Y>-271.66684</Y>
        <Z>13.110774</Z>
      </Vector3>
      <Vector3>
        <X>-2351.64</X>
        <Y>-274.570862</Y>
        <Z>14.4786615</Z>
      </Vector3>
      <Vector3>
        <X>-2354.706</X>
        <Y>-269.998566</Y>
        <Z>13.0109968</Z>
      </Vector3>
      <Vector3>
        <X>-2350.46533</X>
        <Y>-272.9026</Y>
        <Z>14.3788843</Z>
      </Vector3>
      <Vector3>
        <X>-2355.81982</X>
        <Y>-271.622833</Y>
        <Z>14.5647278</Z>
      </Vector3>
      <Vector3>
        <X>-2354.64526</X>
        <Y>-269.954559</Y>
        <Z>14.4649506</Z>
      </Vector3>
    </Bounds>
    <CenterCamPosition>
      <X>0</X>
      <Y>0</Y>
    </CenterCamPosition>
    <ScreenBounds />
    <DistanceToCam>0</DistanceToCam>
    <Speed>5.81675053</Speed>
    <AccInput>0</AccInput>
    <RPM>1.35798967</RPM>
    <Gear>0</Gear>
    <SteeringAngle>4.463976E-41</SteeringAngle>
    <WheelSpeed>0</WheelSpeed>
    <CarType>Sports</CarType>
  </MyCar>
  <Peds />
  <Time>266811</Time>
  <LastFrameTime>0.0189834274</LastFrameTime>
  <MyProperty>0</MyProperty>
  <Weather>Foggy</Weather>
  <Steering>122</Steering>
  <Acc>140</Acc>
  <Brake>127</Brake>
  <DayTime>15:16:13</DayTime>
  <Position>
    <X>-2354.02466</X>
    <Y>-271.628</Y>
    <Z>14.6620359</Z>
  </Position>
  <Rotation>
    <X>0.460885346</X>
    <Y>3.30191422</Y>
    <Z>54.8173561</Z>
  </Rotation>
</Screenshot>