<?xml version="1.0" encoding="utf-8"?>
<Screenshot xmlns:xsd="http://www.w3.org/2001/XMLSchema" xmlns:xsi="http://www.w3.org/2001/XMLSchema-instance">
  <Cars />
  <MyCar>
    <Position>
      <X>-2353.51685</X>
      <Y>-272.047333</Y>
      <Z>13.7512512</Z>
    </Position>
    <Rotation>
      <X>0.984721243</X>
      <Y>2.7900784</Y>
      <Z>55.0824</Z>
    </Rotation>
    <Handle>104962</Handle>
    <Bounds>
      <Vector3>
        <X>-2352.0354</X>
        <Y>-274.371246</Y>
        <Z>13.030077</Z>
      </Vector3>
      <Vector3>
        <X>-2350.86768</X>
        <Y>-272.698242</Y>
        <Z>12.930644</Z>
      </Vector3>
      <Vector3>
        <X>-2356.227</X>
        <Y>-271.44</Y>
        <Z>13.1178885</Z>
      </Vector3>
      <Vector3>
        <X>-2351.97437</X>
        <Y>-274.327454</Y>
        <Z>14.4840345</Z>
      </Vector3>
      <Vector3>
        <X>-2355.059</X>
        <Y>-269.767</Y>
        <Z>13.0184555</Z>
      </Vector3>
      <Vector3>
        <X>-2350.8064</X>
        <Y>-272.654449</Y>
        <Z>14.3846006</Z>
      </Vector3>
      <Vector3>
        <X>-2356.166</X>
        <Y>-271.39624</Y>
        <Z>14.571846</Z>
      </Vector3>
      <Vector3>
        <X>-2354.998</X>
        <Y>-269.723236</Y>
        <Z>14.4724121</Z>
      </Vector3>
    </Bounds>
    <CenterCamPosition>
      <X>0</X>
      <Y>0</Y>
    </CenterCamPosition>
    <ScreenBounds />
    <DistanceToCam>0</DistanceToCam>
    <Speed>5.87049866</Speed>
    <AccInput>0</AccInput>
    <RPM>1.35798967</RPM>
    <Gear>0</Gear>
    <SteeringAngle>4.463976E-41</SteeringAngle>
    <WheelSpeed>0</WheelSpeed>
    <CarType>Sports</CarType>
  </MyCar>
  <Peds />
  <Time>266882</Time>
  <LastFrameTime>0.0243485719</LastFrameTime>
  <MyProperty>0</MyProperty>
  <Weather>Foggy</Weather>
  <Steering>122</Steering>
  <Acc>140</Acc>
  <Brake>127</Brake>
  <DayTime>15:16:13</DayTime>
  <Position>
    <X>-2354.34375</X>
    <Y>-271.412354</Y>
    <Z>14.6683283</Z>
  </Position>
  <Rotation>
    <X>0.47944206</X>
    <Y>3.29379821</Y>
    <Z>55.0310249</Z>
  </Rotation>
</Screenshot>