<?xml version="1.0" encoding="utf-8"?>
<Screenshot xmlns:xsd="http://www.w3.org/2001/XMLSchema" xmlns:xsi="http://www.w3.org/2001/XMLSchema-instance">
  <Cars />
  <MyCar>
    <Position>
      <X>-2353.39917</X>
      <Y>-272.128418</Y>
      <Z>13.7490578</Z>
    </Position>
    <Rotation>
      <X>0.978649855</X>
      <Y>2.79391336</Y>
      <Z>55.0034752</Z>
    </Rotation>
    <Handle>104962</Handle>
    <Bounds>
      <Vector3>
        <X>-2351.921</X>
        <Y>-274.454437</Y>
        <Z>13.028224</Z>
      </Vector3>
      <Vector3>
        <X>-2350.75073</X>
        <Y>-272.783051</Y>
        <Z>12.9286547</Z>
      </Vector3>
      <Vector3>
        <X>-2356.1084</X>
        <Y>-271.517456</Y>
        <Z>13.1154938</Z>
      </Vector3>
      <Vector3>
        <X>-2351.85986</X>
        <Y>-274.410583</Y>
        <Z>14.4821787</Z>
      </Vector3>
      <Vector3>
        <X>-2354.93823</X>
        <Y>-269.846069</Y>
        <Z>13.0159235</Z>
      </Vector3>
      <Vector3>
        <X>-2350.6897</X>
        <Y>-272.7392</Y>
        <Z>14.3826084</Z>
      </Vector3>
      <Vector3>
        <X>-2356.04736</X>
        <Y>-271.473572</Y>
        <Z>14.5694485</Z>
      </Vector3>
      <Vector3>
        <X>-2354.8772</X>
        <Y>-269.8022</Y>
        <Z>14.4698782</Z>
      </Vector3>
    </Bounds>
    <CenterCamPosition>
      <X>0</X>
      <Y>0</Y>
    </CenterCamPosition>
    <ScreenBounds />
    <DistanceToCam>0</DistanceToCam>
    <Speed>5.852218</Speed>
    <AccInput>0</AccInput>
    <RPM>1.35798967</RPM>
    <Gear>0</Gear>
    <SteeringAngle>4.463976E-41</SteeringAngle>
    <WheelSpeed>0</WheelSpeed>
    <CarType>Sports</CarType>
  </MyCar>
  <Peds />
  <Time>266858</Time>
  <LastFrameTime>0.047038883</LastFrameTime>
  <MyProperty>0</MyProperty>
  <Weather>Foggy</Weather>
  <Steering>122</Steering>
  <Acc>140</Acc>
  <Brake>127</Brake>
  <DayTime>15:16:13</DayTime>
  <Position>
    <X>-2354.116</X>
    <Y>-271.566071</Y>
    <Z>14.6638231</Z>
  </Position>
  <Rotation>
    <X>0.465921074</X>
    <Y>3.29962349</Y>
    <Z>54.87846</Z>
  </Rotation>
</Screenshot>