<?xml version="1.0" encoding="utf-8"?>
<Screenshot xmlns:xsd="http://www.w3.org/2001/XMLSchema" xmlns:xsi="http://www.w3.org/2001/XMLSchema-instance">
  <Cars />
  <MyCar>
    <Position>
      <X>-2353.88965</X>
      <Y>-271.792023</Y>
      <Z>13.7582788</Z>
    </Position>
    <Rotation>
      <X>1.00742543</X>
      <Y>2.77463222</Y>
      <Z>55.33186</Z>
    </Rotation>
    <Handle>104962</Handle>
    <Bounds>
      <Vector3>
        <X>-2352.39819</X>
        <Y>-274.109161</Y>
        <Z>13.0358124</Z>
      </Vector3>
      <Vector3>
        <X>-2351.23779</X>
        <Y>-272.431061</Y>
        <Z>12.93693</Z>
      </Vector3>
      <Vector3>
        <X>-2356.60254</X>
        <Y>-271.196167</Y>
        <Z>13.1256495</Z>
      </Vector3>
      <Vector3>
        <X>-2352.33716</X>
        <Y>-274.065765</Y>
        <Z>14.4897785</Z>
      </Vector3>
      <Vector3>
        <X>-2355.442</X>
        <Y>-269.518066</Y>
        <Z>13.0267668</Z>
      </Vector3>
      <Vector3>
        <X>-2351.17651</X>
        <Y>-272.387665</Y>
        <Z>14.3908949</Z>
      </Vector3>
      <Vector3>
        <X>-2356.5415</X>
        <Y>-271.152771</Y>
        <Z>14.5796156</Z>
      </Vector3>
      <Vector3>
        <X>-2355.38086</X>
        <Y>-269.47467</Y>
        <Z>14.480732</Z>
      </Vector3>
    </Bounds>
    <CenterCamPosition>
      <X>0</X>
      <Y>0</Y>
    </CenterCamPosition>
    <ScreenBounds />
    <DistanceToCam>0</DistanceToCam>
    <Speed>5.92779827</Speed>
    <AccInput>0</AccInput>
    <RPM>1.35798967</RPM>
    <Gear>0</Gear>
    <SteeringAngle>4.463976E-41</SteeringAngle>
    <WheelSpeed>0</WheelSpeed>
    <CarType>Sports</CarType>
  </MyCar>
  <Peds />
  <Time>266959</Time>
  <LastFrameTime>0.0338978469</LastFrameTime>
  <MyProperty>0</MyProperty>
  <Weather>Foggy</Weather>
  <Steering>122</Steering>
  <Acc>140</Acc>
  <Brake>127</Brake>
  <DayTime>15:16:13</DayTime>
  <Position>
    <X>-2354.671</X>
    <Y>-271.1931</Y>
    <Z>14.6748228</Z>
  </Position>
  <Rotation>
    <X>0.4988084</X>
    <Y>3.282053</Y>
    <Z>55.2496529</Z>
  </Rotation>
</Screenshot>