<?xml version="1.0" encoding="utf-8"?>
<Screenshot xmlns:xsd="http://www.w3.org/2001/XMLSchema" xmlns:xsi="http://www.w3.org/2001/XMLSchema-instance">
  <Cars />
  <MyCar>
    <Position>
      <X>-2353.72388</X>
      <Y>-271.905273</Y>
      <Z>13.7551441</Z>
    </Position>
    <Rotation>
      <X>0.997990251</X>
      <Y>2.78217673</Y>
      <Z>55.2211</Z>
    </Rotation>
    <Handle>104962</Handle>
    <Bounds>
      <Vector3>
        <X>-2352.237</X>
        <Y>-274.225433</Y>
        <Z>13.0332355</Z>
      </Vector3>
      <Vector3>
        <X>-2351.07324</X>
        <Y>-272.5496</Y>
        <Z>12.9340839</Z>
      </Vector3>
      <Vector3>
        <X>-2356.43555</X>
        <Y>-271.304321</Y>
        <Z>13.1222305</Z>
      </Vector3>
      <Vector3>
        <X>-2352.17578</X>
        <Y>-274.181854</Y>
        <Z>14.487196</Z>
      </Vector3>
      <Vector3>
        <X>-2355.27173</X>
        <Y>-269.628479</Y>
        <Z>13.0230789</Z>
      </Vector3>
      <Vector3>
        <X>-2351.012</X>
        <Y>-272.506</Y>
        <Z>14.3880444</Z>
      </Vector3>
      <Vector3>
        <X>-2356.37451</X>
        <Y>-271.260742</Y>
        <Z>14.5761919</Z>
      </Vector3>
      <Vector3>
        <X>-2355.21069</X>
        <Y>-269.58493</Y>
        <Z>14.4770393</Z>
      </Vector3>
    </Bounds>
    <CenterCamPosition>
      <X>0</X>
      <Y>0</Y>
    </CenterCamPosition>
    <ScreenBounds />
    <DistanceToCam>0</DistanceToCam>
    <Speed>5.902447</Speed>
    <AccInput>0</AccInput>
    <RPM>1.35798967</RPM>
    <Gear>0</Gear>
    <SteeringAngle>4.463976E-41</SteeringAngle>
    <WheelSpeed>0</WheelSpeed>
    <CarType>Sports</CarType>
  </MyCar>
  <Peds />
  <Time>266925</Time>
  <LastFrameTime>0.04258913</LastFrameTime>
  <MyProperty>0</MyProperty>
  <Weather>Foggy</Weather>
  <Steering>122</Steering>
  <Acc>140</Acc>
  <Brake>127</Brake>
  <DayTime>15:16:13</DayTime>
  <Position>
    <X>-2354.4624</X>
    <Y>-271.332672</Y>
    <Z>14.6706505</Z>
  </Position>
  <Rotation>
    <X>0.485521555</X>
    <Y>3.28996038</Y>
    <Z>55.1102638</Z>
  </Rotation>
</Screenshot>