<?xml version="1.0" encoding="utf-8"?>
<Screenshot xmlns:xsd="http://www.w3.org/2001/XMLSchema" xmlns:xsi="http://www.w3.org/2001/XMLSchema-instance">
  <Cars />
  <MyCar>
    <Position>
      <X>-2353.984</X>
      <Y>-271.727875</Y>
      <Z>13.7600546</Z>
    </Position>
    <Rotation>
      <X>1.01278055</X>
      <Y>2.77048135</Y>
      <Z>55.3946953</Z>
    </Rotation>
    <Handle>104962</Handle>
    <Bounds>
      <Vector3>
        <X>-2352.49</X>
        <Y>-274.0433</Y>
        <Z>13.0372744</Z>
      </Vector3>
      <Vector3>
        <X>-2351.3313</X>
        <Y>-272.363922</Y>
        <Z>12.9385386</Z>
      </Vector3>
      <Vector3>
        <X>-2356.69751</X>
        <Y>-271.134918</Y>
        <Z>13.1275892</Z>
      </Vector3>
      <Vector3>
        <X>-2352.429</X>
        <Y>-274</Y>
        <Z>14.4912424</Z>
      </Vector3>
      <Vector3>
        <X>-2355.53882</X>
        <Y>-269.455536</Y>
        <Z>13.0288534</Z>
      </Vector3>
      <Vector3>
        <X>-2351.27026</X>
        <Y>-272.320648</Y>
        <Z>14.3925076</Z>
      </Vector3>
      <Vector3>
        <X>-2356.63623</X>
        <Y>-271.0916</Y>
        <Z>14.5815573</Z>
      </Vector3>
      <Vector3>
        <X>-2355.47754</X>
        <Y>-269.412231</Y>
        <Z>14.4828224</Z>
      </Vector3>
    </Bounds>
    <CenterCamPosition>
      <X>0</X>
      <Y>0</Y>
    </CenterCamPosition>
    <ScreenBounds />
    <DistanceToCam>0</DistanceToCam>
    <Speed>5.94212437</Speed>
    <AccInput>0</AccInput>
    <RPM>1.35798967</RPM>
    <Gear>0</Gear>
    <SteeringAngle>4.463976E-41</SteeringAngle>
    <WheelSpeed>0</WheelSpeed>
    <CarType>Sports</CarType>
  </MyCar>
  <Peds />
  <Time>266978</Time>
  <LastFrameTime>0.0191838834</LastFrameTime>
  <MyProperty>0</MyProperty>
  <Weather>Foggy</Weather>
  <Steering>122</Steering>
  <Acc>140</Acc>
  <Brake>127</Brake>
  <DayTime>15:16:13</DayTime>
  <Position>
    <X>-2354.83813</X>
    <Y>-271.081879</Y>
    <Z>14.6781588</Z>
  </Position>
  <Rotation>
    <X>0.5082552</X>
    <Y>3.27450347</Y>
    <Z>55.36088</Z>
  </Rotation>
</Screenshot>