<?xml version="1.0" encoding="utf-8"?>
<Screenshot xmlns:xsd="http://www.w3.org/2001/XMLSchema" xmlns:xsi="http://www.w3.org/2001/XMLSchema-instance">
  <Cars />
  <MyCar>
    <Position>
      <X>-2354.21777</X>
      <Y>-271.569061</Y>
      <Z>13.7646189</Z>
    </Position>
    <Rotation>
      <X>1.01947594</X>
      <Y>2.757968</Y>
      <Z>55.5458527</Z>
    </Rotation>
    <Handle>104962</Handle>
    <Bounds>
      <Vector3>
        <X>-2352.71777</X>
        <Y>-273.880371</Y>
        <Z>13.04131</Z>
      </Vector3>
      <Vector3>
        <X>-2351.56348</X>
        <Y>-272.197937</Y>
        <Z>12.9430208</Z>
      </Vector3>
      <Vector3>
        <X>-2356.93286</X>
        <Y>-270.9831</Y>
        <Z>13.1322231</Z>
      </Vector3>
      <Vector3>
        <X>-2352.65674</X>
        <Y>-273.83728</Y>
        <Z>14.4952917</Z>
      </Vector3>
      <Vector3>
        <X>-2355.77856</X>
        <Y>-269.300659</Y>
        <Z>13.0339336</Z>
      </Vector3>
      <Vector3>
        <X>-2351.50244</X>
        <Y>-272.154846</Y>
        <Z>14.3970013</Z>
      </Vector3>
      <Vector3>
        <X>-2356.87183</X>
        <Y>-270.939972</Y>
        <Z>14.5862045</Z>
      </Vector3>
      <Vector3>
        <X>-2355.71753</X>
        <Y>-269.257538</Y>
        <Z>14.4879141</Z>
      </Vector3>
    </Bounds>
    <CenterCamPosition>
      <X>0</X>
      <Y>0</Y>
    </CenterCamPosition>
    <ScreenBounds />
    <DistanceToCam>0</DistanceToCam>
    <Speed>5.97748232</Speed>
    <AccInput>0</AccInput>
    <RPM>1.35798967</RPM>
    <Gear>0</Gear>
    <SteeringAngle>4.463976E-41</SteeringAngle>
    <WheelSpeed>0</WheelSpeed>
    <CarType>Sports</CarType>
  </MyCar>
  <Peds />
  <Time>267025</Time>
  <LastFrameTime>0.0473811477</LastFrameTime>
  <MyProperty>0</MyProperty>
  <Weather>Foggy</Weather>
  <Steering>123</Steering>
  <Acc>140</Acc>
  <Brake>127</Brake>
  <DayTime>15:16:13</DayTime>
  <Position>
    <X>-2354.933</X>
    <Y>-271.01886</Y>
    <Z>14.680048</Z>
  </Position>
  <Rotation>
    <X>0.5136173</X>
    <Y>3.27035022</Y>
    <Z>55.423996</Z>
  </Rotation>
</Screenshot>