<?xml version="1.0" encoding="utf-8"?>
<Screenshot xmlns:xsd="http://www.w3.org/2001/XMLSchema" xmlns:xsi="http://www.w3.org/2001/XMLSchema-instance">
  <Cars />
  <MyCar>
    <Position>
      <X>-2354.546</X>
      <Y>-271.3472</Y>
      <Z>13.7711487</Z>
    </Position>
    <Rotation>
      <X>1.02274334</X>
      <Y>2.743243</Y>
      <Z>55.7410049</Z>
    </Rotation>
    <Handle>104962</Handle>
    <Bounds>
      <Vector3>
        <X>-2353.038</X>
        <Y>-273.653229</Y>
        <Z>13.0474243</Z>
      </Vector3>
      <Vector3>
        <X>-2351.8894</X>
        <Y>-271.966827</Y>
        <Z>12.9496584</Z>
      </Vector3>
      <Vector3>
        <X>-2357.263</X>
        <Y>-270.770325</Y>
        <Z>13.138629</Z>
      </Vector3>
      <Vector3>
        <X>-2352.97729</X>
        <Y>-273.61026</Y>
        <Z>14.501421</Z>
      </Vector3>
      <Vector3>
        <X>-2356.11426</X>
        <Y>-269.083923</Y>
        <Z>13.040864</Z>
      </Vector3>
      <Vector3>
        <X>-2351.82861</X>
        <Y>-271.9239</Y>
        <Z>14.403656</Z>
      </Vector3>
      <Vector3>
        <X>-2357.20215</X>
        <Y>-270.727356</Y>
        <Z>14.5926266</Z>
      </Vector3>
      <Vector3>
        <X>-2356.05371</X>
        <Y>-269.041</Y>
        <Z>14.4948606</Z>
      </Vector3>
    </Bounds>
    <CenterCamPosition>
      <X>0</X>
      <Y>0</Y>
    </CenterCamPosition>
    <ScreenBounds />
    <DistanceToCam>0</DistanceToCam>
    <Speed>6.02658749</Speed>
    <AccInput>0</AccInput>
    <RPM>1.35798967</RPM>
    <Gear>0</Gear>
    <SteeringAngle>4.463976E-41</SteeringAngle>
    <WheelSpeed>0</WheelSpeed>
    <CarType>Sports</CarType>
  </MyCar>
  <Peds />
  <Time>267091</Time>
  <LastFrameTime>0.04718007</LastFrameTime>
  <MyProperty>0</MyProperty>
  <Weather>Foggy</Weather>
  <Steering>124</Steering>
  <Acc>140</Acc>
  <Brake>127</Brake>
  <DayTime>15:16:13</DayTime>
  <Position>
    <X>-2355.26245</X>
    <Y>-270.8009</Y>
    <Z>14.6866407</Z>
  </Position>
  <Rotation>
    <X>0.5214635</X>
    <Y>3.254518</Y>
    <Z>55.6340523</Z>
  </Rotation>
</Screenshot>