<?xml version="1.0" encoding="utf-8"?>
<Screenshot xmlns:xsd="http://www.w3.org/2001/XMLSchema" xmlns:xsi="http://www.w3.org/2001/XMLSchema-instance">
  <Cars />
  <MyCar>
    <Position>
      <X>-2354.31055</X>
      <Y>-271.506165</Y>
      <Z>13.7664728</Z>
    </Position>
    <Rotation>
      <X>1.02062261</X>
      <Y>2.7546525</Y>
      <Z>55.604454</Z>
    </Rotation>
    <Handle>104962</Handle>
    <Bounds>
      <Vector3>
        <X>-2352.808</X>
        <Y>-273.8159</Y>
        <Z>13.0430527</Z>
      </Vector3>
      <Vector3>
        <X>-2351.65552</X>
        <Y>-272.132263</Y>
        <Z>12.9448805</Z>
      </Vector3>
      <Vector3>
        <X>-2357.02637</X>
        <Y>-270.9229</Y>
        <Z>13.1340675</Z>
      </Vector3>
      <Vector3>
        <X>-2352.74731</X>
        <Y>-273.772827</Y>
        <Z>14.4970369</Z>
      </Vector3>
      <Vector3>
        <X>-2355.87354</X>
        <Y>-269.239319</Y>
        <Z>13.0358963</Z>
      </Vector3>
      <Vector3>
        <X>-2351.59473</X>
        <Y>-272.0892</Y>
        <Z>14.3988647</Z>
      </Vector3>
      <Vector3>
        <X>-2356.96533</X>
        <Y>-270.879852</Y>
        <Z>14.5880518</Z>
      </Vector3>
      <Vector3>
        <X>-2355.81274</X>
        <Y>-269.196228</Y>
        <Z>14.4898806</Z>
      </Vector3>
    </Bounds>
    <CenterCamPosition>
      <X>0</X>
      <Y>0</Y>
    </CenterCamPosition>
    <ScreenBounds />
    <DistanceToCam>0</DistanceToCam>
    <Speed>5.99138927</Speed>
    <AccInput>0</AccInput>
    <RPM>1.35798967</RPM>
    <Gear>0</Gear>
    <SteeringAngle>4.463976E-41</SteeringAngle>
    <WheelSpeed>0</WheelSpeed>
    <CarType>Sports</CarType>
  </MyCar>
  <Peds />
  <Time>267044</Time>
  <LastFrameTime>0.01874046</LastFrameTime>
  <MyProperty>0</MyProperty>
  <Weather>Foggy</Weather>
  <Steering>123</Steering>
  <Acc>140</Acc>
  <Brake>127</Brake>
  <DayTime>15:16:13</DayTime>
  <Position>
    <X>-2355.169</X>
    <Y>-270.8628</Y>
    <Z>14.68476</Z>
  </Position>
  <Rotation>
    <X>0.5203168</X>
    <Y>3.25783372</Y>
    <Z>55.5754166</Z>
  </Rotation>
</Screenshot>