<?xml version="1.0" encoding="utf-8"?>
<Screenshot xmlns:xsd="http://www.w3.org/2001/XMLSchema" xmlns:xsi="http://www.w3.org/2001/XMLSchema-instance">
  <Cars />
  <MyCar>
    <Position>
      <X>-2354.6416</X>
      <Y>-271.2827</Y>
      <Z>13.7730608</Z>
    </Position>
    <Rotation>
      <X>1.02345693</X>
      <Y>2.73950434</Y>
      <Z>55.79334</Z>
    </Rotation>
    <Handle>104962</Handle>
    <Bounds>
      <Vector3>
        <X>-2353.13159</X>
        <Y>-273.5873</Y>
        <Z>13.0492353</Z>
      </Vector3>
      <Vector3>
        <X>-2351.98462</X>
        <Y>-271.899872</Y>
        <Z>12.9516029</Z>
      </Vector3>
      <Vector3>
        <X>-2357.35913</X>
        <Y>-270.708282</Y>
        <Z>13.1405048</Z>
      </Vector3>
      <Vector3>
        <X>-2353.071</X>
        <Y>-273.5444</Y>
        <Z>14.5032368</Z>
      </Vector3>
      <Vector3>
        <X>-2356.21216</X>
        <Y>-269.020844</Y>
        <Z>13.0428724</Z>
      </Vector3>
      <Vector3>
        <X>-2351.92383</X>
        <Y>-271.856964</Y>
        <Z>14.4056044</Z>
      </Vector3>
      <Vector3>
        <X>-2357.29858</X>
        <Y>-270.665344</Y>
        <Z>14.5945063</Z>
      </Vector3>
      <Vector3>
        <X>-2356.15137</X>
        <Y>-268.9779</Y>
        <Z>14.4968739</Z>
      </Vector3>
    </Bounds>
    <CenterCamPosition>
      <X>0</X>
      <Y>0</Y>
    </CenterCamPosition>
    <ScreenBounds />
    <DistanceToCam>0</DistanceToCam>
    <Speed>6.040782</Speed>
    <AccInput>0</AccInput>
    <RPM>1.35798967</RPM>
    <Gear>0</Gear>
    <SteeringAngle>4.463976E-41</SteeringAngle>
    <WheelSpeed>0</WheelSpeed>
    <CarType>Sports</CarType>
  </MyCar>
  <Peds />
  <Time>267110</Time>
  <LastFrameTime>0.01910041</LastFrameTime>
  <MyProperty>0</MyProperty>
  <Weather>Foggy</Weather>
  <Steering>124</Steering>
  <Acc>140</Acc>
  <Brake>127</Brake>
  <DayTime>15:16:13</DayTime>
  <Position>
    <X>-2355.49951</X>
    <Y>-270.644379</Y>
    <Z>14.6913691</Z>
  </Position>
  <Rotation>
    <X>0.5235818</X>
    <Y>3.2431078</Y>
    <Z>55.77062</Z>
  </Rotation>
</Screenshot>