<?xml version="1.0" encoding="utf-8"?>
<Screenshot xmlns:xsd="http://www.w3.org/2001/XMLSchema" xmlns:xsi="http://www.w3.org/2001/XMLSchema-instance">
  <Cars />
  <MyCar>
    <Position>
      <X>-2354.88159</X>
      <Y>-271.121</Y>
      <Z>13.7778645</Z>
    </Position>
    <Rotation>
      <X>1.02446079</X>
      <Y>2.7271018</Y>
      <Z>55.911274</Z>
    </Rotation>
    <Handle>104962</Handle>
    <Bounds>
      <Vector3>
        <X>-2353.3667</X>
        <Y>-273.422363</Y>
        <Z>13.0537653</Z>
      </Vector3>
      <Vector3>
        <X>-2352.22314</X>
        <Y>-271.732544</Y>
        <Z>12.9565754</Z>
      </Vector3>
      <Vector3>
        <X>-2357.60034</X>
        <Y>-270.552032</Y>
        <Z>13.1451254</Z>
      </Vector3>
      <Vector3>
        <X>-2353.3064</X>
        <Y>-273.379578</Y>
        <Z>14.507782</Z>
      </Vector3>
      <Vector3>
        <X>-2356.45654</X>
        <Y>-268.8622</Y>
        <Z>13.0479345</Z>
      </Vector3>
      <Vector3>
        <X>-2352.16284</X>
        <Y>-271.689758</Y>
        <Z>14.4105911</Z>
      </Vector3>
      <Vector3>
        <X>-2357.53979</X>
        <Y>-270.509277</Y>
        <Z>14.5991411</Z>
      </Vector3>
      <Vector3>
        <X>-2356.39624</X>
        <Y>-268.819458</Y>
        <Z>14.50195</Z>
      </Vector3>
    </Bounds>
    <CenterCamPosition>
      <X>0</X>
      <Y>0</Y>
    </CenterCamPosition>
    <ScreenBounds />
    <DistanceToCam>0</DistanceToCam>
    <Speed>6.07597256</Speed>
    <AccInput>0</AccInput>
    <RPM>1.35798967</RPM>
    <Gear>0</Gear>
    <SteeringAngle>4.463976E-41</SteeringAngle>
    <WheelSpeed>0</WheelSpeed>
    <CarType>Sports</CarType>
  </MyCar>
  <Peds />
  <Time>267158</Time>
  <LastFrameTime>0.0477162749</LastFrameTime>
  <MyProperty>0</MyProperty>
  <Weather>Foggy</Weather>
  <Steering>124</Steering>
  <Acc>139</Acc>
  <Brake>127</Brake>
  <DayTime>15:16:13</DayTime>
  <Position>
    <X>-2355.5957</X>
    <Y>-270.580841</Y>
    <Z>14.6932983</Z>
  </Position>
  <Rotation>
    <X>0.524294555</X>
    <Y>3.23936868</Y>
    <Z>55.8229675</Z>
  </Rotation>
</Screenshot>