<?xml version="1.0" encoding="utf-8"?>
<Screenshot xmlns:xsd="http://www.w3.org/2001/XMLSchema" xmlns:xsi="http://www.w3.org/2001/XMLSchema-instance">
  <Cars />
  <MyCar>
    <Position>
      <X>-2354.98145</X>
      <Y>-271.053833</Y>
      <Z>13.7798529</Z>
    </Position>
    <Rotation>
      <X>1.0248481</X>
      <Y>2.72312737</Y>
      <Z>55.95709</Z>
    </Rotation>
    <Handle>104962</Handle>
    <Bounds>
      <Vector3>
        <X>-2353.46484</X>
        <Y>-273.3539</Y>
        <Z>13.0556641</Z>
      </Vector3>
      <Vector3>
        <X>-2352.32251</X>
        <Y>-271.6632</Y>
        <Z>12.9586143</Z>
      </Vector3>
      <Vector3>
        <X>-2357.70044</X>
        <Y>-270.487</Y>
        <Z>13.1470585</Z>
      </Vector3>
      <Vector3>
        <X>-2353.40454</X>
        <Y>-273.3112</Y>
        <Z>14.5096846</Z>
      </Vector3>
      <Vector3>
        <X>-2356.55835</X>
        <Y>-268.796265</Y>
        <Z>13.0500088</Z>
      </Vector3>
      <Vector3>
        <X>-2352.26221</X>
        <Y>-271.620453</Y>
        <Z>14.4126348</Z>
      </Vector3>
      <Vector3>
        <X>-2357.64014</X>
        <Y>-270.444275</Y>
        <Z>14.601079</Z>
      </Vector3>
      <Vector3>
        <X>-2356.498</X>
        <Y>-268.75354</Y>
        <Z>14.5040293</Z>
      </Vector3>
    </Bounds>
    <CenterCamPosition>
      <X>0</X>
      <Y>0</Y>
    </CenterCamPosition>
    <ScreenBounds />
    <DistanceToCam>0</DistanceToCam>
    <Speed>6.09031963</Speed>
    <AccInput>0</AccInput>
    <RPM>1.35798967</RPM>
    <Gear>0</Gear>
    <SteeringAngle>4.463976E-41</SteeringAngle>
    <WheelSpeed>0</WheelSpeed>
    <CarType>Sports</CarType>
  </MyCar>
  <Peds />
  <Time>267178</Time>
  <LastFrameTime>0.0197734591</LastFrameTime>
  <MyProperty>0</MyProperty>
  <Weather>Foggy</Weather>
  <Steering>124</Steering>
  <Acc>139</Acc>
  <Brake>127</Brake>
  <DayTime>15:16:13</DayTime>
  <Position>
    <X>-2355.8374</X>
    <Y>-270.421265</Y>
    <Z>14.6981325</Z>
  </Position>
  <Rotation>
    <X>0.525293469</X>
    <Y>3.226966</Y>
    <Z>55.94084</Z>
  </Rotation>
</Screenshot>