<?xml version="1.0" encoding="utf-8"?>
<Screenshot xmlns:xsd="http://www.w3.org/2001/XMLSchema" xmlns:xsi="http://www.w3.org/2001/XMLSchema-instance">
  <Cars />
  <MyCar>
    <Position>
      <X>-2355.56079</X>
      <Y>-270.665344</Y>
      <Z>13.7913589</Z>
    </Position>
    <Rotation>
      <X>1.0324707</X>
      <Y>2.6915834</Y>
      <Z>56.1845055</Z>
    </Rotation>
    <Handle>104962</Handle>
    <Bounds>
      <Vector3>
        <X>-2354.035</X>
        <Y>-272.959</Y>
        <Z>13.06625</Z>
      </Vector3>
      <Vector3>
        <X>-2352.89941</X>
        <Y>-271.263733</Y>
        <Z>12.9703236</Z>
      </Vector3>
      <Vector3>
        <X>-2358.282</X>
        <Y>-270.108948</Y>
        <Z>13.1583261</Z>
      </Vector3>
      <Vector3>
        <X>-2353.975</X>
        <Y>-272.91684</Y>
        <Z>14.5203047</Z>
      </Vector3>
      <Vector3>
        <X>-2357.14648</X>
        <Y>-268.413666</Y>
        <Z>13.0624008</Z>
      </Vector3>
      <Vector3>
        <X>-2352.83936</X>
        <Y>-271.221527</Y>
        <Z>14.4243793</Z>
      </Vector3>
      <Vector3>
        <X>-2358.22217</X>
        <Y>-270.066772</Y>
        <Z>14.6123819</Z>
      </Vector3>
      <Vector3>
        <X>-2357.08667</X>
        <Y>-268.37146</Y>
        <Z>14.5164557</Z>
      </Vector3>
    </Bounds>
    <CenterCamPosition>
      <X>0</X>
      <Y>0</Y>
    </CenterCamPosition>
    <ScreenBounds />
    <DistanceToCam>0</DistanceToCam>
    <Speed>6.17084</Speed>
    <AccInput>0</AccInput>
    <RPM>1.35798967</RPM>
    <Gear>0</Gear>
    <SteeringAngle>4.463976E-41</SteeringAngle>
    <WheelSpeed>0</WheelSpeed>
    <CarType>Sports</CarType>
  </MyCar>
  <Peds />
  <Time>267292</Time>
  <LastFrameTime>0.04570272</LastFrameTime>
  <MyProperty>0</MyProperty>
  <Weather>Foggy</Weather>
  <Steering>124</Steering>
  <Acc>139</Acc>
  <Brake>127</Brake>
  <DayTime>15:16:13</DayTime>
  <Position>
    <X>-2356.285</X>
    <Y>-270.1258</Y>
    <Z>14.7070875</Z>
  </Position>
  <Rotation>
    <X>0.5323451</X>
    <Y>3.20287585</Y>
    <Z>56.1293449</Z>
  </Rotation>
</Screenshot>