<?xml version="1.0" encoding="utf-8"?>
<Screenshot xmlns:xsd="http://www.w3.org/2001/XMLSchema" xmlns:xsi="http://www.w3.org/2001/XMLSchema-instance">
  <Cars />
  <MyCar>
    <Position>
      <X>-2355.22168</X>
      <Y>-270.892365</Y>
      <Z>13.7846117</Z>
    </Position>
    <Rotation>
      <X>1.02882135</X>
      <Y>2.70937848</Y>
      <Z>56.05791</Z>
    </Rotation>
    <Handle>104962</Handle>
    <Bounds>
      <Vector3>
        <X>-2353.701</X>
        <Y>-273.1896</Y>
        <Z>13.0599928</Z>
      </Vector3>
      <Vector3>
        <X>-2352.56152</X>
        <Y>-271.496857</Y>
        <Z>12.9634333</Z>
      </Vector3>
      <Vector3>
        <X>-2357.94165</X>
        <Y>-270.33017</Y>
        <Z>13.151742</Z>
      </Vector3>
      <Vector3>
        <X>-2353.64087</X>
        <Y>-273.147125</Y>
        <Z>14.5140276</Z>
      </Vector3>
      <Vector3>
        <X>-2356.80249</X>
        <Y>-268.6374</Y>
        <Z>13.0551825</Z>
      </Vector3>
      <Vector3>
        <X>-2352.50146</X>
        <Y>-271.454376</Y>
        <Z>14.4174681</Z>
      </Vector3>
      <Vector3>
        <X>-2357.88159</X>
        <Y>-270.287659</Y>
        <Z>14.6057777</Z>
      </Vector3>
      <Vector3>
        <X>-2356.74243</X>
        <Y>-268.5949</Y>
        <Z>14.5092182</Z>
      </Vector3>
    </Bounds>
    <CenterCamPosition>
      <X>0</X>
      <Y>0</Y>
    </CenterCamPosition>
    <ScreenBounds />
    <DistanceToCam>0</DistanceToCam>
    <Speed>6.124901</Speed>
    <AccInput>0</AccInput>
    <RPM>1.35798967</RPM>
    <Gear>0</Gear>
    <SteeringAngle>4.463976E-41</SteeringAngle>
    <WheelSpeed>0</WheelSpeed>
    <CarType>Sports</CarType>
  </MyCar>
  <Peds />
  <Time>267225</Time>
  <LastFrameTime>0.0473454632</LastFrameTime>
  <MyProperty>0</MyProperty>
  <Weather>Foggy</Weather>
  <Steering>124</Steering>
  <Acc>139</Acc>
  <Brake>127</Brake>
  <DayTime>15:16:13</DayTime>
  <Position>
    <X>-2355.93774</X>
    <Y>-270.354919</Y>
    <Z>14.7001324</Z>
  </Position>
  <Rotation>
    <X>0.52567935</X>
    <Y>3.222992</Y>
    <Z>55.98664</Z>
  </Rotation>
</Screenshot>