<?xml version="1.0" encoding="utf-8"?>
<Screenshot xmlns:xsd="http://www.w3.org/2001/XMLSchema" xmlns:xsi="http://www.w3.org/2001/XMLSchema-instance">
  <Cars />
  <MyCar>
    <Position>
      <X>-2355.32666</X>
      <Y>-270.822021</Y>
      <Z>13.7866554</Z>
    </Position>
    <Rotation>
      <X>1.03151345</X>
      <Y>2.70301366</Y>
      <Z>56.0996</Z>
    </Rotation>
    <Handle>104962</Handle>
    <Bounds>
      <Vector3>
        <X>-2353.8042</X>
        <Y>-273.118073</Y>
        <Z>13.061799</Z>
      </Vector3>
      <Vector3>
        <X>-2352.66626</X>
        <Y>-271.4245</Y>
        <Z>12.9654665</Z>
      </Vector3>
      <Vector3>
        <X>-2358.047</X>
        <Y>-270.261719</Y>
        <Z>13.1537895</Z>
      </Vector3>
      <Vector3>
        <X>-2353.74414</X>
        <Y>-273.0757</Y>
        <Z>14.5158415</Z>
      </Vector3>
      <Vector3>
        <X>-2356.909</X>
        <Y>-268.5681</Y>
        <Z>13.057457</Z>
      </Vector3>
      <Vector3>
        <X>-2352.6062</X>
        <Y>-271.382141</Y>
        <Z>14.4195089</Z>
      </Vector3>
      <Vector3>
        <X>-2357.987</X>
        <Y>-270.21936</Y>
        <Z>14.607832</Z>
      </Vector3>
      <Vector3>
        <X>-2356.84888</X>
        <Y>-268.525757</Y>
        <Z>14.5114985</Z>
      </Vector3>
    </Bounds>
    <CenterCamPosition>
      <X>0</X>
      <Y>0</Y>
    </CenterCamPosition>
    <ScreenBounds />
    <DistanceToCam>0</DistanceToCam>
    <Speed>6.13918161</Speed>
    <AccInput>0</AccInput>
    <RPM>1.35798967</RPM>
    <Gear>0</Gear>
    <SteeringAngle>4.463976E-41</SteeringAngle>
    <WheelSpeed>0</WheelSpeed>
    <CarType>Sports</CarType>
  </MyCar>
  <Peds />
  <Time>267246</Time>
  <LastFrameTime>0.0205740426</LastFrameTime>
  <MyProperty>0</MyProperty>
  <Weather>Foggy</Weather>
  <Steering>124</Steering>
  <Acc>139</Acc>
  <Brake>127</Brake>
  <DayTime>15:16:13</DayTime>
  <Position>
    <X>-2356.1792</X>
    <Y>-270.195343</Y>
    <Z>14.7049828</Z>
  </Position>
  <Rotation>
    <X>0.529652</X>
    <Y>3.20924163</Y>
    <Z>56.08756</Z>
  </Rotation>
</Screenshot>