<?xml version="1.0" encoding="utf-8"?>
<Screenshot xmlns:xsd="http://www.w3.org/2001/XMLSchema" xmlns:xsi="http://www.w3.org/2001/XMLSchema-instance">
  <Cars />
  <MyCar>
    <Position>
      <X>-2355.90356</X>
      <Y>-270.436554</Y>
      <Z>13.798233</Z>
    </Position>
    <Rotation>
      <X>1.03374541</X>
      <Y>2.67714</Y>
      <Z>56.2977638</Z>
    </Rotation>
    <Handle>104962</Handle>
    <Bounds>
      <Vector3>
        <X>-2354.373</X>
        <Y>-272.727051</Y>
        <Z>13.0728006</Z>
      </Vector3>
      <Vector3>
        <X>-2353.24072</X>
        <Y>-271.0295</Y>
        <Z>12.9773893</Z>
      </Vector3>
      <Vector3>
        <X>-2358.62573</X>
        <Y>-269.8854</Y>
        <Z>13.1649923</Z>
      </Vector3>
      <Vector3>
        <X>-2354.31348</X>
        <Y>-272.685059</Y>
        <Z>14.5268726</Z>
      </Vector3>
      <Vector3>
        <X>-2357.49365</X>
        <Y>-268.187836</Y>
        <Z>13.069581</Z>
      </Vector3>
      <Vector3>
        <X>-2353.18115</X>
        <Y>-270.987518</Y>
        <Z>14.4314613</Z>
      </Vector3>
      <Vector3>
        <X>-2358.56616</X>
        <Y>-269.8434</Y>
        <Z>14.6190643</Z>
      </Vector3>
      <Vector3>
        <X>-2357.434</X>
        <Y>-268.145844</Y>
        <Z>14.523653</Z>
      </Vector3>
    </Bounds>
    <CenterCamPosition>
      <X>0</X>
      <Y>0</Y>
    </CenterCamPosition>
    <ScreenBounds />
    <DistanceToCam>0</DistanceToCam>
    <Speed>6.21587038</Speed>
    <AccInput>0</AccInput>
    <RPM>1.35798967</RPM>
    <Gear>0</Gear>
    <SteeringAngle>4.463976E-41</SteeringAngle>
    <WheelSpeed>0</WheelSpeed>
    <CarType>Sports</CarType>
  </MyCar>
  <Peds />
  <Time>267358</Time>
  <LastFrameTime>0.0453728624</LastFrameTime>
  <MyProperty>0</MyProperty>
  <Weather>Foggy</Weather>
  <Steering>124</Steering>
  <Acc>139</Acc>
  <Brake>127</Brake>
  <DayTime>15:16:13</DayTime>
  <Position>
    <X>-2356.629</X>
    <Y>-269.898834</Y>
    <Z>14.7139874</Z>
  </Position>
  <Rotation>
    <X>0.5336174</X>
    <Y>3.18775415</Y>
    <Z>56.2515526</Z>
  </Rotation>
</Screenshot>