<?xml version="1.0" encoding="utf-8"?>
<Screenshot xmlns:xsd="http://www.w3.org/2001/XMLSchema" xmlns:xsi="http://www.w3.org/2001/XMLSchema-instance">
  <Cars />
  <MyCar>
    <Position>
      <X>-2356.012</X>
      <Y>-270.3645</Y>
      <Z>13.8004112</Z>
    </Position>
    <Rotation>
      <X>1.03442609</X>
      <Y>2.67412972</Y>
      <Z>56.3303</Z>
    </Rotation>
    <Handle>104962</Handle>
    <Bounds>
      <Vector3>
        <X>-2354.48022</X>
        <Y>-272.654083</Y>
        <Z>13.074894</Z>
      </Vector3>
      <Vector3>
        <X>-2353.34888</X>
        <Y>-270.9559</Y>
        <Z>12.9795895</Z>
      </Vector3>
      <Vector3>
        <X>-2358.73438</X>
        <Y>-269.81485</Y>
        <Z>13.1671457</Z>
      </Vector3>
      <Vector3>
        <X>-2354.42065</X>
        <Y>-272.612152</Y>
        <Z>14.5289688</Z>
      </Vector3>
      <Vector3>
        <X>-2357.60327</X>
        <Y>-268.116669</Y>
        <Z>13.0718412</Z>
      </Vector3>
      <Vector3>
        <X>-2353.28931</X>
        <Y>-270.91394</Y>
        <Z>14.4336643</Z>
      </Vector3>
      <Vector3>
        <X>-2358.675</X>
        <Y>-269.772919</Y>
        <Z>14.6212206</Z>
      </Vector3>
      <Vector3>
        <X>-2357.5437</X>
        <Y>-268.0747</Y>
        <Z>14.5259161</Z>
      </Vector3>
    </Bounds>
    <CenterCamPosition>
      <X>0</X>
      <Y>0</Y>
    </CenterCamPosition>
    <ScreenBounds />
    <DistanceToCam>0</DistanceToCam>
    <Speed>6.23069572</Speed>
    <AccInput>0</AccInput>
    <RPM>1.35798967</RPM>
    <Gear>0</Gear>
    <SteeringAngle>4.463976E-41</SteeringAngle>
    <WheelSpeed>0</WheelSpeed>
    <CarType>Sports</CarType>
  </MyCar>
  <Peds />
  <Time>267379</Time>
  <LastFrameTime>0.02088993</LastFrameTime>
  <MyProperty>0</MyProperty>
  <Weather>Foggy</Weather>
  <Steering>124</Steering>
  <Acc>139</Acc>
  <Brake>127</Brake>
  <DayTime>15:16:13</DayTime>
  <Position>
    <X>-2356.86426</X>
    <Y>-269.744019</Y>
    <Z>14.7187309</Z>
  </Position>
  <Rotation>
    <X>0.534566939</X>
    <Y>3.17700219</Y>
    <Z>56.3273849</Z>
  </Rotation>
</Screenshot>