<?xml version="1.0" encoding="utf-8"?>
<Screenshot xmlns:xsd="http://www.w3.org/2001/XMLSchema" xmlns:xsi="http://www.w3.org/2001/XMLSchema-instance">
  <Cars />
  <MyCar>
    <Position>
      <X>-2355.66919</X>
      <Y>-270.5928</Y>
      <Z>13.7935181</Z>
    </Position>
    <Rotation>
      <X>1.03279185</X>
      <Y>2.68789244</Y>
      <Z>56.22188</Z>
    </Rotation>
    <Handle>104962</Handle>
    <Bounds>
      <Vector3>
        <X>-2354.14185</X>
        <Y>-272.885437</Y>
        <Z>13.068327</Z>
      </Vector3>
      <Vector3>
        <X>-2353.00732</X>
        <Y>-271.1894</Y>
        <Z>12.9725323</Z>
      </Vector3>
      <Vector3>
        <X>-2358.39063</X>
        <Y>-270.038147</Y>
        <Z>13.1604319</Z>
      </Vector3>
      <Vector3>
        <X>-2354.082</X>
        <Y>-272.8433</Y>
        <Z>14.5223856</Z>
      </Vector3>
      <Vector3>
        <X>-2357.25635</X>
        <Y>-268.3421</Y>
        <Z>13.0646381</Z>
      </Vector3>
      <Vector3>
        <X>-2352.94751</X>
        <Y>-271.147247</Y>
        <Z>14.4265919</Z>
      </Vector3>
      <Vector3>
        <X>-2358.331</X>
        <Y>-269.996</Y>
        <Z>14.6144915</Z>
      </Vector3>
      <Vector3>
        <X>-2357.19653</X>
        <Y>-268.299957</Y>
        <Z>14.5186968</Z>
      </Vector3>
    </Bounds>
    <CenterCamPosition>
      <X>0</X>
      <Y>0</Y>
    </CenterCamPosition>
    <ScreenBounds />
    <DistanceToCam>0</DistanceToCam>
    <Speed>6.18525076</Speed>
    <AccInput>0</AccInput>
    <RPM>1.35798967</RPM>
    <Gear>0</Gear>
    <SteeringAngle>4.463976E-41</SteeringAngle>
    <WheelSpeed>0</WheelSpeed>
    <CarType>Sports</CarType>
  </MyCar>
  <Peds />
  <Time>267313</Time>
  <LastFrameTime>0.0211239</LastFrameTime>
  <MyProperty>0</MyProperty>
  <Weather>Foggy</Weather>
  <Steering>124</Steering>
  <Acc>139</Acc>
  <Brake>127</Brake>
  <DayTime>15:16:13</DayTime>
  <Position>
    <X>-2356.52</X>
    <Y>-269.9707</Y>
    <Z>14.71182</Z>
  </Position>
  <Rotation>
    <X>0.5332977</X>
    <Y>3.191445</Y>
    <Z>56.2141876</Z>
  </Rotation>
</Screenshot>