<?xml version="1.0" encoding="utf-8"?>
<Screenshot xmlns:xsd="http://www.w3.org/2001/XMLSchema" xmlns:xsi="http://www.w3.org/2001/XMLSchema-instance">
  <Cars />
  <MyCar>
    <Position>
      <X>-2356.51343</X>
      <Y>-270.03186</Y>
      <Z>13.810545</Z>
    </Position>
    <Rotation>
      <X>1.03446722</X>
      <Y>2.64926243</Y>
      <Z>56.4789276</Z>
    </Rotation>
    <Handle>104962</Handle>
    <Bounds>
      <Vector3>
        <X>-2354.97559</X>
        <Y>-272.3172</Y>
        <Z>13.0845671</Z>
      </Vector3>
      <Vector3>
        <X>-2353.84863</X>
        <Y>-270.616028</Y>
        <Z>12.9901485</Z>
      </Vector3>
      <Vector3>
        <X>-2359.2373</X>
        <Y>-269.489044</Y>
        <Z>13.1768246</Z>
      </Vector3>
      <Vector3>
        <X>-2354.9165</X>
        <Y>-272.275635</Y>
        <Z>14.5386715</Z>
      </Vector3>
      <Vector3>
        <X>-2358.11035</X>
        <Y>-267.787872</Y>
        <Z>13.082406</Z>
      </Vector3>
      <Vector3>
        <X>-2353.78955</X>
        <Y>-270.574463</Y>
        <Z>14.444253</Z>
      </Vector3>
      <Vector3>
        <X>-2359.17822</X>
        <Y>-269.447479</Y>
        <Z>14.630929</Z>
      </Vector3>
      <Vector3>
        <X>-2358.05127</X>
        <Y>-267.7463</Y>
        <Z>14.53651</Z>
      </Vector3>
    </Bounds>
    <CenterCamPosition>
      <X>0</X>
      <Y>0</Y>
    </CenterCamPosition>
    <ScreenBounds />
    <DistanceToCam>0</DistanceToCam>
    <Speed>6.295764</Speed>
    <AccInput>0</AccInput>
    <RPM>1.35798967</RPM>
    <Gear>0</Gear>
    <SteeringAngle>4.463976E-41</SteeringAngle>
    <WheelSpeed>0</WheelSpeed>
    <CarType>Sports</CarType>
  </MyCar>
  <Peds />
  <Time>267475</Time>
  <LastFrameTime>0.0492125563</LastFrameTime>
  <MyProperty>0</MyProperty>
  <Weather>Foggy</Weather>
  <Steering>124</Steering>
  <Acc>139</Acc>
  <Brake>127</Brake>
  <DayTime>15:16:13</DayTime>
  <Position>
    <X>-2357.21777</X>
    <Y>-269.512115</Y>
    <Z>14.7258615</Z>
  </Position>
  <Rotation>
    <X>0.5359521</X>
    <Y>3.16206384</Y>
    <Z>56.4326439</Z>
  </Rotation>
</Screenshot>