<?xml version="1.0" encoding="utf-8"?>
<Screenshot xmlns:xsd="http://www.w3.org/2001/XMLSchema" xmlns:xsi="http://www.w3.org/2001/XMLSchema-instance">
  <Cars />
  <MyCar>
    <Position>
      <X>-2356.62085</X>
      <Y>-269.960846</Y>
      <Z>13.81272</Z>
    </Position>
    <Rotation>
      <X>1.0355432</X>
      <Y>2.64504862</Y>
      <Z>56.51024</Z>
    </Rotation>
    <Handle>104962</Handle>
    <Bounds>
      <Vector3>
        <X>-2355.08154</X>
        <Y>-272.2453</Y>
        <Z>13.0866175</Z>
      </Vector3>
      <Vector3>
        <X>-2353.95557</X>
        <Y>-270.543518</Y>
        <Z>12.9923487</Z>
      </Vector3>
      <Vector3>
        <X>-2359.345</X>
        <Y>-269.419464</Y>
        <Z>13.1789713</Z>
      </Vector3>
      <Vector3>
        <X>-2355.02271</X>
        <Y>-272.2038</Y>
        <Z>14.5407257</Z>
      </Vector3>
      <Vector3>
        <X>-2358.219</X>
        <Y>-267.717682</Y>
        <Z>13.0847025</Z>
      </Vector3>
      <Vector3>
        <X>-2353.89673</X>
        <Y>-270.502</Y>
        <Z>14.4464569</Z>
      </Vector3>
      <Vector3>
        <X>-2359.286</X>
        <Y>-269.37796</Y>
        <Z>14.63308</Z>
      </Vector3>
      <Vector3>
        <X>-2358.16</X>
        <Y>-267.676178</Y>
        <Z>14.5388117</Z>
      </Vector3>
    </Bounds>
    <CenterCamPosition>
      <X>0</X>
      <Y>0</Y>
    </CenterCamPosition>
    <ScreenBounds />
    <DistanceToCam>0</DistanceToCam>
    <Speed>6.309226</Speed>
    <AccInput>0</AccInput>
    <RPM>1.35798967</RPM>
    <Gear>0</Gear>
    <SteeringAngle>4.463976E-41</SteeringAngle>
    <WheelSpeed>0</WheelSpeed>
    <CarType>Sports</CarType>
  </MyCar>
  <Peds />
  <Time>267495</Time>
  <LastFrameTime>0.0204201322</LastFrameTime>
  <MyProperty>0</MyProperty>
  <Weather>Foggy</Weather>
  <Steering>124</Steering>
  <Acc>138</Acc>
  <Brake>127</Brake>
  <DayTime>15:16:13</DayTime>
  <Position>
    <X>-2357.47656</X>
    <Y>-269.342743</Y>
    <Z>14.7310781</Z>
  </Position>
  <Rotation>
    <X>0.5352754</X>
    <Y>3.14912462</Y>
    <Z>56.5083275</Z>
  </Rotation>
</Screenshot>