<?xml version="1.0" encoding="utf-8"?>
<Screenshot xmlns:xsd="http://www.w3.org/2001/XMLSchema" xmlns:xsi="http://www.w3.org/2001/XMLSchema-instance">
  <Cars />
  <MyCar>
    <Position>
      <X>-2356.25562</X>
      <Y>-270.202667</Y>
      <Z>13.8053246</Z>
    </Position>
    <Rotation>
      <X>1.03513634</X>
      <Y>2.662202</Y>
      <Z>56.4030876</Z>
    </Rotation>
    <Handle>104962</Handle>
    <Bounds>
      <Vector3>
        <X>-2354.7207</X>
        <Y>-272.490173</Y>
        <Z>13.0795555</Z>
      </Vector3>
      <Vector3>
        <X>-2353.59155</X>
        <Y>-270.790527</Y>
        <Z>12.9846764</Z>
      </Vector3>
      <Vector3>
        <X>-2358.97876</X>
        <Y>-269.656372</Y>
        <Z>13.1718721</Z>
      </Vector3>
      <Vector3>
        <X>-2354.66138</X>
        <Y>-272.448425</Y>
        <Z>14.5336447</Z>
      </Vector3>
      <Vector3>
        <X>-2357.84961</X>
        <Y>-267.956726</Y>
        <Z>13.076993</Z>
      </Vector3>
      <Vector3>
        <X>-2353.53223</X>
        <Y>-270.748749</Y>
        <Z>14.4387646</Z>
      </Vector3>
      <Vector3>
        <X>-2358.91943</X>
        <Y>-269.6146</Y>
        <Z>14.62596</Z>
      </Vector3>
      <Vector3>
        <X>-2357.79028</X>
        <Y>-267.914948</Y>
        <Z>14.5310812</Z>
      </Vector3>
    </Bounds>
    <CenterCamPosition>
      <X>0</X>
      <Y>0</Y>
    </CenterCamPosition>
    <ScreenBounds />
    <DistanceToCam>0</DistanceToCam>
    <Speed>6.262715</Speed>
    <AccInput>0</AccInput>
    <RPM>1.35798967</RPM>
    <Gear>0</Gear>
    <SteeringAngle>4.463976E-41</SteeringAngle>
    <WheelSpeed>0</WheelSpeed>
    <CarType>Sports</CarType>
  </MyCar>
  <Peds />
  <Time>267426</Time>
  <LastFrameTime>0.0467838123</LastFrameTime>
  <MyProperty>0</MyProperty>
  <Weather>Foggy</Weather>
  <Steering>124</Steering>
  <Acc>139</Acc>
  <Brake>127</Brake>
  <DayTime>15:16:13</DayTime>
  <Position>
    <X>-2356.97314</X>
    <Y>-269.672546</Y>
    <Z>14.7209244</Z>
  </Position>
  <Rotation>
    <X>0.535247266</X>
    <Y>3.1739912</Y>
    <Z>56.3599319</Z>
  </Rotation>
</Screenshot>