<?xml version="1.0" encoding="utf-8"?>
<Screenshot xmlns:xsd="http://www.w3.org/2001/XMLSchema" xmlns:xsi="http://www.w3.org/2001/XMLSchema-instance">
  <Cars />
  <MyCar>
    <Position>
      <X>-2356.86475</X>
      <Y>-269.799957</Y>
      <Z>13.8177814</Z>
    </Position>
    <Rotation>
      <X>1.04336357</X>
      <Y>2.63796782</Y>
      <Z>56.5806</Z>
    </Rotation>
    <Handle>104962</Handle>
    <Bounds>
      <Vector3>
        <X>-2355.32275</X>
        <Y>-272.0824</Y>
        <Z>13.0912008</Z>
      </Vector3>
      <Vector3>
        <X>-2354.199</X>
        <Y>-270.3792</Y>
        <Z>12.9971848</Z>
      </Vector3>
      <Vector3>
        <X>-2359.5896</X>
        <Y>-269.2618</Y>
        <Z>13.1842527</Z>
      </Vector3>
      <Vector3>
        <X>-2355.26367</X>
        <Y>-272.041077</Y>
        <Z>14.5453138</Z>
      </Vector3>
      <Vector3>
        <X>-2358.46558</X>
        <Y>-267.558624</Y>
        <Z>13.0902367</Z>
      </Vector3>
      <Vector3>
        <X>-2354.14</X>
        <Y>-270.337921</Y>
        <Z>14.4512978</Z>
      </Vector3>
      <Vector3>
        <X>-2359.53052</X>
        <Y>-269.2205</Y>
        <Z>14.6383657</Z>
      </Vector3>
      <Vector3>
        <X>-2358.40649</X>
        <Y>-267.5173</Y>
        <Z>14.54435</Z>
      </Vector3>
    </Bounds>
    <CenterCamPosition>
      <X>0</X>
      <Y>0</Y>
    </CenterCamPosition>
    <ScreenBounds />
    <DistanceToCam>0</DistanceToCam>
    <Speed>6.33884048</Speed>
    <AccInput>0</AccInput>
    <RPM>1.35798967</RPM>
    <Gear>0</Gear>
    <SteeringAngle>4.463976E-41</SteeringAngle>
    <WheelSpeed>0</WheelSpeed>
    <CarType>Sports</CarType>
  </MyCar>
  <Peds />
  <Time>267541</Time>
  <LastFrameTime>0.0461349674</LastFrameTime>
  <MyProperty>0</MyProperty>
  <Weather>Foggy</Weather>
  <Steering>124</Steering>
  <Acc>138</Acc>
  <Brake>127</Brake>
  <DayTime>15:16:13</DayTime>
  <Position>
    <X>-2357.58447</X>
    <Y>-269.2723</Y>
    <Z>14.7332783</Z>
  </Position>
  <Rotation>
    <X>0.536351</X>
    <Y>3.14491081</Y>
    <Z>56.53966</Z>
  </Rotation>
</Screenshot>