<?xml version="1.0" encoding="utf-8"?>
<Screenshot xmlns:xsd="http://www.w3.org/2001/XMLSchema" xmlns:xsi="http://www.w3.org/2001/XMLSchema-instance">
  <Cars />
  <MyCar>
    <Position>
      <X>-2356.96924</X>
      <Y>-269.731</Y>
      <Z>13.8199568</Z>
    </Position>
    <Rotation>
      <X>1.04628384</X>
      <Y>2.63586569</Y>
      <Z>56.61062</Z>
    </Rotation>
    <Handle>104962</Handle>
    <Bounds>
      <Vector3>
        <X>-2355.426</X>
        <Y>-272.012573</Y>
        <Z>13.0932083</Z>
      </Vector3>
      <Vector3>
        <X>-2354.30322</X>
        <Y>-270.3088</Y>
        <Z>12.9992666</Z>
      </Vector3>
      <Vector3>
        <X>-2359.69434</X>
        <Y>-269.1942</Y>
        <Z>13.1865206</Z>
      </Vector3>
      <Vector3>
        <X>-2355.367</X>
        <Y>-271.9713</Y>
        <Z>14.5473223</Z>
      </Vector3>
      <Vector3>
        <X>-2358.57129</X>
        <Y>-267.490448</Y>
        <Z>13.0925789</Z>
      </Vector3>
      <Vector3>
        <X>-2354.24414</X>
        <Y>-270.267548</Y>
        <Z>14.4533806</Z>
      </Vector3>
      <Vector3>
        <X>-2359.63525</X>
        <Y>-269.152954</Y>
        <Z>14.6406345</Z>
      </Vector3>
      <Vector3>
        <X>-2358.51221</X>
        <Y>-267.4492</Y>
        <Z>14.5466938</Z>
      </Vector3>
    </Bounds>
    <CenterCamPosition>
      <X>0</X>
      <Y>0</Y>
    </CenterCamPosition>
    <ScreenBounds />
    <DistanceToCam>0</DistanceToCam>
    <Speed>6.3512125</Speed>
    <AccInput>0</AccInput>
    <RPM>1.35798967</RPM>
    <Gear>0</Gear>
    <SteeringAngle>4.463976E-41</SteeringAngle>
    <WheelSpeed>0</WheelSpeed>
    <CarType>Sports</CarType>
  </MyCar>
  <Peds />
  <Time>267561</Time>
  <LastFrameTime>0.0197473932</LastFrameTime>
  <MyProperty>0</MyProperty>
  <Weather>Foggy</Weather>
  <Steering>124</Steering>
  <Acc>137</Acc>
  <Brake>127</Brake>
  <DayTime>15:16:13</DayTime>
  <Position>
    <X>-2357.829</X>
    <Y>-269.112762</Y>
    <Z>14.7385063</Z>
  </Position>
  <Rotation>
    <X>0.5441793</X>
    <Y>3.1378262</Y>
    <Z>56.6103859</Z>
  </Rotation>
</Screenshot>