<?xml version="1.0" encoding="utf-8"?>
<Screenshot xmlns:xsd="http://www.w3.org/2001/XMLSchema" xmlns:xsi="http://www.w3.org/2001/XMLSchema-instance">
  <Cars />
  <MyCar>
    <Position>
      <X>-2357.50049</X>
      <Y>-269.38208</Y>
      <Z>13.8310413</Z>
    </Position>
    <Rotation>
      <X>1.06302023</X>
      <Y>2.62368655</Y>
      <Z>56.76019</Z>
    </Rotation>
    <Handle>104962</Handle>
    <Bounds>
      <Vector3>
        <X>-2355.95142</X>
        <Y>-271.659424</Y>
        <Z>13.1033258</Z>
      </Vector3>
      <Vector3>
        <X>-2354.833</X>
        <Y>-269.9527</Y>
        <Z>13.0098181</Z>
      </Vector3>
      <Vector3>
        <X>-2360.227</X>
        <Y>-268.852173</Y>
        <Z>13.1981316</Z>
      </Vector3>
      <Vector3>
        <X>-2355.89233</X>
        <Y>-271.6185</Y>
        <Z>14.5574465</Z>
      </Vector3>
      <Vector3>
        <X>-2359.1084</X>
        <Y>-267.145477</Y>
        <Z>13.1046238</Z>
      </Vector3>
      <Vector3>
        <X>-2354.774</X>
        <Y>-269.911774</Y>
        <Z>14.4639387</Z>
      </Vector3>
      <Vector3>
        <X>-2360.168</X>
        <Y>-268.811249</Y>
        <Z>14.6522522</Z>
      </Vector3>
      <Vector3>
        <X>-2359.04932</X>
        <Y>-267.104553</Y>
        <Z>14.5587444</Z>
      </Vector3>
    </Bounds>
    <CenterCamPosition>
      <X>0</X>
      <Y>0</Y>
    </CenterCamPosition>
    <ScreenBounds />
    <DistanceToCam>0</DistanceToCam>
    <Speed>6.409128</Speed>
    <AccInput>0</AccInput>
    <RPM>1.35798967</RPM>
    <Gear>0</Gear>
    <SteeringAngle>4.463976E-41</SteeringAngle>
    <WheelSpeed>0</WheelSpeed>
    <CarType>Sports</CarType>
  </MyCar>
  <Peds />
  <Time>267661</Time>
  <LastFrameTime>0.01969185</LastFrameTime>
  <MyProperty>0</MyProperty>
  <Weather>Foggy</Weather>
  <Steering>124</Steering>
  <Acc>136</Acc>
  <Brake>127</Brake>
  <DayTime>15:16:13</DayTime>
  <Position>
    <X>-2358.361</X>
    <Y>-268.766876</Y>
    <Z>14.7499065</Z>
  </Position>
  <Rotation>
    <X>0.5607363</X>
    <Y>3.1260252</Y>
    <Z>56.76134</Z>
  </Rotation>
</Screenshot>