<?xml version="1.0" encoding="utf-8"?>
<Screenshot xmlns:xsd="http://www.w3.org/2001/XMLSchema" xmlns:xsi="http://www.w3.org/2001/XMLSchema-instance">
  <Cars />
  <MyCar>
    <Position>
      <X>-2357.67725</X>
      <Y>-269.266449</Y>
      <Z>13.8347387</Z>
    </Position>
    <Rotation>
      <X>1.06843257</X>
      <Y>2.620263</Y>
      <Z>56.8092079</Z>
    </Rotation>
    <Handle>104962</Handle>
    <Bounds>
      <Vector3>
        <X>-2356.12646</X>
        <Y>-271.5424</Y>
        <Z>13.10672</Z>
      </Vector3>
      <Vector3>
        <X>-2355.00928</X>
        <Y>-269.834717</Y>
        <Z>13.0133343</Z>
      </Vector3>
      <Vector3>
        <X>-2360.4043</X>
        <Y>-268.7388</Y>
        <Z>13.2020092</Z>
      </Vector3>
      <Vector3>
        <X>-2356.06714</X>
        <Y>-271.501556</Y>
        <Z>14.5608425</Z>
      </Vector3>
      <Vector3>
        <X>-2359.287</X>
        <Y>-267.031128</Y>
        <Z>13.1086226</Z>
      </Vector3>
      <Vector3>
        <X>-2354.9502</X>
        <Y>-269.793884</Y>
        <Z>14.4674568</Z>
      </Vector3>
      <Vector3>
        <X>-2360.345</X>
        <Y>-268.697968</Y>
        <Z>14.6561308</Z>
      </Vector3>
      <Vector3>
        <X>-2359.228</X>
        <Y>-266.9903</Y>
        <Z>14.5627451</Z>
      </Vector3>
    </Bounds>
    <CenterCamPosition>
      <X>0</X>
      <Y>0</Y>
    </CenterCamPosition>
    <ScreenBounds />
    <DistanceToCam>0</DistanceToCam>
    <Speed>6.42667055</Speed>
    <AccInput>0</AccInput>
    <RPM>1.35798967</RPM>
    <Gear>0</Gear>
    <SteeringAngle>4.463976E-41</SteeringAngle>
    <WheelSpeed>0</WheelSpeed>
    <CarType>Sports</CarType>
  </MyCar>
  <Peds />
  <Time>267694</Time>
  <LastFrameTime>0.0328868777</LastFrameTime>
  <MyProperty>0</MyProperty>
  <Weather>Foggy</Weather>
  <Steering>124</Steering>
  <Acc>136</Acc>
  <Brake>127</Brake>
  <DayTime>15:16:13</DayTime>
  <Position>
    <X>-2358.4668</X>
    <Y>-268.698273</Y>
    <Z>14.752182</Z>
  </Position>
  <Rotation>
    <X>0.5638579</X>
    <Y>3.123535</Y>
    <Z>56.7909126</Z>
  </Rotation>
</Screenshot>