<?xml version="1.0" encoding="utf-8"?>
<Screenshot xmlns:xsd="http://www.w3.org/2001/XMLSchema" xmlns:xsi="http://www.w3.org/2001/XMLSchema-instance">
  <Cars />
  <MyCar>
    <Position>
      <X>-2357.395</X>
      <Y>-269.451233</Y>
      <Z>13.8288317</Z>
    </Position>
    <Rotation>
      <X>1.05990231</X>
      <Y>2.62617469</Y>
      <Z>56.73077</Z>
    </Rotation>
    <Handle>104962</Handle>
    <Bounds>
      <Vector3>
        <X>-2355.84717</X>
        <Y>-271.7294</Y>
        <Z>13.1013</Z>
      </Vector3>
      <Vector3>
        <X>-2354.72778</X>
        <Y>-270.0233</Y>
        <Z>13.0077038</Z>
      </Vector3>
      <Vector3>
        <X>-2360.12134</X>
        <Y>-268.919983</Y>
        <Z>13.1958275</Z>
      </Vector3>
      <Vector3>
        <X>-2355.788</X>
        <Y>-271.688416</Y>
        <Z>14.55542</Z>
      </Vector3>
      <Vector3>
        <X>-2359.00171</X>
        <Y>-267.213837</Y>
        <Z>13.102232</Z>
      </Vector3>
      <Vector3>
        <X>-2354.6687</X>
        <Y>-269.9823</Y>
        <Z>14.4618235</Z>
      </Vector3>
      <Vector3>
        <X>-2360.062</X>
        <Y>-268.879</Y>
        <Z>14.6499472</Z>
      </Vector3>
      <Vector3>
        <X>-2358.94263</X>
        <Y>-267.172852</Y>
        <Z>14.5563507</Z>
      </Vector3>
    </Bounds>
    <CenterCamPosition>
      <X>0</X>
      <Y>0</Y>
    </CenterCamPosition>
    <ScreenBounds />
    <DistanceToCam>0</DistanceToCam>
    <Speed>6.39822</Speed>
    <AccInput>0</AccInput>
    <RPM>1.35798967</RPM>
    <Gear>0</Gear>
    <SteeringAngle>4.463976E-41</SteeringAngle>
    <WheelSpeed>0</WheelSpeed>
    <CarType>Sports</CarType>
  </MyCar>
  <Peds />
  <Time>267641</Time>
  <LastFrameTime>0.0329129435</LastFrameTime>
  <MyProperty>0</MyProperty>
  <Weather>Foggy</Weather>
  <Steering>124</Steering>
  <Acc>136</Acc>
  <Brake>127</Brake>
  <DayTime>15:16:13</DayTime>
  <Position>
    <X>-2358.18457</X>
    <Y>-268.881378</Y>
    <Z>14.7461166</Z>
  </Position>
  <Rotation>
    <X>0.5549882</X>
    <Y>3.12994576</Y>
    <Z>56.7117424</Z>
  </Rotation>
</Screenshot>