<?xml version="1.0" encoding="utf-8"?>
<Screenshot xmlns:xsd="http://www.w3.org/2001/XMLSchema" xmlns:xsi="http://www.w3.org/2001/XMLSchema-instance">
  <Cars />
  <MyCar>
    <Position>
      <X>-2357.219</X>
      <Y>-269.566681</Y>
      <Z>13.8251629</Z>
    </Position>
    <Rotation>
      <X>1.05416036</X>
      <Y>2.63009214</Y>
      <Z>56.6814423</Z>
    </Rotation>
    <Handle>104962</Handle>
    <Bounds>
      <Vector3>
        <X>-2355.673</X>
        <Y>-271.846252</Y>
        <Z>13.0979586</Z>
      </Vector3>
      <Vector3>
        <X>-2354.55225</X>
        <Y>-270.1411</Y>
        <Z>13.0042229</Z>
      </Vector3>
      <Vector3>
        <X>-2359.94482</X>
        <Y>-269.033173</Y>
        <Z>13.1919737</Z>
      </Vector3>
      <Vector3>
        <X>-2355.614</X>
        <Y>-271.805145</Y>
        <Z>14.5520754</Z>
      </Vector3>
      <Vector3>
        <X>-2358.82373</X>
        <Y>-267.328</Y>
        <Z>13.098238</Z>
      </Vector3>
      <Vector3>
        <X>-2354.49316</X>
        <Y>-270.1</Y>
        <Z>14.45834</Z>
      </Vector3>
      <Vector3>
        <X>-2359.88574</X>
        <Y>-268.992065</Y>
        <Z>14.6460915</Z>
      </Vector3>
      <Vector3>
        <X>-2358.765</X>
        <Y>-267.2869</Y>
        <Z>14.5523558</Z>
      </Vector3>
    </Bounds>
    <CenterCamPosition>
      <X>0</X>
      <Y>0</Y>
    </CenterCamPosition>
    <ScreenBounds />
    <DistanceToCam>0</DistanceToCam>
    <Speed>6.379516</Speed>
    <AccInput>0</AccInput>
    <RPM>1.35798967</RPM>
    <Gear>0</Gear>
    <SteeringAngle>4.463976E-41</SteeringAngle>
    <WheelSpeed>0</WheelSpeed>
    <CarType>Sports</CarType>
  </MyCar>
  <Peds />
  <Time>267608</Time>
  <LastFrameTime>0.0469324477</LastFrameTime>
  <MyProperty>0</MyProperty>
  <Weather>Foggy</Weather>
  <Steering>124</Steering>
  <Acc>137</Acc>
  <Brake>127</Brake>
  <DayTime>15:16:13</DayTime>
  <Position>
    <X>-2357.934</X>
    <Y>-269.044342</Y>
    <Z>14.7407436</Z>
  </Position>
  <Rotation>
    <X>0.547103047</X>
    <Y>3.13572288</Y>
    <Z>56.6405449</Z>
  </Rotation>
</Screenshot>