<?xml version="1.0" encoding="utf-8"?>
<Screenshot xmlns:xsd="http://www.w3.org/2001/XMLSchema" xmlns:xsi="http://www.w3.org/2001/XMLSchema-instance">
  <Cars />
  <MyCar>
    <Position>
      <X>-2357.85474</X>
      <Y>-269.150421</Y>
      <Z>13.8384647</Z>
    </Position>
    <Rotation>
      <X>1.07369244</X>
      <Y>2.615713</Y>
      <Z>56.85817</Z>
    </Rotation>
    <Handle>104962</Handle>
    <Bounds>
      <Vector3>
        <X>-2356.302</X>
        <Y>-271.424957</Y>
        <Z>13.1101294</Z>
      </Vector3>
      <Vector3>
        <X>-2355.18628</X>
        <Y>-269.716339</Y>
        <Z>13.0169048</Z>
      </Vector3>
      <Vector3>
        <X>-2360.58228</X>
        <Y>-268.625031</Y>
        <Z>13.2058868</Z>
      </Vector3>
      <Vector3>
        <X>-2356.24268</X>
        <Y>-271.384247</Y>
        <Z>14.5642538</Z>
      </Vector3>
      <Vector3>
        <X>-2359.46655</X>
        <Y>-266.916382</Y>
        <Z>13.1126633</Z>
      </Vector3>
      <Vector3>
        <X>-2355.1272</X>
        <Y>-269.675629</Y>
        <Z>14.47103</Z>
      </Vector3>
      <Vector3>
        <X>-2360.523</X>
        <Y>-268.58432</Y>
        <Z>14.6600122</Z>
      </Vector3>
      <Vector3>
        <X>-2359.40747</X>
        <Y>-266.875671</Y>
        <Z>14.5667887</Z>
      </Vector3>
    </Bounds>
    <CenterCamPosition>
      <X>0</X>
      <Y>0</Y>
    </CenterCamPosition>
    <ScreenBounds />
    <DistanceToCam>0</DistanceToCam>
    <Speed>6.44366646</Speed>
    <AccInput>0</AccInput>
    <RPM>1.35798967</RPM>
    <Gear>0</Gear>
    <SteeringAngle>4.463976E-41</SteeringAngle>
    <WheelSpeed>0</WheelSpeed>
    <CarType>Sports</CarType>
  </MyCar>
  <Peds />
  <Time>267727</Time>
  <LastFrameTime>0.03294925</LastFrameTime>
  <MyProperty>0</MyProperty>
  <Weather>Foggy</Weather>
  <Steering>124</Steering>
  <Acc>136</Acc>
  <Brake>127</Brake>
  <DayTime>15:16:13</DayTime>
  <Position>
    <X>-2358.64429</X>
    <Y>-268.583557</Y>
    <Z>14.7559938</Z>
  </Position>
  <Rotation>
    <X>0.569276333</X>
    <Y>3.12010956</Y>
    <Z>56.84019</Z>
  </Rotation>
</Screenshot>