<?xml version="1.0" encoding="utf-8"?>
<Screenshot xmlns:xsd="http://www.w3.org/2001/XMLSchema" xmlns:xsi="http://www.w3.org/2001/XMLSchema-instance">
  <Cars />
  <MyCar>
    <Position>
      <X>-2358.11719</X>
      <Y>-268.9793</Y>
      <Z>13.8439817</Z>
    </Position>
    <Rotation>
      <X>1.08201623</X>
      <Y>2.60737228</Y>
      <Z>56.9299774</Z>
    </Rotation>
    <Handle>104962</Handle>
    <Bounds>
      <Vector3>
        <X>-2356.56152</X>
        <Y>-271.25177</Y>
        <Z>13.1151228</Z>
      </Vector3>
      <Vector3>
        <X>-2355.448</X>
        <Y>-269.541718</Y>
        <Z>13.0221968</Z>
      </Vector3>
      <Vector3>
        <X>-2360.84521</X>
        <Y>-268.457184</Y>
        <Z>13.2116241</Z>
      </Vector3>
      <Vector3>
        <X>-2356.50244</X>
        <Y>-271.211273</Y>
        <Z>14.5692539</Z>
      </Vector3>
      <Vector3>
        <X>-2359.732</X>
        <Y>-266.747131</Y>
        <Z>13.1186972</Z>
      </Vector3>
      <Vector3>
        <X>-2355.389</X>
        <Y>-269.501221</Y>
        <Z>14.4763269</Z>
      </Vector3>
      <Vector3>
        <X>-2360.78613</X>
        <Y>-268.4167</Y>
        <Z>14.6657553</Z>
      </Vector3>
      <Vector3>
        <X>-2359.67261</X>
        <Y>-266.706665</Y>
        <Z>14.5728283</Z>
      </Vector3>
    </Bounds>
    <CenterCamPosition>
      <X>0</X>
      <Y>0</Y>
    </CenterCamPosition>
    <ScreenBounds />
    <DistanceToCam>0</DistanceToCam>
    <Speed>6.46790028</Speed>
    <AccInput>0</AccInput>
    <RPM>1.35798967</RPM>
    <Gear>0</Gear>
    <SteeringAngle>4.463976E-41</SteeringAngle>
    <WheelSpeed>0</WheelSpeed>
    <CarType>Sports</CarType>
  </MyCar>
  <Peds />
  <Time>267775</Time>
  <LastFrameTime>0.0485028923</LastFrameTime>
  <MyProperty>0</MyProperty>
  <Weather>Foggy</Weather>
  <Steering>124</Steering>
  <Acc>136</Acc>
  <Brake>127</Brake>
  <DayTime>15:16:13</DayTime>
  <Position>
    <X>-2358.82227</X>
    <Y>-268.468445</Y>
    <Z>14.7598314</Z>
  </Position>
  <Rotation>
    <X>0.574541569</X>
    <Y>3.115556</Y>
    <Z>56.8893929</Z>
  </Rotation>
</Screenshot>