<?xml version="1.0" encoding="utf-8"?>
<Screenshot xmlns:xsd="http://www.w3.org/2001/XMLSchema" xmlns:xsi="http://www.w3.org/2001/XMLSchema-instance">
  <Cars />
  <MyCar>
    <Position>
      <X>-2358.22314</X>
      <Y>-268.910278</Y>
      <Z>13.8462105</Z>
    </Position>
    <Rotation>
      <X>1.08491278</X>
      <Y>2.60433865</Y>
      <Z>56.9589</Z>
    </Rotation>
    <Handle>104962</Handle>
    <Bounds>
      <Vector3>
        <X>-2356.6665</X>
        <Y>-271.1819</Y>
        <Z>13.1171675</Z>
      </Vector3>
      <Vector3>
        <X>-2355.55371</X>
        <Y>-269.471283</Y>
        <Z>13.0243492</Z>
      </Vector3>
      <Vector3>
        <X>-2360.95166</X>
        <Y>-268.389465</Y>
        <Z>13.2139273</Z>
      </Vector3>
      <Vector3>
        <X>-2356.60718</X>
        <Y>-271.141479</Y>
        <Z>14.5713005</Z>
      </Vector3>
      <Vector3>
        <X>-2359.83887</X>
        <Y>-266.678864</Y>
        <Z>13.1211081</Z>
      </Vector3>
      <Vector3>
        <X>-2355.49463</X>
        <Y>-269.430878</Y>
        <Z>14.4784822</Z>
      </Vector3>
      <Vector3>
        <X>-2360.89233</X>
        <Y>-268.34906</Y>
        <Z>14.66806</Z>
      </Vector3>
      <Vector3>
        <X>-2359.77979</X>
        <Y>-266.638458</Y>
        <Z>14.5752411</Z>
      </Vector3>
    </Bounds>
    <CenterCamPosition>
      <X>0</X>
      <Y>0</Y>
    </CenterCamPosition>
    <ScreenBounds />
    <DistanceToCam>0</DistanceToCam>
    <Speed>6.47741461</Speed>
    <AccInput>0</AccInput>
    <RPM>1.35798967</RPM>
    <Gear>0</Gear>
    <SteeringAngle>4.463976E-41</SteeringAngle>
    <WheelSpeed>0</WheelSpeed>
    <CarType>Sports</CarType>
  </MyCar>
  <Peds />
  <Time>267795</Time>
  <LastFrameTime>0.0195537638</LastFrameTime>
  <MyProperty>0</MyProperty>
  <Weather>Foggy</Weather>
  <Steering>124</Steering>
  <Acc>136</Acc>
  <Brake>127</Brake>
  <DayTime>15:16:13</DayTime>
  <Position>
    <X>-2359.08545</X>
    <Y>-268.298737</Y>
    <Z>14.7655268</Z>
  </Position>
  <Rotation>
    <X>0.582873344</X>
    <Y>3.107212</Y>
    <Z>56.9615669</Z>
  </Rotation>
</Screenshot>