<?xml version="1.0" encoding="utf-8"?>
<Screenshot xmlns:xsd="http://www.w3.org/2001/XMLSchema" xmlns:xsi="http://www.w3.org/2001/XMLSchema-instance">
  <Cars />
  <MyCar>
    <Position>
      <X>-2358.47681</X>
      <Y>-268.745667</Y>
      <Z>13.8515739</Z>
    </Position>
    <Rotation>
      <X>1.09245265</X>
      <Y>2.59387827</Y>
      <Z>57.027607</Z>
    </Rotation>
    <Handle>104962</Handle>
    <Bounds>
      <Vector3>
        <X>-2356.91748</X>
        <Y>-271.015259</Y>
        <Z>13.1220045</Z>
      </Vector3>
      <Vector3>
        <X>-2355.807</X>
        <Y>-269.3033</Y>
        <Z>13.0295582</Z>
      </Vector3>
      <Vector3>
        <X>-2361.20581</X>
        <Y>-268.227966</Y>
        <Z>13.2194366</Z>
      </Vector3>
      <Vector3>
        <X>-2356.85815</X>
        <Y>-270.9751</Y>
        <Z>14.5761452</Z>
      </Vector3>
      <Vector3>
        <X>-2360.09521</X>
        <Y>-266.516022</Y>
        <Z>13.12699</Z>
      </Vector3>
      <Vector3>
        <X>-2355.74756</X>
        <Y>-269.263153</Y>
        <Z>14.4836988</Z>
      </Vector3>
      <Vector3>
        <X>-2361.14673</X>
        <Y>-268.1878</Y>
        <Z>14.6735783</Z>
      </Vector3>
      <Vector3>
        <X>-2360.03613</X>
        <Y>-266.475861</Y>
        <Z>14.5811319</Z>
      </Vector3>
    </Bounds>
    <CenterCamPosition>
      <X>0</X>
      <Y>0</Y>
    </CenterCamPosition>
    <ScreenBounds />
    <DistanceToCam>0</DistanceToCam>
    <Speed>6.499573</Speed>
    <AccInput>0</AccInput>
    <RPM>1.35798967</RPM>
    <Gear>0</Gear>
    <SteeringAngle>4.463976E-41</SteeringAngle>
    <WheelSpeed>0</WheelSpeed>
    <CarType>Sports</CarType>
  </MyCar>
  <Peds />
  <Time>267841</Time>
  <LastFrameTime>0.04655295</LastFrameTime>
  <MyProperty>0</MyProperty>
  <Weather>Foggy</Weather>
  <Steering>124</Steering>
  <Acc>136</Acc>
  <Brake>127</Brake>
  <DayTime>15:16:13</DayTime>
  <Position>
    <X>-2359.19165</X>
    <Y>-268.230255</Y>
    <Z>14.7678175</Z>
  </Position>
  <Rotation>
    <X>0.585772336</X>
    <Y>3.104177</Y>
    <Z>56.9906235</Z>
  </Rotation>
</Screenshot>