<?xml version="1.0" encoding="utf-8"?>
<Screenshot xmlns:xsd="http://www.w3.org/2001/XMLSchema" xmlns:xsi="http://www.w3.org/2001/XMLSchema-instance">
  <Cars />
  <MyCar>
    <Position>
      <X>-2358.58325</X>
      <Y>-268.6767</Y>
      <Z>13.853816</Z>
    </Position>
    <Rotation>
      <X>1.09561145</X>
      <Y>2.58981538</Y>
      <Z>57.0563774</Z>
    </Rotation>
    <Handle>104962</Handle>
    <Bounds>
      <Vector3>
        <X>-2357.02271</X>
        <Y>-270.945435</Y>
        <Z>13.1240311</Z>
      </Vector3>
      <Vector3>
        <X>-2355.91284</X>
        <Y>-269.232941</Y>
        <Z>13.03173</Z>
      </Vector3>
      <Vector3>
        <X>-2361.3125</X>
        <Y>-268.1603</Y>
        <Z>13.2217455</Z>
      </Vector3>
      <Vector3>
        <X>-2356.96362</X>
        <Y>-270.9054</Y>
        <Z>14.5781755</Z>
      </Vector3>
      <Vector3>
        <X>-2360.203</X>
        <Y>-266.447784</Y>
        <Z>13.1294441</Z>
      </Vector3>
      <Vector3>
        <X>-2355.85376</X>
        <Y>-269.192871</Y>
        <Z>14.4858742</Z>
      </Vector3>
      <Vector3>
        <X>-2361.25342</X>
        <Y>-268.120239</Y>
        <Z>14.67589</Z>
      </Vector3>
      <Vector3>
        <X>-2360.1438</X>
        <Y>-266.407745</Y>
        <Z>14.5835886</Z>
      </Vector3>
    </Bounds>
    <CenterCamPosition>
      <X>0</X>
      <Y>0</Y>
    </CenterCamPosition>
    <ScreenBounds />
    <DistanceToCam>0</DistanceToCam>
    <Speed>6.508658</Speed>
    <AccInput>0</AccInput>
    <RPM>1.35798967</RPM>
    <Gear>0</Gear>
    <SteeringAngle>4.463976E-41</SteeringAngle>
    <WheelSpeed>0</WheelSpeed>
    <CarType>Sports</CarType>
  </MyCar>
  <Peds />
  <Time>267861</Time>
  <LastFrameTime>0.0194951165</LastFrameTime>
  <MyProperty>0</MyProperty>
  <Weather>Foggy</Weather>
  <Steering>124</Steering>
  <Acc>136</Acc>
  <Brake>127</Brake>
  <DayTime>15:16:13</DayTime>
  <Position>
    <X>-2359.44629</X>
    <Y>-268.067017</Y>
    <Z>14.773344</Z>
  </Position>
  <Rotation>
    <X>0.5933173</X>
    <Y>3.09371257</Y>
    <Z>57.0596275</Z>
  </Rotation>
</Screenshot>