<?xml version="1.0" encoding="utf-8"?>
<Screenshot xmlns:xsd="http://www.w3.org/2001/XMLSchema" xmlns:xsi="http://www.w3.org/2001/XMLSchema-instance">
  <Cars />
  <MyCar>
    <Position>
      <X>-2358.95459</X>
      <Y>-268.4367</Y>
      <Z>13.8616791</Z>
    </Position>
    <Rotation>
      <X>1.106943</X>
      <Y>2.57225275</Y>
      <Z>57.15636</Z>
    </Rotation>
    <Handle>104962</Handle>
    <Bounds>
      <Vector3>
        <X>-2357.39014</X>
        <Y>-270.702484</Y>
        <Z>13.1310682</Z>
      </Vector3>
      <Vector3>
        <X>-2356.28345</X>
        <Y>-268.988</Y>
        <Z>13.0393925</Z>
      </Vector3>
      <Vector3>
        <X>-2361.68481</X>
        <Y>-267.924835</Y>
        <Z>13.2297945</Z>
      </Vector3>
      <Vector3>
        <X>-2357.331</X>
        <Y>-270.662842</Y>
        <Z>14.585227</Z>
      </Vector3>
      <Vector3>
        <X>-2360.57813</X>
        <Y>-266.210358</Y>
        <Z>13.1381187</Z>
      </Vector3>
      <Vector3>
        <X>-2356.22437</X>
        <Y>-268.948364</Y>
        <Z>14.4935513</Z>
      </Vector3>
      <Vector3>
        <X>-2361.62573</X>
        <Y>-267.8852</Y>
        <Z>14.6839542</Z>
      </Vector3>
      <Vector3>
        <X>-2360.519</X>
        <Y>-266.170715</Y>
        <Z>14.5922775</Z>
      </Vector3>
    </Bounds>
    <CenterCamPosition>
      <X>0</X>
      <Y>0</Y>
    </CenterCamPosition>
    <ScreenBounds />
    <DistanceToCam>0</DistanceToCam>
    <Speed>6.53955173</Speed>
    <AccInput>0</AccInput>
    <RPM>1.35798967</RPM>
    <Gear>0</Gear>
    <SteeringAngle>4.463976E-41</SteeringAngle>
    <WheelSpeed>0</WheelSpeed>
    <CarType>Sports</CarType>
  </MyCar>
  <Peds />
  <Time>267928</Time>
  <LastFrameTime>0.0202479139</LastFrameTime>
  <MyProperty>0</MyProperty>
  <Weather>Foggy</Weather>
  <Steering>124</Steering>
  <Acc>136</Acc>
  <Brake>127</Brake>
  <DayTime>15:16:13</DayTime>
  <Position>
    <X>-2359.81372</X>
    <Y>-267.831818</Y>
    <Z>14.7813454</Z>
  </Position>
  <Rotation>
    <X>0.6049037</X>
    <Y>3.07780838</Y>
    <Z>57.15893</Z>
  </Rotation>
</Screenshot>