<?xml version="1.0" encoding="utf-8"?>
<Screenshot xmlns:xsd="http://www.w3.org/2001/XMLSchema" xmlns:xsi="http://www.w3.org/2001/XMLSchema-instance">
  <Cars />
  <MyCar>
    <Position>
      <X>-2359.12769</X>
      <Y>-268.325165</Y>
      <Z>13.865345</Z>
    </Position>
    <Rotation>
      <X>1.11249816</X>
      <Y>2.56480885</Y>
      <Z>57.2029343</Z>
    </Rotation>
    <Handle>104962</Handle>
    <Bounds>
      <Vector3>
        <X>-2357.56128</X>
        <Y>-270.589539</Y>
        <Z>13.1343508</Z>
      </Vector3>
      <Vector3>
        <X>-2356.456</X>
        <Y>-268.874176</Y>
        <Z>13.04294</Z>
      </Vector3>
      <Vector3>
        <X>-2361.8584</X>
        <Y>-267.8154</Y>
        <Z>13.233573</Z>
      </Vector3>
      <Vector3>
        <X>-2357.5022</X>
        <Y>-270.5501</Y>
        <Z>14.5885153</Z>
      </Vector3>
      <Vector3>
        <X>-2360.753</X>
        <Y>-266.1</Y>
        <Z>13.1421623</Z>
      </Vector3>
      <Vector3>
        <X>-2356.397</X>
        <Y>-268.834717</Y>
        <Z>14.4971046</Z>
      </Vector3>
      <Vector3>
        <X>-2361.79932</X>
        <Y>-267.77594</Y>
        <Z>14.6877384</Z>
      </Vector3>
      <Vector3>
        <X>-2360.69385</X>
        <Y>-266.060577</Y>
        <Z>14.5963278</Z>
      </Vector3>
    </Bounds>
    <CenterCamPosition>
      <X>0</X>
      <Y>0</Y>
    </CenterCamPosition>
    <ScreenBounds />
    <DistanceToCam>0</DistanceToCam>
    <Speed>6.55357838</Speed>
    <AccInput>0</AccInput>
    <RPM>1.35798967</RPM>
    <Gear>0</Gear>
    <SteeringAngle>4.463976E-41</SteeringAngle>
    <WheelSpeed>0</WheelSpeed>
    <CarType>Sports</CarType>
  </MyCar>
  <Peds />
  <Time>267960</Time>
  <LastFrameTime>0.0314386934</LastFrameTime>
  <MyProperty>0</MyProperty>
  <Weather>Foggy</Weather>
  <Steering>124</Steering>
  <Acc>136</Acc>
  <Brake>127</Brake>
  <DayTime>15:16:13</DayTime>
  <Position>
    <X>-2359.92554</X>
    <Y>-267.760651</Y>
    <Z>14.7837639</Z>
  </Position>
  <Rotation>
    <X>0.607816756</X>
    <Y>3.07208037</Y>
    <Z>57.18893</Z>
  </Rotation>
</Screenshot>