<?xml version="1.0" encoding="utf-8"?>
<Screenshot xmlns:xsd="http://www.w3.org/2001/XMLSchema" xmlns:xsi="http://www.w3.org/2001/XMLSchema-instance">
  <Cars />
  <MyCar>
    <Position>
      <X>-2358.84326</X>
      <Y>-268.508484</Y>
      <Z>13.8593254</Z>
    </Position>
    <Rotation>
      <X>1.104031</X>
      <Y>2.57797956</Y>
      <Z>57.1264534</Z>
    </Rotation>
    <Handle>104962</Handle>
    <Bounds>
      <Vector3>
        <X>-2357.28</X>
        <Y>-270.775146</Y>
        <Z>13.1289492</Z>
      </Vector3>
      <Vector3>
        <X>-2356.17236</X>
        <Y>-269.061279</Y>
        <Z>13.0370693</Z>
      </Vector3>
      <Vector3>
        <X>-2361.57324</X>
        <Y>-267.99527</Y>
        <Z>13.227416</Z>
      </Vector3>
      <Vector3>
        <X>-2357.221</X>
        <Y>-270.735382</Y>
        <Z>14.5831032</Z>
      </Vector3>
      <Vector3>
        <X>-2360.46558</X>
        <Y>-266.281372</Y>
        <Z>13.1355362</Z>
      </Vector3>
      <Vector3>
        <X>-2356.11328</X>
        <Y>-269.0215</Y>
        <Z>14.4912233</Z>
      </Vector3>
      <Vector3>
        <X>-2361.51416</X>
        <Y>-267.9555</Y>
        <Z>14.6815691</Z>
      </Vector3>
      <Vector3>
        <X>-2360.40649</X>
        <Y>-266.2416</Y>
        <Z>14.5896893</Z>
      </Vector3>
    </Bounds>
    <CenterCamPosition>
      <X>0</X>
      <Y>0</Y>
    </CenterCamPosition>
    <ScreenBounds />
    <DistanceToCam>0</DistanceToCam>
    <Speed>6.530405</Speed>
    <AccInput>0</AccInput>
    <RPM>1.35798967</RPM>
    <Gear>0</Gear>
    <SteeringAngle>4.463976E-41</SteeringAngle>
    <WheelSpeed>0</WheelSpeed>
    <CarType>Sports</CarType>
  </MyCar>
  <Peds />
  <Time>267908</Time>
  <LastFrameTime>0.04747641</LastFrameTime>
  <MyProperty>0</MyProperty>
  <Weather>Foggy</Weather>
  <Steering>124</Steering>
  <Acc>136</Acc>
  <Brake>127</Brake>
  <DayTime>15:16:13</DayTime>
  <Position>
    <X>-2359.553</X>
    <Y>-267.9986</Y>
    <Z>14.7756538</Z>
  </Position>
  <Rotation>
    <X>0.5964784</X>
    <Y>3.08964825</Y>
    <Z>57.0885277</Z>
  </Rotation>
</Screenshot>