<?xml version="1.0" encoding="utf-8"?>
<Screenshot xmlns:xsd="http://www.w3.org/2001/XMLSchema" xmlns:xsi="http://www.w3.org/2001/XMLSchema-instance">
  <Cars />
  <MyCar>
    <Position>
      <X>-2359.501</X>
      <Y>-268.085358</Y>
      <Z>13.87349</Z>
    </Position>
    <Rotation>
      <X>1.11402547</X>
      <Y>2.54851627</Y>
      <Z>57.3031654</Z>
    </Rotation>
    <Handle>104962</Handle>
    <Bounds>
      <Vector3>
        <X>-2357.93066</X>
        <Y>-270.346832</Y>
        <Z>13.142128</Z>
      </Vector3>
      <Vector3>
        <X>-2356.82813</X>
        <Y>-268.6295</Y>
        <Z>13.0512981</Z>
      </Vector3>
      <Vector3>
        <X>-2362.23242</X>
        <Y>-267.5802</Y>
        <Z>13.2414885</Z>
      </Vector3>
      <Vector3>
        <X>-2357.87183</X>
        <Y>-270.307648</Y>
        <Z>14.5963106</Z>
      </Vector3>
      <Vector3>
        <X>-2361.13013</X>
        <Y>-265.862854</Y>
        <Z>13.1506577</Z>
      </Vector3>
      <Vector3>
        <X>-2356.76953</X>
        <Y>-268.5903</Y>
        <Z>14.5054808</Z>
      </Vector3>
      <Vector3>
        <X>-2362.17358</X>
        <Y>-267.541016</Y>
        <Z>14.6956711</Z>
      </Vector3>
      <Vector3>
        <X>-2361.07129</X>
        <Y>-265.8237</Y>
        <Z>14.60484</Z>
      </Vector3>
    </Bounds>
    <CenterCamPosition>
      <X>0</X>
      <Y>0</Y>
    </CenterCamPosition>
    <ScreenBounds />
    <DistanceToCam>0</DistanceToCam>
    <Speed>6.582977</Speed>
    <AccInput>0</AccInput>
    <RPM>1.35798967</RPM>
    <Gear>0</Gear>
    <SteeringAngle>4.463976E-41</SteeringAngle>
    <WheelSpeed>0</WheelSpeed>
    <CarType>Sports</CarType>
  </MyCar>
  <Peds />
  <Time>268027</Time>
  <LastFrameTime>0.0192245319</LastFrameTime>
  <MyProperty>0</MyProperty>
  <Weather>Foggy</Weather>
  <Steering>124</Steering>
  <Acc>136</Acc>
  <Brake>127</Brake>
  <DayTime>15:16:13</DayTime>
  <Position>
    <X>-2360.367</X>
    <Y>-267.47998</Y>
    <Z>14.7933817</Z>
  </Position>
  <Rotation>
    <X>0.6147276</X>
    <Y>3.05172324</Y>
    <Z>57.3072777</Z>
  </Rotation>
</Screenshot>