<?xml version="1.0" encoding="utf-8"?>
<Screenshot xmlns:xsd="http://www.w3.org/2001/XMLSchema" xmlns:xsi="http://www.w3.org/2001/XMLSchema-instance">
  <Cars />
  <MyCar>
    <Position>
      <X>-2359.765</X>
      <Y>-267.916382</Y>
      <Z>13.8792419</Z>
    </Position>
    <Rotation>
      <X>1.11401641</X>
      <Y>2.54174471</Y>
      <Z>57.3739052</Z>
    </Rotation>
    <Handle>104962</Handle>
    <Bounds>
      <Vector3>
        <X>-2358.19165</X>
        <Y>-270.175842</Y>
        <Z>13.1477556</Z>
      </Vector3>
      <Vector3>
        <X>-2357.09131</X>
        <Y>-268.457123</Y>
        <Z>13.0571661</Z>
      </Vector3>
      <Vector3>
        <X>-2362.49683</X>
        <Y>-267.414551</Y>
        <Z>13.2471161</Z>
      </Vector3>
      <Vector3>
        <X>-2358.133</X>
        <Y>-270.136719</Y>
        <Z>14.6019459</Z>
      </Vector3>
      <Vector3>
        <X>-2361.39673</X>
        <Y>-265.695831</Y>
        <Z>13.1565266</Z>
      </Vector3>
      <Vector3>
        <X>-2357.03271</X>
        <Y>-268.41803</Y>
        <Z>14.5113564</Z>
      </Vector3>
      <Vector3>
        <X>-2362.43823</X>
        <Y>-267.375427</Y>
        <Z>14.7013054</Z>
      </Vector3>
      <Vector3>
        <X>-2361.338</X>
        <Y>-265.656738</Y>
        <Z>14.6107168</Z>
      </Vector3>
    </Bounds>
    <CenterCamPosition>
      <X>0</X>
      <Y>0</Y>
    </CenterCamPosition>
    <ScreenBounds />
    <DistanceToCam>0</DistanceToCam>
    <Speed>6.60300255</Speed>
    <AccInput>0</AccInput>
    <RPM>1.35798967</RPM>
    <Gear>0</Gear>
    <SteeringAngle>4.463976E-41</SteeringAngle>
    <WheelSpeed>0</WheelSpeed>
    <CarType>Sports</CarType>
  </MyCar>
  <Peds />
  <Time>268075</Time>
  <LastFrameTime>0.0474851</LastFrameTime>
  <MyProperty>0</MyProperty>
  <Weather>Foggy</Weather>
  <Steering>124</Steering>
  <Acc>135</Acc>
  <Brake>127</Brake>
  <DayTime>15:16:13</DayTime>
  <Position>
    <X>-2360.47363</X>
    <Y>-267.41217</Y>
    <Z>14.7957382</Z>
  </Position>
  <Rotation>
    <X>0.6148954</X>
    <Y>3.0483408</Y>
    <Z>57.3358574</Z>
  </Rotation>
</Screenshot>