<?xml version="1.0" encoding="utf-8"?>
<Screenshot xmlns:xsd="http://www.w3.org/2001/XMLSchema" xmlns:xsi="http://www.w3.org/2001/XMLSchema-instance">
  <Cars />
  <MyCar>
    <Position>
      <X>-2359.87427</X>
      <Y>-267.8465</Y>
      <Z>13.8816338</Z>
    </Position>
    <Rotation>
      <X>1.11497843</X>
      <Y>2.538889</Y>
      <Z>57.4031258</Z>
    </Rotation>
    <Handle>104962</Handle>
    <Bounds>
      <Vector3>
        <X>-2358.2998</X>
        <Y>-270.1051</Y>
        <Z>13.1500521</Z>
      </Vector3>
      <Vector3>
        <X>-2357.20044</X>
        <Y>-268.385834</Y>
        <Z>13.0595646</Z>
      </Vector3>
      <Vector3>
        <X>-2362.60645</X>
        <Y>-267.346</Y>
        <Z>13.2494984</Z>
      </Vector3>
      <Vector3>
        <X>-2358.24121</X>
        <Y>-270.06604</Y>
        <Z>14.6042452</Z>
      </Vector3>
      <Vector3>
        <X>-2361.507</X>
        <Y>-265.62674</Y>
        <Z>13.1590109</Z>
      </Vector3>
      <Vector3>
        <X>-2357.14185</X>
        <Y>-268.346771</Y>
        <Z>14.5137577</Z>
      </Vector3>
      <Vector3>
        <X>-2362.54785</X>
        <Y>-267.306946</Y>
        <Z>14.7036915</Z>
      </Vector3>
      <Vector3>
        <X>-2361.44849</X>
        <Y>-265.587677</Y>
        <Z>14.613203</Z>
      </Vector3>
    </Bounds>
    <CenterCamPosition>
      <X>0</X>
      <Y>0</Y>
    </CenterCamPosition>
    <ScreenBounds />
    <DistanceToCam>0</DistanceToCam>
    <Speed>6.61107159</Speed>
    <AccInput>0</AccInput>
    <RPM>1.35798967</RPM>
    <Gear>0</Gear>
    <SteeringAngle>4.463976E-41</SteeringAngle>
    <WheelSpeed>0</WheelSpeed>
    <CarType>Sports</CarType>
  </MyCar>
  <Peds />
  <Time>268094</Time>
  <LastFrameTime>0.0196282379</LastFrameTime>
  <MyProperty>0</MyProperty>
  <Weather>Foggy</Weather>
  <Steering>124</Steering>
  <Acc>135</Acc>
  <Brake>127</Brake>
  <DayTime>15:16:13</DayTime>
  <Position>
    <X>-2360.73853</X>
    <Y>-267.244476</Y>
    <Z>14.8014936</Z>
  </Position>
  <Rotation>
    <X>0.614882648</X>
    <Y>3.04156971</Y>
    <Z>57.40653</Z>
  </Rotation>
</Screenshot>