<?xml version="1.0" encoding="utf-8"?>
<Screenshot xmlns:xsd="http://www.w3.org/2001/XMLSchema" xmlns:xsi="http://www.w3.org/2001/XMLSchema-instance">
  <Cars />
  <MyCar>
    <Position>
      <X>-2359.39453</X>
      <Y>-268.153717</Y>
      <Z>13.8711405</Z>
    </Position>
    <Rotation>
      <X>1.11385584</X>
      <Y>2.55189872</Y>
      <Z>57.27455</Z>
    </Rotation>
    <Handle>104962</Handle>
    <Bounds>
      <Vector3>
        <X>-2357.8252</X>
        <Y>-270.416</Y>
        <Z>13.1398487</Z>
      </Vector3>
      <Vector3>
        <X>-2356.72217</X>
        <Y>-268.699219</Y>
        <Z>13.0488977</Z>
      </Vector3>
      <Vector3>
        <X>-2362.12573</X>
        <Y>-267.647247</Y>
        <Z>13.239193</Z>
      </Vector3>
      <Vector3>
        <X>-2357.76636</X>
        <Y>-270.37677</Y>
        <Z>14.5940266</Z>
      </Vector3>
      <Vector3>
        <X>-2361.02246</X>
        <Y>-265.93045</Y>
        <Z>13.148242</Z>
      </Vector3>
      <Vector3>
        <X>-2356.66333</X>
        <Y>-268.66</Y>
        <Z>14.5030756</Z>
      </Vector3>
      <Vector3>
        <X>-2362.067</X>
        <Y>-267.608</Y>
        <Z>14.6933718</Z>
      </Vector3>
      <Vector3>
        <X>-2360.96362</X>
        <Y>-265.891235</Y>
        <Z>14.6024208</Z>
      </Vector3>
    </Bounds>
    <CenterCamPosition>
      <X>0</X>
      <Y>0</Y>
    </CenterCamPosition>
    <ScreenBounds />
    <DistanceToCam>0</DistanceToCam>
    <Speed>6.574739</Speed>
    <AccInput>0</AccInput>
    <RPM>1.35798967</RPM>
    <Gear>0</Gear>
    <SteeringAngle>4.463976E-41</SteeringAngle>
    <WheelSpeed>0</WheelSpeed>
    <CarType>Sports</CarType>
  </MyCar>
  <Peds />
  <Time>268008</Time>
  <LastFrameTime>0.0482611656</LastFrameTime>
  <MyProperty>0</MyProperty>
  <Weather>Foggy</Weather>
  <Steering>124</Steering>
  <Acc>136</Acc>
  <Brake>127</Brake>
  <DayTime>15:16:13</DayTime>
  <Position>
    <X>-2360.099</X>
    <Y>-267.650024</Y>
    <Z>14.787549</Z>
  </Position>
  <Rotation>
    <X>0.6133751</X>
    <Y>3.06463313</Y>
    <Z>57.23572</Z>
  </Rotation>
</Screenshot>