<?xml version="1.0" encoding="utf-8"?>
<Screenshot xmlns:xsd="http://www.w3.org/2001/XMLSchema" xmlns:xsi="http://www.w3.org/2001/XMLSchema-instance">
  <Cars />
  <MyCar>
    <Position>
      <X>-2360.322</X>
      <Y>-267.5608</Y>
      <Z>13.8914394</Z>
    </Position>
    <Rotation>
      <X>1.1152606</X>
      <Y>2.52257824</Y>
      <Z>57.5172234</Z>
    </Rotation>
    <Handle>104962</Handle>
    <Bounds>
      <Vector3>
        <X>-2358.74316</X>
        <Y>-269.816071</Y>
        <Z>13.1595449</Z>
      </Vector3>
      <Vector3>
        <X>-2357.647</X>
        <Y>-268.0946</Y>
        <Z>13.0696383</Z>
      </Vector3>
      <Vector3>
        <X>-2363.05518</X>
        <Y>-267.065582</Y>
        <Z>13.2590179</Z>
      </Vector3>
      <Vector3>
        <X>-2358.68481</X>
        <Y>-269.777252</Y>
        <Z>14.6137562</Z>
      </Vector3>
      <Vector3>
        <X>-2361.95923</X>
        <Y>-265.344116</Y>
        <Z>13.1691113</Z>
      </Vector3>
      <Vector3>
        <X>-2357.58887</X>
        <Y>-268.0558</Y>
        <Z>14.5238495</Z>
      </Vector3>
      <Vector3>
        <X>-2362.99683</X>
        <Y>-267.026764</Y>
        <Z>14.7132282</Z>
      </Vector3>
      <Vector3>
        <X>-2361.901</X>
        <Y>-265.3053</Y>
        <Z>14.6233215</Z>
      </Vector3>
    </Bounds>
    <CenterCamPosition>
      <X>0</X>
      <Y>0</Y>
    </CenterCamPosition>
    <ScreenBounds />
    <DistanceToCam>0</DistanceToCam>
    <Speed>6.642463</Speed>
    <AccInput>0</AccInput>
    <RPM>1.35798967</RPM>
    <Gear>0</Gear>
    <SteeringAngle>4.463976E-41</SteeringAngle>
    <WheelSpeed>0</WheelSpeed>
    <CarType>Sports</CarType>
  </MyCar>
  <Peds />
  <Time>268175</Time>
  <LastFrameTime>0.04825465</LastFrameTime>
  <MyProperty>0</MyProperty>
  <Weather>Foggy</Weather>
  <Steering>126</Steering>
  <Acc>134</Acc>
  <Brake>127</Brake>
  <DayTime>15:16:13</DayTime>
  <Position>
    <X>-2361.02661</X>
    <Y>-267.062531</Y>
    <Z>14.807806</Z>
  </Position>
  <Rotation>
    <X>0.6160774</X>
    <Y>3.032727</Y>
    <Z>57.4831</Z>
  </Rotation>
</Screenshot>