<?xml version="1.0" encoding="utf-8"?>
<Screenshot xmlns:xsd="http://www.w3.org/2001/XMLSchema" xmlns:xsi="http://www.w3.org/2001/XMLSchema-instance">
  <Cars />
  <MyCar>
    <Position>
      <X>-2360.052</X>
      <Y>-267.733</Y>
      <Z>13.8855228</Z>
    </Position>
    <Rotation>
      <X>1.11521447</X>
      <Y>2.53290176</Y>
      <Z>57.45051</Z>
    </Rotation>
    <Handle>104962</Handle>
    <Bounds>
      <Vector3>
        <X>-2358.47583</X>
        <Y>-269.990234</Y>
        <Z>13.153821</Z>
      </Vector3>
      <Vector3>
        <X>-2357.37769</X>
        <Y>-268.27005</Y>
        <Z>13.0635462</Z>
      </Vector3>
      <Vector3>
        <X>-2362.78467</X>
        <Y>-267.2347</Y>
        <Z>13.2532883</Z>
      </Vector3>
      <Vector3>
        <X>-2358.41724</X>
        <Y>-269.951263</Y>
        <Z>14.60802</Z>
      </Vector3>
      <Vector3>
        <X>-2361.68677</X>
        <Y>-265.514526</Y>
        <Z>13.1630135</Z>
      </Vector3>
      <Vector3>
        <X>-2357.31934</X>
        <Y>-268.231079</Y>
        <Z>14.517746</Z>
      </Vector3>
      <Vector3>
        <X>-2362.726</X>
        <Y>-267.19574</Y>
        <Z>14.7074871</Z>
      </Vector3>
      <Vector3>
        <X>-2361.62817</X>
        <Y>-265.475555</Y>
        <Z>14.6172132</Z>
      </Vector3>
    </Bounds>
    <CenterCamPosition>
      <X>0</X>
      <Y>0</Y>
    </CenterCamPosition>
    <ScreenBounds />
    <DistanceToCam>0</DistanceToCam>
    <Speed>6.623936</Speed>
    <AccInput>0</AccInput>
    <RPM>1.35798967</RPM>
    <Gear>0</Gear>
    <SteeringAngle>4.463976E-41</SteeringAngle>
    <WheelSpeed>0</WheelSpeed>
    <CarType>Sports</CarType>
  </MyCar>
  <Peds />
  <Time>268126</Time>
  <LastFrameTime>0.0318588428</LastFrameTime>
  <MyProperty>0</MyProperty>
  <Weather>Foggy</Weather>
  <Steering>124</Steering>
  <Acc>135</Acc>
  <Brake>127</Brake>
  <DayTime>15:16:13</DayTime>
  <Position>
    <X>-2360.84839</X>
    <Y>-267.17514</Y>
    <Z>14.8039074</Z>
  </Position>
  <Rotation>
    <X>0.615844131</X>
    <Y>3.03871322</Y>
    <Z>57.43577</Z>
  </Rotation>
</Screenshot>