<?xml version="1.0" encoding="utf-8"?>
<Screenshot xmlns:xsd="http://www.w3.org/2001/XMLSchema" xmlns:xsi="http://www.w3.org/2001/XMLSchema-instance">
  <Cars />
  <MyCar>
    <Position>
      <X>-2360.71069</X>
      <Y>-267.313171</Y>
      <Z>13.8999586</Z>
    </Position>
    <Rotation>
      <X>1.11560643</X>
      <Y>2.50368023</Y>
      <Z>57.60035</Z>
    </Rotation>
    <Handle>104962</Handle>
    <Bounds>
      <Vector3>
        <X>-2359.12842</X>
        <Y>-269.565979</Y>
        <Z>13.1677017</Z>
      </Vector3>
      <Vector3>
        <X>-2358.035</X>
        <Y>-267.842865</Y>
        <Z>13.0784674</Z>
      </Vector3>
      <Vector3>
        <X>-2363.44434</X>
        <Y>-266.821747</Y>
        <Z>13.2672062</Z>
      </Vector3>
      <Vector3>
        <X>-2359.07031</X>
        <Y>-269.527466</Y>
        <Z>14.621933</Z>
      </Vector3>
      <Vector3>
        <X>-2362.35083</X>
        <Y>-265.098663</Y>
        <Z>13.1779728</Z>
      </Vector3>
      <Vector3>
        <X>-2357.97681</X>
        <Y>-267.804382</Y>
        <Z>14.5327</Z>
      </Vector3>
      <Vector3>
        <X>-2363.38647</X>
        <Y>-266.783264</Y>
        <Z>14.7214375</Z>
      </Vector3>
      <Vector3>
        <X>-2362.293</X>
        <Y>-265.060181</Y>
        <Z>14.6322041</Z>
      </Vector3>
    </Bounds>
    <CenterCamPosition>
      <X>0</X>
      <Y>0</Y>
    </CenterCamPosition>
    <ScreenBounds />
    <DistanceToCam>0</DistanceToCam>
    <Speed>6.66618872</Speed>
    <AccInput>0</AccInput>
    <RPM>1.35798967</RPM>
    <Gear>0</Gear>
    <SteeringAngle>4.463976E-41</SteeringAngle>
    <WheelSpeed>0</WheelSpeed>
    <CarType>Sports</CarType>
  </MyCar>
  <Peds />
  <Time>268244</Time>
  <LastFrameTime>0.03419605</LastFrameTime>
  <MyProperty>0</MyProperty>
  <Weather>Foggy</Weather>
  <Steering>126</Steering>
  <Acc>133</Acc>
  <Brake>127</Brake>
  <DayTime>15:16:13</DayTime>
  <Position>
    <X>-2361.49463</X>
    <Y>-266.7672</Y>
    <Z>14.8180542</Z>
  </Position>
  <Rotation>
    <X>0.616980851</X>
    <Y>3.012866</Y>
    <Z>57.5937767</Z>
  </Rotation>
</Screenshot>