<?xml version="1.0" encoding="utf-8"?>
<Screenshot xmlns:xsd="http://www.w3.org/2001/XMLSchema" xmlns:xsi="http://www.w3.org/2001/XMLSchema-instance">
  <Cars />
  <MyCar>
    <Position>
      <X>-2360.90552</X>
      <Y>-267.18924</Y>
      <Z>13.9042482</Z>
    </Position>
    <Rotation>
      <X>1.1159153</X>
      <Y>2.4934926</Y>
      <Z>57.63594</Z>
    </Rotation>
    <Handle>104962</Handle>
    <Bounds>
      <Vector3>
        <X>-2359.32178</X>
        <Y>-269.440948</Y>
        <Z>13.17179</Z>
      </Vector3>
      <Vector3>
        <X>-2358.22925</X>
        <Y>-267.717163</Y>
        <Z>13.0829191</Z>
      </Vector3>
      <Vector3>
        <X>-2363.6394</X>
        <Y>-266.699432</Y>
        <Z>13.2713232</Z>
      </Vector3>
      <Vector3>
        <X>-2359.264</X>
        <Y>-269.402618</Y>
        <Z>14.6260328</Z>
      </Vector3>
      <Vector3>
        <X>-2362.547</X>
        <Y>-264.975647</Y>
        <Z>13.1824522</Z>
      </Vector3>
      <Vector3>
        <X>-2358.17139</X>
        <Y>-267.678833</Y>
        <Z>14.5371618</Z>
      </Vector3>
      <Vector3>
        <X>-2363.58154</X>
        <Y>-266.6611</Y>
        <Z>14.7255659</Z>
      </Vector3>
      <Vector3>
        <X>-2362.48926</X>
        <Y>-264.937347</Y>
        <Z>14.6366949</Z>
      </Vector3>
    </Bounds>
    <CenterCamPosition>
      <X>0</X>
      <Y>0</Y>
    </CenterCamPosition>
    <ScreenBounds />
    <DistanceToCam>0</DistanceToCam>
    <Speed>6.676472</Speed>
    <AccInput>0</AccInput>
    <RPM>1.35798967</RPM>
    <Gear>0</Gear>
    <SteeringAngle>4.463976E-41</SteeringAngle>
    <WheelSpeed>0</WheelSpeed>
    <CarType>Sports</CarType>
  </MyCar>
  <Peds />
  <Time>268278</Time>
  <LastFrameTime>0.0346103</LastFrameTime>
  <MyProperty>0</MyProperty>
  <Weather>Foggy</Weather>
  <Steering>126</Steering>
  <Acc>132</Acc>
  <Brake>127</Brake>
  <DayTime>15:16:13</DayTime>
  <Position>
    <X>-2361.68726</X>
    <Y>-266.64566</Y>
    <Z>14.82227</Z>
  </Position>
  <Rotation>
    <X>0.61645335</X>
    <Y>3.003507</Y>
    <Z>57.6326561</Z>
  </Rotation>
</Screenshot>