<?xml version="1.0" encoding="utf-8"?>
<Screenshot xmlns:xsd="http://www.w3.org/2001/XMLSchema" xmlns:xsi="http://www.w3.org/2001/XMLSchema-instance">
  <Cars />
  <MyCar>
    <Position>
      <X>-2360.51855</X>
      <Y>-267.435516</Y>
      <Z>13.8957376</Z>
    </Position>
    <Rotation>
      <X>1.11612821</X>
      <Y>2.51304054</Y>
      <Z>57.561348</Z>
    </Rotation>
    <Handle>104962</Handle>
    <Bounds>
      <Vector3>
        <X>-2358.93774</X>
        <Y>-269.689484</Y>
        <Z>13.16363</Z>
      </Vector3>
      <Vector3>
        <X>-2357.843</X>
        <Y>-267.967163</Y>
        <Z>13.0740623</Z>
      </Vector3>
      <Vector3>
        <X>-2363.252</X>
        <Y>-266.942322</Y>
        <Z>13.26318</Z>
      </Vector3>
      <Vector3>
        <X>-2358.87964</X>
        <Y>-269.650818</Y>
        <Z>14.61785</Z>
      </Vector3>
      <Vector3>
        <X>-2362.15747</X>
        <Y>-265.22</Y>
        <Z>13.1736126</Z>
      </Vector3>
      <Vector3>
        <X>-2357.785</X>
        <Y>-267.9285</Y>
        <Z>14.5282841</Z>
      </Vector3>
      <Vector3>
        <X>-2363.19385</X>
        <Y>-266.9037</Y>
        <Z>14.7174015</Z>
      </Vector3>
      <Vector3>
        <X>-2362.099</X>
        <Y>-265.181335</Y>
        <Z>14.6278343</Z>
      </Vector3>
    </Bounds>
    <CenterCamPosition>
      <X>0</X>
      <Y>0</Y>
    </CenterCamPosition>
    <ScreenBounds />
    <DistanceToCam>0</DistanceToCam>
    <Speed>6.65495</Speed>
    <AccInput>0</AccInput>
    <RPM>1.35798967</RPM>
    <Gear>0</Gear>
    <SteeringAngle>4.463976E-41</SteeringAngle>
    <WheelSpeed>0</WheelSpeed>
    <CarType>Sports</CarType>
  </MyCar>
  <Peds />
  <Time>268210</Time>
  <LastFrameTime>0.03505745</LastFrameTime>
  <MyProperty>0</MyProperty>
  <Weather>Foggy</Weather>
  <Steering>126</Steering>
  <Acc>133</Acc>
  <Brake>127</Brake>
  <DayTime>15:16:13</DayTime>
  <Position>
    <X>-2361.29761</X>
    <Y>-266.8916</Y>
    <Z>14.8137312</Z>
  </Position>
  <Rotation>
    <X>0.6161177</X>
    <Y>3.02240372</Y>
    <Z>57.5497</Z>
  </Rotation>
</Screenshot>