<?xml version="1.0" encoding="utf-8"?>
<Screenshot xmlns:xsd="http://www.w3.org/2001/XMLSchema" xmlns:xsi="http://www.w3.org/2001/XMLSchema-instance">
  <Cars />
  <MyCar>
    <Position>
      <X>-2361.35327</X>
      <Y>-266.9048</Y>
      <Z>13.9141264</Z>
    </Position>
    <Rotation>
      <X>1.11485755</X>
      <Y>2.470285</Y>
      <Z>57.70504</Z>
    </Rotation>
    <Handle>104962</Handle>
    <Bounds>
      <Vector3>
        <X>-2359.7666</X>
        <Y>-269.154327</Y>
        <Z>13.1812878</Z>
      </Vector3>
      <Vector3>
        <X>-2358.67627</X>
        <Y>-267.4292</Y>
        <Z>13.0932436</Z>
      </Vector3>
      <Vector3>
        <X>-2364.08765</X>
        <Y>-266.41806</Y>
        <Z>13.2807283</Z>
      </Vector3>
      <Vector3>
        <X>-2359.709</X>
        <Y>-269.116425</Y>
        <Z>14.6355572</Z>
      </Vector3>
      <Vector3>
        <X>-2362.99731</X>
        <Y>-264.692932</Y>
        <Z>13.1926842</Z>
      </Vector3>
      <Vector3>
        <X>-2358.61865</X>
        <Y>-267.3913</Y>
        <Z>14.547513</Z>
      </Vector3>
      <Vector3>
        <X>-2364.03027</X>
        <Y>-266.380157</Y>
        <Z>14.7349977</Z>
      </Vector3>
      <Vector3>
        <X>-2362.94</X>
        <Y>-264.655029</Y>
        <Z>14.6469536</Z>
      </Vector3>
    </Bounds>
    <CenterCamPosition>
      <X>0</X>
      <Y>0</Y>
    </CenterCamPosition>
    <ScreenBounds />
    <DistanceToCam>0</DistanceToCam>
    <Speed>6.694829</Speed>
    <AccInput>0</AccInput>
    <RPM>1.35798967</RPM>
    <Gear>0</Gear>
    <SteeringAngle>4.463976E-41</SteeringAngle>
    <WheelSpeed>0</WheelSpeed>
    <CarType>Sports</CarType>
  </MyCar>
  <Peds />
  <Time>268358</Time>
  <LastFrameTime>0.0480427146</LastFrameTime>
  <MyProperty>0</MyProperty>
  <Weather>Foggy</Weather>
  <Steering>126</Steering>
  <Acc>131</Acc>
  <Brake>127</Brake>
  <DayTime>15:16:13</DayTime>
  <Position>
    <X>-2362.05933</X>
    <Y>-266.41095</Y>
    <Z>14.8304605</Z>
  </Position>
  <Rotation>
    <X>0.6165432</X>
    <Y>2.98538041</Y>
    <Z>57.6973724</Z>
  </Rotation>
</Screenshot>