<?xml version="1.0" encoding="utf-8"?>
<Screenshot xmlns:xsd="http://www.w3.org/2001/XMLSchema" xmlns:xsi="http://www.w3.org/2001/XMLSchema-instance">
  <Cars />
  <MyCar>
    <Position>
      <X>-2361.46851</X>
      <Y>-266.831665</Y>
      <Z>13.9166651</Z>
    </Position>
    <Rotation>
      <X>1.114169</X>
      <Y>2.46565986</Y>
      <Z>57.7208481</Z>
    </Rotation>
    <Handle>104962</Handle>
    <Bounds>
      <Vector3>
        <X>-2359.881</X>
        <Y>-269.080719</Y>
        <Z>13.1837721</Z>
      </Vector3>
      <Vector3>
        <X>-2358.79126</X>
        <Y>-267.3553</Y>
        <Z>13.0958929</Z>
      </Vector3>
      <Vector3>
        <X>-2364.20313</X>
        <Y>-266.345673</Y>
        <Z>13.2831516</Z>
      </Vector3>
      <Vector3>
        <X>-2359.82373</X>
        <Y>-269.0429</Y>
        <Z>14.6380463</Z>
      </Vector3>
      <Vector3>
        <X>-2363.113</X>
        <Y>-264.620239</Y>
        <Z>13.1952724</Z>
      </Vector3>
      <Vector3>
        <X>-2358.734</X>
        <Y>-267.317474</Y>
        <Z>14.5501671</Z>
      </Vector3>
      <Vector3>
        <X>-2364.14575</X>
        <Y>-266.307831</Y>
        <Z>14.7374258</Z>
      </Vector3>
      <Vector3>
        <X>-2363.05566</X>
        <Y>-264.5824</Y>
        <Z>14.6495466</Z>
      </Vector3>
    </Bounds>
    <CenterCamPosition>
      <X>0</X>
      <Y>0</Y>
    </CenterCamPosition>
    <ScreenBounds />
    <DistanceToCam>0</DistanceToCam>
    <Speed>6.69859028</Speed>
    <AccInput>0</AccInput>
    <RPM>1.35798967</RPM>
    <Gear>0</Gear>
    <SteeringAngle>4.463976E-41</SteeringAngle>
    <WheelSpeed>0</WheelSpeed>
    <CarType>Sports</CarType>
  </MyCar>
  <Peds />
  <Time>268378</Time>
  <LastFrameTime>0.0203763787</LastFrameTime>
  <MyProperty>0</MyProperty>
  <Weather>Foggy</Weather>
  <Steering>126</Steering>
  <Acc>131</Acc>
  <Brake>127</Brake>
  <DayTime>15:16:13</DayTime>
  <Position>
    <X>-2362.3313</X>
    <Y>-266.2395</Y>
    <Z>14.8364468</Z>
  </Position>
  <Rotation>
    <X>0.615684569</X>
    <Y>2.970114</Y>
    <Z>57.73694</Z>
  </Rotation>
</Screenshot>