<?xml version="1.0" encoding="utf-8"?>
<Screenshot xmlns:xsd="http://www.w3.org/2001/XMLSchema" xmlns:xsi="http://www.w3.org/2001/XMLSchema-instance">
  <Cars />
  <MyCar>
    <Position>
      <X>-2361.08179</X>
      <Y>-267.077118</Y>
      <Z>13.9081335</Z>
    </Position>
    <Rotation>
      <X>1.11570644</X>
      <Y>2.48555255</Y>
      <Z>57.6652679</Z>
    </Rotation>
    <Handle>104962</Handle>
    <Bounds>
      <Vector3>
        <X>-2359.49683</X>
        <Y>-269.3279</Y>
        <Z>13.1755381</Z>
      </Vector3>
      <Vector3>
        <X>-2358.40527</X>
        <Y>-267.603577</Y>
        <Z>13.08695</Z>
      </Vector3>
      <Vector3>
        <X>-2363.816</X>
        <Y>-266.588623</Y>
        <Z>13.275053</Z>
      </Vector3>
      <Vector3>
        <X>-2359.439</X>
        <Y>-269.289734</Y>
        <Z>14.62979</Z>
      </Vector3>
      <Vector3>
        <X>-2362.72437</X>
        <Y>-264.8643</Y>
        <Z>13.1864653</Z>
      </Vector3>
      <Vector3>
        <X>-2358.34741</X>
        <Y>-267.5654</Y>
        <Z>14.5412025</Z>
      </Vector3>
      <Vector3>
        <X>-2363.7583</X>
        <Y>-266.550446</Y>
        <Z>14.7293053</Z>
      </Vector3>
      <Vector3>
        <X>-2362.66675</X>
        <Y>-264.8261</Y>
        <Z>14.6407175</Z>
      </Vector3>
    </Bounds>
    <CenterCamPosition>
      <X>0</X>
      <Y>0</Y>
    </CenterCamPosition>
    <ScreenBounds />
    <DistanceToCam>0</DistanceToCam>
    <Speed>6.68443966</Speed>
    <AccInput>0</AccInput>
    <RPM>1.35798967</RPM>
    <Gear>0</Gear>
    <SteeringAngle>4.463976E-41</SteeringAngle>
    <WheelSpeed>0</WheelSpeed>
    <CarType>Sports</CarType>
  </MyCar>
  <Peds />
  <Time>268310</Time>
  <LastFrameTime>0.03128292</LastFrameTime>
  <MyProperty>0</MyProperty>
  <Weather>Foggy</Weather>
  <Steering>126</Steering>
  <Acc>131</Acc>
  <Brake>127</Brake>
  <DayTime>15:16:13</DayTime>
  <Position>
    <X>-2361.88257</X>
    <Y>-266.522461</Y>
    <Z>14.8265734</Z>
  </Position>
  <Rotation>
    <X>0.616757035</X>
    <Y>2.99331975</Y>
    <Z>57.66815</Z>
  </Rotation>
</Screenshot>