<?xml version="1.0" encoding="utf-8"?>
<Screenshot xmlns:xsd="http://www.w3.org/2001/XMLSchema" xmlns:xsi="http://www.w3.org/2001/XMLSchema-instance">
  <Cars />
  <MyCar>
    <Position>
      <X>-2362.12866</X>
      <Y>-266.4134</Y>
      <Z>13.93161</Z>
    </Position>
    <Rotation>
      <X>1.12698817</X>
      <Y>2.45530272</Y>
      <Z>57.79984</Z>
    </Rotation>
    <Handle>104962</Handle>
    <Bounds>
      <Vector3>
        <X>-2360.53833</X>
        <Y>-268.660065</Y>
        <Z>13.197958</Z>
      </Vector3>
      <Vector3>
        <X>-2359.45068</X>
        <Y>-266.933136</Y>
        <Z>13.1104479</Z>
      </Vector3>
      <Vector3>
        <X>-2364.864</X>
        <Y>-265.930969</Y>
        <Z>13.2984819</Z>
      </Vector3>
      <Vector3>
        <X>-2360.48071</X>
        <Y>-268.622559</Y>
        <Z>14.6522379</Z>
      </Vector3>
      <Vector3>
        <X>-2363.77637</X>
        <Y>-264.204</Y>
        <Z>13.2109709</Z>
      </Vector3>
      <Vector3>
        <X>-2359.39331</X>
        <Y>-266.89563</Y>
        <Z>14.5647268</Z>
      </Vector3>
      <Vector3>
        <X>-2364.8064</X>
        <Y>-265.893463</Y>
        <Z>14.7527609</Z>
      </Vector3>
      <Vector3>
        <X>-2363.719</X>
        <Y>-264.1665</Y>
        <Z>14.6652508</Z>
      </Vector3>
    </Bounds>
    <CenterCamPosition>
      <X>0</X>
      <Y>0</Y>
    </CenterCamPosition>
    <ScreenBounds />
    <DistanceToCam>0</DistanceToCam>
    <Speed>6.709258</Speed>
    <AccInput>0</AccInput>
    <RPM>1.35798967</RPM>
    <Gear>0</Gear>
    <SteeringAngle>4.463976E-41</SteeringAngle>
    <WheelSpeed>0</WheelSpeed>
    <CarType>Sports</CarType>
  </MyCar>
  <Peds />
  <Time>268495</Time>
  <LastFrameTime>0.020139927</LastFrameTime>
  <MyProperty>0</MyProperty>
  <Weather>Foggy</Weather>
  <Steering>126</Steering>
  <Acc>127</Acc>
  <Brake>127</Brake>
  <DayTime>15:16:13</DayTime>
  <Position>
    <X>-2362.99365</X>
    <Y>-265.822174</Y>
    <Z>14.8513079</Z>
  </Position>
  <Rotation>
    <X>0.6201868</X>
    <Y>2.94686413</Y>
    <Z>57.8185844</Z>
  </Rotation>
</Screenshot>