<?xml version="1.0" encoding="utf-8"?>
<Screenshot xmlns:xsd="http://www.w3.org/2001/XMLSchema" xmlns:xsi="http://www.w3.org/2001/XMLSchema-instance">
  <Cars />
  <MyCar>
    <Position>
      <X>-2362.0144</X>
      <Y>-266.485718</Y>
      <Z>13.9288788</Z>
    </Position>
    <Rotation>
      <X>1.11936677</X>
      <Y>2.4470365</Y>
      <Z>57.78671</Z>
    </Rotation>
    <Handle>104962</Handle>
    <Bounds>
      <Vector3>
        <X>-2360.42432</X>
        <Y>-268.732727</Y>
        <Z>13.1954126</Z>
      </Vector3>
      <Vector3>
        <X>-2359.33643</X>
        <Y>-267.006</Y>
        <Z>13.1081972</Z>
      </Vector3>
      <Vector3>
        <X>-2364.74951</X>
        <Y>-266.002655</Y>
        <Z>13.2952576</Z>
      </Vector3>
      <Vector3>
        <X>-2360.36719</X>
        <Y>-268.6953</Y>
        <Z>14.6497049</Z>
      </Vector3>
      <Vector3>
        <X>-2363.66138</X>
        <Y>-264.27594</Y>
        <Z>13.2080412</Z>
      </Vector3>
      <Vector3>
        <X>-2359.2793</X>
        <Y>-266.9686</Y>
        <Z>14.5624895</Z>
      </Vector3>
      <Vector3>
        <X>-2364.69214</X>
        <Y>-265.9652</Y>
        <Z>14.7495489</Z>
      </Vector3>
      <Vector3>
        <X>-2363.60425</X>
        <Y>-264.238525</Y>
        <Z>14.6623335</Z>
      </Vector3>
    </Bounds>
    <CenterCamPosition>
      <X>0</X>
      <Y>0</Y>
    </CenterCamPosition>
    <ScreenBounds />
    <DistanceToCam>0</DistanceToCam>
    <Speed>6.70884037</Speed>
    <AccInput>0</AccInput>
    <RPM>1.35798967</RPM>
    <Gear>0</Gear>
    <SteeringAngle>4.463976E-41</SteeringAngle>
    <WheelSpeed>0</WheelSpeed>
    <CarType>Sports</CarType>
  </MyCar>
  <Peds />
  <Time>268474</Time>
  <LastFrameTime>0.0491784252</LastFrameTime>
  <MyProperty>0</MyProperty>
  <Weather>Foggy</Weather>
  <Steering>126</Steering>
  <Acc>127</Acc>
  <Brake>127</Brake>
  <DayTime>15:16:13</DayTime>
  <Position>
    <X>-2362.7146</X>
    <Y>-265.998047</Y>
    <Z>14.8448505</Z>
  </Position>
  <Rotation>
    <X>0.6125845</X>
    <Y>2.94955969</Y>
    <Z>57.7857933</Z>
  </Rotation>
</Screenshot>