<?xml version="1.0" encoding="utf-8"?>
<Screenshot xmlns:xsd="http://www.w3.org/2001/XMLSchema" xmlns:xsi="http://www.w3.org/2001/XMLSchema-instance">
  <Cars />
  <MyCar>
    <Position>
      <X>-2361.7356</X>
      <Y>-266.662231</Y>
      <Z>13.92258</Z>
    </Position>
    <Rotation>
      <X>1.111773</X>
      <Y>2.44972825</Y>
      <Z>57.75428</Z>
    </Rotation>
    <Handle>104962</Handle>
    <Bounds>
      <Vector3>
        <X>-2360.14673</X>
        <Y>-268.910217</Y>
        <Z>13.1895</Z>
      </Vector3>
      <Vector3>
        <X>-2359.05786</X>
        <Y>-267.1841</Y>
        <Z>13.1021881</Z>
      </Vector3>
      <Vector3>
        <X>-2364.47021</X>
        <Y>-266.1777</Y>
        <Z>13.2886667</Z>
      </Vector3>
      <Vector3>
        <X>-2360.0896</X>
        <Y>-268.87265</Y>
        <Z>14.6437931</Z>
      </Vector3>
      <Vector3>
        <X>-2363.38135</X>
        <Y>-264.4516</Y>
        <Z>13.201355</Z>
      </Vector3>
      <Vector3>
        <X>-2359.00073</X>
        <Y>-267.146576</Y>
        <Z>14.5564814</Z>
      </Vector3>
      <Vector3>
        <X>-2364.413</X>
        <Y>-266.140137</Y>
        <Z>14.74296</Z>
      </Vector3>
      <Vector3>
        <X>-2363.32422</X>
        <Y>-264.414063</Y>
        <Z>14.6556482</Z>
      </Vector3>
    </Bounds>
    <CenterCamPosition>
      <X>0</X>
      <Y>0</Y>
    </CenterCamPosition>
    <ScreenBounds />
    <DistanceToCam>0</DistanceToCam>
    <Speed>6.70535374</Speed>
    <AccInput>0</AccInput>
    <RPM>1.35798967</RPM>
    <Gear>0</Gear>
    <SteeringAngle>4.463976E-41</SteeringAngle>
    <WheelSpeed>0</WheelSpeed>
    <CarType>Sports</CarType>
  </MyCar>
  <Peds />
  <Time>268425</Time>
  <LastFrameTime>0.0472017936</LastFrameTime>
  <MyProperty>0</MyProperty>
  <Weather>Foggy</Weather>
  <Steering>126</Steering>
  <Acc>129</Acc>
  <Brake>127</Brake>
  <DayTime>15:16:13</DayTime>
  <Position>
    <X>-2362.44678</X>
    <Y>-266.1667</Y>
    <Z>14.838974</Z>
  </Position>
  <Rotation>
    <X>0.6149927</X>
    <Y>2.96548986</Y>
    <Z>57.7526627</Z>
  </Rotation>
</Screenshot>