<?xml version="1.0" encoding="utf-8"?>
<Screenshot xmlns:xsd="http://www.w3.org/2001/XMLSchema" xmlns:xsi="http://www.w3.org/2001/XMLSchema-instance">
  <Cars />
  <MyCar>
    <Position>
      <X>-2362.391</X>
      <Y>-266.2468</Y>
      <Z>13.93807</Z>
    </Position>
    <Rotation>
      <X>1.1144017</X>
      <Y>2.49783516</Y>
      <Z>57.82501</Z>
    </Rotation>
    <Handle>104962</Handle>
    <Bounds>
      <Vector3>
        <X>-2360.7998</X>
        <Y>-268.493317</Y>
        <Z>13.205759</Z>
      </Vector3>
      <Vector3>
        <X>-2359.71313</X>
        <Y>-266.76593</Y>
        <Z>13.1167336</Z>
      </Vector3>
      <Vector3>
        <X>-2365.12671</X>
        <Y>-265.766052</Y>
        <Z>13.3051567</Z>
      </Vector3>
      <Vector3>
        <X>-2360.74219</X>
        <Y>-268.454681</Y>
        <Z>14.6599979</Z>
      </Vector3>
      <Vector3>
        <X>-2364.04</X>
        <Y>-264.0387</Y>
        <Z>13.2161312</Z>
      </Vector3>
      <Vector3>
        <X>-2359.65527</X>
        <Y>-266.727325</Y>
        <Z>14.5709724</Z>
      </Vector3>
      <Vector3>
        <X>-2365.06885</X>
        <Y>-265.727448</Y>
        <Z>14.7593956</Z>
      </Vector3>
      <Vector3>
        <X>-2363.98218</X>
        <Y>-264.000061</Y>
        <Z>14.67037</Z>
      </Vector3>
    </Bounds>
    <CenterCamPosition>
      <X>0</X>
      <Y>0</Y>
    </CenterCamPosition>
    <ScreenBounds />
    <DistanceToCam>0</DistanceToCam>
    <Speed>6.54705048</Speed>
    <AccInput>0</AccInput>
    <RPM>1.35798967</RPM>
    <Gear>0</Gear>
    <SteeringAngle>4.463976E-41</SteeringAngle>
    <WheelSpeed>0</WheelSpeed>
    <CarType>Sports</CarType>
  </MyCar>
  <Peds />
  <Time>268542</Time>
  <LastFrameTime>0.0472061373</LastFrameTime>
  <MyProperty>0</MyProperty>
  <Weather>Foggy</Weather>
  <Steering>127</Steering>
  <Acc>127</Acc>
  <Brake>127</Brake>
  <DayTime>15:16:13</DayTime>
  <Position>
    <X>-2363.108</X>
    <Y>-265.750031</Y>
    <Z>14.8541908</Z>
  </Position>
  <Rotation>
    <X>0.6278232</X>
    <Y>2.95512581</Y>
    <Z>57.8322067</Z>
  </Rotation>
</Screenshot>