<?xml version="1.0" encoding="utf-8"?>
<Screenshot xmlns:xsd="http://www.w3.org/2001/XMLSchema" xmlns:xsi="http://www.w3.org/2001/XMLSchema-instance">
  <Cars />
  <MyCar>
    <Position>
      <X>-2362.50171</X>
      <Y>-266.176453</Y>
      <Z>13.9408884</Z>
    </Position>
    <Rotation>
      <X>1.10911322</X>
      <Y>2.51601148</Y>
      <Z>57.8337135</Z>
    </Rotation>
    <Handle>104962</Handle>
    <Bounds>
      <Vector3>
        <X>-2360.91016</X>
        <Y>-268.422943</Y>
        <Z>13.2091465</Z>
      </Vector3>
      <Vector3>
        <X>-2359.82373</X>
        <Y>-266.695435</Y>
        <Z>13.1194735</Z>
      </Vector3>
      <Vector3>
        <X>-2365.23755</X>
        <Y>-265.69635</Y>
        <Z>13.30807</Z>
      </Vector3>
      <Vector3>
        <X>-2360.85229</X>
        <Y>-268.38385</Y>
        <Z>14.6633673</Z>
      </Vector3>
      <Vector3>
        <X>-2364.151</X>
        <Y>-263.968842</Y>
        <Z>13.2183981</Z>
      </Vector3>
      <Vector3>
        <X>-2359.76587</X>
        <Y>-266.656342</Y>
        <Z>14.5736942</Z>
      </Vector3>
      <Vector3>
        <X>-2365.17969</X>
        <Y>-265.657257</Y>
        <Z>14.7622919</Z>
      </Vector3>
      <Vector3>
        <X>-2364.093</X>
        <Y>-263.929749</Y>
        <Z>14.6726189</Z>
      </Vector3>
    </Bounds>
    <CenterCamPosition>
      <X>0</X>
      <Y>0</Y>
    </CenterCamPosition>
    <ScreenBounds />
    <DistanceToCam>0</DistanceToCam>
    <Speed>6.477737</Speed>
    <AccInput>0</AccInput>
    <RPM>1.35798967</RPM>
    <Gear>0</Gear>
    <SteeringAngle>4.463976E-41</SteeringAngle>
    <WheelSpeed>0</WheelSpeed>
    <CarType>Sports</CarType>
  </MyCar>
  <Peds />
  <Time>268562</Time>
  <LastFrameTime>0.02019485</LastFrameTime>
  <MyProperty>0</MyProperty>
  <Weather>Foggy</Weather>
  <Steering>127</Steering>
  <Acc>127</Acc>
  <Brake>127</Brake>
  <DayTime>15:16:13</DayTime>
  <Position>
    <X>-2363.37036</X>
    <Y>-265.58316</Y>
    <Z>14.8603611</Z>
  </Position>
  <Rotation>
    <X>0.6152435</X>
    <Y>2.99766231</Y>
    <Z>57.8571854</Z>
  </Rotation>
</Screenshot>