<?xml version="1.0" encoding="utf-8"?>
<Screenshot xmlns:xsd="http://www.w3.org/2001/XMLSchema" xmlns:xsi="http://www.w3.org/2001/XMLSchema-instance">
  <Cars />
  <MyCar>
    <Position>
      <X>-2362.92432</X>
      <Y>-265.908142</Y>
      <Z>13.9487667</Z>
    </Position>
    <Rotation>
      <X>0.9030434</X>
      <Y>2.29584527</Y>
      <Z>57.8367462</Z>
    </Rotation>
    <Handle>104962</Handle>
    <Bounds>
      <Vector3>
        <X>-2361.32861</X>
        <Y>-268.153351</Y>
        <Z>13.2221231</Z>
      </Vector3>
      <Vector3>
        <X>-2360.24219</X>
        <Y>-266.425476</Y>
        <Z>13.1402922</Z>
      </Vector3>
      <Vector3>
        <X>-2365.657</X>
        <Y>-265.427734</Y>
        <Z>13.3026819</Z>
      </Vector3>
      <Vector3>
        <X>-2361.278</X>
        <Y>-268.11618</Y>
        <Z>14.676671</Z>
      </Vector3>
      <Vector3>
        <X>-2364.57031</X>
        <Y>-263.6999</Y>
        <Z>13.2208519</Z>
      </Vector3>
      <Vector3>
        <X>-2360.19165</X>
        <Y>-266.388336</Y>
        <Z>14.594841</Z>
      </Vector3>
      <Vector3>
        <X>-2365.60645</X>
        <Y>-265.3906</Y>
        <Z>14.75723</Z>
      </Vector3>
      <Vector3>
        <X>-2364.51978</X>
        <Y>-263.66275</Y>
        <Z>14.6754</Z>
      </Vector3>
    </Bounds>
    <CenterCamPosition>
      <X>0</X>
      <Y>0</Y>
    </CenterCamPosition>
    <ScreenBounds />
    <DistanceToCam>0</DistanceToCam>
    <Speed>6.211706</Speed>
    <AccInput>0</AccInput>
    <RPM>1.35798967</RPM>
    <Gear>0</Gear>
    <SteeringAngle>4.463976E-41</SteeringAngle>
    <WheelSpeed>0</WheelSpeed>
    <CarType>Sports</CarType>
  </MyCar>
  <Peds />
  <Time>268641</Time>
  <LastFrameTime>0.0334842131</LastFrameTime>
  <MyProperty>0</MyProperty>
  <Weather>Foggy</Weather>
  <Steering>127</Steering>
  <Acc>127</Acc>
  <Brake>127</Brake>
  <DayTime>15:16:13</DayTime>
  <Position>
    <X>-2363.72852</X>
    <Y>-265.3561</Y>
    <Z>14.8670464</Z>
  </Position>
  <Rotation>
    <X>0.53834</X>
    <Y>2.9872334</Y>
    <Z>57.8701553</Z>
  </Rotation>
</Screenshot>