<?xml version="1.0" encoding="utf-8"?>
<Screenshot xmlns:xsd="http://www.w3.org/2001/XMLSchema" xmlns:xsi="http://www.w3.org/2001/XMLSchema-instance">
  <Cars />
  <MyCar>
    <Position>
      <X>-2362.7478</X>
      <Y>-266.0199</Y>
      <Z>13.946332</Z>
    </Position>
    <Rotation>
      <X>1.03760862</X>
      <Y>2.48736525</Y>
      <Z>57.84211</Z>
    </Rotation>
    <Handle>104962</Handle>
    <Bounds>
      <Vector3>
        <X>-2361.15479</X>
        <Y>-268.266266</Y>
        <Z>13.2172337</Z>
      </Vector3>
      <Vector3>
        <X>-2360.0686</X>
        <Y>-266.538544</Y>
        <Z>13.128582</Z>
      </Vector3>
      <Vector3>
        <X>-2365.483</X>
        <Y>-265.5405</Y>
        <Z>13.3097839</Z>
      </Vector3>
      <Vector3>
        <X>-2361.09888</X>
        <Y>-268.2268</Y>
        <Z>14.6715212</Z>
      </Vector3>
      <Vector3>
        <X>-2364.39648</X>
        <Y>-263.812775</Y>
        <Z>13.2211313</Z>
      </Vector3>
      <Vector3>
        <X>-2360.0127</X>
        <Y>-266.499084</Y>
        <Z>14.5828686</Z>
      </Vector3>
      <Vector3>
        <X>-2365.42676</X>
        <Y>-265.501038</Y>
        <Z>14.7640705</Z>
      </Vector3>
      <Vector3>
        <X>-2364.34058</X>
        <Y>-263.773346</Y>
        <Z>14.6754179</Z>
      </Vector3>
    </Bounds>
    <CenterCamPosition>
      <X>0</X>
      <Y>0</Y>
    </CenterCamPosition>
    <ScreenBounds />
    <DistanceToCam>0</DistanceToCam>
    <Speed>6.322747</Speed>
    <AccInput>0</AccInput>
    <RPM>1.35798967</RPM>
    <Gear>0</Gear>
    <SteeringAngle>4.463976E-41</SteeringAngle>
    <WheelSpeed>0</WheelSpeed>
    <CarType>Sports</CarType>
  </MyCar>
  <Peds />
  <Time>268608</Time>
  <LastFrameTime>0.04584825</LastFrameTime>
  <MyProperty>0</MyProperty>
  <Weather>Foggy</Weather>
  <Steering>127</Steering>
  <Acc>127</Acc>
  <Brake>127</Brake>
  <DayTime>15:16:13</DayTime>
  <Position>
    <X>-2363.481</X>
    <Y>-265.5127</Y>
    <Z>14.8630581</Z>
  </Position>
  <Rotation>
    <X>0.609958053</X>
    <Y>3.01584077</Y>
    <Z>57.8658028</Z>
  </Rotation>
</Screenshot>