<?xml version="1.0" encoding="utf-8"?>
<Screenshot xmlns:xsd="http://www.w3.org/2001/XMLSchema" xmlns:xsi="http://www.w3.org/2001/XMLSchema-instance">
  <Cars />
  <MyCar>
    <Position>
      <X>-2363.02466</X>
      <Y>-265.845</Y>
      <Z>13.9503756</Z>
    </Position>
    <Rotation>
      <X>0.8370361</X>
      <Y>2.19431567</Y>
      <Z>57.8338051</Z>
    </Rotation>
    <Handle>104962</Handle>
    <Bounds>
      <Vector3>
        <X>-2361.42749</X>
        <Y>-268.089569</Y>
        <Z>13.224802</Z>
      </Vector3>
      <Vector3>
        <X>-2360.34082</X>
        <Y>-266.361664</Y>
        <Z>13.1465883</Z>
      </Vector3>
      <Vector3>
        <X>-2365.756</X>
        <Y>-265.364</Y>
        <Z>13.2994776</Z>
      </Vector3>
      <Vector3>
        <X>-2361.38</X>
        <Y>-268.0537</Y>
        <Z>14.6794758</Z>
      </Vector3>
      <Vector3>
        <X>-2364.66919</X>
        <Y>-263.636078</Y>
        <Z>13.2212648</Z>
      </Vector3>
      <Vector3>
        <X>-2360.29321</X>
        <Y>-266.3258</Y>
        <Z>14.601263</Z>
      </Vector3>
      <Vector3>
        <X>-2365.70825</X>
        <Y>-265.328156</Y>
        <Z>14.7541523</Z>
      </Vector3>
      <Vector3>
        <X>-2364.62158</X>
        <Y>-263.60022</Y>
        <Z>14.67594</Z>
      </Vector3>
    </Bounds>
    <CenterCamPosition>
      <X>0</X>
      <Y>0</Y>
    </CenterCamPosition>
    <ScreenBounds />
    <DistanceToCam>0</DistanceToCam>
    <Speed>6.146497</Speed>
    <AccInput>0</AccInput>
    <RPM>1.35798967</RPM>
    <Gear>0</Gear>
    <SteeringAngle>4.463976E-41</SteeringAngle>
    <WheelSpeed>0</WheelSpeed>
    <CarType>Sports</CarType>
  </MyCar>
  <Peds />
  <Time>268661</Time>
  <LastFrameTime>0.0192276351</LastFrameTime>
  <MyProperty>0</MyProperty>
  <Weather>Foggy</Weather>
  <Steering>127</Steering>
  <Acc>127</Acc>
  <Brake>127</Brake>
  <DayTime>15:16:13</DayTime>
  <Position>
    <X>-2363.90845</X>
    <Y>-265.245819</Y>
    <Z>14.86683</Z>
  </Position>
  <Rotation>
    <X>0.403523684</X>
    <Y>2.795776</Y>
    <Z>57.8564262</Z>
  </Rotation>
</Screenshot>