<?xml version="1.0" encoding="utf-8"?>
<Screenshot xmlns:xsd="http://www.w3.org/2001/XMLSchema" xmlns:xsi="http://www.w3.org/2001/XMLSchema-instance">
  <Cars />
  <MyCar>
    <Position>
      <X>-2363.19287</X>
      <Y>-265.7394</Y>
      <Z>13.9536085</Z>
    </Position>
    <Rotation>
      <X>0.744984269</X>
      <Y>2.0442574</Y>
      <Z>57.8309631</Z>
    </Rotation>
    <Handle>104962</Handle>
    <Bounds>
      <Vector3>
        <X>-2361.59375</X>
        <Y>-267.982971</Y>
        <Z>13.2293777</Z>
      </Vector3>
      <Vector3>
        <X>-2360.50684</X>
        <Y>-266.254944</Y>
        <Z>13.15651</Z>
      </Vector3>
      <Vector3>
        <X>-2365.92236</X>
        <Y>-265.257538</Y>
        <Z>13.2958488</Z>
      </Vector3>
      <Vector3>
        <X>-2361.55</X>
        <Y>-267.9491</Y>
        <Z>14.684226</Z>
      </Vector3>
      <Vector3>
        <X>-2364.83545</X>
        <Y>-263.5295</Y>
        <Z>13.2229815</Z>
      </Vector3>
      <Vector3>
        <X>-2360.46313</X>
        <Y>-266.221069</Y>
        <Z>14.6113586</Z>
      </Vector3>
      <Vector3>
        <X>-2365.87866</X>
        <Y>-265.223663</Y>
        <Z>14.7506962</Z>
      </Vector3>
      <Vector3>
        <X>-2364.79175</X>
        <Y>-263.495636</Y>
        <Z>14.67783</Z>
      </Vector3>
    </Bounds>
    <CenterCamPosition>
      <X>0</X>
      <Y>0</Y>
    </CenterCamPosition>
    <ScreenBounds />
    <DistanceToCam>0</DistanceToCam>
    <Speed>6.03592348</Speed>
    <AccInput>0</AccInput>
    <RPM>1.35798967</RPM>
    <Gear>0</Gear>
    <SteeringAngle>4.463976E-41</SteeringAngle>
    <WheelSpeed>0</WheelSpeed>
    <CarType>Sports</CarType>
  </MyCar>
  <Peds />
  <Time>268693</Time>
  <LastFrameTime>0.0327726863</LastFrameTime>
  <MyProperty>0</MyProperty>
  <Weather>Foggy</Weather>
  <Steering>127</Steering>
  <Acc>127</Acc>
  <Brake>127</Brake>
  <DayTime>15:16:13</DayTime>
  <Position>
    <X>-2364.0105</X>
    <Y>-265.183472</Y>
    <Z>14.867137</Z>
  </Position>
  <Rotation>
    <X>0.337409079</X>
    <Y>2.694269</Y>
    <Z>57.8496628</Z>
  </Rotation>
</Screenshot>