<?xml version="1.0" encoding="utf-8"?>
<Screenshot xmlns:xsd="http://www.w3.org/2001/XMLSchema" xmlns:xsi="http://www.w3.org/2001/XMLSchema-instance">
  <Cars />
  <MyCar>
    <Position>
      <X>-2363.361</X>
      <Y>-265.634033</Y>
      <Z>13.9573431</Z>
    </Position>
    <Rotation>
      <X>0.681821167</X>
      <Y>1.92568767</Y>
      <Z>57.83163</Z>
    </Rotation>
    <Handle>104962</Handle>
    <Bounds>
      <Vector3>
        <X>-2361.7605</X>
        <Y>-267.876678</Y>
        <Z>13.2337532</Z>
      </Vector3>
      <Vector3>
        <X>-2360.67334</X>
        <Y>-266.1485</Y>
        <Z>13.1651115</Z>
      </Vector3>
      <Vector3>
        <X>-2366.08936</X>
        <Y>-265.15155</Y>
        <Z>13.2945938</Z>
      </Vector3>
      <Vector3>
        <X>-2361.71973</X>
        <Y>-267.844482</Y>
        <Z>14.6887255</Z>
      </Vector3>
      <Vector3>
        <X>-2365.00244</X>
        <Y>-263.42337</Y>
        <Z>13.2259512</Z>
      </Vector3>
      <Vector3>
        <X>-2360.63281</X>
        <Y>-266.116333</Y>
        <Z>14.6200838</Z>
      </Vector3>
      <Vector3>
        <X>-2366.04858</X>
        <Y>-265.119354</Y>
        <Z>14.7495661</Z>
      </Vector3>
      <Vector3>
        <X>-2364.96167</X>
        <Y>-263.391174</Y>
        <Z>14.6809235</Z>
      </Vector3>
    </Bounds>
    <CenterCamPosition>
      <X>0</X>
      <Y>0</Y>
    </CenterCamPosition>
    <ScreenBounds />
    <DistanceToCam>0</DistanceToCam>
    <Speed>5.9238615</Speed>
    <AccInput>0</AccInput>
    <RPM>1.35798967</RPM>
    <Gear>0</Gear>
    <SteeringAngle>4.463976E-41</SteeringAngle>
    <WheelSpeed>0</WheelSpeed>
    <CarType>Sports</CarType>
  </MyCar>
  <Peds />
  <Time>268727</Time>
  <LastFrameTime>0.0333737433</LastFrameTime>
  <MyProperty>0</MyProperty>
  <Weather>Foggy</Weather>
  <Steering>127</Steering>
  <Acc>127</Acc>
  <Brake>127</Brake>
  <DayTime>15:16:13</DayTime>
  <Position>
    <X>-2364.18115</X>
    <Y>-265.079163</Y>
    <Z>14.8685522</Z>
  </Position>
  <Rotation>
    <X>0.245225877</X>
    <Y>2.544234</Y>
    <Z>57.84185</Z>
  </Rotation>
</Screenshot>