<?xml version="1.0" encoding="utf-8"?>
<Screenshot xmlns:xsd="http://www.w3.org/2001/XMLSchema" xmlns:xsi="http://www.w3.org/2001/XMLSchema-instance">
  <Cars />
  <MyCar>
    <Position>
      <X>-2363.60156</X>
      <Y>-265.483246</Y>
      <Z>13.9630651</Z>
    </Position>
    <Rotation>
      <X>0.6326622</X>
      <Y>1.8128984</Y>
      <Z>57.837616</Z>
    </Rotation>
    <Handle>104962</Handle>
    <Bounds>
      <Vector3>
        <X>-2361.99927</X>
        <Y>-267.7248</Y>
        <Z>13.239604</Z>
      </Vector3>
      <Vector3>
        <X>-2360.91235</X>
        <Y>-265.9964</Y>
        <Z>13.1749811</Z>
      </Vector3>
      <Vector3>
        <X>-2366.32861</X>
        <Y>-265.0003</Y>
        <Z>13.2960606</Z>
      </Vector3>
      <Vector3>
        <X>-2361.96118</X>
        <Y>-267.694366</Y>
        <Z>14.694684</Z>
      </Vector3>
      <Vector3>
        <X>-2365.2417</X>
        <Y>-263.2719</Y>
        <Z>13.2314377</Z>
      </Vector3>
      <Vector3>
        <X>-2360.87427</X>
        <Y>-265.965973</Y>
        <Z>14.63006</Z>
      </Vector3>
      <Vector3>
        <X>-2366.29053</X>
        <Y>-264.969879</Y>
        <Z>14.7511406</Z>
      </Vector3>
      <Vector3>
        <X>-2365.20361</X>
        <Y>-263.2415</Y>
        <Z>14.6865177</Z>
      </Vector3>
    </Bounds>
    <CenterCamPosition>
      <X>0</X>
      <Y>0</Y>
    </CenterCamPosition>
    <ScreenBounds />
    <DistanceToCam>0</DistanceToCam>
    <Speed>5.760003</Speed>
    <AccInput>0</AccInput>
    <RPM>1.35798967</RPM>
    <Gear>0</Gear>
    <SteeringAngle>4.463976E-41</SteeringAngle>
    <WheelSpeed>0</WheelSpeed>
    <CarType>Sports</CarType>
  </MyCar>
  <Peds />
  <Time>268776</Time>
  <LastFrameTime>0.04897021</LastFrameTime>
  <MyProperty>0</MyProperty>
  <Weather>Foggy</Weather>
  <Steering>127</Steering>
  <Acc>127</Acc>
  <Brake>127</Brake>
  <DayTime>15:16:13</DayTime>
  <Position>
    <X>-2364.35132</X>
    <Y>-264.974884</Y>
    <Z>14.8710432</Z>
  </Position>
  <Rotation>
    <X>0.181984276</X>
    <Y>2.42567539</Y>
    <Z>57.83933</Z>
  </Rotation>
</Screenshot>