<?xml version="1.0" encoding="utf-8"?>
<Screenshot xmlns:xsd="http://www.w3.org/2001/XMLSchema" xmlns:xsi="http://www.w3.org/2001/XMLSchema-instance">
  <Cars />
  <MyCar>
    <Position>
      <X>-2364.09131</X>
      <Y>-265.172577</Y>
      <Z>13.9781036</Z>
    </Position>
    <Rotation>
      <X>0.7771619</X>
      <Y>2.12374926</Y>
      <Z>57.852417</Z>
    </Rotation>
    <Handle>104962</Handle>
    <Bounds>
      <Vector3>
        <X>-2362.49219</X>
        <Y>-267.4162</Y>
        <Z>13.2538977</Z>
      </Vector3>
      <Vector3>
        <X>-2361.406</X>
        <Y>-265.687866</Y>
        <Z>13.1781979</Z>
      </Vector3>
      <Vector3>
        <X>-2366.82178</X>
        <Y>-264.692261</Y>
        <Z>13.3232355</Z>
      </Vector3>
      <Vector3>
        <X>-2362.44678</X>
        <Y>-267.381042</Y>
        <Z>14.7086611</Z>
      </Vector3>
      <Vector3>
        <X>-2365.7356</X>
        <Y>-262.9639</Y>
        <Z>13.2475367</Z>
      </Vector3>
      <Vector3>
        <X>-2361.3606</X>
        <Y>-265.652679</Y>
        <Z>14.6329613</Z>
      </Vector3>
      <Vector3>
        <X>-2366.77637</X>
        <Y>-264.657074</Y>
        <Z>14.7779989</Z>
      </Vector3>
      <Vector3>
        <X>-2365.69019</X>
        <Y>-262.928741</Y>
        <Z>14.7023</Z>
      </Vector3>
    </Bounds>
    <CenterCamPosition>
      <X>0</X>
      <Y>0</Y>
    </CenterCamPosition>
    <ScreenBounds />
    <DistanceToCam>0</DistanceToCam>
    <Speed>5.41191673</Speed>
    <AccInput>0</AccInput>
    <RPM>1.35798967</RPM>
    <Gear>0</Gear>
    <SteeringAngle>4.463976E-41</SteeringAngle>
    <WheelSpeed>0</WheelSpeed>
    <CarType>Sports</CarType>
  </MyCar>
  <Peds />
  <Time>268880</Time>
  <LastFrameTime>0.0224892348</LastFrameTime>
  <MyProperty>0</MyProperty>
  <Weather>Foggy</Weather>
  <Steering>127</Steering>
  <Acc>127</Acc>
  <Brake>127</Brake>
  <DayTime>15:16:13</DayTime>
  <Position>
    <X>-2364.97754</X>
    <Y>-264.578918</Y>
    <Z>14.8893852</Z>
  </Position>
  <Rotation>
    <X>0.23410438</X>
    <Y>2.51481414</Y>
    <Z>57.8612328</Z>
  </Rotation>
</Screenshot>