<?xml version="1.0" encoding="utf-8"?>
<Screenshot xmlns:xsd="http://www.w3.org/2001/XMLSchema" xmlns:xsi="http://www.w3.org/2001/XMLSchema-instance">
  <Cars />
  <MyCar>
    <Position>
      <X>-2363.98853</X>
      <Y>-265.238525</Y>
      <Z>13.9746552</Z>
    </Position>
    <Rotation>
      <X>0.7338791</X>
      <Y>2.01483512</Y>
      <Z>57.850975</Z>
    </Rotation>
    <Handle>104962</Handle>
    <Bounds>
      <Vector3>
        <X>-2362.38843</X>
        <Y>-267.481262</Y>
        <Z>13.2503805</Z>
      </Vector3>
      <Vector3>
        <X>-2361.302</X>
        <Y>-265.752838</Y>
        <Z>13.1785612</Z>
      </Vector3>
      <Vector3>
        <X>-2366.718</X>
        <Y>-264.757416</Y>
        <Z>13.3158617</Z>
      </Vector3>
      <Vector3>
        <X>-2362.34521</X>
        <Y>-267.447876</Y>
        <Z>14.7052584</Z>
      </Vector3>
      <Vector3>
        <X>-2365.63159</X>
        <Y>-263.029</Y>
        <Z>13.2440424</Z>
      </Vector3>
      <Vector3>
        <X>-2361.259</X>
        <Y>-265.719421</Y>
        <Z>14.6334391</Z>
      </Vector3>
      <Vector3>
        <X>-2366.6748</X>
        <Y>-264.724</Y>
        <Z>14.77074</Z>
      </Vector3>
      <Vector3>
        <X>-2365.58862</X>
        <Y>-262.995575</Y>
        <Z>14.69892</Z>
      </Vector3>
    </Bounds>
    <CenterCamPosition>
      <X>0</X>
      <Y>0</Y>
    </CenterCamPosition>
    <ScreenBounds />
    <DistanceToCam>0</DistanceToCam>
    <Speed>5.487471</Speed>
    <AccInput>0</AccInput>
    <RPM>1.35798967</RPM>
    <Gear>0</Gear>
    <SteeringAngle>4.463976E-41</SteeringAngle>
    <WheelSpeed>0</WheelSpeed>
    <CarType>Sports</CarType>
  </MyCar>
  <Peds />
  <Time>268858</Time>
  <LastFrameTime>0.04809981</LastFrameTime>
  <MyProperty>0</MyProperty>
  <Weather>Foggy</Weather>
  <Steering>127</Steering>
  <Acc>127</Acc>
  <Brake>127</Brake>
  <DayTime>15:16:13</DayTime>
  <Position>
    <X>-2364.75659</X>
    <Y>-264.723358</Y>
    <Z>14.8797741</Z>
  </Position>
  <Rotation>
    <X>0.127513</X>
    <Y>2.29692984</Y>
    <Z>57.84825</Z>
  </Rotation>
</Screenshot>