<?xml version="1.0" encoding="utf-8"?>
<Screenshot xmlns:xsd="http://www.w3.org/2001/XMLSchema" xmlns:xsi="http://www.w3.org/2001/XMLSchema-instance">
  <Cars />
  <MyCar>
    <Position>
      <X>-2363.7644</X>
      <Y>-265.381</Y>
      <Z>13.9671364</Z>
    </Position>
    <Rotation>
      <X>0.6274104</X>
      <Y>1.79693556</Y>
      <Z>57.8431473</Z>
    </Rotation>
    <Handle>104962</Handle>
    <Bounds>
      <Vector3>
        <X>-2362.16187</X>
        <Y>-267.622253</Y>
        <Z>13.243618</Z>
      </Vector3>
      <Vector3>
        <X>-2361.075</X>
        <Y>-265.893768</Y>
        <Z>13.1795635</Z>
      </Vector3>
      <Vector3>
        <X>-2366.49146</X>
        <Y>-264.898224</Y>
        <Z>13.2996063</Z>
      </Vector3>
      <Vector3>
        <X>-2362.124</X>
        <Y>-267.5921</Y>
        <Z>14.6987114</Z>
      </Vector3>
      <Vector3>
        <X>-2365.40479</X>
        <Y>-263.1697</Y>
        <Z>13.2355528</Z>
      </Vector3>
      <Vector3>
        <X>-2361.03735</X>
        <Y>-265.8636</Y>
        <Z>14.6346579</Z>
      </Vector3>
      <Vector3>
        <X>-2366.45361</X>
        <Y>-264.868073</Y>
        <Z>14.7547007</Z>
      </Vector3>
      <Vector3>
        <X>-2365.367</X>
        <Y>-263.139557</Y>
        <Z>14.6906462</Z>
      </Vector3>
    </Bounds>
    <CenterCamPosition>
      <X>0</X>
      <Y>0</Y>
    </CenterCamPosition>
    <ScreenBounds />
    <DistanceToCam>0</DistanceToCam>
    <Speed>5.64711761</Speed>
    <AccInput>0</AccInput>
    <RPM>1.35798967</RPM>
    <Gear>0</Gear>
    <SteeringAngle>4.463976E-41</SteeringAngle>
    <WheelSpeed>0</WheelSpeed>
    <CarType>Sports</CarType>
  </MyCar>
  <Peds />
  <Time>268810</Time>
  <LastFrameTime>0.03387333</LastFrameTime>
  <MyProperty>0</MyProperty>
  <Weather>Foggy</Weather>
  <Steering>127</Steering>
  <Acc>127</Acc>
  <Brake>127</Brake>
  <DayTime>15:16:13</DayTime>
  <Position>
    <X>-2364.59351</X>
    <Y>-264.825348</Y>
    <Z>14.875803</Z>
  </Position>
  <Rotation>
    <X>0.1327705</X>
    <Y>2.3128922</Y>
    <Z>57.8429756</Z>
  </Rotation>
</Screenshot>