<?xml version="1.0" encoding="utf-8"?>
<Screenshot xmlns:xsd="http://www.w3.org/2001/XMLSchema" xmlns:xsi="http://www.w3.org/2001/XMLSchema-instance">
  <Cars />
  <MyCar>
    <Position>
      <X>-2364.51367</X>
      <Y>-264.8981</Y>
      <Z>13.9902411</Z>
    </Position>
    <Rotation>
      <X>0.8587754</X>
      <Y>2.4598918</Y>
      <Z>57.8114433</Z>
    </Rotation>
    <Handle>104962</Handle>
    <Bounds>
      <Vector3>
        <X>-2362.91943</X>
        <Y>-267.146</Y>
        <Z>13.2685757</Z>
      </Vector3>
      <Vector3>
        <X>-2361.83228</X>
        <Y>-265.418854</Y>
        <Z>13.1809015</Z>
      </Vector3>
      <Vector3>
        <X>-2367.24658</X>
        <Y>-264.4184</Y>
        <Z>13.3451767</Z>
      </Vector3>
      <Vector3>
        <X>-2362.86768</X>
        <Y>-267.104767</Y>
        <Z>14.7229681</Z>
      </Vector3>
      <Vector3>
        <X>-2366.15942</X>
        <Y>-262.691254</Y>
        <Z>13.2575026</Z>
      </Vector3>
      <Vector3>
        <X>-2361.78052</X>
        <Y>-265.3776</Y>
        <Z>14.635294</Z>
      </Vector3>
      <Vector3>
        <X>-2367.19482</X>
        <Y>-264.377167</Y>
        <Z>14.7995691</Z>
      </Vector3>
      <Vector3>
        <X>-2366.10767</X>
        <Y>-262.65</Y>
        <Z>14.711895</Z>
      </Vector3>
    </Bounds>
    <CenterCamPosition>
      <X>0</X>
      <Y>0</Y>
    </CenterCamPosition>
    <ScreenBounds />
    <DistanceToCam>0</DistanceToCam>
    <Speed>5.08734751</Speed>
    <AccInput>0</AccInput>
    <RPM>1.35798967</RPM>
    <Gear>0</Gear>
    <SteeringAngle>4.463976E-41</SteeringAngle>
    <WheelSpeed>0</WheelSpeed>
    <CarType>Sports</CarType>
  </MyCar>
  <Peds />
  <Time>268977</Time>
  <LastFrameTime>0.01897629</LastFrameTime>
  <MyProperty>0</MyProperty>
  <Weather>Foggy</Weather>
  <Steering>127</Steering>
  <Acc>127</Acc>
  <Brake>127</Brake>
  <DayTime>15:16:13</DayTime>
  <Position>
    <X>-2365.416</X>
    <Y>-264.2864</Y>
    <Z>14.9050846</Z>
  </Position>
  <Rotation>
    <X>0.3560853</X>
    <Y>2.91999078</Y>
    <Z>57.8427162</Z>
  </Rotation>
</Screenshot>