<?xml version="1.0" encoding="utf-8"?>
<Screenshot xmlns:xsd="http://www.w3.org/2001/XMLSchema" xmlns:xsi="http://www.w3.org/2001/XMLSchema-instance">
  <Cars />
  <MyCar>
    <Position>
      <X>-2364.43237</X>
      <Y>-264.951</Y>
      <Z>13.9880838</Z>
    </Position>
    <Rotation>
      <X>0.8556232</X>
      <Y>2.42004728</Y>
      <Z>57.824585</Z>
    </Rotation>
    <Handle>104962</Handle>
    <Bounds>
      <Vector3>
        <X>-2362.8374</X>
        <Y>-267.19812</Y>
        <Z>13.2658262</Z>
      </Vector3>
      <Vector3>
        <X>-2361.75049</X>
        <Y>-265.470642</Y>
        <Z>13.1795712</Z>
      </Vector3>
      <Vector3>
        <X>-2367.165</X>
        <Y>-264.471558</Y>
        <Z>13.3421488</Z>
      </Vector3>
      <Vector3>
        <X>-2362.78638</X>
        <Y>-267.157654</Y>
        <Z>14.7202625</Z>
      </Vector3>
      <Vector3>
        <X>-2366.07837</X>
        <Y>-262.7441</Y>
        <Z>13.2558937</Z>
      </Vector3>
      <Vector3>
        <X>-2361.69946</X>
        <Y>-265.4302</Y>
        <Z>14.6340084</Z>
      </Vector3>
      <Vector3>
        <X>-2367.114</X>
        <Y>-264.431122</Y>
        <Z>14.7965851</Z>
      </Vector3>
      <Vector3>
        <X>-2366.027</X>
        <Y>-262.703644</Y>
        <Z>14.710331</Z>
      </Vector3>
    </Bounds>
    <CenterCamPosition>
      <X>0</X>
      <Y>0</Y>
    </CenterCamPosition>
    <ScreenBounds />
    <DistanceToCam>0</DistanceToCam>
    <Speed>5.151205</Speed>
    <AccInput>0</AccInput>
    <RPM>1.35798967</RPM>
    <Gear>0</Gear>
    <SteeringAngle>4.463976E-41</SteeringAngle>
    <WheelSpeed>0</WheelSpeed>
    <CarType>Sports</CarType>
  </MyCar>
  <Peds />
  <Time>268958</Time>
  <LastFrameTime>0.0332592428</LastFrameTime>
  <MyProperty>0</MyProperty>
  <Weather>Foggy</Weather>
  <Steering>127</Steering>
  <Acc>127</Acc>
  <Brake>127</Brake>
  <DayTime>15:16:13</DayTime>
  <Position>
    <X>-2365.273</X>
    <Y>-264.381836</Y>
    <Z>14.900794</Z>
  </Position>
  <Rotation>
    <X>0.337929</X>
    <Y>2.82377863</Y>
    <Z>57.85888</Z>
  </Rotation>
</Screenshot>