<?xml version="1.0" encoding="utf-8"?>
<Screenshot xmlns:xsd="http://www.w3.org/2001/XMLSchema" xmlns:xsi="http://www.w3.org/2001/XMLSchema-instance">
  <Cars />
  <MyCar>
    <Position>
      <X>-2364.288</X>
      <Y>-265.044952</Y>
      <Z>13.9841042</Z>
    </Position>
    <Rotation>
      <X>0.8375185</X>
      <Y>2.323828</Y>
      <Z>57.84224</Z>
    </Rotation>
    <Handle>104962</Handle>
    <Bounds>
      <Vector3>
        <X>-2362.69165</X>
        <Y>-267.290649</Y>
        <Z>13.2608833</Z>
      </Vector3>
      <Vector3>
        <X>-2361.60522</X>
        <Y>-265.562744</Y>
        <Z>13.1780567</Z>
      </Vector3>
      <Vector3>
        <X>-2367.02026</X>
        <Y>-264.5656</Y>
        <Z>13.3355961</Z>
      </Vector3>
      <Vector3>
        <X>-2362.642</X>
        <Y>-267.252</Y>
        <Z>14.7154284</Z>
      </Vector3>
      <Vector3>
        <X>-2365.93384</X>
        <Y>-262.837677</Y>
        <Z>13.2527695</Z>
      </Vector3>
      <Vector3>
        <X>-2361.55566</X>
        <Y>-265.5241</Y>
        <Z>14.6326008</Z>
      </Vector3>
      <Vector3>
        <X>-2366.971</X>
        <Y>-264.526947</Y>
        <Z>14.7901411</Z>
      </Vector3>
      <Vector3>
        <X>-2365.88452</X>
        <Y>-262.799042</Y>
        <Z>14.7073135</Z>
      </Vector3>
    </Bounds>
    <CenterCamPosition>
      <X>0</X>
      <Y>0</Y>
    </CenterCamPosition>
    <ScreenBounds />
    <DistanceToCam>0</DistanceToCam>
    <Speed>5.26312828</Speed>
    <AccInput>0</AccInput>
    <RPM>1.35798967</RPM>
    <Gear>0</Gear>
    <SteeringAngle>4.463976E-41</SteeringAngle>
    <WheelSpeed>0</WheelSpeed>
    <CarType>Sports</CarType>
  </MyCar>
  <Peds />
  <Time>268924</Time>
  <LastFrameTime>0.04429177</LastFrameTime>
  <MyProperty>0</MyProperty>
  <Weather>Foggy</Weather>
  <Steering>127</Steering>
  <Acc>127</Acc>
  <Brake>127</Brake>
  <DayTime>15:16:13</DayTime>
  <Position>
    <X>-2365.07886</X>
    <Y>-264.511871</Y>
    <Z>14.8936682</Z>
  </Position>
  <Rotation>
    <X>0.277452677</X>
    <Y>2.62371874</Y>
    <Z>57.86512</Z>
  </Rotation>
</Screenshot>