<?xml version="1.0" encoding="utf-8"?>
<Screenshot xmlns:xsd="http://www.w3.org/2001/XMLSchema" xmlns:xsi="http://www.w3.org/2001/XMLSchema-instance">
  <Cars />
  <MyCar>
    <Position>
      <X>-2364.65356</X>
      <Y>-264.807</Y>
      <Z>13.9938059</Z>
    </Position>
    <Rotation>
      <X>0.8573565</X>
      <Y>2.51802444</Y>
      <Z>57.7837448</Z>
    </Rotation>
    <Handle>104962</Handle>
    <Bounds>
      <Vector3>
        <X>-2363.06079</X>
        <Y>-267.0563</Y>
        <Z>13.2732725</Z>
      </Vector3>
      <Vector3>
        <X>-2361.973</X>
        <Y>-265.329742</Y>
        <Z>13.1835279</Z>
      </Vector3>
      <Vector3>
        <X>-2367.38672</X>
        <Y>-264.326569</Y>
        <Z>13.3497438</Z>
      </Vector3>
      <Vector3>
        <X>-2363.0083</X>
        <Y>-267.013824</Y>
        <Z>14.7276011</Z>
      </Vector3>
      <Vector3>
        <X>-2366.29858</X>
        <Y>-262.6</Y>
        <Z>13.2599993</Z>
      </Vector3>
      <Vector3>
        <X>-2361.92041</X>
        <Y>-265.287262</Y>
        <Z>14.6378565</Z>
      </Vector3>
      <Vector3>
        <X>-2367.334</X>
        <Y>-264.284058</Y>
        <Z>14.8040724</Z>
      </Vector3>
      <Vector3>
        <X>-2366.246</X>
        <Y>-262.5575</Y>
        <Z>14.7143278</Z>
      </Vector3>
    </Bounds>
    <CenterCamPosition>
      <X>0</X>
      <Y>0</Y>
    </CenterCamPosition>
    <ScreenBounds />
    <DistanceToCam>0</DistanceToCam>
    <Speed>4.975142</Speed>
    <AccInput>0</AccInput>
    <RPM>1.35798967</RPM>
    <Gear>0</Gear>
    <SteeringAngle>4.463976E-41</SteeringAngle>
    <WheelSpeed>0</WheelSpeed>
    <CarType>Sports</CarType>
  </MyCar>
  <Peds />
  <Time>269010</Time>
  <LastFrameTime>0.0333582275</LastFrameTime>
  <MyProperty>0</MyProperty>
  <Weather>Foggy</Weather>
  <Steering>127</Steering>
  <Acc>127</Acc>
  <Brake>127</Brake>
  <DayTime>15:16:13</DayTime>
  <Position>
    <X>-2365.49683</X>
    <Y>-264.232758</Y>
    <Z>14.90728</Z>
  </Position>
  <Rotation>
    <X>0.359254867</X>
    <Y>2.95983338</Y>
    <Z>57.8299942</Z>
  </Rotation>
</Screenshot>