<?xml version="1.0" encoding="utf-8"?>
<Screenshot xmlns:xsd="http://www.w3.org/2001/XMLSchema" xmlns:xsi="http://www.w3.org/2001/XMLSchema-instance">
  <Cars />
  <MyCar>
    <Position>
      <X>-2364.98877</X>
      <Y>-264.588867</Y>
      <Z>14.0021257</Z>
    </Position>
    <Rotation>
      <X>0.8342547</X>
      <Y>2.59670877</Y>
      <Z>57.70675</Z>
    </Rotation>
    <Handle>104962</Handle>
    <Bounds>
      <Vector3>
        <X>-2363.39941</X>
        <Y>-266.841278</Y>
        <Z>13.2840662</Z>
      </Vector3>
      <Vector3>
        <X>-2362.309</X>
        <Y>-265.116272</Y>
        <Z>13.1915188</Z>
      </Vector3>
      <Vector3>
        <X>-2367.72144</X>
        <Y>-264.105682</Y>
        <Z>13.3584719</Z>
      </Vector3>
      <Vector3>
        <X>-2363.34619</X>
        <Y>-266.796844</Y>
        <Z>14.7383137</Z>
      </Vector3>
      <Vector3>
        <X>-2366.631</X>
        <Y>-262.380676</Y>
        <Z>13.2659254</Z>
      </Vector3>
      <Vector3>
        <X>-2362.25586</X>
        <Y>-265.071838</Y>
        <Z>14.6457672</Z>
      </Vector3>
      <Vector3>
        <X>-2367.66821</X>
        <Y>-264.061249</Y>
        <Z>14.81272</Z>
      </Vector3>
      <Vector3>
        <X>-2366.57813</X>
        <Y>-262.336273</Y>
        <Z>14.7201738</Z>
      </Vector3>
    </Bounds>
    <CenterCamPosition>
      <X>0</X>
      <Y>0</Y>
    </CenterCamPosition>
    <ScreenBounds />
    <DistanceToCam>0</DistanceToCam>
    <Speed>4.69527626</Speed>
    <AccInput>0</AccInput>
    <RPM>1.35798967</RPM>
    <Gear>0</Gear>
    <SteeringAngle>4.463976E-41</SteeringAngle>
    <WheelSpeed>0</WheelSpeed>
    <CarType>Sports</CarType>
  </MyCar>
  <Peds />
  <Time>269093</Time>
  <LastFrameTime>0.0353395157</LastFrameTime>
  <MyProperty>0</MyProperty>
  <Weather>Foggy</Weather>
  <Steering>127</Steering>
  <Acc>127</Acc>
  <Brake>127</Brake>
  <DayTime>15:16:13</DayTime>
  <Position>
    <X>-2365.83032</X>
    <Y>-264.011658</Y>
    <Z>14.9153347</Z>
  </Position>
  <Rotation>
    <X>0.3458626</X>
    <Y>3.073288</Y>
    <Z>57.7579155</Z>
  </Rotation>
</Screenshot>