<?xml version="1.0" encoding="utf-8"?>
<Screenshot xmlns:xsd="http://www.w3.org/2001/XMLSchema" xmlns:xsi="http://www.w3.org/2001/XMLSchema-instance">
  <Cars />
  <MyCar>
    <Position>
      <X>-2364.84888</X>
      <Y>-264.679871</Y>
      <Z>13.9986534</Z>
    </Position>
    <Rotation>
      <X>0.8453653</X>
      <Y>2.573344</Y>
      <Z>57.7393761</Z>
    </Rotation>
    <Handle>104962</Handle>
    <Bounds>
      <Vector3>
        <X>-2363.258</X>
        <Y>-266.931061</Y>
        <Z>13.27967</Z>
      </Vector3>
      <Vector3>
        <X>-2362.169</X>
        <Y>-265.2054</Y>
        <Z>13.1879549</Z>
      </Vector3>
      <Vector3>
        <X>-2367.58179</X>
        <Y>-264.197937</Y>
        <Z>13.3550692</Z>
      </Vector3>
      <Vector3>
        <X>-2363.205</X>
        <Y>-266.887238</Y>
        <Z>14.7339411</Z>
      </Vector3>
      <Vector3>
        <X>-2366.49243</X>
        <Y>-262.4723</Y>
        <Z>13.2633543</Z>
      </Vector3>
      <Vector3>
        <X>-2362.116</X>
        <Y>-265.161621</Y>
        <Z>14.6422262</Z>
      </Vector3>
      <Vector3>
        <X>-2367.52881</X>
        <Y>-264.1541</Y>
        <Z>14.80934</Z>
      </Vector3>
      <Vector3>
        <X>-2366.43945</X>
        <Y>-262.428467</Y>
        <Z>14.7176247</Z>
      </Vector3>
    </Bounds>
    <CenterCamPosition>
      <X>0</X>
      <Y>0</Y>
    </CenterCamPosition>
    <ScreenBounds />
    <DistanceToCam>0</DistanceToCam>
    <Speed>4.813837</Speed>
    <AccInput>0</AccInput>
    <RPM>1.35798967</RPM>
    <Gear>0</Gear>
    <SteeringAngle>4.463976E-41</SteeringAngle>
    <WheelSpeed>0</WheelSpeed>
    <CarType>Sports</CarType>
  </MyCar>
  <Peds />
  <Time>269058</Time>
  <LastFrameTime>0.0480064079</LastFrameTime>
  <MyProperty>0</MyProperty>
  <Weather>Foggy</Weather>
  <Steering>127</Steering>
  <Acc>127</Acc>
  <Brake>127</Brake>
  <DayTime>15:16:13</DayTime>
  <Position>
    <X>-2365.63574</X>
    <Y>-264.1404</Y>
    <Z>14.9107742</Z>
  </Position>
  <Rotation>
    <X>0.3578529</X>
    <Y>3.01796556</Y>
    <Z>57.80258</Z>
  </Rotation>
</Screenshot>