<?xml version="1.0" encoding="utf-8"?>
<Screenshot xmlns:xsd="http://www.w3.org/2001/XMLSchema" xmlns:xsi="http://www.w3.org/2001/XMLSchema-instance">
  <Cars />
  <MyCar>
    <Position>
      <X>-2365.11743</X>
      <Y>-264.505219</Y>
      <Z>14.0054255</Z>
    </Position>
    <Rotation>
      <X>0.8196112</X>
      <Y>2.61836433</Y>
      <Z>57.6785278</Z>
    </Rotation>
    <Handle>104962</Handle>
    <Bounds>
      <Vector3>
        <X>-2363.529</X>
        <Y>-266.7587</Y>
        <Z>13.288415</Z>
      </Vector3>
      <Vector3>
        <X>-2362.438</X>
        <Y>-265.034271</Y>
        <Z>13.195096</Z>
      </Vector3>
      <Vector3>
        <X>-2367.84985</X>
        <Y>-264.021027</Y>
        <Z>13.3615141</Z>
      </Vector3>
      <Vector3>
        <X>-2363.47583</X>
        <Y>-266.713654</Y>
        <Z>14.7426434</Z>
      </Vector3>
      <Vector3>
        <X>-2366.75879</X>
        <Y>-262.2966</Y>
        <Z>13.2681961</Z>
      </Vector3>
      <Vector3>
        <X>-2362.38477</X>
        <Y>-264.989227</Y>
        <Z>14.6493254</Z>
      </Vector3>
      <Vector3>
        <X>-2367.79663</X>
        <Y>-263.975952</Y>
        <Z>14.8157425</Z>
      </Vector3>
      <Vector3>
        <X>-2366.70557</X>
        <Y>-262.251526</Y>
        <Z>14.7224245</Z>
      </Vector3>
    </Bounds>
    <CenterCamPosition>
      <X>0</X>
      <Y>0</Y>
    </CenterCamPosition>
    <ScreenBounds />
    <DistanceToCam>0</DistanceToCam>
    <Speed>4.583821</Speed>
    <AccInput>0</AccInput>
    <RPM>1.35798967</RPM>
    <Gear>0</Gear>
    <SteeringAngle>4.463976E-41</SteeringAngle>
    <WheelSpeed>0</WheelSpeed>
    <CarType>Sports</CarType>
  </MyCar>
  <Peds />
  <Time>269127</Time>
  <LastFrameTime>0.0332918242</LastFrameTime>
  <MyProperty>0</MyProperty>
  <Weather>Foggy</Weather>
  <Steering>127</Steering>
  <Acc>127</Acc>
  <Brake>127</Brake>
  <DayTime>15:16:13</DayTime>
  <Position>
    <X>-2365.96973</X>
    <Y>-263.9197</Y>
    <Z>14.91856</Z>
  </Position>
  <Rotation>
    <X>0.3347435</X>
    <Y>3.096656</Y>
    <Z>57.7248268</Z>
  </Rotation>
</Screenshot>