<?xml version="1.0" encoding="utf-8"?>
<Screenshot xmlns:xsd="http://www.w3.org/2001/XMLSchema" xmlns:xsi="http://www.w3.org/2001/XMLSchema-instance">
  <Cars />
  <MyCar>
    <Position>
      <X>-2365.24316</X>
      <Y>-264.423737</Y>
      <Z>14.0079489</Z>
    </Position>
    <Rotation>
      <X>0.83962</X>
      <Y>2.57995844</Y>
      <Z>57.6475868</Z>
    </Rotation>
    <Handle>104962</Handle>
    <Bounds>
      <Vector3>
        <X>-2363.656</X>
        <Y>-266.677582</Y>
        <Z>13.2893419</Z>
      </Vector3>
      <Vector3>
        <X>-2362.564</X>
        <Y>-264.953674</Y>
        <Z>13.1973915</Z>
      </Vector3>
      <Vector3>
        <X>-2367.97534</X>
        <Y>-263.937531</Y>
        <Z>13.3642282</Z>
      </Vector3>
      <Vector3>
        <X>-2363.603</X>
        <Y>-266.633636</Y>
        <Z>14.7436075</Z>
      </Vector3>
      <Vector3>
        <X>-2366.8833</X>
        <Y>-262.213623</Y>
        <Z>13.2722778</Z>
      </Vector3>
      <Vector3>
        <X>-2362.511</X>
        <Y>-264.909729</Y>
        <Z>14.6516571</Z>
      </Vector3>
      <Vector3>
        <X>-2367.922</X>
        <Y>-263.8936</Y>
        <Z>14.8184938</Z>
      </Vector3>
      <Vector3>
        <X>-2366.83</X>
        <Y>-262.1697</Y>
        <Z>14.7265434</Z>
      </Vector3>
    </Bounds>
    <CenterCamPosition>
      <X>0</X>
      <Y>0</Y>
    </CenterCamPosition>
    <ScreenBounds />
    <DistanceToCam>0</DistanceToCam>
    <Speed>4.47489262</Speed>
    <AccInput>0</AccInput>
    <RPM>1.35798967</RPM>
    <Gear>0</Gear>
    <SteeringAngle>4.463976E-41</SteeringAngle>
    <WheelSpeed>0</WheelSpeed>
    <CarType>Sports</CarType>
  </MyCar>
  <Peds />
  <Time>269160</Time>
  <LastFrameTime>0.0333011337</LastFrameTime>
  <MyProperty>0</MyProperty>
  <Weather>Foggy</Weather>
  <Steering>127</Steering>
  <Acc>127</Acc>
  <Brake>127</Brake>
  <DayTime>15:16:13</DayTime>
  <Position>
    <X>-2366.09814</X>
    <Y>-263.835175</Y>
    <Z>14.9215412</Z>
  </Position>
  <Rotation>
    <X>0.320085317</X>
    <Y>3.1183157</Y>
    <Z>57.6959419</Z>
  </Rotation>
</Screenshot>