<?xml version="1.0" encoding="utf-8"?>
<Screenshot xmlns:xsd="http://www.w3.org/2001/XMLSchema" xmlns:xsi="http://www.w3.org/2001/XMLSchema-instance">
  <Cars />
  <MyCar>
    <Position>
      <X>-2365.60376</X>
      <Y>-264.195282</Y>
      <Z>14.0114679</Z>
    </Position>
    <Rotation>
      <X>1.09376717</X>
      <Y>2.10496879</Y>
      <Z>57.5740852</Z>
    </Rotation>
    <Handle>104962</Handle>
    <Bounds>
      <Vector3>
        <X>-2364.01929</X>
        <Y>-266.4446</Y>
        <Z>13.2728605</Z>
      </Vector3>
      <Vector3>
        <X>-2362.9248</X>
        <Y>-264.721527</Y>
        <Z>13.1978312</Z>
      </Vector3>
      <Vector3>
        <X>-2368.33472</X>
        <Y>-263.699036</Y>
        <Z>13.3704453</Z>
      </Vector3>
      <Vector3>
        <X>-2363.96729</X>
        <Y>-266.414368</Y>
        <Z>14.72751</Z>
      </Vector3>
      <Vector3>
        <X>-2367.24</X>
        <Y>-261.975983</Y>
        <Z>13.2954149</Z>
      </Vector3>
      <Vector3>
        <X>-2362.8728</X>
        <Y>-264.6913</Y>
        <Z>14.6524811</Z>
      </Vector3>
      <Vector3>
        <X>-2368.28247</X>
        <Y>-263.668823</Y>
        <Z>14.8250952</Z>
      </Vector3>
      <Vector3>
        <X>-2367.188</X>
        <Y>-261.94574</Y>
        <Z>14.7500648</Z>
      </Vector3>
    </Bounds>
    <CenterCamPosition>
      <X>0</X>
      <Y>0</Y>
    </CenterCamPosition>
    <ScreenBounds />
    <DistanceToCam>0</DistanceToCam>
    <Speed>4.14345932</Speed>
    <AccInput>0</AccInput>
    <RPM>1.35798967</RPM>
    <Gear>0</Gear>
    <SteeringAngle>4.463976E-41</SteeringAngle>
    <WheelSpeed>0</WheelSpeed>
    <CarType>Sports</CarType>
  </MyCar>
  <Peds />
  <Time>269260</Time>
  <LastFrameTime>0.03196869</LastFrameTime>
  <MyProperty>0</MyProperty>
  <Weather>Foggy</Weather>
  <Steering>127</Steering>
  <Acc>127</Acc>
  <Brake>127</Brake>
  <DayTime>15:16:13</DayTime>
  <Position>
    <X>-2366.4707</X>
    <Y>-263.601379</Y>
    <Z>14.9307756</Z>
  </Position>
  <Rotation>
    <X>0.527683258</X>
    <Y>2.73906136</Y>
    <Z>57.612854</Z>
  </Rotation>
</Screenshot>