<?xml version="1.0" encoding="utf-8"?>
<Screenshot xmlns:xsd="http://www.w3.org/2001/XMLSchema" xmlns:xsi="http://www.w3.org/2001/XMLSchema-instance">
  <Cars />
  <MyCar>
    <Position>
      <X>-2365.42065</X>
      <Y>-264.310455</Y>
      <Z>14.0096121</Z>
    </Position>
    <Rotation>
      <X>0.970802367</X>
      <Y>2.34504366</Y>
      <Z>57.6022263</Z>
    </Rotation>
    <Handle>104962</Handle>
    <Bounds>
      <Vector3>
        <X>-2363.83521</X>
        <Y>-266.562317</Y>
        <Z>13.2808628</Z>
      </Vector3>
      <Vector3>
        <X>-2362.7417</X>
        <Y>-264.839</Y>
        <Z>13.19728</Z>
      </Vector3>
      <Vector3>
        <X>-2368.152</X>
        <Y>-263.8188</Y>
        <Z>13.3674641</Z>
      </Vector3>
      <Vector3>
        <X>-2363.78247</X>
        <Y>-266.525238</Y>
        <Z>14.7353325</Z>
      </Vector3>
      <Vector3>
        <X>-2367.05859</X>
        <Y>-262.095459</Y>
        <Z>13.2838812</Z>
      </Vector3>
      <Vector3>
        <X>-2362.689</X>
        <Y>-264.8019</Y>
        <Z>14.65175</Z>
      </Vector3>
      <Vector3>
        <X>-2368.09937</X>
        <Y>-263.781738</Y>
        <Z>14.8219328</Z>
      </Vector3>
      <Vector3>
        <X>-2367.00586</X>
        <Y>-262.0584</Y>
        <Z>14.73835</Z>
      </Vector3>
    </Bounds>
    <CenterCamPosition>
      <X>0</X>
      <Y>0</Y>
    </CenterCamPosition>
    <ScreenBounds />
    <DistanceToCam>0</DistanceToCam>
    <Speed>4.317183</Speed>
    <AccInput>0</AccInput>
    <RPM>1.35798967</RPM>
    <Gear>0</Gear>
    <SteeringAngle>4.463976E-41</SteeringAngle>
    <WheelSpeed>0</WheelSpeed>
    <CarType>Sports</CarType>
  </MyCar>
  <Peds />
  <Time>269208</Time>
  <LastFrameTime>0.0483226068</LastFrameTime>
  <MyProperty>0</MyProperty>
  <Weather>Foggy</Weather>
  <Steering>127</Steering>
  <Acc>127</Acc>
  <Brake>127</Brake>
  <DayTime>15:16:13</DayTime>
  <Position>
    <X>-2366.22363</X>
    <Y>-263.7538</Y>
    <Z>14.9245071</Z>
  </Position>
  <Rotation>
    <X>0.340111464</X>
    <Y>3.07990384</Y>
    <Z>57.665863</Z>
  </Rotation>
</Screenshot>