<?xml version="1.0" encoding="utf-8"?>
<Screenshot xmlns:xsd="http://www.w3.org/2001/XMLSchema" xmlns:xsi="http://www.w3.org/2001/XMLSchema-instance">
  <Cars />
  <MyCar>
    <Position>
      <X>-2365.49072</X>
      <Y>-264.266235</Y>
      <Z>14.0101137</Z>
    </Position>
    <Rotation>
      <X>1.02708054</X>
      <Y>2.239178</Y>
      <Z>57.5876427</Z>
    </Rotation>
    <Handle>104962</Handle>
    <Bounds>
      <Vector3>
        <X>-2363.906</X>
        <Y>-266.517029</Y>
        <Z>13.2769251</Z>
      </Vector3>
      <Vector3>
        <X>-2362.81177</X>
        <Y>-264.793854</Y>
        <Z>13.197113</Z>
      </Vector3>
      <Vector3>
        <X>-2368.222</X>
        <Y>-263.77243</Y>
        <Z>13.3685522</Z>
      </Vector3>
      <Vector3>
        <X>-2363.85352</X>
        <Y>-266.483</Y>
        <Z>14.7314768</Z>
      </Vector3>
      <Vector3>
        <X>-2367.128</X>
        <Y>-262.049255</Y>
        <Z>13.28874</Z>
      </Vector3>
      <Vector3>
        <X>-2362.75928</X>
        <Y>-264.759827</Y>
        <Z>14.6516647</Z>
      </Vector3>
      <Vector3>
        <X>-2368.16943</X>
        <Y>-263.7384</Y>
        <Z>14.8231039</Z>
      </Vector3>
      <Vector3>
        <X>-2367.07544</X>
        <Y>-262.015228</Y>
        <Z>14.7432919</Z>
      </Vector3>
    </Bounds>
    <CenterCamPosition>
      <X>0</X>
      <Y>0</Y>
    </CenterCamPosition>
    <ScreenBounds />
    <DistanceToCam>0</DistanceToCam>
    <Speed>4.251783</Speed>
    <AccInput>0</AccInput>
    <RPM>1.35798967</RPM>
    <Gear>0</Gear>
    <SteeringAngle>4.463976E-41</SteeringAngle>
    <WheelSpeed>0</WheelSpeed>
    <CarType>Sports</CarType>
  </MyCar>
  <Peds />
  <Time>269228</Time>
  <LastFrameTime>0.0193772018</LastFrameTime>
  <MyProperty>0</MyProperty>
  <Weather>Foggy</Weather>
  <Steering>127</Steering>
  <Acc>127</Acc>
  <Brake>127</Brake>
  <DayTime>15:16:13</DayTime>
  <Position>
    <X>-2366.40063</X>
    <Y>-263.643982</Y>
    <Z>14.9290438</Z>
  </Position>
  <Rotation>
    <X>0.4713833</X>
    <Y>2.84494734</Y>
    <Z>57.6256142</Z>
  </Rotation>
</Screenshot>