<?xml version="1.0" encoding="utf-8"?>
<Screenshot xmlns:xsd="http://www.w3.org/2001/XMLSchema" xmlns:xsi="http://www.w3.org/2001/XMLSchema-instance">
  <Cars />
  <MyCar>
    <Position>
      <X>-2365.767</X>
      <Y>-264.092834</Y>
      <Z>14.014533</Z>
    </Position>
    <Rotation>
      <X>1.13956785</X>
      <Y>1.98934376</Y>
      <Z>57.5734978</Z>
    </Rotation>
    <Handle>104962</Handle>
    <Bounds>
      <Vector3>
        <X>-2364.18262</X>
        <Y>-266.340637</Y>
        <Z>13.2717791</Z>
      </Vector3>
      <Vector3>
        <X>-2363.088</X>
        <Y>-264.617462</Y>
        <Z>13.2008686</Z>
      </Vector3>
      <Vector3>
        <X>-2368.4978</X>
        <Y>-263.595123</Y>
        <Z>13.373456</Z>
      </Vector3>
      <Vector3>
        <X>-2364.131</X>
        <Y>-266.3135</Y>
        <Z>14.726511</Z>
      </Vector3>
      <Vector3>
        <X>-2367.403</X>
        <Y>-261.871948</Y>
        <Z>13.3025455</Z>
      </Vector3>
      <Vector3>
        <X>-2363.03638</X>
        <Y>-264.590332</Y>
        <Z>14.6556005</Z>
      </Vector3>
      <Vector3>
        <X>-2368.44629</X>
        <Y>-263.568</Y>
        <Z>14.8281879</Z>
      </Vector3>
      <Vector3>
        <X>-2367.35156</X>
        <Y>-261.844818</Y>
        <Z>14.7572775</Z>
      </Vector3>
    </Bounds>
    <CenterCamPosition>
      <X>0</X>
      <Y>0</Y>
    </CenterCamPosition>
    <ScreenBounds />
    <DistanceToCam>0</DistanceToCam>
    <Speed>3.980937</Speed>
    <AccInput>0</AccInput>
    <RPM>1.35798967</RPM>
    <Gear>0</Gear>
    <SteeringAngle>4.463976E-41</SteeringAngle>
    <WheelSpeed>0</WheelSpeed>
    <CarType>Sports</CarType>
  </MyCar>
  <Peds />
  <Time>269308</Time>
  <LastFrameTime>0.0479123853</LastFrameTime>
  <MyProperty>0</MyProperty>
  <Weather>Foggy</Weather>
  <Steering>127</Steering>
  <Acc>127</Acc>
  <Brake>127</Brake>
  <DayTime>15:16:13</DayTime>
  <Position>
    <X>-2366.58374</X>
    <Y>-263.532562</Y>
    <Z>14.933588</Z>
  </Position>
  <Rotation>
    <X>0.594381452</X>
    <Y>2.60482883</Y>
    <Z>57.6010933</Z>
  </Rotation>
</Screenshot>