<?xml version="1.0" encoding="utf-8"?>
<Screenshot xmlns:xsd="http://www.w3.org/2001/XMLSchema" xmlns:xsi="http://www.w3.org/2001/XMLSchema-instance">
  <Cars />
  <MyCar>
    <Position>
      <X>-2365.83228</X>
      <Y>-264.0518</Y>
      <Z>14.015976</Z>
    </Position>
    <Rotation>
      <X>1.14483106</X>
      <Y>1.96818852</Y>
      <Z>57.5765038</Z>
    </Rotation>
    <Handle>104962</Handle>
    <Bounds>
      <Vector3>
        <X>-2364.24756</X>
        <Y>-266.299255</Y>
        <Z>13.2726011</Z>
      </Vector3>
      <Vector3>
        <X>-2363.15283</X>
        <Y>-264.576</Y>
        <Z>13.202445</Z>
      </Vector3>
      <Vector3>
        <X>-2368.563</X>
        <Y>-263.554</Y>
        <Z>13.37475</Z>
      </Vector3>
      <Vector3>
        <X>-2364.196</X>
        <Y>-266.272644</Y>
        <Z>14.7273493</Z>
      </Vector3>
      <Vector3>
        <X>-2367.46826</X>
        <Y>-261.830719</Y>
        <Z>13.3045931</Z>
      </Vector3>
      <Vector3>
        <X>-2363.10156</X>
        <Y>-264.549377</Y>
        <Z>14.6571932</Z>
      </Vector3>
      <Vector3>
        <X>-2368.51147</X>
        <Y>-263.527374</Y>
        <Z>14.8294973</Z>
      </Vector3>
      <Vector3>
        <X>-2367.417</X>
        <Y>-261.8041</Y>
        <Z>14.7593412</Z>
      </Vector3>
    </Bounds>
    <CenterCamPosition>
      <X>0</X>
      <Y>0</Y>
    </CenterCamPosition>
    <ScreenBounds />
    <DistanceToCam>0</DistanceToCam>
    <Speed>3.91449356</Speed>
    <AccInput>0</AccInput>
    <RPM>1.35798967</RPM>
    <Gear>0</Gear>
    <SteeringAngle>4.463976E-41</SteeringAngle>
    <WheelSpeed>0</WheelSpeed>
    <CarType>Sports</CarType>
  </MyCar>
  <Peds />
  <Time>269327</Time>
  <LastFrameTime>0.0196034126</LastFrameTime>
  <MyProperty>0</MyProperty>
  <Weather>Foggy</Weather>
  <Steering>127</Steering>
  <Acc>127</Acc>
  <Brake>127</Brake>
  <DayTime>15:16:13</DayTime>
  <Position>
    <X>-2366.74756</X>
    <Y>-263.432037</Y>
    <Z>14.937664</Z>
  </Position>
  <Rotation>
    <X>0.640172</X>
    <Y>2.48918843</Y>
    <Z>57.6013</Z>
  </Rotation>
</Screenshot>