<?xml version="1.0" encoding="utf-8"?>
<Screenshot xmlns:xsd="http://www.w3.org/2001/XMLSchema" xmlns:xsi="http://www.w3.org/2001/XMLSchema-instance">
  <Cars />
  <MyCar>
    <Position>
      <X>-2365.94043</X>
      <Y>-263.9833</Y>
      <Z>14.0184126</Z>
    </Position>
    <Rotation>
      <X>1.14374161</X>
      <Y>1.9567281</Y>
      <Z>57.5837936</Z>
    </Rotation>
    <Handle>104962</Handle>
    <Bounds>
      <Vector3>
        <X>-2364.35522</X>
        <Y>-266.230438</Y>
        <Z>13.2748766</Z>
      </Vector3>
      <Vector3>
        <X>-2363.261</X>
        <Y>-264.507019</Y>
        <Z>13.2051287</Z>
      </Vector3>
      <Vector3>
        <X>-2368.671</X>
        <Y>-263.485748</Y>
        <Z>13.3769283</Z>
      </Vector3>
      <Vector3>
        <X>-2364.3042</X>
        <Y>-266.204071</Y>
        <Z>14.7296352</Z>
      </Vector3>
      <Vector3>
        <X>-2367.57666</X>
        <Y>-261.762329</Y>
        <Z>13.30718</Z>
      </Vector3>
      <Vector3>
        <X>-2363.20972</X>
        <Y>-264.480652</Y>
        <Z>14.6598873</Z>
      </Vector3>
      <Vector3>
        <X>-2368.61987</X>
        <Y>-263.459381</Y>
        <Z>14.831687</Z>
      </Vector3>
      <Vector3>
        <X>-2367.52539</X>
        <Y>-261.735962</Y>
        <Z>14.761939</Z>
      </Vector3>
    </Bounds>
    <CenterCamPosition>
      <X>0</X>
      <Y>0</Y>
    </CenterCamPosition>
    <ScreenBounds />
    <DistanceToCam>0</DistanceToCam>
    <Speed>3.80132031</Speed>
    <AccInput>0</AccInput>
    <RPM>1.35798967</RPM>
    <Gear>0</Gear>
    <SteeringAngle>4.463976E-41</SteeringAngle>
    <WheelSpeed>0</WheelSpeed>
    <CarType>Sports</CarType>
  </MyCar>
  <Peds />
  <Time>269361</Time>
  <LastFrameTime>0.0334147029</LastFrameTime>
  <MyProperty>0</MyProperty>
  <Weather>Foggy</Weather>
  <Steering>127</Steering>
  <Acc>127</Acc>
  <Brake>127</Brake>
  <DayTime>15:16:13</DayTime>
  <Position>
    <X>-2366.81274</X>
    <Y>-263.391357</Y>
    <Z>14.9392271</Z>
  </Position>
  <Rotation>
    <X>0.64542985</X>
    <Y>2.46803212</Y>
    <Z>57.6042976</Z>
  </Rotation>
</Screenshot>