<?xml version="1.0" encoding="utf-8"?>
<Screenshot xmlns:xsd="http://www.w3.org/2001/XMLSchema" xmlns:xsi="http://www.w3.org/2001/XMLSchema-instance">
  <Cars />
  <MyCar>
    <Position>
      <X>-2366.175</X>
      <Y>-263.833252</Y>
      <Z>14.02375</Z>
    </Position>
    <Rotation>
      <X>1.13780713</X>
      <Y>1.95904517</Y>
      <Z>57.59276</Z>
    </Rotation>
    <Handle>104962</Handle>
    <Bounds>
      <Vector3>
        <X>-2364.5896</X>
        <Y>-266.0802</Y>
        <Z>13.28052</Z>
      </Vector3>
      <Vector3>
        <X>-2363.49536</X>
        <Y>-264.356628</Y>
        <Z>13.21069</Z>
      </Vector3>
      <Vector3>
        <X>-2368.90576</X>
        <Y>-263.336182</Y>
        <Z>13.3820419</Z>
      </Vector3>
      <Vector3>
        <X>-2364.53833</X>
        <Y>-266.05368</Y>
        <Z>14.73528</Z>
      </Vector3>
      <Vector3>
        <X>-2367.81152</X>
        <Y>-261.6126</Y>
        <Z>13.312212</Z>
      </Vector3>
      <Vector3>
        <X>-2363.44434</X>
        <Y>-264.3301</Y>
        <Z>14.6654491</Z>
      </Vector3>
      <Vector3>
        <X>-2368.85449</X>
        <Y>-263.309662</Y>
        <Z>14.8368015</Z>
      </Vector3>
      <Vector3>
        <X>-2367.7605</X>
        <Y>-261.5861</Y>
        <Z>14.7669706</Z>
      </Vector3>
    </Bounds>
    <CenterCamPosition>
      <X>0</X>
      <Y>0</Y>
    </CenterCamPosition>
    <ScreenBounds />
    <DistanceToCam>0</DistanceToCam>
    <Speed>3.54224873</Speed>
    <AccInput>0</AccInput>
    <RPM>1.35798967</RPM>
    <Gear>0</Gear>
    <SteeringAngle>4.463976E-41</SteeringAngle>
    <WheelSpeed>0</WheelSpeed>
    <CarType>Sports</CarType>
  </MyCar>
  <Peds />
  <Time>269437</Time>
  <LastFrameTime>0.0295449123</LastFrameTime>
  <MyProperty>0</MyProperty>
  <Weather>Foggy</Weather>
  <Steering>127</Steering>
  <Acc>127</Acc>
  <Brake>127</Brake>
  <DayTime>15:16:13</DayTime>
  <Position>
    <X>-2367.06738</X>
    <Y>-263.230072</Y>
    <Z>14.9448776</Z>
  </Position>
  <Rotation>
    <X>0.640684545</X>
    <Y>2.45771575</Y>
    <Z>57.61822</Z>
  </Rotation>
</Screenshot>