<?xml version="1.0" encoding="utf-8"?>
<Screenshot xmlns:xsd="http://www.w3.org/2001/XMLSchema" xmlns:xsi="http://www.w3.org/2001/XMLSchema-instance">
  <Cars />
  <MyCar>
    <Position>
      <X>-2366.08643</X>
      <Y>-263.890137</Y>
      <Z>14.021718</Z>
    </Position>
    <Rotation>
      <X>1.14009523</X>
      <Y>1.95786917</Y>
      <Z>57.59075</Z>
    </Rotation>
    <Handle>104962</Handle>
    <Bounds>
      <Vector3>
        <X>-2364.501</X>
        <Y>-266.137115</Y>
        <Z>13.2783651</Z>
      </Vector3>
      <Vector3>
        <X>-2363.40674</X>
        <Y>-264.413574</Y>
        <Z>13.2085762</Z>
      </Vector3>
      <Vector3>
        <X>-2368.81714</X>
        <Y>-263.392944</Y>
        <Z>13.3800917</Z>
      </Vector3>
      <Vector3>
        <X>-2364.45</X>
        <Y>-266.110657</Y>
        <Z>14.7331247</Z>
      </Vector3>
      <Vector3>
        <X>-2367.723</X>
        <Y>-261.6694</Y>
        <Z>13.3103027</Z>
      </Vector3>
      <Vector3>
        <X>-2363.35571</X>
        <Y>-264.387115</Y>
        <Z>14.6633358</Z>
      </Vector3>
      <Vector3>
        <X>-2368.76587</X>
        <Y>-263.3665</Y>
        <Z>14.83485</Z>
      </Vector3>
      <Vector3>
        <X>-2367.67188</X>
        <Y>-261.642944</Y>
        <Z>14.7650614</Z>
      </Vector3>
    </Bounds>
    <CenterCamPosition>
      <X>0</X>
      <Y>0</Y>
    </CenterCamPosition>
    <ScreenBounds />
    <DistanceToCam>0</DistanceToCam>
    <Speed>3.64214778</Speed>
    <AccInput>0</AccInput>
    <RPM>1.35798967</RPM>
    <Gear>0</Gear>
    <SteeringAngle>4.463976E-41</SteeringAngle>
    <WheelSpeed>0</WheelSpeed>
    <CarType>Sports</CarType>
  </MyCar>
  <Peds />
  <Time>269408</Time>
  <LastFrameTime>0.0470404327</LastFrameTime>
  <MyProperty>0</MyProperty>
  <Weather>Foggy</Weather>
  <Steering>127</Steering>
  <Acc>127</Acc>
  <Brake>127</Brake>
  <DayTime>15:16:13</DayTime>
  <Position>
    <X>-2366.92114</X>
    <Y>-263.323151</Y>
    <Z>14.9416475</Z>
  </Position>
  <Rotation>
    <X>0.6443339</X>
    <Y>2.45657277</Y>
    <Z>57.611412</Z>
  </Rotation>
</Screenshot>