<?xml version="1.0" encoding="utf-8"?>
<Screenshot xmlns:xsd="http://www.w3.org/2001/XMLSchema" xmlns:xsi="http://www.w3.org/2001/XMLSchema-instance">
  <Cars />
  <MyCar>
    <Position>
      <X>-2366.5437</X>
      <Y>-263.592346</Y>
      <Z>14.0372849</Z>
    </Position>
    <Rotation>
      <X>0.8940548</X>
      <Y>2.38526273</Y>
      <Z>57.57102</Z>
    </Rotation>
    <Handle>104962</Handle>
    <Bounds>
      <Vector3>
        <X>-2364.959</X>
        <Y>-265.845917</Y>
        <Z>13.3126812</Z>
      </Vector3>
      <Vector3>
        <X>-2363.8645</X>
        <Y>-264.12323</Y>
        <Z>13.2276659</Z>
      </Vector3>
      <Vector3>
        <X>-2369.27441</X>
        <Y>-263.1002</Y>
        <Z>13.3924341</Z>
      </Vector3>
      <Vector3>
        <X>-2364.90723</X>
        <Y>-265.806976</Y>
        <Z>14.76714</Z>
      </Vector3>
      <Vector3>
        <X>-2368.18</X>
        <Y>-261.3775</Y>
        <Z>13.3074188</Z>
      </Vector3>
      <Vector3>
        <X>-2363.81274</X>
        <Y>-264.0843</Y>
        <Z>14.6821251</Z>
      </Vector3>
      <Vector3>
        <X>-2369.223</X>
        <Y>-263.061249</Y>
        <Z>14.8468924</Z>
      </Vector3>
      <Vector3>
        <X>-2368.12842</X>
        <Y>-261.338562</Y>
        <Z>14.7618771</Z>
      </Vector3>
    </Bounds>
    <CenterCamPosition>
      <X>0</X>
      <Y>0</Y>
    </CenterCamPosition>
    <ScreenBounds />
    <DistanceToCam>0</DistanceToCam>
    <Speed>3.15274072</Speed>
    <AccInput>0</AccInput>
    <RPM>1.35798967</RPM>
    <Gear>0</Gear>
    <SteeringAngle>4.463976E-41</SteeringAngle>
    <WheelSpeed>0</WheelSpeed>
    <CarType>Sports</CarType>
  </MyCar>
  <Peds />
  <Time>269571</Time>
  <LastFrameTime>0.0193607565</LastFrameTime>
  <MyProperty>0</MyProperty>
  <Weather>Foggy</Weather>
  <Steering>127</Steering>
  <Acc>127</Acc>
  <Brake>127</Brake>
  <DayTime>15:16:13</DayTime>
  <Position>
    <X>-2367.47363</X>
    <Y>-262.959564</Y>
    <Z>14.9536905</Z>
  </Position>
  <Rotation>
    <X>0.430553019</X>
    <Y>2.80831671</Y>
    <Z>57.60055</Z>
  </Rotation>
</Screenshot>