<?xml version="1.0" encoding="utf-8"?>
<Screenshot xmlns:xsd="http://www.w3.org/2001/XMLSchema" xmlns:xsi="http://www.w3.org/2001/XMLSchema-instance">
  <Cars />
  <MyCar>
    <Position>
      <X>-2366.493</X>
      <Y>-263.626251</Y>
      <Z>14.0350771</Z>
    </Position>
    <Rotation>
      <X>0.930035651</X>
      <Y>2.30839562</Y>
      <Z>57.57946</Z>
    </Rotation>
    <Handle>104962</Handle>
    <Bounds>
      <Vector3>
        <X>-2364.90771</X>
        <Y>-265.878571</Y>
        <Z>13.3074646</Z>
      </Vector3>
      <Vector3>
        <X>-2363.81348</X>
        <Y>-264.15564</Y>
        <Z>13.2251873</Z>
      </Vector3>
      <Vector3>
        <X>-2369.22363</X>
        <Y>-263.133484</Y>
        <Z>13.3904314</Z>
      </Vector3>
      <Vector3>
        <X>-2364.85645</X>
        <Y>-265.841736</Y>
        <Z>14.76199</Z>
      </Vector3>
      <Vector3>
        <X>-2368.12939</X>
        <Y>-261.410553</Y>
        <Z>13.3081541</Z>
      </Vector3>
      <Vector3>
        <X>-2363.762</X>
        <Y>-264.1188</Y>
        <Z>14.6797123</Z>
      </Vector3>
      <Vector3>
        <X>-2369.17236</X>
        <Y>-263.096649</Y>
        <Z>14.8449554</Z>
      </Vector3>
      <Vector3>
        <X>-2368.078</X>
        <Y>-261.373718</Y>
        <Z>14.7626781</Z>
      </Vector3>
    </Bounds>
    <CenterCamPosition>
      <X>0</X>
      <Y>0</Y>
    </CenterCamPosition>
    <ScreenBounds />
    <DistanceToCam>0</DistanceToCam>
    <Speed>3.156008</Speed>
    <AccInput>0</AccInput>
    <RPM>1.35798967</RPM>
    <Gear>0</Gear>
    <SteeringAngle>4.463976E-41</SteeringAngle>
    <WheelSpeed>0</WheelSpeed>
    <CarType>Sports</CarType>
  </MyCar>
  <Peds />
  <Time>269551</Time>
  <LastFrameTime>0.04832602</LastFrameTime>
  <MyProperty>0</MyProperty>
  <Weather>Foggy</Weather>
  <Steering>127</Steering>
  <Acc>127</Acc>
  <Brake>127</Brake>
  <DayTime>15:16:13</DayTime>
  <Position>
    <X>-2367.345</X>
    <Y>-263.0493</Y>
    <Z>14.9507494</Z>
  </Position>
  <Rotation>
    <X>0.5765833</X>
    <Y>2.56061316</Y>
    <Z>57.6154823</Z>
  </Rotation>
</Screenshot>