<?xml version="1.0" encoding="utf-8"?>
<Screenshot xmlns:xsd="http://www.w3.org/2001/XMLSchema" xmlns:xsi="http://www.w3.org/2001/XMLSchema-instance">
  <Cars />
  <MyCar>
    <Position>
      <X>-2366.364</X>
      <Y>-263.7113</Y>
      <Z>14.02897</Z>
    </Position>
    <Rotation>
      <X>1.07600749</X>
      <Y>2.060743</Y>
      <Z>57.5897255</Z>
    </Rotation>
    <Handle>104962</Handle>
    <Bounds>
      <Vector3>
        <X>-2364.77856</X>
        <Y>-265.9598</Y>
        <Z>13.2903414</Z>
      </Vector3>
      <Vector3>
        <X>-2363.68433</X>
        <Y>-264.2364</Y>
        <Z>13.2168865</Z>
      </Vector3>
      <Vector3>
        <X>-2369.09473</X>
        <Y>-263.215546</Y>
        <Z>13.386344</Z>
      </Vector3>
      <Vector3>
        <X>-2364.72729</X>
        <Y>-265.9303</Y>
        <Z>14.74504</Z>
      </Vector3>
      <Vector3>
        <X>-2368.00049</X>
        <Y>-261.492126</Y>
        <Z>13.3128891</Z>
      </Vector3>
      <Vector3>
        <X>-2363.6333</X>
        <Y>-264.206879</Y>
        <Z>14.671586</Z>
      </Vector3>
      <Vector3>
        <X>-2369.04346</X>
        <Y>-263.186</Y>
        <Z>14.8410435</Z>
      </Vector3>
      <Vector3>
        <X>-2367.94946</X>
        <Y>-261.4626</Y>
        <Z>14.7675886</Z>
      </Vector3>
    </Bounds>
    <CenterCamPosition>
      <X>0</X>
      <Y>0</Y>
    </CenterCamPosition>
    <ScreenBounds />
    <DistanceToCam>0</DistanceToCam>
    <Speed>3.317223</Speed>
    <AccInput>0</AccInput>
    <RPM>1.35798967</RPM>
    <Gear>0</Gear>
    <SteeringAngle>4.463976E-41</SteeringAngle>
    <WheelSpeed>0</WheelSpeed>
    <CarType>Sports</CarType>
  </MyCar>
  <Peds />
  <Time>269503</Time>
  <LastFrameTime>0.06666667</LastFrameTime>
  <MyProperty>0</MyProperty>
  <Weather>Foggy</Weather>
  <Steering>127</Steering>
  <Acc>127</Acc>
  <Brake>127</Brake>
  <DayTime>15:16:13</DayTime>
  <Position>
    <X>-2367.156</X>
    <Y>-263.1732</Y>
    <Z>14.9468613</Z>
  </Position>
  <Rotation>
    <X>0.6383948</X>
    <Y>2.45889258</Y>
    <Z>57.6201439</Z>
  </Rotation>
</Screenshot>