<?xml version="1.0" encoding="utf-8"?>
<Screenshot xmlns:xsd="http://www.w3.org/2001/XMLSchema" xmlns:xsi="http://www.w3.org/2001/XMLSchema-instance">
  <Cars />
  <MyCar>
    <Position>
      <X>-2366.67065</X>
      <Y>-263.50708</Y>
      <Z>14.0418139</Z>
    </Position>
    <Rotation>
      <X>0.8721792</X>
      <Y>2.53842664</Y>
      <Z>57.53515</Z>
    </Rotation>
    <Handle>104962</Handle>
    <Bounds>
      <Vector3>
        <X>-2365.08813</X>
        <Y>-265.7634</Y>
        <Z>13.3209972</Z>
      </Vector3>
      <Vector3>
        <X>-2363.99268</X>
        <Y>-264.0416</Y>
        <Z>13.230526</Z>
      </Vector3>
      <Vector3>
        <X>-2369.40186</X>
        <Y>-263.014862</Y>
        <Z>13.3987894</Z>
      </Vector3>
      <Vector3>
        <X>-2365.03467</X>
        <Y>-265.720917</Y>
        <Z>14.7752972</Z>
      </Vector3>
      <Vector3>
        <X>-2368.3064</X>
        <Y>-261.29306</Y>
        <Z>13.3083181</Z>
      </Vector3>
      <Vector3>
        <X>-2363.93921</X>
        <Y>-263.9991</Y>
        <Z>14.6848259</Z>
      </Vector3>
      <Vector3>
        <X>-2369.34863</X>
        <Y>-262.972351</Y>
        <Z>14.85309</Z>
      </Vector3>
      <Vector3>
        <X>-2368.25317</X>
        <Y>-261.250549</Y>
        <Z>14.762619</Z>
      </Vector3>
    </Bounds>
    <CenterCamPosition>
      <X>0</X>
      <Y>0</Y>
    </CenterCamPosition>
    <ScreenBounds />
    <DistanceToCam>0</DistanceToCam>
    <Speed>3.18127751</Speed>
    <AccInput>0</AccInput>
    <RPM>1.35798967</RPM>
    <Gear>0</Gear>
    <SteeringAngle>4.463976E-41</SteeringAngle>
    <WheelSpeed>0</WheelSpeed>
    <CarType>Sports</CarType>
  </MyCar>
  <Peds />
  <Time>269619</Time>
  <LastFrameTime>0.04822393</LastFrameTime>
  <MyProperty>0</MyProperty>
  <Weather>Foggy</Weather>
  <Steering>127</Steering>
  <Acc>139</Acc>
  <Brake>127</Brake>
  <DayTime>15:16:13</DayTime>
  <Position>
    <X>-2367.52417</X>
    <Y>-262.9242</Y>
    <Z>14.9551039</Z>
  </Position>
  <Rotation>
    <X>0.394554973</X>
    <Y>2.8851943</Y>
    <Z>57.5908737</Z>
  </Rotation>
</Screenshot>