<?xml version="1.0" encoding="utf-8"?>
<Screenshot xmlns:xsd="http://www.w3.org/2001/XMLSchema" xmlns:xsi="http://www.w3.org/2001/XMLSchema-instance">
  <Cars />
  <MyCar>
    <Position>
      <X>-2366.759</X>
      <Y>-263.447937</Y>
      <Z>14.0442839</Z>
    </Position>
    <Rotation>
      <X>0.8947845</X>
      <Y>2.59260774</Y>
      <Z>57.50446</Z>
    </Rotation>
    <Handle>104962</Handle>
    <Bounds>
      <Vector3>
        <X>-2365.17822</X>
        <Y>-265.705566</Y>
        <Z>13.3234606</Z>
      </Vector3>
      <Vector3>
        <X>-2364.082</X>
        <Y>-263.9844</Y>
        <Z>13.23106</Z>
      </Vector3>
      <Vector3>
        <X>-2369.49048</X>
        <Y>-262.954559</Y>
        <Z>13.403266</Z>
      </Vector3>
      <Vector3>
        <X>-2365.12378</X>
        <Y>-265.662231</Y>
        <Z>14.7776909</Z>
      </Vector3>
      <Vector3>
        <X>-2368.39429</X>
        <Y>-261.233429</Y>
        <Z>13.3108654</Z>
      </Vector3>
      <Vector3>
        <X>-2364.02734</X>
        <Y>-263.9411</Y>
        <Z>14.6852894</Z>
      </Vector3>
      <Vector3>
        <X>-2369.436</X>
        <Y>-262.911255</Y>
        <Z>14.8574953</Z>
      </Vector3>
      <Vector3>
        <X>-2368.3396</X>
        <Y>-261.190125</Y>
        <Z>14.7650948</Z>
      </Vector3>
    </Bounds>
    <CenterCamPosition>
      <X>0</X>
      <Y>0</Y>
    </CenterCamPosition>
    <ScreenBounds />
    <DistanceToCam>0</DistanceToCam>
    <Speed>3.22020078</Speed>
    <AccInput>0</AccInput>
    <RPM>1.35798967</RPM>
    <Gear>0</Gear>
    <SteeringAngle>4.463976E-41</SteeringAngle>
    <WheelSpeed>0</WheelSpeed>
    <CarType>Sports</CarType>
  </MyCar>
  <Peds />
  <Time>269652</Time>
  <LastFrameTime>0.0331279859</LastFrameTime>
  <MyProperty>0</MyProperty>
  <Weather>Foggy</Weather>
  <Steering>127</Steering>
  <Acc>146</Acc>
  <Brake>127</Brake>
  <DayTime>15:16:13</DayTime>
  <Position>
    <X>-2367.64966</X>
    <Y>-262.83606</Y>
    <Z>14.959075</Z>
  </Position>
  <Rotation>
    <X>0.372702956</X>
    <Y>3.0383625</Y>
    <Z>57.5549</Z>
  </Rotation>
</Screenshot>