<?xml version="1.0" encoding="utf-8"?>
<Screenshot xmlns:xsd="http://www.w3.org/2001/XMLSchema" xmlns:xsi="http://www.w3.org/2001/XMLSchema-instance">
  <Cars />
  <MyCar>
    <Position>
      <X>-2366.81177</X>
      <Y>-263.41275</Y>
      <Z>14.0456314</Z>
    </Position>
    <Rotation>
      <X>0.9132457</X>
      <Y>2.60617423</Y>
      <Z>57.4854431</Z>
    </Rotation>
    <Handle>104962</Handle>
    <Bounds>
      <Vector3>
        <X>-2365.23218</X>
        <Y>-265.670929</Y>
        <Z>13.3242388</Z>
      </Vector3>
      <Vector3>
        <X>-2364.13525</X>
        <Y>-263.9502</Y>
        <Z>13.2313547</Z>
      </Vector3>
      <Vector3>
        <X>-2369.54321</X>
        <Y>-262.918457</Y>
        <Z>13.4056892</Z>
      </Vector3>
      <Vector3>
        <X>-2365.177</X>
        <Y>-265.6276</Y>
        <Z>14.7784452</Z>
      </Vector3>
      <Vector3>
        <X>-2368.44653</X>
        <Y>-261.1977</Y>
        <Z>13.3128052</Z>
      </Vector3>
      <Vector3>
        <X>-2364.08</X>
        <Y>-263.90683</Y>
        <Z>14.6855612</Z>
      </Vector3>
      <Vector3>
        <X>-2369.48828</X>
        <Y>-262.875122</Y>
        <Z>14.8598957</Z>
      </Vector3>
      <Vector3>
        <X>-2368.39136</X>
        <Y>-261.154358</Y>
        <Z>14.7670116</Z>
      </Vector3>
    </Bounds>
    <CenterCamPosition>
      <X>0</X>
      <Y>0</Y>
    </CenterCamPosition>
    <ScreenBounds />
    <DistanceToCam>0</DistanceToCam>
    <Speed>3.24659014</Speed>
    <AccInput>0</AccInput>
    <RPM>1.35798967</RPM>
    <Gear>0</Gear>
    <SteeringAngle>4.463976E-41</SteeringAngle>
    <WheelSpeed>0</WheelSpeed>
    <CarType>Sports</CarType>
  </MyCar>
  <Peds />
  <Time>269672</Time>
  <LastFrameTime>0.0195922423</LastFrameTime>
  <MyProperty>0</MyProperty>
  <Weather>Foggy</Weather>
  <Steering>127</Steering>
  <Acc>150</Acc>
  <Brake>127</Brake>
  <DayTime>15:16:13</DayTime>
  <Position>
    <X>-2367.73682</X>
    <Y>-262.775848</Y>
    <Z>14.9619741</Z>
  </Position>
  <Rotation>
    <X>0.39536038</X>
    <Y>3.09253454</Y>
    <Z>57.52579</Z>
  </Rotation>
</Screenshot>