<?xml version="1.0" encoding="utf-8"?>
<Screenshot xmlns:xsd="http://www.w3.org/2001/XMLSchema" xmlns:xsi="http://www.w3.org/2001/XMLSchema-instance">
  <Cars />
  <MyCar>
    <Position>
      <X>-2367.08765</X>
      <Y>-263.231567</Y>
      <Z>14.0521193</Z>
    </Position>
    <Rotation>
      <X>1.05100155</X>
      <Y>2.58303642</Y>
      <Z>57.401844</Z>
    </Rotation>
    <Handle>104962</Handle>
    <Bounds>
      <Vector3>
        <X>-2365.513</X>
        <Y>-265.491058</Y>
        <Z>13.3241882</Z>
      </Vector3>
      <Vector3>
        <X>-2364.41333</X>
        <Y>-263.771851</Y>
        <Z>13.2321281</Z>
      </Vector3>
      <Vector3>
        <X>-2369.81958</X>
        <Y>-262.731964</Y>
        <Z>13.4179249</Z>
      </Vector3>
      <Vector3>
        <X>-2365.455</X>
        <Y>-265.450165</Y>
        <Z>14.7783613</Z>
      </Vector3>
      <Vector3>
        <X>-2368.72021</X>
        <Y>-261.012756</Y>
        <Z>13.3258648</Z>
      </Vector3>
      <Vector3>
        <X>-2364.35571</X>
        <Y>-263.731</Y>
        <Z>14.6863012</Z>
      </Vector3>
      <Vector3>
        <X>-2369.76172</X>
        <Y>-262.691071</Y>
        <Z>14.8720989</Z>
      </Vector3>
      <Vector3>
        <X>-2368.66235</X>
        <Y>-260.9719</Y>
        <Z>14.7800388</Z>
      </Vector3>
    </Bounds>
    <CenterCamPosition>
      <X>0</X>
      <Y>0</Y>
    </CenterCamPosition>
    <ScreenBounds />
    <DistanceToCam>0</DistanceToCam>
    <Speed>3.48171878</Speed>
    <AccInput>0</AccInput>
    <RPM>1.35798967</RPM>
    <Gear>0</Gear>
    <SteeringAngle>4.463976E-41</SteeringAngle>
    <WheelSpeed>0</WheelSpeed>
    <CarType>Sports</CarType>
  </MyCar>
  <Peds />
  <Time>269770</Time>
  <LastFrameTime>0.0322085544</LastFrameTime>
  <MyProperty>0</MyProperty>
  <Weather>Foggy</Weather>
  <Steering>127</Steering>
  <Acc>169</Acc>
  <Brake>127</Brake>
  <DayTime>15:16:13</DayTime>
  <Position>
    <X>-2367.96948</X>
    <Y>-262.619751</Y>
    <Z>14.9698792</Z>
  </Position>
  <Rotation>
    <X>0.507491</X>
    <Y>3.104232</Y>
    <Z>57.4529266</Z>
  </Rotation>
</Screenshot>