<?xml version="1.0" encoding="utf-8"?>
<Screenshot xmlns:xsd="http://www.w3.org/2001/XMLSchema" xmlns:xsi="http://www.w3.org/2001/XMLSchema-instance">
  <Cars />
  <MyCar>
    <Position>
      <X>-2366.99438</X>
      <Y>-263.29248</Y>
      <Z>14.0498848</Z>
    </Position>
    <Rotation>
      <X>1.00674641</X>
      <Y>2.604354</Y>
      <Z>57.42545</Z>
    </Rotation>
    <Handle>104962</Handle>
    <Bounds>
      <Vector3>
        <X>-2365.41821</X>
        <Y>-265.5518</Y>
        <Z>13.3243093</Z>
      </Vector3>
      <Vector3>
        <X>-2364.31958</X>
        <Y>-263.832184</Y>
        <Z>13.23149</Z>
      </Vector3>
      <Vector3>
        <X>-2369.72632</X>
        <Y>-262.794556</Y>
        <Z>13.4140987</Z>
      </Vector3>
      <Vector3>
        <X>-2365.361</X>
        <Y>-265.509827</Y>
        <Z>14.7784786</Z>
      </Vector3>
      <Vector3>
        <X>-2368.62769</X>
        <Y>-261.074951</Y>
        <Z>13.32128</Z>
      </Vector3>
      <Vector3>
        <X>-2364.26245</X>
        <Y>-263.790222</Y>
        <Z>14.6856594</Z>
      </Vector3>
      <Vector3>
        <X>-2369.66919</X>
        <Y>-262.7526</Y>
        <Z>14.8682671</Z>
      </Vector3>
      <Vector3>
        <X>-2368.57031</X>
        <Y>-261.032959</Y>
        <Z>14.7754478</Z>
      </Vector3>
    </Bounds>
    <CenterCamPosition>
      <X>0</X>
      <Y>0</Y>
    </CenterCamPosition>
    <ScreenBounds />
    <DistanceToCam>0</DistanceToCam>
    <Speed>3.386521</Speed>
    <AccInput>0</AccInput>
    <RPM>1.35798967</RPM>
    <Gear>0</Gear>
    <SteeringAngle>4.463976E-41</SteeringAngle>
    <WheelSpeed>0</WheelSpeed>
    <CarType>Sports</CarType>
  </MyCar>
  <Peds />
  <Time>269737</Time>
  <LastFrameTime>0.0344511159</LastFrameTime>
  <MyProperty>0</MyProperty>
  <Weather>Foggy</Weather>
  <Steering>127</Steering>
  <Acc>163</Acc>
  <Brake>127</Brake>
  <DayTime>15:16:13</DayTime>
  <Position>
    <X>-2367.87354</X>
    <Y>-262.68335</Y>
    <Z>14.9665785</Z>
  </Position>
  <Rotation>
    <X>0.458759546</X>
    <Y>3.1157186</Y>
    <Z>57.4800148</Z>
  </Rotation>
</Screenshot>