<?xml version="1.0" encoding="utf-8"?>
<Screenshot xmlns:xsd="http://www.w3.org/2001/XMLSchema" xmlns:xsi="http://www.w3.org/2001/XMLSchema-instance">
  <Cars />
  <MyCar>
    <Position>
      <X>-2366.89746</X>
      <Y>-263.3561</Y>
      <Z>14.0475979</Z>
    </Position>
    <Rotation>
      <X>0.9580816</X>
      <Y>2.6158185</Y>
      <Z>57.45508</Z>
    </Rotation>
    <Handle>104962</Handle>
    <Bounds>
      <Vector3>
        <X>-2365.31958</X>
        <Y>-265.615</Y>
        <Z>13.3243933</Z>
      </Vector3>
      <Vector3>
        <X>-2364.222</X>
        <Y>-263.894836</Y>
        <Z>13.2311659</Z>
      </Vector3>
      <Vector3>
        <X>-2369.62915</X>
        <Y>-262.8601</Y>
        <Z>13.4098415</Z>
      </Vector3>
      <Vector3>
        <X>-2365.26343</X>
        <Y>-265.572083</Y>
        <Z>14.77857</Z>
      </Vector3>
      <Vector3>
        <X>-2368.53149</X>
        <Y>-261.139923</Y>
        <Z>13.3166142</Z>
      </Vector3>
      <Vector3>
        <X>-2364.16553</X>
        <Y>-263.851929</Y>
        <Z>14.6853428</Z>
      </Vector3>
      <Vector3>
        <X>-2369.573</X>
        <Y>-262.8172</Y>
        <Z>14.8640184</Z>
      </Vector3>
      <Vector3>
        <X>-2368.475</X>
        <Y>-261.097015</Y>
        <Z>14.7707911</Z>
      </Vector3>
    </Bounds>
    <CenterCamPosition>
      <X>0</X>
      <Y>0</Y>
    </CenterCamPosition>
    <ScreenBounds />
    <DistanceToCam>0</DistanceToCam>
    <Speed>3.3029685</Speed>
    <AccInput>0</AccInput>
    <RPM>1.35798967</RPM>
    <Gear>0</Gear>
    <SteeringAngle>4.463976E-41</SteeringAngle>
    <WheelSpeed>0</WheelSpeed>
    <CarType>Sports</CarType>
  </MyCar>
  <Peds />
  <Time>269703</Time>
  <LastFrameTime>0.0312425811</LastFrameTime>
  <MyProperty>0</MyProperty>
  <Weather>Foggy</Weather>
  <Steering>127</Steering>
  <Acc>155</Acc>
  <Brake>127</Brake>
  <DayTime>15:16:13</DayTime>
  <Position>
    <X>-2367.789</X>
    <Y>-262.7403</Y>
    <Z>14.9636927</Z>
  </Position>
  <Rotation>
    <X>0.413853317</X>
    <Y>3.10609341</Y>
    <Z>57.5078621</Z>
  </Rotation>
</Screenshot>