<?xml version="1.0" encoding="utf-8"?>
<Screenshot xmlns:xsd="http://www.w3.org/2001/XMLSchema" xmlns:xsi="http://www.w3.org/2001/XMLSchema-instance">
  <Cars />
  <MyCar>
    <Position>
      <X>-2367.44531</X>
      <Y>-262.999451</Y>
      <Z>14.0604105</Z>
    </Position>
    <Rotation>
      <X>1.199718</X>
      <Y>2.48646784</Y>
      <Z>57.34806</Z>
    </Rotation>
    <Handle>104962</Handle>
    <Bounds>
      <Vector3>
        <X>-2365.87378</X>
        <Y>-265.2585</Y>
        <Z>13.3241072</Z>
      </Vector3>
      <Vector3>
        <X>-2364.77271</X>
        <Y>-263.540253</Y>
        <Z>13.235487</Z>
      </Vector3>
      <Vector3>
        <X>-2370.17749</X>
        <Y>-262.495178</Y>
        <Z>13.4311142</Z>
      </Vector3>
      <Vector3>
        <X>-2365.814</X>
        <Y>-265.2218</Y>
        <Z>14.7783155</Z>
      </Vector3>
      <Vector3>
        <X>-2369.07642</X>
        <Y>-260.7769</Y>
        <Z>13.342494</Z>
      </Vector3>
      <Vector3>
        <X>-2364.713</X>
        <Y>-263.5035</Y>
        <Z>14.6896944</Z>
      </Vector3>
      <Vector3>
        <X>-2370.11768</X>
        <Y>-262.458466</Y>
        <Z>14.8853226</Z>
      </Vector3>
      <Vector3>
        <X>-2369.0166</X>
        <Y>-260.740173</Y>
        <Z>14.7967024</Z>
      </Vector3>
    </Bounds>
    <CenterCamPosition>
      <X>0</X>
      <Y>0</Y>
    </CenterCamPosition>
    <ScreenBounds />
    <DistanceToCam>0</DistanceToCam>
    <Speed>3.88194561</Speed>
    <AccInput>0</AccInput>
    <RPM>1.35798967</RPM>
    <Gear>0</Gear>
    <SteeringAngle>4.463976E-41</SteeringAngle>
    <WheelSpeed>0</WheelSpeed>
    <CarType>Sports</CarType>
  </MyCar>
  <Peds />
  <Time>269885</Time>
  <LastFrameTime>0.04740442</LastFrameTime>
  <MyProperty>0</MyProperty>
  <Weather>Foggy</Weather>
  <Steering>127</Steering>
  <Acc>179</Acc>
  <Brake>127</Brake>
  <DayTime>15:16:13</DayTime>
  <Position>
    <X>-2368.266</X>
    <Y>-262.426758</Y>
    <Z>14.9798288</Z>
  </Position>
  <Rotation>
    <X>0.64417994</X>
    <Y>3.0240624</Y>
    <Z>57.3992958</Z>
  </Rotation>
</Screenshot>