<?xml version="1.0" encoding="utf-8"?>
<Screenshot xmlns:xsd="http://www.w3.org/2001/XMLSchema" xmlns:xsi="http://www.w3.org/2001/XMLSchema-instance">
  <Cars />
  <MyCar>
    <Position>
      <X>-2367.233</X>
      <Y>-263.1371</Y>
      <Z>14.0555525</Z>
    </Position>
    <Rotation>
      <X>1.12250769</X>
      <Y>2.5394628</Y>
      <Z>57.3745232</Z>
    </Rotation>
    <Handle>104962</Handle>
    <Bounds>
      <Vector3>
        <X>-2365.65967</X>
        <Y>-265.396454</Y>
        <Z>13.3236475</Z>
      </Vector3>
      <Vector3>
        <X>-2364.55957</X>
        <Y>-263.677734</Y>
        <Z>13.23314</Z>
      </Vector3>
      <Vector3>
        <X>-2369.96484</X>
        <Y>-262.6352</Y>
        <Z>13.4237652</Z>
      </Vector3>
      <Vector3>
        <X>-2365.601</X>
        <Y>-265.3575</Y>
        <Z>14.7778358</Z>
      </Vector3>
      <Vector3>
        <X>-2368.86475</X>
        <Y>-260.916473</Y>
        <Z>13.3332567</Z>
      </Vector3>
      <Vector3>
        <X>-2364.50073</X>
        <Y>-263.6388</Y>
        <Z>14.6873283</Z>
      </Vector3>
      <Vector3>
        <X>-2369.90625</X>
        <Y>-262.596252</Y>
        <Z>14.8779535</Z>
      </Vector3>
      <Vector3>
        <X>-2368.806</X>
        <Y>-260.877533</Y>
        <Z>14.7874451</Z>
      </Vector3>
    </Bounds>
    <CenterCamPosition>
      <X>0</X>
      <Y>0</Y>
    </CenterCamPosition>
    <ScreenBounds />
    <DistanceToCam>0</DistanceToCam>
    <Speed>3.6424005</Speed>
    <AccInput>0</AccInput>
    <RPM>1.35798967</RPM>
    <Gear>0</Gear>
    <SteeringAngle>4.463976E-41</SteeringAngle>
    <WheelSpeed>0</WheelSpeed>
    <CarType>Sports</CarType>
  </MyCar>
  <Peds />
  <Time>269818</Time>
  <LastFrameTime>0.04815039</LastFrameTime>
  <MyProperty>0</MyProperty>
  <Weather>Foggy</Weather>
  <Steering>127</Steering>
  <Acc>175</Acc>
  <Brake>127</Brake>
  <DayTime>15:16:13</DayTime>
  <Position>
    <X>-2368.06226</X>
    <Y>-262.559082</Y>
    <Z>14.9730425</Z>
  </Position>
  <Rotation>
    <X>0.5518001</X>
    <Y>3.08289385</Y>
    <Z>57.43152</Z>
  </Rotation>
</Screenshot>