<?xml version="1.0" encoding="utf-8"?>
<Screenshot xmlns:xsd="http://www.w3.org/2001/XMLSchema" xmlns:xsi="http://www.w3.org/2001/XMLSchema-instance">
  <Cars />
  <MyCar>
    <Position>
      <X>-2367.29272</X>
      <Y>-263.098358</Y>
      <Z>14.0569611</Z>
    </Position>
    <Rotation>
      <X>1.14328277</X>
      <Y>2.52425337</Y>
      <Z>57.3653145</Z>
    </Rotation>
    <Handle>104962</Handle>
    <Bounds>
      <Vector3>
        <X>-2365.72021</X>
        <Y>-265.3577</Y>
        <Z>13.3238554</Z>
      </Vector3>
      <Vector3>
        <X>-2364.61963</X>
        <Y>-263.63913</Y>
        <Z>13.2338886</Z>
      </Vector3>
      <Vector3>
        <X>-2370.025</X>
        <Y>-262.5957</Y>
        <Z>13.4258261</Z>
      </Vector3>
      <Vector3>
        <X>-2365.66113</X>
        <Y>-265.319366</Y>
        <Z>14.77805</Z>
      </Vector3>
      <Vector3>
        <X>-2368.92432</X>
        <Y>-260.877136</Y>
        <Z>13.33586</Z>
      </Vector3>
      <Vector3>
        <X>-2364.56055</X>
        <Y>-263.6008</Y>
        <Z>14.6880836</Z>
      </Vector3>
      <Vector3>
        <X>-2369.96582</X>
        <Y>-262.557373</Y>
        <Z>14.8800211</Z>
      </Vector3>
      <Vector3>
        <X>-2368.86523</X>
        <Y>-260.838837</Y>
        <Z>14.7900553</Z>
      </Vector3>
    </Bounds>
    <CenterCamPosition>
      <X>0</X>
      <Y>0</Y>
    </CenterCamPosition>
    <ScreenBounds />
    <DistanceToCam>0</DistanceToCam>
    <Speed>3.71046853</Speed>
    <AccInput>0</AccInput>
    <RPM>1.35798967</RPM>
    <Gear>0</Gear>
    <SteeringAngle>4.463976E-41</SteeringAngle>
    <WheelSpeed>0</WheelSpeed>
    <CarType>Sports</CarType>
  </MyCar>
  <Peds />
  <Time>269837</Time>
  <LastFrameTime>0.0192685965</LastFrameTime>
  <MyProperty>0</MyProperty>
  <Weather>Foggy</Weather>
  <Steering>127</Steering>
  <Acc>177</Acc>
  <Brake>127</Brake>
  <DayTime>15:16:13</DayTime>
  <Position>
    <X>-2368.20654</X>
    <Y>-262.465271</Y>
    <Z>14.9779816</Z>
  </Position>
  <Rotation>
    <X>0.6233846</X>
    <Y>3.03928328</Y>
    <Z>57.4075737</Z>
  </Rotation>
</Screenshot>