<?xml version="1.0" encoding="utf-8"?>
<Screenshot xmlns:xsd="http://www.w3.org/2001/XMLSchema" xmlns:xsi="http://www.w3.org/2001/XMLSchema-instance">
  <Cars />
  <MyCar>
    <Position>
      <X>-2367.73877</X>
      <Y>-262.809326</Y>
      <Z>14.0668726</Z>
    </Position>
    <Rotation>
      <X>1.25991547</X>
      <Y>2.44549036</Y>
      <Z>57.3256721</Z>
    </Rotation>
    <Handle>104962</Handle>
    <Bounds>
      <Vector3>
        <X>-2366.1687</X>
        <Y>-265.0682</Y>
        <Z>13.3271484</Z>
      </Vector3>
      <Vector3>
        <X>-2365.067</X>
        <Y>-263.3503</Y>
        <Z>13.2399874</Z>
      </Vector3>
      <Vector3>
        <X>-2370.471</X>
        <Y>-262.303131</Y>
        <Z>13.4395266</Z>
      </Vector3>
      <Vector3>
        <X>-2366.10815</X>
        <Y>-265.033234</Y>
        <Z>14.7813683</Z>
      </Vector3>
      <Vector3>
        <X>-2369.36938</X>
        <Y>-260.585236</Y>
        <Z>13.3523664</Z>
      </Vector3>
      <Vector3>
        <X>-2365.00635</X>
        <Y>-263.315338</Y>
        <Z>14.6942072</Z>
      </Vector3>
      <Vector3>
        <X>-2370.41064</X>
        <Y>-262.268127</Y>
        <Z>14.8937464</Z>
      </Vector3>
      <Vector3>
        <X>-2369.30884</X>
        <Y>-260.550232</Y>
        <Z>14.8065853</Z>
      </Vector3>
    </Bounds>
    <CenterCamPosition>
      <X>0</X>
      <Y>0</Y>
    </CenterCamPosition>
    <ScreenBounds />
    <DistanceToCam>0</DistanceToCam>
    <Speed>4.196028</Speed>
    <AccInput>0</AccInput>
    <RPM>1.35798967</RPM>
    <Gear>0</Gear>
    <SteeringAngle>4.463976E-41</SteeringAngle>
    <WheelSpeed>0</WheelSpeed>
    <CarType>Sports</CarType>
  </MyCar>
  <Peds />
  <Time>269970</Time>
  <LastFrameTime>0.0184376035</LastFrameTime>
  <MyProperty>0</MyProperty>
  <Weather>Foggy</Weather>
  <Steering>127</Steering>
  <Acc>179</Acc>
  <Brake>127</Brake>
  <DayTime>15:16:13</DayTime>
  <Position>
    <X>-2368.646</X>
    <Y>-262.1809</Y>
    <Z>14.9906054</Z>
  </Position>
  <Rotation>
    <X>0.7529337</X>
    <Y>2.95076323</Y>
    <Z>57.3686752</Z>
  </Rotation>
</Screenshot>