<?xml version="1.0" encoding="utf-8"?>
<Screenshot xmlns:xsd="http://www.w3.org/2001/XMLSchema" xmlns:xsi="http://www.w3.org/2001/XMLSchema-instance">
  <Cars />
  <MyCar>
    <Position>
      <X>-2367.50757</X>
      <Y>-262.959045</Y>
      <Z>14.0618305</Z>
    </Position>
    <Rotation>
      <X>1.21429574</X>
      <Y>2.4753325</Y>
      <Z>57.34221</Z>
    </Rotation>
    <Handle>104962</Handle>
    <Bounds>
      <Vector3>
        <X>-2365.93628</X>
        <Y>-265.218079</Y>
        <Z>13.3246765</Z>
      </Vector3>
      <Vector3>
        <X>-2364.83521</X>
        <Y>-263.499878</Y>
        <Z>13.2364531</Z>
      </Vector3>
      <Vector3>
        <X>-2370.23975</X>
        <Y>-262.454285</Y>
        <Z>13.4329844</Z>
      </Vector3>
      <Vector3>
        <X>-2365.87646</X>
        <Y>-265.1818</Y>
        <Z>14.7788887</Z>
      </Vector3>
      <Vector3>
        <X>-2369.13843</X>
        <Y>-260.736084</Y>
        <Z>13.3447609</Z>
      </Vector3>
      <Vector3>
        <X>-2364.77515</X>
        <Y>-263.463623</Y>
        <Z>14.6906652</Z>
      </Vector3>
      <Vector3>
        <X>-2370.18</X>
        <Y>-262.418</Y>
        <Z>14.8871965</Z>
      </Vector3>
      <Vector3>
        <X>-2369.07861</X>
        <Y>-260.6998</Y>
        <Z>14.7989731</Z>
      </Vector3>
    </Bounds>
    <CenterCamPosition>
      <X>0</X>
      <Y>0</Y>
    </CenterCamPosition>
    <ScreenBounds />
    <DistanceToCam>0</DistanceToCam>
    <Speed>3.95092726</Speed>
    <AccInput>0</AccInput>
    <RPM>1.35798967</RPM>
    <Gear>0</Gear>
    <SteeringAngle>4.463976E-41</SteeringAngle>
    <WheelSpeed>0</WheelSpeed>
    <CarType>Sports</CarType>
  </MyCar>
  <Peds />
  <Time>269903</Time>
  <LastFrameTime>0.0189064723</LastFrameTime>
  <MyProperty>0</MyProperty>
  <Weather>Foggy</Weather>
  <Steering>127</Steering>
  <Acc>179</Acc>
  <Brake>127</Brake>
  <DayTime>15:16:13</DayTime>
  <Position>
    <X>-2368.418</X>
    <Y>-262.328522</Y>
    <Z>14.9844675</Z>
  </Position>
  <Rotation>
    <X>0.7006694</X>
    <Y>2.98624444</Y>
    <Z>57.3845634</Z>
  </Rotation>
</Screenshot>