<?xml version="1.0" encoding="utf-8"?>
<Screenshot xmlns:xsd="http://www.w3.org/2001/XMLSchema" xmlns:xsi="http://www.w3.org/2001/XMLSchema-instance">
  <Cars />
  <MyCar>
    <Position>
      <X>-2367.674</X>
      <Y>-262.851227</Y>
      <Z>14.0654488</Z>
    </Position>
    <Rotation>
      <X>1.25193536</X>
      <Y>2.45101786</Y>
      <Z>57.3299141</Z>
    </Rotation>
    <Handle>104962</Handle>
    <Bounds>
      <Vector3>
        <X>-2366.10376</X>
        <Y>-265.1101</Y>
        <Z>13.3261795</Z>
      </Vector3>
      <Vector3>
        <X>-2365.002</X>
        <Y>-263.39212</Y>
        <Z>13.238822</Z>
      </Vector3>
      <Vector3>
        <X>-2370.40625</X>
        <Y>-262.345337</Y>
        <Z>13.4378462</Z>
      </Vector3>
      <Vector3>
        <X>-2366.04321</X>
        <Y>-265.0749</Y>
        <Z>14.7803974</Z>
      </Vector3>
      <Vector3>
        <X>-2369.30469</X>
        <Y>-260.62735</Y>
        <Z>13.3504887</Z>
      </Vector3>
      <Vector3>
        <X>-2364.94165</X>
        <Y>-263.3569</Y>
        <Z>14.69304</Z>
      </Vector3>
      <Vector3>
        <X>-2370.346</X>
        <Y>-262.31012</Y>
        <Z>14.8920641</Z>
      </Vector3>
      <Vector3>
        <X>-2369.24438</X>
        <Y>-260.592133</Y>
        <Z>14.8047066</Z>
      </Vector3>
    </Bounds>
    <CenterCamPosition>
      <X>0</X>
      <Y>0</Y>
    </CenterCamPosition>
    <ScreenBounds />
    <DistanceToCam>0</DistanceToCam>
    <Speed>4.12843227</Speed>
    <AccInput>0</AccInput>
    <RPM>1.35798967</RPM>
    <Gear>0</Gear>
    <SteeringAngle>4.463976E-41</SteeringAngle>
    <WheelSpeed>0</WheelSpeed>
    <CarType>Sports</CarType>
  </MyCar>
  <Peds />
  <Time>269952</Time>
  <LastFrameTime>0.04858109</LastFrameTime>
  <MyProperty>0</MyProperty>
  <Weather>Foggy</Weather>
  <Steering>127</Steering>
  <Acc>179</Acc>
  <Brake>127</Brake>
  <DayTime>15:16:13</DayTime>
  <Position>
    <X>-2368.48</X>
    <Y>-262.2883</Y>
    <Z>14.9861956</Z>
  </Position>
  <Rotation>
    <X>0.71526</X>
    <Y>2.975101</Y>
    <Z>57.3793373</Z>
  </Rotation>
</Screenshot>