<?xml version="1.0" encoding="utf-8"?>
<Screenshot xmlns:xsd="http://www.w3.org/2001/XMLSchema" xmlns:xsi="http://www.w3.org/2001/XMLSchema-instance">
  <Cars />
  <MyCar>
    <Position>
      <X>-2367.91064</X>
      <Y>-262.697784</Y>
      <Z>14.0705938</Z>
    </Position>
    <Rotation>
      <X>1.28125453</X>
      <Y>2.4416244</Y>
      <Z>57.31577</Z>
    </Rotation>
    <Handle>104962</Handle>
    <Bounds>
      <Vector3>
        <X>-2366.341</X>
        <Y>-264.9568</Y>
        <Z>13.3298531</Z>
      </Vector3>
      <Vector3>
        <X>-2365.239</X>
        <Y>-263.239075</Y>
        <Z>13.2428293</Z>
      </Vector3>
      <Vector3>
        <X>-2370.643</X>
        <Y>-262.190918</Y>
        <Z>13.4441347</Z>
      </Vector3>
      <Vector3>
        <X>-2366.28027</X>
        <Y>-264.92218</Y>
        <Z>14.7840643</Z>
      </Vector3>
      <Vector3>
        <X>-2369.541</X>
        <Y>-260.473175</Y>
        <Z>13.3571119</Z>
      </Vector3>
      <Vector3>
        <X>-2365.17822</X>
        <Y>-263.204468</Y>
        <Z>14.6970415</Z>
      </Vector3>
      <Vector3>
        <X>-2370.582</X>
        <Y>-262.156281</Y>
        <Z>14.8983469</Z>
      </Vector3>
      <Vector3>
        <X>-2369.48</X>
        <Y>-260.438568</Y>
        <Z>14.8113241</Z>
      </Vector3>
    </Bounds>
    <CenterCamPosition>
      <X>0</X>
      <Y>0</Y>
    </CenterCamPosition>
    <ScreenBounds />
    <DistanceToCam>0</DistanceToCam>
    <Speed>4.369572</Speed>
    <AccInput>0</AccInput>
    <RPM>1.35798967</RPM>
    <Gear>0</Gear>
    <SteeringAngle>4.463976E-41</SteeringAngle>
    <WheelSpeed>0</WheelSpeed>
    <CarType>Sports</CarType>
  </MyCar>
  <Peds />
  <Time>270018</Time>
  <LastFrameTime>0.0473709069</LastFrameTime>
  <MyProperty>0</MyProperty>
  <Weather>Foggy</Weather>
  <Steering>127</Steering>
  <Acc>179</Acc>
  <Brake>127</Brake>
  <DayTime>15:16:13</DayTime>
  <Position>
    <X>-2368.71069</X>
    <Y>-262.139069</Y>
    <Z>14.992197</Z>
  </Position>
  <Rotation>
    <X>0.760920465</X>
    <Y>2.94523048</Y>
    <Z>57.36476</Z>
  </Rotation>
</Screenshot>