<?xml version="1.0" encoding="utf-8"?>
<Screenshot xmlns:xsd="http://www.w3.org/2001/XMLSchema" xmlns:xsi="http://www.w3.org/2001/XMLSchema-instance">
  <Cars />
  <MyCar>
    <Position>
      <X>-2368.16431</X>
      <Y>-262.5329</Y>
      <Z>14.0760822</Z>
    </Position>
    <Rotation>
      <X>1.30280936</X>
      <Y>2.445223</Y>
      <Z>57.3053131</Z>
    </Rotation>
    <Handle>104962</Handle>
    <Bounds>
      <Vector3>
        <X>-2366.59546</X>
        <Y>-264.7921</Y>
        <Z>13.3344526</Z>
      </Vector3>
      <Vector3>
        <X>-2365.49316</X>
        <Y>-263.0746</Y>
        <Z>13.2473011</Z>
      </Vector3>
      <Vector3>
        <X>-2370.89673</X>
        <Y>-262.0254</Y>
        <Z>13.4506569</Z>
      </Vector3>
      <Vector3>
        <X>-2366.53418</X>
        <Y>-264.757721</Y>
        <Z>14.7886477</Z>
      </Vector3>
      <Vector3>
        <X>-2369.79443</X>
        <Y>-260.307861</Y>
        <Z>13.3635054</Z>
      </Vector3>
      <Vector3>
        <X>-2365.43164</X>
        <Y>-263.040222</Y>
        <Z>14.7014971</Z>
      </Vector3>
      <Vector3>
        <X>-2370.83545</X>
        <Y>-261.991</Y>
        <Z>14.9048519</Z>
      </Vector3>
      <Vector3>
        <X>-2369.733</X>
        <Y>-260.2735</Y>
        <Z>14.8177</Z>
      </Vector3>
    </Bounds>
    <CenterCamPosition>
      <X>0</X>
      <Y>0</Y>
    </CenterCamPosition>
    <ScreenBounds />
    <DistanceToCam>0</DistanceToCam>
    <Speed>4.612423</Speed>
    <AccInput>0</AccInput>
    <RPM>1.35798967</RPM>
    <Gear>0</Gear>
    <SteeringAngle>4.463976E-41</SteeringAngle>
    <WheelSpeed>0</WheelSpeed>
    <CarType>Sports</CarType>
  </MyCar>
  <Peds />
  <Time>270085</Time>
  <LastFrameTime>0.0479018353</LastFrameTime>
  <MyProperty>0</MyProperty>
  <Weather>Foggy</Weather>
  <Steering>126</Steering>
  <Acc>175</Acc>
  <Brake>127</Brake>
  <DayTime>15:16:13</DayTime>
  <Position>
    <X>-2368.95239</X>
    <Y>-261.9819</Y>
    <Z>14.99798</Z>
  </Position>
  <Rotation>
    <X>0.786895156</X>
    <Y>2.94080353</Y>
    <Z>57.3521461</Z>
  </Rotation>
</Screenshot>