<?xml version="1.0" encoding="utf-8"?>
<Screenshot xmlns:xsd="http://www.w3.org/2001/XMLSchema" xmlns:xsi="http://www.w3.org/2001/XMLSchema-instance">
  <Cars />
  <MyCar>
    <Position>
      <X>-2367.981</X>
      <Y>-262.65213</Y>
      <Z>14.0721188</Z>
    </Position>
    <Rotation>
      <X>1.285859</X>
      <Y>2.44108033</Y>
      <Z>57.31178</Z>
    </Rotation>
    <Handle>104962</Handle>
    <Bounds>
      <Vector3>
        <X>-2366.41162</X>
        <Y>-264.9112</Y>
        <Z>13.3311634</Z>
      </Vector3>
      <Vector3>
        <X>-2365.30933</X>
        <Y>-263.193573</Y>
        <Z>13.24416</Z>
      </Vector3>
      <Vector3>
        <X>-2370.71338</X>
        <Y>-262.14502</Y>
        <Z>13.4458561</Z>
      </Vector3>
      <Vector3>
        <X>-2366.35059</X>
        <Y>-264.876678</Y>
        <Z>14.7853737</Z>
      </Vector3>
      <Vector3>
        <X>-2369.611</X>
        <Y>-260.427368</Y>
        <Z>13.3588524</Z>
      </Vector3>
      <Vector3>
        <X>-2365.24854</X>
        <Y>-263.159027</Y>
        <Z>14.69837</Z>
      </Vector3>
      <Vector3>
        <X>-2370.65234</X>
        <Y>-262.110474</Y>
        <Z>14.9000664</Z>
      </Vector3>
      <Vector3>
        <X>-2369.55</X>
        <Y>-260.392853</Y>
        <Z>14.8130627</Z>
      </Vector3>
    </Bounds>
    <CenterCamPosition>
      <X>0</X>
      <Y>0</Y>
    </CenterCamPosition>
    <ScreenBounds />
    <DistanceToCam>0</DistanceToCam>
    <Speed>4.43909025</Speed>
    <AccInput>0</AccInput>
    <RPM>1.35798967</RPM>
    <Gear>0</Gear>
    <SteeringAngle>4.463976E-41</SteeringAngle>
    <WheelSpeed>0</WheelSpeed>
    <CarType>Sports</CarType>
  </MyCar>
  <Peds />
  <Time>270037</Time>
  <LastFrameTime>0.0189672913</LastFrameTime>
  <MyProperty>0</MyProperty>
  <Weather>Foggy</Weather>
  <Steering>127</Steering>
  <Acc>179</Acc>
  <Brake>127</Brake>
  <DayTime>15:16:13</DayTime>
  <Position>
    <X>-2368.882</X>
    <Y>-262.0276</Y>
    <Z>14.99636</Z>
  </Position>
  <Rotation>
    <X>0.7822853</X>
    <Y>2.9413507</Y>
    <Z>57.3559151</Z>
  </Rotation>
</Screenshot>