<?xml version="1.0" encoding="utf-8"?>
<Screenshot xmlns:xsd="http://www.w3.org/2001/XMLSchema" xmlns:xsi="http://www.w3.org/2001/XMLSchema-instance">
  <Cars />
  <MyCar>
    <Position>
      <X>-2368.23975</X>
      <Y>-262.483917</Y>
      <Z>14.0777121</Z>
    </Position>
    <Rotation>
      <X>1.30646956</X>
      <Y>2.44650149</Y>
      <Z>57.3034935</Z>
    </Rotation>
    <Handle>104962</Handle>
    <Bounds>
      <Vector3>
        <X>-2366.67114</X>
        <Y>-264.743164</Y>
        <Z>13.3359432</Z>
      </Vector3>
      <Vector3>
        <X>-2365.5686</X>
        <Y>-263.0257</Y>
        <Z>13.2487469</Z>
      </Vector3>
      <Vector3>
        <X>-2370.97217</X>
        <Y>-261.9763</Y>
        <Z>13.4524736</Z>
      </Vector3>
      <Vector3>
        <X>-2366.60962</X>
        <Y>-264.7088</Y>
        <Z>14.7901354</Z>
      </Vector3>
      <Vector3>
        <X>-2369.86987</X>
        <Y>-260.25882</Y>
        <Z>13.3652773</Z>
      </Vector3>
      <Vector3>
        <X>-2365.507</X>
        <Y>-262.991333</Y>
        <Z>14.702939</Z>
      </Vector3>
      <Vector3>
        <X>-2370.91064</X>
        <Y>-261.941956</Y>
        <Z>14.9066658</Z>
      </Vector3>
      <Vector3>
        <X>-2369.80835</X>
        <Y>-260.224457</Y>
        <Z>14.8194695</Z>
      </Vector3>
    </Bounds>
    <CenterCamPosition>
      <X>0</X>
      <Y>0</Y>
    </CenterCamPosition>
    <ScreenBounds />
    <DistanceToCam>0</DistanceToCam>
    <Speed>4.68141651</Speed>
    <AccInput>0</AccInput>
    <RPM>1.35798967</RPM>
    <Gear>0</Gear>
    <SteeringAngle>4.463976E-41</SteeringAngle>
    <WheelSpeed>0</WheelSpeed>
    <CarType>Sports</CarType>
  </MyCar>
  <Peds />
  <Time>270104</Time>
  <LastFrameTime>0.01928287</LastFrameTime>
  <MyProperty>0</MyProperty>
  <Weather>Foggy</Weather>
  <Steering>126</Steering>
  <Acc>175</Acc>
  <Brake>127</Brake>
  <DayTime>15:16:13</DayTime>
  <Position>
    <X>-2369.13525</X>
    <Y>-261.86264</Y>
    <Z>15.0022888</Z>
  </Position>
  <Rotation>
    <X>0.8038711</X>
    <Y>2.94493365</Y>
    <Z>57.3466148</Z>
  </Rotation>
</Screenshot>