<?xml version="1.0" encoding="utf-8"?>
<Screenshot xmlns:xsd="http://www.w3.org/2001/XMLSchema" xmlns:xsi="http://www.w3.org/2001/XMLSchema-instance">
  <Cars />
  <MyCar>
    <Position>
      <X>-2368.515</X>
      <Y>-262.305542</Y>
      <Z>14.0836411</Z>
    </Position>
    <Rotation>
      <X>1.32377172</X>
      <Y>2.45210481</Y>
      <Z>57.3114929</Z>
    </Rotation>
    <Handle>104962</Handle>
    <Bounds>
      <Vector3>
        <X>-2366.946</X>
        <Y>-264.5645</Y>
        <Z>13.3412094</Z>
      </Vector3>
      <Vector3>
        <X>-2365.844</X>
        <Y>-262.8469</Y>
        <Z>13.2538128</Z>
      </Vector3>
      <Vector3>
        <X>-2371.24756</X>
        <Y>-261.798218</Y>
        <Z>13.4592819</Z>
      </Vector3>
      <Vector3>
        <X>-2366.88428</X>
        <Y>-264.530273</Y>
        <Z>14.7953854</Z>
      </Vector3>
      <Vector3>
        <X>-2370.14551</X>
        <Y>-260.0806</Y>
        <Z>13.3718853</Z>
      </Vector3>
      <Vector3>
        <X>-2365.782</X>
        <Y>-262.812653</Y>
        <Z>14.7079887</Z>
      </Vector3>
      <Vector3>
        <X>-2371.18579</X>
        <Y>-261.763977</Y>
        <Z>14.9134579</Z>
      </Vector3>
      <Vector3>
        <X>-2370.0835</X>
        <Y>-260.046356</Y>
        <Z>14.8260612</Z>
      </Vector3>
    </Bounds>
    <CenterCamPosition>
      <X>0</X>
      <Y>0</Y>
    </CenterCamPosition>
    <ScreenBounds />
    <DistanceToCam>0</DistanceToCam>
    <Speed>4.92204571</Speed>
    <AccInput>0</AccInput>
    <RPM>1.35798967</RPM>
    <Gear>0</Gear>
    <SteeringAngle>4.463976E-41</SteeringAngle>
    <WheelSpeed>0</WheelSpeed>
    <CarType>Sports</CarType>
  </MyCar>
  <Peds />
  <Time>270172</Time>
  <LastFrameTime>0.0205296688</LastFrameTime>
  <MyProperty>0</MyProperty>
  <Weather>Foggy</Weather>
  <Steering>124</Steering>
  <Acc>175</Acc>
  <Brake>127</Brake>
  <DayTime>15:16:13</DayTime>
  <Position>
    <X>-2369.40112</X>
    <Y>-261.6901</Y>
    <Z>15.0084171</Z>
  </Position>
  <Rotation>
    <X>0.822230339</X>
    <Y>2.95357513</Y>
    <Z>57.35087</Z>
  </Rotation>
</Screenshot>