<?xml version="1.0" encoding="utf-8"?>
<Screenshot xmlns:xsd="http://www.w3.org/2001/XMLSchema" xmlns:xsi="http://www.w3.org/2001/XMLSchema-instance">
  <Cars />
  <MyCar>
    <Position>
      <X>-2368.43042</X>
      <Y>-262.36026</Y>
      <Z>14.08184</Z>
    </Position>
    <Rotation>
      <X>1.321138</X>
      <Y>2.45387864</Y>
      <Z>57.308506</Z>
    </Rotation>
    <Handle>104962</Handle>
    <Bounds>
      <Vector3>
        <X>-2366.86182</X>
        <Y>-264.619354</Y>
        <Z>13.3395567</Z>
      </Vector3>
      <Vector3>
        <X>-2365.75952</X>
        <Y>-262.9018</Y>
        <Z>13.2520971</Z>
      </Vector3>
      <Vector3>
        <X>-2371.163</X>
        <Y>-261.852844</Y>
        <Z>13.4573946</Z>
      </Vector3>
      <Vector3>
        <X>-2366.7998</X>
        <Y>-264.585052</Y>
        <Z>14.7937326</Z>
      </Vector3>
      <Vector3>
        <X>-2370.06079</X>
        <Y>-260.135254</Y>
        <Z>13.369935</Z>
      </Vector3>
      <Vector3>
        <X>-2365.69751</X>
        <Y>-262.8675</Y>
        <Z>14.7062731</Z>
      </Vector3>
      <Vector3>
        <X>-2371.10132</X>
        <Y>-261.8185</Y>
        <Z>14.9115705</Z>
      </Vector3>
      <Vector3>
        <X>-2369.999</X>
        <Y>-260.100952</Y>
        <Z>14.824111</Z>
      </Vector3>
    </Bounds>
    <CenterCamPosition>
      <X>0</X>
      <Y>0</Y>
    </CenterCamPosition>
    <ScreenBounds />
    <DistanceToCam>0</DistanceToCam>
    <Speed>4.848629</Speed>
    <AccInput>0</AccInput>
    <RPM>1.35798967</RPM>
    <Gear>0</Gear>
    <SteeringAngle>4.463976E-41</SteeringAngle>
    <WheelSpeed>0</WheelSpeed>
    <CarType>Sports</CarType>
  </MyCar>
  <Peds />
  <Time>270151</Time>
  <LastFrameTime>0.047315985</LastFrameTime>
  <MyProperty>0</MyProperty>
  <Weather>Foggy</Weather>
  <Steering>124</Steering>
  <Acc>175</Acc>
  <Brake>127</Brake>
  <DayTime>15:16:13</DayTime>
  <Position>
    <X>-2369.21069</X>
    <Y>-261.813629</Y>
    <Z>15.003994</Z>
  </Position>
  <Rotation>
    <X>0.807537258</X>
    <Y>2.94620919</Y>
    <Z>57.345</Z>
  </Rotation>
</Screenshot>