<?xml version="1.0" encoding="utf-8"?>
<Screenshot xmlns:xsd="http://www.w3.org/2001/XMLSchema" xmlns:xsi="http://www.w3.org/2001/XMLSchema-instance">
  <Cars />
  <MyCar>
    <Position>
      <X>-2368.795</X>
      <Y>-262.125153</Y>
      <Z>14.0896816</Z>
    </Position>
    <Rotation>
      <X>1.33895278</X>
      <Y>2.458823</Y>
      <Z>57.3390236</Z>
    </Rotation>
    <Handle>104962</Handle>
    <Bounds>
      <Vector3>
        <X>-2367.22534</X>
        <Y>-264.383362</Y>
        <Z>13.3467007</Z>
      </Vector3>
      <Vector3>
        <X>-2366.124</X>
        <Y>-262.665222</Y>
        <Z>13.2590647</Z>
      </Vector3>
      <Vector3>
        <X>-2371.528</X>
        <Y>-261.61908</Y>
        <Z>13.4661274</Z>
      </Vector3>
      <Vector3>
        <X>-2367.163</X>
        <Y>-264.349152</Y>
        <Z>14.80086</Z>
      </Vector3>
      <Vector3>
        <X>-2370.42676</X>
        <Y>-259.90094</Y>
        <Z>13.3784914</Z>
      </Vector3>
      <Vector3>
        <X>-2366.06152</X>
        <Y>-262.631</Y>
        <Z>14.7132244</Z>
      </Vector3>
      <Vector3>
        <X>-2371.46582</X>
        <Y>-261.584869</Y>
        <Z>14.9202871</Z>
      </Vector3>
      <Vector3>
        <X>-2370.3645</X>
        <Y>-259.86673</Y>
        <Z>14.8326511</Z>
      </Vector3>
    </Bounds>
    <CenterCamPosition>
      <X>0</X>
      <Y>0</Y>
    </CenterCamPosition>
    <ScreenBounds />
    <DistanceToCam>0</DistanceToCam>
    <Speed>5.14963627</Speed>
    <AccInput>0</AccInput>
    <RPM>1.35798967</RPM>
    <Gear>0</Gear>
    <SteeringAngle>4.463976E-41</SteeringAngle>
    <WheelSpeed>0</WheelSpeed>
    <CarType>Sports</CarType>
  </MyCar>
  <Peds />
  <Time>270238</Time>
  <LastFrameTime>0.034359578</LastFrameTime>
  <MyProperty>0</MyProperty>
  <Weather>Foggy</Weather>
  <Steering>124</Steering>
  <Acc>175</Acc>
  <Brake>127</Brake>
  <DayTime>15:16:13</DayTime>
  <Position>
    <X>-2369.61768</X>
    <Y>-261.550476</Y>
    <Z>15.0131845</Z>
  </Position>
  <Rotation>
    <X>0.8302501</X>
    <Y>2.95627975</Y>
    <Z>57.3646164</Z>
  </Rotation>
</Screenshot>