<?xml version="1.0" encoding="utf-8"?>
<Screenshot xmlns:xsd="http://www.w3.org/2001/XMLSchema" xmlns:xsi="http://www.w3.org/2001/XMLSchema-instance">
  <Cars />
  <MyCar>
    <Position>
      <X>-2369.00317</X>
      <Y>-261.991547</Y>
      <Z>14.0942583</Z>
    </Position>
    <Rotation>
      <X>1.3529675</X>
      <Y>2.46239758</Y>
      <Z>57.3766861</Z>
    </Rotation>
    <Handle>104962</Handle>
    <Bounds>
      <Vector3>
        <X>-2367.43237</X>
        <Y>-264.2487</Y>
        <Z>13.3507223</Z>
      </Vector3>
      <Vector3>
        <X>-2366.332</X>
        <Y>-262.529816</Y>
        <Z>13.2629595</Z>
      </Vector3>
      <Vector3>
        <X>-2371.73682</X>
        <Y>-261.487183</Y>
        <Z>13.4713984</Z>
      </Vector3>
      <Vector3>
        <X>-2367.36963</X>
        <Y>-264.214539</Y>
        <Z>14.80487</Z>
      </Vector3>
      <Vector3>
        <X>-2370.63647</X>
        <Y>-259.768341</Y>
        <Z>13.3836355</Z>
      </Vector3>
      <Vector3>
        <X>-2366.26929</X>
        <Y>-262.4957</Y>
        <Z>14.7171068</Z>
      </Vector3>
      <Vector3>
        <X>-2371.674</X>
        <Y>-261.453064</Y>
        <Z>14.9255457</Z>
      </Vector3>
      <Vector3>
        <X>-2370.574</X>
        <Y>-259.7342</Y>
        <Z>14.8377829</Z>
      </Vector3>
    </Bounds>
    <CenterCamPosition>
      <X>0</X>
      <Y>0</Y>
    </CenterCamPosition>
    <ScreenBounds />
    <DistanceToCam>0</DistanceToCam>
    <Speed>5.30999374</Speed>
    <AccInput>0</AccInput>
    <RPM>1.35798967</RPM>
    <Gear>0</Gear>
    <SteeringAngle>4.463976E-41</SteeringAngle>
    <WheelSpeed>0</WheelSpeed>
    <CarType>Sports</CarType>
  </MyCar>
  <Peds />
  <Time>270285</Time>
  <LastFrameTime>0.046951998</LastFrameTime>
  <MyProperty>0</MyProperty>
  <Weather>Foggy</Weather>
  <Steering>123</Steering>
  <Acc>174</Acc>
  <Brake>127</Brake>
  <DayTime>15:16:13</DayTime>
  <Position>
    <X>-2369.76563</X>
    <Y>-261.455566</Y>
    <Z>15.0166225</Z>
  </Position>
  <Rotation>
    <X>0.8400724</X>
    <Y>2.95850539</Y>
    <Z>57.38238</Z>
  </Rotation>
</Screenshot>