<?xml version="1.0" encoding="utf-8"?>
<Screenshot xmlns:xsd="http://www.w3.org/2001/XMLSchema" xmlns:xsi="http://www.w3.org/2001/XMLSchema-instance">
  <Cars />
  <MyCar>
    <Position>
      <X>-2368.647</X>
      <Y>-262.2204</Y>
      <Z>14.0864439</Z>
    </Position>
    <Rotation>
      <X>1.32914519</X>
      <Y>2.45658946</Y>
      <Z>57.3218</Z>
    </Rotation>
    <Handle>104962</Handle>
    <Bounds>
      <Vector3>
        <X>-2367.078</X>
        <Y>-264.479126</Y>
        <Z>13.3438568</Z>
      </Vector3>
      <Vector3>
        <X>-2365.976</X>
        <Y>-262.7613</Y>
        <Z>13.2563</Z>
      </Vector3>
      <Vector3>
        <X>-2371.38</X>
        <Y>-261.713562</Y>
        <Z>13.4624081</Z>
      </Vector3>
      <Vector3>
        <X>-2367.01587</X>
        <Y>-264.444855</Y>
        <Z>14.7980242</Z>
      </Vector3>
      <Vector3>
        <X>-2370.278</X>
        <Y>-259.995758</Y>
        <Z>13.3748522</Z>
      </Vector3>
      <Vector3>
        <X>-2365.91382</X>
        <Y>-262.72702</Y>
        <Z>14.7104683</Z>
      </Vector3>
      <Vector3>
        <X>-2371.31787</X>
        <Y>-261.6793</Y>
        <Z>14.9165764</Z>
      </Vector3>
      <Vector3>
        <X>-2370.21582</X>
        <Y>-259.9615</Y>
        <Z>14.82902</Z>
      </Vector3>
    </Bounds>
    <CenterCamPosition>
      <X>0</X>
      <Y>0</Y>
    </CenterCamPosition>
    <ScreenBounds />
    <DistanceToCam>0</DistanceToCam>
    <Speed>5.030994</Speed>
    <AccInput>0</AccInput>
    <RPM>1.35798967</RPM>
    <Gear>0</Gear>
    <SteeringAngle>4.463976E-41</SteeringAngle>
    <WheelSpeed>0</WheelSpeed>
    <CarType>Sports</CarType>
  </MyCar>
  <Peds />
  <Time>270203</Time>
  <LastFrameTime>0.03137353</LastFrameTime>
  <MyProperty>0</MyProperty>
  <Weather>Foggy</Weather>
  <Steering>124</Steering>
  <Acc>175</Acc>
  <Brake>127</Brake>
  <DayTime>15:16:13</DayTime>
  <Position>
    <X>-2369.4856</X>
    <Y>-261.635468</Y>
    <Z>15.0102739</Z>
  </Position>
  <Rotation>
    <X>0.8248663</X>
    <Y>2.95179915</Y>
    <Z>57.35397</Z>
  </Rotation>
</Screenshot>