<?xml version="1.0" encoding="utf-8"?>
<Screenshot xmlns:xsd="http://www.w3.org/2001/XMLSchema" xmlns:xsi="http://www.w3.org/2001/XMLSchema-instance">
  <Cars />
  <MyCar>
    <Position>
      <X>-2369.09131</X>
      <Y>-261.9351</Y>
      <Z>14.0961962</Z>
    </Position>
    <Rotation>
      <X>1.35743415</X>
      <Y>2.46186376</Y>
      <Z>57.39579</Z>
    </Rotation>
    <Handle>104962</Handle>
    <Bounds>
      <Vector3>
        <X>-2367.51978</X>
        <Y>-264.191681</Y>
        <Z>13.3524523</Z>
      </Vector3>
      <Vector3>
        <X>-2366.42017</X>
        <Y>-262.472443</Y>
        <Z>13.2647085</Z>
      </Vector3>
      <Vector3>
        <X>-2371.8252</X>
        <Y>-261.4316</Y>
        <Z>13.473527</Z>
      </Vector3>
      <Vector3>
        <X>-2367.457</X>
        <Y>-264.1576</Y>
        <Z>14.8065977</Z>
      </Vector3>
      <Vector3>
        <X>-2370.72559</X>
        <Y>-259.712372</Y>
        <Z>13.3857832</Z>
      </Vector3>
      <Vector3>
        <X>-2366.35742</X>
        <Y>-262.438354</Y>
        <Z>14.718854</Z>
      </Vector3>
      <Vector3>
        <X>-2371.76245</X>
        <Y>-261.397522</Y>
        <Z>14.9276724</Z>
      </Vector3>
      <Vector3>
        <X>-2370.66284</X>
        <Y>-259.678284</Y>
        <Z>14.8399286</Z>
      </Vector3>
    </Bounds>
    <CenterCamPosition>
      <X>0</X>
      <Y>0</Y>
    </CenterCamPosition>
    <ScreenBounds />
    <DistanceToCam>0</DistanceToCam>
    <Speed>5.375995</Speed>
    <AccInput>0</AccInput>
    <RPM>1.35798967</RPM>
    <Gear>0</Gear>
    <SteeringAngle>4.463976E-41</SteeringAngle>
    <WheelSpeed>0</WheelSpeed>
    <CarType>Sports</CarType>
  </MyCar>
  <Peds />
  <Time>270304</Time>
  <LastFrameTime>0.0195429046</LastFrameTime>
  <MyProperty>0</MyProperty>
  <Weather>Foggy</Weather>
  <Steering>123</Steering>
  <Acc>172</Acc>
  <Brake>127</Brake>
  <DayTime>15:16:13</DayTime>
  <Position>
    <X>-2369.974</X>
    <Y>-261.322662</Y>
    <Z>15.0214844</Z>
  </Position>
  <Rotation>
    <X>0.8541088</X>
    <Y>2.962069</Y>
    <Z>57.42082</Z>
  </Rotation>
</Screenshot>