<?xml version="1.0" encoding="utf-8"?>
<Screenshot xmlns:xsd="http://www.w3.org/2001/XMLSchema" xmlns:xsi="http://www.w3.org/2001/XMLSchema-instance">
  <Cars />
  <MyCar>
    <Position>
      <X>-2369.40381</X>
      <Y>-261.736</Y>
      <Z>14.1031027</Z>
    </Position>
    <Rotation>
      <X>1.37627733</X>
      <Y>2.45967484</Y>
      <Z>57.4834633</Z>
    </Rotation>
    <Handle>104962</Handle>
    <Bounds>
      <Vector3>
        <X>-2367.829</X>
        <Y>-263.990051</Y>
        <Z>13.3584843</Z>
      </Vector3>
      <Vector3>
        <X>-2366.732</X>
        <Y>-262.269135</Y>
        <Z>13.2708187</Z>
      </Vector3>
      <Vector3>
        <X>-2372.13867</X>
        <Y>-261.236542</Y>
        <Z>13.4812393</Z>
      </Vector3>
      <Vector3>
        <X>-2367.76587</X>
        <Y>-263.956177</Y>
        <Z>14.8126211</Z>
      </Vector3>
      <Vector3>
        <X>-2371.0415</X>
        <Y>-259.515625</Y>
        <Z>13.3935728</Z>
      </Vector3>
      <Vector3>
        <X>-2366.669</X>
        <Y>-262.23526</Y>
        <Z>14.7249546</Z>
      </Vector3>
      <Vector3>
        <X>-2372.07544</X>
        <Y>-261.202667</Y>
        <Z>14.9353752</Z>
      </Vector3>
      <Vector3>
        <X>-2370.97852</X>
        <Y>-259.48175</Y>
        <Z>14.84771</Z>
      </Vector3>
    </Bounds>
    <CenterCamPosition>
      <X>0</X>
      <Y>0</Y>
    </CenterCamPosition>
    <ScreenBounds />
    <DistanceToCam>0</DistanceToCam>
    <Speed>5.59314156</Speed>
    <AccInput>0</AccInput>
    <RPM>1.35798967</RPM>
    <Gear>0</Gear>
    <SteeringAngle>4.463976E-41</SteeringAngle>
    <WheelSpeed>0</WheelSpeed>
    <CarType>Sports</CarType>
  </MyCar>
  <Peds />
  <Time>270371</Time>
  <LastFrameTime>0.0198755488</LastFrameTime>
  <MyProperty>0</MyProperty>
  <Weather>Foggy</Weather>
  <Steering>123</Steering>
  <Acc>161</Acc>
  <Brake>127</Brake>
  <DayTime>15:16:13</DayTime>
  <Position>
    <X>-2370.282</X>
    <Y>-261.128082</Y>
    <Z>15.0286417</Z>
  </Position>
  <Rotation>
    <X>0.8728554</X>
    <Y>2.96123481</Y>
    <Z>57.5003624</Z>
  </Rotation>
</Screenshot>