<?xml version="1.0" encoding="utf-8"?>
<Screenshot xmlns:xsd="http://www.w3.org/2001/XMLSchema" xmlns:xsi="http://www.w3.org/2001/XMLSchema-instance">
  <Cars />
  <MyCar>
    <Position>
      <X>-2369.3103</X>
      <Y>-261.795471</Y>
      <Z>14.10103</Z>
    </Position>
    <Rotation>
      <X>1.37169015</X>
      <Y>2.461578</Y>
      <Z>57.45527</Z>
    </Rotation>
    <Handle>104962</Handle>
    <Bounds>
      <Vector3>
        <X>-2367.73657</X>
        <Y>-264.050323</Y>
        <Z>13.35665</Z>
      </Vector3>
      <Vector3>
        <X>-2366.63867</X>
        <Y>-262.329956</Y>
        <Z>13.2689161</Z>
      </Vector3>
      <Vector3>
        <X>-2372.045</X>
        <Y>-261.2947</Y>
        <Z>13.4789953</Z>
      </Vector3>
      <Vector3>
        <X>-2367.67358</X>
        <Y>-264.0164</Y>
        <Z>14.8107872</Z>
      </Vector3>
      <Vector3>
        <X>-2370.947</X>
        <Y>-259.574341</Y>
        <Z>13.3912621</Z>
      </Vector3>
      <Vector3>
        <X>-2366.57568</X>
        <Y>-262.296021</Y>
        <Z>14.7230539</Z>
      </Vector3>
      <Vector3>
        <X>-2371.98169</X>
        <Y>-261.260773</Y>
        <Z>14.9331331</Z>
      </Vector3>
      <Vector3>
        <X>-2370.884</X>
        <Y>-259.5404</Y>
        <Z>14.8453989</Z>
      </Vector3>
    </Bounds>
    <CenterCamPosition>
      <X>0</X>
      <Y>0</Y>
    </CenterCamPosition>
    <ScreenBounds />
    <DistanceToCam>0</DistanceToCam>
    <Speed>5.530733</Speed>
    <AccInput>0</AccInput>
    <RPM>1.35798967</RPM>
    <Gear>0</Gear>
    <SteeringAngle>4.463976E-41</SteeringAngle>
    <WheelSpeed>0</WheelSpeed>
    <CarType>Sports</CarType>
  </MyCar>
  <Peds />
  <Time>270351</Time>
  <LastFrameTime>0.0472924</LastFrameTime>
  <MyProperty>0</MyProperty>
  <Weather>Foggy</Weather>
  <Steering>123</Steering>
  <Acc>166</Acc>
  <Brake>127</Brake>
  <DayTime>15:16:13</DayTime>
  <Position>
    <X>-2370.0625</X>
    <Y>-261.266571</Y>
    <Z>15.0235147</Z>
  </Position>
  <Rotation>
    <X>0.858580947</X>
    <Y>2.96153164</Y>
    <Z>57.4401474</Z>
  </Rotation>
</Screenshot>