<?xml version="1.0" encoding="utf-8"?>
<Screenshot xmlns:xsd="http://www.w3.org/2001/XMLSchema" xmlns:xsi="http://www.w3.org/2001/XMLSchema-instance">
  <Cars />
  <MyCar>
    <Position>
      <X>-2369.62744</X>
      <Y>-261.5942</Y>
      <Z>14.1081419</Z>
    </Position>
    <Rotation>
      <X>1.38526118</X>
      <Y>2.4590342</Y>
      <Z>57.5596542</Z>
    </Rotation>
    <Handle>104962</Handle>
    <Bounds>
      <Vector3>
        <X>-2368.0498</X>
        <Y>-263.8461</Y>
        <Z>13.3631144</Z>
      </Vector3>
      <Vector3>
        <X>-2366.955</X>
        <Y>-262.123718</Y>
        <Z>13.2754707</Z>
      </Vector3>
      <Vector3>
        <X>-2372.363</X>
        <Y>-261.0983</Y>
        <Z>13.48667</Z>
      </Vector3>
      <Vector3>
        <X>-2367.98657</X>
        <Y>-263.8123</Y>
        <Z>14.8172455</Z>
      </Vector3>
      <Vector3>
        <X>-2371.26831</X>
        <Y>-259.375946</Y>
        <Z>13.3990269</Z>
      </Vector3>
      <Vector3>
        <X>-2366.89185</X>
        <Y>-262.0899</Y>
        <Z>14.7296028</Z>
      </Vector3>
      <Vector3>
        <X>-2372.2998</X>
        <Y>-261.064484</Y>
        <Z>14.9408016</Z>
      </Vector3>
      <Vector3>
        <X>-2371.205</X>
        <Y>-259.3421</Y>
        <Z>14.853158</Z>
      </Vector3>
    </Bounds>
    <CenterCamPosition>
      <X>0</X>
      <Y>0</Y>
    </CenterCamPosition>
    <ScreenBounds />
    <DistanceToCam>0</DistanceToCam>
    <Speed>5.729488</Speed>
    <AccInput>0</AccInput>
    <RPM>1.35798967</RPM>
    <Gear>0</Gear>
    <SteeringAngle>4.463976E-41</SteeringAngle>
    <WheelSpeed>0</WheelSpeed>
    <CarType>Sports</CarType>
  </MyCar>
  <Peds />
  <Time>270418</Time>
  <LastFrameTime>0.0465101264</LastFrameTime>
  <MyProperty>0</MyProperty>
  <Weather>Foggy</Weather>
  <Steering>123</Steering>
  <Acc>154</Acc>
  <Brake>127</Brake>
  <DayTime>15:16:13</DayTime>
  <Position>
    <X>-2370.37573</X>
    <Y>-261.069153</Y>
    <Z>15.0308094</Z>
  </Position>
  <Rotation>
    <X>0.8774475</X>
    <Y>2.95932841</Y>
    <Z>57.5287628</Z>
  </Rotation>
</Screenshot>