<?xml version="1.0" encoding="utf-8"?>
<Screenshot xmlns:xsd="http://www.w3.org/2001/XMLSchema" xmlns:xsi="http://www.w3.org/2001/XMLSchema-instance">
  <Cars />
  <MyCar>
    <Position>
      <X>-2369.958</X>
      <Y>-261.385345</Y>
      <Z>14.1157856</Z>
    </Position>
    <Rotation>
      <X>1.38576639</X>
      <Y>2.46394968</Y>
      <Z>57.677803</Z>
    </Rotation>
    <Handle>104962</Handle>
    <Bounds>
      <Vector3>
        <X>-2368.37573</X>
        <Y>-263.634033</Y>
        <Z>13.3708258</Z>
      </Vector3>
      <Vector3>
        <X>-2367.28442</X>
        <Y>-261.909424</Y>
        <Z>13.2830076</Z>
      </Vector3>
      <Vector3>
        <X>-2372.69458</X>
        <Y>-260.8951</Y>
        <Z>13.4944267</Z>
      </Vector3>
      <Vector3>
        <X>-2368.3125</X>
        <Y>-263.599976</Y>
        <Z>14.8249521</Z>
      </Vector3>
      <Vector3>
        <X>-2371.60327</X>
        <Y>-259.1705</Y>
        <Z>13.4066076</Z>
      </Vector3>
      <Vector3>
        <X>-2367.22144</X>
        <Y>-261.875366</Y>
        <Z>14.737133</Z>
      </Vector3>
      <Vector3>
        <X>-2372.63135</X>
        <Y>-260.861084</Y>
        <Z>14.9485521</Z>
      </Vector3>
      <Vector3>
        <X>-2371.54028</X>
        <Y>-259.136444</Y>
        <Z>14.860734</Z>
      </Vector3>
    </Bounds>
    <CenterCamPosition>
      <X>0</X>
      <Y>0</Y>
    </CenterCamPosition>
    <ScreenBounds />
    <DistanceToCam>0</DistanceToCam>
    <Speed>5.905027</Speed>
    <AccInput>0</AccInput>
    <RPM>1.35798967</RPM>
    <Gear>0</Gear>
    <SteeringAngle>4.463976E-41</SteeringAngle>
    <WheelSpeed>0</WheelSpeed>
    <CarType>Sports</CarType>
  </MyCar>
  <Peds />
  <Time>270485</Time>
  <LastFrameTime>0.04667676</LastFrameTime>
  <MyProperty>0</MyProperty>
  <Weather>Foggy</Weather>
  <Steering>124</Steering>
  <Acc>153</Acc>
  <Brake>127</Brake>
  <DayTime>15:16:13</DayTime>
  <Position>
    <X>-2370.69946</X>
    <Y>-260.866821</Y>
    <Z>15.0383329</Z>
  </Position>
  <Rotation>
    <X>0.887295</X>
    <Y>2.96011138</Y>
    <Z>57.6408157</Z>
  </Rotation>
</Screenshot>