<?xml version="1.0" encoding="utf-8"?>
<Screenshot xmlns:xsd="http://www.w3.org/2001/XMLSchema" xmlns:xsi="http://www.w3.org/2001/XMLSchema-instance">
  <Cars />
  <MyCar>
    <Position>
      <X>-2369.72632</X>
      <Y>-261.5317</Y>
      <Z>14.110425</Z>
    </Position>
    <Rotation>
      <X>1.38611126</X>
      <Y>2.460466</Y>
      <Z>57.5949936</Z>
    </Rotation>
    <Handle>104962</Handle>
    <Bounds>
      <Vector3>
        <X>-2368.14722</X>
        <Y>-263.782623</Y>
        <Z>13.365386</Z>
      </Vector3>
      <Vector3>
        <X>-2367.05347</X>
        <Y>-262.0596</Y>
        <Z>13.2776918</Z>
      </Vector3>
      <Vector3>
        <X>-2372.46216</X>
        <Y>-261.0375</Y>
        <Z>13.4890175</Z>
      </Vector3>
      <Vector3>
        <X>-2368.084</X>
        <Y>-263.748749</Y>
        <Z>14.8195152</Z>
      </Vector3>
      <Vector3>
        <X>-2371.36841</X>
        <Y>-259.314453</Y>
        <Z>13.4013233</Z>
      </Vector3>
      <Vector3>
        <X>-2366.99023</X>
        <Y>-262.0257</Y>
        <Z>14.7318211</Z>
      </Vector3>
      <Vector3>
        <X>-2372.399</X>
        <Y>-261.003632</Y>
        <Z>14.9431467</Z>
      </Vector3>
      <Vector3>
        <X>-2371.30518</X>
        <Y>-259.280579</Y>
        <Z>14.8554525</Z>
      </Vector3>
    </Bounds>
    <CenterCamPosition>
      <X>0</X>
      <Y>0</Y>
    </CenterCamPosition>
    <ScreenBounds />
    <DistanceToCam>0</DistanceToCam>
    <Speed>5.78511524</Speed>
    <AccInput>0</AccInput>
    <RPM>1.35798967</RPM>
    <Gear>0</Gear>
    <SteeringAngle>4.463976E-41</SteeringAngle>
    <WheelSpeed>0</WheelSpeed>
    <CarType>Sports</CarType>
  </MyCar>
  <Peds />
  <Time>270438</Time>
  <LastFrameTime>0.0202730484</LastFrameTime>
  <MyProperty>0</MyProperty>
  <Weather>Foggy</Weather>
  <Steering>124</Steering>
  <Acc>153</Acc>
  <Brake>127</Brake>
  <DayTime>15:16:13</DayTime>
  <Position>
    <X>-2370.6</X>
    <Y>-260.928741</Y>
    <Z>15.0360336</Z>
  </Position>
  <Rotation>
    <X>0.8864426</X>
    <Y>2.95868039</Y>
    <Z>57.6054077</Z>
  </Rotation>
</Screenshot>