<?xml version="1.0" encoding="utf-8"?>
<Screenshot xmlns:xsd="http://www.w3.org/2001/XMLSchema" xmlns:xsi="http://www.w3.org/2001/XMLSchema-instance">
  <Cars />
  <MyCar>
    <Position>
      <X>-2370.39771</X>
      <Y>-261.108429</Y>
      <Z>14.1259871</Z>
    </Position>
    <Rotation>
      <X>1.38454437</X>
      <Y>2.46432638</Y>
      <Z>57.81839</Z>
    </Rotation>
    <Handle>104962</Handle>
    <Bounds>
      <Vector3>
        <X>-2368.80981</X>
        <Y>-263.353241</Y>
        <Z>13.3810883</Z>
      </Vector3>
      <Vector3>
        <X>-2367.723</X>
        <Y>-261.625946</Y>
        <Z>13.2932568</Z>
      </Vector3>
      <Vector3>
        <X>-2373.1355</X>
        <Y>-260.624939</Y>
        <Z>13.50458</Z>
      </Vector3>
      <Vector3>
        <X>-2368.74683</X>
        <Y>-263.319</Y>
        <Z>14.8352146</Z>
      </Vector3>
      <Vector3>
        <X>-2372.04858</X>
        <Y>-258.897644</Y>
        <Z>13.416748</Z>
      </Vector3>
      <Vector3>
        <X>-2367.66</X>
        <Y>-261.5917</Y>
        <Z>14.7473831</Z>
      </Vector3>
      <Vector3>
        <X>-2373.07227</X>
        <Y>-260.5907</Y>
        <Z>14.9587059</Z>
      </Vector3>
      <Vector3>
        <X>-2371.98535</X>
        <Y>-258.8634</Y>
        <Z>14.8708744</Z>
      </Vector3>
    </Bounds>
    <CenterCamPosition>
      <X>0</X>
      <Y>0</Y>
    </CenterCamPosition>
    <ScreenBounds />
    <DistanceToCam>0</DistanceToCam>
    <Speed>6.10377836</Speed>
    <AccInput>0</AccInput>
    <RPM>1.35798967</RPM>
    <Gear>0</Gear>
    <SteeringAngle>4.463976E-41</SteeringAngle>
    <WheelSpeed>0</WheelSpeed>
    <CarType>Sports</CarType>
  </MyCar>
  <Peds />
  <Time>270571</Time>
  <LastFrameTime>0.01952956</LastFrameTime>
  <MyProperty>0</MyProperty>
  <Weather>Foggy</Weather>
  <Steering>126</Steering>
  <Acc>152</Acc>
  <Brake>127</Brake>
  <DayTime>15:16:13</DayTime>
  <Position>
    <X>-2371.27222</X>
    <Y>-260.510162</Y>
    <Z>15.0515156</Z>
  </Position>
  <Rotation>
    <X>0.8856179</X>
    <Y>2.96350145</Y>
    <Z>57.83459</Z>
  </Rotation>
</Screenshot>