<?xml version="1.0" encoding="utf-8"?>
<Screenshot xmlns:xsd="http://www.w3.org/2001/XMLSchema" xmlns:xsi="http://www.w3.org/2001/XMLSchema-instance">
  <Cars />
  <MyCar>
    <Position>
      <X>-2370.29688</X>
      <Y>-261.1718</Y>
      <Z>14.1236439</Z>
    </Position>
    <Rotation>
      <X>1.38443339</X>
      <Y>2.46385527</Y>
      <Z>57.7888069</Z>
    </Rotation>
    <Handle>104962</Handle>
    <Bounds>
      <Vector3>
        <X>-2368.71021</X>
        <Y>-263.417419</Y>
        <Z>13.3787413</Z>
      </Vector3>
      <Vector3>
        <X>-2367.62231</X>
        <Y>-261.6907</Y>
        <Z>13.290926</Z>
      </Vector3>
      <Vector3>
        <X>-2373.03442</X>
        <Y>-260.68692</Y>
        <Z>13.502223</Z>
      </Vector3>
      <Vector3>
        <X>-2368.64722</X>
        <Y>-263.38324</Y>
        <Z>14.8328686</Z>
      </Vector3>
      <Vector3>
        <X>-2371.94653</X>
        <Y>-258.960175</Y>
        <Z>13.4144077</Z>
      </Vector3>
      <Vector3>
        <X>-2367.55933</X>
        <Y>-261.656525</Y>
        <Z>14.7450533</Z>
      </Vector3>
      <Vector3>
        <X>-2372.97119</X>
        <Y>-260.6527</Y>
        <Z>14.95635</Z>
      </Vector3>
      <Vector3>
        <X>-2371.8833</X>
        <Y>-258.926</Y>
        <Z>14.868535</Z>
      </Vector3>
    </Bounds>
    <CenterCamPosition>
      <X>0</X>
      <Y>0</Y>
    </CenterCamPosition>
    <ScreenBounds />
    <DistanceToCam>0</DistanceToCam>
    <Speed>6.060948</Speed>
    <AccInput>0</AccInput>
    <RPM>1.35798967</RPM>
    <Gear>0</Gear>
    <SteeringAngle>4.463976E-41</SteeringAngle>
    <WheelSpeed>0</WheelSpeed>
    <CarType>Sports</CarType>
  </MyCar>
  <Peds />
  <Time>270551</Time>
  <LastFrameTime>0.047407832</LastFrameTime>
  <MyProperty>0</MyProperty>
  <Weather>Foggy</Weather>
  <Steering>126</Steering>
  <Acc>152</Acc>
  <Brake>127</Brake>
  <DayTime>15:16:13</DayTime>
  <Position>
    <X>-2371.0293</X>
    <Y>-260.6613</Y>
    <Z>15.0459452</Z>
  </Position>
  <Rotation>
    <X>0.8875976</X>
    <Y>2.964052</Y>
    <Z>57.7578049</Z>
  </Rotation>
</Screenshot>