<?xml version="1.0" encoding="utf-8"?>
<Screenshot xmlns:xsd="http://www.w3.org/2001/XMLSchema" xmlns:xsi="http://www.w3.org/2001/XMLSchema-instance">
  <Cars />
  <MyCar>
    <Position>
      <X>-2370.055</X>
      <Y>-261.324249</Y>
      <Z>14.1180334</Z>
    </Position>
    <Rotation>
      <X>1.38640988</X>
      <Y>2.46440721</Y>
      <Z>57.7119064</Z>
    </Rotation>
    <Handle>104962</Handle>
    <Bounds>
      <Vector3>
        <X>-2368.47144</X>
        <Y>-263.572</Y>
        <Z>13.3730536</Z>
      </Vector3>
      <Vector3>
        <X>-2367.381</X>
        <Y>-261.8467</Y>
        <Z>13.2852192</Z>
      </Vector3>
      <Vector3>
        <X>-2372.79175</X>
        <Y>-260.835663</Y>
        <Z>13.4967117</Z>
      </Vector3>
      <Vector3>
        <X>-2368.4082</X>
        <Y>-263.5379</Y>
        <Z>14.827179</Z>
      </Vector3>
      <Vector3>
        <X>-2371.70166</X>
        <Y>-259.110382</Y>
        <Z>13.4088764</Z>
      </Vector3>
      <Vector3>
        <X>-2367.31787</X>
        <Y>-261.812622</Y>
        <Z>14.7393436</Z>
      </Vector3>
      <Vector3>
        <X>-2372.72852</X>
        <Y>-260.801575</Y>
        <Z>14.9508362</Z>
      </Vector3>
      <Vector3>
        <X>-2371.63843</X>
        <Y>-259.0763</Y>
        <Z>14.8630018</Z>
      </Vector3>
    </Bounds>
    <CenterCamPosition>
      <X>0</X>
      <Y>0</Y>
    </CenterCamPosition>
    <ScreenBounds />
    <DistanceToCam>0</DistanceToCam>
    <Speed>5.951953</Speed>
    <AccInput>0</AccInput>
    <RPM>1.35798967</RPM>
    <Gear>0</Gear>
    <SteeringAngle>4.463976E-41</SteeringAngle>
    <WheelSpeed>0</WheelSpeed>
    <CarType>Sports</CarType>
  </MyCar>
  <Peds />
  <Time>270504</Time>
  <LastFrameTime>0.0192903168</LastFrameTime>
  <MyProperty>0</MyProperty>
  <Weather>Foggy</Weather>
  <Steering>124</Steering>
  <Acc>153</Acc>
  <Brake>127</Brake>
  <DayTime>15:16:13</DayTime>
  <Position>
    <X>-2370.93213</X>
    <Y>-260.7218</Y>
    <Z>15.043684</Z>
  </Position>
  <Rotation>
    <X>0.8869529</X>
    <Y>2.963595</Y>
    <Z>57.7236671</Z>
  </Rotation>
</Screenshot>