<?xml version="1.0" encoding="utf-8"?>
<Screenshot xmlns:xsd="http://www.w3.org/2001/XMLSchema" xmlns:xsi="http://www.w3.org/2001/XMLSchema-instance">
  <Cars />
  <MyCar>
    <Position>
      <X>-2370.96045</X>
      <Y>-260.754272</Y>
      <Z>14.1391</Z>
    </Position>
    <Rotation>
      <X>1.37813282</X>
      <Y>2.46087885</Y>
      <Z>57.94531</Z>
    </Rotation>
    <Handle>104962</Handle>
    <Bounds>
      <Vector3>
        <X>-2369.36768</X>
        <Y>-262.995544</Y>
        <Z>13.3944216</Z>
      </Vector3>
      <Vector3>
        <X>-2368.28442</X>
        <Y>-261.265869</Y>
        <Z>13.3067131</Z>
      </Vector3>
      <Vector3>
        <X>-2373.69922</X>
        <Y>-260.276855</Y>
        <Z>13.5173416</Z>
      </Vector3>
      <Vector3>
        <X>-2369.30469</X>
        <Y>-262.961182</Y>
        <Z>14.8485556</Z>
      </Vector3>
      <Vector3>
        <X>-2372.616</X>
        <Y>-258.54718</Y>
        <Z>13.4296331</Z>
      </Vector3>
      <Vector3>
        <X>-2368.22168</X>
        <Y>-261.231476</Y>
        <Z>14.7608471</Z>
      </Vector3>
      <Vector3>
        <X>-2373.63623</X>
        <Y>-260.2425</Y>
        <Z>14.9714756</Z>
      </Vector3>
      <Vector3>
        <X>-2372.55322</X>
        <Y>-258.5128</Y>
        <Z>14.8837671</Z>
      </Vector3>
    </Bounds>
    <CenterCamPosition>
      <X>0</X>
      <Y>0</Y>
    </CenterCamPosition>
    <ScreenBounds />
    <DistanceToCam>0</DistanceToCam>
    <Speed>6.31827164</Speed>
    <AccInput>0</AccInput>
    <RPM>1.35798967</RPM>
    <Gear>0</Gear>
    <SteeringAngle>4.463976E-41</SteeringAngle>
    <WheelSpeed>0</WheelSpeed>
    <CarType>Sports</CarType>
  </MyCar>
  <Peds />
  <Time>270678</Time>
  <LastFrameTime>0.0264226384</LastFrameTime>
  <MyProperty>0</MyProperty>
  <Weather>Foggy</Weather>
  <Steering>126</Steering>
  <Acc>151</Acc>
  <Brake>127</Brake>
  <DayTime>15:16:13</DayTime>
  <Position>
    <X>-2371.79639</X>
    <Y>-260.1835</Y>
    <Z>15.0635862</Z>
  </Position>
  <Rotation>
    <X>0.880586445</X>
    <Y>2.960358</Y>
    <Z>57.9635925</Z>
  </Rotation>
</Screenshot>