<?xml version="1.0" encoding="utf-8"?>
<Screenshot xmlns:xsd="http://www.w3.org/2001/XMLSchema" xmlns:xsi="http://www.w3.org/2001/XMLSchema-instance">
  <Cars />
  <MyCar>
    <Position>
      <X>-2370.64331</X>
      <Y>-260.953766</Y>
      <Z>14.1317005</Z>
    </Position>
    <Rotation>
      <X>1.38129282</X>
      <Y>2.46152377</Y>
      <Z>57.88004</Z>
    </Rotation>
    <Handle>104962</Handle>
    <Bounds>
      <Vector3>
        <X>-2369.053</X>
        <Y>-263.196838</Y>
        <Z>13.3868942</Z>
      </Vector3>
      <Vector3>
        <X>-2367.968</X>
        <Y>-261.468384</Y>
        <Z>13.2991619</Z>
      </Vector3>
      <Vector3>
        <X>-2373.38159</X>
        <Y>-260.473236</Y>
        <Z>13.5100956</Z>
      </Vector3>
      <Vector3>
        <X>-2368.99</X>
        <Y>-263.162567</Y>
        <Z>14.8410254</Z>
      </Vector3>
      <Vector3>
        <X>-2372.29639</X>
        <Y>-258.744751</Y>
        <Z>13.4223642</Z>
      </Vector3>
      <Vector3>
        <X>-2367.905</X>
        <Y>-261.4341</Y>
        <Z>14.753294</Z>
      </Vector3>
      <Vector3>
        <X>-2373.3186</X>
        <Y>-260.438934</Y>
        <Z>14.9642277</Z>
      </Vector3>
      <Vector3>
        <X>-2372.2334</X>
        <Y>-258.71048</Y>
        <Z>14.8764954</Z>
      </Vector3>
    </Bounds>
    <CenterCamPosition>
      <X>0</X>
      <Y>0</Y>
    </CenterCamPosition>
    <ScreenBounds />
    <DistanceToCam>0</DistanceToCam>
    <Speed>6.20193768</Speed>
    <AccInput>0</AccInput>
    <RPM>1.35798967</RPM>
    <Gear>0</Gear>
    <SteeringAngle>4.463976E-41</SteeringAngle>
    <WheelSpeed>0</WheelSpeed>
    <CarType>Sports</CarType>
  </MyCar>
  <Peds />
  <Time>270618</Time>
  <LastFrameTime>0.0470032</LastFrameTime>
  <MyProperty>0</MyProperty>
  <Weather>Foggy</Weather>
  <Steering>126</Steering>
  <Acc>151</Acc>
  <Brake>127</Brake>
  <DayTime>15:16:13</DayTime>
  <Position>
    <X>-2371.37329</X>
    <Y>-260.447266</Y>
    <Z>15.0538607</Z>
  </Position>
  <Rotation>
    <X>0.885729432</X>
    <Y>2.963973</Y>
    <Z>57.864193</Z>
  </Rotation>
</Screenshot>