<?xml version="1.0" encoding="utf-8"?>
<Screenshot xmlns:xsd="http://www.w3.org/2001/XMLSchema" xmlns:xsi="http://www.w3.org/2001/XMLSchema-instance">
  <Cars />
  <MyCar>
    <Position>
      <X>-2370.81958</X>
      <Y>-260.842957</Y>
      <Z>14.1358156</Z>
    </Position>
    <Rotation>
      <X>1.3794111</X>
      <Y>2.46070719</Y>
      <Z>57.91811</Z>
    </Rotation>
    <Handle>104962</Handle>
    <Bounds>
      <Vector3>
        <X>-2369.22778</X>
        <Y>-263.085</Y>
        <Z>13.391078</Z>
      </Vector3>
      <Vector3>
        <X>-2368.1438</X>
        <Y>-261.3558</Y>
        <Z>13.3033752</Z>
      </Vector3>
      <Vector3>
        <X>-2373.558</X>
        <Y>-260.364227</Y>
        <Z>13.5141115</Z>
      </Vector3>
      <Vector3>
        <X>-2369.16479</X>
        <Y>-263.050659</Y>
        <Z>14.845211</Z>
      </Vector3>
      <Vector3>
        <X>-2372.474</X>
        <Y>-258.63504</Y>
        <Z>13.4264088</Z>
      </Vector3>
      <Vector3>
        <X>-2368.08081</X>
        <Y>-261.321472</Y>
        <Z>14.7575083</Z>
      </Vector3>
      <Vector3>
        <X>-2373.495</X>
        <Y>-260.3299</Y>
        <Z>14.9682446</Z>
      </Vector3>
      <Vector3>
        <X>-2372.41138</X>
        <Y>-258.6007</Y>
        <Z>14.8805418</Z>
      </Vector3>
    </Bounds>
    <CenterCamPosition>
      <X>0</X>
      <Y>0</Y>
    </CenterCamPosition>
    <ScreenBounds />
    <DistanceToCam>0</DistanceToCam>
    <Speed>6.26770926</Speed>
    <AccInput>0</AccInput>
    <RPM>1.35798967</RPM>
    <Gear>0</Gear>
    <SteeringAngle>4.463976E-41</SteeringAngle>
    <WheelSpeed>0</WheelSpeed>
    <CarType>Sports</CarType>
  </MyCar>
  <Peds />
  <Time>270651</Time>
  <LastFrameTime>0.0332918242</LastFrameTime>
  <MyProperty>0</MyProperty>
  <Weather>Foggy</Weather>
  <Steering>126</Steering>
  <Acc>151</Acc>
  <Brake>127</Brake>
  <DayTime>15:16:13</DayTime>
  <Position>
    <X>-2371.61987</X>
    <Y>-260.293671</Y>
    <Z>15.0595093</Z>
  </Position>
  <Rotation>
    <X>0.882471144</X>
    <Y>2.9611733</Y>
    <Z>57.92563</Z>
  </Rotation>
</Screenshot>