<?xml version="1.0" encoding="utf-8"?>
<Screenshot xmlns:xsd="http://www.w3.org/2001/XMLSchema" xmlns:xsi="http://www.w3.org/2001/XMLSchema-instance">
  <Cars />
  <MyCar>
    <Position>
      <X>-2371.4668</X>
      <Y>-260.436279</Y>
      <Z>14.1509047</Z>
    </Position>
    <Rotation>
      <X>1.37163568</X>
      <Y>2.46224213</Y>
      <Z>58.0194626</Z>
    </Rotation>
    <Handle>104962</Handle>
    <Bounds>
      <Vector3>
        <X>-2369.87085</X>
        <Y>-262.675537</Y>
        <Z>13.406539</Z>
      </Vector3>
      <Vector3>
        <X>-2368.79</X>
        <Y>-260.944458</Y>
        <Z>13.3187819</Z>
      </Vector3>
      <Vector3>
        <X>-2374.206</X>
        <Y>-259.9625</Y>
        <Z>13.52888</Z>
      </Vector3>
      <Vector3>
        <X>-2369.80835</X>
        <Y>-262.640961</Y>
        <Z>14.8606758</Z>
      </Vector3>
      <Vector3>
        <X>-2373.12524</X>
        <Y>-258.231384</Y>
        <Z>13.4411221</Z>
      </Vector3>
      <Vector3>
        <X>-2368.72729</X>
        <Y>-260.909882</Y>
        <Z>14.7729177</Z>
      </Vector3>
      <Vector3>
        <X>-2374.14331</X>
        <Y>-259.9279</Y>
        <Z>14.983016</Z>
      </Vector3>
      <Vector3>
        <X>-2373.0625</X>
        <Y>-258.1968</Y>
        <Z>14.8952589</Z>
      </Vector3>
    </Bounds>
    <CenterCamPosition>
      <X>0</X>
      <Y>0</Y>
    </CenterCamPosition>
    <ScreenBounds />
    <DistanceToCam>0</DistanceToCam>
    <Speed>6.486738</Speed>
    <AccInput>0</AccInput>
    <RPM>1.35798967</RPM>
    <Gear>0</Gear>
    <SteeringAngle>4.463976E-41</SteeringAngle>
    <WheelSpeed>0</WheelSpeed>
    <CarType>Sports</CarType>
  </MyCar>
  <Peds />
  <Time>270771</Time>
  <LastFrameTime>0.0194414351</LastFrameTime>
  <MyProperty>0</MyProperty>
  <Weather>Foggy</Weather>
  <Steering>126</Steering>
  <Acc>151</Acc>
  <Brake>127</Brake>
  <DayTime>15:16:13</DayTime>
  <Position>
    <X>-2372.33813</X>
    <Y>-259.845184</Y>
    <Z>15.0760269</Z>
  </Position>
  <Rotation>
    <X>0.8738318</X>
    <Y>2.96327567</Y>
    <Z>58.05062</Z>
  </Rotation>
</Screenshot>