<?xml version="1.0" encoding="utf-8"?>
<Screenshot xmlns:xsd="http://www.w3.org/2001/XMLSchema" xmlns:xsi="http://www.w3.org/2001/XMLSchema-instance">
  <Cars />
  <MyCar>
    <Position>
      <X>-2371.105</X>
      <Y>-260.663483</Y>
      <Z>14.1424809</Z>
    </Position>
    <Rotation>
      <X>1.375396</X>
      <Y>2.45961428</Y>
      <Z>57.9694366</Z>
    </Rotation>
    <Handle>104962</Handle>
    <Bounds>
      <Vector3>
        <X>-2369.511</X>
        <Y>-262.904083</Y>
        <Z>13.3979006</Z>
      </Vector3>
      <Vector3>
        <X>-2368.42871</X>
        <Y>-261.17395</Y>
        <Z>13.3102369</Z>
      </Vector3>
      <Vector3>
        <X>-2373.844</X>
        <Y>-260.187225</Y>
        <Z>13.5205765</Z>
      </Vector3>
      <Vector3>
        <X>-2369.44824</X>
        <Y>-262.8697</Y>
        <Z>14.8520374</Z>
      </Vector3>
      <Vector3>
        <X>-2372.76147</X>
        <Y>-258.4571</Y>
        <Z>13.4329128</Z>
      </Vector3>
      <Vector3>
        <X>-2368.366</X>
        <Y>-261.139526</Y>
        <Z>14.7643738</Z>
      </Vector3>
      <Vector3>
        <X>-2373.78125</X>
        <Y>-260.152832</Y>
        <Z>14.9747133</Z>
      </Vector3>
      <Vector3>
        <X>-2372.69873</X>
        <Y>-258.422668</Y>
        <Z>14.88705</Z>
      </Vector3>
    </Bounds>
    <CenterCamPosition>
      <X>0</X>
      <Y>0</Y>
    </CenterCamPosition>
    <ScreenBounds />
    <DistanceToCam>0</DistanceToCam>
    <Speed>6.369267</Speed>
    <AccInput>0</AccInput>
    <RPM>1.35798967</RPM>
    <Gear>0</Gear>
    <SteeringAngle>4.463976E-41</SteeringAngle>
    <WheelSpeed>0</WheelSpeed>
    <CarType>Sports</CarType>
  </MyCar>
  <Peds />
  <Time>270704</Time>
  <LastFrameTime>0.026851479</LastFrameTime>
  <MyProperty>0</MyProperty>
  <Weather>Foggy</Weather>
  <Steering>126</Steering>
  <Acc>151</Acc>
  <Brake>127</Brake>
  <DayTime>15:16:13</DayTime>
  <Position>
    <X>-2371.93774</X>
    <Y>-260.095276</Y>
    <Z>15.066844</Z>
  </Position>
  <Rotation>
    <X>0.8793063</X>
    <Y>2.96053052</Y>
    <Z>57.9907227</Z>
  </Rotation>
</Screenshot>