<?xml version="1.0" encoding="utf-8"?>
<Screenshot xmlns:xsd="http://www.w3.org/2001/XMLSchema" xmlns:xsi="http://www.w3.org/2001/XMLSchema-instance">
  <Cars />
  <MyCar>
    <Position>
      <X>-2371.36</X>
      <Y>-260.503235</Y>
      <Z>14.1483974</Z>
    </Position>
    <Rotation>
      <X>1.37266362</X>
      <Y>2.46362042</Y>
      <Z>58.0054474</Z>
    </Rotation>
    <Handle>104962</Handle>
    <Bounds>
      <Vector3>
        <X>-2369.765</X>
        <Y>-262.7429</Y>
        <Z>13.4040117</Z>
      </Vector3>
      <Vector3>
        <X>-2368.68359</X>
        <Y>-261.0121</Y>
        <Z>13.316205</Z>
      </Vector3>
      <Vector3>
        <X>-2374.09937</X>
        <Y>-260.028778</Y>
        <Z>13.5264435</Z>
      </Vector3>
      <Vector3>
        <X>-2369.70215</X>
        <Y>-262.7083</Y>
        <Z>14.8581457</Z>
      </Vector3>
      <Vector3>
        <X>-2373.018</X>
        <Y>-258.297943</Y>
        <Z>13.4386377</Z>
      </Vector3>
      <Vector3>
        <X>-2368.62085</X>
        <Y>-260.977478</Y>
        <Z>14.77034</Z>
      </Vector3>
      <Vector3>
        <X>-2374.03662</X>
        <Y>-259.9942</Y>
        <Z>14.9805784</Z>
      </Vector3>
      <Vector3>
        <X>-2372.95532</X>
        <Y>-258.263367</Y>
        <Z>14.8927717</Z>
      </Vector3>
    </Bounds>
    <CenterCamPosition>
      <X>0</X>
      <Y>0</Y>
    </CenterCamPosition>
    <ScreenBounds />
    <DistanceToCam>0</DistanceToCam>
    <Speed>6.452746</Speed>
    <AccInput>0</AccInput>
    <RPM>1.35798967</RPM>
    <Gear>0</Gear>
    <SteeringAngle>4.463976E-41</SteeringAngle>
    <WheelSpeed>0</WheelSpeed>
    <CarType>Sports</CarType>
  </MyCar>
  <Peds />
  <Time>270751</Time>
  <LastFrameTime>0.04686418</LastFrameTime>
  <MyProperty>0</MyProperty>
  <Weather>Foggy</Weather>
  <Steering>126</Steering>
  <Acc>151</Acc>
  <Brake>127</Brake>
  <DayTime>15:16:13</DayTime>
  <Position>
    <X>-2372.08252</X>
    <Y>-260.004883</Y>
    <Z>15.0701694</Z>
  </Position>
  <Rotation>
    <X>0.8765648</X>
    <Y>2.95926833</Y>
    <Z>58.0146866</Z>
  </Rotation>
</Screenshot>