<?xml version="1.0" encoding="utf-8"?>
<Screenshot xmlns:xsd="http://www.w3.org/2001/XMLSchema" xmlns:xsi="http://www.w3.org/2001/XMLSchema-instance">
  <Cars />
  <MyCar>
    <Position>
      <X>-2371.72876</X>
      <Y>-260.27182</Y>
      <Z>14.157053</Z>
    </Position>
    <Rotation>
      <X>1.36529386</X>
      <Y>2.45583463</Y>
      <Z>58.0459442</Z>
    </Rotation>
    <Handle>104962</Handle>
    <Bounds>
      <Vector3>
        <X>-2370.13184</X>
        <Y>-262.5103</Y>
        <Z>13.41285</Z>
      </Vector3>
      <Vector3>
        <X>-2369.05176</X>
        <Y>-260.778717</Y>
        <Z>13.3253212</Z>
      </Vector3>
      <Vector3>
        <X>-2374.46826</X>
        <Y>-259.7993</Y>
        <Z>13.534626</Z>
      </Vector3>
      <Vector3>
        <X>-2370.06934</X>
        <Y>-262.475769</Y>
        <Z>14.8669977</Z>
      </Vector3>
      <Vector3>
        <X>-2373.38818</X>
        <Y>-258.0677</Y>
        <Z>13.4470968</Z>
      </Vector3>
      <Vector3>
        <X>-2368.98926</X>
        <Y>-260.744141</Y>
        <Z>14.7794685</Z>
      </Vector3>
      <Vector3>
        <X>-2374.40576</X>
        <Y>-259.7647</Y>
        <Z>14.9887733</Z>
      </Vector3>
      <Vector3>
        <X>-2373.32568</X>
        <Y>-258.0331</Y>
        <Z>14.9012442</Z>
      </Vector3>
    </Bounds>
    <CenterCamPosition>
      <X>0</X>
      <Y>0</Y>
    </CenterCamPosition>
    <ScreenBounds />
    <DistanceToCam>0</DistanceToCam>
    <Speed>6.56758</Speed>
    <AccInput>0</AccInput>
    <RPM>1.35798967</RPM>
    <Gear>0</Gear>
    <SteeringAngle>4.463976E-41</SteeringAngle>
    <WheelSpeed>0</WheelSpeed>
    <CarType>Sports</CarType>
  </MyCar>
  <Peds />
  <Time>270818</Time>
  <LastFrameTime>0.047234375</LastFrameTime>
  <MyProperty>0</MyProperty>
  <Weather>Foggy</Weather>
  <Steering>127</Steering>
  <Acc>151</Acc>
  <Brake>127</Brake>
  <DayTime>15:16:13</DayTime>
  <Position>
    <X>-2372.445</X>
    <Y>-259.778473</Y>
    <Z>15.0785141</Z>
  </Position>
  <Rotation>
    <X>0.87280184</X>
    <Y>2.96189928</Y>
    <Z>58.0645638</Z>
  </Rotation>
</Screenshot>