<?xml version="1.0" encoding="utf-8"?>
<Screenshot xmlns:xsd="http://www.w3.org/2001/XMLSchema" xmlns:xsi="http://www.w3.org/2001/XMLSchema-instance">
  <Cars />
  <MyCar>
    <Position>
      <X>-2371.859</X>
      <Y>-260.190155</Y>
      <Z>14.1601038</Z>
    </Position>
    <Rotation>
      <X>1.364331</X>
      <Y>2.45311069</Y>
      <Z>58.0562363</Z>
    </Rotation>
    <Handle>104962</Handle>
    <Bounds>
      <Vector3>
        <X>-2370.26147</X>
        <Y>-262.428345</Y>
        <Z>13.4158936</Z>
      </Vector3>
      <Vector3>
        <X>-2369.18164</X>
        <Y>-260.696533</Y>
        <Z>13.3284616</Z>
      </Vector3>
      <Vector3>
        <X>-2374.59839</X>
        <Y>-259.718079</Y>
        <Z>13.5375834</Z>
      </Vector3>
      <Vector3>
        <X>-2370.199</X>
        <Y>-262.393829</Y>
        <Z>14.8700447</Z>
      </Vector3>
      <Vector3>
        <X>-2373.51855</X>
        <Y>-257.9863</Y>
        <Z>13.4501514</Z>
      </Vector3>
      <Vector3>
        <X>-2369.11938</X>
        <Y>-260.662018</Y>
        <Z>14.7826128</Z>
      </Vector3>
      <Vector3>
        <X>-2374.536</X>
        <Y>-259.683563</Y>
        <Z>14.9917345</Z>
      </Vector3>
      <Vector3>
        <X>-2373.4563</X>
        <Y>-257.951752</Y>
        <Z>14.9043026</Z>
      </Vector3>
    </Bounds>
    <CenterCamPosition>
      <X>0</X>
      <Y>0</Y>
    </CenterCamPosition>
    <ScreenBounds />
    <DistanceToCam>0</DistanceToCam>
    <Speed>6.606482</Speed>
    <AccInput>0</AccInput>
    <RPM>1.35798967</RPM>
    <Gear>0</Gear>
    <SteeringAngle>4.463976E-41</SteeringAngle>
    <WheelSpeed>0</WheelSpeed>
    <CarType>Sports</CarType>
  </MyCar>
  <Peds />
  <Time>270841</Time>
  <LastFrameTime>0.02328113</LastFrameTime>
  <MyProperty>0</MyProperty>
  <Weather>Foggy</Weather>
  <Steering>127</Steering>
  <Acc>151</Acc>
  <Brake>127</Brake>
  <DayTime>15:16:13</DayTime>
  <Position>
    <X>-2372.70728</X>
    <Y>-259.6145</Y>
    <Z>15.0845366</Z>
  </Position>
  <Rotation>
    <X>0.8664462</X>
    <Y>2.955497</Y>
    <Z>58.09062</Z>
  </Rotation>
</Screenshot>