<?xml version="1.0" encoding="utf-8"?>
<Screenshot xmlns:xsd="http://www.w3.org/2001/XMLSchema" xmlns:xsi="http://www.w3.org/2001/XMLSchema-instance">
  <Cars />
  <MyCar>
    <Position>
      <X>-2372.03052</X>
      <Y>-260.082275</Y>
      <Z>14.1641264</Z>
    </Position>
    <Rotation>
      <X>1.36123145</X>
      <Y>2.4493587</Y>
      <Z>58.0650177</Z>
    </Rotation>
    <Handle>104962</Handle>
    <Bounds>
      <Vector3>
        <X>-2370.43262</X>
        <Y>-262.3202</Y>
        <Z>13.4199848</Z>
      </Vector3>
      <Vector3>
        <X>-2369.353</X>
        <Y>-260.588226</Y>
        <Z>13.3326864</Z>
      </Vector3>
      <Vector3>
        <X>-2374.77</X>
        <Y>-259.610626</Y>
        <Z>13.541399</Z>
      </Vector3>
      <Vector3>
        <X>-2370.37036</X>
        <Y>-262.2857</Y>
        <Z>14.8741417</Z>
      </Vector3>
      <Vector3>
        <X>-2373.69043</X>
        <Y>-257.878632</Y>
        <Z>13.4541</Z>
      </Vector3>
      <Vector3>
        <X>-2369.29077</X>
        <Y>-260.5537</Y>
        <Z>14.7868433</Z>
      </Vector3>
      <Vector3>
        <X>-2374.70776</X>
        <Y>-259.5761</Y>
        <Z>14.9955549</Z>
      </Vector3>
      <Vector3>
        <X>-2373.62817</X>
        <Y>-257.844147</Y>
        <Z>14.9082565</Z>
      </Vector3>
    </Bounds>
    <CenterCamPosition>
      <X>0</X>
      <Y>0</Y>
    </CenterCamPosition>
    <ScreenBounds />
    <DistanceToCam>0</DistanceToCam>
    <Speed>6.65668249</Speed>
    <AccInput>0</AccInput>
    <RPM>1.35798967</RPM>
    <Gear>0</Gear>
    <SteeringAngle>4.463976E-41</SteeringAngle>
    <WheelSpeed>0</WheelSpeed>
    <CarType>Sports</CarType>
  </MyCar>
  <Peds />
  <Time>270872</Time>
  <LastFrameTime>0.0305102654</LastFrameTime>
  <MyProperty>0</MyProperty>
  <Weather>Foggy</Weather>
  <Steering>127</Steering>
  <Acc>151</Acc>
  <Brake>127</Brake>
  <DayTime>15:16:13</DayTime>
  <Position>
    <X>-2372.83765</X>
    <Y>-259.533051</Y>
    <Z>15.08757</Z>
  </Position>
  <Rotation>
    <X>0.865480244</X>
    <Y>2.952774</Y>
    <Z>58.1008224</Z>
  </Rotation>
</Screenshot>