<?xml version="1.0" encoding="utf-8"?>
<Screenshot xmlns:xsd="http://www.w3.org/2001/XMLSchema" xmlns:xsi="http://www.w3.org/2001/XMLSchema-instance">
  <Cars />
  <MyCar>
    <Position>
      <X>-2372.2915</X>
      <Y>-259.918</Y>
      <Z>14.1702948</Z>
    </Position>
    <Rotation>
      <X>1.35840452</X>
      <Y>2.44616342</Y>
      <Z>58.069622</Z>
    </Rotation>
    <Handle>104962</Handle>
    <Bounds>
      <Vector3>
        <X>-2370.69336</X>
        <Y>-262.155762</Y>
        <Z>13.42622</Z>
      </Vector3>
      <Vector3>
        <X>-2369.614</X>
        <Y>-260.4237</Y>
        <Z>13.339035</Z>
      </Vector3>
      <Vector3>
        <X>-2375.031</X>
        <Y>-259.446564</Y>
        <Z>13.5473814</Z>
      </Vector3>
      <Vector3>
        <X>-2370.63135</X>
        <Y>-262.1213</Y>
        <Z>14.8803816</Z>
      </Vector3>
      <Vector3>
        <X>-2373.95166</X>
        <Y>-257.714478</Y>
        <Z>13.4601965</Z>
      </Vector3>
      <Vector3>
        <X>-2369.55176</X>
        <Y>-260.389252</Y>
        <Z>14.7931967</Z>
      </Vector3>
      <Vector3>
        <X>-2374.96875</X>
        <Y>-259.412079</Y>
        <Z>15.001543</Z>
      </Vector3>
      <Vector3>
        <X>-2373.8894</X>
        <Y>-257.680023</Y>
        <Z>14.9143591</Z>
      </Vector3>
    </Bounds>
    <CenterCamPosition>
      <X>0</X>
      <Y>0</Y>
    </CenterCamPosition>
    <ScreenBounds />
    <DistanceToCam>0</DistanceToCam>
    <Speed>6.73068428</Speed>
    <AccInput>0</AccInput>
    <RPM>1.35798967</RPM>
    <Gear>0</Gear>
    <SteeringAngle>4.463976E-41</SteeringAngle>
    <WheelSpeed>0</WheelSpeed>
    <CarType>Sports</CarType>
  </MyCar>
  <Peds />
  <Time>270918</Time>
  <LastFrameTime>0.0459574759</LastFrameTime>
  <MyProperty>0</MyProperty>
  <Weather>Foggy</Weather>
  <Steering>127</Steering>
  <Acc>150</Acc>
  <Brake>127</Brake>
  <DayTime>15:16:13</DayTime>
  <Position>
    <X>-2373.00952</X>
    <Y>-259.425354</Y>
    <Z>15.0915318</Z>
  </Position>
  <Rotation>
    <X>0.8623735</X>
    <Y>2.949025</Y>
    <Z>58.1093826</Z>
  </Rotation>
</Screenshot>