<?xml version="1.0" encoding="utf-8"?>
<Screenshot xmlns:xsd="http://www.w3.org/2001/XMLSchema" xmlns:xsi="http://www.w3.org/2001/XMLSchema-instance">
  <Cars />
  <MyCar>
    <Position>
      <X>-2372.4104</X>
      <Y>-259.84314</Y>
      <Z>14.173131</Z>
    </Position>
    <Rotation>
      <X>1.35901093</X>
      <Y>2.44625974</Y>
      <Z>58.06978</Z>
    </Rotation>
    <Handle>104962</Handle>
    <Bounds>
      <Vector3>
        <X>-2370.81226</X>
        <Y>-262.0809</Y>
        <Z>13.42903</Z>
      </Vector3>
      <Vector3>
        <X>-2369.733</X>
        <Y>-260.348846</Y>
        <Z>13.3418427</Z>
      </Vector3>
      <Vector3>
        <X>-2375.15</X>
        <Y>-259.3717</Y>
        <Z>13.5502472</Z>
      </Vector3>
      <Vector3>
        <X>-2370.75024</X>
        <Y>-262.046448</Y>
        <Z>14.8831921</Z>
      </Vector3>
      <Vector3>
        <X>-2374.07056</X>
        <Y>-257.639618</Y>
        <Z>13.4630585</Z>
      </Vector3>
      <Vector3>
        <X>-2369.67065</X>
        <Y>-260.314362</Y>
        <Z>14.7960043</Z>
      </Vector3>
      <Vector3>
        <X>-2375.08765</X>
        <Y>-259.33725</Y>
        <Z>15.0044079</Z>
      </Vector3>
      <Vector3>
        <X>-2374.0083</X>
        <Y>-257.605164</Y>
        <Z>14.91722</Z>
      </Vector3>
    </Bounds>
    <CenterCamPosition>
      <X>0</X>
      <Y>0</Y>
    </CenterCamPosition>
    <ScreenBounds />
    <DistanceToCam>0</DistanceToCam>
    <Speed>6.76355934</Speed>
    <AccInput>0</AccInput>
    <RPM>1.35798967</RPM>
    <Gear>0</Gear>
    <SteeringAngle>4.463976E-41</SteeringAngle>
    <WheelSpeed>0</WheelSpeed>
    <CarType>Sports</CarType>
  </MyCar>
  <Peds />
  <Time>270939</Time>
  <LastFrameTime>0.0207934268</LastFrameTime>
  <MyProperty>0</MyProperty>
  <Weather>Foggy</Weather>
  <Steering>127</Steering>
  <Acc>150</Acc>
  <Brake>127</Brake>
  <DayTime>15:16:13</DayTime>
  <Position>
    <X>-2373.27051</X>
    <Y>-259.261169</Y>
    <Z>15.0976439</Z>
  </Position>
  <Rotation>
    <X>0.8595404</X>
    <Y>2.94583273</Y>
    <Z>58.1137924</Z>
  </Rotation>
</Screenshot>