<?xml version="1.0" encoding="utf-8"?>
<Screenshot xmlns:xsd="http://www.w3.org/2001/XMLSchema" xmlns:xsi="http://www.w3.org/2001/XMLSchema-instance">
  <Cars />
  <MyCar>
    <Position>
      <X>-2372.97632</X>
      <Y>-259.486145</Y>
      <Z>14.1866188</Z>
    </Position>
    <Rotation>
      <X>1.35991073</X>
      <Y>2.447227</Y>
      <Z>58.0491676</Z>
    </Rotation>
    <Handle>104962</Handle>
    <Bounds>
      <Vector3>
        <X>-2371.37915</X>
        <Y>-261.7245</Y>
        <Z>13.4424963</Z>
      </Vector3>
      <Vector3>
        <X>-2370.299</X>
        <Y>-259.9928</Y>
        <Z>13.3552742</Z>
      </Vector3>
      <Vector3>
        <X>-2375.71558</X>
        <Y>-259.013733</Y>
        <Z>13.5637922</Z>
      </Vector3>
      <Vector3>
        <X>-2371.317</X>
        <Y>-261.690033</Y>
        <Z>14.896656</Z>
      </Vector3>
      <Vector3>
        <X>-2374.63574</X>
        <Y>-257.282043</Y>
        <Z>13.47657</Z>
      </Vector3>
      <Vector3>
        <X>-2370.23682</X>
        <Y>-259.958374</Y>
        <Z>14.8094339</Z>
      </Vector3>
      <Vector3>
        <X>-2375.65356</X>
        <Y>-258.979279</Y>
        <Z>15.0179529</Z>
      </Vector3>
      <Vector3>
        <X>-2374.57349</X>
        <Y>-257.2476</Y>
        <Z>14.93073</Z>
      </Vector3>
    </Bounds>
    <CenterCamPosition>
      <X>0</X>
      <Y>0</Y>
    </CenterCamPosition>
    <ScreenBounds />
    <DistanceToCam>0</DistanceToCam>
    <Speed>6.90987873</Speed>
    <AccInput>0</AccInput>
    <RPM>1.35798967</RPM>
    <Gear>0</Gear>
    <SteeringAngle>4.463976E-41</SteeringAngle>
    <WheelSpeed>0</WheelSpeed>
    <CarType>Sports</CarType>
  </MyCar>
  <Peds />
  <Time>271036</Time>
  <LastFrameTime>0.0344604254</LastFrameTime>
  <MyProperty>0</MyProperty>
  <Weather>Foggy</Weather>
  <Steering>127</Steering>
  <Acc>146</Acc>
  <Brake>127</Brake>
  <DayTime>15:16:13</DayTime>
  <Position>
    <X>-2373.75439</X>
    <Y>-258.956055</Y>
    <Z>15.1091928</Z>
  </Position>
  <Rotation>
    <X>0.8616737</X>
    <Y>2.94513917</Y>
    <Z>58.1028</Z>
  </Rotation>
</Screenshot>