<?xml version="1.0" encoding="utf-8"?>
<Screenshot xmlns:xsd="http://www.w3.org/2001/XMLSchema" xmlns:xsi="http://www.w3.org/2001/XMLSchema-instance">
  <Cars />
  <MyCar>
    <Position>
      <X>-2373.08643</X>
      <Y>-259.416565</Y>
      <Z>14.1892452</Z>
    </Position>
    <Rotation>
      <X>1.36021268</X>
      <Y>2.44773722</Y>
      <Z>58.04343</Z>
    </Rotation>
    <Handle>104962</Handle>
    <Bounds>
      <Vector3>
        <X>-2371.4895</X>
        <Y>-261.65506</Y>
        <Z>13.4451189</Z>
      </Vector3>
      <Vector3>
        <X>-2370.40918</X>
        <Y>-259.9235</Y>
        <Z>13.3578777</Z>
      </Vector3>
      <Vector3>
        <X>-2375.82568</X>
        <Y>-258.943878</Y>
        <Z>13.5664415</Z>
      </Vector3>
      <Vector3>
        <X>-2371.42725</X>
        <Y>-261.620636</Y>
        <Z>14.8992777</Z>
      </Vector3>
      <Vector3>
        <X>-2374.74561</X>
        <Y>-257.2123</Y>
        <Z>13.4792013</Z>
      </Vector3>
      <Vector3>
        <X>-2370.347</X>
        <Y>-259.889069</Y>
        <Z>14.8120375</Z>
      </Vector3>
      <Vector3>
        <X>-2375.76343</X>
        <Y>-258.909424</Y>
        <Z>15.0206013</Z>
      </Vector3>
      <Vector3>
        <X>-2374.68335</X>
        <Y>-257.177856</Y>
        <Z>14.93336</Z>
      </Vector3>
    </Bounds>
    <CenterCamPosition>
      <X>0</X>
      <Y>0</Y>
    </CenterCamPosition>
    <ScreenBounds />
    <DistanceToCam>0</DistanceToCam>
    <Speed>6.93648672</Speed>
    <AccInput>0</AccInput>
    <RPM>1.35798967</RPM>
    <Gear>0</Gear>
    <SteeringAngle>4.463976E-41</SteeringAngle>
    <WheelSpeed>0</WheelSpeed>
    <CarType>Sports</CarType>
  </MyCar>
  <Peds />
  <Time>271055</Time>
  <LastFrameTime>0.0187978651</LastFrameTime>
  <MyProperty>0</MyProperty>
  <Weather>Foggy</Weather>
  <Steering>127</Steering>
  <Acc>146</Acc>
  <Brake>127</Brake>
  <DayTime>15:16:13</DayTime>
  <Position>
    <X>-2373.955</X>
    <Y>-258.828979</Y>
    <Z>15.1139984</Z>
  </Position>
  <Rotation>
    <X>0.8610494</X>
    <Y>2.946895</Y>
    <Z>58.09344</Z>
  </Rotation>
</Screenshot>