<?xml version="1.0" encoding="utf-8"?>
<Screenshot xmlns:xsd="http://www.w3.org/2001/XMLSchema" xmlns:xsi="http://www.w3.org/2001/XMLSchema-instance">
  <Cars />
  <MyCar>
    <Position>
      <X>-2372.77539</X>
      <Y>-259.613037</Y>
      <Z>14.1818</Z>
    </Position>
    <Rotation>
      <X>1.36053574</X>
      <Y>2.445472</Y>
      <Z>58.0585251</Z>
    </Rotation>
    <Handle>104962</Handle>
    <Bounds>
      <Vector3>
        <X>-2371.17773</X>
        <Y>-261.8511</Y>
        <Z>13.4376173</Z>
      </Vector3>
      <Vector3>
        <X>-2370.098</X>
        <Y>-260.119232</Y>
        <Z>13.3504572</Z>
      </Vector3>
      <Vector3>
        <X>-2375.515</X>
        <Y>-259.141052</Y>
        <Z>13.5589695</Z>
      </Vector3>
      <Vector3>
        <X>-2371.11548</X>
        <Y>-261.816681</Y>
        <Z>14.8917789</Z>
      </Vector3>
      <Vector3>
        <X>-2374.435</X>
        <Y>-257.40918</Y>
        <Z>13.4718094</Z>
      </Vector3>
      <Vector3>
        <X>-2370.036</X>
        <Y>-260.084839</Y>
        <Z>14.8046188</Z>
      </Vector3>
      <Vector3>
        <X>-2375.45264</X>
        <Y>-259.106628</Y>
        <Z>15.0131311</Z>
      </Vector3>
      <Vector3>
        <X>-2374.3728</X>
        <Y>-257.3748</Y>
        <Z>14.925971</Z>
      </Vector3>
    </Bounds>
    <CenterCamPosition>
      <X>0</X>
      <Y>0</Y>
    </CenterCamPosition>
    <ScreenBounds />
    <DistanceToCam>0</DistanceToCam>
    <Speed>6.859625</Speed>
    <AccInput>0</AccInput>
    <RPM>1.35798967</RPM>
    <Gear>0</Gear>
    <SteeringAngle>4.463976E-41</SteeringAngle>
    <WheelSpeed>0</WheelSpeed>
    <CarType>Sports</CarType>
  </MyCar>
  <Peds />
  <Time>271002</Time>
  <LastFrameTime>0.0631157</LastFrameTime>
  <MyProperty>0</MyProperty>
  <Weather>Foggy</Weather>
  <Steering>127</Steering>
  <Acc>148</Acc>
  <Brake>127</Brake>
  <DayTime>15:16:13</DayTime>
  <Position>
    <X>-2373.3894</X>
    <Y>-259.1863</Y>
    <Z>15.1004925</Z>
  </Position>
  <Rotation>
    <X>0.8601476</X>
    <Y>2.94592857</Y>
    <Z>58.113987</Z>
  </Rotation>
</Screenshot>