<?xml version="1.0" encoding="utf-8"?>
<Screenshot xmlns:xsd="http://www.w3.org/2001/XMLSchema" xmlns:xsi="http://www.w3.org/2001/XMLSchema-instance">
  <Cars />
  <MyCar>
    <Position>
      <X>-2373.475</X>
      <Y>-259.1708</Y>
      <Z>14.19851</Z>
    </Position>
    <Rotation>
      <X>1.3598851</X>
      <Y>2.45176363</Y>
      <Z>58.0214424</Z>
    </Rotation>
    <Handle>104962</Handle>
    <Bounds>
      <Vector3>
        <X>-2371.879</X>
        <Y>-261.409973</Y>
        <Z>13.4544725</Z>
      </Vector3>
      <Vector3>
        <X>-2370.798</X>
        <Y>-259.678833</Y>
        <Z>13.3670883</Z>
      </Vector3>
      <Vector3>
        <X>-2376.21436</X>
        <Y>-258.6971</Y>
        <Z>13.5757656</Z>
      </Vector3>
      <Vector3>
        <X>-2371.81665</X>
        <Y>-261.375458</Y>
        <Z>14.9086275</Z>
      </Vector3>
      <Vector3>
        <X>-2375.1333</X>
        <Y>-256.965942</Y>
        <Z>13.4883814</Z>
      </Vector3>
      <Vector3>
        <X>-2370.73584</X>
        <Y>-259.644318</Y>
        <Z>14.8212433</Z>
      </Vector3>
      <Vector3>
        <X>-2376.15186</X>
        <Y>-258.6626</Y>
        <Z>15.0299206</Z>
      </Vector3>
      <Vector3>
        <X>-2375.071</X>
        <Y>-256.931427</Y>
        <Z>14.9425364</Z>
      </Vector3>
    </Bounds>
    <CenterCamPosition>
      <X>0</X>
      <Y>0</Y>
    </CenterCamPosition>
    <ScreenBounds />
    <DistanceToCam>0</DistanceToCam>
    <Speed>7.023054</Speed>
    <AccInput>0</AccInput>
    <RPM>1.35798967</RPM>
    <Gear>0</Gear>
    <SteeringAngle>4.463976E-41</SteeringAngle>
    <WheelSpeed>0</WheelSpeed>
    <CarType>Sports</CarType>
  </MyCar>
  <Peds />
  <Time>271121</Time>
  <LastFrameTime>0.0188971628</LastFrameTime>
  <MyProperty>0</MyProperty>
  <Weather>Foggy</Weather>
  <Steering>126</Steering>
  <Acc>143</Acc>
  <Brake>127</Brake>
  <DayTime>15:16:13</DayTime>
  <Position>
    <X>-2374.34155</X>
    <Y>-258.584076</Y>
    <Z>15.1232023</Z>
  </Position>
  <Rotation>
    <X>0.8609118</X>
    <Y>2.94986558</Y>
    <Z>58.07202</Z>
  </Rotation>
</Screenshot>