<?xml version="1.0" encoding="utf-8"?>
<Screenshot xmlns:xsd="http://www.w3.org/2001/XMLSchema" xmlns:xsi="http://www.w3.org/2001/XMLSchema-instance">
  <Cars />
  <MyCar>
    <Position>
      <X>-2373.75732</X>
      <Y>-258.992371</Y>
      <Z>14.205265</Z>
    </Position>
    <Rotation>
      <X>1.35823607</X>
      <Y>2.45980048</Y>
      <Z>58.01126</Z>
    </Rotation>
    <Handle>104962</Handle>
    <Bounds>
      <Vector3>
        <X>-2372.16162</X>
        <Y>-261.2319</Y>
        <Z>13.4614477</Z>
      </Vector3>
      <Vector3>
        <X>-2371.08057</X>
        <Y>-259.500977</Y>
        <Z>13.3737774</Z>
      </Vector3>
      <Vector3>
        <X>-2376.49634</X>
        <Y>-258.51825</Y>
        <Z>13.5825939</Z>
      </Vector3>
      <Vector3>
        <X>-2372.099</X>
        <Y>-261.1972</Y>
        <Z>14.9155951</Z>
      </Vector3>
      <Vector3>
        <X>-2375.41528</X>
        <Y>-256.787323</Y>
        <Z>13.4949236</Z>
      </Vector3>
      <Vector3>
        <X>-2371.018</X>
        <Y>-259.466278</Y>
        <Z>14.8279247</Z>
      </Vector3>
      <Vector3>
        <X>-2376.434</X>
        <Y>-258.483551</Y>
        <Z>15.0367413</Z>
      </Vector3>
      <Vector3>
        <X>-2375.353</X>
        <Y>-256.752625</Y>
        <Z>14.9490709</Z>
      </Vector3>
    </Bounds>
    <CenterCamPosition>
      <X>0</X>
      <Y>0</Y>
    </CenterCamPosition>
    <ScreenBounds />
    <DistanceToCam>0</DistanceToCam>
    <Speed>7.079924</Speed>
    <AccInput>0</AccInput>
    <RPM>1.35798967</RPM>
    <Gear>0</Gear>
    <SteeringAngle>4.463976E-41</SteeringAngle>
    <WheelSpeed>0</WheelSpeed>
    <CarType>Sports</CarType>
  </MyCar>
  <Peds />
  <Time>271168</Time>
  <LastFrameTime>0.04727378</LastFrameTime>
  <MyProperty>0</MyProperty>
  <Weather>Foggy</Weather>
  <Steering>126</Steering>
  <Acc>143</Acc>
  <Brake>127</Brake>
  <DayTime>15:16:13</DayTime>
  <Position>
    <X>-2374.45361</X>
    <Y>-258.5131</Y>
    <Z>15.125886</Z>
  </Position>
  <Rotation>
    <X>0.8610269</X>
    <Y>2.95143</Y>
    <Z>58.06577</Z>
  </Rotation>
</Screenshot>