<?xml version="1.0" encoding="utf-8"?>
<Screenshot xmlns:xsd="http://www.w3.org/2001/XMLSchema" xmlns:xsi="http://www.w3.org/2001/XMLSchema-instance">
  <Cars />
  <MyCar>
    <Position>
      <X>-2373.89966</X>
      <Y>-258.902435</Y>
      <Z>14.2086725</Z>
    </Position>
    <Rotation>
      <X>1.35852563</X>
      <Y>2.46116686</Y>
      <Z>58.007515</Z>
    </Rotation>
    <Handle>104962</Handle>
    <Bounds>
      <Vector3>
        <X>-2372.3042</X>
        <Y>-261.1421</Y>
        <Z>13.4648676</Z>
      </Vector3>
      <Vector3>
        <X>-2371.223</X>
        <Y>-259.411224</Y>
        <Z>13.3771486</Z>
      </Vector3>
      <Vector3>
        <X>-2376.63867</X>
        <Y>-258.428162</Y>
        <Z>13.58604</Z>
      </Vector3>
      <Vector3>
        <X>-2372.2417</X>
        <Y>-261.1074</Y>
        <Z>14.919013</Z>
      </Vector3>
      <Vector3>
        <X>-2375.55737</X>
        <Y>-256.6973</Y>
        <Z>13.4983206</Z>
      </Vector3>
      <Vector3>
        <X>-2371.1604</X>
        <Y>-259.3765</Y>
        <Z>14.8312941</Z>
      </Vector3>
      <Vector3>
        <X>-2376.57642</X>
        <Y>-258.393433</Y>
        <Z>15.040185</Z>
      </Vector3>
      <Vector3>
        <X>-2375.495</X>
        <Y>-256.662567</Y>
        <Z>14.952466</Z>
      </Vector3>
    </Bounds>
    <CenterCamPosition>
      <X>0</X>
      <Y>0</Y>
    </CenterCamPosition>
    <ScreenBounds />
    <DistanceToCam>0</DistanceToCam>
    <Speed>7.10715437</Speed>
    <AccInput>0</AccInput>
    <RPM>1.35798967</RPM>
    <Gear>0</Gear>
    <SteeringAngle>4.463976E-41</SteeringAngle>
    <WheelSpeed>0</WheelSpeed>
    <CarType>Sports</CarType>
  </MyCar>
  <Peds />
  <Time>271192</Time>
  <LastFrameTime>0.023721138</LastFrameTime>
  <MyProperty>0</MyProperty>
  <Weather>Foggy</Weather>
  <Steering>126</Steering>
  <Acc>143</Acc>
  <Brake>127</Brake>
  <DayTime>15:16:13</DayTime>
  <Position>
    <X>-2374.7356</X>
    <Y>-258.334351</Y>
    <Z>15.1326017</Z>
  </Position>
  <Rotation>
    <X>0.8593823</X>
    <Y>2.95946765</Y>
    <Z>58.05563</Z>
  </Rotation>
</Screenshot>