<?xml version="1.0" encoding="utf-8"?>
<Screenshot xmlns:xsd="http://www.w3.org/2001/XMLSchema" xmlns:xsi="http://www.w3.org/2001/XMLSchema-instance">
  <Cars />
  <MyCar>
    <Position>
      <X>-2373.363</X>
      <Y>-259.241669</Y>
      <Z>14.1958275</Z>
    </Position>
    <Rotation>
      <X>1.359771</X>
      <Y>2.45019817</Y>
      <Z>58.0277138</Z>
    </Rotation>
    <Handle>104962</Handle>
    <Bounds>
      <Vector3>
        <X>-2371.7666</X>
        <Y>-261.480652</Y>
        <Z>13.451766</Z>
      </Vector3>
      <Vector3>
        <X>-2370.686</X>
        <Y>-259.749359</Y>
        <Z>13.3644371</Z>
      </Vector3>
      <Vector3>
        <X>-2376.10229</X>
        <Y>-258.76825</Y>
        <Z>13.57305</Z>
      </Vector3>
      <Vector3>
        <X>-2371.70435</X>
        <Y>-261.446136</Y>
        <Z>14.9059229</Z>
      </Vector3>
      <Vector3>
        <X>-2375.02148</X>
        <Y>-257.037</Y>
        <Z>13.4857206</Z>
      </Vector3>
      <Vector3>
        <X>-2370.62378</X>
        <Y>-259.714874</Y>
        <Z>14.818594</Z>
      </Vector3>
      <Vector3>
        <X>-2376.04</X>
        <Y>-258.733765</Y>
        <Z>15.0272064</Z>
      </Vector3>
      <Vector3>
        <X>-2374.95923</X>
        <Y>-257.0025</Y>
        <Z>14.9398775</Z>
      </Vector3>
    </Bounds>
    <CenterCamPosition>
      <X>0</X>
      <Y>0</Y>
    </CenterCamPosition>
    <ScreenBounds />
    <DistanceToCam>0</DistanceToCam>
    <Speed>6.99909639</Speed>
    <AccInput>0</AccInput>
    <RPM>1.35798967</RPM>
    <Gear>0</Gear>
    <SteeringAngle>4.463976E-41</SteeringAngle>
    <WheelSpeed>0</WheelSpeed>
    <CarType>Sports</CarType>
  </MyCar>
  <Peds />
  <Time>271102</Time>
  <LastFrameTime>0.046869766</LastFrameTime>
  <MyProperty>0</MyProperty>
  <Weather>Foggy</Weather>
  <Steering>127</Steering>
  <Acc>143</Acc>
  <Brake>127</Brake>
  <DayTime>15:16:13</DayTime>
  <Position>
    <X>-2374.06519</X>
    <Y>-258.759277</Y>
    <Z>15.1166306</Z>
  </Position>
  <Rotation>
    <X>0.861352265</X>
    <Y>2.94740438</Y>
    <Z>58.0877228</Z>
  </Rotation>
</Screenshot>