<?xml version="1.0" encoding="utf-8"?>
<Screenshot xmlns:xsd="http://www.w3.org/2001/XMLSchema" xmlns:xsi="http://www.w3.org/2001/XMLSchema-instance">
  <Cars />
  <MyCar>
    <Position>
      <X>-2374.25879</X>
      <Y>-258.675781</Y>
      <Z>14.2172775</Z>
    </Position>
    <Rotation>
      <X>1.35810554</X>
      <Y>2.4671874</Y>
      <Z>58.00699</Z>
    </Rotation>
    <Handle>104962</Handle>
    <Bounds>
      <Vector3>
        <X>-2372.66333</X>
        <Y>-260.915527</Y>
        <Z>13.4736023</Z>
      </Vector3>
      <Vector3>
        <X>-2371.582</X>
        <Y>-259.184662</Y>
        <Z>13.3856688</Z>
      </Vector3>
      <Vector3>
        <X>-2376.9978</X>
        <Y>-258.201538</Y>
        <Z>13.5947361</Z>
      </Vector3>
      <Vector3>
        <X>-2372.60083</X>
        <Y>-260.880676</Y>
        <Z>14.9277411</Z>
      </Vector3>
      <Vector3>
        <X>-2375.91675</X>
        <Y>-256.470673</Y>
        <Z>13.5068026</Z>
      </Vector3>
      <Vector3>
        <X>-2371.51953</X>
        <Y>-259.1498</Y>
        <Z>14.8398075</Z>
      </Vector3>
      <Vector3>
        <X>-2376.93555</X>
        <Y>-258.1667</Y>
        <Z>15.0488749</Z>
      </Vector3>
      <Vector3>
        <X>-2375.85425</X>
        <Y>-256.435822</Y>
        <Z>14.9609413</Z>
      </Vector3>
    </Bounds>
    <CenterCamPosition>
      <X>0</X>
      <Y>0</Y>
    </CenterCamPosition>
    <ScreenBounds />
    <DistanceToCam>0</DistanceToCam>
    <Speed>7.171991</Speed>
    <AccInput>0</AccInput>
    <RPM>1.35798967</RPM>
    <Gear>0</Gear>
    <SteeringAngle>4.463976E-41</SteeringAngle>
    <WheelSpeed>0</WheelSpeed>
    <CarType>Sports</CarType>
  </MyCar>
  <Peds />
  <Time>271251</Time>
  <LastFrameTime>0.0593681633</LastFrameTime>
  <MyProperty>0</MyProperty>
  <Weather>Foggy</Weather>
  <Steering>126</Steering>
  <Acc>143</Acc>
  <Brake>127</Brake>
  <DayTime>15:16:13</DayTime>
  <Position>
    <X>-2374.878</X>
    <Y>-258.244354</Y>
    <Z>15.136014</Z>
  </Position>
  <Rotation>
    <X>0.8596733</X>
    <Y>2.960834</Y>
    <Z>58.051918</Z>
  </Rotation>
</Screenshot>