<?xml version="1.0" encoding="utf-8"?>
<Screenshot xmlns:xsd="http://www.w3.org/2001/XMLSchema" xmlns:xsi="http://www.w3.org/2001/XMLSchema-instance">
  <Cars />
  <MyCar>
    <Position>
      <X>-2374.37646</X>
      <Y>-258.6016</Y>
      <Z>14.2201023</Z>
    </Position>
    <Rotation>
      <X>1.35942209</X>
      <Y>2.46843362</Y>
      <Z>58.00849</Z>
    </Rotation>
    <Handle>104962</Handle>
    <Bounds>
      <Vector3>
        <X>-2372.781</X>
        <Y>-260.8413</Y>
        <Z>13.4763918</Z>
      </Vector3>
      <Vector3>
        <X>-2371.69971</X>
        <Y>-259.1104</Y>
        <Z>13.3884134</Z>
      </Vector3>
      <Vector3>
        <X>-2377.11572</X>
        <Y>-258.1274</Y>
        <Z>13.5976429</Z>
      </Vector3>
      <Vector3>
        <X>-2372.71851</X>
        <Y>-260.806427</Y>
        <Z>14.9305286</Z>
      </Vector3>
      <Vector3>
        <X>-2376.03442</X>
        <Y>-256.396545</Y>
        <Z>13.5096645</Z>
      </Vector3>
      <Vector3>
        <X>-2371.63721</X>
        <Y>-259.075562</Y>
        <Z>14.84255</Z>
      </Vector3>
      <Vector3>
        <X>-2377.053</X>
        <Y>-258.09256</Y>
        <Z>15.05178</Z>
      </Vector3>
      <Vector3>
        <X>-2375.972</X>
        <Y>-256.361664</Y>
        <Z>14.9638014</Z>
      </Vector3>
    </Bounds>
    <CenterCamPosition>
      <X>0</X>
      <Y>0</Y>
    </CenterCamPosition>
    <ScreenBounds />
    <DistanceToCam>0</DistanceToCam>
    <Speed>7.192344</Speed>
    <AccInput>0</AccInput>
    <RPM>1.35798967</RPM>
    <Gear>0</Gear>
    <SteeringAngle>4.463976E-41</SteeringAngle>
    <WheelSpeed>0</WheelSpeed>
    <CarType>Sports</CarType>
  </MyCar>
  <Peds />
  <Time>271270</Time>
  <LastFrameTime>0.0193576533</LastFrameTime>
  <MyProperty>0</MyProperty>
  <Weather>Foggy</Weather>
  <Steering>126</Steering>
  <Acc>142</Acc>
  <Brake>127</Brake>
  <DayTime>15:16:13</DayTime>
  <Position>
    <X>-2375.237</X>
    <Y>-258.0176</Y>
    <Z>15.1446056</Z>
  </Position>
  <Rotation>
    <X>0.8592573</X>
    <Y>2.966854</Y>
    <Z>58.05146</Z>
  </Rotation>
</Screenshot>