<?xml version="1.0" encoding="utf-8"?>
<Screenshot xmlns:xsd="http://www.w3.org/2001/XMLSchema" xmlns:xsi="http://www.w3.org/2001/XMLSchema-instance">
  <Cars />
  <MyCar>
    <Position>
      <X>-2374.87085</X>
      <Y>-258.290283</Y>
      <Z>14.2320452</Z>
    </Position>
    <Rotation>
      <X>1.3569386</X>
      <Y>2.47671175</Y>
      <Z>58.02444</Z>
    </Rotation>
    <Handle>104962</Handle>
    <Bounds>
      <Vector3>
        <X>-2373.27466</X>
        <Y>-260.529663</Y>
        <Z>13.4885969</Z>
      </Vector3>
      <Vector3>
        <X>-2372.194</X>
        <Y>-258.7985</Y>
        <Z>13.4003239</Z>
      </Vector3>
      <Vector3>
        <X>-2377.61</X>
        <Y>-257.817</Y>
        <Z>13.6096258</Z>
      </Vector3>
      <Vector3>
        <X>-2373.21216</X>
        <Y>-260.494568</Y>
        <Z>14.9427261</Z>
      </Vector3>
      <Vector3>
        <X>-2376.5293</X>
        <Y>-256.0858</Y>
        <Z>13.5213528</Z>
      </Vector3>
      <Vector3>
        <X>-2372.13135</X>
        <Y>-258.7634</Y>
        <Z>14.8544531</Z>
      </Vector3>
      <Vector3>
        <X>-2377.54761</X>
        <Y>-257.7819</Y>
        <Z>15.063755</Z>
      </Vector3>
      <Vector3>
        <X>-2376.4668</X>
        <Y>-256.0507</Y>
        <Z>14.975482</Z>
      </Vector3>
    </Bounds>
    <CenterCamPosition>
      <X>0</X>
      <Y>0</Y>
    </CenterCamPosition>
    <ScreenBounds />
    <DistanceToCam>0</DistanceToCam>
    <Speed>7.27268648</Speed>
    <AccInput>0</AccInput>
    <RPM>1.35798967</RPM>
    <Gear>0</Gear>
    <SteeringAngle>4.463976E-41</SteeringAngle>
    <WheelSpeed>0</WheelSpeed>
    <CarType>Sports</CarType>
  </MyCar>
  <Peds />
  <Time>271351</Time>
  <LastFrameTime>0.03308361</LastFrameTime>
  <MyProperty>0</MyProperty>
  <Weather>Foggy</Weather>
  <Steering>126</Steering>
  <Acc>142</Acc>
  <Brake>127</Brake>
  <DayTime>15:16:13</DayTime>
  <Position>
    <X>-2375.64575</X>
    <Y>-257.7602</Y>
    <Z>15.1544371</Z>
  </Position>
  <Rotation>
    <X>0.8604768</X>
    <Y>2.972181</Y>
    <Z>58.0614738</Z>
  </Rotation>
</Screenshot>