<?xml version="1.0" encoding="utf-8"?>
<Screenshot xmlns:xsd="http://www.w3.org/2001/XMLSchema" xmlns:xsi="http://www.w3.org/2001/XMLSchema-instance">
  <Cars />
  <MyCar>
    <Position>
      <X>-2375.02075</X>
      <Y>-258.195984</Y>
      <Z>14.2357092</Z>
    </Position>
    <Rotation>
      <X>1.35499144</X>
      <Y>2.48055029</Y>
      <Z>58.030983</Z>
    </Rotation>
    <Handle>104962</Handle>
    <Bounds>
      <Vector3>
        <X>-2373.42432</X>
        <Y>-260.435242</Y>
        <Z>13.4924173</Z>
      </Vector3>
      <Vector3>
        <X>-2372.34375</X>
        <Y>-258.703949</Y>
        <Z>13.4040079</Z>
      </Vector3>
      <Vector3>
        <X>-2377.76</X>
        <Y>-257.723022</Y>
        <Z>13.6132727</Z>
      </Vector3>
      <Vector3>
        <X>-2373.36182</X>
        <Y>-260.400024</Y>
        <Z>14.9465437</Z>
      </Vector3>
      <Vector3>
        <X>-2376.67969</X>
        <Y>-255.991745</Y>
        <Z>13.5248623</Z>
      </Vector3>
      <Vector3>
        <X>-2372.28125</X>
        <Y>-258.668732</Y>
        <Z>14.8581343</Z>
      </Vector3>
      <Vector3>
        <X>-2377.69751</X>
        <Y>-257.687836</Y>
        <Z>15.067399</Z>
      </Vector3>
      <Vector3>
        <X>-2376.617</X>
        <Y>-255.956528</Y>
        <Z>14.9789886</Z>
      </Vector3>
    </Bounds>
    <CenterCamPosition>
      <X>0</X>
      <Y>0</Y>
    </CenterCamPosition>
    <ScreenBounds />
    <DistanceToCam>0</DistanceToCam>
    <Speed>7.29580545</Speed>
    <AccInput>0</AccInput>
    <RPM>1.35798967</RPM>
    <Gear>0</Gear>
    <SteeringAngle>4.463976E-41</SteeringAngle>
    <WheelSpeed>0</WheelSpeed>
    <CarType>Sports</CarType>
  </MyCar>
  <Peds />
  <Time>271375</Time>
  <LastFrameTime>0.0242976826</LastFrameTime>
  <MyProperty>0</MyProperty>
  <Weather>Foggy</Weather>
  <Steering>126</Steering>
  <Acc>142</Acc>
  <Brake>127</Brake>
  <DayTime>15:16:13</DayTime>
  <Position>
    <X>-2375.849</X>
    <Y>-257.632263</Y>
    <Z>15.1593428</Z>
  </Position>
  <Rotation>
    <X>0.858096242</X>
    <Y>2.976378</Y>
    <Z>58.0689964</Z>
  </Rotation>
</Screenshot>