<?xml version="1.0" encoding="utf-8"?>
<Screenshot xmlns:xsd="http://www.w3.org/2001/XMLSchema" xmlns:xsi="http://www.w3.org/2001/XMLSchema-instance">
  <Cars />
  <MyCar>
    <Position>
      <X>-2374.66748</X>
      <Y>-258.418274</Y>
      <Z>14.227087</Z>
    </Position>
    <Rotation>
      <X>1.35931921</X>
      <Y>2.472516</Y>
      <Z>58.0168533</Z>
    </Rotation>
    <Handle>104962</Handle>
    <Bounds>
      <Vector3>
        <X>-2373.07153</X>
        <Y>-260.6578</Y>
        <Z>13.4834557</Z>
      </Vector3>
      <Vector3>
        <X>-2371.99072</X>
        <Y>-258.926758</Y>
        <Z>13.3953323</Z>
      </Vector3>
      <Vector3>
        <X>-2377.40674</X>
        <Y>-257.94455</Y>
        <Z>13.6046972</Z>
      </Vector3>
      <Vector3>
        <X>-2373.009</X>
        <Y>-260.622833</Y>
        <Z>14.9375887</Z>
      </Vector3>
      <Vector3>
        <X>-2376.32568</X>
        <Y>-256.2135</Y>
        <Z>13.5165739</Z>
      </Vector3>
      <Vector3>
        <X>-2371.92822</X>
        <Y>-258.891785</Y>
        <Z>14.8494654</Z>
      </Vector3>
      <Vector3>
        <X>-2377.34424</X>
        <Y>-257.909576</Y>
        <Z>15.05883</Z>
      </Vector3>
      <Vector3>
        <X>-2376.26318</X>
        <Y>-256.178528</Y>
        <Z>14.9707069</Z>
      </Vector3>
    </Bounds>
    <CenterCamPosition>
      <X>0</X>
      <Y>0</Y>
    </CenterCamPosition>
    <ScreenBounds />
    <DistanceToCam>0</DistanceToCam>
    <Speed>7.24058151</Speed>
    <AccInput>0</AccInput>
    <RPM>1.35798967</RPM>
    <Gear>0</Gear>
    <SteeringAngle>4.463976E-41</SteeringAngle>
    <WheelSpeed>0</WheelSpeed>
    <CarType>Sports</CarType>
  </MyCar>
  <Peds />
  <Time>271318</Time>
  <LastFrameTime>0.0475912243</LastFrameTime>
  <MyProperty>0</MyProperty>
  <Weather>Foggy</Weather>
  <Steering>126</Steering>
  <Acc>142</Acc>
  <Brake>127</Brake>
  <DayTime>15:16:13</DayTime>
  <Position>
    <X>-2375.35474</X>
    <Y>-257.94342</Y>
    <Z>15.1474571</Z>
  </Position>
  <Rotation>
    <X>0.860576749</X>
    <Y>2.96809936</Y>
    <Z>58.0530472</Z>
  </Rotation>
</Screenshot>