<?xml version="1.0" encoding="utf-8"?>
<Screenshot xmlns:xsd="http://www.w3.org/2001/XMLSchema" xmlns:xsi="http://www.w3.org/2001/XMLSchema-instance">
  <Cars />
  <MyCar>
    <Position>
      <X>-2375.1958</X>
      <Y>-258.085876</Y>
      <Z>14.2400007</Z>
    </Position>
    <Rotation>
      <X>1.35188568</X>
      <Y>2.48506141</Y>
      <Z>58.04063</Z>
    </Rotation>
    <Handle>104962</Handle>
    <Bounds>
      <Vector3>
        <X>-2373.599</X>
        <Y>-260.324921</Y>
        <Z>13.49693</Z>
      </Vector3>
      <Vector3>
        <X>-2372.5188</X>
        <Y>-258.593445</Y>
        <Z>13.40836</Z>
      </Vector3>
      <Vector3>
        <X>-2377.9353</X>
        <Y>-257.613464</Y>
        <Z>13.617507</Z>
      </Vector3>
      <Vector3>
        <X>-2373.53638</X>
        <Y>-260.289551</Y>
        <Z>14.9510536</Z>
      </Vector3>
      <Vector3>
        <X>-2376.855</X>
        <Y>-255.881989</Y>
        <Z>13.5289364</Z>
      </Vector3>
      <Vector3>
        <X>-2372.4563</X>
        <Y>-258.5581</Y>
        <Z>14.862483</Z>
      </Vector3>
      <Vector3>
        <X>-2377.8728</X>
        <Y>-257.5781</Y>
        <Z>15.0716305</Z>
      </Vector3>
      <Vector3>
        <X>-2376.79248</X>
        <Y>-255.846634</Y>
        <Z>14.98306</Z>
      </Vector3>
    </Bounds>
    <CenterCamPosition>
      <X>0</X>
      <Y>0</Y>
    </CenterCamPosition>
    <ScreenBounds />
    <DistanceToCam>0</DistanceToCam>
    <Speed>7.32216644</Speed>
    <AccInput>0</AccInput>
    <RPM>1.35798967</RPM>
    <Gear>0</Gear>
    <SteeringAngle>4.463976E-41</SteeringAngle>
    <WheelSpeed>0</WheelSpeed>
    <CarType>Sports</CarType>
  </MyCar>
  <Peds />
  <Time>271404</Time>
  <LastFrameTime>0.0282822866</LastFrameTime>
  <MyProperty>0</MyProperty>
  <Weather>Foggy</Weather>
  <Steering>124</Steering>
  <Acc>142</Acc>
  <Brake>127</Brake>
  <DayTime>15:16:13</DayTime>
  <Position>
    <X>-2375.99927</X>
    <Y>-257.538</Y>
    <Z>15.1629639</Z>
  </Position>
  <Rotation>
    <X>0.8561495</X>
    <Y>2.9802177</Y>
    <Z>58.07549</Z>
  </Rotation>
</Screenshot>