<?xml version="1.0" encoding="utf-8"?>
<Screenshot xmlns:xsd="http://www.w3.org/2001/XMLSchema" xmlns:xsi="http://www.w3.org/2001/XMLSchema-instance">
  <Cars />
  <MyCar>
    <Position>
      <X>-2375.49023</X>
      <Y>-257.9011</Y>
      <Z>14.2472172</Z>
    </Position>
    <Rotation>
      <X>1.34745669</X>
      <Y>2.495338</Y>
      <Z>58.06512</Z>
    </Rotation>
    <Handle>104962</Handle>
    <Bounds>
      <Vector3>
        <X>-2373.89258</X>
        <Y>-260.1396</Y>
        <Z>13.5045319</Z>
      </Vector3>
      <Vector3>
        <X>-2372.813</X>
        <Y>-258.407684</Y>
        <Z>13.4155951</Z>
      </Vector3>
      <Vector3>
        <X>-2378.23</X>
        <Y>-257.429962</Y>
        <Z>13.6247129</Z>
      </Vector3>
      <Vector3>
        <X>-2373.82983</X>
        <Y>-260.1039</Y>
        <Z>14.9586458</Z>
      </Vector3>
      <Vector3>
        <X>-2377.15039</X>
        <Y>-255.698059</Y>
        <Z>13.5357761</Z>
      </Vector3>
      <Vector3>
        <X>-2372.75049</X>
        <Y>-258.372</Y>
        <Z>14.86971</Z>
      </Vector3>
      <Vector3>
        <X>-2378.16724</X>
        <Y>-257.3943</Y>
        <Z>15.0788279</Z>
      </Vector3>
      <Vector3>
        <X>-2377.088</X>
        <Y>-255.662384</Y>
        <Z>14.9898911</Z>
      </Vector3>
    </Bounds>
    <CenterCamPosition>
      <X>0</X>
      <Y>0</Y>
    </CenterCamPosition>
    <ScreenBounds />
    <DistanceToCam>0</DistanceToCam>
    <Speed>7.36526442</Speed>
    <AccInput>0</AccInput>
    <RPM>1.35798967</RPM>
    <Gear>0</Gear>
    <SteeringAngle>4.463976E-41</SteeringAngle>
    <WheelSpeed>0</WheelSpeed>
    <CarType>Sports</CarType>
  </MyCar>
  <Peds />
  <Time>271451</Time>
  <LastFrameTime>0.0472790562</LastFrameTime>
  <MyProperty>0</MyProperty>
  <Weather>Foggy</Weather>
  <Steering>124</Steering>
  <Acc>142</Acc>
  <Brake>127</Brake>
  <DayTime>15:16:13</DayTime>
  <Position>
    <X>-2376.17432</X>
    <Y>-257.427979</Y>
    <Z>15.1671886</Z>
  </Position>
  <Rotation>
    <X>0.853042841</X>
    <Y>2.98473072</Y>
    <Z>58.0850449</Z>
  </Rotation>
</Screenshot>