<?xml version="1.0" encoding="utf-8"?>
<Screenshot xmlns:xsd="http://www.w3.org/2001/XMLSchema" xmlns:xsi="http://www.w3.org/2001/XMLSchema-instance">
  <Cars />
  <MyCar>
    <Position>
      <X>-2375.614</X>
      <Y>-257.823547</Y>
      <Z>14.2502584</Z>
    </Position>
    <Rotation>
      <X>1.34680748</X>
      <Y>2.49803042</Y>
      <Z>58.0774727</Z>
    </Rotation>
    <Handle>104962</Handle>
    <Bounds>
      <Vector3>
        <X>-2374.01587</X>
        <Y>-260.061737</Y>
        <Z>13.5076513</Z>
      </Vector3>
      <Vector3>
        <X>-2372.93677</X>
        <Y>-258.3296</Y>
        <Z>13.4186192</Z>
      </Vector3>
      <Vector3>
        <X>-2378.35376</X>
        <Y>-257.353058</Y>
        <Z>13.6277742</Z>
      </Vector3>
      <Vector3>
        <X>-2373.95313</X>
        <Y>-260.02597</Y>
        <Z>14.9617634</Z>
      </Vector3>
      <Vector3>
        <X>-2377.27466</X>
        <Y>-255.620911</Y>
        <Z>13.5387421</Z>
      </Vector3>
      <Vector3>
        <X>-2372.874</X>
        <Y>-258.293854</Y>
        <Z>14.8727312</Z>
      </Vector3>
      <Vector3>
        <X>-2378.29126</X>
        <Y>-257.3173</Y>
        <Z>15.0818863</Z>
      </Vector3>
      <Vector3>
        <X>-2377.21216</X>
        <Y>-255.585159</Y>
        <Z>14.9928541</Z>
      </Vector3>
    </Bounds>
    <CenterCamPosition>
      <X>0</X>
      <Y>0</Y>
    </CenterCamPosition>
    <ScreenBounds />
    <DistanceToCam>0</DistanceToCam>
    <Speed>7.38299</Speed>
    <AccInput>0</AccInput>
    <RPM>1.35798967</RPM>
    <Gear>0</Gear>
    <SteeringAngle>4.463976E-41</SteeringAngle>
    <WheelSpeed>0</WheelSpeed>
    <CarType>Sports</CarType>
  </MyCar>
  <Peds />
  <Time>271471</Time>
  <LastFrameTime>0.0197939388</LastFrameTime>
  <MyProperty>0</MyProperty>
  <Weather>Foggy</Weather>
  <Steering>124</Steering>
  <Acc>142</Acc>
  <Brake>127</Brake>
  <DayTime>15:16:13</DayTime>
  <Position>
    <X>-2376.469</X>
    <Y>-257.243439</Y>
    <Z>15.1743069</Z>
  </Position>
  <Rotation>
    <X>0.848615646</X>
    <Y>2.99500942</Y>
    <Z>58.1094551</Z>
  </Rotation>
</Screenshot>