<?xml version="1.0" encoding="utf-8"?>
<Screenshot xmlns:xsd="http://www.w3.org/2001/XMLSchema" xmlns:xsi="http://www.w3.org/2001/XMLSchema-instance">
  <Cars />
  <MyCar>
    <Position>
      <X>-2376.33179</X>
      <Y>-257.376251</Y>
      <Z>14.2679472</Z>
    </Position>
    <Rotation>
      <X>1.34002507</X>
      <Y>2.51879478</Y>
      <Z>58.20284</Z>
    </Rotation>
    <Handle>104962</Handle>
    <Bounds>
      <Vector3>
        <X>-2374.72876</X>
        <Y>-259.6112</Y>
        <Z>13.5260229</Z>
      </Vector3>
      <Vector3>
        <X>-2373.65356</X>
        <Y>-257.87674</Y>
        <Z>13.4362507</Z>
      </Vector3>
      <Vector3>
        <X>-2379.07275</X>
        <Y>-256.912</Y>
        <Z>13.6455393</Z>
      </Vector3>
      <Vector3>
        <X>-2374.666</X>
        <Y>-259.574768</Y>
        <Z>14.9801159</Z>
      </Vector3>
      <Vector3>
        <X>-2377.99731</X>
        <Y>-255.177521</Y>
        <Z>13.5557671</Z>
      </Vector3>
      <Vector3>
        <X>-2373.59082</X>
        <Y>-257.8403</Y>
        <Z>14.8903437</Z>
      </Vector3>
      <Vector3>
        <X>-2379.01</X>
        <Y>-256.87558</Y>
        <Z>15.0996323</Z>
      </Vector3>
      <Vector3>
        <X>-2377.93481</X>
        <Y>-255.1411</Y>
        <Z>15.00986</Z>
      </Vector3>
    </Bounds>
    <CenterCamPosition>
      <X>0</X>
      <Y>0</Y>
    </CenterCamPosition>
    <ScreenBounds />
    <DistanceToCam>0</DistanceToCam>
    <Speed>7.481451</Speed>
    <AccInput>0</AccInput>
    <RPM>1.35798967</RPM>
    <Gear>0</Gear>
    <SteeringAngle>4.463976E-41</SteeringAngle>
    <WheelSpeed>0</WheelSpeed>
    <CarType>Sports</CarType>
  </MyCar>
  <Peds />
  <Time>271584</Time>
  <LastFrameTime>0.04781216</LastFrameTime>
  <MyProperty>0</MyProperty>
  <Weather>Foggy</Weather>
  <Steering>123</Steering>
  <Acc>142</Acc>
  <Brake>127</Brake>
  <DayTime>15:16:13</DayTime>
  <Position>
    <X>-2377.008</X>
    <Y>-256.908142</Y>
    <Z>15.1874428</Z>
  </Position>
  <Rotation>
    <X>0.844095945</X>
    <Y>3.011024</Y>
    <Z>58.1833649</Z>
  </Rotation>
</Screenshot>