<?xml version="1.0" encoding="utf-8"?>
<Screenshot xmlns:xsd="http://www.w3.org/2001/XMLSchema" xmlns:xsi="http://www.w3.org/2001/XMLSchema-instance">
  <Cars />
  <MyCar>
    <Position>
      <X>-2376.02856</X>
      <Y>-257.5648</Y>
      <Z>14.260457</Z>
    </Position>
    <Rotation>
      <X>1.34293044</X>
      <Y>2.51135063</Y>
      <Z>58.1390228</Z>
    </Rotation>
    <Handle>104962</Handle>
    <Bounds>
      <Vector3>
        <X>-2374.428</X>
        <Y>-259.801422</Y>
        <Z>13.5182667</Z>
      </Vector3>
      <Vector3>
        <X>-2373.35083</X>
        <Y>-258.068146</Y>
        <Z>13.42876</Z>
      </Vector3>
      <Vector3>
        <X>-2378.7688</X>
        <Y>-257.097382</Y>
        <Z>13.6380424</Z>
      </Vector3>
      <Vector3>
        <X>-2374.36548</X>
        <Y>-259.765259</Y>
        <Z>14.9723663</Z>
      </Vector3>
      <Vector3>
        <X>-2377.69165</X>
        <Y>-255.3641</Y>
        <Z>13.5485363</Z>
      </Vector3>
      <Vector3>
        <X>-2373.288</X>
        <Y>-258.031982</Y>
        <Z>14.8828592</Z>
      </Vector3>
      <Vector3>
        <X>-2378.7063</X>
        <Y>-257.061218</Y>
        <Z>15.0921421</Z>
      </Vector3>
      <Vector3>
        <X>-2377.629</X>
        <Y>-255.327942</Y>
        <Z>15.002636</Z>
      </Vector3>
    </Bounds>
    <CenterCamPosition>
      <X>0</X>
      <Y>0</Y>
    </CenterCamPosition>
    <ScreenBounds />
    <DistanceToCam>0</DistanceToCam>
    <Speed>7.440605</Speed>
    <AccInput>0</AccInput>
    <RPM>1.35798967</RPM>
    <Gear>0</Gear>
    <SteeringAngle>4.463976E-41</SteeringAngle>
    <WheelSpeed>0</WheelSpeed>
    <CarType>Sports</CarType>
  </MyCar>
  <Peds />
  <Time>271537</Time>
  <LastFrameTime>0.01886427</LastFrameTime>
  <MyProperty>0</MyProperty>
  <Weather>Foggy</Weather>
  <Steering>123</Steering>
  <Acc>142</Acc>
  <Brake>127</Brake>
  <DayTime>15:16:13</DayTime>
  <Position>
    <X>-2376.88867</X>
    <Y>-256.982056</Y>
    <Z>15.1845131</Z>
  </Position>
  <Rotation>
    <X>0.844661832</X>
    <Y>3.00895357</Y>
    <Z>58.1635323</Z>
  </Rotation>
</Screenshot>