<?xml version="1.0" encoding="utf-8"?>
<Screenshot xmlns:xsd="http://www.w3.org/2001/XMLSchema" xmlns:xsi="http://www.w3.org/2001/XMLSchema-instance">
  <Cars />
  <MyCar>
    <Position>
      <X>-2375.90942</X>
      <Y>-257.639</Y>
      <Z>14.257515</Z>
    </Position>
    <Rotation>
      <X>1.34349763</X>
      <Y>2.50928044</Y>
      <Z>58.11919</Z>
    </Rotation>
    <Handle>104962</Handle>
    <Bounds>
      <Vector3>
        <X>-2374.30957</X>
        <Y>-259.87616</Y>
        <Z>13.5152617</Z>
      </Vector3>
      <Vector3>
        <X>-2373.23169</X>
        <Y>-258.14325</Y>
        <Z>13.4258289</Z>
      </Vector3>
      <Vector3>
        <X>-2378.64966</X>
        <Y>-257.170624</Y>
        <Z>13.635088</Z>
      </Vector3>
      <Vector3>
        <X>-2374.247</X>
        <Y>-259.8401</Y>
        <Z>14.9693632</Z>
      </Vector3>
      <Vector3>
        <X>-2377.57178</X>
        <Y>-255.437714</Y>
        <Z>13.5456553</Z>
      </Vector3>
      <Vector3>
        <X>-2373.16919</X>
        <Y>-258.107178</Y>
        <Z>14.87993</Z>
      </Vector3>
      <Vector3>
        <X>-2378.587</X>
        <Y>-257.134552</Y>
        <Z>15.08919</Z>
      </Vector3>
      <Vector3>
        <X>-2377.509</X>
        <Y>-255.401642</Y>
        <Z>14.9997568</Z>
      </Vector3>
    </Bounds>
    <CenterCamPosition>
      <X>0</X>
      <Y>0</Y>
    </CenterCamPosition>
    <ScreenBounds />
    <DistanceToCam>0</DistanceToCam>
    <Speed>7.424249</Speed>
    <AccInput>0</AccInput>
    <RPM>1.35798967</RPM>
    <Gear>0</Gear>
    <SteeringAngle>4.463976E-41</SteeringAngle>
    <WheelSpeed>0</WheelSpeed>
    <CarType>Sports</CarType>
  </MyCar>
  <Peds />
  <Time>271518</Time>
  <LastFrameTime>0.0469762</LastFrameTime>
  <MyProperty>0</MyProperty>
  <Weather>Foggy</Weather>
  <Steering>123</Steering>
  <Acc>142</Acc>
  <Brake>127</Brake>
  <DayTime>15:16:13</DayTime>
  <Position>
    <X>-2376.593</X>
    <Y>-257.166046</Y>
    <Z>15.1773329</Z>
  </Position>
  <Rotation>
    <X>0.847967565</X>
    <Y>2.99770212</Y>
    <Z>58.12182</Z>
  </Rotation>
</Screenshot>