<?xml version="1.0" encoding="utf-8"?>
<Screenshot xmlns:xsd="http://www.w3.org/2001/XMLSchema" xmlns:xsi="http://www.w3.org/2001/XMLSchema-instance">
  <Cars />
  <MyCar>
    <Position>
      <X>-2376.97827</X>
      <Y>-256.977051</Y>
      <Z>14.2840052</Z>
    </Position>
    <Rotation>
      <X>1.33791089</X>
      <Y>2.52045465</Y>
      <Z>58.37811</Z>
    </Rotation>
    <Handle>104962</Handle>
    <Bounds>
      <Vector3>
        <X>-2375.36841</X>
        <Y>-259.207123</Y>
        <Z>13.5422049</Z>
      </Vector3>
      <Vector3>
        <X>-2374.29834</X>
        <Y>-257.46936</Y>
        <Z>13.4523735</Z>
      </Vector3>
      <Vector3>
        <X>-2379.72046</X>
        <Y>-256.5212</Y>
        <Z>13.6615324</Z>
      </Vector3>
      <Vector3>
        <X>-2375.306</X>
        <Y>-259.170441</Y>
        <Z>14.9962969</Z>
      </Vector3>
      <Vector3>
        <X>-2378.65063</X>
        <Y>-254.783463</Y>
        <Z>13.571701</Z>
      </Vector3>
      <Vector3>
        <X>-2374.23584</X>
        <Y>-257.432678</Y>
        <Z>14.9064665</Z>
      </Vector3>
      <Vector3>
        <X>-2379.658</X>
        <Y>-256.484528</Y>
        <Z>15.1156244</Z>
      </Vector3>
      <Vector3>
        <X>-2378.58813</X>
        <Y>-254.74678</Y>
        <Z>15.025794</Z>
      </Vector3>
    </Bounds>
    <CenterCamPosition>
      <X>0</X>
      <Y>0</Y>
    </CenterCamPosition>
    <ScreenBounds />
    <DistanceToCam>0</DistanceToCam>
    <Speed>7.56593466</Speed>
    <AccInput>0</AccInput>
    <RPM>1.35798967</RPM>
    <Gear>0</Gear>
    <SteeringAngle>4.463976E-41</SteeringAngle>
    <WheelSpeed>0</WheelSpeed>
    <CarType>Sports</CarType>
  </MyCar>
  <Peds />
  <Time>271685</Time>
  <LastFrameTime>0.04894818</LastFrameTime>
  <MyProperty>0</MyProperty>
  <Weather>Foggy</Weather>
  <Steering>123</Steering>
  <Acc>142</Acc>
  <Brake>127</Brake>
  <DayTime>15:16:13</DayTime>
  <Position>
    <X>-2377.64453</X>
    <Y>-256.516632</Y>
    <Z>15.2030573</Z>
  </Position>
  <Rotation>
    <X>0.839613736</X>
    <Y>3.021359</Y>
    <Z>58.3302765</Z>
  </Rotation>
</Screenshot>