<?xml version="1.0" encoding="utf-8"?>
<Screenshot xmlns:xsd="http://www.w3.org/2001/XMLSchema" xmlns:xsi="http://www.w3.org/2001/XMLSchema-instance">
  <Cars />
  <MyCar>
    <Position>
      <X>-2376.45361</X>
      <Y>-257.300751</Y>
      <Z>14.2709627</Z>
    </Position>
    <Rotation>
      <X>1.33954275</X>
      <Y>2.520092</Y>
      <Z>58.2314377</Z>
    </Rotation>
    <Handle>104962</Handle>
    <Bounds>
      <Vector3>
        <X>-2374.84937</X>
        <Y>-259.5349</Y>
        <Z>13.5290833</Z>
      </Vector3>
      <Vector3>
        <X>-2373.77515</X>
        <Y>-257.7999</Y>
        <Z>13.4392653</Z>
      </Vector3>
      <Vector3>
        <X>-2379.19458</X>
        <Y>-256.83786</Y>
        <Z>13.6485567</Z>
      </Vector3>
      <Vector3>
        <X>-2374.78687</X>
        <Y>-259.4984</Y>
        <Z>14.9831753</Z>
      </Vector3>
      <Vector3>
        <X>-2378.12036</X>
        <Y>-255.102859</Y>
        <Z>13.5587387</Z>
      </Vector3>
      <Vector3>
        <X>-2373.7124</X>
        <Y>-257.763428</Y>
        <Z>14.8933573</Z>
      </Vector3>
      <Vector3>
        <X>-2379.132</X>
        <Y>-256.8014</Y>
        <Z>15.1026487</Z>
      </Vector3>
      <Vector3>
        <X>-2378.05762</X>
        <Y>-255.066376</Y>
        <Z>15.0128307</Z>
      </Vector3>
    </Bounds>
    <CenterCamPosition>
      <X>0</X>
      <Y>0</Y>
    </CenterCamPosition>
    <ScreenBounds />
    <DistanceToCam>0</DistanceToCam>
    <Speed>7.49764538</Speed>
    <AccInput>0</AccInput>
    <RPM>1.35798967</RPM>
    <Gear>0</Gear>
    <SteeringAngle>4.463976E-41</SteeringAngle>
    <WheelSpeed>0</WheelSpeed>
    <CarType>Sports</CarType>
  </MyCar>
  <Peds />
  <Time>271604</Time>
  <LastFrameTime>0.0191255454</LastFrameTime>
  <MyProperty>0</MyProperty>
  <Weather>Foggy</Weather>
  <Steering>123</Steering>
  <Acc>142</Acc>
  <Brake>127</Brake>
  <DayTime>15:16:13</DayTime>
  <Position>
    <X>-2377.312</X>
    <Y>-256.720551</Y>
    <Z>15.1948671</Z>
  </Position>
  <Rotation>
    <X>0.8411924</X>
    <Y>3.01847029</Y>
    <Z>58.24713</Z>
  </Rotation>
</Screenshot>