<?xml version="1.0" encoding="utf-8"?>
<Screenshot xmlns:xsd="http://www.w3.org/2001/XMLSchema" xmlns:xsi="http://www.w3.org/2001/XMLSchema-instance">
  <Cars />
  <MyCar>
    <Position>
      <X>-2376.66333</X>
      <Y>-257.170959</Y>
      <Z>14.2761717</Z>
    </Position>
    <Rotation>
      <X>1.33844674</X>
      <Y>2.52168322</Y>
      <Z>58.2860222</Z>
    </Rotation>
    <Handle>104962</Handle>
    <Bounds>
      <Vector3>
        <X>-2375.05713</X>
        <Y>-259.403625</Y>
        <Z>13.53437</Z>
      </Vector3>
      <Vector3>
        <X>-2373.98438</X>
        <Y>-257.6676</Y>
        <Z>13.4444952</Z>
      </Vector3>
      <Vector3>
        <X>-2379.40479</X>
        <Y>-256.710724</Y>
        <Z>13.6537457</Z>
      </Vector3>
      <Vector3>
        <X>-2374.99438</X>
        <Y>-259.367035</Y>
        <Z>14.9884605</Z>
      </Vector3>
      <Vector3>
        <X>-2378.332</X>
        <Y>-254.974686</Y>
        <Z>13.56387</Z>
      </Vector3>
      <Vector3>
        <X>-2373.92163</X>
        <Y>-257.630981</Y>
        <Z>14.8985863</Z>
      </Vector3>
      <Vector3>
        <X>-2379.34229</X>
        <Y>-256.6741</Y>
        <Z>15.1078358</Z>
      </Vector3>
      <Vector3>
        <X>-2378.26953</X>
        <Y>-254.9381</Y>
        <Z>15.0179615</Z>
      </Vector3>
    </Bounds>
    <CenterCamPosition>
      <X>0</X>
      <Y>0</Y>
    </CenterCamPosition>
    <ScreenBounds />
    <DistanceToCam>0</DistanceToCam>
    <Speed>7.5252037</Speed>
    <AccInput>0</AccInput>
    <RPM>1.35798967</RPM>
    <Gear>0</Gear>
    <SteeringAngle>4.463976E-41</SteeringAngle>
    <WheelSpeed>0</WheelSpeed>
    <CarType>Sports</CarType>
  </MyCar>
  <Peds />
  <Time>271636</Time>
  <LastFrameTime>0.03282947</LastFrameTime>
  <MyProperty>0</MyProperty>
  <Weather>Foggy</Weather>
  <Steering>123</Steering>
  <Acc>142</Acc>
  <Brake>127</Brake>
  <DayTime>15:16:13</DayTime>
  <Position>
    <X>-2377.434</X>
    <Y>-256.645538</Y>
    <Z>15.1978722</Z>
  </Position>
  <Rotation>
    <X>0.8407102</X>
    <Y>3.019767</Y>
    <Z>58.2757225</Z>
  </Rotation>
</Screenshot>