<?xml version="1.0" encoding="utf-8"?>
<Screenshot xmlns:xsd="http://www.w3.org/2001/XMLSchema" xmlns:xsi="http://www.w3.org/2001/XMLSchema-instance">
  <Cars />
  <MyCar>
    <Position>
      <X>-2377.1272</X>
      <Y>-256.885529</Y>
      <Z>14.2877178</Z>
    </Position>
    <Rotation>
      <X>1.33881855</X>
      <Y>2.519284</Y>
      <Z>58.4242134</Z>
    </Rotation>
    <Handle>104962</Handle>
    <Bounds>
      <Vector3>
        <X>-2375.51563</X>
        <Y>-259.1143</Y>
        <Z>13.5458555</Z>
      </Vector3>
      <Vector3>
        <X>-2374.447</X>
        <Y>-257.375671</Y>
        <Z>13.4560661</Z>
      </Vector3>
      <Vector3>
        <X>-2379.86987</X>
        <Y>-256.4319</Y>
        <Z>13.6652641</Z>
      </Vector3>
      <Vector3>
        <X>-2375.45313</X>
        <Y>-259.077576</Y>
        <Z>14.9999485</Z>
      </Vector3>
      <Vector3>
        <X>-2378.80127</X>
        <Y>-254.693268</Y>
        <Z>13.5754747</Z>
      </Vector3>
      <Vector3>
        <X>-2374.38452</X>
        <Y>-257.338959</Y>
        <Z>14.9101591</Z>
      </Vector3>
      <Vector3>
        <X>-2379.80737</X>
        <Y>-256.395172</Y>
        <Z>15.1193571</Z>
      </Vector3>
      <Vector3>
        <X>-2378.73877</X>
        <Y>-254.65657</Y>
        <Z>15.0295687</Z>
      </Vector3>
    </Bounds>
    <CenterCamPosition>
      <X>0</X>
      <Y>0</Y>
    </CenterCamPosition>
    <ScreenBounds />
    <DistanceToCam>0</DistanceToCam>
    <Speed>7.58493233</Speed>
    <AccInput>0</AccInput>
    <RPM>1.35798967</RPM>
    <Gear>0</Gear>
    <SteeringAngle>4.463976E-41</SteeringAngle>
    <WheelSpeed>0</WheelSpeed>
    <CarType>Sports</CarType>
  </MyCar>
  <Peds />
  <Time>271708</Time>
  <LastFrameTime>0.0230766386</LastFrameTime>
  <MyProperty>0</MyProperty>
  <Weather>Foggy</Weather>
  <Steering>123</Steering>
  <Acc>142</Acc>
  <Brake>127</Brake>
  <DayTime>15:16:13</DayTime>
  <Position>
    <X>-2377.96045</X>
    <Y>-256.3243</Y>
    <Z>15.2108812</Z>
  </Position>
  <Rotation>
    <X>0.83907634</X>
    <Y>3.020131</Y>
    <Z>58.42232</Z>
  </Rotation>
</Screenshot>