<?xml version="1.0" encoding="utf-8"?>
<Screenshot xmlns:xsd="http://www.w3.org/2001/XMLSchema" xmlns:xsi="http://www.w3.org/2001/XMLSchema-instance">
  <Cars />
  <MyCar>
    <Position>
      <X>-2377.62158</X>
      <Y>-256.583344</Y>
      <Z>14.3001719</Z>
    </Position>
    <Rotation>
      <X>1.34554327</X>
      <Y>2.51874065</Y>
      <Z>58.58882</Z>
    </Rotation>
    <Handle>104962</Handle>
    <Bounds>
      <Vector3>
        <X>-2376.00366</X>
        <Y>-258.8074</Y>
        <Z>13.5580015</Z>
      </Vector3>
      <Vector3>
        <X>-2374.94</X>
        <Y>-257.065735</Y>
        <Z>13.4682322</Z>
      </Vector3>
      <Vector3>
        <X>-2380.36548</X>
        <Y>-256.1375</Y>
        <Z>13.67801</Z>
      </Vector3>
      <Vector3>
        <X>-2375.94116</X>
        <Y>-258.77063</Y>
        <Z>15.0120916</Z>
      </Vector3>
      <Vector3>
        <X>-2379.302</X>
        <Y>-254.395844</Y>
        <Z>13.5882406</Z>
      </Vector3>
      <Vector3>
        <X>-2374.87744</X>
        <Y>-257.028961</Y>
        <Z>14.9223213</Z>
      </Vector3>
      <Vector3>
        <X>-2380.303</X>
        <Y>-256.100739</Y>
        <Z>15.1321</Z>
      </Vector3>
      <Vector3>
        <X>-2379.2395</X>
        <Y>-254.35907</Y>
        <Z>15.04233</Z>
      </Vector3>
    </Bounds>
    <CenterCamPosition>
      <X>0</X>
      <Y>0</Y>
    </CenterCamPosition>
    <ScreenBounds />
    <DistanceToCam>0</DistanceToCam>
    <Speed>7.647075</Speed>
    <AccInput>0</AccInput>
    <RPM>1.35798967</RPM>
    <Gear>0</Gear>
    <SteeringAngle>4.463976E-41</SteeringAngle>
    <WheelSpeed>0</WheelSpeed>
    <CarType>Sports</CarType>
  </MyCar>
  <Peds />
  <Time>271784</Time>
  <LastFrameTime>0.04624978</LastFrameTime>
  <MyProperty>0</MyProperty>
  <Weather>Foggy</Weather>
  <Steering>123</Steering>
  <Acc>142</Acc>
  <Brake>127</Brake>
  <DayTime>15:16:13</DayTime>
  <Position>
    <X>-2378.30371</X>
    <Y>-256.116516</Y>
    <Z>15.2194395</Z>
  </Position>
  <Rotation>
    <X>0.840310931</X>
    <Y>3.0175252</Y>
    <Z>58.5307579</Z>
  </Rotation>
</Screenshot>