<?xml version="1.0" encoding="utf-8"?>
<Screenshot xmlns:xsd="http://www.w3.org/2001/XMLSchema" xmlns:xsi="http://www.w3.org/2001/XMLSchema-instance">
  <Cars />
  <MyCar>
    <Position>
      <X>-2377.32031</X>
      <Y>-256.767334</Y>
      <Z>14.2925367</Z>
    </Position>
    <Rotation>
      <X>1.3391459</X>
      <Y>2.51784945</Y>
      <Z>58.4865227</Z>
    </Rotation>
    <Handle>104962</Handle>
    <Bounds>
      <Vector3>
        <X>-2375.7063</X>
        <Y>-258.994324</Y>
        <Z>13.5506334</Z>
      </Vector3>
      <Vector3>
        <X>-2374.6394</X>
        <Y>-257.254547</Y>
        <Z>13.4608955</Z>
      </Vector3>
      <Vector3>
        <X>-2380.06348</X>
        <Y>-256.31665</Y>
        <Z>13.6700716</Z>
      </Vector3>
      <Vector3>
        <X>-2375.6438</X>
        <Y>-258.957581</Y>
        <Z>15.0047283</Z>
      </Vector3>
      <Vector3>
        <X>-2378.99683</X>
        <Y>-254.576874</Y>
        <Z>13.5803337</Z>
      </Vector3>
      <Vector3>
        <X>-2374.57715</X>
        <Y>-257.2178</Y>
        <Z>14.91499</Z>
      </Vector3>
      <Vector3>
        <X>-2380.001</X>
        <Y>-256.2799</Y>
        <Z>15.1241665</Z>
      </Vector3>
      <Vector3>
        <X>-2378.93433</X>
        <Y>-254.540146</Y>
        <Z>15.0344276</Z>
      </Vector3>
    </Bounds>
    <CenterCamPosition>
      <X>0</X>
      <Y>0</Y>
    </CenterCamPosition>
    <ScreenBounds />
    <DistanceToCam>0</DistanceToCam>
    <Speed>7.6093955</Speed>
    <AccInput>0</AccInput>
    <RPM>1.35798967</RPM>
    <Gear>0</Gear>
    <SteeringAngle>4.463976E-41</SteeringAngle>
    <WheelSpeed>0</WheelSpeed>
    <CarType>Sports</CarType>
  </MyCar>
  <Peds />
  <Time>271738</Time>
  <LastFrameTime>0.0297674</LastFrameTime>
  <MyProperty>0</MyProperty>
  <Weather>Foggy</Weather>
  <Steering>123</Steering>
  <Acc>142</Acc>
  <Brake>127</Brake>
  <DayTime>15:16:13</DayTime>
  <Position>
    <X>-2378.11</X>
    <Y>-256.2336</Y>
    <Z>15.214613</Z>
  </Position>
  <Rotation>
    <X>0.8399843</X>
    <Y>3.01896048</Y>
    <Z>58.4684525</Z>
  </Rotation>
</Screenshot>