<?xml version="1.0" encoding="utf-8"?>
<Screenshot xmlns:xsd="http://www.w3.org/2001/XMLSchema" xmlns:xsi="http://www.w3.org/2001/XMLSchema-instance">
  <Cars />
  <MyCar>
    <Position>
      <X>-2378.18921</X>
      <Y>-256.238983</Y>
      <Z>14.3146362</Z>
    </Position>
    <Rotation>
      <X>1.36020291</X>
      <Y>2.51683974</Y>
      <Z>58.78968</Z>
    </Rotation>
    <Handle>104962</Handle>
    <Bounds>
      <Vector3>
        <X>-2376.56372</X>
        <Y>-258.457275</Y>
        <Z>13.5717821</Z>
      </Vector3>
      <Vector3>
        <X>-2375.506</X>
        <Y>-256.711884</Y>
        <Z>13.4820795</Z>
      </Vector3>
      <Vector3>
        <X>-2380.93481</X>
        <Y>-255.802643</Y>
        <Z>13.6930981</Z>
      </Vector3>
      <Vector3>
        <X>-2376.501</X>
        <Y>-258.4205</Y>
        <Z>15.0258656</Z>
      </Vector3>
      <Vector3>
        <X>-2379.87744</X>
        <Y>-254.057251</Y>
        <Z>13.6033955</Z>
      </Vector3>
      <Vector3>
        <X>-2375.44336</X>
        <Y>-256.6751</Y>
        <Z>14.9361629</Z>
      </Vector3>
      <Vector3>
        <X>-2380.872</X>
        <Y>-255.765884</Y>
        <Z>15.1471806</Z>
      </Vector3>
      <Vector3>
        <X>-2379.8147</X>
        <Y>-254.0205</Y>
        <Z>15.0574789</Z>
      </Vector3>
    </Bounds>
    <CenterCamPosition>
      <X>0</X>
      <Y>0</Y>
    </CenterCamPosition>
    <ScreenBounds />
    <DistanceToCam>0</DistanceToCam>
    <Speed>7.71685743</Speed>
    <AccInput>0</AccInput>
    <RPM>1.35798967</RPM>
    <Gear>0</Gear>
    <SteeringAngle>4.463976E-41</SteeringAngle>
    <WheelSpeed>0</WheelSpeed>
    <CarType>Sports</CarType>
  </MyCar>
  <Peds />
  <Time>271871</Time>
  <LastFrameTime>0.0196080673</LastFrameTime>
  <MyProperty>0</MyProperty>
  <Weather>Foggy</Weather>
  <Steering>123</Steering>
  <Acc>142</Acc>
  <Brake>127</Brake>
  <DayTime>15:16:13</DayTime>
  <Position>
    <X>-2379.046</X>
    <Y>-255.671</Y>
    <Z>15.2386131</Z>
  </Position>
  <Rotation>
    <X>0.858765662</X>
    <Y>3.01666141</Y>
    <Z>58.78848</Z>
  </Rotation>
</Screenshot>