<?xml version="1.0" encoding="utf-8"?>
<Screenshot xmlns:xsd="http://www.w3.org/2001/XMLSchema" xmlns:xsi="http://www.w3.org/2001/XMLSchema-instance">
  <Cars />
  <MyCar>
    <Position>
      <X>-2377.74683</X>
      <Y>-256.5071</Y>
      <Z>14.3033581</Z>
    </Position>
    <Rotation>
      <X>1.3487519</X>
      <Y>2.51875138</Y>
      <Z>58.6322327</Z>
    </Rotation>
    <Handle>104962</Handle>
    <Bounds>
      <Vector3>
        <X>-2376.1272</X>
        <Y>-258.72995</Y>
        <Z>13.5610466</Z>
      </Vector3>
      <Vector3>
        <X>-2375.065</X>
        <Y>-256.987457</Y>
        <Z>13.4712763</Z>
      </Vector3>
      <Vector3>
        <X>-2380.49121</X>
        <Y>-256.063324</Y>
        <Z>13.6813412</Z>
      </Vector3>
      <Vector3>
        <X>-2376.0647</X>
        <Y>-258.693146</Y>
        <Z>15.0151339</Z>
      </Vector3>
      <Vector3>
        <X>-2379.429</X>
        <Y>-254.320847</Y>
        <Z>13.5915709</Z>
      </Vector3>
      <Vector3>
        <X>-2375.00244</X>
        <Y>-256.950684</Y>
        <Z>14.9253635</Z>
      </Vector3>
      <Vector3>
        <X>-2380.42871</X>
        <Y>-256.02655</Y>
        <Z>15.1354284</Z>
      </Vector3>
      <Vector3>
        <X>-2379.36621</X>
        <Y>-254.284073</Y>
        <Z>15.0456581</Z>
      </Vector3>
    </Bounds>
    <CenterCamPosition>
      <X>0</X>
      <Y>0</Y>
    </CenterCamPosition>
    <ScreenBounds />
    <DistanceToCam>0</DistanceToCam>
    <Speed>7.662602</Speed>
    <AccInput>0</AccInput>
    <RPM>1.35798967</RPM>
    <Gear>0</Gear>
    <SteeringAngle>4.463976E-41</SteeringAngle>
    <WheelSpeed>0</WheelSpeed>
    <CarType>Sports</CarType>
  </MyCar>
  <Peds />
  <Time>271804</Time>
  <LastFrameTime>0.0191469565</LastFrameTime>
  <MyProperty>0</MyProperty>
  <Weather>Foggy</Weather>
  <Steering>123</Steering>
  <Acc>142</Acc>
  <Brake>127</Brake>
  <DayTime>15:16:13</DayTime>
  <Position>
    <X>-2378.6062</X>
    <Y>-255.934311</Y>
    <Z>15.2272053</Z>
  </Position>
  <Rotation>
    <X>0.8467181</X>
    <Y>3.01841187</Y>
    <Z>58.6334152</Z>
  </Rotation>
</Screenshot>