<?xml version="1.0" encoding="utf-8"?>
<Screenshot xmlns:xsd="http://www.w3.org/2001/XMLSchema" xmlns:xsi="http://www.w3.org/2001/XMLSchema-instance">
  <Cars />
  <MyCar>
    <Position>
      <X>-2378.05981</X>
      <Y>-256.317261</Y>
      <Z>14.3113308</Z>
    </Position>
    <Rotation>
      <X>1.35757577</X>
      <Y>2.5170002</Y>
      <Z>58.7432861</Z>
    </Rotation>
    <Handle>104962</Handle>
    <Bounds>
      <Vector3>
        <X>-2376.436</X>
        <Y>-258.536865</Y>
        <Z>13.5685959</Z>
      </Vector3>
      <Vector3>
        <X>-2375.3772</X>
        <Y>-256.792328</Y>
        <Z>13.4788876</Z>
      </Vector3>
      <Vector3>
        <X>-2380.80518</X>
        <Y>-255.878723</Y>
        <Z>13.6896772</Z>
      </Vector3>
      <Vector3>
        <X>-2376.37329</X>
        <Y>-258.500122</Y>
        <Z>15.02268</Z>
      </Vector3>
      <Vector3>
        <X>-2379.746</X>
        <Y>-254.134186</Y>
        <Z>13.59997</Z>
      </Vector3>
      <Vector3>
        <X>-2375.31445</X>
        <Y>-256.755585</Y>
        <Z>14.9329729</Z>
      </Vector3>
      <Vector3>
        <X>-2380.74243</X>
        <Y>-255.84198</Y>
        <Z>15.1437616</Z>
      </Vector3>
      <Vector3>
        <X>-2379.68359</X>
        <Y>-254.097443</Y>
        <Z>15.0540543</Z>
      </Vector3>
    </Bounds>
    <CenterCamPosition>
      <X>0</X>
      <Y>0</Y>
    </CenterCamPosition>
    <ScreenBounds />
    <DistanceToCam>0</DistanceToCam>
    <Speed>7.701065</Speed>
    <AccInput>0</AccInput>
    <RPM>1.35798967</RPM>
    <Gear>0</Gear>
    <SteeringAngle>4.463976E-41</SteeringAngle>
    <WheelSpeed>0</WheelSpeed>
    <CarType>Sports</CarType>
  </MyCar>
  <Peds />
  <Time>271851</Time>
  <LastFrameTime>0.0475958772</LastFrameTime>
  <MyProperty>0</MyProperty>
  <Weather>Foggy</Weather>
  <Steering>123</Steering>
  <Acc>142</Acc>
  <Brake>127</Brake>
  <DayTime>15:16:13</DayTime>
  <Position>
    <X>-2378.732</X>
    <Y>-255.858856</Y>
    <Z>15.2304573</Z>
  </Position>
  <Rotation>
    <X>0.849930942</X>
    <Y>3.01841974</Y>
    <Z>58.6769829</Z>
  </Rotation>
</Screenshot>