<?xml version="1.0" encoding="utf-8"?>
<Screenshot xmlns:xsd="http://www.w3.org/2001/XMLSchema" xmlns:xsi="http://www.w3.org/2001/XMLSchema-instance">
  <Cars />
  <MyCar>
    <Position>
      <X>-2378.49976</X>
      <Y>-256.051636</Y>
      <Z>14.3225842</Z>
    </Position>
    <Rotation>
      <X>1.36826766</X>
      <Y>2.51372957</Y>
      <Z>58.90223</Z>
    </Rotation>
    <Handle>104962</Handle>
    <Bounds>
      <Vector3>
        <X>-2376.86987</X>
        <Y>-258.266632</Y>
        <Z>13.5793152</Z>
      </Vector3>
      <Vector3>
        <X>-2375.816</X>
        <Y>-256.519165</Y>
        <Z>13.4897242</Z>
      </Vector3>
      <Vector3>
        <X>-2381.24634</X>
        <Y>-255.6206</Y>
        <Z>13.7013512</Z>
      </Vector3>
      <Vector3>
        <X>-2376.80713</X>
        <Y>-258.22995</Y>
        <Z>15.0333977</Z>
      </Vector3>
      <Vector3>
        <X>-2380.19214</X>
        <Y>-253.873123</Y>
        <Z>13.6117592</Z>
      </Vector3>
      <Vector3>
        <X>-2375.75317</X>
        <Y>-256.482452</Y>
        <Z>14.9438057</Z>
      </Vector3>
      <Vector3>
        <X>-2381.18359</X>
        <Y>-255.5839</Y>
        <Z>15.1554327</Z>
      </Vector3>
      <Vector3>
        <X>-2380.12939</X>
        <Y>-253.836426</Y>
        <Z>15.0658407</Z>
      </Vector3>
    </Bounds>
    <CenterCamPosition>
      <X>0</X>
      <Y>0</Y>
    </CenterCamPosition>
    <ScreenBounds />
    <DistanceToCam>0</DistanceToCam>
    <Speed>7.75447655</Speed>
    <AccInput>0</AccInput>
    <RPM>1.35798967</RPM>
    <Gear>0</Gear>
    <SteeringAngle>4.463976E-41</SteeringAngle>
    <WheelSpeed>0</WheelSpeed>
    <CarType>Sports</CarType>
  </MyCar>
  <Peds />
  <Time>271918</Time>
  <LastFrameTime>0.0468545631</LastFrameTime>
  <MyProperty>0</MyProperty>
  <Weather>Foggy</Weather>
  <Steering>123</Steering>
  <Acc>142</Acc>
  <Brake>127</Brake>
  <DayTime>15:16:13</DayTime>
  <Position>
    <X>-2379.17578</X>
    <Y>-255.593552</Y>
    <Z>15.2419729</Z>
  </Position>
  <Rotation>
    <X>0.86139673</X>
    <Y>3.01649928</Y>
    <Z>58.8350143</Z>
  </Rotation>
</Screenshot>