<?xml version="1.0" encoding="utf-8"?>
<Screenshot xmlns:xsd="http://www.w3.org/2001/XMLSchema" xmlns:xsi="http://www.w3.org/2001/XMLSchema-instance">
  <Cars />
  <MyCar>
    <Position>
      <X>-2378.641</X>
      <Y>-255.96666</Y>
      <Z>14.3262053</Z>
    </Position>
    <Rotation>
      <X>1.37214112</X>
      <Y>2.511575</Y>
      <Z>58.95363</Z>
    </Rotation>
    <Handle>104962</Handle>
    <Bounds>
      <Vector3>
        <X>-2377.00928</X>
        <Y>-258.180145</Y>
        <Z>13.5827255</Z>
      </Vector3>
      <Vector3>
        <X>-2375.95679</X>
        <Y>-256.431732</Y>
        <Z>13.4932108</Z>
      </Vector3>
      <Vector3>
        <X>-2381.388</X>
        <Y>-255.538025</Y>
        <Z>13.7051067</Z>
      </Vector3>
      <Vector3>
        <X>-2376.94653</X>
        <Y>-258.1435</Y>
        <Z>15.0368071</Z>
      </Vector3>
      <Vector3>
        <X>-2380.33569</X>
        <Y>-253.7896</Y>
        <Z>13.615592</Z>
      </Vector3>
      <Vector3>
        <X>-2375.894</X>
        <Y>-256.39505</Y>
        <Z>14.9472923</Z>
      </Vector3>
      <Vector3>
        <X>-2381.3252</X>
        <Y>-255.501358</Y>
        <Z>15.1591883</Z>
      </Vector3>
      <Vector3>
        <X>-2380.27271</X>
        <Y>-253.75293</Y>
        <Z>15.0696735</Z>
      </Vector3>
    </Bounds>
    <CenterCamPosition>
      <X>0</X>
      <Y>0</Y>
    </CenterCamPosition>
    <ScreenBounds />
    <DistanceToCam>0</DistanceToCam>
    <Speed>7.77144337</Speed>
    <AccInput>0</AccInput>
    <RPM>1.35798967</RPM>
    <Gear>0</Gear>
    <SteeringAngle>4.463976E-41</SteeringAngle>
    <WheelSpeed>0</WheelSpeed>
    <CarType>Sports</CarType>
  </MyCar>
  <Peds />
  <Time>271939</Time>
  <LastFrameTime>0.0212312639</LastFrameTime>
  <MyProperty>0</MyProperty>
  <Weather>Foggy</Weather>
  <Steering>123</Steering>
  <Acc>142</Acc>
  <Brake>127</Brake>
  <DayTime>15:16:13</DayTime>
  <Position>
    <X>-2379.48755</X>
    <Y>-255.408249</Y>
    <Z>15.2500887</Z>
  </Position>
  <Rotation>
    <X>0.8694698</X>
    <Y>3.013383</Y>
    <Z>58.94793</Z>
  </Rotation>
</Screenshot>