<?xml version="1.0" encoding="utf-8"?>
<Screenshot xmlns:xsd="http://www.w3.org/2001/XMLSchema" xmlns:xsi="http://www.w3.org/2001/XMLSchema-instance">
  <Cars />
  <MyCar>
    <Position>
      <X>-2378.95068</X>
      <Y>-255.781143</Y>
      <Z>14.3341475</Z>
    </Position>
    <Rotation>
      <X>1.38003981</X>
      <Y>2.503724</Y>
      <Z>59.06662</Z>
    </Rotation>
    <Handle>104962</Handle>
    <Bounds>
      <Vector3>
        <X>-2377.31445</X>
        <Y>-257.991272</Y>
        <Z>13.5901737</Z>
      </Vector3>
      <Vector3>
        <X>-2376.26563</X>
        <Y>-256.240753</Y>
        <Z>13.5009384</Z>
      </Vector3>
      <Vector3>
        <X>-2381.69849</X>
        <Y>-255.357788</Y>
        <Z>13.71326</Z>
      </Vector3>
      <Vector3>
        <X>-2377.25171</X>
        <Y>-257.954773</Y>
        <Z>15.0442591</Z>
      </Vector3>
      <Vector3>
        <X>-2380.64941</X>
        <Y>-253.607285</Y>
        <Z>13.6240244</Z>
      </Vector3>
      <Vector3>
        <X>-2376.20264</X>
        <Y>-256.204254</Y>
        <Z>14.9550238</Z>
      </Vector3>
      <Vector3>
        <X>-2381.63574</X>
        <Y>-255.321274</Y>
        <Z>15.167345</Z>
      </Vector3>
      <Vector3>
        <X>-2380.58667</X>
        <Y>-253.57077</Y>
        <Z>15.07811</Z>
      </Vector3>
    </Bounds>
    <CenterCamPosition>
      <X>0</X>
      <Y>0</Y>
    </CenterCamPosition>
    <ScreenBounds />
    <DistanceToCam>0</DistanceToCam>
    <Speed>7.80840826</Speed>
    <AccInput>0</AccInput>
    <RPM>1.35798967</RPM>
    <Gear>0</Gear>
    <SteeringAngle>4.463976E-41</SteeringAngle>
    <WheelSpeed>0</WheelSpeed>
    <CarType>Sports</CarType>
  </MyCar>
  <Peds />
  <Time>271985</Time>
  <LastFrameTime>0.046297878</LastFrameTime>
  <MyProperty>0</MyProperty>
  <Weather>Foggy</Weather>
  <Steering>123</Steering>
  <Acc>142</Acc>
  <Brake>127</Brake>
  <DayTime>15:16:13</DayTime>
  <Position>
    <X>-2379.62939</X>
    <Y>-255.324219</Y>
    <Z>15.2537909</Z>
  </Position>
  <Rotation>
    <X>0.873347044</X>
    <Y>3.011226</Y>
    <Z>58.99951</Z>
  </Rotation>
</Screenshot>