<?xml version="1.0" encoding="utf-8"?>
<Screenshot xmlns:xsd="http://www.w3.org/2001/XMLSchema" xmlns:xsi="http://www.w3.org/2001/XMLSchema-instance">
  <Cars />
  <MyCar>
    <Position>
      <X>-2379.52539</X>
      <Y>-255.439056</Y>
      <Z>14.3489819</Z>
    </Position>
    <Rotation>
      <X>1.39401829</X>
      <Y>2.4857533</Y>
      <Z>59.27641</Z>
    </Rotation>
    <Handle>104962</Handle>
    <Bounds>
      <Vector3>
        <X>-2377.88135</X>
        <Y>-257.6429</Y>
        <Z>13.6040583</Z>
      </Vector3>
      <Vector3>
        <X>-2376.83862</X>
        <Y>-255.888565</Y>
        <Z>13.5154629</Z>
      </Vector3>
      <Vector3>
        <X>-2382.27466</X>
        <Y>-255.025513</Y>
        <Z>13.7283926</Z>
      </Vector3>
      <Vector3>
        <X>-2377.8186</X>
        <Y>-257.60675</Y>
        <Z>15.0581551</Z>
      </Vector3>
      <Vector3>
        <X>-2381.23218</X>
        <Y>-253.271149</Y>
        <Z>13.6397972</Z>
      </Vector3>
      <Vector3>
        <X>-2376.776</X>
        <Y>-255.852386</Y>
        <Z>14.96956</Z>
      </Vector3>
      <Vector3>
        <X>-2382.21216</X>
        <Y>-254.989334</Y>
        <Z>15.1824894</Z>
      </Vector3>
      <Vector3>
        <X>-2381.16943</X>
        <Y>-253.234985</Y>
        <Z>15.093894</Z>
      </Vector3>
    </Bounds>
    <CenterCamPosition>
      <X>0</X>
      <Y>0</Y>
    </CenterCamPosition>
    <ScreenBounds />
    <DistanceToCam>0</DistanceToCam>
    <Speed>7.87610149</Speed>
    <AccInput>0</AccInput>
    <RPM>1.35798967</RPM>
    <Gear>0</Gear>
    <SteeringAngle>4.463976E-41</SteeringAngle>
    <WheelSpeed>0</WheelSpeed>
    <CarType>Sports</CarType>
  </MyCar>
  <Peds />
  <Time>272070</Time>
  <LastFrameTime>0.0187683869</LastFrameTime>
  <MyProperty>0</MyProperty>
  <Weather>Foggy</Weather>
  <Steering>123</Steering>
  <Acc>142</Acc>
  <Brake>127</Brake>
  <DayTime>15:16:13</DayTime>
  <Position>
    <X>-2380.39</X>
    <Y>-254.877243</Y>
    <Z>15.2736883</Z>
  </Position>
  <Rotation>
    <X>0.892542958</X>
    <Y>2.98889542</Y>
    <Z>59.2765656</Z>
  </Rotation>
</Screenshot>