<?xml version="1.0" encoding="utf-8"?>
<Screenshot xmlns:xsd="http://www.w3.org/2001/XMLSchema" xmlns:xsi="http://www.w3.org/2001/XMLSchema-instance">
  <Cars />
  <MyCar>
    <Position>
      <X>-2379.39844</X>
      <Y>-255.51445</Y>
      <Z>14.3456926</Z>
    </Position>
    <Rotation>
      <X>1.39132869</X>
      <Y>2.48925781</Y>
      <Z>59.23003</Z>
    </Rotation>
    <Handle>104962</Handle>
    <Bounds>
      <Vector3>
        <X>-2377.756</X>
        <Y>-257.7197</Y>
        <Z>13.6009521</Z>
      </Vector3>
      <Vector3>
        <X>-2376.712</X>
        <Y>-255.966171</Y>
        <Z>13.5122328</Z>
      </Vector3>
      <Vector3>
        <X>-2382.14746</X>
        <Y>-255.098724</Y>
        <Z>13.7250462</Z>
      </Vector3>
      <Vector3>
        <X>-2377.69336</X>
        <Y>-257.683441</Y>
        <Z>15.055047</Z>
      </Vector3>
      <Vector3>
        <X>-2381.10352</X>
        <Y>-253.3452</Y>
        <Z>13.6363268</Z>
      </Vector3>
      <Vector3>
        <X>-2376.64917</X>
        <Y>-255.929947</Y>
        <Z>14.9663277</Z>
      </Vector3>
      <Vector3>
        <X>-2382.08472</X>
        <Y>-255.062485</Y>
        <Z>15.179141</Z>
      </Vector3>
      <Vector3>
        <X>-2381.04077</X>
        <Y>-253.308975</Y>
        <Z>15.0904217</Z>
      </Vector3>
    </Bounds>
    <CenterCamPosition>
      <X>0</X>
      <Y>0</Y>
    </CenterCamPosition>
    <ScreenBounds />
    <DistanceToCam>0</DistanceToCam>
    <Speed>7.86124754</Speed>
    <AccInput>0</AccInput>
    <RPM>1.35798967</RPM>
    <Gear>0</Gear>
    <SteeringAngle>4.463976E-41</SteeringAngle>
    <WheelSpeed>0</WheelSpeed>
    <CarType>Sports</CarType>
  </MyCar>
  <Peds />
  <Time>272052</Time>
  <LastFrameTime>0.0477687158</LastFrameTime>
  <MyProperty>0</MyProperty>
  <Weather>Foggy</Weather>
  <Steering>123</Steering>
  <Acc>142</Acc>
  <Brake>127</Brake>
  <DayTime>15:16:13</DayTime>
  <Position>
    <X>-2380.06616</X>
    <Y>-255.066757</Y>
    <Z>15.2652016</Z>
  </Position>
  <Rotation>
    <X>0.884814262</X>
    <Y>3.00118423</Y>
    <Z>59.1587524</Z>
  </Rotation>
</Screenshot>