<?xml version="1.0" encoding="utf-8"?>
<Screenshot xmlns:xsd="http://www.w3.org/2001/XMLSchema" xmlns:xsi="http://www.w3.org/2001/XMLSchema-instance">
  <Cars />
  <MyCar>
    <Position>
      <X>-2379.07617</X>
      <Y>-255.706238</Y>
      <Z>14.3373737</Z>
    </Position>
    <Rotation>
      <X>1.38360059</X>
      <Y>2.501542</Y>
      <Z>59.1124229</Z>
    </Rotation>
    <Handle>104962</Handle>
    <Bounds>
      <Vector3>
        <X>-2377.43823</X>
        <Y>-257.915039</Y>
        <Z>13.5932016</Z>
      </Vector3>
      <Vector3>
        <X>-2376.39063</X>
        <Y>-256.1637</Y>
        <Z>13.5040445</Z>
      </Vector3>
      <Vector3>
        <X>-2381.82446</X>
        <Y>-255.285049</Y>
        <Z>13.7166052</Z>
      </Vector3>
      <Vector3>
        <X>-2377.37549</X>
        <Y>-257.878571</Y>
        <Z>15.0472879</Z>
      </Vector3>
      <Vector3>
        <X>-2380.77661</X>
        <Y>-253.5337</Y>
        <Z>13.6274481</Z>
      </Vector3>
      <Vector3>
        <X>-2376.328</X>
        <Y>-256.127228</Y>
        <Z>14.95813</Z>
      </Vector3>
      <Vector3>
        <X>-2381.76147</X>
        <Y>-255.248581</Y>
        <Z>15.1706915</Z>
      </Vector3>
      <Vector3>
        <X>-2380.71387</X>
        <Y>-253.497238</Y>
        <Z>15.0815344</Z>
      </Vector3>
    </Bounds>
    <CenterCamPosition>
      <X>0</X>
      <Y>0</Y>
    </CenterCamPosition>
    <ScreenBounds />
    <DistanceToCam>0</DistanceToCam>
    <Speed>7.82327366</Speed>
    <AccInput>0</AccInput>
    <RPM>1.35798967</RPM>
    <Gear>0</Gear>
    <SteeringAngle>4.463976E-41</SteeringAngle>
    <WheelSpeed>0</WheelSpeed>
    <CarType>Sports</CarType>
  </MyCar>
  <Peds />
  <Time>272004</Time>
  <LastFrameTime>0.0186821222</LastFrameTime>
  <MyProperty>0</MyProperty>
  <Weather>Foggy</Weather>
  <Steering>123</Steering>
  <Acc>142</Acc>
  <Brake>127</Brake>
  <DayTime>15:16:13</DayTime>
  <Position>
    <X>-2379.94019</X>
    <Y>-255.140823</Y>
    <Z>15.2619009</Z>
  </Position>
  <Rotation>
    <X>0.881250143</X>
    <Y>3.00337</Y>
    <Z>59.1127968</Z>
  </Rotation>
</Screenshot>