<?xml version="1.0" encoding="utf-8"?>
<Screenshot xmlns:xsd="http://www.w3.org/2001/XMLSchema" xmlns:xsi="http://www.w3.org/2001/XMLSchema-instance">
  <Cars />
  <MyCar>
    <Position>
      <X>-2379.981</X>
      <Y>-255.169876</Y>
      <Z>14.3607817</Z>
    </Position>
    <Rotation>
      <X>1.405142</X>
      <Y>2.47054386</Y>
      <Z>59.44258</Z>
    </Rotation>
    <Handle>104962</Handle>
    <Bounds>
      <Vector3>
        <X>-2378.33057</X>
        <Y>-257.3687</Y>
        <Z>13.6150856</Z>
      </Vector3>
      <Vector3>
        <X>-2377.293</X>
        <Y>-255.611328</Y>
        <Z>13.5270319</Z>
      </Vector3>
      <Vector3>
        <X>-2382.73145</X>
        <Y>-254.764069</Y>
        <Z>13.7404127</Z>
      </Vector3>
      <Vector3>
        <X>-2378.26782</X>
        <Y>-257.332855</Y>
        <Z>15.0691919</Z>
      </Vector3>
      <Vector3>
        <X>-2381.694</X>
        <Y>-253.006668</Y>
        <Z>13.65236</Z>
      </Vector3>
      <Vector3>
        <X>-2377.23022</X>
        <Y>-255.575455</Y>
        <Z>14.9811392</Z>
      </Vector3>
      <Vector3>
        <X>-2382.669</X>
        <Y>-254.7282</Y>
        <Z>15.19452</Z>
      </Vector3>
      <Vector3>
        <X>-2381.63135</X>
        <Y>-252.9708</Y>
        <Z>15.1064663</Z>
      </Vector3>
    </Bounds>
    <CenterCamPosition>
      <X>0</X>
      <Y>0</Y>
    </CenterCamPosition>
    <ScreenBounds />
    <DistanceToCam>0</DistanceToCam>
    <Speed>7.929035</Speed>
    <AccInput>0</AccInput>
    <RPM>1.35798967</RPM>
    <Gear>0</Gear>
    <SteeringAngle>4.463976E-41</SteeringAngle>
    <WheelSpeed>0</WheelSpeed>
    <CarType>Sports</CarType>
  </MyCar>
  <Peds />
  <Time>272137</Time>
  <LastFrameTime>0.01937627</LastFrameTime>
  <MyProperty>0</MyProperty>
  <Weather>Foggy</Weather>
  <Steering>123</Steering>
  <Acc>142</Acc>
  <Brake>127</Brake>
  <DayTime>15:16:13</DayTime>
  <Position>
    <X>-2380.8418</X>
    <Y>-254.6138</Y>
    <Z>15.2855835</Z>
  </Position>
  <Rotation>
    <X>0.904343367</X>
    <Y>2.97377753</Y>
    <Z>59.44128</Z>
  </Rotation>
</Screenshot>