<?xml version="1.0" encoding="utf-8"?>
<Screenshot xmlns:xsd="http://www.w3.org/2001/XMLSchema" xmlns:xsi="http://www.w3.org/2001/XMLSchema-instance">
  <Cars />
  <MyCar>
    <Position>
      <X>-2379.84863</X>
      <Y>-255.247864</Y>
      <Z>14.3573351</Z>
    </Position>
    <Rotation>
      <X>1.40312552</X>
      <Y>2.4741478</Y>
      <Z>59.39437</Z>
    </Rotation>
    <Handle>104962</Handle>
    <Bounds>
      <Vector3>
        <X>-2378.2</X>
        <Y>-257.448151</Y>
        <Z>13.6117945</Z>
      </Vector3>
      <Vector3>
        <X>-2377.161</X>
        <Y>-255.691635</Y>
        <Z>13.523613</Z>
      </Vector3>
      <Vector3>
        <X>-2382.59888</X>
        <Y>-254.8398</Y>
        <Z>13.7369423</Z>
      </Vector3>
      <Vector3>
        <X>-2378.13721</X>
        <Y>-257.412231</Y>
        <Z>15.0658979</Z>
      </Vector3>
      <Vector3>
        <X>-2381.55981</X>
        <Y>-253.083282</Y>
        <Z>13.6487608</Z>
      </Vector3>
      <Vector3>
        <X>-2377.09839</X>
        <Y>-255.655716</Y>
        <Z>14.9777164</Z>
      </Vector3>
      <Vector3>
        <X>-2382.53613</X>
        <Y>-254.803879</Y>
        <Z>15.1910458</Z>
      </Vector3>
      <Vector3>
        <X>-2381.497</X>
        <Y>-253.047363</Y>
        <Z>15.1028643</Z>
      </Vector3>
    </Bounds>
    <CenterCamPosition>
      <X>0</X>
      <Y>0</Y>
    </CenterCamPosition>
    <ScreenBounds />
    <DistanceToCam>0</DistanceToCam>
    <Speed>7.91375732</Speed>
    <AccInput>0</AccInput>
    <RPM>1.35798967</RPM>
    <Gear>0</Gear>
    <SteeringAngle>4.463976E-41</SteeringAngle>
    <WheelSpeed>0</WheelSpeed>
    <CarType>Sports</CarType>
  </MyCar>
  <Peds />
  <Time>272118</Time>
  <LastFrameTime>0.0475338176</LastFrameTime>
  <MyProperty>0</MyProperty>
  <Weather>Foggy</Weather>
  <Steering>123</Steering>
  <Acc>142</Acc>
  <Brake>127</Brake>
  <DayTime>15:16:13</DayTime>
  <Position>
    <X>-2380.51733</X>
    <Y>-254.802719</Y>
    <Z>15.2770348</Z>
  </Position>
  <Rotation>
    <X>0.8952333</X>
    <Y>2.98538923</Y>
    <Z>59.3230362</Z>
  </Rotation>
</Screenshot>