<?xml version="1.0" encoding="utf-8"?>
<Screenshot xmlns:xsd="http://www.w3.org/2001/XMLSchema" xmlns:xsi="http://www.w3.org/2001/XMLSchema-instance">
  <Cars />
  <MyCar>
    <Position>
      <X>-2380.30859</X>
      <Y>-254.97728</Y>
      <Z>14.3694029</Z>
    </Position>
    <Rotation>
      <X>1.406129</X>
      <Y>2.46097255</Y>
      <Z>59.5571136</Z>
    </Rotation>
    <Handle>104962</Handle>
    <Bounds>
      <Vector3>
        <X>-2378.65356</X>
        <Y>-257.1727</Y>
        <Z>13.6234865</Z>
      </Vector3>
      <Vector3>
        <X>-2377.61963</X>
        <Y>-255.413223</Y>
        <Z>13.5357742</Z>
      </Vector3>
      <Vector3>
        <X>-2383.05981</X>
        <Y>-254.576874</Y>
        <Z>13.7489033</Z>
      </Vector3>
      <Vector3>
        <X>-2378.591</X>
        <Y>-257.136932</Y>
        <Z>15.0776033</Z>
      </Vector3>
      <Vector3>
        <X>-2382.026</X>
        <Y>-252.8174</Y>
        <Z>13.661191</Z>
      </Vector3>
      <Vector3>
        <X>-2377.55713</X>
        <Y>-255.377441</Y>
        <Z>14.9898911</Z>
      </Vector3>
      <Vector3>
        <X>-2382.99756</X>
        <Y>-254.541092</Y>
        <Z>15.20302</Z>
      </Vector3>
      <Vector3>
        <X>-2381.96338</X>
        <Y>-252.781616</Y>
        <Z>15.1153078</Z>
      </Vector3>
    </Bounds>
    <CenterCamPosition>
      <X>0</X>
      <Y>0</Y>
    </CenterCamPosition>
    <ScreenBounds />
    <DistanceToCam>0</DistanceToCam>
    <Speed>7.966656</Speed>
    <AccInput>0</AccInput>
    <RPM>1.35798967</RPM>
    <Gear>0</Gear>
    <SteeringAngle>4.463976E-41</SteeringAngle>
    <WheelSpeed>0</WheelSpeed>
    <CarType>Sports</CarType>
  </MyCar>
  <Peds />
  <Time>272185</Time>
  <LastFrameTime>0.047767166</LastFrameTime>
  <MyProperty>0</MyProperty>
  <Weather>Foggy</Weather>
  <Steering>124</Steering>
  <Acc>142</Acc>
  <Brake>127</Brake>
  <DayTime>15:16:13</DayTime>
  <Position>
    <X>-2380.97461</X>
    <Y>-254.536713</Y>
    <Z>15.2890739</Z>
  </Position>
  <Rotation>
    <X>0.906359434</X>
    <Y>2.97017241</Y>
    <Z>59.4895439</Z>
  </Rotation>
</Screenshot>