<?xml version="1.0" encoding="utf-8"?>
<Screenshot xmlns:xsd="http://www.w3.org/2001/XMLSchema" xmlns:xsi="http://www.w3.org/2001/XMLSchema-instance">
  <Cars />
  <MyCar>
    <Position>
      <X>-2381.011</X>
      <Y>-254.566147</Y>
      <Z>14.3879519</Z>
    </Position>
    <Rotation>
      <X>1.40825</X>
      <Y>2.43957663</Y>
      <Z>59.77765</Z>
    </Rotation>
    <Handle>104962</Handle>
    <Bounds>
      <Vector3>
        <X>-2379.34741</X>
        <Y>-256.754944</Y>
        <Z>13.6415482</Z>
      </Vector3>
      <Vector3>
        <X>-2378.32031</X>
        <Y>-254.991455</Y>
        <Z>13.5545979</Z>
      </Vector3>
      <Vector3>
        <X>-2383.76367</X>
        <Y>-254.176117</Y>
        <Z>13.7671556</Z>
      </Vector3>
      <Vector3>
        <X>-2379.2854</X>
        <Y>-256.719421</Y>
        <Z>15.0956869</Z>
      </Vector3>
      <Vector3>
        <X>-2382.73657</X>
        <Y>-252.412643</Y>
        <Z>13.6802053</Z>
      </Vector3>
      <Vector3>
        <X>-2378.258</X>
        <Y>-254.955933</Y>
        <Z>15.0087366</Z>
      </Vector3>
      <Vector3>
        <X>-2383.70166</X>
        <Y>-254.1406</Y>
        <Z>15.2212944</Z>
      </Vector3>
      <Vector3>
        <X>-2382.67432</X>
        <Y>-252.377121</Y>
        <Z>15.1343441</Z>
      </Vector3>
    </Bounds>
    <CenterCamPosition>
      <X>0</X>
      <Y>0</Y>
    </CenterCamPosition>
    <ScreenBounds />
    <DistanceToCam>0</DistanceToCam>
    <Speed>8.046438</Speed>
    <AccInput>0</AccInput>
    <RPM>1.35798967</RPM>
    <Gear>0</Gear>
    <SteeringAngle>4.463976E-41</SteeringAngle>
    <WheelSpeed>0</WheelSpeed>
    <CarType>Sports</CarType>
  </MyCar>
  <Peds />
  <Time>272287</Time>
  <LastFrameTime>0.0337451771</LastFrameTime>
  <MyProperty>0</MyProperty>
  <Weather>Foggy</Weather>
  <Steering>124</Steering>
  <Acc>142</Acc>
  <Brake>127</Brake>
  <DayTime>15:16:13</DayTime>
  <Position>
    <X>-2381.77368</X>
    <Y>-254.074661</Y>
    <Z>15.3101206</Z>
  </Position>
  <Rotation>
    <X>0.9092581</X>
    <Y>2.94815</Y>
    <Z>59.7550545</Z>
  </Rotation>
</Screenshot>