<?xml version="1.0" encoding="utf-8"?>
<Screenshot xmlns:xsd="http://www.w3.org/2001/XMLSchema" xmlns:xsi="http://www.w3.org/2001/XMLSchema-instance">
  <Cars />
  <MyCar>
    <Position>
      <X>-2380.54517</X>
      <Y>-254.83847</Y>
      <Z>14.37564</Z>
    </Position>
    <Rotation>
      <X>1.40666759</X>
      <Y>2.4544</Y>
      <Z>59.635582</Z>
    </Rotation>
    <Handle>104962</Handle>
    <Bounds>
      <Vector3>
        <X>-2378.88721</X>
        <Y>-257.031555</Y>
        <Z>13.6295786</Z>
      </Vector3>
      <Vector3>
        <X>-2377.85547</X>
        <Y>-255.27066</Y>
        <Z>13.5421009</Z>
      </Vector3>
      <Vector3>
        <X>-2383.297</X>
        <Y>-254.441772</Y>
        <Z>13.755044</Z>
      </Vector3>
      <Vector3>
        <X>-2378.825</X>
        <Y>-256.99585</Y>
        <Z>15.0837021</Z>
      </Vector3>
      <Vector3>
        <X>-2382.26538</X>
        <Y>-252.680878</Y>
        <Z>13.6675663</Z>
      </Vector3>
      <Vector3>
        <X>-2377.79321</X>
        <Y>-255.234955</Y>
        <Z>14.9962244</Z>
      </Vector3>
      <Vector3>
        <X>-2383.23462</X>
        <Y>-254.406067</Y>
        <Z>15.2091675</Z>
      </Vector3>
      <Vector3>
        <X>-2382.20313</X>
        <Y>-252.645172</Y>
        <Z>15.12169</Z>
      </Vector3>
    </Bounds>
    <CenterCamPosition>
      <X>0</X>
      <Y>0</Y>
    </CenterCamPosition>
    <ScreenBounds />
    <DistanceToCam>0</DistanceToCam>
    <Speed>7.993683</Speed>
    <AccInput>0</AccInput>
    <RPM>1.35798967</RPM>
    <Gear>0</Gear>
    <SteeringAngle>4.463976E-41</SteeringAngle>
    <WheelSpeed>0</WheelSpeed>
    <CarType>Sports</CarType>
  </MyCar>
  <Peds />
  <Time>272219</Time>
  <LastFrameTime>0.0343682654</LastFrameTime>
  <MyProperty>0</MyProperty>
  <Weather>Foggy</Weather>
  <Steering>124</Steering>
  <Acc>142</Acc>
  <Brake>127</Brake>
  <DayTime>15:16:13</DayTime>
  <Position>
    <X>-2381.30347</X>
    <Y>-254.346237</Y>
    <Z>15.2977219</Z>
  </Position>
  <Rotation>
    <X>0.9073402</X>
    <Y>2.96060181</Y>
    <Z>59.6039772</Z>
  </Rotation>
</Screenshot>