<?xml version="1.0" encoding="utf-8"?>
<Screenshot xmlns:xsd="http://www.w3.org/2001/XMLSchema" xmlns:xsi="http://www.w3.org/2001/XMLSchema-instance">
  <Cars />
  <MyCar>
    <Position>
      <X>-2380.77686</X>
      <Y>-254.702881</Y>
      <Z>14.381753</Z>
    </Position>
    <Rotation>
      <X>1.40805459</X>
      <Y>2.44852</Y>
      <Z>59.7082863</Z>
    </Rotation>
    <Handle>104962</Handle>
    <Bounds>
      <Vector3>
        <X>-2379.116</X>
        <Y>-256.8938</Y>
        <Z>13.6355228</Z>
      </Vector3>
      <Vector3>
        <X>-2378.08667</X>
        <Y>-255.131577</Y>
        <Z>13.548254</Z>
      </Vector3>
      <Vector3>
        <X>-2383.5293</X>
        <Y>-254.309616</Y>
        <Z>13.7611122</Z>
      </Vector3>
      <Vector3>
        <X>-2379.05371</X>
        <Y>-256.858154</Y>
        <Z>15.0896511</Z>
      </Vector3>
      <Vector3>
        <X>-2382.49976</X>
        <Y>-252.5474</Y>
        <Z>13.6738434</Z>
      </Vector3>
      <Vector3>
        <X>-2378.02441</X>
        <Y>-255.095932</Y>
        <Z>15.0023823</Z>
      </Vector3>
      <Vector3>
        <X>-2383.467</X>
        <Y>-254.273972</Y>
        <Z>15.2152405</Z>
      </Vector3>
      <Vector3>
        <X>-2382.4375</X>
        <Y>-252.511749</Y>
        <Z>15.1279716</Z>
      </Vector3>
    </Bounds>
    <CenterCamPosition>
      <X>0</X>
      <Y>0</Y>
    </CenterCamPosition>
    <ScreenBounds />
    <DistanceToCam>0</DistanceToCam>
    <Speed>8.019989</Speed>
    <AccInput>0</AccInput>
    <RPM>1.35798967</RPM>
    <Gear>0</Gear>
    <SteeringAngle>4.463976E-41</SteeringAngle>
    <WheelSpeed>0</WheelSpeed>
    <CarType>Sports</CarType>
  </MyCar>
  <Peds />
  <Time>272253</Time>
  <LastFrameTime>0.0335164852</LastFrameTime>
  <MyProperty>0</MyProperty>
  <Weather>Foggy</Weather>
  <Steering>124</Steering>
  <Acc>142</Acc>
  <Brake>127</Brake>
  <DayTime>15:16:13</DayTime>
  <Position>
    <X>-2381.541</X>
    <Y>-254.2089</Y>
    <Z>15.3039751</Z>
  </Position>
  <Rotation>
    <X>0.9078738</X>
    <Y>2.95402956</Y>
    <Z>59.6823654</Z>
  </Rotation>
</Screenshot>