<?xml version="1.0" encoding="utf-8"?>
<Screenshot xmlns:xsd="http://www.w3.org/2001/XMLSchema" xmlns:xsi="http://www.w3.org/2001/XMLSchema-instance">
  <Cars />
  <MyCar>
    <Position>
      <X>-2381.71118</X>
      <Y>-254.158478</Y>
      <Z>14.4060974</Z>
    </Position>
    <Rotation>
      <X>1.4272455</X>
      <Y>2.39056826</Y>
      <Z>59.9547348</Z>
    </Rotation>
    <Handle>104962</Handle>
    <Bounds>
      <Vector3>
        <X>-2380.04077</X>
        <Y>-256.341461</Y>
        <Z>13.6579514</Z>
      </Vector3>
      <Vector3>
        <X>-2379.019</X>
        <Y>-254.574768</Y>
        <Z>13.5727472</Z>
      </Vector3>
      <Vector3>
        <X>-2384.465</X>
        <Y>-253.776367</Y>
        <Z>13.7852573</Z>
      </Vector3>
      <Vector3>
        <X>-2379.979</X>
        <Y>-256.307068</Y>
        <Z>15.11213</Z>
      </Vector3>
      <Vector3>
        <X>-2383.443</X>
        <Y>-252.009659</Y>
        <Z>13.7000532</Z>
      </Vector3>
      <Vector3>
        <X>-2378.95728</X>
        <Y>-254.540375</Y>
        <Z>15.026926</Z>
      </Vector3>
      <Vector3>
        <X>-2384.40332</X>
        <Y>-253.741974</Y>
        <Z>15.2394371</Z>
      </Vector3>
      <Vector3>
        <X>-2383.38135</X>
        <Y>-251.975266</Y>
        <Z>15.154232</Z>
      </Vector3>
    </Bounds>
    <CenterCamPosition>
      <X>0</X>
      <Y>0</Y>
    </CenterCamPosition>
    <ScreenBounds />
    <DistanceToCam>0</DistanceToCam>
    <Speed>8.129963</Speed>
    <AccInput>0</AccInput>
    <RPM>1.35798967</RPM>
    <Gear>0</Gear>
    <SteeringAngle>4.463976E-41</SteeringAngle>
    <WheelSpeed>0</WheelSpeed>
    <CarType>Sports</CarType>
  </MyCar>
  <Peds />
  <Time>272387</Time>
  <LastFrameTime>0.0183193777</LastFrameTime>
  <MyProperty>0</MyProperty>
  <Weather>Foggy</Weather>
  <Steering>126</Steering>
  <Acc>142</Acc>
  <Brake>127</Brake>
  <DayTime>15:16:13</DayTime>
  <Position>
    <X>-2382.58179</X>
    <Y>-253.609558</Y>
    <Z>15.3314714</Z>
  </Position>
  <Rotation>
    <X>0.9169581</X>
    <Y>2.904222</Y>
    <Z>59.9710922</Z>
  </Rotation>
</Screenshot>