<?xml version="1.0" encoding="utf-8"?>
<Screenshot xmlns:xsd="http://www.w3.org/2001/XMLSchema" xmlns:xsi="http://www.w3.org/2001/XMLSchema-instance">
  <Cars />
  <MyCar>
    <Position>
      <X>-2381.58252</X>
      <Y>-254.233337</Y>
      <Z>14.402915</Z>
    </Position>
    <Rotation>
      <X>1.41578031</X>
      <Y>2.40459347</Y>
      <Z>59.92464</Z>
    </Rotation>
    <Handle>104962</Handle>
    <Bounds>
      <Vector3>
        <X>-2379.91333</X>
        <Y>-256.417419</Y>
        <Z>13.6555347</Z>
      </Vector3>
      <Vector3>
        <X>-2378.89038</X>
        <Y>-254.651276</Y>
        <Z>13.5698309</Z>
      </Vector3>
      <Vector3>
        <X>-2384.33618</X>
        <Y>-253.85</Y>
        <Z>13.7818174</Z>
      </Vector3>
      <Vector3>
        <X>-2379.85156</X>
        <Y>-256.382629</Y>
        <Z>15.1097059</Z>
      </Vector3>
      <Vector3>
        <X>-2383.31348</X>
        <Y>-252.083847</Y>
        <Z>13.6961126</Z>
      </Vector3>
      <Vector3>
        <X>-2378.82886</X>
        <Y>-254.61647</Y>
        <Z>15.0240021</Z>
      </Vector3>
      <Vector3>
        <X>-2384.27441</X>
        <Y>-253.815186</Y>
        <Z>15.2359886</Z>
      </Vector3>
      <Vector3>
        <X>-2383.25171</X>
        <Y>-252.049026</Y>
        <Z>15.1502848</Z>
      </Vector3>
    </Bounds>
    <CenterCamPosition>
      <X>0</X>
      <Y>0</Y>
    </CenterCamPosition>
    <ScreenBounds />
    <DistanceToCam>0</DistanceToCam>
    <Speed>8.114084</Speed>
    <AccInput>0</AccInput>
    <RPM>1.35798967</RPM>
    <Gear>0</Gear>
    <SteeringAngle>4.463976E-41</SteeringAngle>
    <WheelSpeed>0</WheelSpeed>
    <CarType>Sports</CarType>
  </MyCar>
  <Peds />
  <Time>272368</Time>
  <LastFrameTime>0.0485962965</LastFrameTime>
  <MyProperty>0</MyProperty>
  <Weather>Foggy</Weather>
  <Steering>126</Steering>
  <Acc>142</Acc>
  <Brake>127</Brake>
  <DayTime>15:16:13</DayTime>
  <Position>
    <X>-2382.24048</X>
    <Y>-253.805756</Y>
    <Z>15.3224411</Z>
  </Position>
  <Rotation>
    <X>0.909204543</X>
    <Y>2.930031</Y>
    <Z>59.88734</Z>
  </Rotation>
</Screenshot>