<?xml version="1.0" encoding="utf-8"?>
<Screenshot xmlns:xsd="http://www.w3.org/2001/XMLSchema" xmlns:xsi="http://www.w3.org/2001/XMLSchema-instance">
  <Cars />
  <MyCar>
    <Position>
      <X>-2381.24219</X>
      <Y>-254.431412</Y>
      <Z>14.394062</Z>
    </Position>
    <Rotation>
      <X>1.408016</X>
      <Y>2.43039966</Y>
      <Z>59.8408623</Z>
    </Rotation>
    <Handle>104962</Handle>
    <Bounds>
      <Vector3>
        <X>-2379.57617</X>
        <Y>-256.618256</Y>
        <Z>13.6475</Z>
      </Vector3>
      <Vector3>
        <X>-2378.55078</X>
        <Y>-254.853638</Y>
        <Z>13.5608768</Z>
      </Vector3>
      <Vector3>
        <X>-2383.99536</X>
        <Y>-254.044327</Y>
        <Z>13.7730875</Z>
      </Vector3>
      <Vector3>
        <X>-2379.51416</X>
        <Y>-256.582855</Y>
        <Z>15.1016483</Z>
      </Vector3>
      <Vector3>
        <X>-2382.97</X>
        <Y>-252.279709</Y>
        <Z>13.6864643</Z>
      </Vector3>
      <Vector3>
        <X>-2378.489</X>
        <Y>-254.818253</Y>
        <Z>15.0150251</Z>
      </Vector3>
      <Vector3>
        <X>-2383.93335</X>
        <Y>-254.008942</Y>
        <Z>15.2272358</Z>
      </Vector3>
      <Vector3>
        <X>-2382.908</X>
        <Y>-252.244324</Y>
        <Z>15.1406126</Z>
      </Vector3>
    </Bounds>
    <CenterCamPosition>
      <X>0</X>
      <Y>0</Y>
    </CenterCamPosition>
    <ScreenBounds />
    <DistanceToCam>0</DistanceToCam>
    <Speed>8.072463</Speed>
    <AccInput>0</AccInput>
    <RPM>1.35798967</RPM>
    <Gear>0</Gear>
    <SteeringAngle>4.463976E-41</SteeringAngle>
    <WheelSpeed>0</WheelSpeed>
    <CarType>Sports</CarType>
  </MyCar>
  <Peds />
  <Time>272320</Time>
  <LastFrameTime>0.03318725</LastFrameTime>
  <MyProperty>0</MyProperty>
  <Weather>Foggy</Weather>
  <Steering>126</Steering>
  <Acc>142</Acc>
  <Brake>127</Brake>
  <DayTime>15:16:13</DayTime>
  <Position>
    <X>-2382.00854</X>
    <Y>-253.939255</Y>
    <Z>15.316329</Z>
  </Position>
  <Rotation>
    <X>0.9094466</X>
    <Y>2.93920684</Y>
    <Z>59.8242836</Z>
  </Rotation>
</Screenshot>