<?xml version="1.0" encoding="utf-8"?>
<Screenshot xmlns:xsd="http://www.w3.org/2001/XMLSchema" xmlns:xsi="http://www.w3.org/2001/XMLSchema-instance">
  <Cars />
  <MyCar>
    <Position>
      <X>-2382.29541</X>
      <Y>-253.819016</Y>
      <Z>14.42159</Z>
    </Position>
    <Rotation>
      <X>1.42956007</X>
      <Y>2.35824275</Y>
      <Z>60.0436172</Z>
    </Rotation>
    <Handle>104962</Handle>
    <Bounds>
      <Vector3>
        <X>-2380.62158</X>
        <Y>-255.999023</Y>
        <Z>13.6727476</Z>
      </Vector3>
      <Vector3>
        <X>-2379.60229</X>
        <Y>-254.2307</Y>
        <Z>13.5886946</Z>
      </Vector3>
      <Vector3>
        <X>-2385.0498</X>
        <Y>-253.440842</Y>
        <Z>13.8002625</Z>
      </Vector3>
      <Vector3>
        <X>-2380.56</X>
        <Y>-255.965271</Y>
        <Z>15.1269588</Z>
      </Vector3>
      <Vector3>
        <X>-2384.03052</X>
        <Y>-251.672516</Y>
        <Z>13.7162094</Z>
      </Vector3>
      <Vector3>
        <X>-2379.541</X>
        <Y>-254.196945</Y>
        <Z>15.0429058</Z>
      </Vector3>
      <Vector3>
        <X>-2384.98828</X>
        <Y>-253.407089</Y>
        <Z>15.2544746</Z>
      </Vector3>
      <Vector3>
        <X>-2383.96924</X>
        <Y>-251.638763</Y>
        <Z>15.1704216</Z>
      </Vector3>
    </Bounds>
    <CenterCamPosition>
      <X>0</X>
      <Y>0</Y>
    </CenterCamPosition>
    <ScreenBounds />
    <DistanceToCam>0</DistanceToCam>
    <Speed>8.205906</Speed>
    <AccInput>0</AccInput>
    <RPM>1.35798967</RPM>
    <Gear>0</Gear>
    <SteeringAngle>4.463976E-41</SteeringAngle>
    <WheelSpeed>0</WheelSpeed>
    <CarType>Sports</CarType>
  </MyCar>
  <Peds />
  <Time>272469</Time>
  <LastFrameTime>0.034839306</LastFrameTime>
  <MyProperty>0</MyProperty>
  <Weather>Foggy</Weather>
  <Steering>127</Steering>
  <Acc>142</Acc>
  <Brake>127</Brake>
  <DayTime>15:16:13</DayTime>
  <Position>
    <X>-2383.049</X>
    <Y>-253.340851</Y>
    <Z>15.3439083</Z>
  </Position>
  <Rotation>
    <X>0.931601048</X>
    <Y>2.86866617</Y>
    <Z>60.0597267</Z>
  </Rotation>
</Screenshot>