<?xml version="1.0" encoding="utf-8"?>
<Screenshot xmlns:xsd="http://www.w3.org/2001/XMLSchema" xmlns:xsi="http://www.w3.org/2001/XMLSchema-instance">
  <Cars />
  <MyCar>
    <Position>
      <X>-2382.42627</X>
      <Y>-253.74292</Y>
      <Z>14.4250612</Z>
    </Position>
    <Rotation>
      <X>1.42903566</X>
      <Y>2.35368776</Y>
      <Z>60.05647</Z>
    </Rotation>
    <Handle>104962</Handle>
    <Bounds>
      <Vector3>
        <X>-2380.752</X>
        <Y>-255.922516</Y>
        <Z>13.676158</Z>
      </Vector3>
      <Vector3>
        <X>-2379.73315</X>
        <Y>-254.153961</Y>
        <Z>13.592267</Z>
      </Vector3>
      <Vector3>
        <X>-2385.18066</X>
        <Y>-253.365341</Y>
        <Z>13.803627</Z>
      </Vector3>
      <Vector3>
        <X>-2380.69067</X>
        <Y>-255.888855</Y>
        <Z>15.1303749</Z>
      </Vector3>
      <Vector3>
        <X>-2384.16187</X>
        <Y>-251.596771</Y>
        <Z>13.7197371</Z>
      </Vector3>
      <Vector3>
        <X>-2379.67188</X>
        <Y>-254.120285</Y>
        <Z>15.046484</Z>
      </Vector3>
      <Vector3>
        <X>-2385.11938</X>
        <Y>-253.331665</Y>
        <Z>15.257844</Z>
      </Vector3>
      <Vector3>
        <X>-2384.10059</X>
        <Y>-251.56311</Y>
        <Z>15.1739531</Z>
      </Vector3>
    </Bounds>
    <CenterCamPosition>
      <X>0</X>
      <Y>0</Y>
    </CenterCamPosition>
    <ScreenBounds />
    <DistanceToCam>0</DistanceToCam>
    <Speed>8.222237</Speed>
    <AccInput>0</AccInput>
    <RPM>1.35798967</RPM>
    <Gear>0</Gear>
    <SteeringAngle>4.463976E-41</SteeringAngle>
    <WheelSpeed>0</WheelSpeed>
    <CarType>Sports</CarType>
  </MyCar>
  <Peds />
  <Time>272488</Time>
  <LastFrameTime>0.01843574</LastFrameTime>
  <MyProperty>0</MyProperty>
  <Weather>Foggy</Weather>
  <Steering>127</Steering>
  <Acc>142</Acc>
  <Brake>127</Brake>
  <DayTime>15:16:13</DayTime>
  <Position>
    <X>-2383.29614</X>
    <Y>-253.198059</Y>
    <Z>15.35046</Z>
  </Position>
  <Rotation>
    <X>0.9307177</X>
    <Y>2.85786653</Y>
    <Z>60.09002</Z>
  </Rotation>
</Screenshot>