<?xml version="1.0" encoding="utf-8"?>
<Screenshot xmlns:xsd="http://www.w3.org/2001/XMLSchema" xmlns:xsi="http://www.w3.org/2001/XMLSchema-instance">
  <Cars />
  <MyCar>
    <Position>
      <X>-2382.04858</X>
      <Y>-253.962479</Y>
      <Z>14.4150276</Z>
    </Position>
    <Rotation>
      <X>1.43043363</X>
      <Y>2.36904526</Y>
      <Z>60.0131073</Z>
    </Rotation>
    <Handle>104962</Handle>
    <Bounds>
      <Vector3>
        <X>-2380.376</X>
        <Y>-256.1435</Y>
        <Z>13.6663446</Z>
      </Vector3>
      <Vector3>
        <X>-2379.356</X>
        <Y>-254.375732</Y>
        <Z>13.5819073</Z>
      </Vector3>
      <Vector3>
        <X>-2384.80273</X>
        <Y>-253.582932</Y>
        <Z>13.7939377</Z>
      </Vector3>
      <Vector3>
        <X>-2380.31445</X>
        <Y>-256.109558</Y>
        <Z>15.1205444</Z>
      </Vector3>
      <Vector3>
        <X>-2383.78271</X>
        <Y>-251.815155</Y>
        <Z>13.7094994</Z>
      </Vector3>
      <Vector3>
        <X>-2379.29419</X>
        <Y>-254.341782</Y>
        <Z>15.0361071</Z>
      </Vector3>
      <Vector3>
        <X>-2384.74121</X>
        <Y>-253.549</Y>
        <Z>15.2481375</Z>
      </Vector3>
      <Vector3>
        <X>-2383.72119</X>
        <Y>-251.781219</Y>
        <Z>15.1636992</Z>
      </Vector3>
    </Bounds>
    <CenterCamPosition>
      <X>0</X>
      <Y>0</Y>
    </CenterCamPosition>
    <ScreenBounds />
    <DistanceToCam>0</DistanceToCam>
    <Speed>8.174481</Speed>
    <AccInput>0</AccInput>
    <RPM>1.35798967</RPM>
    <Gear>0</Gear>
    <SteeringAngle>4.463976E-41</SteeringAngle>
    <WheelSpeed>0</WheelSpeed>
    <CarType>Sports</CarType>
  </MyCar>
  <Peds />
  <Time>272435</Time>
  <LastFrameTime>0.0477870256</LastFrameTime>
  <MyProperty>0</MyProperty>
  <Weather>Foggy</Weather>
  <Steering>127</Steering>
  <Acc>142</Acc>
  <Brake>127</Brake>
  <DayTime>15:16:13</DayTime>
  <Position>
    <X>-2382.71069</X>
    <Y>-253.5355</Y>
    <Z>15.334898</Z>
  </Position>
  <Rotation>
    <X>0.9284267</X>
    <Y>2.89018917</Y>
    <Z>60.00154</Z>
  </Rotation>
</Screenshot>