<?xml version="1.0" encoding="utf-8"?>
<Screenshot xmlns:xsd="http://www.w3.org/2001/XMLSchema" xmlns:xsi="http://www.w3.org/2001/XMLSchema-instance">
  <Cars />
  <MyCar>
    <Position>
      <X>-2382.65015</X>
      <Y>-253.612869</Y>
      <Z>14.43099</Z>
    </Position>
    <Rotation>
      <X>1.42889071</X>
      <Y>2.3456912</Y>
      <Z>60.0712852</Z>
    </Rotation>
    <Handle>104962</Handle>
    <Bounds>
      <Vector3>
        <X>-2380.975</X>
        <Y>-255.791931</Y>
        <Z>13.6819468</Z>
      </Vector3>
      <Vector3>
        <X>-2379.95679</X>
        <Y>-254.023087</Y>
        <Z>13.598341</Z>
      </Vector3>
      <Vector3>
        <X>-2385.40454</X>
        <Y>-253.235916</Y>
        <Z>13.8094034</Z>
      </Vector3>
      <Vector3>
        <X>-2380.91382</X>
        <Y>-255.758423</Y>
        <Z>15.1361713</Z>
      </Vector3>
      <Vector3>
        <X>-2384.38623</X>
        <Y>-251.467072</Y>
        <Z>13.7257977</Z>
      </Vector3>
      <Vector3>
        <X>-2379.89551</X>
        <Y>-253.989578</Y>
        <Z>15.0525656</Z>
      </Vector3>
      <Vector3>
        <X>-2385.34326</X>
        <Y>-253.202408</Y>
        <Z>15.263629</Z>
      </Vector3>
      <Vector3>
        <X>-2384.325</X>
        <Y>-251.433563</Y>
        <Z>15.1800232</Z>
      </Vector3>
    </Bounds>
    <CenterCamPosition>
      <X>0</X>
      <Y>0</Y>
    </CenterCamPosition>
    <ScreenBounds />
    <DistanceToCam>0</DistanceToCam>
    <Speed>8.249549</Speed>
    <AccInput>0</AccInput>
    <RPM>1.35798967</RPM>
    <Gear>0</Gear>
    <SteeringAngle>4.463976E-41</SteeringAngle>
    <WheelSpeed>0</WheelSpeed>
    <CarType>Sports</CarType>
  </MyCar>
  <Peds />
  <Time>272519</Time>
  <LastFrameTime>0.0314098336</LastFrameTime>
  <MyProperty>0</MyProperty>
  <Weather>Foggy</Weather>
  <Steering>127</Steering>
  <Acc>142</Acc>
  <Brake>127</Brake>
  <DayTime>15:16:13</DayTime>
  <Position>
    <X>-2383.42725</X>
    <Y>-253.122253</Y>
    <Z>15.3539238</Z>
  </Position>
  <Rotation>
    <X>0.930189</X>
    <Y>2.853312</Y>
    <Z>60.10277</Z>
  </Rotation>
</Screenshot>