<?xml version="1.0" encoding="utf-8"?>
<Screenshot xmlns:xsd="http://www.w3.org/2001/XMLSchema" xmlns:xsi="http://www.w3.org/2001/XMLSchema-instance">
  <Cars />
  <MyCar>
    <Position>
      <X>-2383.132</X>
      <Y>-253.3327</Y>
      <Z>14.443923</Z>
    </Position>
    <Rotation>
      <X>1.435364</X>
      <Y>2.33591914</Y>
      <Z>60.0845222</Z>
    </Rotation>
    <Handle>104962</Handle>
    <Bounds>
      <Vector3>
        <X>-2381.45654</X>
        <Y>-255.511246</Y>
        <Z>13.6944132</Z>
      </Vector3>
      <Vector3>
        <X>-2380.43872</X>
        <Y>-253.742157</Y>
        <Z>13.6111555</Z>
      </Vector3>
      <Vector3>
        <X>-2385.88647</X>
        <Y>-252.956253</Y>
        <Z>13.8224487</Z>
      </Vector3>
      <Vector3>
        <X>-2381.39526</X>
        <Y>-255.478012</Y>
        <Z>15.1486444</Z>
      </Vector3>
      <Vector3>
        <X>-2384.86865</X>
        <Y>-251.18718</Y>
        <Z>13.7391911</Z>
      </Vector3>
      <Vector3>
        <X>-2380.37744</X>
        <Y>-253.708939</Y>
        <Z>15.0653868</Z>
      </Vector3>
      <Vector3>
        <X>-2385.82544</X>
        <Y>-252.923035</Y>
        <Z>15.27668</Z>
      </Vector3>
      <Vector3>
        <X>-2384.80737</X>
        <Y>-251.153946</Y>
        <Z>15.1934223</Z>
      </Vector3>
    </Bounds>
    <CenterCamPosition>
      <X>0</X>
      <Y>0</Y>
    </CenterCamPosition>
    <ScreenBounds />
    <DistanceToCam>0</DistanceToCam>
    <Speed>8.306007</Speed>
    <AccInput>0</AccInput>
    <RPM>1.35798967</RPM>
    <Gear>0</Gear>
    <SteeringAngle>4.463976E-41</SteeringAngle>
    <WheelSpeed>0</WheelSpeed>
    <CarType>Sports</CarType>
  </MyCar>
  <Peds />
  <Time>272587</Time>
  <LastFrameTime>0.0485578179</LastFrameTime>
  <MyProperty>0</MyProperty>
  <Weather>Foggy</Weather>
  <Steering>127</Steering>
  <Acc>141</Acc>
  <Brake>127</Brake>
  <DayTime>15:16:13</DayTime>
  <Position>
    <X>-2383.78516</X>
    <Y>-252.914932</Y>
    <Z>15.363472</Z>
  </Position>
  <Rotation>
    <X>0.931384265</X>
    <Y>2.8424263</Y>
    <Z>60.1236877</Z>
  </Rotation>
</Screenshot>