<?xml version="1.0" encoding="utf-8"?>
<Screenshot xmlns:xsd="http://www.w3.org/2001/XMLSchema" xmlns:xsi="http://www.w3.org/2001/XMLSchema-instance">
  <Cars />
  <MyCar>
    <Position>
      <X>-2382.784</X>
      <Y>-253.535065</Y>
      <Z>14.4345779</Z>
    </Position>
    <Rotation>
      <X>1.4302386</X>
      <Y>2.34280157</Y>
      <Z>60.077507</Z>
    </Rotation>
    <Handle>104962</Handle>
    <Bounds>
      <Vector3>
        <X>-2381.10864</X>
        <Y>-255.713913</Y>
        <Z>13.6854219</Z>
      </Vector3>
      <Vector3>
        <X>-2380.09058</X>
        <Y>-253.944962</Y>
        <Z>13.6019182</Z>
      </Vector3>
      <Vector3>
        <X>-2385.53833</X>
        <Y>-253.158386</Y>
        <Z>13.8129988</Z>
      </Vector3>
      <Vector3>
        <X>-2381.04761</X>
        <Y>-255.680481</Y>
        <Z>15.1396484</Z>
      </Vector3>
      <Vector3>
        <X>-2384.52026</X>
        <Y>-251.389435</Y>
        <Z>13.729496</Z>
      </Vector3>
      <Vector3>
        <X>-2380.0293</X>
        <Y>-253.91153</Y>
        <Z>15.0561457</Z>
      </Vector3>
      <Vector3>
        <X>-2385.47729</X>
        <Y>-253.124954</Y>
        <Z>15.2672262</Z>
      </Vector3>
      <Vector3>
        <X>-2384.459</X>
        <Y>-251.356</Y>
        <Z>15.1837234</Z>
      </Vector3>
    </Bounds>
    <CenterCamPosition>
      <X>0</X>
      <Y>0</Y>
    </CenterCamPosition>
    <ScreenBounds />
    <DistanceToCam>0</DistanceToCam>
    <Speed>8.265673</Speed>
    <AccInput>0</AccInput>
    <RPM>1.35798967</RPM>
    <Gear>0</Gear>
    <SteeringAngle>4.463976E-41</SteeringAngle>
    <WheelSpeed>0</WheelSpeed>
    <CarType>Sports</CarType>
  </MyCar>
  <Peds />
  <Time>272538</Time>
  <LastFrameTime>0.0187488385</LastFrameTime>
  <MyProperty>0</MyProperty>
  <Weather>Foggy</Weather>
  <Steering>127</Steering>
  <Acc>142</Acc>
  <Brake>127</Brake>
  <DayTime>15:16:13</DayTime>
  <Position>
    <X>-2383.65137</X>
    <Y>-252.992569</Y>
    <Z>15.3598547</Z>
  </Position>
  <Rotation>
    <X>0.9300374</X>
    <Y>2.845317</Y>
    <Z>60.11745</Z>
  </Rotation>
</Screenshot>