<?xml version="1.0" encoding="utf-8"?>
<Screenshot xmlns:xsd="http://www.w3.org/2001/XMLSchema" xmlns:xsi="http://www.w3.org/2001/XMLSchema-instance">
  <Cars />
  <MyCar>
    <Position>
      <X>-2383.38232</X>
      <Y>-253.187225</Y>
      <Z>14.4506378</Z>
    </Position>
    <Rotation>
      <X>1.43735421</X>
      <Y>2.331353</Y>
      <Z>60.0852852</Z>
    </Rotation>
    <Handle>104962</Handle>
    <Bounds>
      <Vector3>
        <X>-2381.70679</X>
        <Y>-255.365692</Y>
        <Z>13.7009563</Z>
      </Vector3>
      <Vector3>
        <X>-2380.689</X>
        <Y>-253.596588</Y>
        <Z>13.6178608</Z>
      </Vector3>
      <Vector3>
        <X>-2386.13672</X>
        <Y>-252.81076</Y>
        <Z>13.8291693</Z>
      </Vector3>
      <Vector3>
        <X>-2381.64551</X>
        <Y>-255.332581</Y>
        <Z>15.15519</Z>
      </Vector3>
      <Vector3>
        <X>-2385.119</X>
        <Y>-251.041656</Y>
        <Z>13.7460737</Z>
      </Vector3>
      <Vector3>
        <X>-2380.62769</X>
        <Y>-253.563477</Y>
        <Z>15.0720959</Z>
      </Vector3>
      <Vector3>
        <X>-2386.07568</X>
        <Y>-252.777664</Y>
        <Z>15.2834034</Z>
      </Vector3>
      <Vector3>
        <X>-2385.05786</X>
        <Y>-251.00856</Y>
        <Z>15.2003088</Z>
      </Vector3>
    </Bounds>
    <CenterCamPosition>
      <X>0</X>
      <Y>0</Y>
    </CenterCamPosition>
    <ScreenBounds />
    <DistanceToCam>0</DistanceToCam>
    <Speed>8.333721</Speed>
    <AccInput>0</AccInput>
    <RPM>1.35798967</RPM>
    <Gear>0</Gear>
    <SteeringAngle>4.463976E-41</SteeringAngle>
    <WheelSpeed>0</WheelSpeed>
    <CarType>Sports</CarType>
  </MyCar>
  <Peds />
  <Time>272621</Time>
  <LastFrameTime>0.0347760059</LastFrameTime>
  <MyProperty>0</MyProperty>
  <Weather>Foggy</Weather>
  <Steering>127</Steering>
  <Acc>140</Acc>
  <Brake>127</Brake>
  <DayTime>15:16:13</DayTime>
  <Position>
    <X>-2384.13354</X>
    <Y>-252.712814</Y>
    <Z>15.3729267</Z>
  </Position>
  <Rotation>
    <X>0.9365107</X>
    <Y>2.83554053</Y>
    <Z>60.13085</Z>
  </Rotation>
</Screenshot>