<?xml version="1.0" encoding="utf-8"?>
<Screenshot xmlns:xsd="http://www.w3.org/2001/XMLSchema" xmlns:xsi="http://www.w3.org/2001/XMLSchema-instance">
  <Cars />
  <MyCar>
    <Position>
      <X>-2383.71826</X>
      <Y>-252.991867</Y>
      <Z>14.4596453</Z>
    </Position>
    <Rotation>
      <X>1.44122791</X>
      <Y>2.32264829</Y>
      <Z>60.08106</Z>
    </Rotation>
    <Handle>104962</Handle>
    <Bounds>
      <Vector3>
        <X>-2382.043</X>
        <Y>-255.170334</Y>
        <Z>13.7096319</Z>
      </Vector3>
      <Vector3>
        <X>-2381.025</X>
        <Y>-253.401291</Y>
        <Z>13.6268473</Z>
      </Vector3>
      <Vector3>
        <X>-2386.47266</X>
        <Y>-252.6151</Y>
        <Z>13.838192</Z>
      </Vector3>
      <Vector3>
        <X>-2381.98169</X>
        <Y>-255.137466</Y>
        <Z>15.1638727</Z>
      </Vector3>
      <Vector3>
        <X>-2385.45459</X>
        <Y>-250.846054</Y>
        <Z>13.7554064</Z>
      </Vector3>
      <Vector3>
        <X>-2380.96362</X>
        <Y>-253.368439</Y>
        <Z>15.0810881</Z>
      </Vector3>
      <Vector3>
        <X>-2386.41162</X>
        <Y>-252.58223</Y>
        <Z>15.2924328</Z>
      </Vector3>
      <Vector3>
        <X>-2385.39355</X>
        <Y>-250.813187</Y>
        <Z>15.2096472</Z>
      </Vector3>
    </Bounds>
    <CenterCamPosition>
      <X>0</X>
      <Y>0</Y>
    </CenterCamPosition>
    <ScreenBounds />
    <DistanceToCam>0</DistanceToCam>
    <Speed>8.369196</Speed>
    <AccInput>0</AccInput>
    <RPM>1.35798967</RPM>
    <Gear>0</Gear>
    <SteeringAngle>4.463976E-41</SteeringAngle>
    <WheelSpeed>0</WheelSpeed>
    <CarType>Sports</CarType>
  </MyCar>
  <Peds />
  <Time>272668</Time>
  <LastFrameTime>0.04649585</LastFrameTime>
  <MyProperty>0</MyProperty>
  <Weather>Foggy</Weather>
  <Steering>127</Steering>
  <Acc>140</Acc>
  <Brake>127</Brake>
  <DayTime>15:16:13</DayTime>
  <Position>
    <X>-2384.38379</X>
    <Y>-252.567429</Y>
    <Z>15.3796854</Z>
  </Position>
  <Rotation>
    <X>0.9384995</X>
    <Y>2.83097386</Y>
    <Z>60.1316376</Z>
  </Rotation>
</Screenshot>