<?xml version="1.0" encoding="utf-8"?>
<Screenshot xmlns:xsd="http://www.w3.org/2001/XMLSchema" xmlns:xsi="http://www.w3.org/2001/XMLSchema-instance">
  <Cars />
  <MyCar>
    <Position>
      <X>-2384.32446</X>
      <Y>-252.639023</Y>
      <Z>14.4759684</Z>
    </Position>
    <Rotation>
      <X>1.445972</X>
      <Y>2.312602</Y>
      <Z>60.0653</Z>
    </Rotation>
    <Handle>104962</Handle>
    <Bounds>
      <Vector3>
        <X>-2382.64966</X>
        <Y>-254.81781</Y>
        <Z>13.72556</Z>
      </Vector3>
      <Vector3>
        <X>-2381.631</X>
        <Y>-253.049042</Y>
        <Z>13.6431332</Z>
      </Vector3>
      <Vector3>
        <X>-2387.07886</X>
        <Y>-252.261353</Y>
        <Z>13.8545437</Z>
      </Vector3>
      <Vector3>
        <X>-2382.58862</X>
        <Y>-254.785248</Y>
        <Z>15.1798086</Z>
      </Vector3>
      <Vector3>
        <X>-2386.0603</X>
        <Y>-250.492584</Y>
        <Z>13.7721167</Z>
      </Vector3>
      <Vector3>
        <X>-2381.57</X>
        <Y>-253.016479</Y>
        <Z>15.0973816</Z>
      </Vector3>
      <Vector3>
        <X>-2387.01758</X>
        <Y>-252.2288</Y>
        <Z>15.3087921</Z>
      </Vector3>
      <Vector3>
        <X>-2385.999</X>
        <Y>-250.460022</Y>
        <Z>15.2263651</Z>
      </Vector3>
    </Bounds>
    <CenterCamPosition>
      <X>0</X>
      <Y>0</Y>
    </CenterCamPosition>
    <ScreenBounds />
    <DistanceToCam>0</DistanceToCam>
    <Speed>8.429266</Speed>
    <AccInput>0</AccInput>
    <RPM>1.35798967</RPM>
    <Gear>0</Gear>
    <SteeringAngle>4.463976E-41</SteeringAngle>
    <WheelSpeed>0</WheelSpeed>
    <CarType>Sports</CarType>
  </MyCar>
  <Peds />
  <Time>272751</Time>
  <LastFrameTime>0.0481597</LastFrameTime>
  <MyProperty>0</MyProperty>
  <Weather>Foggy</Weather>
  <Steering>127</Steering>
  <Acc>139</Acc>
  <Brake>127</Brake>
  <DayTime>15:16:13</DayTime>
  <Position>
    <X>-2384.97534</X>
    <Y>-252.223236</Y>
    <Z>15.3957033</Z>
  </Position>
  <Rotation>
    <X>0.943837345</X>
    <Y>2.8191278</Y>
    <Z>60.12217</Z>
  </Rotation>
</Screenshot>