<?xml version="1.0" encoding="utf-8"?>
<Screenshot xmlns:xsd="http://www.w3.org/2001/XMLSchema" xmlns:xsi="http://www.w3.org/2001/XMLSchema-instance">
  <Cars />
  <MyCar>
    <Position>
      <X>-2383.974</X>
      <Y>-252.842987</Y>
      <Z>14.4665384</Z>
    </Position>
    <Rotation>
      <X>1.442695</X>
      <Y>2.31950951</Y>
      <Z>60.0757523</Z>
    </Rotation>
    <Handle>104962</Handle>
    <Bounds>
      <Vector3>
        <X>-2382.29883</X>
        <Y>-255.021561</Y>
        <Z>13.716403</Z>
      </Vector3>
      <Vector3>
        <X>-2381.28076</X>
        <Y>-253.252609</Y>
        <Z>13.633729</Z>
      </Vector3>
      <Vector3>
        <X>-2386.72852</X>
        <Y>-252.465912</Y>
        <Z>13.8450928</Z>
      </Vector3>
      <Vector3>
        <X>-2382.23779</X>
        <Y>-254.9888</Y>
        <Z>15.1706457</Z>
      </Vector3>
      <Vector3>
        <X>-2385.71045</X>
        <Y>-250.69696</Y>
        <Z>13.76242</Z>
      </Vector3>
      <Vector3>
        <X>-2381.21948</X>
        <Y>-253.219849</Y>
        <Z>15.0879726</Z>
      </Vector3>
      <Vector3>
        <X>-2386.66748</X>
        <Y>-252.433151</Y>
        <Z>15.2993364</Z>
      </Vector3>
      <Vector3>
        <X>-2385.64917</X>
        <Y>-250.6642</Y>
        <Z>15.2166634</Z>
      </Vector3>
    </Bounds>
    <CenterCamPosition>
      <X>0</X>
      <Y>0</Y>
    </CenterCamPosition>
    <ScreenBounds />
    <DistanceToCam>0</DistanceToCam>
    <Speed>8.395234</Speed>
    <AccInput>0</AccInput>
    <RPM>1.35798967</RPM>
    <Gear>0</Gear>
    <SteeringAngle>4.463976E-41</SteeringAngle>
    <WheelSpeed>0</WheelSpeed>
    <CarType>Sports</CarType>
  </MyCar>
  <Peds />
  <Time>272703</Time>
  <LastFrameTime>0.0353001058</LastFrameTime>
  <MyProperty>0</MyProperty>
  <Weather>Foggy</Weather>
  <Steering>127</Steering>
  <Acc>140</Acc>
  <Brake>127</Brake>
  <DayTime>15:16:13</DayTime>
  <Position>
    <X>-2384.71948</X>
    <Y>-252.372162</Y>
    <Z>15.3887787</Z>
  </Position>
  <Rotation>
    <X>0.9423708</X>
    <Y>2.82226658</Y>
    <Z>60.1274567</Z>
  </Rotation>
</Screenshot>