<?xml version="1.0" encoding="utf-8"?>
<Screenshot xmlns:xsd="http://www.w3.org/2001/XMLSchema" xmlns:xsi="http://www.w3.org/2001/XMLSchema-instance">
  <Cars />
  <MyCar>
    <Position>
      <X>-2384.579</X>
      <Y>-252.490662</Y>
      <Z>14.4828014</Z>
    </Position>
    <Rotation>
      <X>1.44849718</X>
      <Y>2.30762029</Y>
      <Z>60.05683</Z>
    </Rotation>
    <Handle>104962</Handle>
    <Bounds>
      <Vector3>
        <X>-2382.90454</X>
        <Y>-254.669632</Y>
        <Z>13.73219</Z>
      </Vector3>
      <Vector3>
        <X>-2381.88574</X>
        <Y>-252.901</Y>
        <Z>13.6499405</Z>
      </Vector3>
      <Vector3>
        <X>-2387.3335</X>
        <Y>-252.112518</Y>
        <Z>13.8614</Z>
      </Vector3>
      <Vector3>
        <X>-2382.84351</X>
        <Y>-254.637222</Y>
        <Z>15.1864424</Z>
      </Vector3>
      <Vector3>
        <X>-2386.3147</X>
        <Y>-250.3439</Y>
        <Z>13.77915</Z>
      </Vector3>
      <Vector3>
        <X>-2381.82471</X>
        <Y>-252.868591</Y>
        <Z>15.1041927</Z>
      </Vector3>
      <Vector3>
        <X>-2387.27222</X>
        <Y>-252.080109</Y>
        <Z>15.3156509</Z>
      </Vector3>
      <Vector3>
        <X>-2386.25342</X>
        <Y>-250.3115</Y>
        <Z>15.2334013</Z>
      </Vector3>
    </Bounds>
    <CenterCamPosition>
      <X>0</X>
      <Y>0</Y>
    </CenterCamPosition>
    <ScreenBounds />
    <DistanceToCam>0</DistanceToCam>
    <Speed>8.452906</Speed>
    <AccInput>0</AccInput>
    <RPM>1.35798967</RPM>
    <Gear>0</Gear>
    <SteeringAngle>4.463976E-41</SteeringAngle>
    <WheelSpeed>0</WheelSpeed>
    <CarType>Sports</CarType>
  </MyCar>
  <Peds />
  <Time>272786</Time>
  <LastFrameTime>0.0349078849</LastFrameTime>
  <MyProperty>0</MyProperty>
  <Weather>Foggy</Weather>
  <Steering>127</Steering>
  <Acc>139</Acc>
  <Brake>127</Brake>
  <DayTime>15:16:13</DayTime>
  <Position>
    <X>-2385.32568</X>
    <Y>-252.019211</Y>
    <Z>15.4052057</Z>
  </Position>
  <Rotation>
    <X>0.947112262</X>
    <Y>2.81221867</Y>
    <Z>60.1117668</Z>
  </Rotation>
</Screenshot>