<?xml version="1.0" encoding="utf-8"?>
<Screenshot xmlns:xsd="http://www.w3.org/2001/XMLSchema" xmlns:xsi="http://www.w3.org/2001/XMLSchema-instance">
  <Cars />
  <MyCar>
    <Position>
      <X>-2385.17529</X>
      <Y>-252.143661</Y>
      <Z>14.4988394</Z>
    </Position>
    <Rotation>
      <X>1.45429933</X>
      <Y>2.2992022</Y>
      <Z>60.04596</Z>
    </Rotation>
    <Handle>104962</Handle>
    <Bounds>
      <Vector3>
        <X>-2383.50122</X>
        <Y>-254.322815</Y>
        <Z>13.747817</Z>
      </Vector3>
      <Vector3>
        <X>-2382.48218</X>
        <Y>-252.554367</Y>
        <Z>13.6658669</Z>
      </Vector3>
      <Vector3>
        <X>-2387.92944</X>
        <Y>-251.764877</Y>
        <Z>13.8775444</Z>
      </Vector3>
      <Vector3>
        <X>-2383.44019</X>
        <Y>-254.29068</Y>
        <Z>15.2020741</Z>
      </Vector3>
      <Vector3>
        <X>-2386.9104</X>
        <Y>-249.996429</Y>
        <Z>13.7955942</Z>
      </Vector3>
      <Vector3>
        <X>-2382.421</X>
        <Y>-252.522232</Y>
        <Z>15.1201239</Z>
      </Vector3>
      <Vector3>
        <X>-2387.86841</X>
        <Y>-251.732742</Y>
        <Z>15.3318</Z>
      </Vector3>
      <Vector3>
        <X>-2386.849</X>
        <Y>-249.9643</Y>
        <Z>15.2498512</Z>
      </Vector3>
    </Bounds>
    <CenterCamPosition>
      <X>0</X>
      <Y>0</Y>
    </CenterCamPosition>
    <ScreenBounds />
    <DistanceToCam>0</DistanceToCam>
    <Speed>8.504643</Speed>
    <AccInput>0</AccInput>
    <RPM>1.35798967</RPM>
    <Gear>0</Gear>
    <SteeringAngle>4.463976E-41</SteeringAngle>
    <WheelSpeed>0</WheelSpeed>
    <CarType>Sports</CarType>
  </MyCar>
  <Peds />
  <Time>272867</Time>
  <LastFrameTime>0.0476787277</LastFrameTime>
  <MyProperty>0</MyProperty>
  <Weather>Foggy</Weather>
  <Steering>126</Steering>
  <Acc>139</Acc>
  <Brake>127</Brake>
  <DayTime>15:16:13</DayTime>
  <Position>
    <X>-2385.82617</X>
    <Y>-251.727478</Y>
    <Z>15.418786</Z>
  </Position>
  <Rotation>
    <X>0.952370465</X>
    <Y>2.80274844</Y>
    <Z>60.0969543</Z>
  </Rotation>
</Screenshot>