<?xml version="1.0" encoding="utf-8"?>
<Screenshot xmlns:xsd="http://www.w3.org/2001/XMLSchema" xmlns:xsi="http://www.w3.org/2001/XMLSchema-instance">
  <Cars />
  <MyCar>
    <Position>
      <X>-2385.355</X>
      <Y>-252.039078</Y>
      <Z>14.50373</Z>
    </Position>
    <Rotation>
      <X>1.45361507</X>
      <Y>2.29714537</Y>
      <Z>60.0454</Z>
    </Rotation>
    <Handle>104962</Handle>
    <Bounds>
      <Vector3>
        <X>-2383.681</X>
        <Y>-254.218231</Y>
        <Z>13.7527</Z>
      </Vector3>
      <Vector3>
        <X>-2382.66187</X>
        <Y>-252.449783</Y>
        <Z>13.6708231</Z>
      </Vector3>
      <Vector3>
        <X>-2388.10913</X>
        <Y>-251.660263</Y>
        <Z>13.8823662</Z>
      </Vector3>
      <Vector3>
        <X>-2383.61987</X>
        <Y>-254.186127</Y>
        <Z>15.2069588</Z>
      </Vector3>
      <Vector3>
        <X>-2387.09</X>
        <Y>-249.891815</Y>
        <Z>13.8004894</Z>
      </Vector3>
      <Vector3>
        <X>-2382.60059</X>
        <Y>-252.4177</Y>
        <Z>15.125083</Z>
      </Vector3>
      <Vector3>
        <X>-2388.048</X>
        <Y>-251.628159</Y>
        <Z>15.3366251</Z>
      </Vector3>
      <Vector3>
        <X>-2387.02881</X>
        <Y>-249.859711</Y>
        <Z>15.2547493</Z>
      </Vector3>
    </Bounds>
    <CenterCamPosition>
      <X>0</X>
      <Y>0</Y>
    </CenterCamPosition>
    <ScreenBounds />
    <DistanceToCam>0</DistanceToCam>
    <Speed>8.519424</Speed>
    <AccInput>0</AccInput>
    <RPM>1.35798967</RPM>
    <Gear>0</Gear>
    <SteeringAngle>4.463976E-41</SteeringAngle>
    <WheelSpeed>0</WheelSpeed>
    <CarType>Sports</CarType>
  </MyCar>
  <Peds />
  <Time>272892</Time>
  <LastFrameTime>0.0244329739</LastFrameTime>
  <MyProperty>0</MyProperty>
  <Weather>Foggy</Weather>
  <Steering>126</Steering>
  <Acc>139</Acc>
  <Brake>127</Brake>
  <DayTime>15:16:13</DayTime>
  <Position>
    <X>-2386.17627</X>
    <Y>-251.523758</Y>
    <Z>15.428256</Z>
  </Position>
  <Rotation>
    <X>0.95543927</X>
    <Y>2.79881358</Y>
    <Z>60.092617</Z>
  </Rotation>
</Screenshot>