<?xml version="1.0" encoding="utf-8"?>
<Screenshot xmlns:xsd="http://www.w3.org/2001/XMLSchema" xmlns:xsi="http://www.w3.org/2001/XMLSchema-instance">
  <Cars />
  <MyCar>
    <Position>
      <X>-2384.8252</X>
      <Y>-252.347382</Y>
      <Z>14.4894352</Z>
    </Position>
    <Rotation>
      <X>1.451231</X>
      <Y>2.303135</Y>
      <Z>60.0503845</Z>
    </Rotation>
    <Handle>104962</Handle>
    <Bounds>
      <Vector3>
        <X>-2383.151</X>
        <Y>-254.526474</Y>
        <Z>13.7386208</Z>
      </Vector3>
      <Vector3>
        <X>-2382.132</X>
        <Y>-252.75795</Y>
        <Z>13.6565313</Z>
      </Vector3>
      <Vector3>
        <X>-2387.57935</X>
        <Y>-251.968872</Y>
        <Z>13.8680744</Z>
      </Vector3>
      <Vector3>
        <X>-2383.08984</X>
        <Y>-254.4942</Y>
        <Z>15.1928759</Z>
      </Vector3>
      <Vector3>
        <X>-2386.56055</X>
        <Y>-250.200348</Y>
        <Z>13.785984</Z>
      </Vector3>
      <Vector3>
        <X>-2382.0708</X>
        <Y>-252.725677</Y>
        <Z>15.1107855</Z>
      </Vector3>
      <Vector3>
        <X>-2387.51831</X>
        <Y>-251.9366</Y>
        <Z>15.3223286</Z>
      </Vector3>
      <Vector3>
        <X>-2386.49927</X>
        <Y>-250.168091</Y>
        <Z>15.2402391</Z>
      </Vector3>
    </Bounds>
    <CenterCamPosition>
      <X>0</X>
      <Y>0</Y>
    </CenterCamPosition>
    <ScreenBounds />
    <DistanceToCam>0</DistanceToCam>
    <Speed>8.474838</Speed>
    <AccInput>0</AccInput>
    <RPM>1.35798967</RPM>
    <Gear>0</Gear>
    <SteeringAngle>4.463976E-41</SteeringAngle>
    <WheelSpeed>0</WheelSpeed>
    <CarType>Sports</CarType>
  </MyCar>
  <Peds />
  <Time>272820</Time>
  <LastFrameTime>0.0336297452</LastFrameTime>
  <MyProperty>0</MyProperty>
  <Weather>Foggy</Weather>
  <Steering>126</Steering>
  <Acc>139</Acc>
  <Brake>127</Brake>
  <DayTime>15:16:13</DayTime>
  <Position>
    <X>-2385.58</X>
    <Y>-251.870789</Y>
    <Z>15.4120932</Z>
  </Position>
  <Rotation>
    <X>0.949637</X>
    <Y>2.80723524</Y>
    <Z>60.10334</Z>
  </Rotation>
</Screenshot>