<?xml version="1.0" encoding="utf-8"?>
<Screenshot xmlns:xsd="http://www.w3.org/2001/XMLSchema" xmlns:xsi="http://www.w3.org/2001/XMLSchema-instance">
  <Cars />
  <MyCar>
    <Position>
      <X>-2386.05835</X>
      <Y>-251.630356</Y>
      <Z>14.5228882</Z>
    </Position>
    <Rotation>
      <X>1.449011</X>
      <Y>2.29364586</Y>
      <Z>60.05884</Z>
    </Rotation>
    <Handle>104962</Handle>
    <Bounds>
      <Vector3>
        <X>-2384.38379</X>
        <Y>-253.8091</Y>
        <Z>13.7719975</Z>
      </Vector3>
      <Vector3>
        <X>-2383.365</X>
        <Y>-252.040421</Y>
        <Z>13.6902456</Z>
      </Vector3>
      <Vector3>
        <X>-2388.8125</X>
        <Y>-251.252182</Y>
        <Z>13.9012537</Z>
      </Vector3>
      <Vector3>
        <X>-2384.32275</X>
        <Y>-253.777</Y>
        <Z>15.226264</Z>
      </Vector3>
      <Vector3>
        <X>-2387.794</X>
        <Y>-249.4835</Y>
        <Z>13.8195019</Z>
      </Vector3>
      <Vector3>
        <X>-2383.304</X>
        <Y>-252.008316</Y>
        <Z>15.1445122</Z>
      </Vector3>
      <Vector3>
        <X>-2388.75171</X>
        <Y>-251.220078</Y>
        <Z>15.3555193</Z>
      </Vector3>
      <Vector3>
        <X>-2387.733</X>
        <Y>-249.4514</Y>
        <Z>15.2737675</Z>
      </Vector3>
    </Bounds>
    <CenterCamPosition>
      <X>0</X>
      <Y>0</Y>
    </CenterCamPosition>
    <ScreenBounds />
    <DistanceToCam>0</DistanceToCam>
    <Speed>8.574773</Speed>
    <AccInput>0</AccInput>
    <RPM>1.35798967</RPM>
    <Gear>0</Gear>
    <SteeringAngle>4.463976E-41</SteeringAngle>
    <WheelSpeed>0</WheelSpeed>
    <CarType>Sports</CarType>
  </MyCar>
  <Peds />
  <Time>272987</Time>
  <LastFrameTime>0.01776052</LastFrameTime>
  <MyProperty>0</MyProperty>
  <Weather>Foggy</Weather>
  <Steering>126</Steering>
  <Acc>139</Acc>
  <Brake>127</Brake>
  <DayTime>15:16:13</DayTime>
  <Position>
    <X>-2386.928</X>
    <Y>-251.087082</Y>
    <Z>15.4486208</Z>
  </Position>
  <Rotation>
    <X>0.9506434</X>
    <Y>2.794385</Y>
    <Z>60.1015</Z>
  </Rotation>
</Screenshot>