<?xml version="1.0" encoding="utf-8"?>
<Screenshot xmlns:xsd="http://www.w3.org/2001/XMLSchema" xmlns:xsi="http://www.w3.org/2001/XMLSchema-instance">
  <Cars />
  <MyCar>
    <Position>
      <X>-2385.92676</X>
      <Y>-251.706787</Y>
      <Z>14.5192995</Z>
    </Position>
    <Rotation>
      <X>1.449513</X>
      <Y>2.294769</Y>
      <Z>60.0551529</Z>
    </Rotation>
    <Handle>104962</Handle>
    <Bounds>
      <Vector3>
        <X>-2384.2522</X>
        <Y>-253.885651</Y>
        <Z>13.7684078</Z>
      </Vector3>
      <Vector3>
        <X>-2383.2334</X>
        <Y>-252.117035</Y>
        <Z>13.6866159</Z>
      </Vector3>
      <Vector3>
        <X>-2388.681</X>
        <Y>-251.328445</Y>
        <Z>13.8977079</Z>
      </Vector3>
      <Vector3>
        <X>-2384.19116</X>
        <Y>-253.853531</Y>
        <Z>15.2226715</Z>
      </Vector3>
      <Vector3>
        <X>-2387.662</X>
        <Y>-249.55983</Y>
        <Z>13.8159161</Z>
      </Vector3>
      <Vector3>
        <X>-2383.17236</X>
        <Y>-252.084915</Y>
        <Z>15.14088</Z>
      </Vector3>
      <Vector3>
        <X>-2388.61987</X>
        <Y>-251.296326</Y>
        <Z>15.3519726</Z>
      </Vector3>
      <Vector3>
        <X>-2387.601</X>
        <Y>-249.52771</Y>
        <Z>15.2701807</Z>
      </Vector3>
    </Bounds>
    <CenterCamPosition>
      <X>0</X>
      <Y>0</Y>
    </CenterCamPosition>
    <ScreenBounds />
    <DistanceToCam>0</DistanceToCam>
    <Speed>8.564664</Speed>
    <AccInput>0</AccInput>
    <RPM>1.35798967</RPM>
    <Gear>0</Gear>
    <SteeringAngle>4.463976E-41</SteeringAngle>
    <WheelSpeed>0</WheelSpeed>
    <CarType>Sports</CarType>
  </MyCar>
  <Peds />
  <Time>272969</Time>
  <LastFrameTime>0.03422863</LastFrameTime>
  <MyProperty>0</MyProperty>
  <Weather>Foggy</Weather>
  <Steering>126</Steering>
  <Acc>139</Acc>
  <Brake>127</Brake>
  <DayTime>15:16:13</DayTime>
  <Position>
    <X>-2386.67456</X>
    <Y>-251.2341</Y>
    <Z>15.4417591</Z>
  </Position>
  <Rotation>
    <X>0.9527678</X>
    <Y>2.79504848</Y>
    <Z>60.09559</Z>
  </Rotation>
</Screenshot>