<?xml version="1.0" encoding="utf-8"?>
<Screenshot xmlns:xsd="http://www.w3.org/2001/XMLSchema" xmlns:xsi="http://www.w3.org/2001/XMLSchema-instance">
  <Cars />
  <MyCar>
    <Position>
      <X>-2385.67358</X>
      <Y>-251.853912</Y>
      <Z>14.5123949</Z>
    </Position>
    <Rotation>
      <X>1.45163429</X>
      <Y>2.29543447</Y>
      <Z>60.04912</Z>
    </Rotation>
    <Handle>104962</Handle>
    <Bounds>
      <Vector3>
        <X>-2383.99927</X>
        <Y>-254.032944</Y>
        <Z>13.7614212</Z>
      </Vector3>
      <Vector3>
        <X>-2382.98022</X>
        <Y>-252.264435</Y>
        <Z>13.6796055</Z>
      </Vector3>
      <Vector3>
        <X>-2388.42773</X>
        <Y>-251.475266</Y>
        <Z>13.8909111</Z>
      </Vector3>
      <Vector3>
        <X>-2383.93823</X>
        <Y>-254.000854</Y>
        <Z>15.2156839</Z>
      </Vector3>
      <Vector3>
        <X>-2387.40869</X>
        <Y>-249.706757</Y>
        <Z>13.8090954</Z>
      </Vector3>
      <Vector3>
        <X>-2382.91919</X>
        <Y>-252.232346</Y>
        <Z>15.1338682</Z>
      </Vector3>
      <Vector3>
        <X>-2388.3667</X>
        <Y>-251.443176</Y>
        <Z>15.3451738</Z>
      </Vector3>
      <Vector3>
        <X>-2387.34766</X>
        <Y>-249.674667</Y>
        <Z>15.2633581</Z>
      </Vector3>
    </Bounds>
    <CenterCamPosition>
      <X>0</X>
      <Y>0</Y>
    </CenterCamPosition>
    <ScreenBounds />
    <DistanceToCam>0</DistanceToCam>
    <Speed>8.544927</Speed>
    <AccInput>0</AccInput>
    <RPM>1.35798967</RPM>
    <Gear>0</Gear>
    <SteeringAngle>4.463976E-41</SteeringAngle>
    <WheelSpeed>0</WheelSpeed>
    <CarType>Sports</CarType>
  </MyCar>
  <Peds />
  <Time>272935</Time>
  <LastFrameTime>0.0431644358</LastFrameTime>
  <MyProperty>0</MyProperty>
  <Weather>Foggy</Weather>
  <Steering>126</Steering>
  <Acc>139</Acc>
  <Brake>127</Brake>
  <DayTime>15:16:13</DayTime>
  <Position>
    <X>-2386.356</X>
    <Y>-251.419189</Y>
    <Z>15.4331341</Z>
  </Position>
  <Rotation>
    <X>0.9547524</X>
    <Y>2.796758</Y>
    <Z>60.09198</Z>
  </Rotation>
</Screenshot>