<?xml version="1.0" encoding="utf-8"?>
<Screenshot xmlns:xsd="http://www.w3.org/2001/XMLSchema" xmlns:xsi="http://www.w3.org/2001/XMLSchema-instance">
  <Cars />
  <MyCar>
    <Position>
      <X>-2386.65869</X>
      <Y>-251.28212</Y>
      <Z>14.5392809</Z>
    </Position>
    <Rotation>
      <X>1.44378054</X>
      <Y>2.28870416</Y>
      <Z>60.0822</Z>
    </Rotation>
    <Handle>104962</Handle>
    <Bounds>
      <Vector3>
        <X>-2384.98315</X>
        <Y>-253.460159</Y>
        <Z>13.7885313</Z>
      </Vector3>
      <Vector3>
        <X>-2383.965</X>
        <Y>-251.691055</Y>
        <Z>13.7069559</Z>
      </Vector3>
      <Vector3>
        <X>-2389.413</X>
        <Y>-250.90506</Y>
        <Z>13.9173212</Z>
      </Vector3>
      <Vector3>
        <X>-2384.92236</X>
        <Y>-253.42807</Y>
        <Z>15.2428055</Z>
      </Vector3>
      <Vector3>
        <X>-2388.395</X>
        <Y>-249.135956</Y>
        <Z>13.8357458</Z>
      </Vector3>
      <Vector3>
        <X>-2383.9043</X>
        <Y>-251.658966</Y>
        <Z>15.16123</Z>
      </Vector3>
      <Vector3>
        <X>-2389.35229</X>
        <Y>-250.872986</Y>
        <Z>15.3715954</Z>
      </Vector3>
      <Vector3>
        <X>-2388.33423</X>
        <Y>-249.103882</Y>
        <Z>15.29002</Z>
      </Vector3>
    </Bounds>
    <CenterCamPosition>
      <X>0</X>
      <Y>0</Y>
    </CenterCamPosition>
    <ScreenBounds />
    <DistanceToCam>0</DistanceToCam>
    <Speed>8.619519</Speed>
    <AccInput>0</AccInput>
    <RPM>1.35798967</RPM>
    <Gear>0</Gear>
    <SteeringAngle>4.463976E-41</SteeringAngle>
    <WheelSpeed>0</WheelSpeed>
    <CarType>Sports</CarType>
  </MyCar>
  <Peds />
  <Time>273068</Time>
  <LastFrameTime>0.0479092821</LastFrameTime>
  <MyProperty>0</MyProperty>
  <Weather>Foggy</Weather>
  <Steering>126</Steering>
  <Acc>139</Acc>
  <Brake>127</Brake>
  <DayTime>15:16:13</DayTime>
  <Position>
    <X>-2387.30322</X>
    <Y>-250.869522</Y>
    <Z>15.4587908</Z>
  </Position>
  <Rotation>
    <X>0.948142052</X>
    <Y>2.79306269</Y>
    <Z>60.1133575</Z>
  </Rotation>
</Screenshot>