<?xml version="1.0" encoding="utf-8"?>
<Screenshot xmlns:xsd="http://www.w3.org/2001/XMLSchema" xmlns:xsi="http://www.w3.org/2001/XMLSchema-instance">
  <Cars />
  <MyCar>
    <Position>
      <X>-2386.302</X>
      <Y>-251.489029</Y>
      <Z>14.52952</Z>
    </Position>
    <Rotation>
      <X>1.44701564</X>
      <Y>2.29344463</Y>
      <Z>60.0671577</Z>
    </Rotation>
    <Handle>104962</Handle>
    <Bounds>
      <Vector3>
        <X>-2384.627</X>
        <Y>-253.667542</Y>
        <Z>13.7787142</Z>
      </Vector3>
      <Vector3>
        <X>-2383.60864</X>
        <Y>-251.898712</Y>
        <Z>13.69697</Z>
      </Vector3>
      <Vector3>
        <X>-2389.05615</X>
        <Y>-251.111267</Y>
        <Z>13.9077921</Z>
      </Vector3>
      <Vector3>
        <X>-2384.56616</X>
        <Y>-253.6354</Y>
        <Z>15.2329817</Z>
      </Vector3>
      <Vector3>
        <X>-2388.03784</X>
        <Y>-249.342438</Y>
        <Z>13.8260479</Z>
      </Vector3>
      <Vector3>
        <X>-2383.54761</X>
        <Y>-251.866577</Y>
        <Z>15.1512365</Z>
      </Vector3>
      <Vector3>
        <X>-2388.99536</X>
        <Y>-251.079132</Y>
        <Z>15.36206</Z>
      </Vector3>
      <Vector3>
        <X>-2387.97681</X>
        <Y>-249.3103</Y>
        <Z>15.2803154</Z>
      </Vector3>
    </Bounds>
    <CenterCamPosition>
      <X>0</X>
      <Y>0</Y>
    </CenterCamPosition>
    <ScreenBounds />
    <DistanceToCam>0</DistanceToCam>
    <Speed>8.593129</Speed>
    <AccInput>0</AccInput>
    <RPM>1.35798967</RPM>
    <Gear>0</Gear>
    <SteeringAngle>4.463976E-41</SteeringAngle>
    <WheelSpeed>0</WheelSpeed>
    <CarType>Sports</CarType>
  </MyCar>
  <Peds />
  <Time>273020</Time>
  <LastFrameTime>0.03279751</LastFrameTime>
  <MyProperty>0</MyProperty>
  <Weather>Foggy</Weather>
  <Steering>126</Steering>
  <Acc>139</Acc>
  <Brake>127</Brake>
  <DayTime>15:16:13</DayTime>
  <Position>
    <X>-2387.05957</X>
    <Y>-251.010727</Y>
    <Z>15.4522</Z>
  </Position>
  <Rotation>
    <X>0.950139761</X>
    <Y>2.79326224</Y>
    <Z>60.10515</Z>
  </Rotation>
</Screenshot>