<?xml version="1.0" encoding="utf-8"?>
<Screenshot xmlns:xsd="http://www.w3.org/2001/XMLSchema" xmlns:xsi="http://www.w3.org/2001/XMLSchema-instance">
  <Cars />
  <MyCar>
    <Position>
      <X>-2387.57983</X>
      <Y>-250.749</Y>
      <Z>14.5644407</Z>
    </Position>
    <Rotation>
      <X>1.43949544</X>
      <Y>2.272891</Y>
      <Z>60.1320343</Z>
    </Rotation>
    <Handle>104962</Handle>
    <Bounds>
      <Vector3>
        <X>-2385.902</X>
        <Y>-252.925415</Y>
        <Z>13.81359</Z>
      </Vector3>
      <Vector3>
        <X>-2384.88574</X>
        <Y>-251.155411</Y>
        <Z>13.7325783</Z>
      </Vector3>
      <Vector3>
        <X>-2390.33423</X>
        <Y>-250.3742</Y>
        <Z>13.942</Z>
      </Vector3>
      <Vector3>
        <X>-2385.8418</X>
        <Y>-252.89357</Y>
        <Z>15.2678833</Z>
      </Vector3>
      <Vector3>
        <X>-2389.31787</X>
        <Y>-248.6042</Y>
        <Z>13.8609877</Z>
      </Vector3>
      <Vector3>
        <X>-2384.8252</X>
        <Y>-251.123566</Y>
        <Z>15.1868706</Z>
      </Vector3>
      <Vector3>
        <X>-2390.274</X>
        <Y>-250.342377</Y>
        <Z>15.3962927</Z>
      </Vector3>
      <Vector3>
        <X>-2389.25732</X>
        <Y>-248.572357</Y>
        <Z>15.31528</Z>
      </Vector3>
    </Bounds>
    <CenterCamPosition>
      <X>0</X>
      <Y>0</Y>
    </CenterCamPosition>
    <ScreenBounds />
    <DistanceToCam>0</DistanceToCam>
    <Speed>8.685499</Speed>
    <AccInput>0</AccInput>
    <RPM>1.35798967</RPM>
    <Gear>0</Gear>
    <SteeringAngle>4.463976E-41</SteeringAngle>
    <WheelSpeed>0</WheelSpeed>
    <CarType>Sports</CarType>
  </MyCar>
  <Peds />
  <Time>273191</Time>
  <LastFrameTime>0.0225993916</LastFrameTime>
  <MyProperty>0</MyProperty>
  <Weather>Foggy</Weather>
  <Steering>126</Steering>
  <Acc>139</Acc>
  <Brake>127</Brake>
  <DayTime>15:16:13</DayTime>
  <Position>
    <X>-2388.412</X>
    <Y>-250.228836</Y>
    <Z>15.4889259</Z>
  </Position>
  <Rotation>
    <X>0.940901935</X>
    <Y>2.776311</Y>
    <Z>60.1675377</Z>
  </Rotation>
</Screenshot>