<?xml version="1.0" encoding="utf-8"?>
<Screenshot xmlns:xsd="http://www.w3.org/2001/XMLSchema" xmlns:xsi="http://www.w3.org/2001/XMLSchema-instance">
  <Cars />
  <MyCar>
    <Position>
      <X>-2387.05176</X>
      <Y>-251.054489</Y>
      <Z>14.5500088</Z>
    </Position>
    <Rotation>
      <X>1.44213235</X>
      <Y>2.28172755</Y>
      <Z>60.10165</Z>
    </Rotation>
    <Handle>104962</Handle>
    <Bounds>
      <Vector3>
        <X>-2385.37524</X>
        <Y>-253.231888</Y>
        <Z>13.7992039</Z>
      </Vector3>
      <Vector3>
        <X>-2384.358</X>
        <Y>-251.462433</Y>
        <Z>13.7178764</Z>
      </Vector3>
      <Vector3>
        <X>-2389.80615</X>
        <Y>-250.678314</Y>
        <Z>13.9278479</Z>
      </Vector3>
      <Vector3>
        <X>-2385.3147</X>
        <Y>-253.1999</Y>
        <Z>15.2534866</Z>
      </Vector3>
      <Vector3>
        <X>-2388.78882</X>
        <Y>-248.908859</Y>
        <Z>13.84652</Z>
      </Vector3>
      <Vector3>
        <X>-2384.29736</X>
        <Y>-251.43045</Y>
        <Z>15.1721592</Z>
      </Vector3>
      <Vector3>
        <X>-2389.74561</X>
        <Y>-250.646347</Y>
        <Z>15.38213</Z>
      </Vector3>
      <Vector3>
        <X>-2388.728</X>
        <Y>-248.876877</Y>
        <Z>15.3008032</Z>
      </Vector3>
    </Bounds>
    <CenterCamPosition>
      <X>0</X>
      <Y>0</Y>
    </CenterCamPosition>
    <ScreenBounds />
    <DistanceToCam>0</DistanceToCam>
    <Speed>8.647996</Speed>
    <AccInput>0</AccInput>
    <RPM>1.35798967</RPM>
    <Gear>0</Gear>
    <SteeringAngle>4.463976E-41</SteeringAngle>
    <WheelSpeed>0</WheelSpeed>
    <CarType>Sports</CarType>
  </MyCar>
  <Peds />
  <Time>273120</Time>
  <LastFrameTime>0.0193201061</LastFrameTime>
  <MyProperty>0</MyProperty>
  <Weather>Foggy</Weather>
  <Steering>126</Steering>
  <Acc>139</Acc>
  <Brake>127</Brake>
  <DayTime>15:16:13</DayTime>
  <Position>
    <X>-2387.909</X>
    <Y>-250.519257</Y>
    <Z>15.4752493</Z>
  </Position>
  <Rotation>
    <X>0.944082141</X>
    <Y>2.78287053</Y>
    <Z>60.1399956</Z>
  </Rotation>
</Screenshot>