<?xml version="1.0" encoding="utf-8"?>
<Screenshot xmlns:xsd="http://www.w3.org/2001/XMLSchema" xmlns:xsi="http://www.w3.org/2001/XMLSchema-instance">
  <Cars />
  <MyCar>
    <Position>
      <X>-2387.41</X>
      <Y>-250.8472</Y>
      <Z>14.5597925</Z>
    </Position>
    <Rotation>
      <X>1.43979764</X>
      <Y>2.27668524</Y>
      <Z>60.1219635</Z>
    </Rotation>
    <Handle>104962</Handle>
    <Bounds>
      <Vector3>
        <X>-2385.73267</X>
        <Y>-253.023956</Y>
        <Z>13.8089991</Z>
      </Vector3>
      <Vector3>
        <X>-2384.71582</X>
        <Y>-251.254135</Y>
        <Z>13.7278509</Z>
      </Vector3>
      <Vector3>
        <X>-2390.16431</X>
        <Y>-250.47197</Y>
        <Z>13.9374342</Z>
      </Vector3>
      <Vector3>
        <X>-2385.672</X>
        <Y>-252.99205</Y>
        <Z>15.2632875</Z>
      </Vector3>
      <Vector3>
        <X>-2389.14746</X>
        <Y>-248.702148</Y>
        <Z>13.856287</Z>
      </Vector3>
      <Vector3>
        <X>-2384.65527</X>
        <Y>-251.222214</Y>
        <Z>15.1821394</Z>
      </Vector3>
      <Vector3>
        <X>-2390.10376</X>
        <Y>-250.440063</Y>
        <Z>15.3917236</Z>
      </Vector3>
      <Vector3>
        <X>-2389.08716</X>
        <Y>-248.670227</Y>
        <Z>15.3105755</Z>
      </Vector3>
    </Bounds>
    <CenterCamPosition>
      <X>0</X>
      <Y>0</Y>
    </CenterCamPosition>
    <ScreenBounds />
    <DistanceToCam>0</DistanceToCam>
    <Speed>8.673519</Speed>
    <AccInput>0</AccInput>
    <RPM>1.35798967</RPM>
    <Gear>0</Gear>
    <SteeringAngle>4.463976E-41</SteeringAngle>
    <WheelSpeed>0</WheelSpeed>
    <CarType>Sports</CarType>
  </MyCar>
  <Peds />
  <Time>273168</Time>
  <LastFrameTime>0.047767166</LastFrameTime>
  <MyProperty>0</MyProperty>
  <Weather>Foggy</Weather>
  <Steering>126</Steering>
  <Acc>139</Acc>
  <Brake>127</Brake>
  <DayTime>15:16:13</DayTime>
  <Position>
    <X>-2388.05371</X>
    <Y>-250.435715</Y>
    <Z>15.479187</Z>
  </Position>
  <Rotation>
    <X>0.943243444</X>
    <Y>2.78135133</Y>
    <Z>60.1474228</Z>
  </Rotation>
</Screenshot>