<?xml version="1.0" encoding="utf-8"?>
<Screenshot xmlns:xsd="http://www.w3.org/2001/XMLSchema" xmlns:xsi="http://www.w3.org/2001/XMLSchema-instance">
  <Cars />
  <MyCar>
    <Position>
      <X>-2386.90723</X>
      <Y>-251.138168</Y>
      <Z>14.5460548</Z>
    </Position>
    <Rotation>
      <X>1.44296873</X>
      <Y>2.283248</Y>
      <Z>60.09416</Z>
    </Rotation>
    <Handle>104962</Handle>
    <Bounds>
      <Vector3>
        <X>-2385.2312</X>
        <Y>-253.3158</Y>
        <Z>13.7952414</Z>
      </Vector3>
      <Vector3>
        <X>-2384.21338</X>
        <Y>-251.546478</Y>
        <Z>13.71386</Z>
      </Vector3>
      <Vector3>
        <X>-2389.66162</X>
        <Y>-250.761642</Y>
        <Z>13.92396</Z>
      </Vector3>
      <Vector3>
        <X>-2385.17041</X>
        <Y>-253.283813</Y>
        <Z>15.2495213</Z>
      </Vector3>
      <Vector3>
        <X>-2388.644</X>
        <Y>-248.99231</Y>
        <Z>13.8425779</Z>
      </Vector3>
      <Vector3>
        <X>-2384.15283</X>
        <Y>-251.514481</Y>
        <Z>15.1681395</Z>
      </Vector3>
      <Vector3>
        <X>-2389.60083</X>
        <Y>-250.72966</Y>
        <Z>15.37824</Z>
      </Vector3>
      <Vector3>
        <X>-2388.58325</X>
        <Y>-248.960327</Y>
        <Z>15.2968578</Z>
      </Vector3>
    </Bounds>
    <CenterCamPosition>
      <X>0</X>
      <Y>0</Y>
    </CenterCamPosition>
    <ScreenBounds />
    <DistanceToCam>0</DistanceToCam>
    <Speed>8.637581</Speed>
    <AccInput>0</AccInput>
    <RPM>1.35798967</RPM>
    <Gear>0</Gear>
    <SteeringAngle>4.463976E-41</SteeringAngle>
    <WheelSpeed>0</WheelSpeed>
    <CarType>Sports</CarType>
  </MyCar>
  <Peds />
  <Time>273101</Time>
  <LastFrameTime>0.0332732052</LastFrameTime>
  <MyProperty>0</MyProperty>
  <Weather>Foggy</Weather>
  <Steering>126</Steering>
  <Acc>139</Acc>
  <Brake>127</Brake>
  <DayTime>15:16:13</DayTime>
  <Position>
    <X>-2387.66016</X>
    <Y>-250.662918</Y>
    <Z>15.4684887</Z>
  </Position>
  <Rotation>
    <X>0.94489944</X>
    <Y>2.78832555</Y>
    <Z>60.12816</Z>
  </Rotation>
</Screenshot>