<?xml version="1.0" encoding="utf-8"?>
<Screenshot xmlns:xsd="http://www.w3.org/2001/XMLSchema" xmlns:xsi="http://www.w3.org/2001/XMLSchema-instance">
  <Cars />
  <MyCar>
    <Position>
      <X>-2388.30566</X>
      <Y>-250.329758</Y>
      <Z>14.5844355</Z>
    </Position>
    <Rotation>
      <X>1.44326234</X>
      <Y>2.26326919</Y>
      <Z>60.178566</Z>
    </Rotation>
    <Handle>104962</Handle>
    <Bounds>
      <Vector3>
        <X>-2386.62622</X>
        <Y>-252.504684</Y>
        <Z>13.8332415</Z>
      </Vector3>
      <Vector3>
        <X>-2385.611</X>
        <Y>-250.733841</Y>
        <Z>13.7525721</Z>
      </Vector3>
      <Vector3>
        <X>-2391.06055</X>
        <Y>-249.957092</Y>
        <Z>13.9619884</Z>
      </Vector3>
      <Vector3>
        <X>-2386.566</X>
        <Y>-252.473053</Y>
        <Z>15.2875423</Z>
      </Vector3>
      <Vector3>
        <X>-2390.04541</X>
        <Y>-248.186249</Y>
        <Z>13.8813181</Z>
      </Vector3>
      <Vector3>
        <X>-2385.55078</X>
        <Y>-250.702209</Y>
        <Z>15.206872</Z>
      </Vector3>
      <Vector3>
        <X>-2391</X>
        <Y>-249.925461</Y>
        <Z>15.4162884</Z>
      </Vector3>
      <Vector3>
        <X>-2389.985</X>
        <Y>-248.154617</Y>
        <Z>15.335619</Z>
      </Vector3>
    </Bounds>
    <CenterCamPosition>
      <X>0</X>
      <Y>0</Y>
    </CenterCamPosition>
    <ScreenBounds />
    <DistanceToCam>0</DistanceToCam>
    <Speed>8.735783</Speed>
    <AccInput>0</AccInput>
    <RPM>1.35798967</RPM>
    <Gear>0</Gear>
    <SteeringAngle>4.463976E-41</SteeringAngle>
    <WheelSpeed>0</WheelSpeed>
    <CarType>Sports</CarType>
  </MyCar>
  <Peds />
  <Time>273287</Time>
  <LastFrameTime>0.0191845037</LastFrameTime>
  <MyProperty>0</MyProperty>
  <Weather>Foggy</Weather>
  <Steering>126</Steering>
  <Acc>139</Acc>
  <Brake>127</Brake>
  <DayTime>15:16:13</DayTime>
  <Position>
    <X>-2389.16333</X>
    <Y>-249.796143</Y>
    <Z>15.5096092</Z>
  </Position>
  <Rotation>
    <X>0.9428638</X>
    <Y>2.76364422</Y>
    <Z>60.2144127</Z>
  </Rotation>
</Screenshot>