<?xml version="1.0" encoding="utf-8"?>
<Screenshot xmlns:xsd="http://www.w3.org/2001/XMLSchema" xmlns:xsi="http://www.w3.org/2001/XMLSchema-instance">
  <Cars />
  <MyCar>
    <Position>
      <X>-2387.806</X>
      <Y>-250.618362</Y>
      <Z>14.570631</Z>
    </Position>
    <Rotation>
      <X>1.43750751</X>
      <Y>2.26855755</Y>
      <Z>60.14599</Z>
    </Rotation>
    <Handle>104962</Handle>
    <Bounds>
      <Vector3>
        <X>-2386.12769</X>
        <Y>-252.794327</Y>
        <Z>13.8197889</Z>
      </Vector3>
      <Vector3>
        <X>-2385.11157</X>
        <Y>-251.024078</Y>
        <Z>13.7389317</Z>
      </Vector3>
      <Vector3>
        <X>-2390.56055</X>
        <Y>-250.244232</Y>
        <Z>13.9480219</Z>
      </Vector3>
      <Vector3>
        <X>-2386.06738</X>
        <Y>-252.762543</Y>
        <Z>15.2740879</Z>
      </Vector3>
      <Vector3>
        <X>-2389.54443</X>
        <Y>-248.473969</Y>
        <Z>13.8671637</Z>
      </Vector3>
      <Vector3>
        <X>-2385.05127</X>
        <Y>-250.9923</Y>
        <Z>15.19323</Z>
      </Vector3>
      <Vector3>
        <X>-2390.5</X>
        <Y>-250.212433</Y>
        <Z>15.40232</Z>
      </Vector3>
      <Vector3>
        <X>-2389.48413</X>
        <Y>-248.442184</Y>
        <Z>15.3214626</Z>
      </Vector3>
    </Bounds>
    <CenterCamPosition>
      <X>0</X>
      <Y>0</Y>
    </CenterCamPosition>
    <ScreenBounds />
    <DistanceToCam>0</DistanceToCam>
    <Speed>8.701317</Speed>
    <AccInput>0</AccInput>
    <RPM>1.35798967</RPM>
    <Gear>0</Gear>
    <SteeringAngle>4.463976E-41</SteeringAngle>
    <WheelSpeed>0</WheelSpeed>
    <CarType>Sports</CarType>
  </MyCar>
  <Peds />
  <Time>273221</Time>
  <LastFrameTime>0.0300209168</LastFrameTime>
  <MyProperty>0</MyProperty>
  <Weather>Foggy</Weather>
  <Steering>126</Steering>
  <Acc>139</Acc>
  <Brake>127</Brake>
  <DayTime>15:16:13</DayTime>
  <Position>
    <X>-2388.582</X>
    <Y>-250.130859</Y>
    <Z>15.49357</Z>
  </Position>
  <Rotation>
    <X>0.9405967</X>
    <Y>2.77251816</Y>
    <Z>60.177536</Z>
  </Rotation>
</Screenshot>