<?xml version="1.0" encoding="utf-8"?>
<Screenshot xmlns:xsd="http://www.w3.org/2001/XMLSchema" xmlns:xsi="http://www.w3.org/2001/XMLSchema-instance">
  <Cars />
  <MyCar>
    <Position>
      <X>-2388.16064</X>
      <Y>-250.413483</Y>
      <Z>14.5804272</Z>
    </Position>
    <Rotation>
      <X>1.44176733</X>
      <Y>2.26401782</Y>
      <Z>60.1689568</Z>
    </Rotation>
    <Handle>104962</Handle>
    <Bounds>
      <Vector3>
        <X>-2386.48145</X>
        <Y>-252.5887</Y>
        <Z>13.8293133</Z>
      </Vector3>
      <Vector3>
        <X>-2385.466</X>
        <Y>-250.818039</Y>
        <Z>13.7486172</Z>
      </Vector3>
      <Vector3>
        <X>-2390.91528</X>
        <Y>-250.040375</Y>
        <Z>13.9579268</Z>
      </Vector3>
      <Vector3>
        <X>-2386.42114</X>
        <Y>-252.557053</Y>
        <Z>15.2836142</Z>
      </Vector3>
      <Vector3>
        <X>-2389.9</X>
        <Y>-248.2697</Y>
        <Z>13.87723</Z>
      </Vector3>
      <Vector3>
        <X>-2385.40576</X>
        <Y>-250.786377</Y>
        <Z>15.2029171</Z>
      </Vector3>
      <Vector3>
        <X>-2390.855</X>
        <Y>-250.008728</Y>
        <Z>15.4122267</Z>
      </Vector3>
      <Vector3>
        <X>-2389.8396</X>
        <Y>-248.238052</Y>
        <Z>15.3315306</Z>
      </Vector3>
    </Bounds>
    <CenterCamPosition>
      <X>0</X>
      <Y>0</Y>
    </CenterCamPosition>
    <ScreenBounds />
    <DistanceToCam>0</DistanceToCam>
    <Speed>8.725822</Speed>
    <AccInput>0</AccInput>
    <RPM>1.35798967</RPM>
    <Gear>0</Gear>
    <SteeringAngle>4.463976E-41</SteeringAngle>
    <WheelSpeed>0</WheelSpeed>
    <CarType>Sports</CarType>
  </MyCar>
  <Peds />
  <Time>273268</Time>
  <LastFrameTime>0.0469994731</LastFrameTime>
  <MyProperty>0</MyProperty>
  <Weather>Foggy</Weather>
  <Steering>126</Steering>
  <Acc>139</Acc>
  <Brake>127</Brake>
  <DayTime>15:16:13</DayTime>
  <Position>
    <X>-2388.80835</X>
    <Y>-250.000519</Y>
    <Z>15.4997234</Z>
  </Position>
  <Rotation>
    <X>0.938602865</X>
    <Y>2.76818657</Y>
    <Z>60.19132</Z>
  </Rotation>
</Screenshot>