<?xml version="1.0" encoding="utf-8"?>
<Screenshot xmlns:xsd="http://www.w3.org/2001/XMLSchema" xmlns:xsi="http://www.w3.org/2001/XMLSchema-instance">
  <Cars />
  <MyCar>
    <Position>
      <X>-2388.66626</X>
      <Y>-250.121857</Y>
      <Z>14.5944014</Z>
    </Position>
    <Rotation>
      <X>1.44686151</X>
      <Y>2.26013064</Y>
      <Z>60.20281</Z>
    </Rotation>
    <Handle>104962</Handle>
    <Bounds>
      <Vector3>
        <X>-2386.98584</X>
        <Y>-252.296021</Y>
        <Z>13.8429909</Z>
      </Vector3>
      <Vector3>
        <X>-2385.97168</X>
        <Y>-250.524734</Y>
        <Z>13.7624331</Z>
      </Vector3>
      <Vector3>
        <X>-2391.42114</X>
        <Y>-249.7503</Y>
        <Z>13.9720583</Z>
      </Vector3>
      <Vector3>
        <X>-2386.92554</X>
        <Y>-252.264481</Y>
        <Z>15.2972918</Z>
      </Vector3>
      <Vector3>
        <X>-2390.407</X>
        <Y>-247.979019</Y>
        <Z>13.8915</Z>
      </Vector3>
      <Vector3>
        <X>-2385.91113</X>
        <Y>-250.4932</Y>
        <Z>15.2167339</Z>
      </Vector3>
      <Vector3>
        <X>-2391.36084</X>
        <Y>-249.718765</Y>
        <Z>15.4263592</Z>
      </Vector3>
      <Vector3>
        <X>-2390.34644</X>
        <Y>-247.947479</Y>
        <Z>15.3458014</Z>
      </Vector3>
    </Bounds>
    <CenterCamPosition>
      <X>0</X>
      <Y>0</Y>
    </CenterCamPosition>
    <ScreenBounds />
    <DistanceToCam>0</DistanceToCam>
    <Speed>8.76033</Speed>
    <AccInput>0</AccInput>
    <RPM>1.35798967</RPM>
    <Gear>0</Gear>
    <SteeringAngle>4.463976E-41</SteeringAngle>
    <WheelSpeed>0</WheelSpeed>
    <CarType>Sports</CarType>
  </MyCar>
  <Peds />
  <Time>273334</Time>
  <LastFrameTime>0.0475440547</LastFrameTime>
  <MyProperty>0</MyProperty>
  <Weather>Foggy</Weather>
  <Steering>126</Steering>
  <Acc>139</Acc>
  <Brake>127</Brake>
  <DayTime>15:16:13</DayTime>
  <Position>
    <X>-2389.30859</X>
    <Y>-249.7126</Y>
    <Z>15.513649</Z>
  </Position>
  <Rotation>
    <X>0.944360137</X>
    <Y>2.76289415</Y>
    <Z>60.2240829</Z>
  </Rotation>
</Screenshot>