<?xml version="1.0" encoding="utf-8"?>
<Screenshot xmlns:xsd="http://www.w3.org/2001/XMLSchema" xmlns:xsi="http://www.w3.org/2001/XMLSchema-instance">
  <Cars />
  <MyCar>
    <Position>
      <X>-2388.81079</X>
      <Y>-250.0385</Y>
      <Z>14.5984068</Z>
    </Position>
    <Rotation>
      <X>1.44901264</X>
      <Y>2.25856471</Y>
      <Z>60.21259</Z>
    </Rotation>
    <Handle>104962</Handle>
    <Bounds>
      <Vector3>
        <X>-2387.13013</X>
        <Y>-252.212341</Y>
        <Z>13.8468723</Z>
      </Vector3>
      <Vector3>
        <X>-2386.116</X>
        <Y>-250.440887</Y>
        <Z>13.76637</Z>
      </Vector3>
      <Vector3>
        <X>-2391.566</X>
        <Y>-249.667389</Y>
        <Z>13.9761314</Z>
      </Vector3>
      <Vector3>
        <X>-2387.06958</X>
        <Y>-252.180847</Y>
        <Z>15.3011732</Z>
      </Vector3>
      <Vector3>
        <X>-2390.55176</X>
        <Y>-247.895935</Y>
        <Z>13.89563</Z>
      </Vector3>
      <Vector3>
        <X>-2386.05566</X>
        <Y>-250.4094</Y>
        <Z>15.2206717</Z>
      </Vector3>
      <Vector3>
        <X>-2391.50537</X>
        <Y>-249.6359</Y>
        <Z>15.4304333</Z>
      </Vector3>
      <Vector3>
        <X>-2390.49146</X>
        <Y>-247.864441</Y>
        <Z>15.3499308</Z>
      </Vector3>
    </Bounds>
    <CenterCamPosition>
      <X>0</X>
      <Y>0</Y>
    </CenterCamPosition>
    <ScreenBounds />
    <DistanceToCam>0</DistanceToCam>
    <Speed>8.770122</Speed>
    <AccInput>0</AccInput>
    <RPM>1.35798967</RPM>
    <Gear>0</Gear>
    <SteeringAngle>4.463976E-41</SteeringAngle>
    <WheelSpeed>0</WheelSpeed>
    <CarType>Sports</CarType>
  </MyCar>
  <Peds />
  <Time>273354</Time>
  <LastFrameTime>0.0190436263</LastFrameTime>
  <MyProperty>0</MyProperty>
  <Weather>Foggy</Weather>
  <Steering>126</Steering>
  <Acc>139</Acc>
  <Brake>127</Brake>
  <DayTime>15:16:13</DayTime>
  <Position>
    <X>-2389.66943</X>
    <Y>-249.505188</Y>
    <Z>15.5236912</Z>
  </Position>
  <Rotation>
    <X>0.9479609</X>
    <Y>2.75975323</Y>
    <Z>60.248455</Z>
  </Rotation>
</Screenshot>