<?xml version="1.0" encoding="utf-8"?>
<Screenshot xmlns:xsd="http://www.w3.org/2001/XMLSchema" xmlns:xsi="http://www.w3.org/2001/XMLSchema-instance">
  <Cars />
  <MyCar>
    <Position>
      <X>-2389.17285</X>
      <Y>-249.829865</Y>
      <Z>14.6084309</Z>
    </Position>
    <Rotation>
      <X>1.4537077</X>
      <Y>2.25339746</Y>
      <Z>60.2371826</Z>
    </Rotation>
    <Handle>104962</Handle>
    <Bounds>
      <Vector3>
        <X>-2387.49121</X>
        <Y>-252.0029</Y>
        <Z>13.8565931</Z>
      </Vector3>
      <Vector3>
        <X>-2386.478</X>
        <Y>-250.231</Y>
        <Z>13.7762756</Z>
      </Vector3>
      <Vector3>
        <X>-2391.928</X>
        <Y>-249.459854</Y>
        <Z>13.9862728</Z>
      </Vector3>
      <Vector3>
        <X>-2387.43066</X>
        <Y>-251.971558</Y>
        <Z>15.3108969</Z>
      </Vector3>
      <Vector3>
        <X>-2390.91479</X>
        <Y>-247.687958</Y>
        <Z>13.9059544</Z>
      </Vector3>
      <Vector3>
        <X>-2386.41748</X>
        <Y>-250.199661</Y>
        <Z>15.2305784</Z>
      </Vector3>
      <Vector3>
        <X>-2391.86768</X>
        <Y>-249.428513</Y>
        <Z>15.4405756</Z>
      </Vector3>
      <Vector3>
        <X>-2390.85425</X>
        <Y>-247.656616</Y>
        <Z>15.3602581</Z>
      </Vector3>
    </Bounds>
    <CenterCamPosition>
      <X>0</X>
      <Y>0</Y>
    </CenterCamPosition>
    <ScreenBounds />
    <DistanceToCam>0</DistanceToCam>
    <Speed>8.79452</Speed>
    <AccInput>0</AccInput>
    <RPM>1.35798967</RPM>
    <Gear>0</Gear>
    <SteeringAngle>4.463976E-41</SteeringAngle>
    <WheelSpeed>0</WheelSpeed>
    <CarType>Sports</CarType>
  </MyCar>
  <Peds />
  <Time>273401</Time>
  <LastFrameTime>0.04757695</LastFrameTime>
  <MyProperty>0</MyProperty>
  <Weather>Foggy</Weather>
  <Steering>126</Steering>
  <Acc>139</Acc>
  <Brake>127</Brake>
  <DayTime>15:16:13</DayTime>
  <Position>
    <X>-2389.814</X>
    <Y>-249.422043</Y>
    <Z>15.5277414</Z>
  </Position>
  <Rotation>
    <X>0.9501132</X>
    <Y>2.75818563</Y>
    <Z>60.25831</Z>
  </Rotation>
</Screenshot>