<?xml version="1.0" encoding="utf-8"?>
<Screenshot xmlns:xsd="http://www.w3.org/2001/XMLSchema" xmlns:xsi="http://www.w3.org/2001/XMLSchema-instance">
  <Cars />
  <MyCar>
    <Position>
      <X>-2389.32617</X>
      <Y>-249.741638</Y>
      <Z>14.61267</Z>
    </Position>
    <Rotation>
      <X>1.45575452</X>
      <Y>2.25155</Y>
      <Z>60.2476349</Z>
    </Rotation>
    <Handle>104962</Handle>
    <Bounds>
      <Vector3>
        <X>-2387.64429</X>
        <Y>-251.914337</Y>
        <Z>13.8607082</Z>
      </Vector3>
      <Vector3>
        <X>-2386.63135</X>
        <Y>-250.142258</Y>
        <Z>13.7804556</Z>
      </Vector3>
      <Vector3>
        <X>-2392.08154</X>
        <Y>-249.3721</Y>
        <Z>13.99057</Z>
      </Vector3>
      <Vector3>
        <X>-2387.58374</X>
        <Y>-251.883057</Y>
        <Z>15.315012</Z>
      </Vector3>
      <Vector3>
        <X>-2391.0686</X>
        <Y>-247.600021</Y>
        <Z>13.9103174</Z>
      </Vector3>
      <Vector3>
        <X>-2386.5708</X>
        <Y>-250.110962</Y>
        <Z>15.2347593</Z>
      </Vector3>
      <Vector3>
        <X>-2392.021</X>
        <Y>-249.3408</Y>
        <Z>15.4448738</Z>
      </Vector3>
      <Vector3>
        <X>-2391.008</X>
        <Y>-247.568726</Y>
        <Z>15.3646212</Z>
      </Vector3>
    </Bounds>
    <CenterCamPosition>
      <X>0</X>
      <Y>0</Y>
    </CenterCamPosition>
    <ScreenBounds />
    <DistanceToCam>0</DistanceToCam>
    <Speed>8.804792</Speed>
    <AccInput>0</AccInput>
    <RPM>1.35798967</RPM>
    <Gear>0</Gear>
    <SteeringAngle>4.463976E-41</SteeringAngle>
    <WheelSpeed>0</WheelSpeed>
    <CarType>Sports</CarType>
  </MyCar>
  <Peds />
  <Time>273421</Time>
  <LastFrameTime>0.0200952441</LastFrameTime>
  <MyProperty>0</MyProperty>
  <Weather>Foggy</Weather>
  <Steering>126</Steering>
  <Acc>139</Acc>
  <Brake>127</Brake>
  <DayTime>15:16:13</DayTime>
  <Position>
    <X>-2390.17627</X>
    <Y>-249.213943</Y>
    <Z>15.5378656</Z>
  </Position>
  <Rotation>
    <X>0.9548098</X>
    <Y>2.75301552</Y>
    <Z>60.2830429</Z>
  </Rotation>
</Screenshot>