<?xml version="1.0" encoding="utf-8"?>
<Screenshot xmlns:xsd="http://www.w3.org/2001/XMLSchema" xmlns:xsi="http://www.w3.org/2001/XMLSchema-instance">
  <Cars />
  <MyCar>
    <Position>
      <X>-2389.68359</X>
      <Y>-249.536041</Y>
      <Z>14.6225681</Z>
    </Position>
    <Rotation>
      <X>1.46005142</X>
      <Y>2.249025</Y>
      <Z>60.2721138</Z>
    </Rotation>
    <Handle>104962</Handle>
    <Bounds>
      <Vector3>
        <X>-2388.00073</X>
        <Y>-251.707962</Y>
        <Z>13.87037</Z>
      </Vector3>
      <Vector3>
        <X>-2386.98853</X>
        <Y>-249.935455</Y>
        <Z>13.7902079</Z>
      </Vector3>
      <Vector3>
        <X>-2392.439</X>
        <Y>-249.167618</Y>
        <Z>14.0006151</Z>
      </Vector3>
      <Vector3>
        <X>-2387.94019</X>
        <Y>-251.676773</Y>
        <Z>15.3246737</Z>
      </Vector3>
      <Vector3>
        <X>-2391.427</X>
        <Y>-247.395111</Y>
        <Z>13.9204521</Z>
      </Vector3>
      <Vector3>
        <X>-2386.928</X>
        <Y>-249.904251</Y>
        <Z>15.2445107</Z>
      </Vector3>
      <Vector3>
        <X>-2392.37842</X>
        <Y>-249.136414</Y>
        <Z>15.4549179</Z>
      </Vector3>
      <Vector3>
        <X>-2391.36646</X>
        <Y>-247.3639</Y>
        <Z>15.3747559</Z>
      </Vector3>
    </Bounds>
    <CenterCamPosition>
      <X>0</X>
      <Y>0</Y>
    </CenterCamPosition>
    <ScreenBounds />
    <DistanceToCam>0</DistanceToCam>
    <Speed>8.828648</Speed>
    <AccInput>0</AccInput>
    <RPM>1.35798967</RPM>
    <Gear>0</Gear>
    <SteeringAngle>4.463976E-41</SteeringAngle>
    <WheelSpeed>0</WheelSpeed>
    <CarType>Sports</CarType>
  </MyCar>
  <Peds />
  <Time>273468</Time>
  <LastFrameTime>0.04674906</LastFrameTime>
  <MyProperty>0</MyProperty>
  <Weather>Foggy</Weather>
  <Steering>126</Steering>
  <Acc>139</Acc>
  <Brake>127</Brake>
  <DayTime>15:16:13</DayTime>
  <Position>
    <X>-2390.32959</X>
    <Y>-249.125946</Y>
    <Z>15.5421476</Z>
  </Position>
  <Rotation>
    <X>0.956857562</X>
    <Y>2.75116682</Y>
    <Z>60.2935677</Z>
  </Rotation>
</Screenshot>