<?xml version="1.0" encoding="utf-8"?>
<Screenshot xmlns:xsd="http://www.w3.org/2001/XMLSchema" xmlns:xsi="http://www.w3.org/2001/XMLSchema-instance">
  <Cars />
  <MyCar>
    <Position>
      <X>-2389.82813</X>
      <Y>-249.4529</Y>
      <Z>14.6265793</Z>
    </Position>
    <Rotation>
      <X>1.46168411</X>
      <Y>2.2468617</Y>
      <Z>60.28201</Z>
    </Rotation>
    <Handle>104962</Handle>
    <Bounds>
      <Vector3>
        <X>-2388.14478</X>
        <Y>-251.6245</Y>
        <Z>13.8742685</Z>
      </Vector3>
      <Vector3>
        <X>-2387.133</X>
        <Y>-249.8518</Y>
        <Z>13.7941837</Z>
      </Vector3>
      <Vector3>
        <X>-2392.58374</X>
        <Y>-249.084915</Y>
        <Z>14.00466</Z>
      </Vector3>
      <Vector3>
        <X>-2388.08423</X>
        <Y>-251.593353</Y>
        <Z>15.3285732</Z>
      </Vector3>
      <Vector3>
        <X>-2391.57178</X>
        <Y>-247.312225</Y>
        <Z>13.9245749</Z>
      </Vector3>
      <Vector3>
        <X>-2387.07251</X>
        <Y>-249.820663</Y>
        <Z>15.2484884</Z>
      </Vector3>
      <Vector3>
        <X>-2392.52319</X>
        <Y>-249.053772</Y>
        <Z>15.4589643</Z>
      </Vector3>
      <Vector3>
        <X>-2391.51123</X>
        <Y>-247.281082</Y>
        <Z>15.37888</Z>
      </Vector3>
    </Bounds>
    <CenterCamPosition>
      <X>0</X>
      <Y>0</Y>
    </CenterCamPosition>
    <ScreenBounds />
    <DistanceToCam>0</DistanceToCam>
    <Speed>8.838234</Speed>
    <AccInput>0</AccInput>
    <RPM>1.35798967</RPM>
    <Gear>0</Gear>
    <SteeringAngle>4.463976E-41</SteeringAngle>
    <WheelSpeed>0</WheelSpeed>
    <CarType>Sports</CarType>
  </MyCar>
  <Peds />
  <Time>273487</Time>
  <LastFrameTime>0.018887233</LastFrameTime>
  <MyProperty>0</MyProperty>
  <Weather>Foggy</Weather>
  <Steering>126</Steering>
  <Acc>139</Acc>
  <Brake>127</Brake>
  <DayTime>15:16:13</DayTime>
  <Position>
    <X>-2390.68726</X>
    <Y>-248.920853</Y>
    <Z>15.5521355</Z>
  </Position>
  <Rotation>
    <X>0.9611572</X>
    <Y>2.74863863</Y>
    <Z>60.31821</Z>
  </Rotation>
</Screenshot>