<?xml version="1.0" encoding="utf-8"?>
<Screenshot xmlns:xsd="http://www.w3.org/2001/XMLSchema" xmlns:xsi="http://www.w3.org/2001/XMLSchema-instance">
  <Cars />
  <MyCar>
    <Position>
      <X>-2390.1936</X>
      <Y>-249.242981</Y>
      <Z>14.6366968</Z>
    </Position>
    <Rotation>
      <X>1.46621144</X>
      <Y>2.23978734</Y>
      <Z>60.3068771</Z>
    </Rotation>
    <Handle>104962</Handle>
    <Bounds>
      <Vector3>
        <X>-2388.50952</X>
        <Y>-251.413742</Y>
        <Z>13.8840561</Z>
      </Vector3>
      <Vector3>
        <X>-2387.49829</X>
        <Y>-249.64061</Y>
        <Z>13.8042231</Z>
      </Vector3>
      <Vector3>
        <X>-2392.94922</X>
        <Y>-248.8761</Y>
        <Z>14.0148516</Z>
      </Vector3>
      <Vector3>
        <X>-2388.449</X>
        <Y>-251.3828</Y>
        <Z>15.3383646</Z>
      </Vector3>
      <Vector3>
        <X>-2391.93823</X>
        <Y>-247.102966</Y>
        <Z>13.9350185</Z>
      </Vector3>
      <Vector3>
        <X>-2387.43774</X>
        <Y>-249.60965</Y>
        <Z>15.2585316</Z>
      </Vector3>
      <Vector3>
        <X>-2392.88867</X>
        <Y>-248.845139</Y>
        <Z>15.46916</Z>
      </Vector3>
      <Vector3>
        <X>-2391.87769</X>
        <Y>-247.072</Y>
        <Z>15.389327</Z>
      </Vector3>
    </Bounds>
    <CenterCamPosition>
      <X>0</X>
      <Y>0</Y>
    </CenterCamPosition>
    <ScreenBounds />
    <DistanceToCam>0</DistanceToCam>
    <Speed>8.862404</Speed>
    <AccInput>0</AccInput>
    <RPM>1.35798967</RPM>
    <Gear>0</Gear>
    <SteeringAngle>4.463976E-41</SteeringAngle>
    <WheelSpeed>0</WheelSpeed>
    <CarType>Sports</CarType>
  </MyCar>
  <Peds />
  <Time>273534</Time>
  <LastFrameTime>0.0476027019</LastFrameTime>
  <MyProperty>0</MyProperty>
  <Weather>Foggy</Weather>
  <Steering>126</Steering>
  <Acc>139</Acc>
  <Brake>127</Brake>
  <DayTime>15:16:13</DayTime>
  <Position>
    <X>-2390.832</X>
    <Y>-248.837921</Y>
    <Z>15.5561819</Z>
  </Position>
  <Rotation>
    <X>0.962790132</X>
    <Y>2.7464745</Y>
    <Z>60.32814</Z>
  </Rotation>
</Screenshot>