<?xml version="1.0" encoding="utf-8"?>
<Screenshot xmlns:xsd="http://www.w3.org/2001/XMLSchema" xmlns:xsi="http://www.w3.org/2001/XMLSchema-instance">
  <Cars />
  <MyCar>
    <Position>
      <X>-2390.347</X>
      <Y>-249.154892</Y>
      <Z>14.6409416</Z>
    </Position>
    <Rotation>
      <X>1.4671638</X>
      <Y>2.238209</Y>
      <Z>60.3173637</Z>
    </Rotation>
    <Handle>104962</Handle>
    <Bounds>
      <Vector3>
        <X>-2388.66235</X>
        <Y>-251.325333</Y>
        <Z>13.8882294</Z>
      </Vector3>
      <Vector3>
        <X>-2387.65161</X>
        <Y>-249.552</Y>
        <Z>13.8084526</Z>
      </Vector3>
      <Vector3>
        <X>-2393.10278</X>
        <Y>-248.7885</Y>
        <Z>14.0191107</Z>
      </Vector3>
      <Vector3>
        <X>-2388.60181</X>
        <Y>-251.2944</Y>
        <Z>15.34254</Z>
      </Vector3>
      <Vector3>
        <X>-2392.0918</X>
        <Y>-247.015167</Y>
        <Z>13.939333</Z>
      </Vector3>
      <Vector3>
        <X>-2387.591</X>
        <Y>-249.521072</Y>
        <Z>15.2627621</Z>
      </Vector3>
      <Vector3>
        <X>-2393.04224</X>
        <Y>-248.757568</Y>
        <Z>15.47342</Z>
      </Vector3>
      <Vector3>
        <X>-2392.03149</X>
        <Y>-246.984238</Y>
        <Z>15.3936434</Z>
      </Vector3>
    </Bounds>
    <CenterCamPosition>
      <X>0</X>
      <Y>0</Y>
    </CenterCamPosition>
    <ScreenBounds />
    <DistanceToCam>0</DistanceToCam>
    <Speed>8.872524</Speed>
    <AccInput>0</AccInput>
    <RPM>1.35798967</RPM>
    <Gear>0</Gear>
    <SteeringAngle>4.463976E-41</SteeringAngle>
    <WheelSpeed>0</WheelSpeed>
    <CarType>Sports</CarType>
  </MyCar>
  <Peds />
  <Time>273554</Time>
  <LastFrameTime>0.0199562274</LastFrameTime>
  <MyProperty>0</MyProperty>
  <Weather>Foggy</Weather>
  <Steering>126</Steering>
  <Acc>139</Acc>
  <Brake>127</Brake>
  <DayTime>15:16:13</DayTime>
  <Position>
    <X>-2391.19775</X>
    <Y>-248.628571</Y>
    <Z>15.5663967</Z>
  </Position>
  <Rotation>
    <X>0.967317164</X>
    <Y>2.73939776</Y>
    <Z>60.3531036</Z>
  </Rotation>
</Screenshot>