<?xml version="1.0" encoding="utf-8"?>
<Screenshot xmlns:xsd="http://www.w3.org/2001/XMLSchema" xmlns:xsi="http://www.w3.org/2001/XMLSchema-instance">
  <Cars />
  <MyCar>
    <Position>
      <X>-2391.36621</X>
      <Y>-248.569626</Y>
      <Z>14.6694088</Z>
    </Position>
    <Rotation>
      <X>1.46085691</X>
      <Y>2.22728562</Y>
      <Z>60.3569527</Z>
    </Rotation>
    <Handle>104962</Handle>
    <Bounds>
      <Vector3>
        <X>-2389.68</X>
        <Y>-250.7388</Y>
        <Z>13.9167757</Z>
      </Vector3>
      <Vector3>
        <X>-2388.67041</X>
        <Y>-248.964767</Y>
        <Z>13.837388</Z>
      </Vector3>
      <Vector3>
        <X>-2394.122</X>
        <Y>-248.205078</Y>
        <Z>14.0470943</Z>
      </Vector3>
      <Vector3>
        <X>-2389.61963</X>
        <Y>-250.708008</Y>
        <Z>15.3711</Z>
      </Vector3>
      <Vector3>
        <X>-2393.11255</X>
        <Y>-246.43103</Y>
        <Z>13.9677067</Z>
      </Vector3>
      <Vector3>
        <X>-2388.61</X>
        <Y>-248.93396</Y>
        <Z>15.2917128</Z>
      </Vector3>
      <Vector3>
        <X>-2394.06177</X>
        <Y>-248.174271</Y>
        <Z>15.5014191</Z>
      </Vector3>
      <Vector3>
        <X>-2393.05225</X>
        <Y>-246.400238</Y>
        <Z>15.4220314</Z>
      </Vector3>
    </Bounds>
    <CenterCamPosition>
      <X>0</X>
      <Y>0</Y>
    </CenterCamPosition>
    <ScreenBounds />
    <DistanceToCam>0</DistanceToCam>
    <Speed>8.939163</Speed>
    <AccInput>0</AccInput>
    <RPM>1.35798967</RPM>
    <Gear>0</Gear>
    <SteeringAngle>4.463976E-41</SteeringAngle>
    <WheelSpeed>0</WheelSpeed>
    <CarType>Sports</CarType>
  </MyCar>
  <Peds />
  <Time>273686</Time>
  <LastFrameTime>0.0324415937</LastFrameTime>
  <MyProperty>0</MyProperty>
  <Weather>Foggy</Weather>
  <Steering>127</Steering>
  <Acc>139</Acc>
  <Brake>127</Brake>
  <DayTime>15:16:13</DayTime>
  <Position>
    <X>-2392.11963</X>
    <Y>-248.100479</Y>
    <Z>15.5919991</Z>
  </Position>
  <Rotation>
    <X>0.9622802</X>
    <Y>2.72982073</Y>
    <Z>60.3984566</Z>
  </Rotation>
</Screenshot>