<?xml version="1.0" encoding="utf-8"?>
<Screenshot xmlns:xsd="http://www.w3.org/2001/XMLSchema" xmlns:xsi="http://www.w3.org/2001/XMLSchema-instance">
  <Cars />
  <MyCar>
    <Position>
      <X>-2391.115</X>
      <Y>-248.713989</Y>
      <Z>14.6623964</Z>
    </Position>
    <Rotation>
      <X>1.46118855</X>
      <Y>2.23020554</Y>
      <Z>60.3526344</Z>
    </Rotation>
    <Handle>104962</Handle>
    <Bounds>
      <Vector3>
        <X>-2389.429</X>
        <Y>-250.883331</Y>
        <Z>13.9098024</Z>
      </Vector3>
      <Vector3>
        <X>-2388.41919</X>
        <Y>-249.109375</Y>
        <Z>13.8303108</Z>
      </Vector3>
      <Vector3>
        <X>-2393.87085</X>
        <Y>-248.349258</Y>
        <Z>14.0401506</Z>
      </Vector3>
      <Vector3>
        <X>-2389.36865</X>
        <Y>-250.852478</Y>
        <Z>15.3641243</Z>
      </Vector3>
      <Vector3>
        <X>-2392.861</X>
        <Y>-246.5753</Y>
        <Z>13.9606581</Z>
      </Vector3>
      <Vector3>
        <X>-2388.359</X>
        <Y>-249.0785</Y>
        <Z>15.2846317</Z>
      </Vector3>
      <Vector3>
        <X>-2393.81055</X>
        <Y>-248.31839</Y>
        <Z>15.4944715</Z>
      </Vector3>
      <Vector3>
        <X>-2392.801</X>
        <Y>-246.544434</Y>
        <Z>15.41498</Z>
      </Vector3>
    </Bounds>
    <CenterCamPosition>
      <X>0</X>
      <Y>0</Y>
    </CenterCamPosition>
    <ScreenBounds />
    <DistanceToCam>0</DistanceToCam>
    <Speed>8.922805</Speed>
    <AccInput>0</AccInput>
    <RPM>1.35798967</RPM>
    <Gear>0</Gear>
    <SteeringAngle>4.463976E-41</SteeringAngle>
    <WheelSpeed>0</WheelSpeed>
    <CarType>Sports</CarType>
  </MyCar>
  <Peds />
  <Time>273654</Time>
  <LastFrameTime>0.033763174</LastFrameTime>
  <MyProperty>0</MyProperty>
  <Weather>Foggy</Weather>
  <Steering>127</Steering>
  <Acc>139</Acc>
  <Brake>127</Brake>
  <DayTime>15:16:13</DayTime>
  <Position>
    <X>-2391.85864</X>
    <Y>-248.250244</Y>
    <Z>15.5847425</Z>
  </Position>
  <Rotation>
    <X>0.964252353</X>
    <Y>2.731728</Y>
    <Z>60.39053</Z>
  </Rotation>
</Screenshot>