<?xml version="1.0" encoding="utf-8"?>
<Screenshot xmlns:xsd="http://www.w3.org/2001/XMLSchema" xmlns:xsi="http://www.w3.org/2001/XMLSchema-instance">
  <Cars />
  <MyCar>
    <Position>
      <X>-2390.854</X>
      <Y>-248.8639</Y>
      <Z>14.6551008</Z>
    </Position>
    <Rotation>
      <X>1.46315658</X>
      <Y>2.23211455</Y>
      <Z>60.344574</Z>
    </Rotation>
    <Handle>104962</Handle>
    <Bounds>
      <Vector3>
        <X>-2389.16821</X>
        <Y>-251.0335</Y>
        <Z>13.9024544</Z>
      </Vector3>
      <Vector3>
        <X>-2388.15845</X>
        <Y>-249.259674</Y>
        <Z>13.8228951</Z>
      </Vector3>
      <Vector3>
        <X>-2393.60986</X>
        <Y>-248.4988</Y>
        <Z>14.0329781</Z>
      </Vector3>
      <Vector3>
        <X>-2389.108</X>
        <Y>-251.002625</Y>
        <Z>15.3567724</Z>
      </Vector3>
      <Vector3>
        <X>-2392.59985</X>
        <Y>-246.724976</Y>
        <Z>13.9534187</Z>
      </Vector3>
      <Vector3>
        <X>-2388.098</X>
        <Y>-249.2288</Y>
        <Z>15.2772131</Z>
      </Vector3>
      <Vector3>
        <X>-2393.54956</X>
        <Y>-248.467926</Y>
        <Z>15.4872961</Z>
      </Vector3>
      <Vector3>
        <X>-2392.53955</X>
        <Y>-246.6941</Y>
        <Z>15.4077368</Z>
      </Vector3>
    </Bounds>
    <CenterCamPosition>
      <X>0</X>
      <Y>0</Y>
    </CenterCamPosition>
    <ScreenBounds />
    <DistanceToCam>0</DistanceToCam>
    <Speed>8.905732</Speed>
    <AccInput>0</AccInput>
    <RPM>1.35798967</RPM>
    <Gear>0</Gear>
    <SteeringAngle>4.463976E-41</SteeringAngle>
    <WheelSpeed>0</WheelSpeed>
    <CarType>Sports</CarType>
  </MyCar>
  <Peds />
  <Time>273620</Time>
  <LastFrameTime>0.0191528536</LastFrameTime>
  <MyProperty>0</MyProperty>
  <Weather>Foggy</Weather>
  <Steering>127</Steering>
  <Acc>139</Acc>
  <Brake>127</Brake>
  <DayTime>15:16:13</DayTime>
  <Position>
    <X>-2391.71045</X>
    <Y>-248.334991</Y>
    <Z>15.58062</Z>
  </Position>
  <Rotation>
    <X>0.96526885</X>
    <Y>2.7321794</Y>
    <Z>60.38356</Z>
  </Rotation>
</Screenshot>