<?xml version="1.0" encoding="utf-8"?>
<Screenshot xmlns:xsd="http://www.w3.org/2001/XMLSchema" xmlns:xsi="http://www.w3.org/2001/XMLSchema-instance">
  <Cars />
  <MyCar>
    <Position>
      <X>-2390.706</X>
      <Y>-248.948776</Y>
      <Z>14.6509571</Z>
    </Position>
    <Rotation>
      <X>1.46417153</X>
      <Y>2.232567</Y>
      <Z>60.3375473</Z>
    </Rotation>
    <Handle>104962</Handle>
    <Bounds>
      <Vector3>
        <X>-2389.02075</X>
        <Y>-251.118576</Y>
        <Z>13.8982744</Z>
      </Vector3>
      <Vector3>
        <X>-2388.0105</X>
        <Y>-249.344879</Y>
        <Z>13.8186979</Z>
      </Vector3>
      <Vector3>
        <X>-2393.462</X>
        <Y>-248.583313</Y>
        <Z>14.0288887</Z>
      </Vector3>
      <Vector3>
        <X>-2388.96021</X>
        <Y>-251.0877</Y>
        <Z>15.3525915</Z>
      </Vector3>
      <Vector3>
        <X>-2392.45166</X>
        <Y>-246.809631</Y>
        <Z>13.9493122</Z>
      </Vector3>
      <Vector3>
        <X>-2387.9502</X>
        <Y>-249.314026</Y>
        <Z>15.273015</Z>
      </Vector3>
      <Vector3>
        <X>-2393.40161</X>
        <Y>-248.55246</Y>
        <Z>15.4832058</Z>
      </Vector3>
      <Vector3>
        <X>-2392.39136</X>
        <Y>-246.778763</Y>
        <Z>15.4036293</Z>
      </Vector3>
    </Bounds>
    <CenterCamPosition>
      <X>0</X>
      <Y>0</Y>
    </CenterCamPosition>
    <ScreenBounds />
    <DistanceToCam>0</DistanceToCam>
    <Speed>8.896083</Speed>
    <AccInput>0</AccInput>
    <RPM>1.35798967</RPM>
    <Gear>0</Gear>
    <SteeringAngle>4.463976E-41</SteeringAngle>
    <WheelSpeed>0</WheelSpeed>
    <CarType>Sports</CarType>
  </MyCar>
  <Peds />
  <Time>273601</Time>
  <LastFrameTime>0.04658553</LastFrameTime>
  <MyProperty>0</MyProperty>
  <Weather>Foggy</Weather>
  <Steering>127</Steering>
  <Acc>139</Acc>
  <Brake>127</Brake>
  <DayTime>15:16:13</DayTime>
  <Position>
    <X>-2391.351</X>
    <Y>-248.5407</Y>
    <Z>15.5706615</Z>
  </Position>
  <Rotation>
    <X>0.968268931</X>
    <Y>2.73781824</Y>
    <Z>60.3636169</Z>
  </Rotation>
</Screenshot>