<?xml version="1.0" encoding="utf-8"?>
<Screenshot xmlns:xsd="http://www.w3.org/2001/XMLSchema" xmlns:xsi="http://www.w3.org/2001/XMLSchema-instance">
  <Cars />
  <MyCar>
    <Position>
      <X>-2391.99927</X>
      <Y>-248.20575</Y>
      <Z>14.6871176</Z>
    </Position>
    <Rotation>
      <X>1.45750916</X>
      <Y>2.22300148</Y>
      <Z>60.3593</Z>
    </Rotation>
    <Handle>104962</Handle>
    <Bounds>
      <Vector3>
        <X>-2390.313</X>
        <Y>-250.374832</Y>
        <Z>13.9345541</Z>
      </Vector3>
      <Vector3>
        <X>-2389.30347</X>
        <Y>-248.600739</Y>
        <Z>13.855319</Z>
      </Vector3>
      <Vector3>
        <X>-2394.75513</X>
        <Y>-247.8413</Y>
        <Z>14.0645742</Z>
      </Vector3>
      <Vector3>
        <X>-2390.25269</X>
        <Y>-250.34407</Y>
        <Z>15.3888855</Z>
      </Vector3>
      <Vector3>
        <X>-2393.74561</X>
        <Y>-246.067215</Y>
        <Z>13.9853392</Z>
      </Vector3>
      <Vector3>
        <X>-2389.24316</X>
        <Y>-248.569992</Y>
        <Z>15.30965</Z>
      </Vector3>
      <Vector3>
        <X>-2394.695</X>
        <Y>-247.810547</Y>
        <Z>15.5189056</Z>
      </Vector3>
      <Vector3>
        <X>-2393.68555</X>
        <Y>-246.036453</Y>
        <Z>15.4396706</Z>
      </Vector3>
    </Bounds>
    <CenterCamPosition>
      <X>0</X>
      <Y>0</Y>
    </CenterCamPosition>
    <ScreenBounds />
    <DistanceToCam>0</DistanceToCam>
    <Speed>8.980139</Speed>
    <AccInput>0</AccInput>
    <RPM>1.35798967</RPM>
    <Gear>0</Gear>
    <SteeringAngle>4.463976E-41</SteeringAngle>
    <WheelSpeed>0</WheelSpeed>
    <CarType>Sports</CarType>
  </MyCar>
  <Peds />
  <Time>273768</Time>
  <LastFrameTime>0.04562452</LastFrameTime>
  <MyProperty>0</MyProperty>
  <Weather>Foggy</Weather>
  <Steering>127</Steering>
  <Acc>139</Acc>
  <Brake>127</Brake>
  <DayTime>15:16:13</DayTime>
  <Position>
    <X>-2392.64941</X>
    <Y>-247.7964</Y>
    <Z>15.6067657</Z>
  </Position>
  <Rotation>
    <X>0.9603372</X>
    <Y>2.72480583</Y>
    <Z>60.4053574</Z>
  </Rotation>
</Screenshot>