<?xml version="1.0" encoding="utf-8"?>
<Screenshot xmlns:xsd="http://www.w3.org/2001/XMLSchema" xmlns:xsi="http://www.w3.org/2001/XMLSchema-instance">
  <Cars />
  <MyCar>
    <Position>
      <X>-2392.173</X>
      <Y>-248.1059</Y>
      <Z>14.6919718</Z>
    </Position>
    <Rotation>
      <X>1.456754</X>
      <Y>2.22159076</Y>
      <Z>60.3576279</Z>
    </Rotation>
    <Handle>104962</Handle>
    <Bounds>
      <Vector3>
        <X>-2390.48682</X>
        <Y>-250.275009</Y>
        <Z>13.9394159</Z>
      </Vector3>
      <Vector3>
        <X>-2389.47729</X>
        <Y>-248.500961</Y>
        <Z>13.8602314</Z>
      </Vector3>
      <Vector3>
        <X>-2394.929</X>
        <Y>-247.741348</Y>
        <Z>14.0693693</Z>
      </Vector3>
      <Vector3>
        <X>-2390.42676</X>
        <Y>-250.244278</Y>
        <Z>15.3937492</Z>
      </Vector3>
      <Vector3>
        <X>-2393.91943</X>
        <Y>-245.9673</Y>
        <Z>13.9901838</Z>
      </Vector3>
      <Vector3>
        <X>-2389.41724</X>
        <Y>-248.47023</Y>
        <Z>15.3145638</Z>
      </Vector3>
      <Vector3>
        <X>-2394.869</X>
        <Y>-247.710617</Y>
        <Z>15.5237017</Z>
      </Vector3>
      <Vector3>
        <X>-2393.85938</X>
        <Y>-245.936569</Y>
        <Z>15.4445171</Z>
      </Vector3>
    </Bounds>
    <CenterCamPosition>
      <X>0</X>
      <Y>0</Y>
    </CenterCamPosition>
    <ScreenBounds />
    <DistanceToCam>0</DistanceToCam>
    <Speed>8.991321</Speed>
    <AccInput>0</AccInput>
    <RPM>1.35798967</RPM>
    <Gear>0</Gear>
    <SteeringAngle>4.463976E-41</SteeringAngle>
    <WheelSpeed>0</WheelSpeed>
    <CarType>Sports</CarType>
  </MyCar>
  <Peds />
  <Time>273790</Time>
  <LastFrameTime>0.02229064</LastFrameTime>
  <MyProperty>0</MyProperty>
  <Weather>Foggy</Weather>
  <Steering>127</Steering>
  <Acc>139</Acc>
  <Brake>127</Brake>
  <DayTime>15:16:13</DayTime>
  <Position>
    <X>-2393.00415</X>
    <Y>-247.592438</Y>
    <Z>15.6166487</Z>
  </Position>
  <Rotation>
    <X>0.9585913</X>
    <Y>2.72262073</Y>
    <Z>60.40483</Z>
  </Rotation>
</Screenshot>