<?xml version="1.0" encoding="utf-8"?>
<Screenshot xmlns:xsd="http://www.w3.org/2001/XMLSchema" xmlns:xsi="http://www.w3.org/2001/XMLSchema-instance">
  <Cars />
  <MyCar>
    <Position>
      <X>-2391.64453</X>
      <Y>-248.409729</Y>
      <Z>14.6772</Z>
    </Position>
    <Rotation>
      <X>1.45925128</X>
      <Y>2.22518873</Y>
      <Z>60.3597031</Z>
    </Rotation>
    <Handle>104962</Handle>
    <Bounds>
      <Vector3>
        <X>-2389.95825</X>
        <Y>-250.578812</Y>
        <Z>13.9246</Z>
      </Vector3>
      <Vector3>
        <X>-2388.94873</X>
        <Y>-248.804718</Y>
        <Z>13.8452873</Z>
      </Vector3>
      <Vector3>
        <X>-2394.40039</X>
        <Y>-248.0453</Y>
        <Z>14.0547752</Z>
      </Vector3>
      <Vector3>
        <X>-2389.898</X>
        <Y>-250.548035</Y>
        <Z>15.3789272</Z>
      </Vector3>
      <Vector3>
        <X>-2393.39087</X>
        <Y>-246.27121</Y>
        <Z>13.9754629</Z>
      </Vector3>
      <Vector3>
        <X>-2388.88843</X>
        <Y>-248.773941</Y>
        <Z>15.2996149</Z>
      </Vector3>
      <Vector3>
        <X>-2394.34033</X>
        <Y>-248.014526</Y>
        <Z>15.5091038</Z>
      </Vector3>
      <Vector3>
        <X>-2393.33081</X>
        <Y>-246.240433</Y>
        <Z>15.4297905</Z>
      </Vector3>
    </Bounds>
    <CenterCamPosition>
      <X>0</X>
      <Y>0</Y>
    </CenterCamPosition>
    <ScreenBounds />
    <DistanceToCam>0</DistanceToCam>
    <Speed>8.957211</Speed>
    <AccInput>0</AccInput>
    <RPM>1.35798967</RPM>
    <Gear>0</Gear>
    <SteeringAngle>4.463976E-41</SteeringAngle>
    <WheelSpeed>0</WheelSpeed>
    <CarType>Sports</CarType>
  </MyCar>
  <Peds />
  <Time>273722</Time>
  <LastFrameTime>0.0358589627</LastFrameTime>
  <MyProperty>0</MyProperty>
  <Weather>Foggy</Weather>
  <Steering>127</Steering>
  <Acc>139</Acc>
  <Brake>127</Brake>
  <DayTime>15:16:13</DayTime>
  <Position>
    <X>-2392.371</X>
    <Y>-247.956223</Y>
    <Z>15.5990067</Z>
  </Position>
  <Rotation>
    <X>0.9619463</X>
    <Y>2.72690153</Y>
    <Z>60.40272</Z>
  </Rotation>
</Screenshot>