<?xml version="1.0" encoding="utf-8"?>
<Screenshot xmlns:xsd="http://www.w3.org/2001/XMLSchema" xmlns:xsi="http://www.w3.org/2001/XMLSchema-instance">
  <Cars />
  <MyCar>
    <Position>
      <X>-2392.40356</X>
      <Y>-247.9732</Y>
      <Z>14.6984415</Z>
    </Position>
    <Rotation>
      <X>1.45222127</X>
      <Y>2.223546</Y>
      <Z>60.3546371</Z>
    </Rotation>
    <Handle>104962</Handle>
    <Bounds>
      <Vector3>
        <X>-2390.71729</X>
        <Y>-250.142456</Y>
        <Z>13.9461222</Z>
      </Vector3>
      <Vector3>
        <X>-2389.70776</X>
        <Y>-248.368454</Y>
        <Z>13.866868</Z>
      </Vector3>
      <Vector3>
        <X>-2395.15942</X>
        <Y>-247.608566</Y>
        <Z>14.0756712</Z>
      </Vector3>
      <Vector3>
        <X>-2390.65723</X>
        <Y>-250.111633</Y>
        <Z>15.4004564</Z>
      </Vector3>
      <Vector3>
        <X>-2394.14966</X>
        <Y>-245.834564</Y>
        <Z>13.9964161</Z>
      </Vector3>
      <Vector3>
        <X>-2389.64771</X>
        <Y>-248.337631</Y>
        <Z>15.3212013</Z>
      </Vector3>
      <Vector3>
        <X>-2395.09937</X>
        <Y>-247.577744</Y>
        <Z>15.5300045</Z>
      </Vector3>
      <Vector3>
        <X>-2394.08984</X>
        <Y>-245.803741</Y>
        <Z>15.45075</Z>
      </Vector3>
    </Bounds>
    <CenterCamPosition>
      <X>0</X>
      <Y>0</Y>
    </CenterCamPosition>
    <ScreenBounds />
    <DistanceToCam>0</DistanceToCam>
    <Speed>9.0067</Speed>
    <AccInput>0</AccInput>
    <RPM>1.35798967</RPM>
    <Gear>0</Gear>
    <SteeringAngle>4.463976E-41</SteeringAngle>
    <WheelSpeed>0</WheelSpeed>
    <CarType>Sports</CarType>
  </MyCar>
  <Peds />
  <Time>273820</Time>
  <LastFrameTime>0.0295560826</LastFrameTime>
  <MyProperty>0</MyProperty>
  <Weather>Foggy</Weather>
  <Steering>127</Steering>
  <Acc>139</Acc>
  <Brake>127</Brake>
  <DayTime>15:16:13</DayTime>
  <Position>
    <X>-2393.178</X>
    <Y>-247.492569</Y>
    <Z>15.6214886</Z>
  </Position>
  <Rotation>
    <X>0.957834065</X>
    <Y>2.72121072</Y>
    <Z>60.40311</Z>
  </Rotation>
</Screenshot>