<?xml version="1.0" encoding="utf-8"?>
<Screenshot xmlns:xsd="http://www.w3.org/2001/XMLSchema" xmlns:xsi="http://www.w3.org/2001/XMLSchema-instance">
  <Cars />
  <MyCar>
    <Position>
      <X>-2392.95752</X>
      <Y>-247.6542</Y>
      <Z>14.713892</Z>
    </Position>
    <Rotation>
      <X>1.45086908</X>
      <Y>2.22004533</Y>
      <Z>60.33997</Z>
    </Rotation>
    <Handle>104962</Handle>
    <Bounds>
      <Vector3>
        <X>-2391.27173</X>
        <Y>-249.823853</Y>
        <Z>13.9615688</Z>
      </Vector3>
      <Vector3>
        <X>-2390.26172</X>
        <Y>-248.05011</Y>
        <Z>13.8824387</Z>
      </Vector3>
      <Vector3>
        <X>-2395.71313</X>
        <Y>-247.288849</Y>
        <Z>14.0909967</Z>
      </Vector3>
      <Vector3>
        <X>-2391.212</X>
        <Y>-249.7931</Y>
        <Z>15.4159069</Z>
      </Vector3>
      <Vector3>
        <X>-2394.70313</X>
        <Y>-245.515091</Y>
        <Z>14.0118666</Z>
      </Vector3>
      <Vector3>
        <X>-2390.20166</X>
        <Y>-248.019363</Y>
        <Z>15.3367767</Z>
      </Vector3>
      <Vector3>
        <X>-2395.65332</X>
        <Y>-247.258087</Y>
        <Z>15.5453348</Z>
      </Vector3>
      <Vector3>
        <X>-2394.643</X>
        <Y>-245.484344</Y>
        <Z>15.4662056</Z>
      </Vector3>
    </Bounds>
    <CenterCamPosition>
      <X>0</X>
      <Y>0</Y>
    </CenterCamPosition>
    <ScreenBounds />
    <DistanceToCam>0</DistanceToCam>
    <Speed>9.043711</Speed>
    <AccInput>0</AccInput>
    <RPM>1.35798967</RPM>
    <Gear>0</Gear>
    <SteeringAngle>4.463976E-41</SteeringAngle>
    <WheelSpeed>0</WheelSpeed>
    <CarType>Sports</CarType>
  </MyCar>
  <Peds />
  <Time>273890</Time>
  <LastFrameTime>0.0227439925</LastFrameTime>
  <MyProperty>0</MyProperty>
  <Weather>Foggy</Weather>
  <Steering>127</Steering>
  <Acc>139</Acc>
  <Brake>127</Brake>
  <DayTime>15:16:13</DayTime>
  <Position>
    <X>-2393.78418</X>
    <Y>-247.143234</Y>
    <Z>15.6383429</Z>
  </Position>
  <Rotation>
    <X>0.953105152</X>
    <Y>2.71968865</Y>
    <Z>60.3905144</Z>
  </Rotation>
</Screenshot>