<?xml version="1.0" encoding="utf-8"?>
<Screenshot xmlns:xsd="http://www.w3.org/2001/XMLSchema" xmlns:xsi="http://www.w3.org/2001/XMLSchema-instance">
  <Cars />
  <MyCar>
    <Position>
      <X>-2392.7793</X>
      <Y>-247.75679</Y>
      <Z>14.7089224</Z>
    </Position>
    <Rotation>
      <X>1.45203149</X>
      <Y>2.2200644</Y>
      <Z>60.34529</Z>
    </Rotation>
    <Handle>104962</Handle>
    <Bounds>
      <Vector3>
        <X>-2391.09326</X>
        <Y>-249.926285</Y>
        <Z>13.9565477</Z>
      </Vector3>
      <Vector3>
        <X>-2390.0835</X>
        <Y>-248.152435</Y>
        <Z>13.8774176</Z>
      </Vector3>
      <Vector3>
        <X>-2395.535</X>
        <Y>-247.391678</Y>
        <Z>14.08608</Z>
      </Vector3>
      <Vector3>
        <X>-2391.03345</X>
        <Y>-249.895538</Y>
        <Z>15.4108849</Z>
      </Vector3>
      <Vector3>
        <X>-2394.52515</X>
        <Y>-245.617828</Y>
        <Z>14.0069494</Z>
      </Vector3>
      <Vector3>
        <X>-2390.02344</X>
        <Y>-248.121689</Y>
        <Z>15.3317547</Z>
      </Vector3>
      <Vector3>
        <X>-2395.475</X>
        <Y>-247.360931</Y>
        <Z>15.5404177</Z>
      </Vector3>
      <Vector3>
        <X>-2394.465</X>
        <Y>-245.587082</Y>
        <Z>15.4612865</Z>
      </Vector3>
    </Bounds>
    <CenterCamPosition>
      <X>0</X>
      <Y>0</Y>
    </CenterCamPosition>
    <ScreenBounds />
    <DistanceToCam>0</DistanceToCam>
    <Speed>9.03189</Speed>
    <AccInput>0</AccInput>
    <RPM>1.35798967</RPM>
    <Gear>0</Gear>
    <SteeringAngle>4.463976E-41</SteeringAngle>
    <WheelSpeed>0</WheelSpeed>
    <CarType>Sports</CarType>
  </MyCar>
  <Peds />
  <Time>273868</Time>
  <LastFrameTime>0.04806816</LastFrameTime>
  <MyProperty>0</MyProperty>
  <Weather>Foggy</Weather>
  <Steering>127</Steering>
  <Acc>139</Acc>
  <Brake>127</Brake>
  <DayTime>15:16:13</DayTime>
  <Position>
    <X>-2393.40845</X>
    <Y>-247.359756</Y>
    <Z>15.6278639</Z>
  </Position>
  <Rotation>
    <X>0.953297853</X>
    <Y>2.72316957</Y>
    <Z>60.3999329</Z>
  </Rotation>
</Screenshot>