<?xml version="1.0" encoding="utf-8"?>
<Screenshot xmlns:xsd="http://www.w3.org/2001/XMLSchema" xmlns:xsi="http://www.w3.org/2001/XMLSchema-instance">
  <Cars />
  <MyCar>
    <Position>
      <X>-2393.58569</X>
      <Y>-247.292374</Y>
      <Z>14.7315445</Z>
    </Position>
    <Rotation>
      <X>1.45720875</X>
      <Y>2.22074</Y>
      <Z>60.318634</Z>
    </Rotation>
    <Handle>104962</Handle>
    <Bounds>
      <Vector3>
        <X>-2391.901</X>
        <Y>-249.462631</Y>
        <Z>13.9789534</Z>
      </Vector3>
      <Vector3>
        <X>-2390.89014</X>
        <Y>-247.689255</Y>
        <Z>13.8997984</Z>
      </Vector3>
      <Vector3>
        <X>-2396.34131</X>
        <Y>-246.925949</Y>
        <Z>14.1089468</Z>
      </Vector3>
      <Vector3>
        <X>-2391.84082</X>
        <Y>-249.431961</Y>
        <Z>15.4332867</Z>
      </Vector3>
      <Vector3>
        <X>-2395.33057</X>
        <Y>-245.152573</Y>
        <Z>14.0297918</Z>
      </Vector3>
      <Vector3>
        <X>-2390.83</X>
        <Y>-247.658585</Y>
        <Z>15.3541317</Z>
      </Vector3>
      <Vector3>
        <X>-2396.28125</X>
        <Y>-246.895279</Y>
        <Z>15.56328</Z>
      </Vector3>
      <Vector3>
        <X>-2395.27051</X>
        <Y>-245.1219</Y>
        <Z>15.4841251</Z>
      </Vector3>
    </Bounds>
    <CenterCamPosition>
      <X>0</X>
      <Y>0</Y>
    </CenterCamPosition>
    <ScreenBounds />
    <DistanceToCam>0</DistanceToCam>
    <Speed>9.084731</Speed>
    <AccInput>0</AccInput>
    <RPM>1.35798967</RPM>
    <Gear>0</Gear>
    <SteeringAngle>4.463976E-41</SteeringAngle>
    <WheelSpeed>0</WheelSpeed>
    <CarType>Sports</CarType>
  </MyCar>
  <Peds />
  <Time>273970</Time>
  <LastFrameTime>0.01940544</LastFrameTime>
  <MyProperty>0</MyProperty>
  <Weather>Foggy</Weather>
  <Steering>127</Steering>
  <Acc>139</Acc>
  <Brake>127</Brake>
  <DayTime>15:16:13</DayTime>
  <Position>
    <X>-2394.4375</X>
    <Y>-246.766449</Y>
    <Z>15.6567526</Z>
  </Position>
  <Rotation>
    <X>0.9571738</X>
    <Y>2.71981764</Y>
    <Z>60.369442</Z>
  </Rotation>
</Screenshot>