<?xml version="1.0" encoding="utf-8"?>
<Screenshot xmlns:xsd="http://www.w3.org/2001/XMLSchema" xmlns:xsi="http://www.w3.org/2001/XMLSchema-instance">
  <Cars />
  <MyCar>
    <Position>
      <X>-2393.43286</X>
      <Y>-247.380356</Y>
      <Z>14.7272482</Z>
    </Position>
    <Rotation>
      <X>1.45609558</X>
      <Y>2.220197</Y>
      <Z>60.324028</Z>
    </Rotation>
    <Handle>104962</Handle>
    <Bounds>
      <Vector3>
        <X>-2391.7478</X>
        <Y>-249.550446</Y>
        <Z>13.9746962</Z>
      </Vector3>
      <Vector3>
        <X>-2390.7373</X>
        <Y>-247.776978</Y>
        <Z>13.8955612</Z>
      </Vector3>
      <Vector3>
        <X>-2396.18848</X>
        <Y>-247.014191</Y>
        <Z>14.10459</Z>
      </Vector3>
      <Vector3>
        <X>-2391.68774</X>
        <Y>-249.519775</Y>
        <Z>15.42903</Z>
      </Vector3>
      <Vector3>
        <X>-2395.178</X>
        <Y>-245.240723</Y>
        <Z>14.0254555</Z>
      </Vector3>
      <Vector3>
        <X>-2390.67725</X>
        <Y>-247.7463</Y>
        <Z>15.3498955</Z>
      </Vector3>
      <Vector3>
        <X>-2396.12842</X>
        <Y>-246.983521</Y>
        <Z>15.5589256</Z>
      </Vector3>
      <Vector3>
        <X>-2395.118</X>
        <Y>-245.210052</Y>
        <Z>15.47979</Z>
      </Vector3>
    </Bounds>
    <CenterCamPosition>
      <X>0</X>
      <Y>0</Y>
    </CenterCamPosition>
    <ScreenBounds />
    <DistanceToCam>0</DistanceToCam>
    <Speed>9.074835</Speed>
    <AccInput>0</AccInput>
    <RPM>1.35798967</RPM>
    <Gear>0</Gear>
    <SteeringAngle>4.463976E-41</SteeringAngle>
    <WheelSpeed>0</WheelSpeed>
    <CarType>Sports</CarType>
  </MyCar>
  <Peds />
  <Time>273951</Time>
  <LastFrameTime>0.0605116338</LastFrameTime>
  <MyProperty>0</MyProperty>
  <Weather>Foggy</Weather>
  <Steering>127</Steering>
  <Acc>139</Acc>
  <Brake>127</Brake>
  <DayTime>15:16:13</DayTime>
  <Position>
    <X>-2393.9624</X>
    <Y>-247.040543</Y>
    <Z>15.6432886</Z>
  </Position>
  <Rotation>
    <X>0.9519414</X>
    <Y>2.7196703</Y>
    <Z>60.38514</Z>
  </Rotation>
</Screenshot>