<?xml version="1.0" encoding="utf-8"?>
<Screenshot xmlns:xsd="http://www.w3.org/2001/XMLSchema" xmlns:xsi="http://www.w3.org/2001/XMLSchema-instance">
  <Cars />
  <MyCar>
    <Position>
      <X>-2394.115</X>
      <Y>-246.987244</Y>
      <Z>14.7464485</Z>
    </Position>
    <Rotation>
      <X>1.46210825</X>
      <Y>2.22601676</Y>
      <Z>60.307106</Z>
    </Rotation>
    <Handle>104962</Handle>
    <Bounds>
      <Vector3>
        <X>-2392.43066</X>
        <Y>-249.157867</Y>
        <Z>13.9937372</Z>
      </Vector3>
      <Vector3>
        <X>-2391.41943</X>
        <Y>-247.3847</Y>
        <Z>13.9143944</Z>
      </Vector3>
      <Vector3>
        <X>-2396.87061</X>
        <Y>-246.62027</Y>
        <Z>14.1241674</Z>
      </Vector3>
      <Vector3>
        <X>-2392.37036</X>
        <Y>-249.127167</Y>
        <Z>15.4480619</Z>
      </Vector3>
      <Vector3>
        <X>-2395.85938</X>
        <Y>-244.8471</Y>
        <Z>14.0448246</Z>
      </Vector3>
      <Vector3>
        <X>-2391.35938</X>
        <Y>-247.354</Y>
        <Z>15.3687191</Z>
      </Vector3>
      <Vector3>
        <X>-2396.8103</X>
        <Y>-246.589569</Y>
        <Z>15.5784922</Z>
      </Vector3>
      <Vector3>
        <X>-2395.79932</X>
        <Y>-244.8164</Y>
        <Z>15.4991493</Z>
      </Vector3>
    </Bounds>
    <CenterCamPosition>
      <X>0</X>
      <Y>0</Y>
    </CenterCamPosition>
    <ScreenBounds />
    <DistanceToCam>0</DistanceToCam>
    <Speed>9.118695</Speed>
    <AccInput>0</AccInput>
    <RPM>1.35798967</RPM>
    <Gear>0</Gear>
    <SteeringAngle>4.463976E-41</SteeringAngle>
    <WheelSpeed>0</WheelSpeed>
    <CarType>Sports</CarType>
  </MyCar>
  <Peds />
  <Time>274038</Time>
  <LastFrameTime>0.01963103</LastFrameTime>
  <MyProperty>0</MyProperty>
  <Weather>Foggy</Weather>
  <Steering>126</Steering>
  <Acc>139</Acc>
  <Brake>127</Brake>
  <DayTime>15:16:13</DayTime>
  <Position>
    <X>-2394.96436</X>
    <Y>-246.462372</Y>
    <Z>15.67167</Z>
  </Position>
  <Rotation>
    <X>0.9614735</X>
    <Y>2.724885</Y>
    <Z>60.3555374</Z>
  </Rotation>
</Screenshot>