<?xml version="1.0" encoding="utf-8"?>
<Screenshot xmlns:xsd="http://www.w3.org/2001/XMLSchema" xmlns:xsi="http://www.w3.org/2001/XMLSchema-instance">
  <Cars />
  <MyCar>
    <Position>
      <X>-2393.96</X>
      <Y>-247.076569</Y>
      <Z>14.7420807</Z>
    </Position>
    <Rotation>
      <X>1.46038616</X>
      <Y>2.22526836</Y>
      <Z>60.30983</Z>
    </Rotation>
    <Handle>104962</Handle>
    <Bounds>
      <Vector3>
        <X>-2392.27539</X>
        <Y>-249.247116</Y>
        <Z>13.9894314</Z>
      </Vector3>
      <Vector3>
        <X>-2391.2644</X>
        <Y>-247.4739</Y>
        <Z>13.9101152</Z>
      </Vector3>
      <Vector3>
        <X>-2396.71558</X>
        <Y>-246.709732</Y>
        <Z>14.1197081</Z>
      </Vector3>
      <Vector3>
        <X>-2392.21533</X>
        <Y>-249.2164</Y>
        <Z>15.443758</Z>
      </Vector3>
      <Vector3>
        <X>-2395.70459</X>
        <Y>-244.936523</Y>
        <Z>14.0403929</Z>
      </Vector3>
      <Vector3>
        <X>-2391.20435</X>
        <Y>-247.443192</Y>
        <Z>15.3644428</Z>
      </Vector3>
      <Vector3>
        <X>-2396.65527</X>
        <Y>-246.679016</Y>
        <Z>15.5740356</Z>
      </Vector3>
      <Vector3>
        <X>-2395.64429</X>
        <Y>-244.9058</Y>
        <Z>15.4947195</Z>
      </Vector3>
    </Bounds>
    <CenterCamPosition>
      <X>0</X>
      <Y>0</Y>
    </CenterCamPosition>
    <ScreenBounds />
    <DistanceToCam>0</DistanceToCam>
    <Speed>9.108792</Speed>
    <AccInput>0</AccInput>
    <RPM>1.35798967</RPM>
    <Gear>0</Gear>
    <SteeringAngle>4.463976E-41</SteeringAngle>
    <WheelSpeed>0</WheelSpeed>
    <CarType>Sports</CarType>
  </MyCar>
  <Peds />
  <Time>274018</Time>
  <LastFrameTime>0.04749534</LastFrameTime>
  <MyProperty>0</MyProperty>
  <Weather>Foggy</Weather>
  <Steering>126</Steering>
  <Acc>139</Acc>
  <Brake>127</Brake>
  <DayTime>15:16:13</DayTime>
  <Position>
    <X>-2394.59</X>
    <Y>-246.678375</Y>
    <Z>15.6610708</Z>
  </Position>
  <Rotation>
    <X>0.9582887</X>
    <Y>2.72036052</Y>
    <Z>60.3641167</Z>
  </Rotation>
</Screenshot>