<?xml version="1.0" encoding="utf-8"?>
<Screenshot xmlns:xsd="http://www.w3.org/2001/XMLSchema" xmlns:xsi="http://www.w3.org/2001/XMLSchema-instance">
  <Cars />
  <MyCar>
    <Position>
      <X>-2394.48779</X>
      <Y>-246.772736</Y>
      <Z>14.756959</Z>
    </Position>
    <Rotation>
      <X>1.467763</X>
      <Y>2.22883153</Y>
      <Z>60.309742</Z>
    </Rotation>
    <Handle>104962</Handle>
    <Bounds>
      <Vector3>
        <X>-2392.80347</X>
        <Y>-248.943283</Y>
        <Z>14.0040483</Z>
      </Vector3>
      <Vector3>
        <X>-2391.79248</X>
        <Y>-247.170074</Y>
        <Z>13.9246054</Z>
      </Vector3>
      <Vector3>
        <X>-2397.24341</X>
        <Y>-246.405884</Y>
        <Z>14.1349831</Z>
      </Vector3>
      <Vector3>
        <X>-2392.743</X>
        <Y>-248.912582</Y>
        <Z>15.4583673</Z>
      </Vector3>
      <Vector3>
        <X>-2396.23242</X>
        <Y>-244.632675</Y>
        <Z>14.05554</Z>
      </Vector3>
      <Vector3>
        <X>-2391.732</X>
        <Y>-247.139374</Y>
        <Z>15.3789244</Z>
      </Vector3>
      <Vector3>
        <X>-2397.183</X>
        <Y>-246.375183</Y>
        <Z>15.5893021</Z>
      </Vector3>
      <Vector3>
        <X>-2396.172</X>
        <Y>-244.601974</Y>
        <Z>15.5098591</Z>
      </Vector3>
    </Bounds>
    <CenterCamPosition>
      <X>0</X>
      <Y>0</Y>
    </CenterCamPosition>
    <ScreenBounds />
    <DistanceToCam>0</DistanceToCam>
    <Speed>9.14228249</Speed>
    <AccInput>0</AccInput>
    <RPM>1.35798967</RPM>
    <Gear>0</Gear>
    <SteeringAngle>4.463976E-41</SteeringAngle>
    <WheelSpeed>0</WheelSpeed>
    <CarType>Sports</CarType>
  </MyCar>
  <Peds />
  <Time>274085</Time>
  <LastFrameTime>0.0470900834</LastFrameTime>
  <MyProperty>0</MyProperty>
  <Weather>Foggy</Weather>
  <Steering>124</Steering>
  <Acc>139</Acc>
  <Brake>127</Brake>
  <DayTime>15:16:13</DayTime>
  <Position>
    <X>-2395.11914</X>
    <Y>-246.373</Y>
    <Z>15.6760721</Z>
  </Position>
  <Rotation>
    <X>0.9631978</X>
    <Y>2.72563148</Y>
    <Z>60.3529129</Z>
  </Rotation>
</Screenshot>