<?xml version="1.0" encoding="utf-8"?>
<Screenshot xmlns:xsd="http://www.w3.org/2001/XMLSchema" xmlns:xsi="http://www.w3.org/2001/XMLSchema-instance">
  <Cars />
  <MyCar>
    <Position>
      <X>-2394.63721</X>
      <Y>-246.6869</Y>
      <Z>14.76117</Z>
    </Position>
    <Rotation>
      <X>1.46967363</X>
      <Y>2.22953653</Y>
      <Z>60.31333</Z>
    </Rotation>
    <Handle>104962</Handle>
    <Bounds>
      <Vector3>
        <X>-2392.95264</X>
        <Y>-248.857346</Y>
        <Z>14.0081882</Z>
      </Vector3>
      <Vector3>
        <X>-2391.942</X>
        <Y>-247.084076</Y>
        <Z>13.92872</Z>
      </Vector3>
      <Vector3>
        <X>-2397.39282</X>
        <Y>-246.320221</Y>
        <Z>14.1392937</Z>
      </Vector3>
      <Vector3>
        <X>-2392.89233</X>
        <Y>-248.826645</Y>
        <Z>15.4625053</Z>
      </Vector3>
      <Vector3>
        <X>-2396.382</X>
        <Y>-244.546951</Y>
        <Z>14.0598249</Z>
      </Vector3>
      <Vector3>
        <X>-2391.88135</X>
        <Y>-247.053391</Y>
        <Z>15.3830376</Z>
      </Vector3>
      <Vector3>
        <X>-2397.33252</X>
        <Y>-246.28952</Y>
        <Z>15.59361</Z>
      </Vector3>
      <Vector3>
        <X>-2396.32153</X>
        <Y>-244.516251</Y>
        <Z>15.514142</Z>
      </Vector3>
    </Bounds>
    <CenterCamPosition>
      <X>0</X>
      <Y>0</Y>
    </CenterCamPosition>
    <ScreenBounds />
    <DistanceToCam>0</DistanceToCam>
    <Speed>9.15167</Speed>
    <AccInput>0</AccInput>
    <RPM>1.35798967</RPM>
    <Gear>0</Gear>
    <SteeringAngle>4.463976E-41</SteeringAngle>
    <WheelSpeed>0</WheelSpeed>
    <CarType>Sports</CarType>
  </MyCar>
  <Peds />
  <Time>274103</Time>
  <LastFrameTime>0.0188282747</LastFrameTime>
  <MyProperty>0</MyProperty>
  <Weather>Foggy</Weather>
  <Steering>124</Steering>
  <Acc>139</Acc>
  <Brake>127</Brake>
  <DayTime>15:16:13</DayTime>
  <Position>
    <X>-2395.492</X>
    <Y>-246.158539</Y>
    <Z>15.686697</Z>
  </Position>
  <Rotation>
    <X>0.968861341</X>
    <Y>2.72844172</Y>
    <Z>60.3558655</Z>
  </Rotation>
</Screenshot>