<?xml version="1.0" encoding="utf-8"?>
<Screenshot xmlns:xsd="http://www.w3.org/2001/XMLSchema" xmlns:xsi="http://www.w3.org/2001/XMLSchema-instance">
  <Cars />
  <MyCar>
    <Position>
      <X>-2395.164</X>
      <Y>-246.384857</Y>
      <Z>14.7760324</Z>
    </Position>
    <Rotation>
      <X>1.479312</X>
      <Y>2.23153663</Y>
      <Z>60.343708</Z>
    </Rotation>
    <Handle>104962</Handle>
    <Bounds>
      <Vector3>
        <X>-2393.47852</X>
        <Y>-248.554382</Y>
        <Z>14.02266</Z>
      </Vector3>
      <Vector3>
        <X>-2392.46875</X>
        <Y>-246.780579</Y>
        <Z>13.943121</Z>
      </Vector3>
      <Vector3>
        <X>-2397.92017</X>
        <Y>-246.019577</Y>
        <Z>14.1546249</Z>
      </Vector3>
      <Vector3>
        <X>-2393.418</X>
        <Y>-248.523727</Y>
        <Z>15.4769688</Z>
      </Vector3>
      <Vector3>
        <X>-2396.91016</X>
        <Y>-244.245773</Y>
        <Z>14.0750856</Z>
      </Vector3>
      <Vector3>
        <X>-2392.408</X>
        <Y>-246.749924</Y>
        <Z>15.3974295</Z>
      </Vector3>
      <Vector3>
        <X>-2397.85938</X>
        <Y>-245.988922</Y>
        <Z>15.6089334</Z>
      </Vector3>
      <Vector3>
        <X>-2396.84937</X>
        <Y>-244.215118</Y>
        <Z>15.5293941</Z>
      </Vector3>
    </Bounds>
    <CenterCamPosition>
      <X>0</X>
      <Y>0</Y>
    </CenterCamPosition>
    <ScreenBounds />
    <DistanceToCam>0</DistanceToCam>
    <Speed>9.184493</Speed>
    <AccInput>0</AccInput>
    <RPM>1.35798967</RPM>
    <Gear>0</Gear>
    <SteeringAngle>4.463976E-41</SteeringAngle>
    <WheelSpeed>0</WheelSpeed>
    <CarType>Sports</CarType>
  </MyCar>
  <Peds />
  <Time>274170</Time>
  <LastFrameTime>0.01855707</LastFrameTime>
  <MyProperty>0</MyProperty>
  <Weather>Foggy</Weather>
  <Steering>124</Steering>
  <Acc>139</Acc>
  <Brake>127</Brake>
  <DayTime>15:16:13</DayTime>
  <Position>
    <X>-2396.02026</X>
    <Y>-245.8558</Y>
    <Z>15.7017822</Z>
  </Position>
  <Rotation>
    <X>0.97822</X>
    <Y>2.73079586</Y>
    <Z>60.3799553</Z>
  </Rotation>
</Screenshot>