<?xml version="1.0" encoding="utf-8"?>
<Screenshot xmlns:xsd="http://www.w3.org/2001/XMLSchema" xmlns:xsi="http://www.w3.org/2001/XMLSchema-instance">
  <Cars />
  <MyCar>
    <Position>
      <X>-2395.016</X>
      <Y>-246.469543</Y>
      <Z>14.7718534</Z>
    </Position>
    <Rotation>
      <X>1.47710919</X>
      <Y>2.2311933</Y>
      <Z>60.33335</Z>
    </Rotation>
    <Handle>104962</Handle>
    <Bounds>
      <Vector3>
        <X>-2393.331</X>
        <Y>-248.639374</Y>
        <Z>14.0185728</Z>
      </Vector3>
      <Vector3>
        <X>-2392.3208</X>
        <Y>-246.865753</Y>
        <Z>13.9390459</Z>
      </Vector3>
      <Vector3>
        <X>-2397.772</X>
        <Y>-246.103775</Y>
        <Z>14.15034</Z>
      </Vector3>
      <Vector3>
        <X>-2393.27026</X>
        <Y>-248.608719</Y>
        <Z>15.4728832</Z>
      </Vector3>
      <Vector3>
        <X>-2396.76172</X>
        <Y>-244.330154</Y>
        <Z>14.0708132</Z>
      </Vector3>
      <Vector3>
        <X>-2392.26</X>
        <Y>-246.8351</Y>
        <Z>15.3933563</Z>
      </Vector3>
      <Vector3>
        <X>-2397.71143</X>
        <Y>-246.07312</Y>
        <Z>15.6046505</Z>
      </Vector3>
      <Vector3>
        <X>-2396.70117</X>
        <Y>-244.2995</Y>
        <Z>15.5251236</Z>
      </Vector3>
    </Bounds>
    <CenterCamPosition>
      <X>0</X>
      <Y>0</Y>
    </CenterCamPosition>
    <ScreenBounds />
    <DistanceToCam>0</DistanceToCam>
    <Speed>9.175316</Speed>
    <AccInput>0</AccInput>
    <RPM>1.35798967</RPM>
    <Gear>0</Gear>
    <SteeringAngle>4.463976E-41</SteeringAngle>
    <WheelSpeed>0</WheelSpeed>
    <CarType>Sports</CarType>
  </MyCar>
  <Peds />
  <Time>274151</Time>
  <LastFrameTime>0.0476563871</LastFrameTime>
  <MyProperty>0</MyProperty>
  <Weather>Foggy</Weather>
  <Steering>124</Steering>
  <Acc>139</Acc>
  <Brake>127</Brake>
  <DayTime>15:16:13</DayTime>
  <Position>
    <X>-2395.64136</X>
    <Y>-246.072784</Y>
    <Z>15.6909475</Z>
  </Position>
  <Rotation>
    <X>0.970774651</X>
    <Y>2.729145</Y>
    <Z>60.3595543</Z>
  </Rotation>
</Screenshot>