<?xml version="1.0" encoding="utf-8"?>
<Screenshot xmlns:xsd="http://www.w3.org/2001/XMLSchema" xmlns:xsi="http://www.w3.org/2001/XMLSchema-instance">
  <Cars />
  <MyCar>
    <Position>
      <X>-2395.965</X>
      <Y>-245.927368</Y>
      <Z>14.798768</Z>
    </Position>
    <Rotation>
      <X>1.489726</X>
      <Y>2.231571</Y>
      <Z>60.431675</Z>
    </Rotation>
    <Handle>104962</Handle>
    <Bounds>
      <Vector3>
        <X>-2394.27637</X>
        <Y>-248.094238</Y>
        <Z>14.0449362</Z>
      </Vector3>
      <Vector3>
        <X>-2393.26929</X>
        <Y>-246.3189</Y>
        <Z>13.965395</Z>
      </Vector3>
      <Vector3>
        <X>-2398.72168</X>
        <Y>-245.566238</Y>
        <Z>14.1778288</Z>
      </Vector3>
      <Vector3>
        <X>-2394.21558</X>
        <Y>-248.063629</Y>
        <Z>15.4992371</Z>
      </Vector3>
      <Vector3>
        <X>-2397.7146</X>
        <Y>-243.7909</Y>
        <Z>14.0982885</Z>
      </Vector3>
      <Vector3>
        <X>-2393.20825</X>
        <Y>-246.288284</Y>
        <Z>15.4196968</Z>
      </Vector3>
      <Vector3>
        <X>-2398.661</X>
        <Y>-245.535629</Y>
        <Z>15.6321306</Z>
      </Vector3>
      <Vector3>
        <X>-2397.65356</X>
        <Y>-243.760284</Y>
        <Z>15.5525894</Z>
      </Vector3>
    </Bounds>
    <CenterCamPosition>
      <X>0</X>
      <Y>0</Y>
    </CenterCamPosition>
    <ScreenBounds />
    <DistanceToCam>0</DistanceToCam>
    <Speed>9.233578</Speed>
    <AccInput>0</AccInput>
    <RPM>1.35798967</RPM>
    <Gear>0</Gear>
    <SteeringAngle>4.463976E-41</SteeringAngle>
    <WheelSpeed>0</WheelSpeed>
    <CarType>Sports</CarType>
  </MyCar>
  <Peds />
  <Time>274270</Time>
  <LastFrameTime>0.03356551</LastFrameTime>
  <MyProperty>0</MyProperty>
  <Weather>Foggy</Weather>
  <Steering>124</Steering>
  <Acc>138</Acc>
  <Brake>127</Brake>
  <DayTime>15:16:13</DayTime>
  <Position>
    <X>-2396.701</X>
    <Y>-245.468231</Y>
    <Z>15.7212334</Z>
  </Position>
  <Rotation>
    <X>0.9891164</X>
    <Y>2.727974</Y>
    <Z>60.4445</Z>
  </Rotation>
</Screenshot>