<?xml version="1.0" encoding="utf-8"?>
<Screenshot xmlns:xsd="http://www.w3.org/2001/XMLSchema" xmlns:xsi="http://www.w3.org/2001/XMLSchema-instance">
  <Cars />
  <MyCar>
    <Position>
      <X>-2395.55249</X>
      <Y>-246.162766</Y>
      <Z>14.7870073</Z>
    </Position>
    <Rotation>
      <X>1.48614967</X>
      <Y>2.22908068</Y>
      <Z>60.3813744</Z>
    </Rotation>
    <Handle>104962</Handle>
    <Bounds>
      <Vector3>
        <X>-2393.86572</X>
        <Y>-248.331116</Y>
        <Z>14.033288</Z>
      </Vector3>
      <Vector3>
        <X>-2392.857</X>
        <Y>-246.556641</Y>
        <Z>13.9538355</Z>
      </Vector3>
      <Vector3>
        <X>-2398.30884</X>
        <Y>-245.799225</Y>
        <Z>14.1658621</Z>
      </Vector3>
      <Vector3>
        <X>-2393.805</X>
        <Y>-248.300568</Y>
        <Z>15.4875937</Z>
      </Vector3>
      <Vector3>
        <X>-2397.3</X>
        <Y>-244.02475</Y>
        <Z>14.0864105</Z>
      </Vector3>
      <Vector3>
        <X>-2392.79614</X>
        <Y>-246.5261</Y>
        <Z>15.4081421</Z>
      </Vector3>
      <Vector3>
        <X>-2398.248</X>
        <Y>-245.768677</Y>
        <Z>15.6201687</Z>
      </Vector3>
      <Vector3>
        <X>-2397.23926</X>
        <Y>-243.9942</Y>
        <Z>15.5407162</Z>
      </Vector3>
    </Bounds>
    <CenterCamPosition>
      <X>0</X>
      <Y>0</Y>
    </CenterCamPosition>
    <ScreenBounds />
    <DistanceToCam>0</DistanceToCam>
    <Speed>9.208485</Speed>
    <AccInput>0</AccInput>
    <RPM>1.35798967</RPM>
    <Gear>0</Gear>
    <SteeringAngle>4.463976E-41</SteeringAngle>
    <WheelSpeed>0</WheelSpeed>
    <CarType>Sports</CarType>
  </MyCar>
  <Peds />
  <Time>274218</Time>
  <LastFrameTime>0.04864129</LastFrameTime>
  <MyProperty>0</MyProperty>
  <Weather>Foggy</Weather>
  <Steering>124</Steering>
  <Acc>139</Acc>
  <Brake>127</Brake>
  <DayTime>15:16:13</DayTime>
  <Position>
    <X>-2396.16846</X>
    <Y>-245.7713</Y>
    <Z>15.7060061</Z>
  </Position>
  <Rotation>
    <X>0.980425656</X>
    <Y>2.73113728</Y>
    <Z>60.3904266</Z>
  </Rotation>
</Screenshot>