<?xml version="1.0" encoding="utf-8"?>
<Screenshot xmlns:xsd="http://www.w3.org/2001/XMLSchema" xmlns:xsi="http://www.w3.org/2001/XMLSchema-instance">
  <Cars />
  <MyCar>
    <Position>
      <X>-2395.696</X>
      <Y>-246.080734</Y>
      <Z>14.7910795</Z>
    </Position>
    <Rotation>
      <X>1.48799539</X>
      <Y>2.22838</Y>
      <Z>60.3974266</Z>
    </Rotation>
    <Handle>104962</Handle>
    <Bounds>
      <Vector3>
        <X>-2394.00854</X>
        <Y>-248.2486</Y>
        <Z>14.0372658</Z>
      </Vector3>
      <Vector3>
        <X>-2393.00024</X>
        <Y>-246.473846</Y>
        <Z>13.957839</Z>
      </Vector3>
      <Vector3>
        <X>-2398.45239</X>
        <Y>-245.717941</Y>
        <Z>14.1700039</Z>
      </Vector3>
      <Vector3>
        <X>-2393.94775</X>
        <Y>-248.218063</Y>
        <Z>15.4915714</Z>
      </Vector3>
      <Vector3>
        <X>-2397.444</X>
        <Y>-243.943192</Y>
        <Z>14.0905771</Z>
      </Vector3>
      <Vector3>
        <X>-2392.93945</X>
        <Y>-246.443314</Y>
        <Z>15.4121447</Z>
      </Vector3>
      <Vector3>
        <X>-2398.3916</X>
        <Y>-245.687408</Y>
        <Z>15.6243105</Z>
      </Vector3>
      <Vector3>
        <X>-2397.3833</X>
        <Y>-243.912659</Y>
        <Z>15.5448837</Z>
      </Vector3>
    </Bounds>
    <CenterCamPosition>
      <X>0</X>
      <Y>0</Y>
    </CenterCamPosition>
    <ScreenBounds />
    <DistanceToCam>0</DistanceToCam>
    <Speed>9.217322</Speed>
    <AccInput>0</AccInput>
    <RPM>1.35798967</RPM>
    <Gear>0</Gear>
    <SteeringAngle>4.463976E-41</SteeringAngle>
    <WheelSpeed>0</WheelSpeed>
    <CarType>Sports</CarType>
  </MyCar>
  <Peds />
  <Time>274236</Time>
  <LastFrameTime>0.0179597363</LastFrameTime>
  <MyProperty>0</MyProperty>
  <Weather>Foggy</Weather>
  <Steering>124</Steering>
  <Acc>139</Acc>
  <Brake>127</Brake>
  <DayTime>15:16:13</DayTime>
  <Position>
    <X>-2396.55713</X>
    <Y>-245.549957</Y>
    <Z>15.717123</Z>
  </Position>
  <Rotation>
    <X>0.987269</X>
    <Y>2.72867632</Y>
    <Z>60.4283752</Z>
  </Rotation>
</Screenshot>