<?xml version="1.0" encoding="utf-8"?>
<Screenshot xmlns:xsd="http://www.w3.org/2001/XMLSchema" xmlns:xsi="http://www.w3.org/2001/XMLSchema-instance">
  <Cars />
  <MyCar>
    <Position>
      <X>-2396.3728</X>
      <Y>-245.695648</Y>
      <Z>14.8104153</Z>
    </Position>
    <Rotation>
      <X>1.49030638</X>
      <Y>2.23435545</Y>
      <Z>60.4967728</Z>
    </Rotation>
    <Handle>104962</Handle>
    <Bounds>
      <Vector3>
        <X>-2394.68164</X>
        <Y>-247.860626</Y>
        <Z>14.0566082</Z>
      </Vector3>
      <Vector3>
        <X>-2393.67651</X>
        <Y>-246.084137</Y>
        <Z>13.9769688</Z>
      </Vector3>
      <Vector3>
        <X>-2399.13</X>
        <Y>-245.337677</Y>
        <Z>14.1895533</Z>
      </Vector3>
      <Vector3>
        <X>-2394.62085</X>
        <Y>-247.8299</Y>
        <Z>15.5109072</Z>
      </Vector3>
      <Vector3>
        <X>-2398.12476</X>
        <Y>-243.561188</Y>
        <Z>14.1099129</Z>
      </Vector3>
      <Vector3>
        <X>-2393.61548</X>
        <Y>-246.0534</Y>
        <Z>15.4312668</Z>
      </Vector3>
      <Vector3>
        <X>-2399.069</X>
        <Y>-245.306946</Y>
        <Z>15.6438513</Z>
      </Vector3>
      <Vector3>
        <X>-2398.06372</X>
        <Y>-243.530457</Y>
        <Z>15.5642118</Z>
      </Vector3>
    </Bounds>
    <CenterCamPosition>
      <X>0</X>
      <Y>0</Y>
    </CenterCamPosition>
    <ScreenBounds />
    <DistanceToCam>0</DistanceToCam>
    <Speed>9.25748</Speed>
    <AccInput>0</AccInput>
    <RPM>1.35798967</RPM>
    <Gear>0</Gear>
    <SteeringAngle>4.463976E-41</SteeringAngle>
    <WheelSpeed>0</WheelSpeed>
    <CarType>Sports</CarType>
  </MyCar>
  <Peds />
  <Time>274321</Time>
  <LastFrameTime>0.05070884</LastFrameTime>
  <MyProperty>0</MyProperty>
  <Weather>Foggy</Weather>
  <Steering>123</Steering>
  <Acc>138</Acc>
  <Brake>127</Brake>
  <DayTime>15:16:13</DayTime>
  <Position>
    <X>-2396.97021</X>
    <Y>-245.31543</Y>
    <Z>15.7289553</Z>
  </Position>
  <Rotation>
    <X>0.990851462</X>
    <Y>2.73116279</Y>
    <Z>60.4788971</Z>
  </Rotation>
</Screenshot>