<?xml version="1.0" encoding="utf-8"?>
<Screenshot xmlns:xsd="http://www.w3.org/2001/XMLSchema" xmlns:xsi="http://www.w3.org/2001/XMLSchema-instance">
  <Cars />
  <MyCar>
    <Position>
      <X>-2396.91113</X>
      <Y>-245.391251</Y>
      <Z>14.825881</Z>
    </Position>
    <Rotation>
      <X>1.49517345</X>
      <Y>2.233685</Y>
      <Z>60.6076736</Z>
    </Rotation>
    <Handle>104962</Handle>
    <Bounds>
      <Vector3>
        <X>-2395.21582</X>
        <Y>-247.552917</Y>
        <Z>14.071846</Z>
      </Vector3>
      <Vector3>
        <X>-2394.214</X>
        <Y>-245.77449</Y>
        <Z>13.99223</Z>
      </Vector3>
      <Vector3>
        <X>-2399.669</X>
        <Y>-245.038574</Y>
        <Z>14.205225</Z>
      </Vector3>
      <Vector3>
        <X>-2395.155</X>
        <Y>-247.522141</Y>
        <Z>15.5261421</Z>
      </Vector3>
      <Vector3>
        <X>-2398.66724</X>
        <Y>-243.260147</Y>
        <Z>14.1256094</Z>
      </Vector3>
      <Vector3>
        <X>-2394.153</X>
        <Y>-245.743713</Y>
        <Z>15.4465265</Z>
      </Vector3>
      <Vector3>
        <X>-2399.608</X>
        <Y>-245.0078</Y>
        <Z>15.6595211</Z>
      </Vector3>
      <Vector3>
        <X>-2398.6062</X>
        <Y>-243.22937</Y>
        <Z>15.5799055</Z>
      </Vector3>
    </Bounds>
    <CenterCamPosition>
      <X>0</X>
      <Y>0</Y>
    </CenterCamPosition>
    <ScreenBounds />
    <DistanceToCam>0</DistanceToCam>
    <Speed>9.287614</Speed>
    <AccInput>0</AccInput>
    <RPM>1.35798967</RPM>
    <Gear>0</Gear>
    <SteeringAngle>4.463976E-41</SteeringAngle>
    <WheelSpeed>0</WheelSpeed>
    <CarType>Sports</CarType>
  </MyCar>
  <Peds />
  <Time>274387</Time>
  <LastFrameTime>0.06666667</LastFrameTime>
  <MyProperty>0</MyProperty>
  <Weather>Foggy</Weather>
  <Steering>123</Steering>
  <Acc>137</Acc>
  <Brake>127</Brake>
  <DayTime>15:16:13</DayTime>
  <Position>
    <X>-2397.37866</X>
    <Y>-245.084824</Y>
    <Z>15.740613</Z>
  </Position>
  <Rotation>
    <X>0.991435</X>
    <Y>2.7339468</Y>
    <Z>60.5440636</Z>
  </Rotation>
</Screenshot>