<?xml version="1.0" encoding="utf-8"?>
<Screenshot xmlns:xsd="http://www.w3.org/2001/XMLSchema" xmlns:xsi="http://www.w3.org/2001/XMLSchema-instance">
  <Cars />
  <MyCar>
    <Position>
      <X>-2397.13867</X>
      <Y>-245.263168</Y>
      <Z>14.8324871</Z>
    </Position>
    <Rotation>
      <X>1.493856</X>
      <Y>2.2319746</Y>
      <Z>60.6583</Z>
    </Rotation>
    <Handle>104962</Handle>
    <Bounds>
      <Vector3>
        <X>-2395.44141</X>
        <Y>-247.423325</Y>
        <Z>14.07848</Z>
      </Vector3>
      <Vector3>
        <X>-2394.44141</X>
        <Y>-245.644012</Y>
        <Z>13.9989243</Z>
      </Vector3>
      <Vector3>
        <X>-2399.89673</X>
        <Y>-244.912918</Y>
        <Z>14.2117405</Z>
      </Vector3>
      <Vector3>
        <X>-2395.38062</X>
        <Y>-247.392517</Y>
        <Z>15.5327778</Z>
      </Vector3>
      <Vector3>
        <X>-2398.89648</X>
        <Y>-243.1336</Y>
        <Z>14.1321859</Z>
      </Vector3>
      <Vector3>
        <X>-2394.38037</X>
        <Y>-245.6132</Y>
        <Z>15.4532232</Z>
      </Vector3>
      <Vector3>
        <X>-2399.836</X>
        <Y>-244.882111</Y>
        <Z>15.6660395</Z>
      </Vector3>
      <Vector3>
        <X>-2398.83569</X>
        <Y>-243.1028</Y>
        <Z>15.586484</Z>
      </Vector3>
    </Bounds>
    <CenterCamPosition>
      <X>0</X>
      <Y>0</Y>
    </CenterCamPosition>
    <ScreenBounds />
    <DistanceToCam>0</DistanceToCam>
    <Speed>9.300388</Speed>
    <AccInput>0</AccInput>
    <RPM>1.35798967</RPM>
    <Gear>0</Gear>
    <SteeringAngle>4.463976E-41</SteeringAngle>
    <WheelSpeed>0</WheelSpeed>
    <CarType>Sports</CarType>
  </MyCar>
  <Peds />
  <Time>274415</Time>
  <LastFrameTime>0.0280864853</LastFrameTime>
  <MyProperty>0</MyProperty>
  <Weather>Foggy</Weather>
  <Steering>123</Steering>
  <Acc>137</Acc>
  <Brake>127</Brake>
  <DayTime>15:16:13</DayTime>
  <Position>
    <X>-2397.918</X>
    <Y>-244.78241</Y>
    <Z>15.7561789</Z>
  </Position>
  <Rotation>
    <X>0.9963067</X>
    <Y>2.733272</Y>
    <Z>60.6551857</Z>
  </Rotation>
</Screenshot>