<?xml version="1.0" encoding="utf-8"?>
<Screenshot xmlns:xsd="http://www.w3.org/2001/XMLSchema" xmlns:xsi="http://www.w3.org/2001/XMLSchema-instance">
  <Cars />
  <MyCar>
    <Position>
      <X>-2397.52856</X>
      <Y>-245.044464</Y>
      <Z>14.8437347</Z>
    </Position>
    <Rotation>
      <X>1.49558747</X>
      <Y>2.22880721</Y>
      <Z>60.75586</Z>
    </Rotation>
    <Handle>104962</Handle>
    <Bounds>
      <Vector3>
        <X>-2395.82764</X>
        <Y>-247.201691</Y>
        <Z>14.089592</Z>
      </Vector3>
      <Vector3>
        <X>-2394.83057</X>
        <Y>-245.42067</Y>
        <Z>14.01015</Z>
      </Vector3>
      <Vector3>
        <X>-2400.28735</X>
        <Y>-244.698868</Y>
        <Z>14.2230082</Z>
      </Vector3>
      <Vector3>
        <X>-2395.76685</X>
        <Y>-247.170868</Y>
        <Z>15.5438929</Z>
      </Vector3>
      <Vector3>
        <X>-2399.29</X>
        <Y>-242.917847</Y>
        <Z>14.1435661</Z>
      </Vector3>
      <Vector3>
        <X>-2394.76978</X>
        <Y>-245.389847</Y>
        <Z>15.4644508</Z>
      </Vector3>
      <Vector3>
        <X>-2400.22656</X>
        <Y>-244.668045</Y>
        <Z>15.677309</Z>
      </Vector3>
      <Vector3>
        <X>-2399.22925</X>
        <Y>-242.887024</Y>
        <Z>15.597867</Z>
      </Vector3>
    </Bounds>
    <CenterCamPosition>
      <X>0</X>
      <Y>0</Y>
    </CenterCamPosition>
    <ScreenBounds />
    <DistanceToCam>0</DistanceToCam>
    <Speed>9.322135</Speed>
    <AccInput>0</AccInput>
    <RPM>1.35798967</RPM>
    <Gear>0</Gear>
    <SteeringAngle>4.463976E-41</SteeringAngle>
    <WheelSpeed>0</WheelSpeed>
    <CarType>Sports</CarType>
  </MyCar>
  <Peds />
  <Time>274463</Time>
  <LastFrameTime>0.04798779</LastFrameTime>
  <MyProperty>0</MyProperty>
  <Weather>Foggy</Weather>
  <Steering>123</Steering>
  <Acc>137</Acc>
  <Brake>127</Brake>
  <DayTime>15:16:13</DayTime>
  <Position>
    <X>-2398.14624</X>
    <Y>-244.655243</Y>
    <Z>15.7627583</Z>
  </Position>
  <Rotation>
    <X>0.9949865</X>
    <Y>2.73156285</Y>
    <Z>60.7057152</Z>
  </Rotation>
</Screenshot>