<?xml version="1.0" encoding="utf-8"?>
<Screenshot xmlns:xsd="http://www.w3.org/2001/XMLSchema" xmlns:xsi="http://www.w3.org/2001/XMLSchema-instance">
  <Cars />
  <MyCar>
    <Position>
      <X>-2397.686</X>
      <Y>-244.956161</Y>
      <Z>14.8483114</Z>
    </Position>
    <Rotation>
      <X>1.49531817</X>
      <Y>2.225858</Y>
      <Z>60.79963</Z>
    </Rotation>
    <Handle>104962</Handle>
    <Bounds>
      <Vector3>
        <X>-2395.98364</X>
        <Y>-247.112045</Y>
        <Z>14.0941267</Z>
      </Vector3>
      <Vector3>
        <X>-2394.98779</X>
        <Y>-245.330261</Y>
        <Z>14.01479</Z>
      </Vector3>
      <Vector3>
        <X>-2400.445</X>
        <Y>-244.612656</Y>
        <Z>14.227519</Z>
      </Vector3>
      <Vector3>
        <X>-2395.92285</X>
        <Y>-247.081238</Y>
        <Z>15.54843</Z>
      </Vector3>
      <Vector3>
        <X>-2399.44922</X>
        <Y>-242.830872</Y>
        <Z>14.1481819</Z>
      </Vector3>
      <Vector3>
        <X>-2394.927</X>
        <Y>-245.299454</Y>
        <Z>15.4690933</Z>
      </Vector3>
      <Vector3>
        <X>-2400.38428</X>
        <Y>-244.581848</Y>
        <Z>15.6818228</Z>
      </Vector3>
      <Vector3>
        <X>-2399.38843</X>
        <Y>-242.800064</Y>
        <Z>15.6024857</Z>
      </Vector3>
    </Bounds>
    <CenterCamPosition>
      <X>0</X>
      <Y>0</Y>
    </CenterCamPosition>
    <ScreenBounds />
    <DistanceToCam>0</DistanceToCam>
    <Speed>9.332089</Speed>
    <AccInput>0</AccInput>
    <RPM>1.35798967</RPM>
    <Gear>0</Gear>
    <SteeringAngle>4.463976E-41</SteeringAngle>
    <WheelSpeed>0</WheelSpeed>
    <CarType>Sports</CarType>
  </MyCar>
  <Peds />
  <Time>274483</Time>
  <LastFrameTime>0.0193610657</LastFrameTime>
  <MyProperty>0</MyProperty>
  <Weather>Foggy</Weather>
  <Steering>123</Steering>
  <Acc>137</Acc>
  <Brake>127</Brake>
  <DayTime>15:16:13</DayTime>
  <Position>
    <X>-2398.537</X>
    <Y>-244.438309</Y>
    <Z>15.774044</Z>
  </Position>
  <Rotation>
    <X>0.9967175</X>
    <Y>2.72839475</Y>
    <Z>60.8033028</Z>
  </Rotation>
</Screenshot>