<?xml version="1.0" encoding="utf-8"?>
<Screenshot xmlns:xsd="http://www.w3.org/2001/XMLSchema" xmlns:xsi="http://www.w3.org/2001/XMLSchema-instance">
  <Cars />
  <MyCar>
    <Position>
      <X>-2398.235</X>
      <Y>-244.649963</Y>
      <Z>14.86419</Z>
    </Position>
    <Rotation>
      <X>1.50133181</X>
      <Y>2.21258</Y>
      <Z>60.95296</Z>
    </Rotation>
    <Handle>104962</Handle>
    <Bounds>
      <Vector3>
        <X>-2396.52686</X>
        <Y>-246.8011</Y>
        <Z>14.1094961</Z>
      </Vector3>
      <Vector3>
        <X>-2395.536</X>
        <Y>-245.016647</Y>
        <Z>14.030632</Z>
      </Vector3>
      <Vector3>
        <X>-2400.99487</X>
        <Y>-244.313675</Y>
        <Z>14.2434254</Z>
      </Vector3>
      <Vector3>
        <X>-2396.46631</X>
        <Y>-246.770508</Y>
        <Z>15.5638084</Z>
      </Vector3>
      <Vector3>
        <X>-2400.004</X>
        <Y>-242.5292</Y>
        <Z>14.1645613</Z>
      </Vector3>
      <Vector3>
        <X>-2395.475</X>
        <Y>-244.986038</Y>
        <Z>15.4849443</Z>
      </Vector3>
      <Vector3>
        <X>-2400.93433</X>
        <Y>-244.283066</Y>
        <Z>15.6977377</Z>
      </Vector3>
      <Vector3>
        <X>-2399.94336</X>
        <Y>-242.498611</Y>
        <Z>15.6188745</Z>
      </Vector3>
    </Bounds>
    <CenterCamPosition>
      <X>0</X>
      <Y>0</Y>
    </CenterCamPosition>
    <ScreenBounds />
    <DistanceToCam>0</DistanceToCam>
    <Speed>9.370874</Speed>
    <AccInput>0</AccInput>
    <RPM>1.35798967</RPM>
    <Gear>0</Gear>
    <SteeringAngle>4.463976E-41</SteeringAngle>
    <WheelSpeed>0</WheelSpeed>
    <CarType>Sports</CarType>
  </MyCar>
  <Peds />
  <Time>274550</Time>
  <LastFrameTime>0.0194612946</LastFrameTime>
  <MyProperty>0</MyProperty>
  <Weather>Foggy</Weather>
  <Steering>123</Steering>
  <Acc>137</Acc>
  <Brake>127</Brake>
  <DayTime>15:16:13</DayTime>
  <Position>
    <X>-2399.08618</X>
    <Y>-244.135345</Y>
    <Z>15.7899847</Z>
  </Position>
  <Rotation>
    <X>1.00094163</X>
    <Y>2.71517348</Y>
    <Z>60.955822</Z>
  </Rotation>
</Screenshot>