<?xml version="1.0" encoding="utf-8"?>
<Screenshot xmlns:xsd="http://www.w3.org/2001/XMLSchema" xmlns:xsi="http://www.w3.org/2001/XMLSchema-instance">
  <Cars />
  <MyCar>
    <Position>
      <X>-2398.076</X>
      <Y>-244.7386</Y>
      <Z>14.85958</Z>
    </Position>
    <Rotation>
      <X>1.499818</X>
      <Y>2.21558738</Y>
      <Z>60.9084</Z>
    </Rotation>
    <Handle>104962</Handle>
    <Bounds>
      <Vector3>
        <X>-2396.36938</X>
        <Y>-246.891113</Y>
        <Z>14.1050081</Z>
      </Vector3>
      <Vector3>
        <X>-2395.377</X>
        <Y>-245.107422</Y>
        <Z>14.0260372</Z>
      </Vector3>
      <Vector3>
        <X>-2400.83545</X>
        <Y>-244.4002</Y>
        <Z>14.238802</Z>
      </Vector3>
      <Vector3>
        <X>-2396.30859</X>
        <Y>-246.860474</Y>
        <Z>15.5593185</Z>
      </Vector3>
      <Vector3>
        <X>-2399.843</X>
        <Y>-242.616516</Y>
        <Z>14.159831</Z>
      </Vector3>
      <Vector3>
        <X>-2395.31616</X>
        <Y>-245.076782</Y>
        <Z>15.4803476</Z>
      </Vector3>
      <Vector3>
        <X>-2400.775</X>
        <Y>-244.369568</Y>
        <Z>15.6931133</Z>
      </Vector3>
      <Vector3>
        <X>-2399.78247</X>
        <Y>-242.585876</Y>
        <Z>15.6141415</Z>
      </Vector3>
    </Bounds>
    <CenterCamPosition>
      <X>0</X>
      <Y>0</Y>
    </CenterCamPosition>
    <ScreenBounds />
    <DistanceToCam>0</DistanceToCam>
    <Speed>9.360102</Speed>
    <AccInput>0</AccInput>
    <RPM>1.35798967</RPM>
    <Gear>0</Gear>
    <SteeringAngle>4.463976E-41</SteeringAngle>
    <WheelSpeed>0</WheelSpeed>
    <CarType>Sports</CarType>
  </MyCar>
  <Peds />
  <Time>274530</Time>
  <LastFrameTime>0.04774358</LastFrameTime>
  <MyProperty>0</MyProperty>
  <Weather>Foggy</Weather>
  <Steering>123</Steering>
  <Acc>137</Acc>
  <Brake>127</Brake>
  <DayTime>15:16:13</DayTime>
  <Position>
    <X>-2398.695</X>
    <Y>-244.350815</Y>
    <Z>15.7786169</Z>
  </Position>
  <Rotation>
    <X>0.9964455</X>
    <Y>2.72544622</Y>
    <Z>60.84701</Z>
  </Rotation>
</Screenshot>