<?xml version="1.0" encoding="utf-8"?>
<Screenshot xmlns:xsd="http://www.w3.org/2001/XMLSchema" xmlns:xsi="http://www.w3.org/2001/XMLSchema-instance">
  <Cars />
  <MyCar>
    <Position>
      <X>-2398.62061</X>
      <Y>-244.436066</Y>
      <Z>14.8753958</Z>
    </Position>
    <Rotation>
      <X>1.50799835</X>
      <Y>2.202101</Y>
      <Z>61.05766</Z>
    </Rotation>
    <Handle>104962</Handle>
    <Bounds>
      <Vector3>
        <X>-2396.90845</X>
        <Y>-246.583923</Y>
        <Z>14.1202145</Z>
      </Vector3>
      <Vector3>
        <X>-2395.92065</X>
        <Y>-244.797638</Y>
        <Z>14.0417233</Z>
      </Vector3>
      <Vector3>
        <X>-2401.381</X>
        <Y>-244.104675</Y>
        <Z>14.25474</Z>
      </Vector3>
      <Vector3>
        <X>-2396.848</X>
        <Y>-246.553528</Y>
        <Z>15.5745325</Z>
      </Vector3>
      <Vector3>
        <X>-2400.39331</X>
        <Y>-242.31839</Y>
        <Z>14.1762486</Z>
      </Vector3>
      <Vector3>
        <X>-2395.86</X>
        <Y>-244.767242</Y>
        <Z>15.4960423</Z>
      </Vector3>
      <Vector3>
        <X>-2401.32056</X>
        <Y>-244.07428</Y>
        <Z>15.7090578</Z>
      </Vector3>
      <Vector3>
        <X>-2400.33276</X>
        <Y>-242.288</Y>
        <Z>15.6305676</Z>
      </Vector3>
    </Bounds>
    <CenterCamPosition>
      <X>0</X>
      <Y>0</Y>
    </CenterCamPosition>
    <ScreenBounds />
    <DistanceToCam>0</DistanceToCam>
    <Speed>9.39557648</Speed>
    <AccInput>0</AccInput>
    <RPM>1.35798967</RPM>
    <Gear>0</Gear>
    <SteeringAngle>4.463976E-41</SteeringAngle>
    <WheelSpeed>0</WheelSpeed>
    <CarType>Sports</CarType>
  </MyCar>
  <Peds />
  <Time>274597</Time>
  <LastFrameTime>0.0469786823</LastFrameTime>
  <MyProperty>0</MyProperty>
  <Weather>Foggy</Weather>
  <Steering>124</Steering>
  <Acc>137</Acc>
  <Brake>127</Brake>
  <DayTime>15:16:13</DayTime>
  <Position>
    <X>-2399.24585</X>
    <Y>-244.047546</Y>
    <Z>15.7946272</Z>
  </Position>
  <Rotation>
    <X>1.00245464</X>
    <Y>2.71216583</Y>
    <Z>61.0003967</Z>
  </Rotation>
</Screenshot>