<?xml version="1.0" encoding="utf-8"?>
<Screenshot xmlns:xsd="http://www.w3.org/2001/XMLSchema" xmlns:xsi="http://www.w3.org/2001/XMLSchema-instance">
  <Cars />
  <MyCar>
    <Position>
      <X>-2399.33472</X>
      <Y>-244.0416</Y>
      <Z>14.8962889</Z>
    </Position>
    <Rotation>
      <X>1.5211482</X>
      <Y>2.18300247</Y>
      <Z>61.2337151</Z>
    </Rotation>
    <Handle>104962</Handle>
    <Bounds>
      <Vector3>
        <X>-2397.616</X>
        <Y>-246.1839</Y>
        <Z>14.1401749</Z>
      </Vector3>
      <Vector3>
        <X>-2396.63379</X>
        <Y>-244.394562</Y>
        <Z>14.0623646</Z>
      </Vector3>
      <Vector3>
        <X>-2402.09619</X>
        <Y>-243.718414</Y>
        <Z>14.2758751</Z>
      </Vector3>
      <Vector3>
        <X>-2397.55542</X>
        <Y>-246.1539</Y>
        <Z>15.5945034</Z>
      </Vector3>
      <Vector3>
        <X>-2401.11377</X>
        <Y>-241.929077</Y>
        <Z>14.1980648</Z>
      </Vector3>
      <Vector3>
        <X>-2396.573</X>
        <Y>-244.364563</Y>
        <Z>15.5166931</Z>
      </Vector3>
      <Vector3>
        <X>-2402.03564</X>
        <Y>-243.688416</Y>
        <Z>15.7302027</Z>
      </Vector3>
      <Vector3>
        <X>-2401.05322</X>
        <Y>-241.899078</Y>
        <Z>15.6523924</Z>
      </Vector3>
    </Bounds>
    <CenterCamPosition>
      <X>0</X>
      <Y>0</Y>
    </CenterCamPosition>
    <ScreenBounds />
    <DistanceToCam>0</DistanceToCam>
    <Speed>9.437292</Speed>
    <AccInput>0</AccInput>
    <RPM>1.35798967</RPM>
    <Gear>0</Gear>
    <SteeringAngle>4.463976E-41</SteeringAngle>
    <WheelSpeed>0</WheelSpeed>
    <CarType>Sports</CarType>
  </MyCar>
  <Peds />
  <Time>274683</Time>
  <LastFrameTime>0.03300076</LastFrameTime>
  <MyProperty>0</MyProperty>
  <Weather>Foggy</Weather>
  <Steering>126</Steering>
  <Acc>137</Acc>
  <Brake>127</Brake>
  <DayTime>15:16:13</DayTime>
  <Position>
    <X>-2400.0752</X>
    <Y>-243.593719</Y>
    <Z>15.8190622</Z>
  </Position>
  <Rotation>
    <X>1.01689363</X>
    <Y>2.69132662</Y>
    <Z>61.21883</Z>
  </Rotation>
</Screenshot>