<?xml version="1.0" encoding="utf-8"?>
<Screenshot xmlns:xsd="http://www.w3.org/2001/XMLSchema" xmlns:xsi="http://www.w3.org/2001/XMLSchema-instance">
  <Cars />
  <MyCar>
    <Position>
      <X>-2398.81543</X>
      <Y>-244.328262</Y>
      <Z>14.8810854</Z>
    </Position>
    <Rotation>
      <X>1.511597</X>
      <Y>2.19803262</Y>
      <Z>61.10916</Z>
    </Rotation>
    <Handle>104962</Handle>
    <Bounds>
      <Vector3>
        <X>-2397.10132</X>
        <Y>-246.474518</Y>
        <Z>14.1256695</Z>
      </Vector3>
      <Vector3>
        <X>-2396.11523</X>
        <Y>-244.687347</Y>
        <Z>14.0473242</Z>
      </Vector3>
      <Vector3>
        <X>-2401.57617</X>
        <Y>-243.999283</Y>
        <Z>14.2605162</Z>
      </Vector3>
      <Vector3>
        <X>-2397.04077</X>
        <Y>-246.4442</Y>
        <Z>15.5799894</Z>
      </Vector3>
      <Vector3>
        <X>-2400.59</X>
        <Y>-242.212112</Y>
        <Z>14.1821709</Z>
      </Vector3>
      <Vector3>
        <X>-2396.05444</X>
        <Y>-244.657028</Y>
        <Z>15.5016441</Z>
      </Vector3>
      <Vector3>
        <X>-2401.51563</X>
        <Y>-243.968964</Y>
        <Z>15.7148361</Z>
      </Vector3>
      <Vector3>
        <X>-2400.5293</X>
        <Y>-242.1818</Y>
        <Z>15.6364908</Z>
      </Vector3>
    </Bounds>
    <CenterCamPosition>
      <X>0</X>
      <Y>0</Y>
    </CenterCamPosition>
    <ScreenBounds />
    <DistanceToCam>0</DistanceToCam>
    <Speed>9.40742</Speed>
    <AccInput>0</AccInput>
    <RPM>1.35798967</RPM>
    <Gear>0</Gear>
    <SteeringAngle>4.463976E-41</SteeringAngle>
    <WheelSpeed>0</WheelSpeed>
    <CarType>Sports</CarType>
  </MyCar>
  <Peds />
  <Time>274620</Time>
  <LastFrameTime>0.0236826614</LastFrameTime>
  <MyProperty>0</MyProperty>
  <Weather>Foggy</Weather>
  <Steering>124</Steering>
  <Acc>137</Acc>
  <Brake>127</Brake>
  <DayTime>15:16:13</DayTime>
  <Position>
    <X>-2399.63232</X>
    <Y>-243.8357</Y>
    <Z>15.8059759</Z>
  </Position>
  <Rotation>
    <X>1.00912023</X>
    <Y>2.70168281</Y>
    <Z>61.1052246</Z>
  </Rotation>
</Screenshot>