<?xml version="1.0" encoding="utf-8"?>
<Screenshot xmlns:xsd="http://www.w3.org/2001/XMLSchema" xmlns:xsi="http://www.w3.org/2001/XMLSchema-instance">
  <Cars />
  <MyCar>
    <Position>
      <X>-2399.06226</X>
      <Y>-244.191879</Y>
      <Z>14.8883162</Z>
    </Position>
    <Rotation>
      <X>1.5157721</X>
      <Y>2.19174981</Y>
      <Z>61.17108</Z>
    </Rotation>
    <Handle>104962</Handle>
    <Bounds>
      <Vector3>
        <X>-2397.346</X>
        <Y>-246.336182</Y>
        <Z>14.1326008</Z>
      </Vector3>
      <Vector3>
        <X>-2396.36157</X>
        <Y>-244.547943</Y>
        <Z>14.0544786</Z>
      </Vector3>
      <Vector3>
        <X>-2401.82349</X>
        <Y>-243.8658</Y>
        <Z>14.26782</Z>
      </Vector3>
      <Vector3>
        <X>-2397.2854</X>
        <Y>-246.306</Y>
        <Z>15.5869236</Z>
      </Vector3>
      <Vector3>
        <X>-2400.839</X>
        <Y>-242.077545</Y>
        <Z>14.1896982</Z>
      </Vector3>
      <Vector3>
        <X>-2396.301</X>
        <Y>-244.517746</Y>
        <Z>15.5088015</Z>
      </Vector3>
      <Vector3>
        <X>-2401.7627</X>
        <Y>-243.8356</Y>
        <Z>15.7221432</Z>
      </Vector3>
      <Vector3>
        <X>-2400.77856</X>
        <Y>-242.047363</Y>
        <Z>15.644021</Z>
      </Vector3>
    </Bounds>
    <CenterCamPosition>
      <X>0</X>
      <Y>0</Y>
    </CenterCamPosition>
    <ScreenBounds />
    <DistanceToCam>0</DistanceToCam>
    <Speed>9.421893</Speed>
    <AccInput>0</AccInput>
    <RPM>1.35798967</RPM>
    <Gear>0</Gear>
    <SteeringAngle>4.463976E-41</SteeringAngle>
    <WheelSpeed>0</WheelSpeed>
    <CarType>Sports</CarType>
  </MyCar>
  <Peds />
  <Time>274650</Time>
  <LastFrameTime>0.0299557522</LastFrameTime>
  <MyProperty>0</MyProperty>
  <Weather>Foggy</Weather>
  <Steering>126</Steering>
  <Acc>137</Acc>
  <Brake>127</Brake>
  <DayTime>15:16:13</DayTime>
  <Position>
    <X>-2399.82764</X>
    <Y>-243.728882</Y>
    <Z>15.8117428</Z>
  </Position>
  <Rotation>
    <X>1.01271915</X>
    <Y>2.69761181</Y>
    <Z>61.156826</Z>
  </Rotation>
</Screenshot>