<?xml version="1.0" encoding="utf-8"?>
<Screenshot xmlns:xsd="http://www.w3.org/2001/XMLSchema" xmlns:xsi="http://www.w3.org/2001/XMLSchema-instance">
  <Cars />
  <MyCar>
    <Position>
      <X>-2399.71973</X>
      <Y>-243.829636</Y>
      <Z>14.9075584</Z>
    </Position>
    <Rotation>
      <X>1.52757728</X>
      <Y>2.1691823</Y>
      <Z>61.3096046</Z>
    </Rotation>
    <Handle>104962</Handle>
    <Bounds>
      <Vector3>
        <X>-2397.998</X>
        <Y>-245.969467</Y>
        <Z>14.1509066</Z>
      </Vector3>
      <Vector3>
        <X>-2397.01831</X>
        <Y>-244.178818</Y>
        <Z>14.0735884</Z>
      </Vector3>
      <Vector3>
        <X>-2402.48169</X>
        <Y>-243.509933</Y>
        <Z>14.2871809</Z>
      </Vector3>
      <Vector3>
        <X>-2397.93774</X>
        <Y>-245.939774</Y>
        <Z>15.6052437</Z>
      </Vector3>
      <Vector3>
        <X>-2401.50171</X>
        <Y>-241.719284</Y>
        <Z>14.2098637</Z>
      </Vector3>
      <Vector3>
        <X>-2396.95776</X>
        <Y>-244.149124</Y>
        <Z>15.5279255</Z>
      </Vector3>
      <Vector3>
        <X>-2402.42114</X>
        <Y>-243.48024</Y>
        <Z>15.741518</Z>
      </Vector3>
      <Vector3>
        <X>-2401.44116</X>
        <Y>-241.68959</Y>
        <Z>15.6642</Z>
      </Vector3>
    </Bounds>
    <CenterCamPosition>
      <X>0</X>
      <Y>0</Y>
    </CenterCamPosition>
    <ScreenBounds />
    <DistanceToCam>0</DistanceToCam>
    <Speed>9.458348</Speed>
    <AccInput>0</AccInput>
    <RPM>1.35798967</RPM>
    <Gear>0</Gear>
    <SteeringAngle>4.463976E-41</SteeringAngle>
    <WheelSpeed>0</WheelSpeed>
    <CarType>Sports</CarType>
  </MyCar>
  <Peds />
  <Time>274730</Time>
  <LastFrameTime>0.04650547</LastFrameTime>
  <MyProperty>0</MyProperty>
  <Weather>Foggy</Weather>
  <Steering>126</Steering>
  <Acc>137</Acc>
  <Brake>127</Brake>
  <DayTime>15:16:13</DayTime>
  <Position>
    <X>-2400.34814</X>
    <Y>-243.4447</Y>
    <Z>15.8271513</Z>
  </Position>
  <Rotation>
    <X>1.0222683</X>
    <Y>2.68257618</Y>
    <Z>61.2815552</Z>
  </Rotation>
</Screenshot>