<?xml version="1.0" encoding="utf-8"?>
<Screenshot xmlns:xsd="http://www.w3.org/2001/XMLSchema" xmlns:xsi="http://www.w3.org/2001/XMLSchema-instance">
  <Cars />
  <MyCar>
    <Position>
      <X>-2399.87427</X>
      <Y>-243.744629</Y>
      <Z>14.9120855</Z>
    </Position>
    <Rotation>
      <X>1.530249</X>
      <Y>2.164418</Y>
      <Z>61.3373375</Z>
    </Rotation>
    <Handle>104962</Handle>
    <Bounds>
      <Vector3>
        <X>-2398.15161</X>
        <Y>-245.88356</Y>
        <Z>14.1552277</Z>
      </Vector3>
      <Vector3>
        <X>-2397.17261</X>
        <Y>-244.092422</Y>
        <Z>14.07808</Z>
      </Vector3>
      <Vector3>
        <X>-2402.63623</X>
        <Y>-243.4262</Y>
        <Z>14.2917414</Z>
      </Vector3>
      <Vector3>
        <X>-2398.09131</X>
        <Y>-245.853973</Y>
        <Z>15.6095676</Z>
      </Vector3>
      <Vector3>
        <X>-2401.65723</X>
        <Y>-241.635071</Y>
        <Z>14.2145929</Z>
      </Vector3>
      <Vector3>
        <X>-2397.112</X>
        <Y>-244.062851</Y>
        <Z>15.53242</Z>
      </Vector3>
      <Vector3>
        <X>-2402.576</X>
        <Y>-243.396622</Y>
        <Z>15.7460814</Z>
      </Vector3>
      <Vector3>
        <X>-2401.59668</X>
        <Y>-241.605484</Y>
        <Z>15.6689329</Z>
      </Vector3>
    </Bounds>
    <CenterCamPosition>
      <X>0</X>
      <Y>0</Y>
    </CenterCamPosition>
    <ScreenBounds />
    <DistanceToCam>0</DistanceToCam>
    <Speed>9.46653652</Speed>
    <AccInput>0</AccInput>
    <RPM>1.35798967</RPM>
    <Gear>0</Gear>
    <SteeringAngle>4.463976E-41</SteeringAngle>
    <WheelSpeed>0</WheelSpeed>
    <CarType>Sports</CarType>
  </MyCar>
  <Peds />
  <Time>274749</Time>
  <LastFrameTime>0.0186442658</LastFrameTime>
  <MyProperty>0</MyProperty>
  <Weather>Foggy</Weather>
  <Steering>126</Steering>
  <Acc>137</Acc>
  <Brake>127</Brake>
  <DayTime>15:16:13</DayTime>
  <Position>
    <X>-2400.73413</X>
    <Y>-243.234329</Y>
    <Z>15.8385611</Z>
  </Position>
  <Rotation>
    <X>1.02869308</X>
    <Y>2.66875267</Y>
    <Z>61.3575</Z>
  </Rotation>
</Screenshot>