<?xml version="1.0" encoding="utf-8"?>
<Screenshot xmlns:xsd="http://www.w3.org/2001/XMLSchema" xmlns:xsi="http://www.w3.org/2001/XMLSchema-instance">
  <Cars />
  <MyCar>
    <Position>
      <X>-2400.135</X>
      <Y>-243.601349</Y>
      <Z>14.9197483</Z>
    </Position>
    <Rotation>
      <X>1.53418553</X>
      <Y>2.15409613</Y>
      <Z>61.3777962</Z>
    </Rotation>
    <Handle>104962</Handle>
    <Bounds>
      <Vector3>
        <X>-2398.411</X>
        <Y>-245.738922</Y>
        <Z>14.1625271</Z>
      </Vector3>
      <Vector3>
        <X>-2397.433</X>
        <Y>-243.947083</Y>
        <Z>14.0857468</Z>
      </Vector3>
      <Vector3>
        <X>-2402.89722</X>
        <Y>-243.284744</Y>
        <Z>14.2993927</Z>
      </Vector3>
      <Vector3>
        <X>-2398.35059</X>
        <Y>-245.709579</Y>
        <Z>15.6168747</Z>
      </Vector3>
      <Vector3>
        <X>-2401.91943</X>
        <Y>-241.4929</Y>
        <Z>14.2226124</Z>
      </Vector3>
      <Vector3>
        <X>-2397.37256</X>
        <Y>-243.91774</Y>
        <Z>15.5400944</Z>
      </Vector3>
      <Vector3>
        <X>-2402.837</X>
        <Y>-243.2554</Y>
        <Z>15.7537394</Z>
      </Vector3>
      <Vector3>
        <X>-2401.85913</X>
        <Y>-241.463562</Y>
        <Z>15.676959</Z>
      </Vector3>
    </Bounds>
    <CenterCamPosition>
      <X>0</X>
      <Y>0</Y>
    </CenterCamPosition>
    <ScreenBounds />
    <DistanceToCam>0</DistanceToCam>
    <Speed>9.480094</Speed>
    <AccInput>0</AccInput>
    <RPM>1.35798967</RPM>
    <Gear>0</Gear>
    <SteeringAngle>4.463976E-41</SteeringAngle>
    <WheelSpeed>0</WheelSpeed>
    <CarType>Sports</CarType>
  </MyCar>
  <Peds />
  <Time>274780</Time>
  <LastFrameTime>0.03140518</LastFrameTime>
  <MyProperty>0</MyProperty>
  <Weather>Foggy</Weather>
  <Steering>127</Steering>
  <Acc>137</Acc>
  <Brake>127</Brake>
  <DayTime>15:16:13</DayTime>
  <Position>
    <X>-2400.889</X>
    <Y>-243.1499</Y>
    <Z>15.8431454</Z>
  </Position>
  <Rotation>
    <X>1.031364</X>
    <Y>2.663987</Y>
    <Z>61.3852768</Z>
  </Rotation>
</Screenshot>