<?xml version="1.0" encoding="utf-8"?>
<Screenshot xmlns:xsd="http://www.w3.org/2001/XMLSchema" xmlns:xsi="http://www.w3.org/2001/XMLSchema-instance">
  <Cars />
  <MyCar>
    <Position>
      <X>-2400.34229</X>
      <Y>-243.4875</Y>
      <Z>14.9257946</Z>
    </Position>
    <Rotation>
      <X>1.53714371</X>
      <Y>2.14607167</Y>
      <Z>61.405117</Z>
    </Rotation>
    <Handle>104962</Handle>
    <Bounds>
      <Vector3>
        <X>-2398.61719</X>
        <Y>-245.624146</Y>
        <Z>14.1682959</Z>
      </Vector3>
      <Vector3>
        <X>-2397.64014</X>
        <Y>-243.831833</Y>
        <Z>14.0918007</Z>
      </Vector3>
      <Vector3>
        <X>-2403.10474</X>
        <Y>-243.172119</Y>
        <Z>14.3054256</Z>
      </Vector3>
      <Vector3>
        <X>-2398.55664</X>
        <Y>-245.594986</Y>
        <Z>15.6226482</Z>
      </Vector3>
      <Vector3>
        <X>-2402.12769</X>
        <Y>-241.3798</Y>
        <Z>14.22893</Z>
      </Vector3>
      <Vector3>
        <X>-2397.57983</X>
        <Y>-243.802673</Y>
        <Z>15.546154</Z>
      </Vector3>
      <Vector3>
        <X>-2403.04419</X>
        <Y>-243.14296</Y>
        <Z>15.759778</Z>
      </Vector3>
      <Vector3>
        <X>-2402.06738</X>
        <Y>-241.350647</Y>
        <Z>15.6832838</Z>
      </Vector3>
    </Bounds>
    <CenterCamPosition>
      <X>0</X>
      <Y>0</Y>
    </CenterCamPosition>
    <ScreenBounds />
    <DistanceToCam>0</DistanceToCam>
    <Speed>9.490669</Speed>
    <AccInput>0</AccInput>
    <RPM>1.35798967</RPM>
    <Gear>0</Gear>
    <SteeringAngle>4.463976E-41</SteeringAngle>
    <WheelSpeed>0</WheelSpeed>
    <CarType>Sports</CarType>
  </MyCar>
  <Peds />
  <Time>274805</Time>
  <LastFrameTime>0.0249328725</LastFrameTime>
  <MyProperty>0</MyProperty>
  <Weather>Foggy</Weather>
  <Steering>127</Steering>
  <Acc>137</Acc>
  <Brake>127</Brake>
  <DayTime>15:16:13</DayTime>
  <Position>
    <X>-2401.15015</X>
    <Y>-243.007523</Y>
    <Z>15.8508959</Z>
  </Position>
  <Rotation>
    <X>1.03529572</X>
    <Y>2.653663</Y>
    <Z>61.425724</Z>
  </Rotation>
</Screenshot>