<?xml version="1.0" encoding="utf-8"?>
<Screenshot xmlns:xsd="http://www.w3.org/2001/XMLSchema" xmlns:xsi="http://www.w3.org/2001/XMLSchema-instance">
  <Cars />
  <MyCar>
    <Position>
      <X>-2400.577</X>
      <Y>-243.358444</Y>
      <Z>14.9326849</Z>
    </Position>
    <Rotation>
      <X>1.54072475</X>
      <Y>2.13777876</Y>
      <Z>61.42472</Z>
    </Rotation>
    <Handle>104962</Handle>
    <Bounds>
      <Vector3>
        <X>-2398.851</X>
        <Y>-245.494385</Y>
        <Z>14.1748753</Z>
      </Vector3>
      <Vector3>
        <X>-2397.87451</X>
        <Y>-243.701721</Y>
        <Z>14.0986767</Z>
      </Vector3>
      <Vector3>
        <X>-2403.33936</X>
        <Y>-243.0439</Y>
        <Z>14.3123255</Z>
      </Vector3>
      <Vector3>
        <X>-2398.79077</X>
        <Y>-245.465424</Y>
        <Z>15.6292334</Z>
      </Vector3>
      <Vector3>
        <X>-2402.363</X>
        <Y>-241.251251</Y>
        <Z>14.2361259</Z>
      </Vector3>
      <Vector3>
        <X>-2397.81421</X>
        <Y>-243.672775</Y>
        <Z>15.5530348</Z>
      </Vector3>
      <Vector3>
        <X>-2403.279</X>
        <Y>-243.014954</Y>
        <Z>15.7666836</Z>
      </Vector3>
      <Vector3>
        <X>-2402.30273</X>
        <Y>-241.22229</Y>
        <Z>15.690484</Z>
      </Vector3>
    </Bounds>
    <CenterCamPosition>
      <X>0</X>
      <Y>0</Y>
    </CenterCamPosition>
    <ScreenBounds />
    <DistanceToCam>0</DistanceToCam>
    <Speed>9.504053</Speed>
    <AccInput>0</AccInput>
    <RPM>1.35798967</RPM>
    <Gear>0</Gear>
    <SteeringAngle>4.463976E-41</SteeringAngle>
    <WheelSpeed>0</WheelSpeed>
    <CarType>Sports</CarType>
  </MyCar>
  <Peds />
  <Time>274833</Time>
  <LastFrameTime>0.0282000564</LastFrameTime>
  <MyProperty>0</MyProperty>
  <Weather>Foggy</Weather>
  <Steering>127</Steering>
  <Acc>137</Acc>
  <Brake>127</Brake>
  <DayTime>15:16:13</DayTime>
  <Position>
    <X>-2401.35767</X>
    <Y>-242.894287</Y>
    <Z>15.857007</Z>
  </Position>
  <Rotation>
    <X>1.03825068</X>
    <Y>2.645638</Y>
    <Z>61.4530373</Z>
  </Rotation>
</Screenshot>