<?xml version="1.0" encoding="utf-8"?>
<Screenshot xmlns:xsd="http://www.w3.org/2001/XMLSchema" xmlns:xsi="http://www.w3.org/2001/XMLSchema-instance">
  <Cars />
  <MyCar>
    <Position>
      <X>-2400.861</X>
      <Y>-243.202179</Y>
      <Z>14.9409895</Z>
    </Position>
    <Rotation>
      <X>1.54152489</X>
      <Y>2.121975</Y>
      <Z>61.44042</Z>
    </Rotation>
    <Handle>104962</Handle>
    <Bounds>
      <Vector3>
        <X>-2399.13452</X>
        <Y>-245.337448</Y>
        <Z>14.1828547</Z>
      </Vector3>
      <Vector3>
        <X>-2398.15869</X>
        <Y>-243.54451</Y>
        <Z>14.1072187</Z>
      </Vector3>
      <Vector3>
        <X>-2403.62354</X>
        <Y>-242.888229</Y>
        <Z>14.3203773</Z>
      </Vector3>
      <Vector3>
        <X>-2399.07446</X>
        <Y>-245.308838</Y>
        <Z>15.6372271</Z>
      </Vector3>
      <Vector3>
        <X>-2402.64771</X>
        <Y>-241.095291</Y>
        <Z>14.2447414</Z>
      </Vector3>
      <Vector3>
        <X>-2398.09839</X>
        <Y>-243.515915</Y>
        <Z>15.5615911</Z>
      </Vector3>
      <Vector3>
        <X>-2403.56348</X>
        <Y>-242.859634</Y>
        <Z>15.77475</Z>
      </Vector3>
      <Vector3>
        <X>-2402.58765</X>
        <Y>-241.0667</Y>
        <Z>15.6991138</Z>
      </Vector3>
    </Bounds>
    <CenterCamPosition>
      <X>0</X>
      <Y>0</Y>
    </CenterCamPosition>
    <ScreenBounds />
    <DistanceToCam>0</DistanceToCam>
    <Speed>9.518077</Speed>
    <AccInput>0</AccInput>
    <RPM>1.35798967</RPM>
    <Gear>0</Gear>
    <SteeringAngle>4.463976E-41</SteeringAngle>
    <WheelSpeed>0</WheelSpeed>
    <CarType>Sports</CarType>
  </MyCar>
  <Peds />
  <Time>274867</Time>
  <LastFrameTime>0.0341069922</LastFrameTime>
  <MyProperty>0</MyProperty>
  <Weather>Foggy</Weather>
  <Steering>127</Steering>
  <Acc>137</Acc>
  <Brake>127</Brake>
  <DayTime>15:16:13</DayTime>
  <Position>
    <X>-2401.59253</X>
    <Y>-242.765717</Y>
    <Z>15.8639755</Z>
  </Position>
  <Rotation>
    <X>1.04182863</X>
    <Y>2.63734317</Y>
    <Z>61.4726563</Z>
  </Rotation>
</Screenshot>