<?xml version="1.0" encoding="utf-8"?>
<Screenshot xmlns:xsd="http://www.w3.org/2001/XMLSchema" xmlns:xsi="http://www.w3.org/2001/XMLSchema-instance">
  <Cars />
  <MyCar>
    <Position>
      <X>-2401.24854</X>
      <Y>-242.989212</Y>
      <Z>14.95241</Z>
    </Position>
    <Rotation>
      <X>1.541093</X>
      <Y>2.110679</Y>
      <Z>61.4499435</Z>
    </Rotation>
    <Handle>104962</Handle>
    <Bounds>
      <Vector3>
        <X>-2399.52148</X>
        <Y>-245.124069</Y>
        <Z>14.194087</Z>
      </Vector3>
      <Vector3>
        <X>-2398.546</X>
        <Y>-243.330963</Y>
        <Z>14.1188536</Z>
      </Vector3>
      <Vector3>
        <X>-2404.011</X>
        <Y>-242.675629</Y>
        <Z>14.3315725</Z>
      </Vector3>
      <Vector3>
        <X>-2399.46143</X>
        <Y>-245.0957</Y>
        <Z>15.6484709</Z>
      </Vector3>
      <Vector3>
        <X>-2403.0354</X>
        <Y>-240.8825</Y>
        <Z>14.2563391</Z>
      </Vector3>
      <Vector3>
        <X>-2398.48584</X>
        <Y>-243.302582</Y>
        <Z>15.5732374</Z>
      </Vector3>
      <Vector3>
        <X>-2403.951</X>
        <Y>-242.647247</Y>
        <Z>15.7859554</Z>
      </Vector3>
      <Vector3>
        <X>-2402.97534</X>
        <Y>-240.854141</Y>
        <Z>15.710722</Z>
      </Vector3>
    </Bounds>
    <CenterCamPosition>
      <X>0</X>
      <Y>0</Y>
    </CenterCamPosition>
    <ScreenBounds />
    <DistanceToCam>0</DistanceToCam>
    <Speed>9.536846</Speed>
    <AccInput>0</AccInput>
    <RPM>1.35798967</RPM>
    <Gear>0</Gear>
    <SteeringAngle>4.463976E-41</SteeringAngle>
    <WheelSpeed>0</WheelSpeed>
    <CarType>Sports</CarType>
  </MyCar>
  <Peds />
  <Time>274914</Time>
  <LastFrameTime>0.04639438</LastFrameTime>
  <MyProperty>0</MyProperty>
  <Weather>Foggy</Weather>
  <Steering>127</Steering>
  <Acc>137</Acc>
  <Brake>127</Brake>
  <DayTime>15:16:13</DayTime>
  <Position>
    <X>-2401.877</X>
    <Y>-242.60997</Y>
    <Z>15.8723068</Z>
  </Position>
  <Rotation>
    <X>1.04261613</X>
    <Y>2.6215415</Y>
    <Z>61.4881134</Z>
  </Rotation>
</Screenshot>