<?xml version="1.0" encoding="utf-8"?>
<Screenshot xmlns:xsd="http://www.w3.org/2001/XMLSchema" xmlns:xsi="http://www.w3.org/2001/XMLSchema-instance">
  <Cars />
  <MyCar>
    <Position>
      <X>-2401.81372</X>
      <Y>-242.678253</Y>
      <Z>14.9691334</Z>
    </Position>
    <Rotation>
      <X>1.537635</X>
      <Y>2.09693146</Y>
      <Z>61.44601</Z>
    </Rotation>
    <Handle>104962</Handle>
    <Bounds>
      <Vector3>
        <X>-2400.08667</X>
        <Y>-244.81308</Y>
        <Z>14.2107124</Z>
      </Vector3>
      <Vector3>
        <X>-2399.111</X>
        <Y>-243.02002</Y>
        <Z>14.1359682</Z>
      </Vector3>
      <Vector3>
        <X>-2404.57617</X>
        <Y>-242.364365</Y>
        <Z>14.34789</Z>
      </Vector3>
      <Vector3>
        <X>-2400.02686</X>
        <Y>-244.784988</Y>
        <Z>15.6651106</Z>
      </Vector3>
      <Vector3>
        <X>-2403.60034</X>
        <Y>-240.5713</Y>
        <Z>14.2731466</Z>
      </Vector3>
      <Vector3>
        <X>-2399.05127</X>
        <Y>-242.991928</Y>
        <Z>15.5903664</Z>
      </Vector3>
      <Vector3>
        <X>-2404.51636</X>
        <Y>-242.336273</Y>
        <Z>15.802289</Z>
      </Vector3>
      <Vector3>
        <X>-2403.54053</X>
        <Y>-240.5432</Y>
        <Z>15.7275448</Z>
      </Vector3>
    </Bounds>
    <CenterCamPosition>
      <X>0</X>
      <Y>0</Y>
    </CenterCamPosition>
    <ScreenBounds />
    <DistanceToCam>0</DistanceToCam>
    <Speed>9.56347752</Speed>
    <AccInput>0</AccInput>
    <RPM>1.35798967</RPM>
    <Gear>0</Gear>
    <SteeringAngle>4.463976E-41</SteeringAngle>
    <WheelSpeed>0</WheelSpeed>
    <CarType>Sports</CarType>
  </MyCar>
  <Peds />
  <Time>274981</Time>
  <LastFrameTime>0.04820252</LastFrameTime>
  <MyProperty>0</MyProperty>
  <Weather>Foggy</Weather>
  <Steering>127</Steering>
  <Acc>137</Acc>
  <Brake>127</Brake>
  <DayTime>15:16:13</DayTime>
  <Position>
    <X>-2402.42627</X>
    <Y>-242.308456</Y>
    <Z>15.8885145</Z>
  </Position>
  <Rotation>
    <X>1.04229176</X>
    <Y>2.606822</Y>
    <Z>61.4987</Z>
  </Rotation>
</Screenshot>