<?xml version="1.0" encoding="utf-8"?>
<Screenshot xmlns:xsd="http://www.w3.org/2001/XMLSchema" xmlns:xsi="http://www.w3.org/2001/XMLSchema-instance">
  <Cars />
  <MyCar>
    <Position>
      <X>-2401.41016</X>
      <Y>-242.900269</Y>
      <Z>14.9571953</Z>
    </Position>
    <Rotation>
      <X>1.54121292</X>
      <Y>2.10725284</Y>
      <Z>61.4512978</Z>
    </Rotation>
    <Handle>104962</Handle>
    <Bounds>
      <Vector3>
        <X>-2399.683</X>
        <Y>-245.035049</Y>
        <Z>14.1988049</Z>
      </Vector3>
      <Vector3>
        <X>-2398.70752</X>
        <Y>-243.241913</Y>
        <Z>14.1236935</Z>
      </Vector3>
      <Vector3>
        <X>-2404.17261</X>
        <Y>-242.586716</Y>
        <Z>14.3363008</Z>
      </Vector3>
      <Vector3>
        <X>-2399.623</X>
        <Y>-245.006744</Y>
        <Z>15.6531916</Z>
      </Vector3>
      <Vector3>
        <X>-2403.197</X>
        <Y>-240.793579</Y>
        <Z>14.2611895</Z>
      </Vector3>
      <Vector3>
        <X>-2398.64746</X>
        <Y>-243.213608</Y>
        <Z>15.5780792</Z>
      </Vector3>
      <Vector3>
        <X>-2404.11279</X>
        <Y>-242.558411</Y>
        <Z>15.7906876</Z>
      </Vector3>
      <Vector3>
        <X>-2403.13721</X>
        <Y>-240.765274</Y>
        <Z>15.7155762</Z>
      </Vector3>
    </Bounds>
    <CenterCamPosition>
      <X>0</X>
      <Y>0</Y>
    </CenterCamPosition>
    <ScreenBounds />
    <DistanceToCam>0</DistanceToCam>
    <Speed>9.544524</Speed>
    <AccInput>0</AccInput>
    <RPM>1.35798967</RPM>
    <Gear>0</Gear>
    <SteeringAngle>4.463976E-41</SteeringAngle>
    <WheelSpeed>0</WheelSpeed>
    <CarType>Sports</CarType>
  </MyCar>
  <Peds />
  <Time>274933</Time>
  <LastFrameTime>0.019351447</LastFrameTime>
  <MyProperty>0</MyProperty>
  <Weather>Foggy</Weather>
  <Steering>127</Steering>
  <Acc>137</Acc>
  <Brake>127</Brake>
  <DayTime>15:16:13</DayTime>
  <Position>
    <X>-2402.26465</X>
    <Y>-242.397324</Y>
    <Z>15.8837242</Z>
  </Position>
  <Rotation>
    <X>1.04217458</X>
    <Y>2.61024785</Y>
    <Z>61.49741</Z>
  </Rotation>
</Screenshot>