<?xml version="1.0" encoding="utf-8"?>
<Screenshot xmlns:xsd="http://www.w3.org/2001/XMLSchema" xmlns:xsi="http://www.w3.org/2001/XMLSchema-instance">
  <Cars />
  <MyCar>
    <Position>
      <X>-2401.97</X>
      <Y>-242.592224</Y>
      <Z>14.9737568</Z>
    </Position>
    <Rotation>
      <X>1.53710449</X>
      <Y>2.094709</Y>
      <Z>61.4424438</Z>
    </Rotation>
    <Handle>104962</Handle>
    <Bounds>
      <Vector3>
        <X>-2400.24316</X>
        <Y>-244.727142</Y>
        <Z>14.2153177</Z>
      </Vector3>
      <Vector3>
        <X>-2399.26733</X>
        <Y>-242.934143</Y>
        <Z>14.1406536</Z>
      </Vector3>
      <Vector3>
        <X>-2404.73242</X>
        <Y>-242.278152</Y>
        <Z>14.3524494</Z>
      </Vector3>
      <Vector3>
        <X>-2400.18335</X>
        <Y>-244.699081</Y>
        <Z>15.6697187</Z>
      </Vector3>
      <Vector3>
        <X>-2403.75635</X>
        <Y>-240.485153</Y>
        <Z>14.2777843</Z>
      </Vector3>
      <Vector3>
        <X>-2399.20752</X>
        <Y>-242.906082</Y>
        <Z>15.5950546</Z>
      </Vector3>
      <Vector3>
        <X>-2404.67261</X>
        <Y>-242.250092</Y>
        <Z>15.80685</Z>
      </Vector3>
      <Vector3>
        <X>-2403.69678</X>
        <Y>-240.457092</Y>
        <Z>15.7321854</Z>
      </Vector3>
    </Bounds>
    <CenterCamPosition>
      <X>0</X>
      <Y>0</Y>
    </CenterCamPosition>
    <ScreenBounds />
    <DistanceToCam>0</DistanceToCam>
    <Speed>9.57075</Speed>
    <AccInput>0</AccInput>
    <RPM>1.35798967</RPM>
    <Gear>0</Gear>
    <SteeringAngle>4.463976E-41</SteeringAngle>
    <WheelSpeed>0</WheelSpeed>
    <CarType>Sports</CarType>
  </MyCar>
  <Peds />
  <Time>275000</Time>
  <LastFrameTime>0.0186517127</LastFrameTime>
  <MyProperty>0</MyProperty>
  <Weather>Foggy</Weather>
  <Steering>127</Steering>
  <Acc>137</Acc>
  <Brake>127</Brake>
  <DayTime>15:16:13</DayTime>
  <Position>
    <X>-2402.82983</X>
    <Y>-242.086472</Y>
    <Z>15.9003859</Z>
  </Position>
  <Rotation>
    <X>1.03870153</X>
    <Y>2.596505</Y>
    <Z>61.4930649</Z>
  </Rotation>
</Screenshot>