<?xml version="1.0" encoding="utf-8"?>
<Screenshot xmlns:xsd="http://www.w3.org/2001/XMLSchema" xmlns:xsi="http://www.w3.org/2001/XMLSchema-instance">
  <Cars />
  <MyCar>
    <Position>
      <X>-2402.52637</X>
      <Y>-242.285736</Y>
      <Z>14.9901762</Z>
    </Position>
    <Rotation>
      <X>1.53542137</X>
      <Y>2.08324456</Y>
      <Z>61.42251</Z>
    </Rotation>
    <Handle>104962</Handle>
    <Bounds>
      <Vector3>
        <X>-2400.8</X>
        <Y>-244.421127</Y>
        <Z>14.2316017</Z>
      </Vector3>
      <Vector3>
        <X>-2399.82373</X>
        <Y>-242.628448</Y>
        <Z>14.1573458</Z>
      </Vector3>
      <Vector3>
        <X>-2405.28857</X>
        <Y>-241.9706</Y>
        <Z>14.3685837</Z>
      </Vector3>
      <Vector3>
        <X>-2400.74048</X>
        <Y>-244.393326</Y>
        <Z>15.6860151</Z>
      </Vector3>
      <Vector3>
        <X>-2404.312</X>
        <Y>-240.177933</Y>
        <Z>14.2943277</Z>
      </Vector3>
      <Vector3>
        <X>-2399.76416</X>
        <Y>-242.600662</Y>
        <Z>15.6117582</Z>
      </Vector3>
      <Vector3>
        <X>-2405.229</X>
        <Y>-241.94281</Y>
        <Z>15.8229961</Z>
      </Vector3>
      <Vector3>
        <X>-2404.25244</X>
        <Y>-240.150131</Y>
        <Z>15.74874</Z>
      </Vector3>
    </Bounds>
    <CenterCamPosition>
      <X>0</X>
      <Y>0</Y>
    </CenterCamPosition>
    <ScreenBounds />
    <DistanceToCam>0</DistanceToCam>
    <Speed>9.596328</Speed>
    <AccInput>0</AccInput>
    <RPM>1.35798967</RPM>
    <Gear>0</Gear>
    <SteeringAngle>4.463976E-41</SteeringAngle>
    <WheelSpeed>0</WheelSpeed>
    <CarType>Sports</CarType>
  </MyCar>
  <Peds />
  <Time>275066</Time>
  <LastFrameTime>0.0194612946</LastFrameTime>
  <MyProperty>0</MyProperty>
  <Weather>Foggy</Weather>
  <Steering>127</Steering>
  <Acc>137</Acc>
  <Brake>127</Brake>
  <DayTime>15:16:13</DayTime>
  <Position>
    <X>-2403.379</X>
    <Y>-241.783875</Y>
    <Z>15.9165783</Z>
  </Position>
  <Rotation>
    <X>1.03762114</X>
    <Y>2.58518386</Y>
    <Z>61.47582</Z>
  </Rotation>
</Screenshot>