<?xml version="1.0" encoding="utf-8"?>
<Screenshot xmlns:xsd="http://www.w3.org/2001/XMLSchema" xmlns:xsi="http://www.w3.org/2001/XMLSchema-instance">
  <Cars />
  <MyCar>
    <Position>
      <X>-2402.36279</X>
      <Y>-242.375809</Y>
      <Z>14.9853411</Z>
    </Position>
    <Rotation>
      <X>1.53656507</X>
      <Y>2.08560729</Y>
      <Z>61.4290161</Z>
    </Rotation>
    <Handle>104962</Handle>
    <Bounds>
      <Vector3>
        <X>-2400.63647</X>
        <Y>-244.511032</Y>
        <Z>14.22676</Z>
      </Vector3>
      <Vector3>
        <X>-2399.66016</X>
        <Y>-242.718246</Y>
        <Z>14.1524191</Z>
      </Vector3>
      <Vector3>
        <X>-2405.125</X>
        <Y>-242.061</Y>
        <Z>14.363843</Z>
      </Vector3>
      <Vector3>
        <X>-2400.57666</X>
        <Y>-244.483185</Y>
        <Z>15.6811695</Z>
      </Vector3>
      <Vector3>
        <X>-2404.14868</X>
        <Y>-240.268219</Y>
        <Z>14.2895031</Z>
      </Vector3>
      <Vector3>
        <X>-2399.60034</X>
        <Y>-242.6904</Y>
        <Z>15.6068287</Z>
      </Vector3>
      <Vector3>
        <X>-2405.06543</X>
        <Y>-242.033157</Y>
        <Z>15.8182526</Z>
      </Vector3>
      <Vector3>
        <X>-2404.089</X>
        <Y>-240.240372</Y>
        <Z>15.7439127</Z>
      </Vector3>
    </Bounds>
    <CenterCamPosition>
      <X>0</X>
      <Y>0</Y>
    </CenterCamPosition>
    <ScreenBounds />
    <DistanceToCam>0</DistanceToCam>
    <Speed>9.588859</Speed>
    <AccInput>0</AccInput>
    <RPM>1.35798967</RPM>
    <Gear>0</Gear>
    <SteeringAngle>4.463976E-41</SteeringAngle>
    <WheelSpeed>0</WheelSpeed>
    <CarType>Sports</CarType>
  </MyCar>
  <Peds />
  <Time>275047</Time>
  <LastFrameTime>0.04682384</LastFrameTime>
  <MyProperty>0</MyProperty>
  <Weather>Foggy</Weather>
  <Steering>127</Steering>
  <Acc>137</Acc>
  <Brake>127</Brake>
  <DayTime>15:16:13</DayTime>
  <Position>
    <X>-2402.986</X>
    <Y>-242.000412</Y>
    <Z>15.905</Z>
  </Position>
  <Rotation>
    <X>1.03816867</X>
    <Y>2.59428334</Y>
    <Z>61.4894371</Z>
  </Rotation>
</Screenshot>