<?xml version="1.0" encoding="utf-8"?>
<Screenshot xmlns:xsd="http://www.w3.org/2001/XMLSchema" xmlns:xsi="http://www.w3.org/2001/XMLSchema-instance">
  <Cars />
  <MyCar>
    <Position>
      <X>-2403.3606</X>
      <Y>-241.8257</Y>
      <Z>15.01482</Z>
    </Position>
    <Rotation>
      <X>1.52993274</X>
      <Y>2.06932831</Y>
      <Z>61.3808022</Z>
    </Rotation>
    <Handle>104962</Handle>
    <Bounds>
      <Vector3>
        <X>-2401.63574</X>
        <Y>-243.962219</Y>
        <Z>14.2562342</Z>
      </Vector3>
      <Vector3>
        <X>-2400.658</X>
        <Y>-242.170242</Y>
        <Z>14.1824741</Z>
      </Vector3>
      <Vector3>
        <X>-2406.12231</X>
        <Y>-241.508453</Y>
        <Z>14.3927279</Z>
      </Vector3>
      <Vector3>
        <X>-2401.57642</X>
        <Y>-243.934708</Y>
        <Z>15.7106628</Z>
      </Vector3>
      <Vector3>
        <X>-2405.14453</X>
        <Y>-239.716476</Y>
        <Z>14.3189669</Z>
      </Vector3>
      <Vector3>
        <X>-2400.59863</X>
        <Y>-242.142731</Y>
        <Z>15.6369028</Z>
      </Vector3>
      <Vector3>
        <X>-2406.063</X>
        <Y>-241.480942</Y>
        <Z>15.8471565</Z>
      </Vector3>
      <Vector3>
        <X>-2405.08521</X>
        <Y>-239.688965</Y>
        <Z>15.7733965</Z>
      </Vector3>
    </Bounds>
    <CenterCamPosition>
      <X>0</X>
      <Y>0</Y>
    </CenterCamPosition>
    <ScreenBounds />
    <DistanceToCam>0</DistanceToCam>
    <Speed>9.633962</Speed>
    <AccInput>0</AccInput>
    <RPM>1.35798967</RPM>
    <Gear>0</Gear>
    <SteeringAngle>4.463976E-41</SteeringAngle>
    <WheelSpeed>0</WheelSpeed>
    <CarType>Sports</CarType>
  </MyCar>
  <Peds />
  <Time>275165</Time>
  <LastFrameTime>0.0187460445</LastFrameTime>
  <MyProperty>0</MyProperty>
  <Weather>Foggy</Weather>
  <Steering>127</Steering>
  <Acc>137</Acc>
  <Brake>127</Brake>
  <DayTime>15:16:13</DayTime>
  <Position>
    <X>-2404.21826</X>
    <Y>-241.320435</Y>
    <Z>15.9412527</Z>
  </Position>
  <Rotation>
    <X>1.031034</X>
    <Y>2.57202363</Y>
    <Z>61.4357033</Z>
  </Rotation>
</Screenshot>