<?xml version="1.0" encoding="utf-8"?>
<Screenshot xmlns:xsd="http://www.w3.org/2001/XMLSchema" xmlns:xsi="http://www.w3.org/2001/XMLSchema-instance">
  <Cars />
  <MyCar>
    <Position>
      <X>-2402.81152</X>
      <Y>-242.128555</Y>
      <Z>14.9985952</Z>
    </Position>
    <Rotation>
      <X>1.53247368</X>
      <Y>2.07683849</Y>
      <Z>61.40955</Z>
    </Rotation>
    <Handle>104962</Handle>
    <Bounds>
      <Vector3>
        <X>-2401.08569</X>
        <Y>-244.264282</Y>
        <Z>14.2400341</Z>
      </Vector3>
      <Vector3>
        <X>-2400.109</X>
        <Y>-242.471817</Y>
        <Z>14.1660061</Z>
      </Vector3>
      <Vector3>
        <X>-2405.57349</X>
        <Y>-241.812759</Y>
        <Z>14.3767538</Z>
      </Vector3>
      <Vector3>
        <X>-2401.02637</X>
        <Y>-244.2366</Y>
        <Z>15.6944551</Z>
      </Vector3>
      <Vector3>
        <X>-2404.59668</X>
        <Y>-240.0203</Y>
        <Z>14.3027258</Z>
      </Vector3>
      <Vector3>
        <X>-2400.04932</X>
        <Y>-242.444138</Y>
        <Z>15.6204271</Z>
      </Vector3>
      <Vector3>
        <X>-2405.51416</X>
        <Y>-241.78508</Y>
        <Z>15.8311739</Z>
      </Vector3>
      <Vector3>
        <X>-2404.537</X>
        <Y>-239.992615</Y>
        <Z>15.7571468</Z>
      </Vector3>
    </Bounds>
    <CenterCamPosition>
      <X>0</X>
      <Y>0</Y>
    </CenterCamPosition>
    <ScreenBounds />
    <DistanceToCam>0</DistanceToCam>
    <Speed>9.60927</Speed>
    <AccInput>0</AccInput>
    <RPM>1.35798967</RPM>
    <Gear>0</Gear>
    <SteeringAngle>4.463976E-41</SteeringAngle>
    <WheelSpeed>0</WheelSpeed>
    <CarType>Sports</CarType>
  </MyCar>
  <Peds />
  <Time>275100</Time>
  <LastFrameTime>0.0339031219</LastFrameTime>
  <MyProperty>0</MyProperty>
  <Weather>Foggy</Weather>
  <Steering>127</Steering>
  <Acc>137</Acc>
  <Brake>127</Brake>
  <DayTime>15:16:13</DayTime>
  <Position>
    <X>-2403.54248</X>
    <Y>-241.69371</Y>
    <Z>15.9213915</Z>
  </Position>
  <Rotation>
    <X>1.03647423</X>
    <Y>2.58282232</Y>
    <Z>61.46921</Z>
  </Rotation>
</Screenshot>