<?xml version="1.0" encoding="utf-8"?>
<Screenshot xmlns:xsd="http://www.w3.org/2001/XMLSchema" xmlns:xsi="http://www.w3.org/2001/XMLSchema-instance">
  <Cars />
  <MyCar>
    <Position>
      <X>-2403.20239</X>
      <Y>-241.912933</Y>
      <Z>15.0101423</Z>
    </Position>
    <Rotation>
      <X>1.52999532</X>
      <Y>2.07243967</Y>
      <Z>61.38943</Z>
    </Rotation>
    <Handle>104962</Handle>
    <Bounds>
      <Vector3>
        <X>-2401.47729</X>
        <Y>-244.049225</Y>
        <Z>14.2516108</Z>
      </Vector3>
      <Vector3>
        <X>-2400.49976</X>
        <Y>-242.2571</Y>
        <Z>14.1777391</Z>
      </Vector3>
      <Vector3>
        <X>-2405.96436</X>
        <Y>-241.596146</Y>
        <Z>14.3881092</Z>
      </Vector3>
      <Vector3>
        <X>-2401.418</X>
        <Y>-244.021637</Y>
        <Z>15.7060366</Z>
      </Vector3>
      <Vector3>
        <X>-2404.98682</X>
        <Y>-239.804016</Y>
        <Z>14.3142376</Z>
      </Vector3>
      <Vector3>
        <X>-2400.44043</X>
        <Y>-242.2295</Y>
        <Z>15.6321659</Z>
      </Vector3>
      <Vector3>
        <X>-2405.905</X>
        <Y>-241.568542</Y>
        <Z>15.842536</Z>
      </Vector3>
      <Vector3>
        <X>-2404.92749</X>
        <Y>-239.776428</Y>
        <Z>15.7686644</Z>
      </Vector3>
    </Bounds>
    <CenterCamPosition>
      <X>0</X>
      <Y>0</Y>
    </CenterCamPosition>
    <ScreenBounds />
    <DistanceToCam>0</DistanceToCam>
    <Speed>9.626877</Speed>
    <AccInput>0</AccInput>
    <RPM>1.35798967</RPM>
    <Gear>0</Gear>
    <SteeringAngle>4.463976E-41</SteeringAngle>
    <WheelSpeed>0</WheelSpeed>
    <CarType>Sports</CarType>
  </MyCar>
  <Peds />
  <Time>275146</Time>
  <LastFrameTime>0.04639997</LastFrameTime>
  <MyProperty>0</MyProperty>
  <Weather>Foggy</Weather>
  <Steering>127</Steering>
  <Acc>137</Acc>
  <Brake>127</Brake>
  <DayTime>15:16:13</DayTime>
  <Position>
    <X>-2403.82764</X>
    <Y>-241.536377</Y>
    <Z>15.9297533</Z>
  </Position>
  <Rotation>
    <X>1.03351831</X>
    <Y>2.57641983</Y>
    <Z>61.4560051</Z>
  </Rotation>
</Screenshot>