<?xml version="1.0" encoding="utf-8"?>
<Screenshot xmlns:xsd="http://www.w3.org/2001/XMLSchema" xmlns:xsi="http://www.w3.org/2001/XMLSchema-instance">
  <Cars />
  <MyCar>
    <Position>
      <X>-2403.77</X>
      <Y>-241.599609</Y>
      <Z>15.0269032</Z>
    </Position>
    <Rotation>
      <X>1.52827048</X>
      <Y>2.06015134</Y>
      <Z>61.35692</Z>
    </Rotation>
    <Handle>104962</Handle>
    <Bounds>
      <Vector3>
        <X>-2402.046</X>
        <Y>-243.736755</Y>
        <Z>14.2682228</Z>
      </Vector3>
      <Vector3>
        <X>-2401.06738</X>
        <Y>-241.94516</Y>
        <Z>14.1947889</Z>
      </Vector3>
      <Vector3>
        <X>-2406.53174</X>
        <Y>-241.281143</Y>
        <Z>14.4045687</Z>
      </Vector3>
      <Vector3>
        <X>-2401.98682</X>
        <Y>-243.709442</Y>
        <Z>15.722661</Z>
      </Vector3>
      <Vector3>
        <X>-2405.553</X>
        <Y>-239.489563</Y>
        <Z>14.3311348</Z>
      </Vector3>
      <Vector3>
        <X>-2401.0083</X>
        <Y>-241.917862</Y>
        <Z>15.6492281</Z>
      </Vector3>
      <Vector3>
        <X>-2406.47241</X>
        <Y>-241.253845</Y>
        <Z>15.8590069</Z>
      </Vector3>
      <Vector3>
        <X>-2405.494</X>
        <Y>-239.46225</Y>
        <Z>15.785574</Z>
      </Vector3>
    </Bounds>
    <CenterCamPosition>
      <X>0</X>
      <Y>0</Y>
    </CenterCamPosition>
    <ScreenBounds />
    <DistanceToCam>0</DistanceToCam>
    <Speed>9.652211</Speed>
    <AccInput>0</AccInput>
    <RPM>1.35798967</RPM>
    <Gear>0</Gear>
    <SteeringAngle>4.463976E-41</SteeringAngle>
    <WheelSpeed>0</WheelSpeed>
    <CarType>Sports</CarType>
  </MyCar>
  <Peds />
  <Time>275214</Time>
  <LastFrameTime>0.0484821051</LastFrameTime>
  <MyProperty>0</MyProperty>
  <Weather>Foggy</Weather>
  <Steering>127</Steering>
  <Acc>137</Acc>
  <Brake>127</Brake>
  <DayTime>15:16:13</DayTime>
  <Position>
    <X>-2404.37646</X>
    <Y>-241.2331</Y>
    <Z>15.9459305</Z>
  </Position>
  <Rotation>
    <X>1.0309689</X>
    <Y>2.568913</Y>
    <Z>61.42701</Z>
  </Rotation>
</Screenshot>