<?xml version="1.0" encoding="utf-8"?>
<Screenshot xmlns:xsd="http://www.w3.org/2001/XMLSchema" xmlns:xsi="http://www.w3.org/2001/XMLSchema-instance">
  <Cars />
  <MyCar>
    <Position>
      <X>-2404.496</X>
      <Y>-241.197968</Y>
      <Z>15.0484619</Z>
    </Position>
    <Rotation>
      <X>1.53088462</X>
      <Y>2.05536485</Y>
      <Z>61.3127556</Z>
    </Rotation>
    <Handle>104962</Handle>
    <Bounds>
      <Vector3>
        <X>-2402.77368</X>
        <Y>-243.336365</Y>
        <Z>14.2895784</Z>
      </Vector3>
      <Vector3>
        <X>-2401.7937</X>
        <Y>-241.545532</Y>
        <Z>14.2163153</Z>
      </Vector3>
      <Vector3>
        <X>-2407.25757</X>
        <Y>-240.8773</Y>
        <Z>14.426158</Z>
      </Vector3>
      <Vector3>
        <X>-2402.7146</X>
        <Y>-243.30925</Y>
        <Z>15.7440195</Z>
      </Vector3>
      <Vector3>
        <X>-2406.27759</X>
        <Y>-239.086472</Y>
        <Z>14.3528948</Z>
      </Vector3>
      <Vector3>
        <X>-2401.73462</X>
        <Y>-241.518417</Y>
        <Z>15.6707563</Z>
      </Vector3>
      <Vector3>
        <X>-2407.19824</X>
        <Y>-240.850189</Y>
        <Z>15.880599</Z>
      </Vector3>
      <Vector3>
        <X>-2406.21826</X>
        <Y>-239.059357</Y>
        <Z>15.8073359</Z>
      </Vector3>
    </Bounds>
    <CenterCamPosition>
      <X>0</X>
      <Y>0</Y>
    </CenterCamPosition>
    <ScreenBounds />
    <DistanceToCam>0</DistanceToCam>
    <Speed>9.684139</Speed>
    <AccInput>0</AccInput>
    <RPM>1.35798967</RPM>
    <Gear>0</Gear>
    <SteeringAngle>4.463976E-41</SteeringAngle>
    <WheelSpeed>0</WheelSpeed>
    <CarType>Sports</CarType>
  </MyCar>
  <Peds />
  <Time>275299</Time>
  <LastFrameTime>0.0197253618</LastFrameTime>
  <MyProperty>0</MyProperty>
  <Weather>Foggy</Weather>
  <Steering>127</Steering>
  <Acc>137</Acc>
  <Brake>127</Brake>
  <DayTime>15:16:13</DayTime>
  <Position>
    <X>-2405.34448</X>
    <Y>-240.697</Y>
    <Z>15.9746065</Z>
  </Position>
  <Rotation>
    <X>1.03045225</X>
    <Y>2.555365</Y>
    <Z>61.369</Z>
  </Rotation>
</Screenshot>