<?xml version="1.0" encoding="utf-8"?>
<Screenshot xmlns:xsd="http://www.w3.org/2001/XMLSchema" xmlns:xsi="http://www.w3.org/2001/XMLSchema-instance">
  <Cars />
  <MyCar>
    <Position>
      <X>-2404.329</X>
      <Y>-241.290436</Y>
      <Z>15.043498</Z>
    </Position>
    <Rotation>
      <X>1.52942741</X>
      <Y>2.05577755</Y>
      <Z>61.32306</Z>
    </Rotation>
    <Handle>104962</Handle>
    <Bounds>
      <Vector3>
        <X>-2402.60645</X>
        <Y>-243.428543</Y>
        <Z>14.2846861</Z>
      </Vector3>
      <Vector3>
        <X>-2401.62671</X>
        <Y>-241.637527</Y>
        <Z>14.2114086</Z>
      </Vector3>
      <Vector3>
        <X>-2407.09058</X>
        <Y>-240.970291</Y>
        <Z>14.4211359</Z>
      </Vector3>
      <Vector3>
        <X>-2402.547</X>
        <Y>-243.401382</Y>
        <Z>15.7391281</Z>
      </Vector3>
      <Vector3>
        <X>-2406.11084</X>
        <Y>-239.179276</Y>
        <Z>14.3478584</Z>
      </Vector3>
      <Vector3>
        <X>-2401.56763</X>
        <Y>-241.610367</Y>
        <Z>15.6658506</Z>
      </Vector3>
      <Vector3>
        <X>-2407.03125</X>
        <Y>-240.94313</Y>
        <Z>15.8755779</Z>
      </Vector3>
      <Vector3>
        <X>-2406.05176</X>
        <Y>-239.152115</Y>
        <Z>15.8023</Z>
      </Vector3>
    </Bounds>
    <CenterCamPosition>
      <X>0</X>
      <Y>0</Y>
    </CenterCamPosition>
    <ScreenBounds />
    <DistanceToCam>0</DistanceToCam>
    <Speed>9.676856</Speed>
    <AccInput>0</AccInput>
    <RPM>1.35798967</RPM>
    <Gear>0</Gear>
    <SteeringAngle>4.463976E-41</SteeringAngle>
    <WheelSpeed>0</WheelSpeed>
    <CarType>Sports</CarType>
  </MyCar>
  <Peds />
  <Time>275280</Time>
  <LastFrameTime>0.04779385</LastFrameTime>
  <MyProperty>0</MyProperty>
  <Weather>Foggy</Weather>
  <Steering>127</Steering>
  <Acc>137</Acc>
  <Brake>127</Brake>
  <DayTime>15:16:13</DayTime>
  <Position>
    <X>-2404.94043</X>
    <Y>-240.9211</Y>
    <Z>15.9625711</Z>
  </Position>
  <Rotation>
    <X>1.02939081</X>
    <Y>2.558839</Y>
    <Z>61.3936844</Z>
  </Rotation>
</Screenshot>