<?xml version="1.0" encoding="utf-8"?>
<Screenshot xmlns:xsd="http://www.w3.org/2001/XMLSchema" xmlns:xsi="http://www.w3.org/2001/XMLSchema-instance">
  <Cars />
  <MyCar>
    <Position>
      <X>-2403.9248</X>
      <Y>-241.514145</Y>
      <Z>15.0314865</Z>
    </Position>
    <Rotation>
      <X>1.52836454</X>
      <Y>2.05925155</Y>
      <Z>61.3477249</Z>
    </Rotation>
    <Handle>104962</Handle>
    <Bounds>
      <Vector3>
        <X>-2402.20117</X>
        <Y>-243.65155</Y>
        <Z>14.2727852</Z>
      </Vector3>
      <Vector3>
        <X>-2401.22217</X>
        <Y>-241.860123</Y>
        <Z>14.1993837</Z>
      </Vector3>
      <Vector3>
        <X>-2406.68628</X>
        <Y>-241.195221</Y>
        <Z>14.40914</Z>
      </Vector3>
      <Vector3>
        <X>-2402.142</X>
        <Y>-243.624283</Y>
        <Z>15.7272253</Z>
      </Vector3>
      <Vector3>
        <X>-2405.70752</X>
        <Y>-239.4038</Y>
        <Z>14.3357382</Z>
      </Vector3>
      <Vector3>
        <X>-2401.163</X>
        <Y>-241.832855</Y>
        <Z>15.6538239</Z>
      </Vector3>
      <Vector3>
        <X>-2406.6272</X>
        <Y>-241.167953</Y>
        <Z>15.8635788</Z>
      </Vector3>
      <Vector3>
        <X>-2405.64844</X>
        <Y>-239.376526</Y>
        <Z>15.7901783</Z>
      </Vector3>
    </Bounds>
    <CenterCamPosition>
      <X>0</X>
      <Y>0</Y>
    </CenterCamPosition>
    <ScreenBounds />
    <DistanceToCam>0</DistanceToCam>
    <Speed>9.65905</Speed>
    <AccInput>0</AccInput>
    <RPM>1.35798967</RPM>
    <Gear>0</Gear>
    <SteeringAngle>4.463976E-41</SteeringAngle>
    <WheelSpeed>0</WheelSpeed>
    <CarType>Sports</CarType>
  </MyCar>
  <Peds />
  <Time>275232</Time>
  <LastFrameTime>0.01830169</LastFrameTime>
  <MyProperty>0</MyProperty>
  <Weather>Foggy</Weather>
  <Steering>127</Steering>
  <Acc>137</Acc>
  <Brake>127</Brake>
  <DayTime>15:16:13</DayTime>
  <Position>
    <X>-2404.78564</X>
    <Y>-241.0067</Y>
    <Z>15.9579849</Z>
  </Position>
  <Rotation>
    <X>1.02929747</X>
    <Y>2.55973864</Y>
    <Z>61.4028931</Z>
  </Rotation>
</Screenshot>