<?xml version="1.0" encoding="utf-8"?>
<Screenshot xmlns:xsd="http://www.w3.org/2001/XMLSchema" xmlns:xsi="http://www.w3.org/2001/XMLSchema-instance">
  <Cars />
  <MyCar>
    <Position>
      <X>-2404.89429</X>
      <Y>-240.977356</Y>
      <Z>15.0602894</Z>
    </Position>
    <Rotation>
      <X>1.535067</X>
      <Y>2.05245328</Y>
      <Z>61.2877426</Z>
    </Rotation>
    <Handle>104962</Handle>
    <Bounds>
      <Vector3>
        <X>-2403.17285</X>
        <Y>-243.116455</Y>
        <Z>14.3011675</Z>
      </Vector3>
      <Vector3>
        <X>-2402.19214</X>
        <Y>-241.326035</Y>
        <Z>14.2280083</Z>
      </Vector3>
      <Vector3>
        <X>-2407.65552</X>
        <Y>-240.655441</Y>
        <Z>14.43812</Z>
      </Vector3>
      <Vector3>
        <X>-2403.11353</X>
        <Y>-243.089478</Y>
        <Z>15.7556086</Z>
      </Vector3>
      <Vector3>
        <X>-2406.6748</X>
        <Y>-238.865021</Y>
        <Z>14.3649607</Z>
      </Vector3>
      <Vector3>
        <X>-2402.13281</X>
        <Y>-241.299057</Y>
        <Z>15.6824493</Z>
      </Vector3>
      <Vector3>
        <X>-2407.59619</X>
        <Y>-240.628464</Y>
        <Z>15.892561</Z>
      </Vector3>
      <Vector3>
        <X>-2406.61548</X>
        <Y>-238.838043</Y>
        <Z>15.8194017</Z>
      </Vector3>
    </Bounds>
    <CenterCamPosition>
      <X>0</X>
      <Y>0</Y>
    </CenterCamPosition>
    <ScreenBounds />
    <DistanceToCam>0</DistanceToCam>
    <Speed>9.701544</Speed>
    <AccInput>0</AccInput>
    <RPM>1.35798967</RPM>
    <Gear>0</Gear>
    <SteeringAngle>4.463976E-41</SteeringAngle>
    <WheelSpeed>0</WheelSpeed>
    <CarType>Sports</CarType>
  </MyCar>
  <Peds />
  <Time>275346</Time>
  <LastFrameTime>0.04695572</LastFrameTime>
  <MyProperty>0</MyProperty>
  <Weather>Foggy</Weather>
  <Steering>127</Steering>
  <Acc>137</Acc>
  <Brake>127</Brake>
  <DayTime>15:16:13</DayTime>
  <Position>
    <X>-2405.51123</X>
    <Y>-240.60437</Y>
    <Z>15.9796</Z>
  </Position>
  <Rotation>
    <X>1.03191078</X>
    <Y>2.55495071</Y>
    <Z>61.35876</Z>
  </Rotation>
</Screenshot>