<?xml version="1.0" encoding="utf-8"?>
<Screenshot xmlns:xsd="http://www.w3.org/2001/XMLSchema" xmlns:xsi="http://www.w3.org/2001/XMLSchema-instance">
  <Cars />
  <MyCar>
    <Position>
      <X>-2405.0686</X>
      <Y>-240.880737</Y>
      <Z>15.0654612</Z>
    </Position>
    <Rotation>
      <X>1.53626561</X>
      <Y>2.05166078</Y>
      <Z>61.27667</Z>
    </Rotation>
    <Handle>104962</Handle>
    <Bounds>
      <Vector3>
        <X>-2403.34766</X>
        <Y>-243.020142</Y>
        <Z>14.3062716</Z>
      </Vector3>
      <Vector3>
        <X>-2402.36646</X>
        <Y>-241.229919</Y>
        <Z>14.2331409</Z>
      </Vector3>
      <Vector3>
        <X>-2407.82983</X>
        <Y>-240.558273</Y>
        <Z>14.4433308</Z>
      </Vector3>
      <Vector3>
        <X>-2403.28833</X>
        <Y>-242.99321</Y>
        <Z>15.7607126</Z>
      </Vector3>
      <Vector3>
        <X>-2406.84863</X>
        <Y>-238.768051</Y>
        <Z>14.3702</Z>
      </Vector3>
      <Vector3>
        <X>-2402.30737</X>
        <Y>-241.202988</Y>
        <Z>15.687582</Z>
      </Vector3>
      <Vector3>
        <X>-2407.77051</X>
        <Y>-240.531326</Y>
        <Z>15.8977718</Z>
      </Vector3>
      <Vector3>
        <X>-2406.78955</X>
        <Y>-238.741119</Y>
        <Z>15.8246412</Z>
      </Vector3>
    </Bounds>
    <CenterCamPosition>
      <X>0</X>
      <Y>0</Y>
    </CenterCamPosition>
    <ScreenBounds />
    <DistanceToCam>0</DistanceToCam>
    <Speed>9.709147</Speed>
    <AccInput>0</AccInput>
    <RPM>1.35798967</RPM>
    <Gear>0</Gear>
    <SteeringAngle>4.463976E-41</SteeringAngle>
    <WheelSpeed>0</WheelSpeed>
    <CarType>Sports</CarType>
  </MyCar>
  <Peds />
  <Time>275367</Time>
  <LastFrameTime>0.0205343235</LastFrameTime>
  <MyProperty>0</MyProperty>
  <Weather>Foggy</Weather>
  <Steering>127</Steering>
  <Acc>137</Acc>
  <Brake>127</Brake>
  <DayTime>15:16:13</DayTime>
  <Position>
    <X>-2405.90918</X>
    <Y>-240.383377</Y>
    <Z>15.9915152</Z>
  </Position>
  <Rotation>
    <X>1.03609443</X>
    <Y>2.55203629</Y>
    <Z>61.33388</Z>
  </Rotation>
</Screenshot>