<?xml version="1.0" encoding="utf-8"?>
<Screenshot xmlns:xsd="http://www.w3.org/2001/XMLSchema" xmlns:xsi="http://www.w3.org/2001/XMLSchema-instance">
  <Cars />
  <MyCar>
    <Position>
      <X>-2405.64136</X>
      <Y>-240.5627</Y>
      <Z>15.0824795</Z>
    </Position>
    <Rotation>
      <X>1.54105532</X>
      <Y>2.05048132</Y>
      <Z>61.2398567</Z>
    </Rotation>
    <Handle>104962</Handle>
    <Bounds>
      <Vector3>
        <X>-2403.92188</X>
        <Y>-242.703171</Y>
        <Z>14.3230562</Z>
      </Vector3>
      <Vector3>
        <X>-2402.9397</X>
        <Y>-240.913589</Y>
        <Z>14.2499676</Z>
      </Vector3>
      <Vector3>
        <X>-2408.40234</X>
        <Y>-240.2384</Y>
        <Z>14.4605427</Z>
      </Vector3>
      <Vector3>
        <X>-2403.86255</X>
        <Y>-242.676361</Y>
        <Z>15.7774944</Z>
      </Vector3>
      <Vector3>
        <X>-2407.42017</X>
        <Y>-238.448822</Y>
        <Z>14.387454</Z>
      </Vector3>
      <Vector3>
        <X>-2402.88013</X>
        <Y>-240.88678</Y>
        <Z>15.7044058</Z>
      </Vector3>
      <Vector3>
        <X>-2408.343</X>
        <Y>-240.2116</Y>
        <Z>15.9149818</Z>
      </Vector3>
      <Vector3>
        <X>-2407.36084</X>
        <Y>-238.422012</Y>
        <Z>15.8418932</Z>
      </Vector3>
    </Bounds>
    <CenterCamPosition>
      <X>0</X>
      <Y>0</Y>
    </CenterCamPosition>
    <ScreenBounds />
    <DistanceToCam>0</DistanceToCam>
    <Speed>9.733989</Speed>
    <AccInput>0</AccInput>
    <RPM>1.35798967</RPM>
    <Gear>0</Gear>
    <SteeringAngle>4.463976E-41</SteeringAngle>
    <WheelSpeed>0</WheelSpeed>
    <CarType>Sports</CarType>
  </MyCar>
  <Peds />
  <Time>275434</Time>
  <LastFrameTime>0.0209712312</LastFrameTime>
  <MyProperty>0</MyProperty>
  <Weather>Foggy</Weather>
  <Steering>127</Steering>
  <Acc>137</Acc>
  <Brake>127</Brake>
  <DayTime>15:16:13</DayTime>
  <Position>
    <X>-2406.47754</X>
    <Y>-240.0672</Y>
    <Z>16.0084972</Z>
  </Position>
  <Rotation>
    <X>1.04020262</X>
    <Y>2.54994226</Y>
    <Z>61.2976265</Z>
  </Rotation>
</Screenshot>