<?xml version="1.0" encoding="utf-8"?>
<Screenshot xmlns:xsd="http://www.w3.org/2001/XMLSchema" xmlns:xsi="http://www.w3.org/2001/XMLSchema-instance">
  <Cars />
  <MyCar>
    <Position>
      <X>-2405.46313</X>
      <Y>-240.661758</Y>
      <Z>15.0771856</Z>
    </Position>
    <Rotation>
      <X>1.53917277</X>
      <Y>2.05036235</Y>
      <Z>61.25135</Z>
    </Rotation>
    <Handle>104962</Handle>
    <Bounds>
      <Vector3>
        <X>-2403.74316</X>
        <Y>-242.8019</Y>
        <Z>14.3178434</Z>
      </Vector3>
      <Vector3>
        <X>-2402.76123</X>
        <Y>-241.012115</Y>
        <Z>14.2447586</Z>
      </Vector3>
      <Vector3>
        <X>-2408.224</X>
        <Y>-240.338043</Y>
        <Z>14.455162</Z>
      </Vector3>
      <Vector3>
        <X>-2403.68384</X>
        <Y>-242.775055</Y>
        <Z>15.7722836</Z>
      </Vector3>
      <Vector3>
        <X>-2407.24243</X>
        <Y>-238.548248</Y>
        <Z>14.3820782</Z>
      </Vector3>
      <Vector3>
        <X>-2402.702</X>
        <Y>-240.98526</Y>
        <Z>15.6991987</Z>
      </Vector3>
      <Vector3>
        <X>-2408.16479</X>
        <Y>-240.311188</Y>
        <Z>15.9096031</Z>
      </Vector3>
      <Vector3>
        <X>-2407.183</X>
        <Y>-238.521408</Y>
        <Z>15.8365183</Z>
      </Vector3>
    </Bounds>
    <CenterCamPosition>
      <X>0</X>
      <Y>0</Y>
    </CenterCamPosition>
    <ScreenBounds />
    <DistanceToCam>0</DistanceToCam>
    <Speed>9.726295</Speed>
    <AccInput>0</AccInput>
    <RPM>1.35798967</RPM>
    <Gear>0</Gear>
    <SteeringAngle>4.463976E-41</SteeringAngle>
    <WheelSpeed>0</WheelSpeed>
    <CarType>Sports</CarType>
  </MyCar>
  <Peds />
  <Time>275413</Time>
  <LastFrameTime>0.0464359634</LastFrameTime>
  <MyProperty>0</MyProperty>
  <Weather>Foggy</Weather>
  <Steering>127</Steering>
  <Acc>137</Acc>
  <Brake>127</Brake>
  <DayTime>15:16:13</DayTime>
  <Position>
    <X>-2406.08325</X>
    <Y>-240.286591</Y>
    <Z>15.9967117</Z>
  </Position>
  <Rotation>
    <X>1.03729391</X>
    <Y>2.55124283</Y>
    <Z>61.32284</Z>
  </Rotation>
</Screenshot>