<?xml version="1.0" encoding="utf-8"?>
<Screenshot xmlns:xsd="http://www.w3.org/2001/XMLSchema" xmlns:xsi="http://www.w3.org/2001/XMLSchema-instance">
  <Cars />
  <MyCar>
    <Position>
      <X>-2406.03</X>
      <Y>-240.34671</Y>
      <Z>15.093998</Z>
    </Position>
    <Rotation>
      <X>1.54480135</X>
      <Y>2.04822373</Y>
      <Z>61.2145271</Z>
    </Rotation>
    <Handle>104962</Handle>
    <Bounds>
      <Vector3>
        <X>-2404.31152</X>
        <Y>-242.4879</Y>
        <Z>14.3343678</Z>
      </Vector3>
      <Vector3>
        <X>-2403.32837</X>
        <Y>-240.698746</Y>
        <Z>14.2613592</Z>
      </Vector3>
      <Vector3>
        <X>-2408.791</X>
        <Y>-240.021149</Y>
        <Z>14.4721889</Z>
      </Vector3>
      <Vector3>
        <X>-2404.252</X>
        <Y>-242.461212</Y>
        <Z>15.788806</Z>
      </Vector3>
      <Vector3>
        <X>-2407.80786</X>
        <Y>-238.232</Y>
        <Z>14.39918</Z>
      </Vector3>
      <Vector3>
        <X>-2403.269</X>
        <Y>-240.672058</Y>
        <Z>15.7157974</Z>
      </Vector3>
      <Vector3>
        <X>-2408.73145</X>
        <Y>-239.994461</Y>
        <Z>15.9266272</Z>
      </Vector3>
      <Vector3>
        <X>-2407.74854</X>
        <Y>-238.2053</Y>
        <Z>15.8536186</Z>
      </Vector3>
    </Bounds>
    <CenterCamPosition>
      <X>0</X>
      <Y>0</Y>
    </CenterCamPosition>
    <ScreenBounds />
    <DistanceToCam>0</DistanceToCam>
    <Speed>9.750822</Speed>
    <AccInput>0</AccInput>
    <RPM>1.35798967</RPM>
    <Gear>0</Gear>
    <SteeringAngle>4.463976E-41</SteeringAngle>
    <WheelSpeed>0</WheelSpeed>
    <CarType>Sports</CarType>
  </MyCar>
  <Peds />
  <Time>275480</Time>
  <LastFrameTime>0.045630727</LastFrameTime>
  <MyProperty>0</MyProperty>
  <Weather>Foggy</Weather>
  <Steering>127</Steering>
  <Acc>137</Acc>
  <Brake>127</Brake>
  <DayTime>15:16:13</DayTime>
  <Position>
    <X>-2406.65576</X>
    <Y>-239.967941</Y>
    <Z>16.0138283</Z>
  </Position>
  <Rotation>
    <X>1.04208744</X>
    <Y>2.5500598</Y>
    <Z>61.2862244</Z>
  </Rotation>
</Screenshot>