<?xml version="1.0" encoding="utf-8"?>
<Screenshot xmlns:xsd="http://www.w3.org/2001/XMLSchema" xmlns:xsi="http://www.w3.org/2001/XMLSchema-instance">
  <Cars />
  <MyCar>
    <Position>
      <X>-2407.04272</X>
      <Y>-239.782944</Y>
      <Z>15.1241579</Z>
    </Position>
    <Rotation>
      <X>1.54325116</X>
      <Y>2.05234528</Y>
      <Z>61.15208</Z>
    </Rotation>
    <Handle>104962</Handle>
    <Bounds>
      <Vector3>
        <X>-2405.32642</X>
        <Y>-241.926056</Y>
        <Z>14.3646717</Z>
      </Vector3>
      <Vector3>
        <X>-2404.34155</X>
        <Y>-240.137985</Y>
        <Z>14.2915163</Z>
      </Vector3>
      <Vector3>
        <X>-2409.80322</X>
        <Y>-239.454422</Y>
        <Z>14.5023537</Z>
      </Vector3>
      <Vector3>
        <X>-2405.267</X>
        <Y>-241.899323</Y>
        <Z>15.8191071</Z>
      </Vector3>
      <Vector3>
        <X>-2408.81836</X>
        <Y>-237.666351</Y>
        <Z>14.4291992</Z>
      </Vector3>
      <Vector3>
        <X>-2404.282</X>
        <Y>-240.111252</Y>
        <Z>15.7459517</Z>
      </Vector3>
      <Vector3>
        <X>-2409.744</X>
        <Y>-239.427689</Y>
        <Z>15.95679</Z>
      </Vector3>
      <Vector3>
        <X>-2408.75879</X>
        <Y>-237.639618</Y>
        <Z>15.8836346</Z>
      </Vector3>
    </Bounds>
    <CenterCamPosition>
      <X>0</X>
      <Y>0</Y>
    </CenterCamPosition>
    <ScreenBounds />
    <DistanceToCam>0</DistanceToCam>
    <Speed>9.79425049</Speed>
    <AccInput>0</AccInput>
    <RPM>1.35798967</RPM>
    <Gear>0</Gear>
    <SteeringAngle>4.463976E-41</SteeringAngle>
    <WheelSpeed>0</WheelSpeed>
    <CarType>Sports</CarType>
  </MyCar>
  <Peds />
  <Time>275599</Time>
  <LastFrameTime>0.0189198144</LastFrameTime>
  <MyProperty>0</MyProperty>
  <Weather>Foggy</Weather>
  <Steering>127</Steering>
  <Acc>137</Acc>
  <Brake>127</Brake>
  <DayTime>15:16:13</DayTime>
  <Position>
    <X>-2407.89453</X>
    <Y>-239.276978</Y>
    <Z>16.0507488</Z>
  </Position>
  <Rotation>
    <X>1.04517508</X>
    <Y>2.5500524</Y>
    <Z>61.2079239</Z>
  </Rotation>
</Screenshot>