<?xml version="1.0" encoding="utf-8"?>
<Screenshot xmlns:xsd="http://www.w3.org/2001/XMLSchema" xmlns:xsi="http://www.w3.org/2001/XMLSchema-instance">
  <Cars />
  <MyCar>
    <Position>
      <X>-2406.59888</X>
      <Y>-240.030273</Y>
      <Z>15.1109095</Z>
    </Position>
    <Rotation>
      <X>1.54503369</X>
      <Y>2.048281</Y>
      <Z>61.1783028</Z>
    </Rotation>
    <Handle>104962</Handle>
    <Bounds>
      <Vector3>
        <X>-2404.88159</X>
        <Y>-242.172546</Y>
        <Z>14.35127</Z>
      </Vector3>
      <Vector3>
        <X>-2403.89746</X>
        <Y>-240.384018</Y>
        <Z>14.2782593</Z>
      </Vector3>
      <Vector3>
        <X>-2409.35962</X>
        <Y>-239.702972</Y>
        <Z>14.4891119</Z>
      </Vector3>
      <Vector3>
        <X>-2404.82227</X>
        <Y>-242.1459</Y>
        <Z>15.8057079</Z>
      </Vector3>
      <Vector3>
        <X>-2408.37549</X>
        <Y>-237.914429</Y>
        <Z>14.4161015</Z>
      </Vector3>
      <Vector3>
        <X>-2403.83813</X>
        <Y>-240.357361</Y>
        <Z>15.7326975</Z>
      </Vector3>
      <Vector3>
        <X>-2409.3</X>
        <Y>-239.676315</Y>
        <Z>15.94355</Z>
      </Vector3>
      <Vector3>
        <X>-2408.316</X>
        <Y>-237.887787</Y>
        <Z>15.87054</Z>
      </Vector3>
    </Bounds>
    <CenterCamPosition>
      <X>0</X>
      <Y>0</Y>
    </CenterCamPosition>
    <ScreenBounds />
    <DistanceToCam>0</DistanceToCam>
    <Speed>9.775307</Speed>
    <AccInput>0</AccInput>
    <RPM>1.35798967</RPM>
    <Gear>0</Gear>
    <SteeringAngle>4.463976E-41</SteeringAngle>
    <WheelSpeed>0</WheelSpeed>
    <CarType>Sports</CarType>
  </MyCar>
  <Peds />
  <Time>275547</Time>
  <LastFrameTime>0.0446284451</LastFrameTime>
  <MyProperty>0</MyProperty>
  <Weather>Foggy</Weather>
  <Steering>127</Steering>
  <Acc>137</Acc>
  <Brake>127</Brake>
  <DayTime>15:16:13</DayTime>
  <Position>
    <X>-2407.232</X>
    <Y>-239.646927</Y>
    <Z>16.0310249</Z>
  </Position>
  <Rotation>
    <X>1.04730439</X>
    <Y>2.547243</Y>
    <Z>61.2488174</Z>
  </Rotation>
</Screenshot>