<?xml version="1.0" encoding="utf-8"?>
<Screenshot xmlns:xsd="http://www.w3.org/2001/XMLSchema" xmlns:xsi="http://www.w3.org/2001/XMLSchema-instance">
  <Cars />
  <MyCar>
    <Position>
      <X>-2406.218</X>
      <Y>-240.242264</Y>
      <Z>15.0995665</Z>
    </Position>
    <Rotation>
      <X>1.54626966</X>
      <Y>2.04766822</Y>
      <Z>61.2022629</Z>
    </Rotation>
    <Handle>104962</Handle>
    <Bounds>
      <Vector3>
        <X>-2404.5</X>
        <Y>-242.3838</Y>
        <Z>14.3398609</Z>
      </Vector3>
      <Vector3>
        <X>-2403.5166</X>
        <Y>-240.594864</Y>
        <Z>14.2668724</Z>
      </Vector3>
      <Vector3>
        <X>-2408.97876</X>
        <Y>-239.9161</Y>
        <Z>14.4778128</Z>
      </Vector3>
      <Vector3>
        <X>-2404.44043</X>
        <Y>-242.357162</Y>
        <Z>15.7942991</Z>
      </Vector3>
      <Vector3>
        <X>-2407.99536</X>
        <Y>-238.127151</Y>
        <Z>14.4048243</Z>
      </Vector3>
      <Vector3>
        <X>-2403.457</X>
        <Y>-240.5682</Y>
        <Z>15.7213106</Z>
      </Vector3>
      <Vector3>
        <X>-2408.91943</X>
        <Y>-239.88945</Y>
        <Z>15.932251</Z>
      </Vector3>
      <Vector3>
        <X>-2407.936</X>
        <Y>-238.10051</Y>
        <Z>15.8592625</Z>
      </Vector3>
    </Bounds>
    <CenterCamPosition>
      <X>0</X>
      <Y>0</Y>
    </CenterCamPosition>
    <ScreenBounds />
    <DistanceToCam>0</DistanceToCam>
    <Speed>9.758935</Speed>
    <AccInput>0</AccInput>
    <RPM>1.35798967</RPM>
    <Gear>0</Gear>
    <SteeringAngle>4.463976E-41</SteeringAngle>
    <WheelSpeed>0</WheelSpeed>
    <CarType>Sports</CarType>
  </MyCar>
  <Peds />
  <Time>275502</Time>
  <LastFrameTime>0.0220327787</LastFrameTime>
  <MyProperty>0</MyProperty>
  <Weather>Foggy</Weather>
  <Steering>127</Steering>
  <Acc>137</Acc>
  <Brake>127</Brake>
  <DayTime>15:16:13</DayTime>
  <Position>
    <X>-2407.044</X>
    <Y>-239.751572</Y>
    <Z>16.025425</Z>
  </Position>
  <Rotation>
    <X>1.04583526</X>
    <Y>2.54779959</Y>
    <Z>61.2610168</Z>
  </Rotation>
</Screenshot>