<?xml version="1.0" encoding="utf-8"?>
<Screenshot xmlns:xsd="http://www.w3.org/2001/XMLSchema" xmlns:xsi="http://www.w3.org/2001/XMLSchema-instance">
  <Cars />
  <MyCar>
    <Position>
      <X>-2406.881</X>
      <Y>-239.8731</Y>
      <Z>15.1193361</Z>
    </Position>
    <Rotation>
      <X>1.54413986</X>
      <Y>2.05047631</Y>
      <Z>61.1614227</Z>
    </Rotation>
    <Handle>104962</Handle>
    <Bounds>
      <Vector3>
        <X>-2405.16455</X>
        <Y>-242.0159</Y>
        <Z>14.3597765</Z>
      </Vector3>
      <Vector3>
        <X>-2404.18</X>
        <Y>-240.227661</Y>
        <Z>14.2866879</Z>
      </Vector3>
      <Vector3>
        <X>-2409.6416</X>
        <Y>-239.545</Y>
        <Z>14.4975386</Z>
      </Vector3>
      <Vector3>
        <X>-2405.105</X>
        <Y>-241.989212</Y>
        <Z>15.8142128</Z>
      </Vector3>
      <Vector3>
        <X>-2408.657</X>
        <Y>-237.75676</Y>
        <Z>14.42445</Z>
      </Vector3>
      <Vector3>
        <X>-2404.12036</X>
        <Y>-240.200974</Y>
        <Z>15.7411242</Z>
      </Vector3>
      <Vector3>
        <X>-2409.58228</X>
        <Y>-239.518311</Y>
        <Z>15.9519749</Z>
      </Vector3>
      <Vector3>
        <X>-2408.59766</X>
        <Y>-237.730072</Y>
        <Z>15.8788862</Z>
      </Vector3>
    </Bounds>
    <CenterCamPosition>
      <X>0</X>
      <Y>0</Y>
    </CenterCamPosition>
    <ScreenBounds />
    <DistanceToCam>0</DistanceToCam>
    <Speed>9.787347</Speed>
    <AccInput>0</AccInput>
    <RPM>1.35798967</RPM>
    <Gear>0</Gear>
    <SteeringAngle>4.463976E-41</SteeringAngle>
    <WheelSpeed>0</WheelSpeed>
    <CarType>Sports</CarType>
  </MyCar>
  <Peds />
  <Time>275580</Time>
  <LastFrameTime>0.03302869</LastFrameTime>
  <MyProperty>0</MyProperty>
  <Weather>Foggy</Weather>
  <Steering>127</Steering>
  <Acc>137</Acc>
  <Brake>127</Brake>
  <DayTime>15:16:13</DayTime>
  <Position>
    <X>-2407.61255</X>
    <Y>-239.4345</Y>
    <Z>16.0423412</Z>
  </Position>
  <Rotation>
    <X>1.046068</X>
    <Y>2.547857</Y>
    <Z>61.2248077</Z>
  </Rotation>
</Screenshot>