<?xml version="1.0" encoding="utf-8"?>
<Screenshot xmlns:xsd="http://www.w3.org/2001/XMLSchema" xmlns:xsi="http://www.w3.org/2001/XMLSchema-instance">
  <Cars />
  <MyCar>
    <Position>
      <X>-2407.61743</X>
      <Y>-239.4624</Y>
      <Z>15.1412926</Z>
    </Position>
    <Rotation>
      <X>1.54151356</X>
      <Y>2.06009555</Y>
      <Z>61.1215973</Z>
    </Rotation>
    <Handle>104962</Handle>
    <Bounds>
      <Vector3>
        <X>-2405.90234</X>
        <Y>-241.606537</Y>
        <Z>14.3820248</Z>
      </Vector3>
      <Vector3>
        <X>-2404.9165</X>
        <Y>-239.818985</Y>
        <Z>14.3085938</Z>
      </Vector3>
      <Vector3>
        <X>-2410.378</X>
        <Y>-239.1325</Y>
        <Z>14.5195522</Z>
      </Vector3>
      <Vector3>
        <X>-2405.84277</X>
        <Y>-241.579636</Y>
        <Z>15.8364544</Z>
      </Vector3>
      <Vector3>
        <X>-2409.39185</X>
        <Y>-237.344955</Y>
        <Z>14.4461212</Z>
      </Vector3>
      <Vector3>
        <X>-2404.857</X>
        <Y>-239.792084</Y>
        <Z>15.7630234</Z>
      </Vector3>
      <Vector3>
        <X>-2410.31836</X>
        <Y>-239.1056</Y>
        <Z>15.9739819</Z>
      </Vector3>
      <Vector3>
        <X>-2409.33228</X>
        <Y>-237.318054</Y>
        <Z>15.9005508</Z>
      </Vector3>
    </Bounds>
    <CenterCamPosition>
      <X>0</X>
      <Y>0</Y>
    </CenterCamPosition>
    <ScreenBounds />
    <DistanceToCam>0</DistanceToCam>
    <Speed>9.81871</Speed>
    <AccInput>0</AccInput>
    <RPM>1.35798967</RPM>
    <Gear>0</Gear>
    <SteeringAngle>4.463976E-41</SteeringAngle>
    <WheelSpeed>0</WheelSpeed>
    <CarType>Sports</CarType>
  </MyCar>
  <Peds />
  <Time>275666</Time>
  <LastFrameTime>0.0185936857</LastFrameTime>
  <MyProperty>0</MyProperty>
  <Weather>Foggy</Weather>
  <Steering>127</Steering>
  <Acc>137</Acc>
  <Brake>127</Brake>
  <DayTime>15:16:13</DayTime>
  <Position>
    <X>-2408.47144</X>
    <Y>-238.9545</Y>
    <Z>16.06791</Z>
  </Position>
  <Rotation>
    <X>1.04356575</X>
    <Y>2.55808115</Y>
    <Z>61.176403</Z>
  </Rotation>
</Screenshot>