<?xml version="1.0" encoding="utf-8"?>
<Screenshot xmlns:xsd="http://www.w3.org/2001/XMLSchema" xmlns:xsi="http://www.w3.org/2001/XMLSchema-instance">
  <Cars />
  <MyCar>
    <Position>
      <X>-2407.45825</X>
      <Y>-239.5513</Y>
      <Z>15.1365347</Z>
    </Position>
    <Rotation>
      <X>1.54252589</X>
      <Y>2.0585053</Y>
      <Z>61.12982</Z>
    </Rotation>
    <Handle>104962</Handle>
    <Bounds>
      <Vector3>
        <X>-2405.743</X>
        <Y>-241.69516</Y>
        <Z>14.3771935</Z>
      </Vector3>
      <Vector3>
        <X>-2404.75732</X>
        <Y>-239.907471</Y>
        <Z>14.3038187</Z>
      </Vector3>
      <Vector3>
        <X>-2410.21875</X>
        <Y>-239.221771</Y>
        <Z>14.5148106</Z>
      </Vector3>
      <Vector3>
        <X>-2405.68335</X>
        <Y>-241.6683</Y>
        <Z>15.831624</Z>
      </Vector3>
      <Vector3>
        <X>-2409.23315</X>
        <Y>-237.434082</Y>
        <Z>14.4414358</Z>
      </Vector3>
      <Vector3>
        <X>-2404.69775</X>
        <Y>-239.880615</Y>
        <Z>15.7582493</Z>
      </Vector3>
      <Vector3>
        <X>-2410.15918</X>
        <Y>-239.194916</Y>
        <Z>15.9692411</Z>
      </Vector3>
      <Vector3>
        <X>-2409.17358</X>
        <Y>-237.407227</Y>
        <Z>15.8958664</Z>
      </Vector3>
    </Bounds>
    <CenterCamPosition>
      <X>0</X>
      <Y>0</Y>
    </CenterCamPosition>
    <ScreenBounds />
    <DistanceToCam>0</DistanceToCam>
    <Speed>9.81195</Speed>
    <AccInput>0</AccInput>
    <RPM>1.35798967</RPM>
    <Gear>0</Gear>
    <SteeringAngle>4.463976E-41</SteeringAngle>
    <WheelSpeed>0</WheelSpeed>
    <CarType>Sports</CarType>
  </MyCar>
  <Peds />
  <Time>275647</Time>
  <LastFrameTime>0.0485165454</LastFrameTime>
  <MyProperty>0</MyProperty>
  <Weather>Foggy</Weather>
  <Steering>127</Steering>
  <Acc>137</Acc>
  <Brake>127</Brake>
  <DayTime>15:16:13</DayTime>
  <Position>
    <X>-2408.05615</X>
    <Y>-239.18663</Y>
    <Z>16.0555515</Z>
  </Position>
  <Rotation>
    <X>1.04428661</X>
    <Y>2.55192137</Y>
    <Z>61.1985741</Z>
  </Rotation>
</Screenshot>