<?xml version="1.0" encoding="utf-8"?>
<Screenshot xmlns:xsd="http://www.w3.org/2001/XMLSchema" xmlns:xsi="http://www.w3.org/2001/XMLSchema-instance">
  <Cars />
  <MyCar>
    <Position>
      <X>-2408.18555</X>
      <Y>-239.1453</Y>
      <Z>15.1582479</Z>
    </Position>
    <Rotation>
      <X>1.53939617</X>
      <Y>2.06375384</Y>
      <Z>61.094326</Z>
    </Rotation>
    <Handle>104962</Handle>
    <Bounds>
      <Vector3>
        <X>-2406.47144</X>
        <Y>-241.2903</Y>
        <Z>14.3991413</Z>
      </Vector3>
      <Vector3>
        <X>-2405.48486</X>
        <Y>-239.50322</Y>
        <Z>14.32558</Z>
      </Vector3>
      <Vector3>
        <X>-2410.9458</X>
        <Y>-238.814133</Y>
        <Z>14.536479</Z>
      </Vector3>
      <Vector3>
        <X>-2406.41187</X>
        <Y>-241.263321</Y>
        <Z>15.853569</Z>
      </Vector3>
      <Vector3>
        <X>-2409.959</X>
        <Y>-237.027054</Y>
        <Z>14.4629173</Z>
      </Vector3>
      <Vector3>
        <X>-2405.42529</X>
        <Y>-239.476242</Y>
        <Z>15.7800074</Z>
      </Vector3>
      <Vector3>
        <X>-2410.88623</X>
        <Y>-238.787155</Y>
        <Z>15.9909067</Z>
      </Vector3>
      <Vector3>
        <X>-2409.89941</X>
        <Y>-237.000076</Y>
        <Z>15.917345</Z>
      </Vector3>
    </Bounds>
    <CenterCamPosition>
      <X>0</X>
      <Y>0</Y>
    </CenterCamPosition>
    <ScreenBounds />
    <DistanceToCam>0</DistanceToCam>
    <Speed>9.842785</Speed>
    <AccInput>0</AccInput>
    <RPM>1.35798967</RPM>
    <Gear>0</Gear>
    <SteeringAngle>4.463976E-41</SteeringAngle>
    <WheelSpeed>0</WheelSpeed>
    <CarType>Sports</CarType>
  </MyCar>
  <Peds />
  <Time>275732</Time>
  <LastFrameTime>0.0185033884</LastFrameTime>
  <MyProperty>0</MyProperty>
  <Weather>Foggy</Weather>
  <Steering>127</Steering>
  <Acc>137</Acc>
  <Brake>127</Brake>
  <DayTime>15:16:13</DayTime>
  <Position>
    <X>-2409.03931</X>
    <Y>-238.636658</Y>
    <Z>16.0848255</Z>
  </Position>
  <Rotation>
    <X>1.04108977</X>
    <Y>2.56264043</Y>
    <Z>61.14838</Z>
  </Rotation>
</Screenshot>