<?xml version="1.0" encoding="utf-8"?>
<Screenshot xmlns:xsd="http://www.w3.org/2001/XMLSchema" xmlns:xsi="http://www.w3.org/2001/XMLSchema-instance">
  <Cars />
  <MyCar>
    <Position>
      <X>-2408.02661</X>
      <Y>-239.234039</Y>
      <Z>15.1535044</Z>
    </Position>
    <Rotation>
      <X>1.54004872</X>
      <Y>2.06306338</Y>
      <Z>61.1018257</Z>
    </Rotation>
    <Handle>104962</Handle>
    <Bounds>
      <Vector3>
        <X>-2406.31226</X>
        <Y>-241.3788</Y>
        <Z>14.3943558</Z>
      </Vector3>
      <Vector3>
        <X>-2405.32568</X>
        <Y>-239.5916</Y>
        <Z>14.3208189</Z>
      </Vector3>
      <Vector3>
        <X>-2410.78687</X>
        <Y>-238.903229</Y>
        <Z>14.5317516</Z>
      </Vector3>
      <Vector3>
        <X>-2406.25269</X>
        <Y>-241.351837</Y>
        <Z>15.8487835</Z>
      </Vector3>
      <Vector3>
        <X>-2409.80029</X>
        <Y>-237.116028</Y>
        <Z>14.4582148</Z>
      </Vector3>
      <Vector3>
        <X>-2405.266</X>
        <Y>-239.564636</Y>
        <Z>15.7752466</Z>
      </Vector3>
      <Vector3>
        <X>-2410.72729</X>
        <Y>-238.876266</Y>
        <Z>15.98618</Z>
      </Vector3>
      <Vector3>
        <X>-2409.74072</X>
        <Y>-237.089066</Y>
        <Z>15.9126434</Z>
      </Vector3>
    </Bounds>
    <CenterCamPosition>
      <X>0</X>
      <Y>0</Y>
    </CenterCamPosition>
    <ScreenBounds />
    <DistanceToCam>0</DistanceToCam>
    <Speed>9.83606148</Speed>
    <AccInput>0</AccInput>
    <RPM>1.35798967</RPM>
    <Gear>0</Gear>
    <SteeringAngle>4.463976E-41</SteeringAngle>
    <WheelSpeed>0</WheelSpeed>
    <CarType>Sports</CarType>
  </MyCar>
  <Peds />
  <Time>275713</Time>
  <LastFrameTime>0.04767252</LastFrameTime>
  <MyProperty>0</MyProperty>
  <Weather>Foggy</Weather>
  <Steering>127</Steering>
  <Acc>137</Acc>
  <Brake>127</Brake>
  <DayTime>15:16:13</DayTime>
  <Position>
    <X>-2408.63037</X>
    <Y>-238.865433</Y>
    <Z>16.0726452</Z>
  </Position>
  <Rotation>
    <X>1.04255414</X>
    <Y>2.559672</Y>
    <Z>61.16816</Z>
  </Rotation>
</Screenshot>