<?xml version="1.0" encoding="utf-8"?>
<Screenshot xmlns:xsd="http://www.w3.org/2001/XMLSchema" xmlns:xsi="http://www.w3.org/2001/XMLSchema-instance">
  <Cars />
  <MyCar>
    <Position>
      <X>-2408.59668</X>
      <Y>-238.915573</Y>
      <Z>15.170495</Z>
    </Position>
    <Rotation>
      <X>1.53662038</X>
      <Y>2.064811</Y>
      <Z>61.0745239</Z>
    </Rotation>
    <Handle>104962</Handle>
    <Bounds>
      <Vector3>
        <X>-2406.8833</X>
        <Y>-241.061188</Y>
        <Z>14.4115305</Z>
      </Vector3>
      <Vector3>
        <X>-2405.896</X>
        <Y>-239.27446</Y>
        <Z>14.3379307</Z>
      </Vector3>
      <Vector3>
        <X>-2411.35669</X>
        <Y>-238.583481</Y>
        <Z>14.54862</Z>
      </Vector3>
      <Vector3>
        <X>-2406.82373</X>
        <Y>-241.03418</Y>
        <Z>15.8659592</Z>
      </Vector3>
      <Vector3>
        <X>-2410.36938</X>
        <Y>-236.796753</Y>
        <Z>14.4750214</Z>
      </Vector3>
      <Vector3>
        <X>-2405.83643</X>
        <Y>-239.247452</Y>
        <Z>15.7923594</Z>
      </Vector3>
      <Vector3>
        <X>-2411.29736</X>
        <Y>-238.556473</Y>
        <Z>16.00305</Z>
      </Vector3>
      <Vector3>
        <X>-2410.30981</X>
        <Y>-236.769745</Y>
        <Z>15.92945</Z>
      </Vector3>
    </Bounds>
    <CenterCamPosition>
      <X>0</X>
      <Y>0</Y>
    </CenterCamPosition>
    <ScreenBounds />
    <DistanceToCam>0</DistanceToCam>
    <Speed>9.86014</Speed>
    <AccInput>0</AccInput>
    <RPM>1.35798967</RPM>
    <Gear>0</Gear>
    <SteeringAngle>4.463976E-41</SteeringAngle>
    <WheelSpeed>0</WheelSpeed>
    <CarType>Sports</CarType>
  </MyCar>
  <Peds />
  <Time>275780</Time>
  <LastFrameTime>0.0477969535</LastFrameTime>
  <MyProperty>0</MyProperty>
  <Weather>Foggy</Weather>
  <Steering>127</Steering>
  <Acc>137</Acc>
  <Brake>127</Brake>
  <DayTime>15:16:13</DayTime>
  <Position>
    <X>-2409.19824</X>
    <Y>-238.547775</Y>
    <Z>16.0895557</Z>
  </Position>
  <Rotation>
    <X>1.0404371</X>
    <Y>2.56333137</Y>
    <Z>61.1408653</Z>
  </Rotation>
</Screenshot>