<?xml version="1.0" encoding="utf-8"?>
<Screenshot xmlns:xsd="http://www.w3.org/2001/XMLSchema" xmlns:xsi="http://www.w3.org/2001/XMLSchema-instance">
  <Cars />
  <MyCar>
    <Position>
      <X>-2408.765</X>
      <Y>-238.8215</Y>
      <Z>15.1754971</Z>
    </Position>
    <Rotation>
      <X>1.53648031</X>
      <Y>2.065693</Y>
      <Z>61.06624</Z>
    </Rotation>
    <Handle>104962</Handle>
    <Bounds>
      <Vector3>
        <X>-2407.052</X>
        <Y>-240.967377</Y>
        <Z>14.4165545</Z>
      </Vector3>
      <Vector3>
        <X>-2406.06421</X>
        <Y>-239.180786</Y>
        <Z>14.3429241</Z>
      </Vector3>
      <Vector3>
        <X>-2411.525</X>
        <Y>-238.489029</Y>
        <Z>14.5536327</Z>
      </Vector3>
      <Vector3>
        <X>-2406.99243</X>
        <Y>-240.940353</Y>
        <Z>15.8709831</Z>
      </Vector3>
      <Vector3>
        <X>-2410.53735</X>
        <Y>-236.702438</Y>
        <Z>14.4800014</Z>
      </Vector3>
      <Vector3>
        <X>-2406.00464</X>
        <Y>-239.153763</Y>
        <Z>15.7973518</Z>
      </Vector3>
      <Vector3>
        <X>-2411.46533</X>
        <Y>-238.462</Y>
        <Z>16.00806</Z>
      </Vector3>
      <Vector3>
        <X>-2410.47778</X>
        <Y>-236.675415</Y>
        <Z>15.93443</Z>
      </Vector3>
    </Bounds>
    <CenterCamPosition>
      <X>0</X>
      <Y>0</Y>
    </CenterCamPosition>
    <ScreenBounds />
    <DistanceToCam>0</DistanceToCam>
    <Speed>9.867224</Speed>
    <AccInput>0</AccInput>
    <RPM>1.35798967</RPM>
    <Gear>0</Gear>
    <SteeringAngle>4.463976E-41</SteeringAngle>
    <WheelSpeed>0</WheelSpeed>
    <CarType>Sports</CarType>
  </MyCar>
  <Peds />
  <Time>275799</Time>
  <LastFrameTime>0.019543834</LastFrameTime>
  <MyProperty>0</MyProperty>
  <Weather>Foggy</Weather>
  <Steering>127</Steering>
  <Acc>137</Acc>
  <Brake>127</Brake>
  <DayTime>15:16:13</DayTime>
  <Position>
    <X>-2409.60913</X>
    <Y>-238.317657</Y>
    <Z>16.1017456</Z>
  </Position>
  <Rotation>
    <X>1.03765965</X>
    <Y>2.56439066</Y>
    <Z>61.12095</Z>
  </Rotation>
</Screenshot>