<?xml version="1.0" encoding="utf-8"?>
<Screenshot xmlns:xsd="http://www.w3.org/2001/XMLSchema" xmlns:xsi="http://www.w3.org/2001/XMLSchema-instance">
  <Cars />
  <MyCar>
    <Position>
      <X>-2409.177</X>
      <Y>-238.590866</Y>
      <Z>15.1879578</Z>
    </Position>
    <Rotation>
      <X>1.546756</X>
      <Y>2.08127785</Y>
      <Z>61.0451965</Z>
    </Rotation>
    <Handle>104962</Handle>
    <Bounds>
      <Vector3>
        <X>-2407.465</X>
        <Y>-240.7375</Y>
        <Z>14.4288464</Z>
      </Vector3>
      <Vector3>
        <X>-2406.47681</X>
        <Y>-238.9513</Y>
        <Z>14.35466</Z>
      </Vector3>
      <Vector3>
        <X>-2411.937</X>
        <Y>-238.257446</Y>
        <Z>14.5668392</Z>
      </Vector3>
      <Vector3>
        <X>-2407.405</X>
        <Y>-240.710281</Y>
        <Z>15.8832531</Z>
      </Vector3>
      <Vector3>
        <X>-2410.94873</X>
        <Y>-236.471237</Y>
        <Z>14.4926529</Z>
      </Vector3>
      <Vector3>
        <X>-2406.41675</X>
        <Y>-238.924072</Y>
        <Z>15.8090668</Z>
      </Vector3>
      <Vector3>
        <X>-2411.8772</X>
        <Y>-238.230225</Y>
        <Z>16.021246</Z>
      </Vector3>
      <Vector3>
        <X>-2410.889</X>
        <Y>-236.444016</Y>
        <Z>15.94706</Z>
      </Vector3>
    </Bounds>
    <CenterCamPosition>
      <X>0</X>
      <Y>0</Y>
    </CenterCamPosition>
    <ScreenBounds />
    <DistanceToCam>0</DistanceToCam>
    <Speed>9.884507</Speed>
    <AccInput>0</AccInput>
    <RPM>1.35798967</RPM>
    <Gear>0</Gear>
    <SteeringAngle>4.463976E-41</SteeringAngle>
    <WheelSpeed>0</WheelSpeed>
    <CarType>Sports</CarType>
  </MyCar>
  <Peds />
  <Time>275847</Time>
  <LastFrameTime>0.0478084348</LastFrameTime>
  <MyProperty>0</MyProperty>
  <Weather>Foggy</Weather>
  <Steering>127</Steering>
  <Acc>137</Acc>
  <Brake>127</Brake>
  <DayTime>15:16:13</DayTime>
  <Position>
    <X>-2409.77734</X>
    <Y>-238.223434</Y>
    <Z>16.1067448</Z>
  </Position>
  <Rotation>
    <X>1.03751993</X>
    <Y>2.56527281</Y>
    <Z>61.11268</Z>
  </Rotation>
</Screenshot>