<?xml version="1.0" encoding="utf-8"?>
<Screenshot xmlns:xsd="http://www.w3.org/2001/XMLSchema" xmlns:xsi="http://www.w3.org/2001/XMLSchema-instance">
  <Cars />
  <MyCar>
    <Position>
      <X>-2409.33472</X>
      <Y>-238.502518</Y>
      <Z>15.1928749</Z>
    </Position>
    <Rotation>
      <X>1.5560962</X>
      <Y>2.09477043</Y>
      <Z>61.037014</Z>
    </Rotation>
    <Handle>104962</Handle>
    <Bounds>
      <Vector3>
        <X>-2407.62329</X>
        <Y>-240.6495</Y>
        <Z>14.4335966</Z>
      </Vector3>
      <Vector3>
        <X>-2406.63477</X>
        <Y>-238.863449</Y>
        <Z>14.3589306</Z>
      </Vector3>
      <Vector3>
        <X>-2412.095</X>
        <Y>-238.168777</Y>
        <Z>14.572422</Z>
      </Vector3>
      <Vector3>
        <X>-2407.563</X>
        <Y>-240.6221</Y>
        <Z>15.8879852</Z>
      </Vector3>
      <Vector3>
        <X>-2411.10645</X>
        <Y>-236.382721</Y>
        <Z>14.4977551</Z>
      </Vector3>
      <Vector3>
        <X>-2406.57446</X>
        <Y>-238.836044</Y>
        <Z>15.8133183</Z>
      </Vector3>
      <Vector3>
        <X>-2412.03467</X>
        <Y>-238.141373</Y>
        <Z>16.02681</Z>
      </Vector3>
      <Vector3>
        <X>-2411.04614</X>
        <Y>-236.355316</Y>
        <Z>15.9521427</Z>
      </Vector3>
    </Bounds>
    <CenterCamPosition>
      <X>0</X>
      <Y>0</Y>
    </CenterCamPosition>
    <ScreenBounds />
    <DistanceToCam>0</DistanceToCam>
    <Speed>9.891103</Speed>
    <AccInput>0</AccInput>
    <RPM>1.35798967</RPM>
    <Gear>0</Gear>
    <SteeringAngle>4.463976E-41</SteeringAngle>
    <WheelSpeed>0</WheelSpeed>
    <CarType>Sports</CarType>
  </MyCar>
  <Peds />
  <Time>275865</Time>
  <LastFrameTime>0.0182830729</LastFrameTime>
  <MyProperty>0</MyProperty>
  <Weather>Foggy</Weather>
  <Steering>127</Steering>
  <Acc>137</Acc>
  <Brake>127</Brake>
  <DayTime>15:16:13</DayTime>
  <Position>
    <X>-2410.189</X>
    <Y>-237.992279</Y>
    <Z>16.1194057</Z>
  </Position>
  <Rotation>
    <X>1.04781878</X>
    <Y>2.58084655</Y>
    <Z>61.0923843</Z>
  </Rotation>
</Screenshot>