<?xml version="1.0" encoding="utf-8"?>
<Screenshot xmlns:xsd="http://www.w3.org/2001/XMLSchema" xmlns:xsi="http://www.w3.org/2001/XMLSchema-instance">
  <Cars />
  <MyCar>
    <Position>
      <X>-2409.91382</X>
      <Y>-238.17746</Y>
      <Z>15.2105665</Z>
    </Position>
    <Rotation>
      <X>1.57596588</X>
      <Y>2.12143278</Y>
      <Z>61.00159</Z>
    </Rotation>
    <Handle>104962</Handle>
    <Bounds>
      <Vector3>
        <X>-2408.204</X>
        <Y>-240.3257</Y>
        <Z>14.4508982</Z>
      </Vector3>
      <Vector3>
        <X>-2407.2146</X>
        <Y>-238.5403</Y>
        <Z>14.3752813</Z>
      </Vector3>
      <Vector3>
        <X>-2412.674</X>
        <Y>-237.842117</Y>
        <Z>14.5914927</Z>
      </Vector3>
      <Vector3>
        <X>-2408.143</X>
        <Y>-240.298</Y>
        <Z>15.9052467</Z>
      </Vector3>
      <Vector3>
        <X>-2411.68457</X>
        <Y>-236.056717</Y>
        <Z>14.5158758</Z>
      </Vector3>
      <Vector3>
        <X>-2407.15332</X>
        <Y>-238.512589</Y>
        <Z>15.8296309</Z>
      </Vector3>
      <Vector3>
        <X>-2412.613</X>
        <Y>-237.8144</Y>
        <Z>16.0458412</Z>
      </Vector3>
      <Vector3>
        <X>-2411.62354</X>
        <Y>-236.029</Y>
        <Z>15.9702253</Z>
      </Vector3>
    </Bounds>
    <CenterCamPosition>
      <X>0</X>
      <Y>0</Y>
    </CenterCamPosition>
    <ScreenBounds />
    <DistanceToCam>0</DistanceToCam>
    <Speed>9.915455</Speed>
    <AccInput>0</AccInput>
    <RPM>1.35798967</RPM>
    <Gear>0</Gear>
    <SteeringAngle>4.463976E-41</SteeringAngle>
    <WheelSpeed>0</WheelSpeed>
    <CarType>Sports</CarType>
  </MyCar>
  <Peds />
  <Time>275932</Time>
  <LastFrameTime>0.0186771583</LastFrameTime>
  <MyProperty>0</MyProperty>
  <Weather>Foggy</Weather>
  <Steering>127</Steering>
  <Acc>137</Acc>
  <Brake>127</Brake>
  <DayTime>15:16:13</DayTime>
  <Position>
    <X>-2410.763</X>
    <Y>-237.668274</Y>
    <Z>16.1381817</Z>
  </Position>
  <Rotation>
    <X>1.08979559</X>
    <Y>2.64926577</Y>
    <Z>61.0638275</Z>
  </Rotation>
</Screenshot>