<?xml version="1.0" encoding="utf-8"?>
<Screenshot xmlns:xsd="http://www.w3.org/2001/XMLSchema" xmlns:xsi="http://www.w3.org/2001/XMLSchema-instance">
  <Cars />
  <MyCar>
    <Position>
      <X>-2410.49121</X>
      <Y>-237.853973</Y>
      <Z>15.2270527</Z>
    </Position>
    <Rotation>
      <X>1.49981165</X>
      <Y>1.91560054</Y>
      <Z>60.9503937</Z>
    </Rotation>
    <Handle>104962</Handle>
    <Bounds>
      <Vector3>
        <X>-2408.781</X>
        <Y>-240.00177</Y>
        <Z>14.4669876</Z>
      </Vector3>
      <Vector3>
        <X>-2407.78979</X>
        <Y>-238.21701</Y>
        <Z>14.3987045</Z>
      </Vector3>
      <Vector3>
        <X>-2413.24951</X>
        <Y>-237.51474</Y>
        <Z>14.6008062</Z>
      </Vector3>
      <Vector3>
        <X>-2408.724</X>
        <Y>-239.977737</Y>
        <Z>15.9215727</Z>
      </Vector3>
      <Vector3>
        <X>-2412.258</X>
        <Y>-235.73</Y>
        <Z>14.5325241</Z>
      </Vector3>
      <Vector3>
        <X>-2407.733</X>
        <Y>-238.193</Y>
        <Z>15.85329</Z>
      </Vector3>
      <Vector3>
        <X>-2413.19263</X>
        <Y>-237.490723</Y>
        <Z>16.0553913</Z>
      </Vector3>
      <Vector3>
        <X>-2412.20117</X>
        <Y>-235.705963</Y>
        <Z>15.9871092</Z>
      </Vector3>
    </Bounds>
    <CenterCamPosition>
      <X>0</X>
      <Y>0</Y>
    </CenterCamPosition>
    <ScreenBounds />
    <DistanceToCam>0</DistanceToCam>
    <Speed>9.940353</Speed>
    <AccInput>0</AccInput>
    <RPM>1.35798967</RPM>
    <Gear>0</Gear>
    <SteeringAngle>4.463976E-41</SteeringAngle>
    <WheelSpeed>0</WheelSpeed>
    <CarType>Sports</CarType>
  </MyCar>
  <Peds />
  <Time>275999</Time>
  <LastFrameTime>0.0194324367</LastFrameTime>
  <MyProperty>0</MyProperty>
  <Weather>Foggy</Weather>
  <Steering>127</Steering>
  <Acc>137</Acc>
  <Brake>127</Brake>
  <DayTime>15:16:13</DayTime>
  <Position>
    <X>-2411.33521</X>
    <Y>-237.349686</Y>
    <Z>16.1532</Z>
  </Position>
  <Rotation>
    <X>1.02232563</X>
    <Y>2.47037554</Y>
    <Z>61.00929</Z>
  </Rotation>
</Screenshot>