<?xml version="1.0" encoding="utf-8"?>
<Screenshot xmlns:xsd="http://www.w3.org/2001/XMLSchema" xmlns:xsi="http://www.w3.org/2001/XMLSchema-instance">
  <Cars />
  <MyCar>
    <Position>
      <X>-2410.32275</X>
      <Y>-237.9483</Y>
      <Z>15.222209</Z>
    </Position>
    <Rotation>
      <X>1.52137542</X>
      <Y>1.97076821</Y>
      <Z>60.96522</Z>
    </Rotation>
    <Handle>104962</Handle>
    <Bounds>
      <Vector3>
        <X>-2408.61279</X>
        <Y>-240.096176</Y>
        <Z>14.4621973</Z>
      </Vector3>
      <Vector3>
        <X>-2407.62183</X>
        <Y>-238.311234</Y>
        <Z>14.39195</Z>
      </Vector3>
      <Vector3>
        <X>-2413.08154</X>
        <Y>-237.610168</Y>
        <Z>14.5979357</Z>
      </Vector3>
      <Vector3>
        <X>-2408.55469</X>
        <Y>-240.071182</Y>
        <Z>15.9167213</Z>
      </Vector3>
      <Vector3>
        <X>-2412.09082</X>
        <Y>-235.825211</Y>
        <Z>14.527688</Z>
      </Vector3>
      <Vector3>
        <X>-2407.56372</X>
        <Y>-238.286224</Y>
        <Z>15.8464727</Z>
      </Vector3>
      <Vector3>
        <X>-2413.02344</X>
        <Y>-237.585159</Y>
        <Z>16.05246</Z>
      </Vector3>
      <Vector3>
        <X>-2412.03271</X>
        <Y>-235.800217</Y>
        <Z>15.9822111</Z>
      </Vector3>
    </Bounds>
    <CenterCamPosition>
      <X>0</X>
      <Y>0</Y>
    </CenterCamPosition>
    <ScreenBounds />
    <DistanceToCam>0</DistanceToCam>
    <Speed>9.932943</Speed>
    <AccInput>0</AccInput>
    <RPM>1.35798967</RPM>
    <Gear>0</Gear>
    <SteeringAngle>4.463976E-41</SteeringAngle>
    <WheelSpeed>0</WheelSpeed>
    <CarType>Sports</CarType>
  </MyCar>
  <Peds />
  <Time>275980</Time>
  <LastFrameTime>0.0472148247</LastFrameTime>
  <MyProperty>0</MyProperty>
  <Weather>Foggy</Weather>
  <Steering>127</Steering>
  <Acc>137</Acc>
  <Brake>127</Brake>
  <DayTime>15:16:13</DayTime>
  <Position>
    <X>-2410.92456</X>
    <Y>-237.577744</Y>
    <Z>16.14259</Z>
  </Position>
  <Rotation>
    <X>1.07709265</X>
    <Y>2.62097</Y>
    <Z>61.0508423</Z>
  </Rotation>
</Screenshot>