<?xml version="1.0" encoding="utf-8"?>
<Screenshot xmlns:xsd="http://www.w3.org/2001/XMLSchema" xmlns:xsi="http://www.w3.org/2001/XMLSchema-instance">
  <Cars />
  <MyCar>
    <Position>
      <X>-2409.75244</X>
      <Y>-238.2681</Y>
      <Z>15.2059155</Z>
    </Position>
    <Rotation>
      <X>1.58863091</X>
      <Y>2.14974451</Y>
      <Z>61.0134544</Z>
    </Rotation>
    <Handle>104962</Handle>
    <Bounds>
      <Vector3>
        <X>-2408.04272</X>
        <Y>-240.416245</Y>
        <Z>14.4462051</Z>
      </Vector3>
      <Vector3>
        <X>-2407.05347</X>
        <Y>-238.630661</Y>
        <Z>14.36958</Z>
      </Vector3>
      <Vector3>
        <X>-2412.51318</X>
        <Y>-237.9335</Y>
        <Z>14.5879269</Z>
      </Vector3>
      <Vector3>
        <X>-2407.981</X>
        <Y>-240.388062</Y>
        <Z>15.9005194</Z>
      </Vector3>
      <Vector3>
        <X>-2411.524</X>
        <Y>-236.147919</Y>
        <Z>14.511302</Z>
      </Vector3>
      <Vector3>
        <X>-2406.9917</X>
        <Y>-238.602478</Y>
        <Z>15.8238935</Z>
      </Vector3>
      <Vector3>
        <X>-2412.45142</X>
        <Y>-237.905319</Y>
        <Z>16.04224</Z>
      </Vector3>
      <Vector3>
        <X>-2411.46216</X>
        <Y>-236.119736</Y>
        <Z>15.9656153</Z>
      </Vector3>
    </Bounds>
    <CenterCamPosition>
      <X>0</X>
      <Y>0</Y>
    </CenterCamPosition>
    <ScreenBounds />
    <DistanceToCam>0</DistanceToCam>
    <Speed>9.90861</Speed>
    <AccInput>0</AccInput>
    <RPM>1.35798967</RPM>
    <Gear>0</Gear>
    <SteeringAngle>4.463976E-41</SteeringAngle>
    <WheelSpeed>0</WheelSpeed>
    <CarType>Sports</CarType>
  </MyCar>
  <Peds />
  <Time>275914</Time>
  <LastFrameTime>0.0483750477</LastFrameTime>
  <MyProperty>0</MyProperty>
  <Weather>Foggy</Weather>
  <Steering>127</Steering>
  <Acc>137</Acc>
  <Brake>127</Brake>
  <DayTime>15:16:13</DayTime>
  <Position>
    <X>-2410.34644</X>
    <Y>-237.903656</Y>
    <Z>16.124506</Z>
  </Position>
  <Rotation>
    <X>1.05718</X>
    <Y>2.59432936</Y>
    <Z>61.0848732</Z>
  </Rotation>
</Screenshot>