<?xml version="1.0" encoding="utf-8"?>
<Screenshot xmlns:xsd="http://www.w3.org/2001/XMLSchema" xmlns:xsi="http://www.w3.org/2001/XMLSchema-instance">
  <Cars />
  <MyCar>
    <Position>
      <X>-2411.10669</X>
      <Y>-237.509583</Y>
      <Z>15.2451763</Z>
    </Position>
    <Rotation>
      <X>1.43337071</X>
      <Y>1.755051</Y>
      <Z>60.9019928</Z>
    </Rotation>
    <Handle>104962</Handle>
    <Bounds>
      <Vector3>
        <X>-2409.39648</X>
        <Y>-239.657333</Y>
        <Z>14.4851217</Z>
      </Vector3>
      <Vector3>
        <X>-2408.40356</X>
        <Y>-237.873245</Y>
        <Z>14.42256</Z>
      </Vector3>
      <Vector3>
        <X>-2413.86328</X>
        <Y>-237.166931</Y>
        <Z>14.6130257</Z>
      </Vector3>
      <Vector3>
        <X>-2409.343</X>
        <Y>-239.6361</Y>
        <Z>15.93988</Z>
      </Vector3>
      <Vector3>
        <X>-2412.87036</X>
        <Y>-235.382858</Y>
        <Z>14.5504637</Z>
      </Vector3>
      <Vector3>
        <X>-2408.35</X>
        <Y>-237.85202</Y>
        <Z>15.8773184</Z>
      </Vector3>
      <Vector3>
        <X>-2413.80957</X>
        <Y>-237.1457</Y>
        <Z>16.0677853</Z>
      </Vector3>
      <Vector3>
        <X>-2412.81665</X>
        <Y>-235.361633</Y>
        <Z>16.0052223</Z>
      </Vector3>
    </Bounds>
    <CenterCamPosition>
      <X>0</X>
      <Y>0</Y>
    </CenterCamPosition>
    <ScreenBounds />
    <DistanceToCam>0</DistanceToCam>
    <Speed>9.968325</Speed>
    <AccInput>0</AccInput>
    <RPM>1.35798967</RPM>
    <Gear>0</Gear>
    <SteeringAngle>4.463976E-41</SteeringAngle>
    <WheelSpeed>0</WheelSpeed>
    <CarType>Sports</CarType>
  </MyCar>
  <Peds />
  <Time>276070</Time>
  <LastFrameTime>0.0233050212</LastFrameTime>
  <MyProperty>0</MyProperty>
  <Weather>Foggy</Weather>
  <Steering>127</Steering>
  <Acc>137</Acc>
  <Brake>127</Brake>
  <DayTime>15:16:13</DayTime>
  <Position>
    <X>-2411.91846</X>
    <Y>-237.0256</Y>
    <Z>16.1685371</Z>
  </Position>
  <Rotation>
    <X>0.94465524</X>
    <Y>2.2795918</Y>
    <Z>60.9538765</Z>
  </Rotation>
</Screenshot>