<?xml version="1.0" encoding="utf-8"?>
<Screenshot xmlns:xsd="http://www.w3.org/2001/XMLSchema" xmlns:xsi="http://www.w3.org/2001/XMLSchema-instance">
  <Cars />
  <MyCar>
    <Position>
      <X>-2410.904</X>
      <Y>-237.62294</Y>
      <Z>15.2390327</Z>
    </Position>
    <Rotation>
      <X>1.44390762</X>
      <Y>1.77990127</Y>
      <Z>60.9163</Z>
    </Rotation>
    <Handle>104962</Handle>
    <Bounds>
      <Vector3>
        <X>-2409.1936</X>
        <Y>-239.7705</Y>
        <Z>14.4789648</Z>
      </Vector3>
      <Vector3>
        <X>-2408.20117</X>
        <Y>-237.986191</Y>
        <Z>14.4155178</Z>
      </Vector3>
      <Vector3>
        <X>-2413.661</X>
        <Y>-237.281158</Y>
        <Z>14.6078072</Z>
      </Vector3>
      <Vector3>
        <X>-2409.13965</X>
        <Y>-239.74881</Y>
        <Z>15.9336977</Z>
      </Vector3>
      <Vector3>
        <X>-2412.66846</X>
        <Y>-235.496857</Y>
        <Z>14.5443592</Z>
      </Vector3>
      <Vector3>
        <X>-2408.14722</X>
        <Y>-237.964523</Y>
        <Z>15.87025</Z>
      </Vector3>
      <Vector3>
        <X>-2413.607</X>
        <Y>-237.259476</Y>
        <Z>16.06254</Z>
      </Vector3>
      <Vector3>
        <X>-2412.61426</X>
        <Y>-235.475174</Y>
        <Z>15.9990921</Z>
      </Vector3>
    </Bounds>
    <CenterCamPosition>
      <X>0</X>
      <Y>0</Y>
    </CenterCamPosition>
    <ScreenBounds />
    <DistanceToCam>0</DistanceToCam>
    <Speed>9.959083</Speed>
    <AccInput>0</AccInput>
    <RPM>1.35798967</RPM>
    <Gear>0</Gear>
    <SteeringAngle>4.463976E-41</SteeringAngle>
    <WheelSpeed>0</WheelSpeed>
    <CarType>Sports</CarType>
  </MyCar>
  <Peds />
  <Time>276047</Time>
  <LastFrameTime>0.0475564674</LastFrameTime>
  <MyProperty>0</MyProperty>
  <Weather>Foggy</Weather>
  <Steering>127</Steering>
  <Acc>137</Acc>
  <Brake>127</Brake>
  <DayTime>15:16:13</DayTime>
  <Position>
    <X>-2411.50415</X>
    <Y>-237.255722</Y>
    <Z>16.1576328</Z>
  </Position>
  <Rotation>
    <X>1.00070083</X>
    <Y>2.41523266</Y>
    <Z>60.99257</Z>
  </Rotation>
</Screenshot>