<?xml version="1.0" encoding="utf-8"?>
<Screenshot xmlns:xsd="http://www.w3.org/2001/XMLSchema" xmlns:xsi="http://www.w3.org/2001/XMLSchema-instance">
  <Cars />
  <MyCar>
    <Position>
      <X>-2411.77075</X>
      <Y>-237.136017</Y>
      <Z>15.2666378</Z>
    </Position>
    <Rotation>
      <X>1.49239123</X>
      <Y>1.95811689</Y>
      <Z>60.8708763</Z>
    </Rotation>
    <Handle>104962</Handle>
    <Bounds>
      <Vector3>
        <X>-2410.06372</X>
        <Y>-239.286713</Y>
        <Z>14.507678</Z>
      </Vector3>
      <Vector3>
        <X>-2409.07</X>
        <Y>-237.503387</Y>
        <Z>14.4378805</Z>
      </Vector3>
      <Vector3>
        <X>-2414.52856</X>
        <Y>-236.793411</Y>
        <Z>14.6408319</Z>
      </Vector3>
      <Vector3>
        <X>-2410.00659</X>
        <Y>-239.261734</Y>
        <Z>15.9622316</Z>
      </Vector3>
      <Vector3>
        <X>-2413.535</X>
        <Y>-235.010086</Y>
        <Z>14.5710344</Z>
      </Vector3>
      <Vector3>
        <X>-2409.0127</X>
        <Y>-237.478409</Y>
        <Z>15.8924341</Z>
      </Vector3>
      <Vector3>
        <X>-2414.47144</X>
        <Y>-236.768433</Y>
        <Z>16.0953865</Z>
      </Vector3>
      <Vector3>
        <X>-2413.47754</X>
        <Y>-234.9851</Y>
        <Z>16.025589</Z>
      </Vector3>
    </Bounds>
    <CenterCamPosition>
      <X>0</X>
      <Y>0</Y>
    </CenterCamPosition>
    <ScreenBounds />
    <DistanceToCam>0</DistanceToCam>
    <Speed>10.0005045</Speed>
    <AccInput>0</AccInput>
    <RPM>1.35798967</RPM>
    <Gear>0</Gear>
    <SteeringAngle>4.463976E-41</SteeringAngle>
    <WheelSpeed>0</WheelSpeed>
    <CarType>Sports</CarType>
  </MyCar>
  <Peds />
  <Time>276146</Time>
  <LastFrameTime>0.03310316</LastFrameTime>
  <MyProperty>0</MyProperty>
  <Weather>Foggy</Weather>
  <Steering>127</Steering>
  <Acc>137</Acc>
  <Brake>127</Brake>
  <DayTime>15:16:13</DayTime>
  <Position>
    <X>-2412.49561</X>
    <Y>-236.699524</Y>
    <Z>16.1876678</Z>
  </Position>
  <Rotation>
    <X>0.9810816</X>
    <Y>2.37092161</Y>
    <Z>60.9244423</Z>
  </Rotation>
</Screenshot>