<?xml version="1.0" encoding="utf-8"?>
<Screenshot xmlns:xsd="http://www.w3.org/2001/XMLSchema" xmlns:xsi="http://www.w3.org/2001/XMLSchema-instance">
  <Cars />
  <MyCar>
    <Position>
      <X>-2411.48267</X>
      <Y>-237.298462</Y>
      <Z>15.2574663</Z>
    </Position>
    <Rotation>
      <X>1.48024189</X>
      <Y>1.87126875</Y>
      <Z>60.8838654</Z>
    </Rotation>
    <Handle>104962</Handle>
    <Bounds>
      <Vector3>
        <X>-2409.77441</X>
        <Y>-239.44783</Y>
        <Z>14.4974575</Z>
      </Vector3>
      <Vector3>
        <X>-2408.781</X>
        <Y>-237.664185</Y>
        <Z>14.4307547</Z>
      </Vector3>
      <Vector3>
        <X>-2414.24</X>
        <Y>-236.955734</Y>
        <Z>14.6295338</Z>
      </Vector3>
      <Vector3>
        <X>-2409.71851</X>
        <Y>-239.424622</Y>
        <Z>15.9520931</Z>
      </Vector3>
      <Vector3>
        <X>-2413.24658</X>
        <Y>-235.172089</Y>
        <Z>14.5628309</Z>
      </Vector3>
      <Vector3>
        <X>-2408.725</X>
        <Y>-237.640976</Y>
        <Z>15.8853893</Z>
      </Vector3>
      <Vector3>
        <X>-2414.184</X>
        <Y>-236.932526</Y>
        <Z>16.08417</Z>
      </Vector3>
      <Vector3>
        <X>-2413.19067</X>
        <Y>-235.14888</Y>
        <Z>16.0174656</Z>
      </Vector3>
    </Bounds>
    <CenterCamPosition>
      <X>0</X>
      <Y>0</Y>
    </CenterCamPosition>
    <ScreenBounds />
    <DistanceToCam>0</DistanceToCam>
    <Speed>9.987366</Speed>
    <AccInput>0</AccInput>
    <RPM>1.35798967</RPM>
    <Gear>0</Gear>
    <SteeringAngle>4.463976E-41</SteeringAngle>
    <WheelSpeed>0</WheelSpeed>
    <CarType>Sports</CarType>
  </MyCar>
  <Peds />
  <Time>276113</Time>
  <LastFrameTime>0.0432078764</LastFrameTime>
  <MyProperty>0</MyProperty>
  <Weather>Foggy</Weather>
  <Steering>127</Steering>
  <Acc>137</Acc>
  <Brake>127</Brake>
  <DayTime>15:16:13</DayTime>
  <Position>
    <X>-2412.12134</X>
    <Y>-236.912262</Y>
    <Z>16.1744766</Z>
  </Position>
  <Rotation>
    <X>0.934093833</X>
    <Y>2.254752</Y>
    <Z>60.93874</Z>
  </Rotation>
</Screenshot>