<?xml version="1.0" encoding="utf-8"?>
<Screenshot xmlns:xsd="http://www.w3.org/2001/XMLSchema" xmlns:xsi="http://www.w3.org/2001/XMLSchema-instance">
  <Cars />
  <MyCar>
    <Position>
      <X>-2411.93433</X>
      <Y>-237.043564</Y>
      <Z>15.271924</Z>
    </Position>
    <Rotation>
      <X>1.49047911</X>
      <Y>2.00831628</Y>
      <Z>60.86293</Z>
    </Rotation>
    <Handle>104962</Handle>
    <Bounds>
      <Vector3>
        <X>-2410.228</X>
        <Y>-239.195084</Y>
        <Z>14.5139675</Z>
      </Vector3>
      <Vector3>
        <X>-2409.234</X>
        <Y>-237.411957</Y>
        <Z>14.4423809</Z>
      </Vector3>
      <Vector3>
        <X>-2414.69238</X>
        <Y>-236.701065</Y>
        <Z>14.6469469</Z>
      </Vector3>
      <Vector3>
        <X>-2410.17017</X>
        <Y>-239.168976</Y>
        <Z>15.9684782</Z>
      </Vector3>
      <Vector3>
        <X>-2413.69849</X>
        <Y>-234.917938</Y>
        <Z>14.57536</Z>
      </Vector3>
      <Vector3>
        <X>-2409.176</X>
        <Y>-237.385849</Y>
        <Z>15.8968916</Z>
      </Vector3>
      <Vector3>
        <X>-2414.63452</X>
        <Y>-236.674957</Y>
        <Z>16.1014576</Z>
      </Vector3>
      <Vector3>
        <X>-2413.64063</X>
        <Y>-234.89183</Y>
        <Z>16.029871</Z>
      </Vector3>
    </Bounds>
    <CenterCamPosition>
      <X>0</X>
      <Y>0</Y>
    </CenterCamPosition>
    <ScreenBounds />
    <DistanceToCam>0</DistanceToCam>
    <Speed>10.00804</Speed>
    <AccInput>0</AccInput>
    <RPM>1.35798967</RPM>
    <Gear>0</Gear>
    <SteeringAngle>4.463976E-41</SteeringAngle>
    <WheelSpeed>0</WheelSpeed>
    <CarType>Sports</CarType>
  </MyCar>
  <Peds />
  <Time>276165</Time>
  <LastFrameTime>0.0187935214</LastFrameTime>
  <MyProperty>0</MyProperty>
  <Weather>Foggy</Weather>
  <Steering>127</Steering>
  <Acc>137</Acc>
  <Brake>127</Brake>
  <DayTime>15:16:13</DayTime>
  <Position>
    <X>-2412.78271</X>
    <Y>-236.5357</Y>
    <Z>16.1970425</Z>
  </Position>
  <Rotation>
    <X>0.9933051</X>
    <Y>2.457748</Y>
    <Z>60.913475</Z>
  </Rotation>
</Screenshot>