<?xml version="1.0" encoding="utf-8"?>
<Screenshot xmlns:xsd="http://www.w3.org/2001/XMLSchema" xmlns:xsi="http://www.w3.org/2001/XMLSchema-instance">
  <Cars />
  <MyCar>
    <Position>
      <X>-2412.35229</X>
      <Y>-236.806458</Y>
      <Z>15.2858658</Z>
    </Position>
    <Rotation>
      <X>1.44670832</X>
      <Y>2.20278645</Y>
      <Z>60.84183</Z>
    </Rotation>
    <Handle>104962</Handle>
    <Bounds>
      <Vector3>
        <X>-2410.64746</X>
        <Y>-238.96109</Y>
        <Z>14.53341</Z>
      </Vector3>
      <Vector3>
        <X>-2409.65283</X>
        <Y>-237.178543</Y>
        <Z>14.454895</Z>
      </Vector3>
      <Vector3>
        <X>-2415.11084</X>
        <Y>-236.4651</Y>
        <Z>14.6624689</Z>
      </Vector3>
      <Vector3>
        <X>-2410.58813</X>
        <Y>-238.930145</Y>
        <Z>15.9877682</Z>
      </Vector3>
      <Vector3>
        <X>-2414.11646</X>
        <Y>-234.682556</Y>
        <Z>14.5839539</Z>
      </Vector3>
      <Vector3>
        <X>-2409.59351</X>
        <Y>-237.1476</Y>
        <Z>15.9092531</Z>
      </Vector3>
      <Vector3>
        <X>-2415.05151</X>
        <Y>-236.434158</Y>
        <Z>16.116827</Z>
      </Vector3>
      <Vector3>
        <X>-2414.05713</X>
        <Y>-234.651611</Y>
        <Z>16.0383129</Z>
      </Vector3>
    </Bounds>
    <CenterCamPosition>
      <X>0</X>
      <Y>0</Y>
    </CenterCamPosition>
    <ScreenBounds />
    <DistanceToCam>0</DistanceToCam>
    <Speed>10.0270367</Speed>
    <AccInput>0</AccInput>
    <RPM>1.35798967</RPM>
    <Gear>0</Gear>
    <SteeringAngle>4.463976E-41</SteeringAngle>
    <WheelSpeed>0</WheelSpeed>
    <CarType>Sports</CarType>
  </MyCar>
  <Peds />
  <Time>276213</Time>
  <LastFrameTime>0.0479797237</LastFrameTime>
  <MyProperty>0</MyProperty>
  <Weather>Foggy</Weather>
  <Steering>127</Steering>
  <Acc>137</Acc>
  <Brake>127</Brake>
  <DayTime>15:16:13</DayTime>
  <Position>
    <X>-2412.9458</X>
    <Y>-236.442383</Y>
    <Z>16.202261</Z>
  </Position>
  <Rotation>
    <X>0.991429031</X>
    <Y>2.50794148</Y>
    <Z>60.90631</Z>
  </Rotation>
</Screenshot>