<?xml version="1.0" encoding="utf-8"?>
<Screenshot xmlns:xsd="http://www.w3.org/2001/XMLSchema" xmlns:xsi="http://www.w3.org/2001/XMLSchema-instance">
  <Cars />
  <MyCar>
    <Position>
      <X>-2413.10059</X>
      <Y>-236.381866</Y>
      <Z>15.3066635</Z>
    </Position>
    <Rotation>
      <X>1.54563725</X>
      <Y>2.11334753</Y>
      <Z>60.7893829</Z>
    </Rotation>
    <Handle>104962</Handle>
    <Bounds>
      <Vector3>
        <X>-2411.39844</X>
        <Y>-238.5365</Y>
        <Z>14.5481892</Z>
      </Vector3>
      <Vector3>
        <X>-2410.402</X>
        <Y>-236.754761</Y>
        <Z>14.47286</Z>
      </Vector3>
      <Vector3>
        <X>-2415.85938</X>
        <Y>-236.036438</Y>
        <Z>14.686079</Z>
      </Vector3>
      <Vector3>
        <X>-2411.338</X>
        <Y>-238.50882</Y>
        <Z>16.0025673</Z>
      </Vector3>
      <Vector3>
        <X>-2414.863</X>
        <Y>-234.2547</Y>
        <Z>14.61075</Z>
      </Vector3>
      <Vector3>
        <X>-2410.3418</X>
        <Y>-236.727081</Y>
        <Z>15.9272394</Z>
      </Vector3>
      <Vector3>
        <X>-2415.79883</X>
        <Y>-236.008759</Y>
        <Z>16.1404572</Z>
      </Vector3>
      <Vector3>
        <X>-2414.80273</X>
        <Y>-234.22702</Y>
        <Z>16.0651283</Z>
      </Vector3>
    </Bounds>
    <CenterCamPosition>
      <X>0</X>
      <Y>0</Y>
    </CenterCamPosition>
    <ScreenBounds />
    <DistanceToCam>0</DistanceToCam>
    <Speed>10.0590811</Speed>
    <AccInput>0</AccInput>
    <RPM>1.35798967</RPM>
    <Gear>0</Gear>
    <SteeringAngle>4.463976E-41</SteeringAngle>
    <WheelSpeed>0</WheelSpeed>
    <CarType>Sports</CarType>
  </MyCar>
  <Peds />
  <Time>276299</Time>
  <LastFrameTime>0.0186929833</LastFrameTime>
  <MyProperty>0</MyProperty>
  <Weather>Foggy</Weather>
  <Steering>126</Steering>
  <Acc>137</Acc>
  <Brake>127</Brake>
  <DayTime>15:16:13</DayTime>
  <Position>
    <X>-2413.94629</X>
    <Y>-235.870255</Y>
    <Z>16.2331066</Z>
  </Position>
  <Rotation>
    <X>1.01279855</X>
    <Y>2.66464949</Y>
    <Z>60.8488464</Z>
  </Rotation>
</Screenshot>