<?xml version="1.0" encoding="utf-8"?>
<Screenshot xmlns:xsd="http://www.w3.org/2001/XMLSchema" xmlns:xsi="http://www.w3.org/2001/XMLSchema-instance">
  <Cars />
  <MyCar>
    <Position>
      <X>-2412.937</X>
      <Y>-236.474579</Y>
      <Z>15.3024282</Z>
    </Position>
    <Rotation>
      <X>1.51170349</X>
      <Y>2.16506529</Y>
      <Z>60.80176</Z>
    </Rotation>
    <Handle>104962</Handle>
    <Bounds>
      <Vector3>
        <X>-2411.23413</X>
        <Y>-238.629623</Y>
        <Z>14.5464029</Z>
      </Vector3>
      <Vector3>
        <X>-2410.23853</X>
        <Y>-236.847717</Y>
        <Z>14.4692326</Z>
      </Vector3>
      <Vector3>
        <X>-2415.6958</X>
        <Y>-236.130478</Y>
        <Z>14.681262</Z>
      </Vector3>
      <Vector3>
        <X>-2411.17383</X>
        <Y>-238.600357</Y>
        <Z>16.0007553</Z>
      </Vector3>
      <Vector3>
        <X>-2414.7</X>
        <Y>-234.348587</Y>
        <Z>14.6040916</Z>
      </Vector3>
      <Vector3>
        <X>-2410.17822</X>
        <Y>-236.818466</Y>
        <Z>15.923584</Z>
      </Vector3>
      <Vector3>
        <X>-2415.6355</X>
        <Y>-236.101227</Y>
        <Z>16.1356144</Z>
      </Vector3>
      <Vector3>
        <X>-2414.63965</X>
        <Y>-234.319321</Y>
        <Z>16.0584431</Z>
      </Vector3>
    </Bounds>
    <CenterCamPosition>
      <X>0</X>
      <Y>0</Y>
    </CenterCamPosition>
    <ScreenBounds />
    <DistanceToCam>0</DistanceToCam>
    <Speed>10.0488272</Speed>
    <AccInput>0</AccInput>
    <RPM>1.35798967</RPM>
    <Gear>0</Gear>
    <SteeringAngle>4.463976E-41</SteeringAngle>
    <WheelSpeed>0</WheelSpeed>
    <CarType>Sports</CarType>
  </MyCar>
  <Peds />
  <Time>276280</Time>
  <LastFrameTime>0.0480430238</LastFrameTime>
  <MyProperty>0</MyProperty>
  <Weather>Foggy</Weather>
  <Steering>127</Steering>
  <Acc>137</Acc>
  <Brake>127</Brake>
  <DayTime>15:16:13</DayTime>
  <Position>
    <X>-2413.52734</X>
    <Y>-236.10759</Y>
    <Z>16.2202873</Z>
  </Position>
  <Rotation>
    <X>0.9496085</X>
    <Y>2.73106885</Y>
    <Z>60.8777237</Z>
  </Rotation>
</Screenshot>