<?xml version="1.0" encoding="utf-8"?>
<Screenshot xmlns:xsd="http://www.w3.org/2001/XMLSchema" xmlns:xsi="http://www.w3.org/2001/XMLSchema-instance">
  <Cars />
  <MyCar>
    <Position>
      <X>-2412.51733</X>
      <Y>-236.712769</Y>
      <Z>15.2909451</Z>
    </Position>
    <Rotation>
      <X>1.44852984</X>
      <Y>2.231444</Y>
      <Z>60.8324738</Z>
    </Rotation>
    <Handle>104962</Handle>
    <Bounds>
      <Vector3>
        <X>-2410.813</X>
        <Y>-238.868</Y>
        <Z>14.5389338</Z>
      </Vector3>
      <Vector3>
        <X>-2409.818</X>
        <Y>-237.085648</Y>
        <Z>14.4593983</Z>
      </Vector3>
      <Vector3>
        <X>-2415.27612</X>
        <Y>-236.371231</Y>
        <Z>14.6681528</Z>
      </Vector3>
      <Vector3>
        <X>-2410.75317</X>
        <Y>-238.836441</Y>
        <Z>15.9932632</Z>
      </Vector3>
      <Vector3>
        <X>-2414.28125</X>
        <Y>-234.588882</Y>
        <Z>14.5886173</Z>
      </Vector3>
      <Vector3>
        <X>-2409.75854</X>
        <Y>-237.0541</Y>
        <Z>15.9137278</Z>
      </Vector3>
      <Vector3>
        <X>-2415.21631</X>
        <Y>-236.339676</Y>
        <Z>16.1224823</Z>
      </Vector3>
      <Vector3>
        <X>-2414.22144</X>
        <Y>-234.557327</Y>
        <Z>16.0429459</Z>
      </Vector3>
    </Bounds>
    <CenterCamPosition>
      <X>0</X>
      <Y>0</Y>
    </CenterCamPosition>
    <ScreenBounds />
    <DistanceToCam>0</DistanceToCam>
    <Speed>10.0303535</Speed>
    <AccInput>0</AccInput>
    <RPM>1.35798967</RPM>
    <Gear>0</Gear>
    <SteeringAngle>4.463976E-41</SteeringAngle>
    <WheelSpeed>0</WheelSpeed>
    <CarType>Sports</CarType>
  </MyCar>
  <Peds />
  <Time>276232</Time>
  <LastFrameTime>0.01891454</LastFrameTime>
  <MyProperty>0</MyProperty>
  <Weather>Foggy</Weather>
  <Steering>127</Steering>
  <Acc>137</Acc>
  <Brake>127</Brake>
  <DayTime>15:16:13</DayTime>
  <Position>
    <X>-2413.36255</X>
    <Y>-236.201828</Y>
    <Z>16.2151871</Z>
  </Position>
  <Rotation>
    <X>0.9477623</X>
    <Y>2.70241714</Y>
    <Z>60.8865166</Z>
  </Rotation>
</Screenshot>