<?xml version="1.0" encoding="utf-8"?>
<Screenshot xmlns:xsd="http://www.w3.org/2001/XMLSchema" xmlns:xsi="http://www.w3.org/2001/XMLSchema-instance">
  <Cars />
  <MyCar>
    <Position>
      <X>-2413.5188</X>
      <Y>-236.145355</Y>
      <Z>15.3179808</Z>
    </Position>
    <Rotation>
      <X>1.62441278</X>
      <Y>2.00117683</Y>
      <Z>60.76481</Z>
    </Rotation>
    <Handle>104962</Handle>
    <Bounds>
      <Vector3>
        <X>-2411.81787</X>
        <Y>-238.299</Y>
        <Z>14.5539665</Z>
      </Vector3>
      <Vector3>
        <X>-2410.8208</X>
        <Y>-236.517548</Y>
        <Z>14.4826345</Z>
      </Vector3>
      <Vector3>
        <X>-2416.27759</X>
        <Y>-235.797134</Y>
        <Z>14.6988926</Z>
      </Vector3>
      <Vector3>
        <X>-2411.757</X>
        <Y>-238.2748</Y>
        <Z>16.00839</Z>
      </Vector3>
      <Vector3>
        <X>-2415.28052</X>
        <Y>-234.0157</Y>
        <Z>14.6275606</Z>
      </Vector3>
      <Vector3>
        <X>-2410.76</X>
        <Y>-236.493362</Y>
        <Z>15.9370594</Z>
      </Vector3>
      <Vector3>
        <X>-2416.2168</X>
        <Y>-235.772949</Y>
        <Z>16.1533184</Z>
      </Vector3>
      <Vector3>
        <X>-2415.21973</X>
        <Y>-233.9915</Y>
        <Z>16.0819855</Z>
      </Vector3>
    </Bounds>
    <CenterCamPosition>
      <X>0</X>
      <Y>0</Y>
    </CenterCamPosition>
    <ScreenBounds />
    <DistanceToCam>0</DistanceToCam>
    <Speed>10.0848169</Speed>
    <AccInput>0</AccInput>
    <RPM>1.35798967</RPM>
    <Gear>0</Gear>
    <SteeringAngle>4.463976E-41</SteeringAngle>
    <WheelSpeed>0</WheelSpeed>
    <CarType>Sports</CarType>
  </MyCar>
  <Peds />
  <Time>276346</Time>
  <LastFrameTime>0.04769114</LastFrameTime>
  <MyProperty>0</MyProperty>
  <Weather>Foggy</Weather>
  <Steering>126</Steering>
  <Acc>137</Acc>
  <Brake>127</Brake>
  <DayTime>15:16:13</DayTime>
  <Position>
    <X>-2414.10962</X>
    <Y>-235.7783</Y>
    <Z>16.23807</Z>
  </Position>
  <Rotation>
    <X>1.04672563</X>
    <Y>2.612912</Y>
    <Z>60.8371</Z>
  </Rotation>
</Screenshot>