<?xml version="1.0" encoding="utf-8"?>
<Screenshot xmlns:xsd="http://www.w3.org/2001/XMLSchema" xmlns:xsi="http://www.w3.org/2001/XMLSchema-instance">
  <Cars />
  <MyCar>
    <Position>
      <X>-2413.97168</X>
      <Y>-235.889725</Y>
      <Z>15.3319521</Z>
    </Position>
    <Rotation>
      <X>1.60692167</X>
      <Y>2.04046059</Y>
      <Z>60.75289</Z>
    </Rotation>
    <Handle>104962</Handle>
    <Bounds>
      <Vector3>
        <X>-2412.27124</X>
        <Y>-238.044266</Y>
        <Z>14.56943</Z>
      </Vector3>
      <Vector3>
        <X>-2411.27368</X>
        <Y>-236.263077</Y>
        <Z>14.4966993</Z>
      </Vector3>
      <Vector3>
        <X>-2416.73047</X>
        <Y>-235.541428</Y>
        <Z>14.7127934</Z>
      </Vector3>
      <Vector3>
        <X>-2412.21021</X>
        <Y>-238.019</Y>
        <Z>16.0238323</Z>
      </Vector3>
      <Vector3>
        <X>-2415.733</X>
        <Y>-233.760239</Y>
        <Z>14.6400614</Z>
      </Vector3>
      <Vector3>
        <X>-2411.213</X>
        <Y>-236.237808</Y>
        <Z>15.9511013</Z>
      </Vector3>
      <Vector3>
        <X>-2416.66943</X>
        <Y>-235.516159</Y>
        <Z>16.1671963</Z>
      </Vector3>
      <Vector3>
        <X>-2415.672</X>
        <Y>-233.73497</Y>
        <Z>16.0944633</Z>
      </Vector3>
    </Bounds>
    <CenterCamPosition>
      <X>0</X>
      <Y>0</Y>
    </CenterCamPosition>
    <ScreenBounds />
    <DistanceToCam>0</DistanceToCam>
    <Speed>10.1169758</Speed>
    <AccInput>0</AccInput>
    <RPM>1.35798967</RPM>
    <Gear>0</Gear>
    <SteeringAngle>4.463976E-41</SteeringAngle>
    <WheelSpeed>0</WheelSpeed>
    <CarType>Sports</CarType>
  </MyCar>
  <Peds />
  <Time>276398</Time>
  <LastFrameTime>0.03220328</LastFrameTime>
  <MyProperty>0</MyProperty>
  <Weather>Foggy</Weather>
  <Steering>124</Steering>
  <Acc>137</Acc>
  <Brake>127</Brake>
  <DayTime>15:16:13</DayTime>
  <Position>
    <X>-2414.69653</X>
    <Y>-235.44838</Y>
    <Z>16.2562389</Z>
  </Position>
  <Rotation>
    <X>1.14721859</X>
    <Y>2.46828938</Y>
    <Z>60.8064575</Z>
  </Rotation>
</Screenshot>