<?xml version="1.0" encoding="utf-8"?>
<Screenshot xmlns:xsd="http://www.w3.org/2001/XMLSchema" xmlns:xsi="http://www.w3.org/2001/XMLSchema-instance">
  <Cars />
  <MyCar>
    <Position>
      <X>-2413.68823</X>
      <Y>-236.049728</Y>
      <Z>15.3226891</Z>
    </Position>
    <Rotation>
      <X>1.646154</X>
      <Y>1.96878362</Y>
      <Z>60.75705</Z>
    </Rotation>
    <Handle>104962</Handle>
    <Bounds>
      <Vector3>
        <X>-2411.98755</X>
        <Y>-238.2031</Y>
        <Z>14.55712</Z>
      </Vector3>
      <Vector3>
        <X>-2410.99023</X>
        <Y>-236.421753</Y>
        <Z>14.4869423</Z>
      </Vector3>
      <Vector3>
        <X>-2416.447</X>
        <Y>-235.700684</Y>
        <Z>14.703989</Z>
      </Vector3>
      <Vector3>
        <X>-2411.92676</X>
        <Y>-238.1799</Y>
        <Z>16.0115585</Z>
      </Vector3>
      <Vector3>
        <X>-2415.44971</X>
        <Y>-233.919342</Y>
        <Z>14.633811</Z>
      </Vector3>
      <Vector3>
        <X>-2410.92944</X>
        <Y>-236.39856</Y>
        <Z>15.9413815</Z>
      </Vector3>
      <Vector3>
        <X>-2416.386</X>
        <Y>-235.67749</Y>
        <Z>16.1584263</Z>
      </Vector3>
      <Vector3>
        <X>-2415.38867</X>
        <Y>-233.896149</Y>
        <Z>16.08825</Z>
      </Vector3>
    </Bounds>
    <CenterCamPosition>
      <X>0</X>
      <Y>0</Y>
    </CenterCamPosition>
    <ScreenBounds />
    <DistanceToCam>0</DistanceToCam>
    <Speed>10.0957413</Speed>
    <AccInput>0</AccInput>
    <RPM>1.35798967</RPM>
    <Gear>0</Gear>
    <SteeringAngle>4.463976E-41</SteeringAngle>
    <WheelSpeed>0</WheelSpeed>
    <CarType>Sports</CarType>
  </MyCar>
  <Peds />
  <Time>276366</Time>
  <LastFrameTime>0.0192825589</LastFrameTime>
  <MyProperty>0</MyProperty>
  <Weather>Foggy</Weather>
  <Steering>124</Steering>
  <Acc>137</Acc>
  <Brake>127</Brake>
  <DayTime>15:16:13</DayTime>
  <Position>
    <X>-2414.52734</X>
    <Y>-235.543533</Y>
    <Z>16.2510662</Z>
  </Position>
  <Rotation>
    <X>1.12548482</X>
    <Y>2.500695</Y>
    <Z>60.81392</Z>
  </Rotation>
</Screenshot>