<?xml version="1.0" encoding="utf-8"?>
<Screenshot xmlns:xsd="http://www.w3.org/2001/XMLSchema" xmlns:xsi="http://www.w3.org/2001/XMLSchema-instance">
  <Cars />
  <MyCar>
    <Position>
      <X>-2414.70923</X>
      <Y>-235.473145</Y>
      <Z>15.3553867</Z>
    </Position>
    <Rotation>
      <X>1.54542875</X>
      <Y>2.194661</Y>
      <Z>60.77146</Z>
    </Rotation>
    <Handle>104962</Handle>
    <Bounds>
      <Vector3>
        <X>-2413.0083</X>
        <Y>-237.629242</Y>
        <Z>14.5984125</Z>
      </Vector3>
      <Vector3>
        <X>-2412.01147</X>
        <Y>-235.847916</Y>
        <Z>14.5201864</Z>
      </Vector3>
      <Vector3>
        <X>-2417.46826</X>
        <Y>-235.127625</Y>
        <Z>14.7362766</Z>
      </Vector3>
      <Vector3>
        <X>-2412.94678</X>
        <Y>-237.599777</Y>
        <Z>16.0527134</Z>
      </Vector3>
      <Vector3>
        <X>-2416.47168</X>
        <Y>-233.3463</Y>
        <Z>14.6580505</Z>
      </Vector3>
      <Vector3>
        <X>-2411.95</X>
        <Y>-235.818451</Y>
        <Z>15.9744873</Z>
      </Vector3>
      <Vector3>
        <X>-2417.40674</X>
        <Y>-235.09816</Y>
        <Z>16.1905785</Z>
      </Vector3>
      <Vector3>
        <X>-2416.41016</X>
        <Y>-233.316833</Y>
        <Z>16.1123524</Z>
      </Vector3>
    </Bounds>
    <CenterCamPosition>
      <X>0</X>
      <Y>0</Y>
    </CenterCamPosition>
    <ScreenBounds />
    <DistanceToCam>0</DistanceToCam>
    <Speed>10.1618805</Speed>
    <AccInput>0</AccInput>
    <RPM>1.35798967</RPM>
    <Gear>0</Gear>
    <SteeringAngle>4.463976E-41</SteeringAngle>
    <WheelSpeed>0</WheelSpeed>
    <CarType>Sports</CarType>
  </MyCar>
  <Peds />
  <Time>276481</Time>
  <LastFrameTime>0.03276431</LastFrameTime>
  <MyProperty>0</MyProperty>
  <Weather>Foggy</Weather>
  <Steering>123</Steering>
  <Acc>137</Acc>
  <Brake>127</Brake>
  <DayTime>15:16:13</DayTime>
  <Position>
    <X>-2415.42773</X>
    <Y>-235.032135</Y>
    <Z>16.2779961</Z>
  </Position>
  <Rotation>
    <X>1.058484</X>
    <Y>2.647028</Y>
    <Z>60.8067055</Z>
  </Rotation>
</Screenshot>