<?xml version="1.0" encoding="utf-8"?>
<Screenshot xmlns:xsd="http://www.w3.org/2001/XMLSchema" xmlns:xsi="http://www.w3.org/2001/XMLSchema-instance">
  <Cars />
  <MyCar>
    <Position>
      <X>-2414.165</X>
      <Y>-235.780365</Y>
      <Z>15.3382683</Z>
    </Position>
    <Rotation>
      <X>1.58072138</X>
      <Y>2.09219623</Y>
      <Z>60.75286</Z>
    </Rotation>
    <Handle>104962</Handle>
    <Bounds>
      <Vector3>
        <X>-2412.4646</X>
        <Y>-237.935654</Y>
        <Z>14.5778532</Z>
      </Vector3>
      <Vector3>
        <X>-2411.46729</X>
        <Y>-236.15451</Y>
        <Z>14.5032787</Z>
      </Vector3>
      <Vector3>
        <X>-2416.92383</X>
        <Y>-235.432739</Y>
        <Z>14.7188749</Z>
      </Vector3>
      <Vector3>
        <X>-2412.40356</X>
        <Y>-237.9089</Y>
        <Z>16.0322285</Z>
      </Vector3>
      <Vector3>
        <X>-2415.92651</X>
        <Y>-233.651611</Y>
        <Z>14.6442995</Z>
      </Vector3>
      <Vector3>
        <X>-2411.40625</X>
        <Y>-236.127777</Y>
        <Z>15.957653</Z>
      </Vector3>
      <Vector3>
        <X>-2416.86279</X>
        <Y>-235.406</Y>
        <Z>16.1732483</Z>
      </Vector3>
      <Vector3>
        <X>-2415.86548</X>
        <Y>-233.624863</Y>
        <Z>16.0986748</Z>
      </Vector3>
    </Bounds>
    <CenterCamPosition>
      <X>0</X>
      <Y>0</Y>
    </CenterCamPosition>
    <ScreenBounds />
    <DistanceToCam>0</DistanceToCam>
    <Speed>10.12911</Speed>
    <AccInput>0</AccInput>
    <RPM>1.35798967</RPM>
    <Gear>0</Gear>
    <SteeringAngle>4.463976E-41</SteeringAngle>
    <WheelSpeed>0</WheelSpeed>
    <CarType>Sports</CarType>
  </MyCar>
  <Peds />
  <Time>276420</Time>
  <LastFrameTime>0.0219607875</LastFrameTime>
  <MyProperty>0</MyProperty>
  <Weather>Foggy</Weather>
  <Steering>124</Steering>
  <Acc>137</Acc>
  <Brake>127</Brake>
  <DayTime>15:16:13</DayTime>
  <Position>
    <X>-2414.98</X>
    <Y>-235.287</Y>
    <Z>16.2646561</Z>
  </Position>
  <Rotation>
    <X>1.10801053</X>
    <Y>2.53998613</Y>
    <Z>60.802</Z>
  </Rotation>
</Screenshot>