<?xml version="1.0" encoding="utf-8"?>
<Screenshot xmlns:xsd="http://www.w3.org/2001/XMLSchema" xmlns:xsi="http://www.w3.org/2001/XMLSchema-instance">
  <Cars />
  <MyCar>
    <Position>
      <X>-2414.41943</X>
      <Y>-235.636658</Y>
      <Z>15.34637</Z>
    </Position>
    <Rotation>
      <X>1.55735433</X>
      <Y>2.147479</Y>
      <Z>60.7578163</Z>
    </Rotation>
    <Handle>104962</Handle>
    <Bounds>
      <Vector3>
        <X>-2412.71875</X>
        <Y>-237.792557</Y>
        <Z>14.5880022</Z>
      </Vector3>
      <Vector3>
        <X>-2411.72168</X>
        <Y>-236.0114</Y>
        <Z>14.5114574</Z>
      </Vector3>
      <Vector3>
        <X>-2417.17822</X>
        <Y>-235.289948</Y>
        <Z>14.7269344</Z>
      </Vector3>
      <Vector3>
        <X>-2412.65771</X>
        <Y>-237.7643</Y>
        <Z>16.04234</Z>
      </Vector3>
      <Vector3>
        <X>-2416.18115</X>
        <Y>-233.5088</Y>
        <Z>14.65039</Z>
      </Vector3>
      <Vector3>
        <X>-2411.6604</X>
        <Y>-235.983154</Y>
        <Z>15.9657946</Z>
      </Vector3>
      <Vector3>
        <X>-2417.11719</X>
        <Y>-235.2617</Y>
        <Z>16.1812725</Z>
      </Vector3>
      <Vector3>
        <X>-2416.11987</X>
        <Y>-233.480545</Y>
        <Z>16.1047268</Z>
      </Vector3>
    </Bounds>
    <CenterCamPosition>
      <X>0</X>
      <Y>0</Y>
    </CenterCamPosition>
    <ScreenBounds />
    <DistanceToCam>0</DistanceToCam>
    <Speed>10.14492</Speed>
    <AccInput>0</AccInput>
    <RPM>1.35798967</RPM>
    <Gear>0</Gear>
    <SteeringAngle>4.463976E-41</SteeringAngle>
    <WheelSpeed>0</WheelSpeed>
    <CarType>Sports</CarType>
  </MyCar>
  <Peds />
  <Time>276449</Time>
  <LastFrameTime>0.0288200434</LastFrameTime>
  <MyProperty>0</MyProperty>
  <Weather>Foggy</Weather>
  <Steering>123</Steering>
  <Acc>137</Acc>
  <Brake>127</Brake>
  <DayTime>15:16:13</DayTime>
  <Position>
    <X>-2415.17334</X>
    <Y>-235.176712</Y>
    <Z>16.2704067</Z>
  </Position>
  <Rotation>
    <X>1.08182824</X>
    <Y>2.59173441</Y>
    <Z>60.80178</Z>
  </Rotation>
</Screenshot>