<?xml version="1.0" encoding="utf-8"?>
<Screenshot xmlns:xsd="http://www.w3.org/2001/XMLSchema" xmlns:xsi="http://www.w3.org/2001/XMLSchema-instance">
  <Cars />
  <MyCar>
    <Position>
      <X>-2415.14355</X>
      <Y>-235.228683</Y>
      <Z>15.3685865</Z>
    </Position>
    <Rotation>
      <X>1.54444492</X>
      <Y>2.23383141</Y>
      <Z>60.81031</Z>
    </Rotation>
    <Handle>104962</Handle>
    <Bounds>
      <Vector3>
        <X>-2413.44141</X>
        <Y>-237.3841</Y>
        <Z>14.6123743</Z>
      </Vector3>
      <Vector3>
        <X>-2412.4458</X>
        <Y>-235.602127</Y>
        <Z>14.532753</Z>
      </Vector3>
      <Vector3>
        <X>-2417.903</X>
        <Y>-234.8854</Y>
        <Z>14.7501469</Z>
      </Vector3>
      <Vector3>
        <X>-2413.37939</X>
        <Y>-237.3537</Y>
        <Z>16.066637</Z>
      </Vector3>
      <Vector3>
        <X>-2416.90747</X>
        <Y>-233.103455</Y>
        <Z>14.6705265</Z>
      </Vector3>
      <Vector3>
        <X>-2412.384</X>
        <Y>-235.571747</Y>
        <Z>15.9870157</Z>
      </Vector3>
      <Vector3>
        <X>-2417.841</X>
        <Y>-234.855026</Y>
        <Z>16.2044086</Z>
      </Vector3>
      <Vector3>
        <X>-2416.8457</X>
        <Y>-233.073059</Y>
        <Z>16.1247883</Z>
      </Vector3>
    </Bounds>
    <CenterCamPosition>
      <X>0</X>
      <Y>0</Y>
    </CenterCamPosition>
    <ScreenBounds />
    <DistanceToCam>0</DistanceToCam>
    <Speed>10.186101</Speed>
    <AccInput>0</AccInput>
    <RPM>1.35798967</RPM>
    <Gear>0</Gear>
    <SteeringAngle>4.463976E-41</SteeringAngle>
    <WheelSpeed>0</WheelSpeed>
    <CarType>Sports</CarType>
  </MyCar>
  <Peds />
  <Time>276530</Time>
  <LastFrameTime>0.0489757955</LastFrameTime>
  <MyProperty>0</MyProperty>
  <Weather>Foggy</Weather>
  <Steering>123</Steering>
  <Acc>137</Acc>
  <Brake>127</Brake>
  <DayTime>15:16:13</DayTime>
  <Position>
    <X>-2415.71753</X>
    <Y>-234.8681</Y>
    <Z>16.28674</Z>
  </Position>
  <Rotation>
    <X>1.046586</X>
    <Y>2.6942122</Y>
    <Z>60.820652</Z>
  </Rotation>
</Screenshot>