<?xml version="1.0" encoding="utf-8"?>
<Screenshot xmlns:xsd="http://www.w3.org/2001/XMLSchema" xmlns:xsi="http://www.w3.org/2001/XMLSchema-instance">
  <Cars />
  <MyCar>
    <Position>
      <X>-2415.30737</X>
      <Y>-235.136658</Y>
      <Z>15.3735371</Z>
    </Position>
    <Rotation>
      <X>1.54665518</X>
      <Y>2.239318</Y>
      <Z>60.8284721</Z>
    </Rotation>
    <Handle>104962</Handle>
    <Bounds>
      <Vector3>
        <X>-2413.60449</X>
        <Y>-237.29158</Y>
        <Z>14.6173277</Z>
      </Vector3>
      <Vector3>
        <X>-2412.60962</X>
        <Y>-235.509308</Y>
        <Z>14.5375109</Z>
      </Vector3>
      <Vector3>
        <X>-2418.06714</X>
        <Y>-234.7943</Y>
        <Z>14.7552967</Z>
      </Vector3>
      <Vector3>
        <X>-2413.54248</X>
        <Y>-237.261078</Y>
        <Z>16.0715847</Z>
      </Vector3>
      <Vector3>
        <X>-2417.072</X>
        <Y>-233.012024</Y>
        <Z>14.6754808</Z>
      </Vector3>
      <Vector3>
        <X>-2412.54761</X>
        <Y>-235.4788</Y>
        <Z>15.9917679</Z>
      </Vector3>
      <Vector3>
        <X>-2418.00513</X>
        <Y>-234.7638</Y>
        <Z>16.2095528</Z>
      </Vector3>
      <Vector3>
        <X>-2417.01</X>
        <Y>-232.981522</Y>
        <Z>16.1297379</Z>
      </Vector3>
    </Bounds>
    <CenterCamPosition>
      <X>0</X>
      <Y>0</Y>
    </CenterCamPosition>
    <ScreenBounds />
    <DistanceToCam>0</DistanceToCam>
    <Speed>10.194767</Speed>
    <AccInput>0</AccInput>
    <RPM>1.35798967</RPM>
    <Gear>0</Gear>
    <SteeringAngle>4.463976E-41</SteeringAngle>
    <WheelSpeed>0</WheelSpeed>
    <CarType>Sports</CarType>
  </MyCar>
  <Peds />
  <Time>276549</Time>
  <LastFrameTime>0.0184422582</LastFrameTime>
  <MyProperty>0</MyProperty>
  <Weather>Foggy</Weather>
  <Steering>123</Steering>
  <Acc>137</Acc>
  <Brake>127</Brake>
  <DayTime>15:16:13</DayTime>
  <Position>
    <X>-2416.15186</X>
    <Y>-234.623764</Y>
    <Z>16.2998943</Z>
  </Position>
  <Rotation>
    <X>1.04563451</X>
    <Y>2.733377</Y>
    <Z>60.8601723</Z>
  </Rotation>
</Screenshot>