<?xml version="1.0" encoding="utf-8"?>
<Screenshot xmlns:xsd="http://www.w3.org/2001/XMLSchema" xmlns:xsi="http://www.w3.org/2001/XMLSchema-instance">
  <Cars />
  <MyCar>
    <Position>
      <X>-2415.73926</X>
      <Y>-234.894775</Y>
      <Z>15.3864965</Z>
    </Position>
    <Rotation>
      <X>1.55893111</X>
      <Y>2.24424839</Y>
      <Z>60.8864746</Z>
    </Rotation>
    <Handle>104962</Handle>
    <Bounds>
      <Vector3>
        <X>-2414.03442</X>
        <Y>-237.047958</Y>
        <Z>14.6298342</Z>
      </Vector3>
      <Vector3>
        <X>-2413.04126</X>
        <Y>-235.2647</Y>
        <Z>14.5498419</Z>
      </Vector3>
      <Vector3>
        <X>-2418.49951</X>
        <Y>-234.555176</Y>
        <Z>14.768898</Z>
      </Vector3>
      <Vector3>
        <X>-2413.97217</X>
        <Y>-237.017441</Y>
        <Z>16.0840759</Z>
      </Vector3>
      <Vector3>
        <X>-2417.50635</X>
        <Y>-232.7719</Y>
        <Z>14.6889057</Z>
      </Vector3>
      <Vector3>
        <X>-2412.979</X>
        <Y>-235.234161</Y>
        <Z>16.0040836</Z>
      </Vector3>
      <Vector3>
        <X>-2418.437</X>
        <Y>-234.524643</Y>
        <Z>16.22314</Z>
      </Vector3>
      <Vector3>
        <X>-2417.44385</X>
        <Y>-232.741379</Y>
        <Z>16.1431484</Z>
      </Vector3>
    </Bounds>
    <CenterCamPosition>
      <X>0</X>
      <Y>0</Y>
    </CenterCamPosition>
    <ScreenBounds />
    <DistanceToCam>0</DistanceToCam>
    <Speed>10.2169695</Speed>
    <AccInput>0</AccInput>
    <RPM>1.35798967</RPM>
    <Gear>0</Gear>
    <SteeringAngle>4.463976E-41</SteeringAngle>
    <WheelSpeed>0</WheelSpeed>
    <CarType>Sports</CarType>
  </MyCar>
  <Peds />
  <Time>276597</Time>
  <LastFrameTime>0.04849141</LastFrameTime>
  <MyProperty>0</MyProperty>
  <Weather>Foggy</Weather>
  <Steering>124</Steering>
  <Acc>137</Acc>
  <Brake>127</Brake>
  <DayTime>15:16:13</DayTime>
  <Position>
    <X>-2416.316</X>
    <Y>-234.532</Y>
    <Z>16.3048859</Z>
  </Position>
  <Rotation>
    <X>1.0478524</X>
    <Y>2.73886013</Y>
    <Z>60.87854</Z>
  </Rotation>
</Screenshot>