<?xml version="1.0" encoding="utf-8"?>
<Screenshot xmlns:xsd="http://www.w3.org/2001/XMLSchema" xmlns:xsi="http://www.w3.org/2001/XMLSchema-instance">
  <Cars />
  <MyCar>
    <Position>
      <X>-2416.62744</X>
      <Y>-234.399277</Y>
      <Z>15.4131</Z>
    </Position>
    <Rotation>
      <X>1.57845914</X>
      <Y>2.22825</Y>
      <Z>61.0123672</Z>
    </Rotation>
    <Handle>104962</Handle>
    <Bounds>
      <Vector3>
        <X>-2414.918</X>
        <Y>-236.548431</Y>
        <Z>14.65528</Z>
      </Vector3>
      <Vector3>
        <X>-2413.929</X>
        <Y>-234.762955</Y>
        <Z>14.5758581</Z>
      </Vector3>
      <Vector3>
        <X>-2419.38843</X>
        <Y>-234.065445</Y>
        <Z>14.7960873</Z>
      </Vector3>
      <Vector3>
        <X>-2414.85547</X>
        <Y>-236.518356</Y>
        <Z>16.1095257</Z>
      </Vector3>
      <Vector3>
        <X>-2418.39917</X>
        <Y>-232.279984</Y>
        <Z>14.7166653</Z>
      </Vector3>
      <Vector3>
        <X>-2413.86646</X>
        <Y>-234.7329</Y>
        <Z>16.0301018</Z>
      </Vector3>
      <Vector3>
        <X>-2419.326</X>
        <Y>-234.035385</Y>
        <Z>16.2503319</Z>
      </Vector3>
      <Vector3>
        <X>-2418.33667</X>
        <Y>-232.249908</Y>
        <Z>16.17091</Z>
      </Vector3>
    </Bounds>
    <CenterCamPosition>
      <X>0</X>
      <Y>0</Y>
    </CenterCamPosition>
    <ScreenBounds />
    <DistanceToCam>0</DistanceToCam>
    <Speed>10.2607565</Speed>
    <AccInput>0</AccInput>
    <RPM>1.35798967</RPM>
    <Gear>0</Gear>
    <SteeringAngle>4.463976E-41</SteeringAngle>
    <WheelSpeed>0</WheelSpeed>
    <CarType>Sports</CarType>
  </MyCar>
  <Peds />
  <Time>276697</Time>
  <LastFrameTime>0.0473991446</LastFrameTime>
  <MyProperty>0</MyProperty>
  <Weather>Foggy</Weather>
  <Steering>126</Steering>
  <Acc>137</Acc>
  <Brake>127</Brake>
  <DayTime>15:16:13</DayTime>
  <Position>
    <X>-2417.21216</X>
    <Y>-234.033554</Y>
    <Z>16.3324947</Z>
  </Position>
  <Rotation>
    <X>1.07934928</X>
    <Y>2.74935126</Y>
    <Z>61.0065346</Z>
  </Rotation>
</Screenshot>