<?xml version="1.0" encoding="utf-8"?>
<Screenshot xmlns:xsd="http://www.w3.org/2001/XMLSchema" xmlns:xsi="http://www.w3.org/2001/XMLSchema-instance">
  <Cars />
  <MyCar>
    <Position>
      <X>-2415.92432</X>
      <Y>-234.791412</Y>
      <Z>15.3920584</Z>
    </Position>
    <Rotation>
      <X>1.56395876</X>
      <Y>2.24359751</Y>
      <Z>60.9136047</Z>
    </Rotation>
    <Handle>104962</Handle>
    <Bounds>
      <Vector3>
        <X>-2414.21851</X>
        <Y>-236.943756</Y>
        <Z>14.6351614</Z>
      </Vector3>
      <Vector3>
        <X>-2413.22632</X>
        <Y>-235.160019</Y>
        <Z>14.5551929</Z>
      </Vector3>
      <Vector3>
        <X>-2418.68457</X>
        <Y>-234.453064</Y>
        <Z>14.7746744</Z>
      </Vector3>
      <Vector3>
        <X>-2414.156</X>
        <Y>-236.913284</Y>
        <Z>16.0894012</Z>
      </Vector3>
      <Vector3>
        <X>-2417.69238</X>
        <Y>-232.669327</Y>
        <Z>14.694705</Z>
      </Vector3>
      <Vector3>
        <X>-2413.16382</X>
        <Y>-235.129547</Y>
        <Z>16.0094318</Z>
      </Vector3>
      <Vector3>
        <X>-2418.62231</X>
        <Y>-234.422592</Y>
        <Z>16.2289143</Z>
      </Vector3>
      <Vector3>
        <X>-2417.63</X>
        <Y>-232.638855</Y>
        <Z>16.1489449</Z>
      </Vector3>
    </Bounds>
    <CenterCamPosition>
      <X>0</X>
      <Y>0</Y>
    </CenterCamPosition>
    <ScreenBounds />
    <DistanceToCam>0</DistanceToCam>
    <Speed>10.2261162</Speed>
    <AccInput>0</AccInput>
    <RPM>1.35798967</RPM>
    <Gear>0</Gear>
    <SteeringAngle>4.463976E-41</SteeringAngle>
    <WheelSpeed>0</WheelSpeed>
    <CarType>Sports</CarType>
  </MyCar>
  <Peds />
  <Time>276618</Time>
  <LastFrameTime>0.0207279529</LastFrameTime>
  <MyProperty>0</MyProperty>
  <Weather>Foggy</Weather>
  <Steering>124</Steering>
  <Acc>137</Acc>
  <Brake>127</Brake>
  <DayTime>15:16:13</DayTime>
  <Position>
    <X>-2416.748</X>
    <Y>-234.291153</Y>
    <Z>16.3180943</Z>
  </Position>
  <Rotation>
    <X>1.06014657</X>
    <Y>2.74377918</Y>
    <Z>60.93722</Z>
  </Rotation>
</Screenshot>