<?xml version="1.0" encoding="utf-8"?>
<Screenshot xmlns:xsd="http://www.w3.org/2001/XMLSchema" xmlns:xsi="http://www.w3.org/2001/XMLSchema-instance">
  <Cars />
  <MyCar>
    <Position>
      <X>-2416.203</X>
      <Y>-234.63591</Y>
      <Z>15.400507</Z>
    </Position>
    <Rotation>
      <X>1.57810664</X>
      <Y>2.24983835</Y>
      <Z>60.95476</Z>
    </Rotation>
    <Handle>104962</Handle>
    <Bounds>
      <Vector3>
        <X>-2414.49585</X>
        <Y>-236.787033</Y>
        <Z>14.6430988</Z>
      </Vector3>
      <Vector3>
        <X>-2413.505</X>
        <Y>-235.002579</Y>
        <Z>14.5629082</Z>
      </Vector3>
      <Vector3>
        <X>-2418.96362</X>
        <Y>-234.299515</Y>
        <Z>14.7838726</Z>
      </Vector3>
      <Vector3>
        <X>-2414.43286</X>
        <Y>-236.756546</Y>
        <Z>16.0973225</Z>
      </Vector3>
      <Vector3>
        <X>-2417.97266</X>
        <Y>-232.51506</Y>
        <Z>14.703681</Z>
      </Vector3>
      <Vector3>
        <X>-2413.442</X>
        <Y>-234.972092</Y>
        <Z>16.0171318</Z>
      </Vector3>
      <Vector3>
        <X>-2418.901</X>
        <Y>-234.269028</Y>
        <Z>16.2380962</Z>
      </Vector3>
      <Vector3>
        <X>-2417.91</X>
        <Y>-232.484573</Y>
        <Z>16.1579056</Z>
      </Vector3>
    </Bounds>
    <CenterCamPosition>
      <X>0</X>
      <Y>0</Y>
    </CenterCamPosition>
    <ScreenBounds />
    <DistanceToCam>0</DistanceToCam>
    <Speed>10.2410011</Speed>
    <AccInput>0</AccInput>
    <RPM>1.35798967</RPM>
    <Gear>0</Gear>
    <SteeringAngle>4.463976E-41</SteeringAngle>
    <WheelSpeed>0</WheelSpeed>
    <CarType>Sports</CarType>
  </MyCar>
  <Peds />
  <Time>276649</Time>
  <LastFrameTime>0.031173693</LastFrameTime>
  <MyProperty>0</MyProperty>
  <Weather>Foggy</Weather>
  <Steering>124</Steering>
  <Acc>137</Acc>
  <Brake>127</Brake>
  <DayTime>15:16:13</DayTime>
  <Position>
    <X>-2416.93335</X>
    <Y>-234.188324</Y>
    <Z>16.32376</Z>
  </Position>
  <Rotation>
    <X>1.06517935</X>
    <Y>2.74312425</Y>
    <Z>60.9645844</Z>
  </Rotation>
</Screenshot>