<?xml version="1.0" encoding="utf-8"?>
<Screenshot xmlns:xsd="http://www.w3.org/2001/XMLSchema" xmlns:xsi="http://www.w3.org/2001/XMLSchema-instance">
  <Cars />
  <MyCar>
    <Position>
      <X>-2417.38281</X>
      <Y>-233.97876</Y>
      <Z>15.4359312</Z>
    </Position>
    <Rotation>
      <X>1.5269078</X>
      <Y>2.23766613</Y>
      <Z>61.1012039</Z>
    </Rotation>
    <Handle>104962</Handle>
    <Bounds>
      <Vector3>
        <X>-2415.66943</X>
        <Y>-236.125626</Y>
        <Z>14.6805649</Z>
      </Vector3>
      <Vector3>
        <X>-2414.683</X>
        <Y>-234.338638</Y>
        <Z>14.6008072</Z>
      </Vector3>
      <Vector3>
        <X>-2420.1438</X>
        <Y>-233.649658</Y>
        <Z>14.8167734</Z>
      </Vector3>
      <Vector3>
        <X>-2415.60815</X>
        <Y>-236.094635</Y>
        <Z>16.1348362</Z>
      </Vector3>
      <Vector3>
        <X>-2419.15747</X>
        <Y>-231.862671</Y>
        <Z>14.7370157</Z>
      </Vector3>
      <Vector3>
        <X>-2414.62158</X>
        <Y>-234.307648</Y>
        <Z>16.0550785</Z>
      </Vector3>
      <Vector3>
        <X>-2420.08252</X>
        <Y>-233.618668</Y>
        <Z>16.2710438</Z>
      </Vector3>
      <Vector3>
        <X>-2419.096</X>
        <Y>-231.83168</Y>
        <Z>16.1912861</Z>
      </Vector3>
    </Bounds>
    <CenterCamPosition>
      <X>0</X>
      <Y>0</Y>
    </CenterCamPosition>
    <ScreenBounds />
    <DistanceToCam>0</DistanceToCam>
    <Speed>9.953112</Speed>
    <AccInput>0</AccInput>
    <RPM>1.35798967</RPM>
    <Gear>0</Gear>
    <SteeringAngle>4.463976E-41</SteeringAngle>
    <WheelSpeed>0</WheelSpeed>
    <CarType>Sports</CarType>
  </MyCar>
  <Peds />
  <Time>276782</Time>
  <LastFrameTime>0.0187978651</LastFrameTime>
  <MyProperty>0</MyProperty>
  <Weather>Foggy</Weather>
  <Steering>127</Steering>
  <Acc>137</Acc>
  <Brake>127</Brake>
  <DayTime>15:16:13</DayTime>
  <Position>
    <X>-2418.23022</X>
    <Y>-233.469772</Y>
    <Z>16.362114</Z>
  </Position>
  <Rotation>
    <X>1.04085433</X>
    <Y>2.73518038</Y>
    <Z>61.13418</Z>
  </Rotation>
</Screenshot>