<?xml version="1.0" encoding="utf-8"?>
<Screenshot xmlns:xsd="http://www.w3.org/2001/XMLSchema" xmlns:xsi="http://www.w3.org/2001/XMLSchema-instance">
  <Cars />
  <MyCar>
    <Position>
      <X>-2416.80054</X>
      <Y>-234.302933</Y>
      <Z>15.4183054</Z>
    </Position>
    <Rotation>
      <X>1.57477725</X>
      <Y>2.22530413</Y>
      <Z>61.0356064</Z>
    </Rotation>
    <Handle>104962</Handle>
    <Bounds>
      <Vector3>
        <X>-2415.09</X>
        <Y>-236.45137</Y>
        <Z>14.660594</Z>
      </Vector3>
      <Vector3>
        <X>-2414.10181</X>
        <Y>-234.6655</Y>
        <Z>14.5812769</Z>
      </Vector3>
      <Vector3>
        <X>-2419.56152</X>
        <Y>-233.970215</Y>
        <Z>14.8010731</Z>
      </Vector3>
      <Vector3>
        <X>-2415.02783</X>
        <Y>-236.42131</Y>
        <Z>16.1148434</Z>
      </Vector3>
      <Vector3>
        <X>-2418.57324</X>
        <Y>-232.184341</Y>
        <Z>14.721756</Z>
      </Vector3>
      <Vector3>
        <X>-2414.03931</X>
        <Y>-234.635437</Y>
        <Z>16.0355263</Z>
      </Vector3>
      <Vector3>
        <X>-2419.49927</X>
        <Y>-233.940155</Y>
        <Z>16.2553234</Z>
      </Vector3>
      <Vector3>
        <X>-2418.51074</X>
        <Y>-232.154282</Y>
        <Z>16.1760063</Z>
      </Vector3>
    </Bounds>
    <CenterCamPosition>
      <X>0</X>
      <Y>0</Y>
    </CenterCamPosition>
    <ScreenBounds />
    <DistanceToCam>0</DistanceToCam>
    <Speed>10.1910305</Speed>
    <AccInput>0</AccInput>
    <RPM>1.35798967</RPM>
    <Gear>0</Gear>
    <SteeringAngle>4.463976E-41</SteeringAngle>
    <WheelSpeed>0</WheelSpeed>
    <CarType>Sports</CarType>
  </MyCar>
  <Peds />
  <Time>276716</Time>
  <LastFrameTime>0.01940482</LastFrameTime>
  <MyProperty>0</MyProperty>
  <Weather>Foggy</Weather>
  <Steering>127</Steering>
  <Acc>137</Acc>
  <Brake>127</Brake>
  <DayTime>15:16:13</DayTime>
  <Position>
    <X>-2417.63745</X>
    <Y>-233.798248</Y>
    <Z>16.345108</Z>
  </Position>
  <Rotation>
    <X>1.07968235</X>
    <Y>2.72776628</Y>
    <Z>61.06375</Z>
  </Rotation>
</Screenshot>