<?xml version="1.0" encoding="utf-8"?>
<Screenshot xmlns:xsd="http://www.w3.org/2001/XMLSchema" xmlns:xsi="http://www.w3.org/2001/XMLSchema-instance">
  <Cars />
  <MyCar>
    <Position>
      <X>-2417.219</X>
      <Y>-234.069916</Y>
      <Z>15.4309053</Z>
    </Position>
    <Rotation>
      <X>1.5396688</X>
      <Y>2.235631</Y>
      <Z>61.0845032</Z>
    </Rotation>
    <Handle>104962</Handle>
    <Bounds>
      <Vector3>
        <X>-2415.50635</X>
        <Y>-236.2172</Y>
        <Z>14.6749372</Z>
      </Vector3>
      <Vector3>
        <X>-2414.51953</X>
        <Y>-234.4305</Y>
        <Z>14.595252</Z>
      </Vector3>
      <Vector3>
        <X>-2419.98</X>
        <Y>-233.7399</Y>
        <Z>14.8122845</Z>
      </Vector3>
      <Vector3>
        <X>-2415.44482</X>
        <Y>-236.186417</Y>
        <Z>16.1292019</Z>
      </Vector3>
      <Vector3>
        <X>-2418.99316</X>
        <Y>-231.9532</Y>
        <Z>14.7325993</Z>
      </Vector3>
      <Vector3>
        <X>-2414.45776</X>
        <Y>-234.399719</Y>
        <Z>16.0495167</Z>
      </Vector3>
      <Vector3>
        <X>-2419.91846</X>
        <Y>-233.709122</Y>
        <Z>16.2665482</Z>
      </Vector3>
      <Vector3>
        <X>-2418.9314</X>
        <Y>-231.922424</Y>
        <Z>16.1868629</Z>
      </Vector3>
    </Bounds>
    <CenterCamPosition>
      <X>0</X>
      <Y>0</Y>
    </CenterCamPosition>
    <ScreenBounds />
    <DistanceToCam>0</DistanceToCam>
    <Speed>10.0205708</Speed>
    <AccInput>0</AccInput>
    <RPM>1.35798967</RPM>
    <Gear>0</Gear>
    <SteeringAngle>4.463976E-41</SteeringAngle>
    <WheelSpeed>0</WheelSpeed>
    <CarType>Sports</CarType>
  </MyCar>
  <Peds />
  <Time>276764</Time>
  <LastFrameTime>0.0476126336</LastFrameTime>
  <MyProperty>0</MyProperty>
  <Weather>Foggy</Weather>
  <Steering>127</Steering>
  <Acc>137</Acc>
  <Brake>127</Brake>
  <DayTime>15:16:13</DayTime>
  <Position>
    <X>-2417.81079</X>
    <Y>-233.702332</Y>
    <Z>16.35024</Z>
  </Position>
  <Rotation>
    <X>1.07599378</X>
    <Y>2.724824</Y>
    <Z>61.08676</Z>
  </Rotation>
</Screenshot>