<?xml version="1.0" encoding="utf-8"?>
<Screenshot xmlns:xsd="http://www.w3.org/2001/XMLSchema" xmlns:xsi="http://www.w3.org/2001/XMLSchema-instance">
  <Cars />
  <MyCar>
    <Position>
      <X>-2417.794</X>
      <Y>-233.749756</Y>
      <Z>15.44876</Z>
    </Position>
    <Rotation>
      <X>1.48161852</X>
      <Y>2.237577</Y>
      <Z>61.1300468</Z>
    </Rotation>
    <Handle>104962</Handle>
    <Bounds>
      <Vector3>
        <X>-2416.07886</X>
        <Y>-235.896</Y>
        <Z>14.6953974</Z>
      </Vector3>
      <Vector3>
        <X>-2415.09351</X>
        <Y>-234.108521</Y>
        <Z>14.6156425</Z>
      </Vector3>
      <Vector3>
        <X>-2420.55469</X>
        <Y>-233.422379</Y>
        <Z>14.8275661</Z>
      </Vector3>
      <Vector3>
        <X>-2416.01855</X>
        <Y>-235.86441</Y>
        <Z>16.1496983</Z>
      </Vector3>
      <Vector3>
        <X>-2419.56934</X>
        <Y>-231.634888</Y>
        <Z>14.7478123</Z>
      </Vector3>
      <Vector3>
        <X>-2415.033</X>
        <Y>-234.07692</Y>
        <Z>16.0699425</Z>
      </Vector3>
      <Vector3>
        <X>-2420.49438</X>
        <Y>-233.390778</Y>
        <Z>16.281868</Z>
      </Vector3>
      <Vector3>
        <X>-2419.50879</X>
        <Y>-231.6033</Y>
        <Z>16.2021122</Z>
      </Vector3>
    </Bounds>
    <CenterCamPosition>
      <X>0</X>
      <Y>0</Y>
    </CenterCamPosition>
    <ScreenBounds />
    <DistanceToCam>0</DistanceToCam>
    <Speed>9.781459</Speed>
    <AccInput>0</AccInput>
    <RPM>1.35798967</RPM>
    <Gear>0</Gear>
    <SteeringAngle>4.463976E-41</SteeringAngle>
    <WheelSpeed>0</WheelSpeed>
    <CarType>Sports</CarType>
  </MyCar>
  <Peds />
  <Time>276830</Time>
  <LastFrameTime>0.04791487</LastFrameTime>
  <MyProperty>0</MyProperty>
  <Weather>Foggy</Weather>
  <Steering>127</Steering>
  <Acc>137</Acc>
  <Brake>127</Brake>
  <DayTime>15:16:13</DayTime>
  <Position>
    <X>-2418.39453</X>
    <Y>-233.3788</Y>
    <Z>16.3668766</Z>
  </Position>
  <Rotation>
    <X>1.02808094</X>
    <Y>2.73722625</Y>
    <Z>61.1503029</Z>
  </Rotation>
</Screenshot>