<?xml version="1.0" encoding="utf-8"?>
<Screenshot xmlns:xsd="http://www.w3.org/2001/XMLSchema" xmlns:xsi="http://www.w3.org/2001/XMLSchema-instance">
  <Cars />
  <MyCar>
    <Position>
      <X>-2417.95142</X>
      <Y>-233.662109</Y>
      <Z>15.4537573</Z>
    </Position>
    <Rotation>
      <X>1.46916151</X>
      <Y>2.23754263</Y>
      <Z>61.1384048</Z>
    </Rotation>
    <Handle>104962</Handle>
    <Bounds>
      <Vector3>
        <X>-2416.23584</X>
        <Y>-235.808167</Y>
        <Z>14.7009449</Z>
      </Vector3>
      <Vector3>
        <X>-2415.25073</X>
        <Y>-234.020538</Y>
        <Z>14.621192</Z>
      </Vector3>
      <Vector3>
        <X>-2420.71216</X>
        <Y>-233.33522</Y>
        <Z>14.8320036</Z>
      </Vector3>
      <Vector3>
        <X>-2416.17578</X>
        <Y>-235.776413</Y>
        <Z>16.1552544</Z>
      </Vector3>
      <Vector3>
        <X>-2419.72681</X>
        <Y>-231.547592</Y>
        <Z>14.75225</Z>
      </Vector3>
      <Vector3>
        <X>-2415.19043</X>
        <Y>-233.988785</Y>
        <Z>16.0755</Z>
      </Vector3>
      <Vector3>
        <X>-2420.652</X>
        <Y>-233.303467</Y>
        <Z>16.2863121</Z>
      </Vector3>
      <Vector3>
        <X>-2419.66675</X>
        <Y>-231.515839</Y>
        <Z>16.2065582</Z>
      </Vector3>
    </Bounds>
    <CenterCamPosition>
      <X>0</X>
      <Y>0</Y>
    </CenterCamPosition>
    <ScreenBounds />
    <DistanceToCam>0</DistanceToCam>
    <Speed>9.715341</Speed>
    <AccInput>0</AccInput>
    <RPM>1.35798967</RPM>
    <Gear>0</Gear>
    <SteeringAngle>4.463976E-41</SteeringAngle>
    <WheelSpeed>0</WheelSpeed>
    <CarType>Sports</CarType>
  </MyCar>
  <Peds />
  <Time>276849</Time>
  <LastFrameTime>0.0185080431</LastFrameTime>
  <MyProperty>0</MyProperty>
  <Weather>Foggy</Weather>
  <Steering>127</Steering>
  <Acc>137</Acc>
  <Brake>127</Brake>
  <DayTime>15:16:13</DayTime>
  <Position>
    <X>-2418.80664</X>
    <Y>-233.149979</Y>
    <Z>16.3787766</Z>
  </Position>
  <Rotation>
    <X>0.982739747</X>
    <Y>2.737175</Y>
    <Z>61.1769829</Z>
  </Rotation>
</Screenshot>