<?xml version="1.0" encoding="utf-8"?>
<Screenshot xmlns:xsd="http://www.w3.org/2001/XMLSchema" xmlns:xsi="http://www.w3.org/2001/XMLSchema-instance">
  <Cars />
  <MyCar>
    <Position>
      <X>-2418.35</X>
      <Y>-233.439911</Y>
      <Z>15.4663754</Z>
    </Position>
    <Rotation>
      <X>1.426935</X>
      <Y>2.239848</Y>
      <Z>61.15163</Z>
    </Rotation>
    <Handle>104962</Handle>
    <Bounds>
      <Vector3>
        <X>-2416.63354</X>
        <Y>-235.585815</Y>
        <Z>14.7154751</Z>
      </Vector3>
      <Vector3>
        <X>-2415.64868</X>
        <Y>-233.797958</Y>
        <Z>14.6356392</Z>
      </Vector3>
      <Vector3>
        <X>-2421.1106</X>
        <Y>-233.113983</Y>
        <Z>14.8427668</Z>
      </Vector3>
      <Vector3>
        <X>-2416.57446</X>
        <Y>-235.553482</Y>
        <Z>16.16981</Z>
      </Vector3>
      <Vector3>
        <X>-2420.12573</X>
        <Y>-231.326126</Y>
        <Z>14.7629318</Z>
      </Vector3>
      <Vector3>
        <X>-2415.5896</X>
        <Y>-233.765625</Y>
        <Z>16.0899734</Z>
      </Vector3>
      <Vector3>
        <X>-2421.05127</X>
        <Y>-233.08165</Y>
        <Z>16.297102</Z>
      </Vector3>
      <Vector3>
        <X>-2420.06641</X>
        <Y>-231.2938</Y>
        <Z>16.2172661</Z>
      </Vector3>
    </Bounds>
    <CenterCamPosition>
      <X>0</X>
      <Y>0</Y>
    </CenterCamPosition>
    <ScreenBounds />
    <DistanceToCam>0</DistanceToCam>
    <Speed>9.545454</Speed>
    <AccInput>0</AccInput>
    <RPM>1.35798967</RPM>
    <Gear>0</Gear>
    <SteeringAngle>4.463976E-41</SteeringAngle>
    <WheelSpeed>0</WheelSpeed>
    <CarType>Sports</CarType>
  </MyCar>
  <Peds />
  <Time>276896</Time>
  <LastFrameTime>0.04763156</LastFrameTime>
  <MyProperty>0</MyProperty>
  <Weather>Foggy</Weather>
  <Steering>127</Steering>
  <Acc>137</Acc>
  <Brake>127</Brake>
  <DayTime>15:16:13</DayTime>
  <Position>
    <X>-2418.96436</X>
    <Y>-233.0624</Y>
    <Z>16.3835182</Z>
  </Position>
  <Rotation>
    <X>0.97026825</X>
    <Y>2.73715019</Y>
    <Z>61.1847343</Z>
  </Rotation>
</Screenshot>