<?xml version="1.0" encoding="utf-8"?>
<Screenshot xmlns:xsd="http://www.w3.org/2001/XMLSchema" xmlns:xsi="http://www.w3.org/2001/XMLSchema-instance">
  <Cars />
  <MyCar>
    <Position>
      <X>-2419.06055</X>
      <Y>-233.043732</Y>
      <Z>15.4884434</Z>
    </Position>
    <Rotation>
      <X>1.43267941</X>
      <Y>2.23416567</Y>
      <Z>61.15945</Z>
    </Rotation>
    <Handle>104962</Handle>
    <Bounds>
      <Vector3>
        <X>-2417.34375</X>
        <Y>-235.1893</Y>
        <Z>14.7371845</Z>
      </Vector3>
      <Vector3>
        <X>-2416.35913</X>
        <Y>-233.4013</Y>
        <Z>14.6575518</Z>
      </Vector3>
      <Vector3>
        <X>-2421.821</X>
        <Y>-232.718079</Y>
        <Z>14.8649893</Z>
      </Vector3>
      <Vector3>
        <X>-2417.28442</X>
        <Y>-235.157166</Y>
        <Z>16.19152</Z>
      </Vector3>
      <Vector3>
        <X>-2420.83643</X>
        <Y>-230.930084</Y>
        <Z>14.7853565</Z>
      </Vector3>
      <Vector3>
        <X>-2416.2998</X>
        <Y>-233.369171</Y>
        <Z>16.1118889</Z>
      </Vector3>
      <Vector3>
        <X>-2421.76172</X>
        <Y>-232.685944</Y>
        <Z>16.3193264</Z>
      </Vector3>
      <Vector3>
        <X>-2420.777</X>
        <Y>-230.897949</Y>
        <Z>16.2396927</Z>
      </Vector3>
    </Bounds>
    <CenterCamPosition>
      <X>0</X>
      <Y>0</Y>
    </CenterCamPosition>
    <ScreenBounds />
    <DistanceToCam>0</DistanceToCam>
    <Speed>9.495512</Speed>
    <AccInput>0</AccInput>
    <RPM>1.35798967</RPM>
    <Gear>0</Gear>
    <SteeringAngle>4.463976E-41</SteeringAngle>
    <WheelSpeed>0</WheelSpeed>
    <CarType>Sports</CarType>
  </MyCar>
  <Peds />
  <Time>276982</Time>
  <LastFrameTime>0.01906845</LastFrameTime>
  <MyProperty>0</MyProperty>
  <Weather>Foggy</Weather>
  <Steering>127</Steering>
  <Acc>137</Acc>
  <Brake>127</Brake>
  <DayTime>15:16:13</DayTime>
  <Position>
    <X>-2419.916</X>
    <Y>-232.532135</Y>
    <Z>16.4124775</Z>
  </Position>
  <Rotation>
    <X>0.9208513</X>
    <Y>2.74381852</Y>
    <Z>61.20292</Z>
  </Rotation>
</Screenshot>