<?xml version="1.0" encoding="utf-8"?>
<Screenshot xmlns:xsd="http://www.w3.org/2001/XMLSchema" xmlns:xsi="http://www.w3.org/2001/XMLSchema-instance">
  <Cars />
  <MyCar>
    <Position>
      <X>-2418.90234</X>
      <Y>-233.131943</Y>
      <Z>15.4837341</Z>
    </Position>
    <Rotation>
      <X>1.41979563</X>
      <Y>2.24417233</Y>
      <Z>61.1588364</Z>
    </Rotation>
    <Handle>104962</Handle>
    <Bounds>
      <Vector3>
        <X>-2417.18555</X>
        <Y>-235.277725</Y>
        <Z>14.7332287</Z>
      </Vector3>
      <Vector3>
        <X>-2416.201</X>
        <Y>-233.489746</Y>
        <Z>14.6532393</Z>
      </Vector3>
      <Vector3>
        <X>-2421.66284</X>
        <Y>-232.806442</Y>
        <Z>14.8598843</Z>
      </Vector3>
      <Vector3>
        <X>-2417.12646</X>
        <Y>-235.2452</Y>
        <Z>16.1875648</Z>
      </Vector3>
      <Vector3>
        <X>-2420.67822</X>
        <Y>-231.018478</Y>
        <Z>14.7798948</Z>
      </Vector3>
      <Vector3>
        <X>-2416.14185</X>
        <Y>-233.45723</Y>
        <Z>16.1075745</Z>
      </Vector3>
      <Vector3>
        <X>-2421.60376</X>
        <Y>-232.773926</Y>
        <Z>16.3142185</Z>
      </Vector3>
      <Vector3>
        <X>-2420.61914</X>
        <Y>-230.985947</Y>
        <Z>16.23423</Z>
      </Vector3>
    </Bounds>
    <CenterCamPosition>
      <X>0</X>
      <Y>0</Y>
    </CenterCamPosition>
    <ScreenBounds />
    <DistanceToCam>0</DistanceToCam>
    <Speed>9.489669</Speed>
    <AccInput>0</AccInput>
    <RPM>1.35798967</RPM>
    <Gear>0</Gear>
    <SteeringAngle>4.463976E-41</SteeringAngle>
    <WheelSpeed>0</WheelSpeed>
    <CarType>Sports</CarType>
  </MyCar>
  <Peds />
  <Time>276963</Time>
  <LastFrameTime>0.0475062</LastFrameTime>
  <MyProperty>0</MyProperty>
  <Weather>Foggy</Weather>
  <Steering>127</Steering>
  <Acc>137</Acc>
  <Brake>127</Brake>
  <DayTime>15:16:13</DayTime>
  <Position>
    <X>-2419.52271</X>
    <Y>-232.751541</Y>
    <Z>16.4001389</Z>
  </Position>
  <Rotation>
    <X>0.9177829</X>
    <Y>2.740693</Y>
    <Z>61.1987839</Z>
  </Rotation>
</Screenshot>