<?xml version="1.0" encoding="utf-8"?>
<Screenshot xmlns:xsd="http://www.w3.org/2001/XMLSchema" xmlns:xsi="http://www.w3.org/2001/XMLSchema-instance">
  <Cars />
  <MyCar>
    <Position>
      <X>-2418.509</X>
      <Y>-233.3514</Y>
      <Z>15.4714565</Z>
    </Position>
    <Rotation>
      <X>1.41673315</X>
      <Y>2.24104428</Y>
      <Z>61.1548958</Z>
    </Rotation>
    <Handle>104962</Handle>
    <Bounds>
      <Vector3>
        <X>-2416.79224</X>
        <Y>-235.497269</Y>
        <Z>14.7210293</Z>
      </Vector3>
      <Vector3>
        <X>-2415.80762</X>
        <Y>-233.709366</Y>
        <Z>14.6411514</Z>
      </Vector3>
      <Vector3>
        <X>-2421.26953</X>
        <Y>-233.0257</Y>
        <Z>14.8474121</Z>
      </Vector3>
      <Vector3>
        <X>-2416.7334</X>
        <Y>-235.464783</Y>
        <Z>16.17537</Z>
      </Vector3>
      <Vector3>
        <X>-2420.28467</X>
        <Y>-231.2378</Y>
        <Z>14.7675343</Z>
      </Vector3>
      <Vector3>
        <X>-2415.74854</X>
        <Y>-233.67688</Y>
        <Z>16.0954914</Z>
      </Vector3>
      <Vector3>
        <X>-2421.21045</X>
        <Y>-232.99321</Y>
        <Z>16.3017521</Z>
      </Vector3>
      <Vector3>
        <X>-2420.22559</X>
        <Y>-231.2053</Y>
        <Z>16.2218742</Z>
      </Vector3>
    </Bounds>
    <CenterCamPosition>
      <X>0</X>
      <Y>0</Y>
    </CenterCamPosition>
    <ScreenBounds />
    <DistanceToCam>0</DistanceToCam>
    <Speed>9.477311</Speed>
    <AccInput>0</AccInput>
    <RPM>1.35798967</RPM>
    <Gear>0</Gear>
    <SteeringAngle>4.463976E-41</SteeringAngle>
    <WheelSpeed>0</WheelSpeed>
    <CarType>Sports</CarType>
  </MyCar>
  <Peds />
  <Time>276916</Time>
  <LastFrameTime>0.0191578176</LastFrameTime>
  <MyProperty>0</MyProperty>
  <Weather>Foggy</Weather>
  <Steering>127</Steering>
  <Acc>137</Acc>
  <Brake>127</Brake>
  <DayTime>15:16:13</DayTime>
  <Position>
    <X>-2419.36377</X>
    <Y>-232.840088</Y>
    <Z>16.39527</Z>
  </Position>
  <Rotation>
    <X>0.9279953</X>
    <Y>2.73948884</Y>
    <Z>61.1959839</Z>
  </Rotation>
</Screenshot>