<?xml version="1.0" encoding="utf-8"?>
<Screenshot xmlns:xsd="http://www.w3.org/2001/XMLSchema" xmlns:xsi="http://www.w3.org/2001/XMLSchema-instance">
  <Cars />
  <MyCar>
    <Position>
      <X>-2420.016</X>
      <Y>-232.510422</Y>
      <Z>15.5178022</Z>
    </Position>
    <Rotation>
      <X>1.47955966</X>
      <Y>2.248183</Y>
      <Z>61.1322441</Z>
    </Rotation>
    <Handle>104962</Handle>
    <Bounds>
      <Vector3>
        <X>-2418.301</X>
        <Y>-234.656738</Y>
        <Z>14.7647247</Z>
      </Vector3>
      <Vector3>
        <X>-2417.31567</X>
        <Y>-232.869217</Y>
        <Z>14.6845922</Z>
      </Vector3>
      <Vector3>
        <X>-2422.777</X>
        <Y>-232.183258</Y>
        <Z>14.8967094</Z>
      </Vector3>
      <Vector3>
        <X>-2418.24048</X>
        <Y>-234.624878</Y>
        <Z>16.219017</Z>
      </Vector3>
      <Vector3>
        <X>-2421.7915</X>
        <Y>-230.395752</Y>
        <Z>14.816577</Z>
      </Vector3>
      <Vector3>
        <X>-2417.25513</X>
        <Y>-232.837372</Y>
        <Z>16.1388836</Z>
      </Vector3>
      <Vector3>
        <X>-2422.71655</X>
        <Y>-232.151413</Y>
        <Z>16.3510017</Z>
      </Vector3>
      <Vector3>
        <X>-2421.731</X>
        <Y>-230.363892</Y>
        <Z>16.2708683</Z>
      </Vector3>
    </Bounds>
    <CenterCamPosition>
      <X>0</X>
      <Y>0</Y>
    </CenterCamPosition>
    <ScreenBounds />
    <DistanceToCam>0</DistanceToCam>
    <Speed>9.528445</Speed>
    <AccInput>0</AccInput>
    <RPM>1.35798967</RPM>
    <Gear>0</Gear>
    <SteeringAngle>4.463976E-41</SteeringAngle>
    <WheelSpeed>0</WheelSpeed>
    <CarType>Sports</CarType>
  </MyCar>
  <Peds />
  <Time>277097</Time>
  <LastFrameTime>0.04800734</LastFrameTime>
  <MyProperty>0</MyProperty>
  <Weather>Foggy</Weather>
  <Steering>127</Steering>
  <Acc>137</Acc>
  <Brake>127</Brake>
  <DayTime>15:16:13</DayTime>
  <Position>
    <X>-2420.63013</X>
    <Y>-232.1337</Y>
    <Z>16.4351921</Z>
  </Position>
  <Rotation>
    <X>0.964022756</X>
    <Y>2.734171</Y>
    <Z>61.19322</Z>
  </Rotation>
</Screenshot>