<?xml version="1.0" encoding="utf-8"?>
<Screenshot xmlns:xsd="http://www.w3.org/2001/XMLSchema" xmlns:xsi="http://www.w3.org/2001/XMLSchema-instance">
  <Cars />
  <MyCar>
    <Position>
      <X>-2419.45679</X>
      <Y>-232.8227</Y>
      <Z>15.5006018</Z>
    </Position>
    <Rotation>
      <X>1.4576571</X>
      <Y>2.23197246</Y>
      <Z>61.15184</Z>
    </Rotation>
    <Handle>104962</Handle>
    <Bounds>
      <Vector3>
        <X>-2417.74072</X>
        <Y>-234.968338</Y>
        <Z>14.7481966</Z>
      </Vector3>
      <Vector3>
        <X>-2416.75586</X>
        <Y>-233.180481</Y>
        <Z>14.668642</Z>
      </Vector3>
      <Vector3>
        <X>-2422.21753</X>
        <Y>-232.496475</Y>
        <Z>14.8782291</Z>
      </Vector3>
      <Vector3>
        <X>-2417.681</X>
        <Y>-234.936569</Y>
        <Z>16.2025185</Z>
      </Vector3>
      <Vector3>
        <X>-2421.23267</X>
        <Y>-230.7086</Y>
        <Z>14.7986746</Z>
      </Vector3>
      <Vector3>
        <X>-2416.696</X>
        <Y>-233.1487</Y>
        <Z>16.122963</Z>
      </Vector3>
      <Vector3>
        <X>-2422.15771</X>
        <Y>-232.464691</Y>
        <Z>16.332552</Z>
      </Vector3>
      <Vector3>
        <X>-2421.17285</X>
        <Y>-230.676834</Y>
        <Z>16.2529964</Z>
      </Vector3>
    </Bounds>
    <CenterCamPosition>
      <X>0</X>
      <Y>0</Y>
    </CenterCamPosition>
    <ScreenBounds />
    <DistanceToCam>0</DistanceToCam>
    <Speed>9.511049</Speed>
    <AccInput>0</AccInput>
    <RPM>1.35798967</RPM>
    <Gear>0</Gear>
    <SteeringAngle>4.463976E-41</SteeringAngle>
    <WheelSpeed>0</WheelSpeed>
    <CarType>Sports</CarType>
  </MyCar>
  <Peds />
  <Time>277030</Time>
  <LastFrameTime>0.047727447</LastFrameTime>
  <MyProperty>0</MyProperty>
  <Weather>Foggy</Weather>
  <Steering>127</Steering>
  <Acc>137</Acc>
  <Brake>127</Brake>
  <DayTime>15:16:13</DayTime>
  <Position>
    <X>-2420.07422</X>
    <Y>-232.444168</Y>
    <Z>16.4174576</Z>
  </Position>
  <Rotation>
    <X>0.9337423</X>
    <Y>2.733803</Y>
    <Z>61.2039833</Z>
  </Rotation>
</Screenshot>