<?xml version="1.0" encoding="utf-8"?>
<Screenshot xmlns:xsd="http://www.w3.org/2001/XMLSchema" xmlns:xsi="http://www.w3.org/2001/XMLSchema-instance">
  <Cars />
  <MyCar>
    <Position>
      <X>-2419.617</X>
      <Y>-232.733261</Y>
      <Z>15.5055561</Z>
    </Position>
    <Rotation>
      <X>1.46292543</X>
      <Y>2.23455763</Y>
      <Z>61.1472321</Z>
    </Rotation>
    <Handle>104962</Handle>
    <Bounds>
      <Vector3>
        <X>-2417.90112</X>
        <Y>-234.879059</Y>
        <Z>14.752965</Z>
      </Vector3>
      <Vector3>
        <X>-2416.916</X>
        <Y>-233.091263</Y>
        <Z>14.6733179</Z>
      </Vector3>
      <Vector3>
        <X>-2422.37769</X>
        <Y>-232.406815</Y>
        <Z>14.8834677</Z>
      </Vector3>
      <Vector3>
        <X>-2417.841</X>
        <Y>-234.84729</Y>
        <Z>16.2072811</Z>
      </Vector3>
      <Vector3>
        <X>-2421.39258</X>
        <Y>-230.619019</Y>
        <Z>14.8038206</Z>
      </Vector3>
      <Vector3>
        <X>-2416.8562</X>
        <Y>-233.0595</Y>
        <Z>16.127636</Z>
      </Vector3>
      <Vector3>
        <X>-2422.31763</X>
        <Y>-232.375046</Y>
        <Z>16.3377838</Z>
      </Vector3>
      <Vector3>
        <X>-2421.33276</X>
        <Y>-230.58725</Y>
        <Z>16.2581367</Z>
      </Vector3>
    </Bounds>
    <CenterCamPosition>
      <X>0</X>
      <Y>0</Y>
    </CenterCamPosition>
    <ScreenBounds />
    <DistanceToCam>0</DistanceToCam>
    <Speed>9.516596</Speed>
    <AccInput>0</AccInput>
    <RPM>1.35798967</RPM>
    <Gear>0</Gear>
    <SteeringAngle>4.463976E-41</SteeringAngle>
    <WheelSpeed>0</WheelSpeed>
    <CarType>Sports</CarType>
  </MyCar>
  <Peds />
  <Time>277049</Time>
  <LastFrameTime>0.0192896966</LastFrameTime>
  <MyProperty>0</MyProperty>
  <Weather>Foggy</Weather>
  <Steering>127</Steering>
  <Acc>137</Acc>
  <Brake>127</Brake>
  <DayTime>15:16:13</DayTime>
  <Position>
    <X>-2420.47</X>
    <Y>-232.2232</Y>
    <Z>16.43013</Z>
  </Position>
  <Rotation>
    <X>0.958746433</X>
    <Y>2.73159</Y>
    <Z>61.19753</Z>
  </Rotation>
</Screenshot>