<?xml version="1.0" encoding="utf-8"?>
<Screenshot xmlns:xsd="http://www.w3.org/2001/XMLSchema" xmlns:xsi="http://www.w3.org/2001/XMLSchema-instance">
  <Cars />
  <MyCar>
    <Position>
      <X>-2420.17285</X>
      <Y>-232.422974</Y>
      <Z>15.522625</Z>
    </Position>
    <Rotation>
      <X>1.48312807</X>
      <Y>2.25163341</Y>
      <Z>61.12562</Z>
    </Rotation>
    <Handle>104962</Handle>
    <Bounds>
      <Vector3>
        <X>-2418.458</X>
        <Y>-234.5695</Y>
        <Z>14.769453</Z>
      </Vector3>
      <Vector3>
        <X>-2417.47241</X>
        <Y>-232.7821</Y>
        <Z>14.6891975</Z>
      </Vector3>
      <Vector3>
        <X>-2422.93384</X>
        <Y>-232.0955</Y>
        <Z>14.9017553</Z>
      </Vector3>
      <Vector3>
        <X>-2418.39746</X>
        <Y>-234.537628</Y>
        <Z>16.22374</Z>
      </Vector3>
      <Vector3>
        <X>-2421.948</X>
        <Y>-230.3081</Y>
        <Z>14.8215008</Z>
      </Vector3>
      <Vector3>
        <X>-2417.41187</X>
        <Y>-232.750229</Y>
        <Z>16.1434841</Z>
      </Vector3>
      <Vector3>
        <X>-2422.873</X>
        <Y>-232.063629</Y>
        <Z>16.3560429</Z>
      </Vector3>
      <Vector3>
        <X>-2421.88745</X>
        <Y>-230.27623</Y>
        <Z>16.2757874</Z>
      </Vector3>
    </Bounds>
    <CenterCamPosition>
      <X>0</X>
      <Y>0</Y>
    </CenterCamPosition>
    <ScreenBounds />
    <DistanceToCam>0</DistanceToCam>
    <Speed>9.532495</Speed>
    <AccInput>0</AccInput>
    <RPM>1.35798967</RPM>
    <Gear>0</Gear>
    <SteeringAngle>4.463976E-41</SteeringAngle>
    <WheelSpeed>0</WheelSpeed>
    <CarType>Sports</CarType>
  </MyCar>
  <Peds />
  <Time>277116</Time>
  <LastFrameTime>0.0188195873</LastFrameTime>
  <MyProperty>0</MyProperty>
  <Weather>Foggy</Weather>
  <Steering>127</Steering>
  <Acc>137</Acc>
  <Brake>127</Brake>
  <DayTime>15:16:13</DayTime>
  <Position>
    <X>-2421.02856</X>
    <Y>-231.9105</Y>
    <Z>16.4477711</Z>
  </Position>
  <Rotation>
    <X>0.9806874</X>
    <Y>2.747781</Y>
    <Z>61.1792564</Z>
  </Rotation>
</Screenshot>