<?xml version="1.0" encoding="utf-8"?>
<Screenshot xmlns:xsd="http://www.w3.org/2001/XMLSchema" xmlns:xsi="http://www.w3.org/2001/XMLSchema-instance">
  <Cars />
  <MyCar>
    <Position>
      <X>-2420.566</X>
      <Y>-232.203278</Y>
      <Z>15.5346766</Z>
    </Position>
    <Rotation>
      <X>1.49421644</X>
      <Y>2.264654</Y>
      <Z>61.10638</Z>
    </Rotation>
    <Handle>104962</Handle>
    <Bounds>
      <Vector3>
        <X>-2418.852</X>
        <Y>-234.350479</Y>
        <Z>14.7812529</Z>
      </Vector3>
      <Vector3>
        <X>-2417.866</X>
        <Y>-232.563431</Y>
        <Z>14.7005339</Z>
      </Vector3>
      <Vector3>
        <X>-2423.327</X>
        <Y>-231.874924</Y>
        <Z>14.9145432</Z>
      </Vector3>
      <Vector3>
        <X>-2418.791</X>
        <Y>-234.318466</Y>
        <Z>16.2355175</Z>
      </Vector3>
      <Vector3>
        <X>-2422.34058</X>
        <Y>-230.087875</Y>
        <Z>14.8338242</Z>
      </Vector3>
      <Vector3>
        <X>-2417.805</X>
        <Y>-232.531418</Y>
        <Z>16.1547985</Z>
      </Vector3>
      <Vector3>
        <X>-2423.26587</X>
        <Y>-231.842911</Y>
        <Z>16.3688087</Z>
      </Vector3>
      <Vector3>
        <X>-2422.27954</X>
        <Y>-230.055862</Y>
        <Z>16.28809</Z>
      </Vector3>
    </Bounds>
    <CenterCamPosition>
      <X>0</X>
      <Y>0</Y>
    </CenterCamPosition>
    <ScreenBounds />
    <DistanceToCam>0</DistanceToCam>
    <Speed>9.541253</Speed>
    <AccInput>0</AccInput>
    <RPM>1.35798967</RPM>
    <Gear>0</Gear>
    <SteeringAngle>4.463976E-41</SteeringAngle>
    <WheelSpeed>0</WheelSpeed>
    <CarType>Sports</CarType>
  </MyCar>
  <Peds />
  <Time>277163</Time>
  <LastFrameTime>0.04722165</LastFrameTime>
  <MyProperty>0</MyProperty>
  <Weather>Foggy</Weather>
  <Steering>127</Steering>
  <Acc>137</Acc>
  <Brake>127</Brake>
  <DayTime>15:16:13</DayTime>
  <Position>
    <X>-2421.1853</X>
    <Y>-231.822922</Y>
    <Z>16.4526634</Z>
  </Position>
  <Rotation>
    <X>0.9842625</X>
    <Y>2.75122833</Y>
    <Z>61.172863</Z>
  </Rotation>
</Screenshot>