<?xml version="1.0" encoding="utf-8"?>
<Screenshot xmlns:xsd="http://www.w3.org/2001/XMLSchema" xmlns:xsi="http://www.w3.org/2001/XMLSchema-instance">
  <Cars />
  <MyCar>
    <Position>
      <X>-2420.72461</X>
      <Y>-232.114487</Y>
      <Z>15.5395575</Z>
    </Position>
    <Rotation>
      <X>1.4963994</X>
      <Y>2.268037</Y>
      <Z>61.0979576</Z>
    </Rotation>
    <Handle>104962</Handle>
    <Bounds>
      <Vector3>
        <X>-2419.01123</X>
        <Y>-234.261963</Y>
        <Z>14.7860994</Z>
      </Vector3>
      <Vector3>
        <X>-2418.02466</X>
        <Y>-232.475067</Y>
        <Z>14.7052593</Z>
      </Vector3>
      <Vector3>
        <X>-2423.4856</X>
        <Y>-231.785736</Y>
        <Z>14.9195843</Z>
      </Vector3>
      <Vector3>
        <X>-2418.95</X>
        <Y>-234.229919</Y>
        <Z>16.24036</Z>
      </Vector3>
      <Vector3>
        <X>-2422.499</X>
        <Y>-229.99884</Y>
        <Z>14.8387442</Z>
      </Vector3>
      <Vector3>
        <X>-2417.96362</X>
        <Y>-232.443024</Y>
        <Z>16.1595211</Z>
      </Vector3>
      <Vector3>
        <X>-2423.42432</X>
        <Y>-231.7537</Y>
        <Z>16.3738441</Z>
      </Vector3>
      <Vector3>
        <X>-2422.438</X>
        <Y>-229.9668</Y>
        <Z>16.293005</Z>
      </Vector3>
    </Bounds>
    <CenterCamPosition>
      <X>0</X>
      <Y>0</Y>
    </CenterCamPosition>
    <ScreenBounds />
    <DistanceToCam>0</DistanceToCam>
    <Speed>9.54435349</Speed>
    <AccInput>0</AccInput>
    <RPM>1.35798967</RPM>
    <Gear>0</Gear>
    <SteeringAngle>4.463976E-41</SteeringAngle>
    <WheelSpeed>0</WheelSpeed>
    <CarType>Sports</CarType>
  </MyCar>
  <Peds />
  <Time>277182</Time>
  <LastFrameTime>0.01906814</LastFrameTime>
  <MyProperty>0</MyProperty>
  <Weather>Foggy</Weather>
  <Steering>127</Steering>
  <Acc>137</Acc>
  <Brake>127</Brake>
  <DayTime>15:16:13</DayTime>
  <Position>
    <X>-2421.578</X>
    <Y>-231.602783</Y>
    <Z>16.4649353</Z>
  </Position>
  <Rotation>
    <X>0.995374739</X>
    <Y>2.764237</Y>
    <Z>61.15439</Z>
  </Rotation>
</Screenshot>