<?xml version="1.0" encoding="utf-8"?>
<Screenshot xmlns:xsd="http://www.w3.org/2001/XMLSchema" xmlns:xsi="http://www.w3.org/2001/XMLSchema-instance">
  <Cars />
  <MyCar>
    <Position>
      <X>-2421.42139</X>
      <Y>-231.724442</Y>
      <Z>15.5609035</Z>
    </Position>
    <Rotation>
      <X>1.51400959</X>
      <Y>2.281711</Y>
      <Z>61.0600853</Z>
    </Rotation>
    <Handle>104962</Handle>
    <Bounds>
      <Vector3>
        <X>-2419.70972</X>
        <Y>-233.873123</Y>
        <Z>14.8069172</Z>
      </Vector3>
      <Vector3>
        <X>-2418.722</X>
        <Y>-232.086884</Y>
        <Z>14.7255907</Z>
      </Vector3>
      <Vector3>
        <X>-2424.18237</X>
        <Y>-231.393875</Y>
        <Z>14.9419708</Z>
      </Vector3>
      <Vector3>
        <X>-2419.648</X>
        <Y>-233.841019</Y>
        <Z>16.2611523</Z>
      </Vector3>
      <Vector3>
        <X>-2423.19458</X>
        <Y>-229.607651</Y>
        <Z>14.8606443</Z>
      </Vector3>
      <Vector3>
        <X>-2418.6604</X>
        <Y>-232.0548</Y>
        <Z>16.1798267</Z>
      </Vector3>
      <Vector3>
        <X>-2424.12061</X>
        <Y>-231.361786</Y>
        <Z>16.3962078</Z>
      </Vector3>
      <Vector3>
        <X>-2423.133</X>
        <Y>-229.575546</Y>
        <Z>16.31488</Z>
      </Vector3>
    </Bounds>
    <CenterCamPosition>
      <X>0</X>
      <Y>0</Y>
    </CenterCamPosition>
    <ScreenBounds />
    <DistanceToCam>0</DistanceToCam>
    <Speed>9.555928</Speed>
    <AccInput>0</AccInput>
    <RPM>1.35798967</RPM>
    <Gear>0</Gear>
    <SteeringAngle>4.463976E-41</SteeringAngle>
    <WheelSpeed>0</WheelSpeed>
    <CarType>Sports</CarType>
  </MyCar>
  <Peds />
  <Time>277266</Time>
  <LastFrameTime>0.03605135</LastFrameTime>
  <MyProperty>0</MyProperty>
  <Weather>Foggy</Weather>
  <Steering>127</Steering>
  <Acc>137</Acc>
  <Brake>127</Brake>
  <DayTime>15:16:13</DayTime>
  <Position>
    <X>-2422.13232</X>
    <Y>-231.2916</Y>
    <Z>16.4822178</Z>
  </Position>
  <Rotation>
    <X>1.00948024</X>
    <Y>2.77604461</Y>
    <Z>61.1262436</Z>
  </Rotation>
</Screenshot>