<?xml version="1.0" encoding="utf-8"?>
<Screenshot xmlns:xsd="http://www.w3.org/2001/XMLSchema" xmlns:xsi="http://www.w3.org/2001/XMLSchema-instance">
  <Cars />
  <MyCar>
    <Position>
      <X>-2421.121</X>
      <Y>-231.89267</Y>
      <Z>15.5516777</Z>
    </Position>
    <Rotation>
      <X>1.50829566</X>
      <Y>2.27647471</Y>
      <Z>61.07735</Z>
    </Rotation>
    <Handle>104962</Handle>
    <Bounds>
      <Vector3>
        <X>-2419.40869</X>
        <Y>-234.0408</Y>
        <Z>14.7978477</Z>
      </Vector3>
      <Vector3>
        <X>-2418.42163</X>
        <Y>-232.254272</Y>
        <Z>14.7167072</Z>
      </Vector3>
      <Vector3>
        <X>-2423.882</X>
        <Y>-231.562927</Y>
        <Z>14.9323931</Z>
      </Vector3>
      <Vector3>
        <X>-2419.34717</X>
        <Y>-234.008728</Y>
        <Z>16.2520924</Z>
      </Vector3>
      <Vector3>
        <X>-2422.895</X>
        <Y>-229.7764</Y>
        <Z>14.8512526</Z>
      </Vector3>
      <Vector3>
        <X>-2418.36</X>
        <Y>-232.2222</Y>
        <Z>16.1709538</Z>
      </Vector3>
      <Vector3>
        <X>-2423.82056</X>
        <Y>-231.530853</Y>
        <Z>16.3866386</Z>
      </Vector3>
      <Vector3>
        <X>-2422.8335</X>
        <Y>-229.744324</Y>
        <Z>16.3054981</Z>
      </Vector3>
    </Bounds>
    <CenterCamPosition>
      <X>0</X>
      <Y>0</Y>
    </CenterCamPosition>
    <ScreenBounds />
    <DistanceToCam>0</DistanceToCam>
    <Speed>9.551593</Speed>
    <AccInput>0</AccInput>
    <RPM>1.35798967</RPM>
    <Gear>0</Gear>
    <SteeringAngle>4.463976E-41</SteeringAngle>
    <WheelSpeed>0</WheelSpeed>
    <CarType>Sports</CarType>
  </MyCar>
  <Peds />
  <Time>277230</Time>
  <LastFrameTime>0.0475921519</LastFrameTime>
  <MyProperty>0</MyProperty>
  <Weather>Foggy</Weather>
  <Steering>127</Steering>
  <Acc>137</Acc>
  <Brake>127</Brake>
  <DayTime>15:16:13</DayTime>
  <Position>
    <X>-2421.73633</X>
    <Y>-231.513809</Y>
    <Z>16.4698582</Z>
  </Position>
  <Rotation>
    <X>0.9975632</X>
    <Y>2.76761818</Y>
    <Z>61.1461258</Z>
  </Rotation>
</Screenshot>