<?xml version="1.0" encoding="utf-8"?>
<Screenshot xmlns:xsd="http://www.w3.org/2001/XMLSchema" xmlns:xsi="http://www.w3.org/2001/XMLSchema-instance">
  <Cars />
  <MyCar>
    <Position>
      <X>-2422.25928</X>
      <Y>-231.254578</Y>
      <Z>15.5865746</Z>
    </Position>
    <Rotation>
      <X>1.52518785</X>
      <Y>2.30663371</Y>
      <Z>61.0067329</Z>
    </Rotation>
    <Handle>104962</Handle>
    <Bounds>
      <Vector3>
        <X>-2420.5498</X>
        <Y>-233.405075</Y>
        <Z>14.832551</Z>
      </Vector3>
      <Vector3>
        <X>-2419.56055</X>
        <Y>-231.6198</Y>
        <Z>14.7503366</Z>
      </Vector3>
      <Vector3>
        <X>-2425.02026</X>
        <Y>-230.9216</Y>
        <Z>14.9685993</Z>
      </Vector3>
      <Vector3>
        <X>-2420.48755</X>
        <Y>-233.37262</Y>
        <Z>16.2867546</Z>
      </Vector3>
      <Vector3>
        <X>-2424.03076</X>
        <Y>-229.136322</Y>
        <Z>14.886385</Z>
      </Vector3>
      <Vector3>
        <X>-2419.49829</X>
        <Y>-231.587341</Y>
        <Z>16.20454</Z>
      </Vector3>
      <Vector3>
        <X>-2424.95776</X>
        <Y>-230.889145</Y>
        <Z>16.422802</Z>
      </Vector3>
      <Vector3>
        <X>-2423.96851</X>
        <Y>-229.103867</Y>
        <Z>16.3405876</Z>
      </Vector3>
    </Bounds>
    <CenterCamPosition>
      <X>0</X>
      <Y>0</Y>
    </CenterCamPosition>
    <ScreenBounds />
    <DistanceToCam>0</DistanceToCam>
    <Speed>9.565254</Speed>
    <AccInput>0</AccInput>
    <RPM>1.35798967</RPM>
    <Gear>0</Gear>
    <SteeringAngle>4.463976E-41</SteeringAngle>
    <WheelSpeed>0</WheelSpeed>
    <CarType>Sports</CarType>
  </MyCar>
  <Peds />
  <Time>277366</Time>
  <LastFrameTime>0.0183798876</LastFrameTime>
  <MyProperty>0</MyProperty>
  <Weather>Foggy</Weather>
  <Steering>127</Steering>
  <Acc>137</Acc>
  <Brake>127</Brake>
  <DayTime>15:16:13</DayTime>
  <Position>
    <X>-2423.11621</X>
    <Y>-230.7382</Y>
    <Z>16.5127144</Z>
  </Position>
  <Rotation>
    <X>1.02540171</X>
    <Y>2.8020668</Y>
    <Z>61.0670853</Z>
  </Rotation>
</Screenshot>