<?xml version="1.0" encoding="utf-8"?>
<Screenshot xmlns:xsd="http://www.w3.org/2001/XMLSchema" xmlns:xsi="http://www.w3.org/2001/XMLSchema-instance">
  <Cars />
  <MyCar>
    <Position>
      <X>-2421.81348</X>
      <Y>-231.5047</Y>
      <Z>15.5729036</Z>
    </Position>
    <Rotation>
      <X>1.51845431</X>
      <Y>2.29479241</Y>
      <Z>61.03597</Z>
    </Rotation>
    <Handle>104962</Handle>
    <Bounds>
      <Vector3>
        <X>-2420.10278</X>
        <Y>-233.654221</Y>
        <Z>14.81896</Z>
      </Vector3>
      <Vector3>
        <X>-2419.1145</X>
        <Y>-231.868423</Y>
        <Z>14.7371674</Z>
      </Vector3>
      <Vector3>
        <X>-2424.57446</X>
        <Y>-231.173065</Y>
        <Z>14.95441</Z>
      </Vector3>
      <Vector3>
        <X>-2420.04077</X>
        <Y>-233.621918</Y>
        <Z>16.27318</Z>
      </Vector3>
      <Vector3>
        <X>-2423.586</X>
        <Y>-229.387268</Y>
        <Z>14.8726168</Z>
      </Vector3>
      <Vector3>
        <X>-2419.05249</X>
        <Y>-231.836121</Y>
        <Z>16.1913872</Z>
      </Vector3>
      <Vector3>
        <X>-2424.51245</X>
        <Y>-231.140762</Y>
        <Z>16.4086285</Z>
      </Vector3>
      <Vector3>
        <X>-2423.524</X>
        <Y>-229.354965</Y>
        <Z>16.3268356</Z>
      </Vector3>
    </Bounds>
    <CenterCamPosition>
      <X>0</X>
      <Y>0</Y>
    </CenterCamPosition>
    <ScreenBounds />
    <DistanceToCam>0</DistanceToCam>
    <Speed>9.56069851</Speed>
    <AccInput>0</AccInput>
    <RPM>1.35798967</RPM>
    <Gear>0</Gear>
    <SteeringAngle>4.463976E-41</SteeringAngle>
    <WheelSpeed>0</WheelSpeed>
    <CarType>Sports</CarType>
  </MyCar>
  <Peds />
  <Time>277313</Time>
  <LastFrameTime>0.0470280237</LastFrameTime>
  <MyProperty>0</MyProperty>
  <Weather>Foggy</Weather>
  <Steering>127</Steering>
  <Acc>137</Acc>
  <Brake>127</Brake>
  <DayTime>15:16:13</DayTime>
  <Position>
    <X>-2422.43237</X>
    <Y>-231.123032</Y>
    <Z>16.4915562</Z>
  </Position>
  <Rotation>
    <X>1.01520538</X>
    <Y>2.78127527</Y>
    <Z>61.1093521</Z>
  </Rotation>
</Screenshot>