<?xml version="1.0" encoding="utf-8"?>
<Screenshot xmlns:xsd="http://www.w3.org/2001/XMLSchema" xmlns:xsi="http://www.w3.org/2001/XMLSchema-instance">
  <Cars />
  <MyCar>
    <Position>
      <X>-2422.106</X>
      <Y>-231.3406</Y>
      <Z>15.5818653</Z>
    </Position>
    <Rotation>
      <X>1.52417552</X>
      <Y>2.302515</Y>
      <Z>61.0169525</Z>
    </Rotation>
    <Handle>104962</Handle>
    <Bounds>
      <Vector3>
        <X>-2420.39624</X>
        <Y>-233.490753</Y>
        <Z>14.82781</Z>
      </Vector3>
      <Vector3>
        <X>-2419.40723</X>
        <Y>-231.7053</Y>
        <Z>14.7457428</Z>
      </Vector3>
      <Vector3>
        <X>-2424.867</X>
        <Y>-231.008087</Y>
        <Z>14.96377</Z>
      </Vector3>
      <Vector3>
        <X>-2420.334</X>
        <Y>-233.458374</Y>
        <Z>16.2820187</Z>
      </Vector3>
      <Vector3>
        <X>-2423.878</X>
        <Y>-229.222626</Y>
        <Z>14.8817024</Z>
      </Vector3>
      <Vector3>
        <X>-2419.345</X>
        <Y>-231.672913</Y>
        <Z>16.1999512</Z>
      </Vector3>
      <Vector3>
        <X>-2424.80469</X>
        <Y>-230.975708</Y>
        <Z>16.4179783</Z>
      </Vector3>
      <Vector3>
        <X>-2423.81567</X>
        <Y>-229.190247</Y>
        <Z>16.33591</Z>
      </Vector3>
    </Bounds>
    <CenterCamPosition>
      <X>0</X>
      <Y>0</Y>
    </CenterCamPosition>
    <ScreenBounds />
    <DistanceToCam>0</DistanceToCam>
    <Speed>9.563784</Speed>
    <AccInput>0</AccInput>
    <RPM>1.35798967</RPM>
    <Gear>0</Gear>
    <SteeringAngle>4.463976E-41</SteeringAngle>
    <WheelSpeed>0</WheelSpeed>
    <CarType>Sports</CarType>
  </MyCar>
  <Peds />
  <Time>277348</Time>
  <LastFrameTime>0.03507855</LastFrameTime>
  <MyProperty>0</MyProperty>
  <Weather>Foggy</Weather>
  <Steering>127</Steering>
  <Acc>137</Acc>
  <Brake>127</Brake>
  <DayTime>15:16:13</DayTime>
  <Position>
    <X>-2422.824</X>
    <Y>-230.90271</Y>
    <Z>16.50364</Z>
  </Position>
  <Rotation>
    <X>1.01966655</X>
    <Y>2.79435039</Y>
    <Z>61.0856857</Z>
  </Rotation>
</Screenshot>