<?xml version="1.0" encoding="utf-8"?>
<Screenshot xmlns:xsd="http://www.w3.org/2001/XMLSchema" xmlns:xsi="http://www.w3.org/2001/XMLSchema-instance">
  <Cars />
  <MyCar>
    <Position>
      <X>-2422.651</X>
      <Y>-231.034561</Y>
      <Z>15.5986156</Z>
    </Position>
    <Rotation>
      <X>1.52568376</X>
      <Y>2.32214284</Y>
      <Z>60.9798851</Z>
    </Rotation>
    <Handle>104962</Handle>
    <Bounds>
      <Vector3>
        <X>-2420.94263</X>
        <Y>-233.186035</Y>
        <Z>14.8448553</Z>
      </Vector3>
      <Vector3>
        <X>-2419.95239</X>
        <Y>-231.401245</Y>
        <Z>14.7620878</Z>
      </Vector3>
      <Vector3>
        <X>-2425.41162</X>
        <Y>-230.700424</Y>
        <Z>14.9809465</Z>
      </Vector3>
      <Vector3>
        <X>-2420.88013</X>
        <Y>-233.153275</Y>
        <Z>16.2990417</Z>
      </Vector3>
      <Vector3>
        <X>-2424.42163</X>
        <Y>-228.915634</Y>
        <Z>14.8981791</Z>
      </Vector3>
      <Vector3>
        <X>-2419.89</X>
        <Y>-231.368484</Y>
        <Z>16.2162743</Z>
      </Vector3>
      <Vector3>
        <X>-2425.349</X>
        <Y>-230.667664</Y>
        <Z>16.435133</Z>
      </Vector3>
      <Vector3>
        <X>-2424.35913</X>
        <Y>-228.882874</Y>
        <Z>16.3523674</Z>
      </Vector3>
    </Bounds>
    <CenterCamPosition>
      <X>0</X>
      <Y>0</Y>
    </CenterCamPosition>
    <ScreenBounds />
    <DistanceToCam>0</DistanceToCam>
    <Speed>9.568596</Speed>
    <AccInput>0</AccInput>
    <RPM>1.35798967</RPM>
    <Gear>0</Gear>
    <SteeringAngle>4.463976E-41</SteeringAngle>
    <WheelSpeed>0</WheelSpeed>
    <CarType>Sports</CarType>
  </MyCar>
  <Peds />
  <Time>277413</Time>
  <LastFrameTime>0.04695572</LastFrameTime>
  <MyProperty>0</MyProperty>
  <Weather>Foggy</Weather>
  <Steering>127</Steering>
  <Acc>137</Acc>
  <Brake>127</Brake>
  <DayTime>15:16:13</DayTime>
  <Position>
    <X>-2423.26929</X>
    <Y>-230.651947</Y>
    <Z>16.51744</Z>
  </Position>
  <Rotation>
    <X>1.02641881</X>
    <Y>2.806184</Y>
    <Z>61.0569839</Z>
  </Rotation>
</Screenshot>