<?xml version="1.0" encoding="utf-8"?>
<Screenshot xmlns:xsd="http://www.w3.org/2001/XMLSchema" xmlns:xsi="http://www.w3.org/2001/XMLSchema-instance">
  <Cars />
  <MyCar>
    <Position>
      <X>-2422.80664</X>
      <Y>-230.946945</Y>
      <Z>15.60342</Z>
    </Position>
    <Rotation>
      <X>1.52675867</X>
      <Y>2.32613659</Y>
      <Z>60.9689369</Z>
    </Rotation>
    <Handle>104962</Handle>
    <Bounds>
      <Vector3>
        <X>-2421.09888</X>
        <Y>-233.098785</Y>
        <Z>14.8496857</Z>
      </Vector3>
      <Vector3>
        <X>-2420.1084</X>
        <Y>-231.3142</Y>
        <Z>14.7667761</Z>
      </Vector3>
      <Vector3>
        <X>-2425.56738</X>
        <Y>-230.61232</Y>
        <Z>14.9858723</Z>
      </Vector3>
      <Vector3>
        <X>-2421.03613</X>
        <Y>-233.065964</Y>
        <Z>16.3038673</Z>
      </Vector3>
      <Vector3>
        <X>-2424.577</X>
        <Y>-228.827713</Y>
        <Z>14.9029627</Z>
      </Vector3>
      <Vector3>
        <X>-2420.04565</X>
        <Y>-231.281357</Y>
        <Z>16.2209587</Z>
      </Vector3>
      <Vector3>
        <X>-2425.505</X>
        <Y>-230.579483</Y>
        <Z>16.4400539</Z>
      </Vector3>
      <Vector3>
        <X>-2424.5144</X>
        <Y>-228.794891</Y>
        <Z>16.3571453</Z>
      </Vector3>
    </Bounds>
    <CenterCamPosition>
      <X>0</X>
      <Y>0</Y>
    </CenterCamPosition>
    <ScreenBounds />
    <DistanceToCam>0</DistanceToCam>
    <Speed>9.569794</Speed>
    <AccInput>0</AccInput>
    <RPM>1.35798967</RPM>
    <Gear>0</Gear>
    <SteeringAngle>4.463976E-41</SteeringAngle>
    <WheelSpeed>0</WheelSpeed>
    <CarType>Sports</CarType>
  </MyCar>
  <Peds />
  <Time>277432</Time>
  <LastFrameTime>0.0186861567</LastFrameTime>
  <MyProperty>0</MyProperty>
  <Weather>Foggy</Weather>
  <Steering>127</Steering>
  <Acc>137</Acc>
  <Brake>127</Brake>
  <DayTime>15:16:13</DayTime>
  <Position>
    <X>-2423.66064</X>
    <Y>-230.431244</Y>
    <Z>16.5294819</Z>
  </Position>
  <Rotation>
    <X>1.0269289</X>
    <Y>2.82169</Y>
    <Z>61.03044</Z>
  </Rotation>
</Screenshot>