<?xml version="1.0" encoding="utf-8"?>
<Screenshot xmlns:xsd="http://www.w3.org/2001/XMLSchema" xmlns:xsi="http://www.w3.org/2001/XMLSchema-instance">
  <Cars />
  <MyCar>
    <Position>
      <X>-2423.204</X>
      <Y>-230.723251</Y>
      <Z>15.61563</Z>
    </Position>
    <Rotation>
      <X>1.52757156</X>
      <Y>2.34183812</Y>
      <Z>60.94172</Z>
    </Rotation>
    <Handle>104962</Handle>
    <Bounds>
      <Vector3>
        <X>-2421.49731</X>
        <Y>-232.876083</Y>
        <Z>14.8621483</Z>
      </Vector3>
      <Vector3>
        <X>-2420.506</X>
        <Y>-231.09198</Y>
        <Z>14.7786789</Z>
      </Vector3>
      <Vector3>
        <X>-2425.96484</X>
        <Y>-230.387451</Y>
        <Z>14.9984055</Z>
      </Vector3>
      <Vector3>
        <X>-2421.43457</X>
        <Y>-232.842941</Y>
        <Z>16.3163128</Z>
      </Vector3>
      <Vector3>
        <X>-2424.97339</X>
        <Y>-228.603348</Y>
        <Z>14.914937</Z>
      </Vector3>
      <Vector3>
        <X>-2420.44336</X>
        <Y>-231.058838</Y>
        <Z>16.2328434</Z>
      </Vector3>
      <Vector3>
        <X>-2425.902</X>
        <Y>-230.354324</Y>
        <Z>16.45257</Z>
      </Vector3>
      <Vector3>
        <X>-2424.91064</X>
        <Y>-228.5702</Y>
        <Z>16.3691025</Z>
      </Vector3>
    </Bounds>
    <CenterCamPosition>
      <X>0</X>
      <Y>0</Y>
    </CenterCamPosition>
    <ScreenBounds />
    <DistanceToCam>0</DistanceToCam>
    <Speed>9.572557</Speed>
    <AccInput>0</AccInput>
    <RPM>1.35798967</RPM>
    <Gear>0</Gear>
    <SteeringAngle>4.463976E-41</SteeringAngle>
    <WheelSpeed>0</WheelSpeed>
    <CarType>Sports</CarType>
  </MyCar>
  <Peds />
  <Time>277480</Time>
  <LastFrameTime>0.0476660058</LastFrameTime>
  <MyProperty>0</MyProperty>
  <Weather>Foggy</Weather>
  <Steering>127</Steering>
  <Acc>137</Acc>
  <Brake>127</Brake>
  <DayTime>15:16:13</DayTime>
  <Position>
    <X>-2423.81616</X>
    <Y>-230.343384</Y>
    <Z>16.5343056</Z>
  </Position>
  <Rotation>
    <X>1.0280087</X>
    <Y>2.8256824</Y>
    <Z>61.0196152</Z>
  </Rotation>
</Screenshot>