<?xml version="1.0" encoding="utf-8"?>
<Screenshot xmlns:xsd="http://www.w3.org/2001/XMLSchema" xmlns:xsi="http://www.w3.org/2001/XMLSchema-instance">
  <Cars />
  <MyCar>
    <Position>
      <X>-2424.1792</X>
      <Y>-230.174454</Y>
      <Z>15.6456394</Z>
    </Position>
    <Rotation>
      <X>1.53286815</X>
      <Y>2.3836</Y>
      <Z>60.9018173</Z>
    </Rotation>
    <Handle>104962</Handle>
    <Bounds>
      <Vector3>
        <X>-2422.47437</X>
        <Y>-232.328918</Y>
        <Z>14.8926907</Z>
      </Vector3>
      <Vector3>
        <X>-2421.482</X>
        <Y>-230.545563</Y>
        <Z>14.8077345</Z>
      </Vector3>
      <Vector3>
        <X>-2426.94</X>
        <Y>-229.837082</Y>
        <Z>15.0294161</Z>
      </Vector3>
      <Vector3>
        <X>-2422.411</X>
        <Y>-232.294968</Y>
        <Z>16.34681</Z>
      </Vector3>
      <Vector3>
        <X>-2425.94751</X>
        <Y>-228.053726</Y>
        <Z>14.94446</Z>
      </Vector3>
      <Vector3>
        <X>-2421.41846</X>
        <Y>-230.511612</Y>
        <Z>16.2618523</Z>
      </Vector3>
      <Vector3>
        <X>-2426.87646</X>
        <Y>-229.803131</Y>
        <Z>16.4835339</Z>
      </Vector3>
      <Vector3>
        <X>-2425.884</X>
        <Y>-228.019775</Y>
        <Z>16.3985786</Z>
      </Vector3>
    </Bounds>
    <CenterCamPosition>
      <X>0</X>
      <Y>0</Y>
    </CenterCamPosition>
    <ScreenBounds />
    <DistanceToCam>0</DistanceToCam>
    <Speed>9.578125</Speed>
    <AccInput>0</AccInput>
    <RPM>1.35798967</RPM>
    <Gear>0</Gear>
    <SteeringAngle>4.463976E-41</SteeringAngle>
    <WheelSpeed>0</WheelSpeed>
    <CarType>Sports</CarType>
  </MyCar>
  <Peds />
  <Time>277597</Time>
  <LastFrameTime>0.0492110066</LastFrameTime>
  <MyProperty>0</MyProperty>
  <Weather>Foggy</Weather>
  <Steering>124</Steering>
  <Acc>137</Acc>
  <Brake>127</Brake>
  <DayTime>15:16:13</DayTime>
  <Position>
    <X>-2424.777</X>
    <Y>-229.8003</Y>
    <Z>16.5639362</Z>
  </Position>
  <Rotation>
    <X>1.03116262</X>
    <Y>2.86327815</Y>
    <Z>60.9602051</Z>
  </Rotation>
</Screenshot>