<?xml version="1.0" encoding="utf-8"?>
<Screenshot xmlns:xsd="http://www.w3.org/2001/XMLSchema" xmlns:xsi="http://www.w3.org/2001/XMLSchema-instance">
  <Cars />
  <MyCar>
    <Position>
      <X>-2423.39844</X>
      <Y>-230.613922</Y>
      <Z>15.6216078</Z>
    </Position>
    <Rotation>
      <X>1.52836931</X>
      <Y>2.347941</Y>
      <Z>60.92868</Z>
    </Rotation>
    <Handle>104962</Handle>
    <Bounds>
      <Vector3>
        <X>-2421.69238</X>
        <Y>-232.767212</Y>
        <Z>14.8682022</Z>
      </Vector3>
      <Vector3>
        <X>-2420.70068</X>
        <Y>-230.983337</Y>
        <Z>14.7845163</Z>
      </Vector3>
      <Vector3>
        <X>-2426.15918</X>
        <Y>-230.277542</Y>
        <Z>15.0045309</Z>
      </Vector3>
      <Vector3>
        <X>-2421.62939</X>
        <Y>-232.733963</Y>
        <Z>16.32236</Z>
      </Vector3>
      <Vector3>
        <X>-2425.16748</X>
        <Y>-228.493668</Y>
        <Z>14.920845</Z>
      </Vector3>
      <Vector3>
        <X>-2420.6377</X>
        <Y>-230.950089</Y>
        <Z>16.2386742</Z>
      </Vector3>
      <Vector3>
        <X>-2426.09619</X>
        <Y>-230.2443</Y>
        <Z>16.4586887</Z>
      </Vector3>
      <Vector3>
        <X>-2425.10449</X>
        <Y>-228.460419</Y>
        <Z>16.3750019</Z>
      </Vector3>
    </Bounds>
    <CenterCamPosition>
      <X>0</X>
      <Y>0</Y>
    </CenterCamPosition>
    <ScreenBounds />
    <DistanceToCam>0</DistanceToCam>
    <Speed>9.573784</Speed>
    <AccInput>0</AccInput>
    <RPM>1.35798967</RPM>
    <Gear>0</Gear>
    <SteeringAngle>4.463976E-41</SteeringAngle>
    <WheelSpeed>0</WheelSpeed>
    <CarType>Sports</CarType>
  </MyCar>
  <Peds />
  <Time>277503</Time>
  <LastFrameTime>0.02328175</LastFrameTime>
  <MyProperty>0</MyProperty>
  <Weather>Foggy</Weather>
  <Steering>127</Steering>
  <Acc>137</Acc>
  <Brake>127</Brake>
  <DayTime>15:16:13</DayTime>
  <Position>
    <X>-2424.21313</X>
    <Y>-230.118988</Y>
    <Z>16.5465221</Z>
  </Position>
  <Rotation>
    <X>1.02883649</X>
    <Y>2.84138083</Y>
    <Z>60.9927254</Z>
  </Rotation>
</Screenshot>