<?xml version="1.0" encoding="utf-8"?>
<Screenshot xmlns:xsd="http://www.w3.org/2001/XMLSchema" xmlns:xsi="http://www.w3.org/2001/XMLSchema-instance">
  <Cars />
  <MyCar>
    <Position>
      <X>-2423.76855</X>
      <Y>-230.405426</Y>
      <Z>15.6330118</Z>
    </Position>
    <Rotation>
      <X>1.5298754</X>
      <Y>2.3637414</Y>
      <Z>60.9086952</Z>
    </Rotation>
    <Handle>104962</Handle>
    <Bounds>
      <Vector3>
        <X>-2422.06323</X>
        <Y>-232.559479</Y>
        <Z>14.87983</Z>
      </Vector3>
      <Vector3>
        <X>-2421.071</X>
        <Y>-230.77597</Y>
        <Z>14.7955809</Z>
      </Vector3>
      <Vector3>
        <X>-2426.5293</X>
        <Y>-230.068222</Y>
        <Z>15.0162916</Z>
      </Vector3>
      <Vector3>
        <X>-2422.00024</X>
        <Y>-232.525925</Y>
        <Z>16.333971</Z>
      </Vector3>
      <Vector3>
        <X>-2425.53687</X>
        <Y>-228.284714</Y>
        <Z>14.9320421</Z>
      </Vector3>
      <Vector3>
        <X>-2421.00781</X>
        <Y>-230.742416</Y>
        <Z>16.2497215</Z>
      </Vector3>
      <Vector3>
        <X>-2426.466</X>
        <Y>-230.034668</Y>
        <Z>16.47043</Z>
      </Vector3>
      <Vector3>
        <X>-2425.47363</X>
        <Y>-228.25116</Y>
        <Z>16.3861828</Z>
      </Vector3>
    </Bounds>
    <CenterCamPosition>
      <X>0</X>
      <Y>0</Y>
    </CenterCamPosition>
    <ScreenBounds />
    <DistanceToCam>0</DistanceToCam>
    <Speed>9.576062</Speed>
    <AccInput>0</AccInput>
    <RPM>1.35798967</RPM>
    <Gear>0</Gear>
    <SteeringAngle>4.463976E-41</SteeringAngle>
    <WheelSpeed>0</WheelSpeed>
    <CarType>Sports</CarType>
  </MyCar>
  <Peds />
  <Time>277547</Time>
  <LastFrameTime>0.04439758</LastFrameTime>
  <MyProperty>0</MyProperty>
  <Weather>Foggy</Weather>
  <Steering>126</Steering>
  <Acc>137</Acc>
  <Brake>127</Brake>
  <DayTime>15:16:13</DayTime>
  <Position>
    <X>-2424.40747</X>
    <Y>-230.009354</Y>
    <Z>16.5525112</Z>
  </Position>
  <Rotation>
    <X>1.029641</X>
    <Y>2.84748149</Y>
    <Z>60.9798355</Z>
  </Rotation>
</Screenshot>