<?xml version="1.0" encoding="utf-8"?>
<Screenshot xmlns:xsd="http://www.w3.org/2001/XMLSchema" xmlns:xsi="http://www.w3.org/2001/XMLSchema-instance">
  <Cars />
  <MyCar>
    <Position>
      <X>-2424.733</X>
      <Y>-229.863785</Y>
      <Z>15.6627045</Z>
    </Position>
    <Rotation>
      <X>1.53463471</X>
      <Y>2.40626669</Y>
      <Z>60.9171143</Z>
    </Rotation>
    <Handle>104962</Handle>
    <Bounds>
      <Vector3>
        <X>-2423.02759</X>
        <Y>-232.018051</Y>
        <Z>14.9100943</Z>
      </Vector3>
      <Vector3>
        <X>-2422.03564</X>
        <Y>-230.234451</Y>
        <Z>14.82433</Z>
      </Vector3>
      <Vector3>
        <X>-2427.494</X>
        <Y>-229.527359</Y>
        <Z>15.0469751</Z>
      </Vector3>
      <Vector3>
        <X>-2422.96387</X>
        <Y>-231.9836</Y>
        <Z>16.3641872</Z>
      </Vector3>
      <Vector3>
        <X>-2426.50171</X>
        <Y>-227.743759</Y>
        <Z>14.9612122</Z>
      </Vector3>
      <Vector3>
        <X>-2421.972</X>
        <Y>-230.2</Y>
        <Z>16.2784233</Z>
      </Vector3>
      <Vector3>
        <X>-2427.43018</X>
        <Y>-229.4929</Y>
        <Z>16.5010681</Z>
      </Vector3>
      <Vector3>
        <X>-2426.438</X>
        <Y>-227.7093</Y>
        <Z>16.4153042</Z>
      </Vector3>
    </Bounds>
    <CenterCamPosition>
      <X>0</X>
      <Y>0</Y>
    </CenterCamPosition>
    <ScreenBounds />
    <DistanceToCam>0</DistanceToCam>
    <Speed>9.58048</Speed>
    <AccInput>0</AccInput>
    <RPM>1.35798967</RPM>
    <Gear>0</Gear>
    <SteeringAngle>4.463976E-41</SteeringAngle>
    <WheelSpeed>0</WheelSpeed>
    <CarType>Sports</CarType>
  </MyCar>
  <Peds />
  <Time>277663</Time>
  <LastFrameTime>0.0474003851</LastFrameTime>
  <MyProperty>0</MyProperty>
  <Weather>Foggy</Weather>
  <Steering>124</Steering>
  <Acc>137</Acc>
  <Brake>127</Brake>
  <DayTime>15:16:13</DayTime>
  <Position>
    <X>-2425.34521</X>
    <Y>-229.4803</Y>
    <Z>16.5814781</Z>
  </Position>
  <Rotation>
    <X>1.03463328</X>
    <Y>2.88851857</Y>
    <Z>60.95444</Z>
  </Rotation>
</Screenshot>