<?xml version="1.0" encoding="utf-8"?>
<Screenshot xmlns:xsd="http://www.w3.org/2001/XMLSchema" xmlns:xsi="http://www.w3.org/2001/XMLSchema-instance">
  <Cars />
  <MyCar>
    <Position>
      <X>-2424.8916</X>
      <Y>-229.77478</Y>
      <Z>15.6675739</Z>
    </Position>
    <Rotation>
      <X>1.53411067</X>
      <Y>2.411075</Y>
      <Z>60.92597</Z>
    </Rotation>
    <Handle>104962</Handle>
    <Bounds>
      <Vector3>
        <X>-2423.186</X>
        <Y>-231.928833</Y>
        <Z>14.9150753</Z>
      </Vector3>
      <Vector3>
        <X>-2422.19434</X>
        <Y>-230.1451</Y>
        <Z>14.8291407</Z>
      </Vector3>
      <Vector3>
        <X>-2427.65259</X>
        <Y>-229.438828</Y>
        <Z>15.0519094</Z>
      </Vector3>
      <Vector3>
        <X>-2423.12231</X>
        <Y>-231.894272</Y>
        <Z>16.3691635</Z>
      </Vector3>
      <Vector3>
        <X>-2426.661</X>
        <Y>-227.655075</Y>
        <Z>14.9659739</Z>
      </Vector3>
      <Vector3>
        <X>-2422.13037</X>
        <Y>-230.110519</Y>
        <Z>16.2832279</Z>
      </Vector3>
      <Vector3>
        <X>-2427.58887</X>
        <Y>-229.404251</Y>
        <Z>16.5059967</Z>
      </Vector3>
      <Vector3>
        <X>-2426.59717</X>
        <Y>-227.620514</Y>
        <Z>16.420063</Z>
      </Vector3>
    </Bounds>
    <CenterCamPosition>
      <X>0</X>
      <Y>0</Y>
    </CenterCamPosition>
    <ScreenBounds />
    <DistanceToCam>0</DistanceToCam>
    <Speed>9.581095</Speed>
    <AccInput>0</AccInput>
    <RPM>1.35798967</RPM>
    <Gear>0</Gear>
    <SteeringAngle>4.463976E-41</SteeringAngle>
    <WheelSpeed>0</WheelSpeed>
    <CarType>Sports</CarType>
  </MyCar>
  <Peds />
  <Time>277682</Time>
  <LastFrameTime>0.0190116651</LastFrameTime>
  <MyProperty>0</MyProperty>
  <Weather>Foggy</Weather>
  <Steering>124</Steering>
  <Acc>137</Acc>
  <Brake>127</Brake>
  <DayTime>15:16:13</DayTime>
  <Position>
    <X>-2425.74121</X>
    <Y>-229.258224</Y>
    <Z>16.5936985</Z>
  </Position>
  <Rotation>
    <X>1.035967</X>
    <Y>2.90579224</Y>
    <Z>60.96963</Z>
  </Rotation>
</Screenshot>