<?xml version="1.0" encoding="utf-8"?>
<Screenshot xmlns:xsd="http://www.w3.org/2001/XMLSchema" xmlns:xsi="http://www.w3.org/2001/XMLSchema-instance">
  <Cars />
  <MyCar>
    <Position>
      <X>-2424.337</X>
      <Y>-230.085876</Y>
      <Z>15.6504993</Z>
    </Position>
    <Rotation>
      <X>1.533319</X>
      <Y>2.388989</Y>
      <Z>60.9023056</Z>
    </Rotation>
    <Handle>104962</Handle>
    <Bounds>
      <Vector3>
        <X>-2422.632</X>
        <Y>-232.240387</Y>
        <Z>14.89763</Z>
      </Vector3>
      <Vector3>
        <X>-2421.63965</X>
        <Y>-230.457031</Y>
        <Z>14.8124809</Z>
      </Vector3>
      <Vector3>
        <X>-2427.09766</X>
        <Y>-229.748581</Y>
        <Z>15.0343952</Z>
      </Vector3>
      <Vector3>
        <X>-2422.5686</X>
        <Y>-232.206329</Y>
        <Z>16.3517418</Z>
      </Vector3>
      <Vector3>
        <X>-2426.10522</X>
        <Y>-227.96521</Y>
        <Z>14.9492474</Z>
      </Vector3>
      <Vector3>
        <X>-2421.576</X>
        <Y>-230.422958</Y>
        <Z>16.2665939</Z>
      </Vector3>
      <Vector3>
        <X>-2427.03418</X>
        <Y>-229.714508</Y>
        <Z>16.4885063</Z>
      </Vector3>
      <Vector3>
        <X>-2426.0415</X>
        <Y>-227.931152</Y>
        <Z>16.4033585</Z>
      </Vector3>
    </Bounds>
    <CenterCamPosition>
      <X>0</X>
      <Y>0</Y>
    </CenterCamPosition>
    <ScreenBounds />
    <DistanceToCam>0</DistanceToCam>
    <Speed>9.578847</Speed>
    <AccInput>0</AccInput>
    <RPM>1.35798967</RPM>
    <Gear>0</Gear>
    <SteeringAngle>4.463976E-41</SteeringAngle>
    <WheelSpeed>0</WheelSpeed>
    <CarType>Sports</CarType>
  </MyCar>
  <Peds />
  <Time>277615</Time>
  <LastFrameTime>0.01888351</LastFrameTime>
  <MyProperty>0</MyProperty>
  <Weather>Foggy</Weather>
  <Steering>124</Steering>
  <Acc>137</Acc>
  <Brake>127</Brake>
  <DayTime>15:16:13</DayTime>
  <Position>
    <X>-2425.1875</X>
    <Y>-229.568939</Y>
    <Z>16.5766125</Z>
  </Position>
  <Rotation>
    <X>1.03417742</X>
    <Y>2.88313127</Y>
    <Z>60.9538345</Z>
  </Rotation>
</Screenshot>