<?xml version="1.0" encoding="utf-8"?>
<Screenshot xmlns:xsd="http://www.w3.org/2001/XMLSchema" xmlns:xsi="http://www.w3.org/2001/XMLSchema-instance">
  <Cars />
  <MyCar>
    <Position>
      <X>-2425.29541</X>
      <Y>-229.548889</Y>
      <Z>15.6799173</Z>
    </Position>
    <Rotation>
      <X>1.52800775</X>
      <Y>2.42515564</Y>
      <Z>60.95988</Z>
    </Rotation>
    <Handle>104962</Handle>
    <Bounds>
      <Vector3>
        <X>-2423.58862</X>
        <Y>-231.702133</Y>
        <Z>14.927948</Z>
      </Vector3>
      <Vector3>
        <X>-2422.598</X>
        <Y>-229.917816</Y>
        <Z>14.8415108</Z>
      </Vector3>
      <Vector3>
        <X>-2428.05664</X>
        <Y>-229.214737</Y>
        <Z>15.0642357</Z>
      </Vector3>
      <Vector3>
        <X>-2423.52466</X>
        <Y>-231.66713</Y>
        <Z>16.3820229</Z>
      </Vector3>
      <Vector3>
        <X>-2427.066</X>
        <Y>-227.430435</Y>
        <Z>14.9777994</Z>
      </Vector3>
      <Vector3>
        <X>-2422.534</X>
        <Y>-229.882828</Y>
        <Z>16.2955875</Z>
      </Vector3>
      <Vector3>
        <X>-2427.993</X>
        <Y>-229.179749</Y>
        <Z>16.5183125</Z>
      </Vector3>
      <Vector3>
        <X>-2427.0022</X>
        <Y>-227.395432</Y>
        <Z>16.4318752</Z>
      </Vector3>
    </Bounds>
    <CenterCamPosition>
      <X>0</X>
      <Y>0</Y>
    </CenterCamPosition>
    <ScreenBounds />
    <DistanceToCam>0</DistanceToCam>
    <Speed>9.582598</Speed>
    <AccInput>0</AccInput>
    <RPM>1.35798967</RPM>
    <Gear>0</Gear>
    <SteeringAngle>4.463976E-41</SteeringAngle>
    <WheelSpeed>0</WheelSpeed>
    <CarType>Sports</CarType>
  </MyCar>
  <Peds />
  <Time>277730</Time>
  <LastFrameTime>0.0483182631</LastFrameTime>
  <MyProperty>0</MyProperty>
  <Weather>Foggy</Weather>
  <Steering>124</Steering>
  <Acc>137</Acc>
  <Brake>127</Brake>
  <DayTime>15:16:13</DayTime>
  <Position>
    <X>-2425.9</X>
    <Y>-229.169312</Y>
    <Z>16.5985527</Z>
  </Position>
  <Rotation>
    <X>1.03544652</X>
    <Y>2.91060042</Y>
    <Z>60.9785461</Z>
  </Rotation>
</Screenshot>