<?xml version="1.0" encoding="utf-8"?>
<Screenshot xmlns:xsd="http://www.w3.org/2001/XMLSchema" xmlns:xsi="http://www.w3.org/2001/XMLSchema-instance">
  <Cars />
  <MyCar>
    <Position>
      <X>-2425.70825</X>
      <Y>-229.3186</Y>
      <Z>15.6925325</Z>
    </Position>
    <Rotation>
      <X>1.52464616</X>
      <Y>2.437857</Y>
      <Z>61.00622</Z>
    </Rotation>
    <Handle>104962</Handle>
    <Bounds>
      <Vector3>
        <X>-2423.99976</X>
        <Y>-231.470627</Y>
        <Z>14.9409456</Z>
      </Vector3>
      <Vector3>
        <X>-2423.0105</X>
        <Y>-229.685532</Y>
        <Z>14.8540564</Z>
      </Vector3>
      <Vector3>
        <X>-2428.46973</X>
        <Y>-228.986832</Y>
        <Z>15.0769329</Z>
      </Vector3>
      <Vector3>
        <X>-2423.93579</X>
        <Y>-231.435257</Y>
        <Z>16.39501</Z>
      </Vector3>
      <Vector3>
        <X>-2427.48047</X>
        <Y>-227.201736</Y>
        <Z>14.9900436</Z>
      </Vector3>
      <Vector3>
        <X>-2422.94653</X>
        <Y>-229.650162</Y>
        <Z>16.30812</Z>
      </Vector3>
      <Vector3>
        <X>-2428.406</X>
        <Y>-228.951462</Y>
        <Z>16.5309982</Z>
      </Vector3>
      <Vector3>
        <X>-2427.41675</X>
        <Y>-227.166367</Y>
        <Z>16.444109</Z>
      </Vector3>
    </Bounds>
    <CenterCamPosition>
      <X>0</X>
      <Y>0</Y>
    </CenterCamPosition>
    <ScreenBounds />
    <DistanceToCam>0</DistanceToCam>
    <Speed>9.584027</Speed>
    <AccInput>0</AccInput>
    <RPM>1.35798967</RPM>
    <Gear>0</Gear>
    <SteeringAngle>4.463976E-41</SteeringAngle>
    <WheelSpeed>0</WheelSpeed>
    <CarType>Sports</CarType>
  </MyCar>
  <Peds />
  <Time>277780</Time>
  <LastFrameTime>0.049341023</LastFrameTime>
  <MyProperty>0</MyProperty>
  <Weather>Foggy</Weather>
  <Steering>124</Steering>
  <Acc>137</Acc>
  <Brake>127</Brake>
  <DayTime>15:16:13</DayTime>
  <Position>
    <X>-2426.304</X>
    <Y>-228.943771</Y>
    <Z>16.6107616</Z>
  </Position>
  <Rotation>
    <X>1.02934849</X>
    <Y>2.92468333</Y>
    <Z>61.0124</Z>
  </Rotation>
</Screenshot>