<?xml version="1.0" encoding="utf-8"?>
<Screenshot xmlns:xsd="http://www.w3.org/2001/XMLSchema" xmlns:xsi="http://www.w3.org/2001/XMLSchema-instance">
  <Cars />
  <MyCar>
    <Position>
      <X>-2425.87183</X>
      <Y>-229.2275</Y>
      <Z>15.6975594</Z>
    </Position>
    <Rotation>
      <X>1.5241611</X>
      <Y>2.44165277</Y>
      <Z>61.0266151</Z>
    </Rotation>
    <Handle>104962</Handle>
    <Bounds>
      <Vector3>
        <X>-2424.1626</X>
        <Y>-231.378952</Y>
        <Z>14.946063</Z>
      </Vector3>
      <Vector3>
        <X>-2423.17383</X>
        <Y>-229.5935</Y>
        <Z>14.8590393</Z>
      </Vector3>
      <Vector3>
        <X>-2428.63354</X>
        <Y>-228.896744</Y>
        <Z>15.0820074</Z>
      </Vector3>
      <Vector3>
        <X>-2424.09863</X>
        <Y>-231.343475</Y>
        <Z>16.4001255</Z>
      </Vector3>
      <Vector3>
        <X>-2427.645</X>
        <Y>-227.1113</Y>
        <Z>14.9949827</Z>
      </Vector3>
      <Vector3>
        <X>-2423.11</X>
        <Y>-229.558029</Y>
        <Z>16.3131</Z>
      </Vector3>
      <Vector3>
        <X>-2428.56958</X>
        <Y>-228.861267</Y>
        <Z>16.53607</Z>
      </Vector3>
      <Vector3>
        <X>-2427.581</X>
        <Y>-227.075821</Y>
        <Z>16.4490452</Z>
      </Vector3>
    </Bounds>
    <CenterCamPosition>
      <X>0</X>
      <Y>0</Y>
    </CenterCamPosition>
    <ScreenBounds />
    <DistanceToCam>0</DistanceToCam>
    <Speed>9.58457</Speed>
    <AccInput>0</AccInput>
    <RPM>1.35798967</RPM>
    <Gear>0</Gear>
    <SteeringAngle>4.463976E-41</SteeringAngle>
    <WheelSpeed>0</WheelSpeed>
    <CarType>Sports</CarType>
  </MyCar>
  <Peds />
  <Time>277799</Time>
  <LastFrameTime>0.019541353</LastFrameTime>
  <MyProperty>0</MyProperty>
  <Weather>Foggy</Weather>
  <Steering>124</Steering>
  <Acc>137</Acc>
  <Brake>127</Brake>
  <DayTime>15:16:13</DayTime>
  <Position>
    <X>-2426.71729</X>
    <Y>-228.7141</Y>
    <Z>16.6232986</Z>
  </Position>
  <Rotation>
    <X>1.025994</X>
    <Y>2.93738627</Y>
    <Z>61.0587921</Z>
  </Rotation>
</Screenshot>