<?xml version="1.0" encoding="utf-8"?>
<Screenshot xmlns:xsd="http://www.w3.org/2001/XMLSchema" xmlns:xsi="http://www.w3.org/2001/XMLSchema-instance">
  <Cars />
  <MyCar>
    <Position>
      <X>-2426.4353</X>
      <Y>-228.9144</Y>
      <Z>15.7148838</Z>
    </Position>
    <Rotation>
      <X>1.52260244</X>
      <Y>2.45904374</Y>
      <Z>61.104454</Z>
    </Rotation>
    <Handle>104962</Handle>
    <Bounds>
      <Vector3>
        <X>-2424.72314</X>
        <Y>-231.063736</Y>
        <Z>14.9637766</Z>
      </Vector3>
      <Vector3>
        <X>-2423.737</X>
        <Y>-229.276978</Y>
        <Z>14.876133</Z>
      </Vector3>
      <Vector3>
        <X>-2429.19751</X>
        <Y>-228.587585</Y>
        <Z>15.09958</Z>
      </Vector3>
      <Vector3>
        <X>-2424.65918</X>
        <Y>-231.027771</Y>
        <Z>16.41782</Z>
      </Vector3>
      <Vector3>
        <X>-2428.21143</X>
        <Y>-226.800812</Y>
        <Z>15.0119362</Z>
      </Vector3>
      <Vector3>
        <X>-2423.673</X>
        <Y>-229.241</Y>
        <Z>16.3301773</Z>
      </Vector3>
      <Vector3>
        <X>-2429.13354</X>
        <Y>-228.5516</Y>
        <Z>16.5536232</Z>
      </Vector3>
      <Vector3>
        <X>-2428.14722</X>
        <Y>-226.764847</Y>
        <Z>16.46598</Z>
      </Vector3>
    </Bounds>
    <CenterCamPosition>
      <X>0</X>
      <Y>0</Y>
    </CenterCamPosition>
    <ScreenBounds />
    <DistanceToCam>0</DistanceToCam>
    <Speed>9.587538</Speed>
    <AccInput>0</AccInput>
    <RPM>1.35798967</RPM>
    <Gear>0</Gear>
    <SteeringAngle>4.463976E-41</SteeringAngle>
    <WheelSpeed>0</WheelSpeed>
    <CarType>Sports</CarType>
  </MyCar>
  <Peds />
  <Time>277866</Time>
  <LastFrameTime>0.0201542024</LastFrameTime>
  <MyProperty>0</MyProperty>
  <Weather>Foggy</Weather>
  <Steering>124</Steering>
  <Acc>137</Acc>
  <Brake>127</Brake>
  <DayTime>15:16:13</DayTime>
  <Position>
    <X>-2427.27612</X>
    <Y>-228.404831</Y>
    <Z>16.64034</Z>
  </Position>
  <Rotation>
    <X>1.02300179</X>
    <Y>2.95183825</Y>
    <Z>61.1346626</Z>
  </Rotation>
</Screenshot>