<?xml version="1.0" encoding="utf-8"?>
<Screenshot xmlns:xsd="http://www.w3.org/2001/XMLSchema" xmlns:xsi="http://www.w3.org/2001/XMLSchema-instance">
  <Cars />
  <MyCar>
    <Position>
      <X>-2426.26636</X>
      <Y>-229.008224</Y>
      <Z>15.7096462</Z>
    </Position>
    <Rotation>
      <X>1.52164412</X>
      <Y>2.45230842</Y>
      <Z>61.08198</Z>
    </Rotation>
    <Handle>104962</Handle>
    <Bounds>
      <Vector3>
        <X>-2424.555</X>
        <Y>-231.158173</Y>
        <Z>14.9584579</Z>
      </Vector3>
      <Vector3>
        <X>-2423.568</X>
        <Y>-229.37178</Y>
        <Z>14.8710537</Z>
      </Vector3>
      <Vector3>
        <X>-2429.02832</X>
        <Y>-228.680267</Y>
        <Z>15.0941763</Z>
      </Vector3>
      <Vector3>
        <X>-2424.491</X>
        <Y>-231.12236</Y>
        <Z>16.41251</Z>
      </Vector3>
      <Vector3>
        <X>-2428.0415</X>
        <Y>-226.893875</Y>
        <Z>15.006772</Z>
      </Vector3>
      <Vector3>
        <X>-2423.50415</X>
        <Y>-229.335968</Y>
        <Z>16.3251057</Z>
      </Vector3>
      <Vector3>
        <X>-2428.96436</X>
        <Y>-228.644455</Y>
        <Z>16.5482273</Z>
      </Vector3>
      <Vector3>
        <X>-2427.97754</X>
        <Y>-226.858063</Y>
        <Z>16.460825</Z>
      </Vector3>
    </Bounds>
    <CenterCamPosition>
      <X>0</X>
      <Y>0</Y>
    </CenterCamPosition>
    <ScreenBounds />
    <DistanceToCam>0</DistanceToCam>
    <Speed>9.585857</Speed>
    <AccInput>0</AccInput>
    <RPM>1.35798967</RPM>
    <Gear>0</Gear>
    <SteeringAngle>4.463976E-41</SteeringAngle>
    <WheelSpeed>0</WheelSpeed>
    <CarType>Sports</CarType>
  </MyCar>
  <Peds />
  <Time>277846</Time>
  <LastFrameTime>0.0470941179</LastFrameTime>
  <MyProperty>0</MyProperty>
  <Weather>Foggy</Weather>
  <Steering>124</Steering>
  <Acc>137</Acc>
  <Brake>127</Brake>
  <DayTime>15:16:13</DayTime>
  <Position>
    <X>-2426.881</X>
    <Y>-228.623291</Y>
    <Z>16.6283131</Z>
  </Position>
  <Rotation>
    <X>1.02551186</X>
    <Y>2.94118214</Y>
    <Z>61.0792351</Z>
  </Rotation>
</Screenshot>