<?xml version="1.0" encoding="utf-8"?>
<Screenshot xmlns:xsd="http://www.w3.org/2001/XMLSchema" xmlns:xsi="http://www.w3.org/2001/XMLSchema-instance">
  <Cars />
  <MyCar>
    <Position>
      <X>-2427.54883</X>
      <Y>-228.2985</Y>
      <Z>15.7490788</Z>
    </Position>
    <Rotation>
      <X>1.51561868</X>
      <Y>2.47058153</Y>
      <Z>61.27488</Z>
    </Rotation>
    <Handle>104962</Handle>
    <Bounds>
      <Vector3>
        <X>-2425.83032</X>
        <Y>-230.4429</Y>
        <Z>14.9984932</Z>
      </Vector3>
      <Vector3>
        <X>-2424.84937</X>
        <Y>-228.653229</Y>
        <Z>14.9104385</Z>
      </Vector3>
      <Vector3>
        <X>-2430.312</X>
        <Y>-227.980057</Y>
        <Z>15.1336727</Z>
      </Vector3>
      <Vector3>
        <X>-2425.76636</X>
        <Y>-230.406387</Y>
        <Z>16.45253</Z>
      </Vector3>
      <Vector3>
        <X>-2429.331</X>
        <Y>-226.190384</Y>
        <Z>15.0456181</Z>
      </Vector3>
      <Vector3>
        <X>-2424.78564</X>
        <Y>-228.616714</Y>
        <Z>16.3644753</Z>
      </Vector3>
      <Vector3>
        <X>-2430.248</X>
        <Y>-227.943542</Y>
        <Z>16.5877075</Z>
      </Vector3>
      <Vector3>
        <X>-2429.26733</X>
        <Y>-226.15387</Y>
        <Z>16.4996529</Z>
      </Vector3>
    </Bounds>
    <CenterCamPosition>
      <X>0</X>
      <Y>0</Y>
    </CenterCamPosition>
    <ScreenBounds />
    <DistanceToCam>0</DistanceToCam>
    <Speed>9.590837</Speed>
    <AccInput>0</AccInput>
    <RPM>1.35798967</RPM>
    <Gear>0</Gear>
    <SteeringAngle>4.463976E-41</SteeringAngle>
    <WheelSpeed>0</WheelSpeed>
    <CarType>Sports</CarType>
  </MyCar>
  <Peds />
  <Time>277999</Time>
  <LastFrameTime>0.0194920134</LastFrameTime>
  <MyProperty>0</MyProperty>
  <Weather>Foggy</Weather>
  <Steering>124</Steering>
  <Acc>137</Acc>
  <Brake>127</Brake>
  <DayTime>15:16:13</DayTime>
  <Position>
    <X>-2428.39673</X>
    <Y>-227.787949</Y>
    <Z>16.6746082</Z>
  </Position>
  <Rotation>
    <X>1.01597333</X>
    <Y>2.96922183</Y>
    <Z>61.3006973</Z>
  </Rotation>
</Screenshot>