<?xml version="1.0" encoding="utf-8"?>
<Screenshot xmlns:xsd="http://www.w3.org/2001/XMLSchema" xmlns:xsi="http://www.w3.org/2001/XMLSchema-instance">
  <Cars />
  <MyCar>
    <Position>
      <X>-2427.38525</X>
      <Y>-228.388718</Y>
      <Z>15.7440691</Z>
    </Position>
    <Rotation>
      <X>1.5146091</X>
      <Y>2.469688</Y>
      <Z>61.2480659</Z>
    </Rotation>
    <Handle>104962</Handle>
    <Bounds>
      <Vector3>
        <X>-2425.66772</X>
        <Y>-230.53392</Y>
        <Z>14.9935122</Z>
      </Vector3>
      <Vector3>
        <X>-2424.686</X>
        <Y>-228.7447</Y>
        <Z>14.905489</Z>
      </Vector3>
      <Vector3>
        <X>-2430.14819</X>
        <Y>-228.068985</Y>
        <Z>15.1286011</Z>
      </Vector3>
      <Vector3>
        <X>-2425.60376</X>
        <Y>-230.497452</Y>
        <Z>16.4475479</Z>
      </Vector3>
      <Vector3>
        <X>-2429.1665</X>
        <Y>-226.27977</Y>
        <Z>15.0405779</Z>
      </Vector3>
      <Vector3>
        <X>-2424.622</X>
        <Y>-228.708237</Y>
        <Z>16.3595257</Z>
      </Vector3>
      <Vector3>
        <X>-2430.08423</X>
        <Y>-228.032516</Y>
        <Z>16.5826378</Z>
      </Vector3>
      <Vector3>
        <X>-2429.10278</X>
        <Y>-226.2433</Y>
        <Z>16.4946156</Z>
      </Vector3>
    </Bounds>
    <CenterCamPosition>
      <X>0</X>
      <Y>0</Y>
    </CenterCamPosition>
    <ScreenBounds />
    <DistanceToCam>0</DistanceToCam>
    <Speed>9.590376</Speed>
    <AccInput>0</AccInput>
    <RPM>1.35798967</RPM>
    <Gear>0</Gear>
    <SteeringAngle>4.463976E-41</SteeringAngle>
    <WheelSpeed>0</WheelSpeed>
    <CarType>Sports</CarType>
  </MyCar>
  <Peds />
  <Time>277980</Time>
  <LastFrameTime>0.0479095951</LastFrameTime>
  <MyProperty>0</MyProperty>
  <Weather>Foggy</Weather>
  <Steering>124</Steering>
  <Acc>137</Acc>
  <Brake>127</Brake>
  <DayTime>15:16:13</DayTime>
  <Position>
    <X>-2427.994</X>
    <Y>-228.008926</Y>
    <Z>16.6623287</Z>
  </Position>
  <Rotation>
    <X>1.0190562</X>
    <Y>2.96472931</Y>
    <Z>61.23674</Z>
  </Rotation>
</Screenshot>