<?xml version="1.0" encoding="utf-8"?>
<Screenshot xmlns:xsd="http://www.w3.org/2001/XMLSchema" xmlns:xsi="http://www.w3.org/2001/XMLSchema-instance">
  <Cars />
  <MyCar>
    <Position>
      <X>-2426.826</X>
      <Y>-228.697815</Y>
      <Z>15.726882</Z>
    </Position>
    <Rotation>
      <X>1.51783466</X>
      <Y>2.4630537</Y>
      <Z>61.1603737</Z>
    </Rotation>
    <Handle>104962</Handle>
    <Bounds>
      <Vector3>
        <X>-2425.11157</X>
        <Y>-230.845566</Y>
        <Z>14.97606</Z>
      </Vector3>
      <Vector3>
        <X>-2424.1272</X>
        <Y>-229.057846</Y>
        <Z>14.8882732</Z>
      </Vector3>
      <Vector3>
        <X>-2429.58838</X>
        <Y>-228.373764</Y>
        <Z>15.1114368</Z>
      </Vector3>
      <Vector3>
        <X>-2425.04761</X>
        <Y>-230.809372</Y>
        <Z>16.4301014</Z>
      </Vector3>
      <Vector3>
        <X>-2428.604</X>
        <Y>-226.586044</Y>
        <Z>15.0236511</Z>
      </Vector3>
      <Vector3>
        <X>-2424.06323</X>
        <Y>-229.021652</Y>
        <Z>16.3423157</Z>
      </Vector3>
      <Vector3>
        <X>-2429.52441</X>
        <Y>-228.33757</Y>
        <Z>16.56548</Z>
      </Vector3>
      <Vector3>
        <X>-2428.54</X>
        <Y>-226.54985</Y>
        <Z>16.4776936</Z>
      </Vector3>
    </Bounds>
    <CenterCamPosition>
      <X>0</X>
      <Y>0</Y>
    </CenterCamPosition>
    <ScreenBounds />
    <DistanceToCam>0</DistanceToCam>
    <Speed>9.588711</Speed>
    <AccInput>0</AccInput>
    <RPM>1.35798967</RPM>
    <Gear>0</Gear>
    <SteeringAngle>4.463976E-41</SteeringAngle>
    <WheelSpeed>0</WheelSpeed>
    <CarType>Sports</CarType>
  </MyCar>
  <Peds />
  <Time>277913</Time>
  <LastFrameTime>0.0466047674</LastFrameTime>
  <MyProperty>0</MyProperty>
  <Weather>Foggy</Weather>
  <Steering>124</Steering>
  <Acc>137</Acc>
  <Brake>127</Brake>
  <DayTime>15:16:13</DayTime>
  <Position>
    <X>-2427.44531</X>
    <Y>-228.31131</Y>
    <Z>16.6455936</Z>
  </Position>
  <Rotation>
    <X>1.02396739</X>
    <Y>2.95857215</Y>
    <Z>61.1573143</Z>
  </Rotation>
</Screenshot>