<?xml version="1.0" encoding="utf-8"?>
<Screenshot xmlns:xsd="http://www.w3.org/2001/XMLSchema" xmlns:xsi="http://www.w3.org/2001/XMLSchema-instance">
  <Cars />
  <MyCar>
    <Position>
      <X>-2426.98315</X>
      <Y>-228.610733</Y>
      <Z>15.7317238</Z>
    </Position>
    <Rotation>
      <X>1.51769221</X>
      <Y>2.46519756</Y>
      <Z>61.1840324</Z>
    </Rotation>
    <Handle>104962</Handle>
    <Bounds>
      <Vector3>
        <X>-2425.268</X>
        <Y>-230.7578</Y>
        <Z>14.9809475</Z>
      </Vector3>
      <Vector3>
        <X>-2424.28442</X>
        <Y>-228.969666</Y>
        <Z>14.8930845</Z>
      </Vector3>
      <Vector3>
        <X>-2429.74585</X>
        <Y>-228.287842</Y>
        <Z>15.116312</Z>
      </Vector3>
      <Vector3>
        <X>-2425.204</X>
        <Y>-230.721527</Y>
        <Z>16.434988</Z>
      </Vector3>
      <Vector3>
        <X>-2428.76221</X>
        <Y>-226.499725</Y>
        <Z>15.0284491</Z>
      </Vector3>
      <Vector3>
        <X>-2424.22046</X>
        <Y>-228.933411</Y>
        <Z>16.347126</Z>
      </Vector3>
      <Vector3>
        <X>-2429.682</X>
        <Y>-228.251587</Y>
        <Z>16.5703526</Z>
      </Vector3>
      <Vector3>
        <X>-2428.69824</X>
        <Y>-226.463455</Y>
        <Z>16.48249</Z>
      </Vector3>
    </Bounds>
    <CenterCamPosition>
      <X>0</X>
      <Y>0</Y>
    </CenterCamPosition>
    <ScreenBounds />
    <DistanceToCam>0</DistanceToCam>
    <Speed>9.589164</Speed>
    <AccInput>0</AccInput>
    <RPM>1.35798967</RPM>
    <Gear>0</Gear>
    <SteeringAngle>4.463976E-41</SteeringAngle>
    <WheelSpeed>0</WheelSpeed>
    <CarType>Sports</CarType>
  </MyCar>
  <Peds />
  <Time>277932</Time>
  <LastFrameTime>0.0187590774</LastFrameTime>
  <MyProperty>0</MyProperty>
  <Weather>Foggy</Weather>
  <Steering>124</Steering>
  <Acc>137</Acc>
  <Brake>127</Brake>
  <DayTime>15:16:13</DayTime>
  <Position>
    <X>-2427.83643</X>
    <Y>-228.095627</Y>
    <Z>16.6574917</Z>
  </Position>
  <Rotation>
    <X>1.01919687</X>
    <Y>2.96258545</Y>
    <Z>61.2130547</Z>
  </Rotation>
</Screenshot>