<?xml version="1.0" encoding="utf-8"?>
<Screenshot xmlns:xsd="http://www.w3.org/2001/XMLSchema" xmlns:xsi="http://www.w3.org/2001/XMLSchema-instance">
  <Cars />
  <MyCar>
    <Position>
      <X>-2427.94531</X>
      <Y>-228.080368</Y>
      <Z>15.7611217</Z>
    </Position>
    <Rotation>
      <X>1.52129519</X>
      <Y>2.47492051</Y>
      <Z>61.3421173</Z>
    </Rotation>
    <Handle>104962</Handle>
    <Bounds>
      <Vector3>
        <X>-2426.22437</X>
        <Y>-230.222778</Y>
        <Z>15.0103645</Z>
      </Vector3>
      <Vector3>
        <X>-2425.24561</X>
        <Y>-228.431961</Y>
        <Z>14.9221554</Z>
      </Vector3>
      <Vector3>
        <X>-2430.709</X>
        <Y>-227.765167</Y>
        <Z>15.1460495</Z>
      </Vector3>
      <Vector3>
        <X>-2426.1604</X>
        <Y>-230.186172</Y>
        <Z>16.4643917</Z>
      </Vector3>
      <Vector3>
        <X>-2429.73022</X>
        <Y>-225.97435</Y>
        <Z>15.05784</Z>
      </Vector3>
      <Vector3>
        <X>-2425.18164</X>
        <Y>-228.395355</Y>
        <Z>16.3761826</Z>
      </Vector3>
      <Vector3>
        <X>-2430.64478</X>
        <Y>-227.728561</Y>
        <Z>16.6000767</Z>
      </Vector3>
      <Vector3>
        <X>-2429.666</X>
        <Y>-225.937744</Y>
        <Z>16.5118675</Z>
      </Vector3>
    </Bounds>
    <CenterCamPosition>
      <X>0</X>
      <Y>0</Y>
    </CenterCamPosition>
    <ScreenBounds />
    <DistanceToCam>0</DistanceToCam>
    <Speed>9.591988</Speed>
    <AccInput>0</AccInput>
    <RPM>1.35798967</RPM>
    <Gear>0</Gear>
    <SteeringAngle>4.463976E-41</SteeringAngle>
    <WheelSpeed>0</WheelSpeed>
    <CarType>Sports</CarType>
  </MyCar>
  <Peds />
  <Time>278046</Time>
  <LastFrameTime>0.04720986</LastFrameTime>
  <MyProperty>0</MyProperty>
  <Weather>Foggy</Weather>
  <Steering>124</Steering>
  <Acc>137</Acc>
  <Brake>127</Brake>
  <DayTime>15:16:13</DayTime>
  <Position>
    <X>-2428.56055</X>
    <Y>-227.6982</Y>
    <Z>16.6796379</Z>
  </Position>
  <Rotation>
    <X>1.016985</X>
    <Y>2.97011447</Y>
    <Z>61.3275757</Z>
  </Rotation>
</Screenshot>