<?xml version="1.0" encoding="utf-8"?>
<Screenshot xmlns:xsd="http://www.w3.org/2001/XMLSchema" xmlns:xsi="http://www.w3.org/2001/XMLSchema-instance">
  <Cars />
  <MyCar>
    <Position>
      <X>-2428.11572</X>
      <Y>-227.986755</Y>
      <Z>15.7663317</Z>
    </Position>
    <Rotation>
      <X>1.52363658</X>
      <Y>2.47508764</Y>
      <Z>61.3714447</Z>
    </Rotation>
    <Handle>104962</Handle>
    <Bounds>
      <Vector3>
        <X>-2426.3938</X>
        <Y>-230.128281</Y>
        <Z>15.0154743</Z>
      </Vector3>
      <Vector3>
        <X>-2425.416</X>
        <Y>-228.33696</Y>
        <Z>14.9272594</Z>
      </Vector3>
      <Vector3>
        <X>-2430.87939</X>
        <Y>-227.672958</Y>
        <Z>15.1513681</Z>
      </Vector3>
      <Vector3>
        <X>-2426.32959</X>
        <Y>-230.09166</Y>
        <Z>16.4695</Z>
      </Vector3>
      <Vector3>
        <X>-2429.90161</X>
        <Y>-225.881638</Y>
        <Z>15.0631523</Z>
      </Vector3>
      <Vector3>
        <X>-2425.35181</X>
        <Y>-228.300339</Y>
        <Z>16.3812847</Z>
      </Vector3>
      <Vector3>
        <X>-2430.81543</X>
        <Y>-227.636337</Y>
        <Z>16.6053925</Z>
      </Vector3>
      <Vector3>
        <X>-2429.83765</X>
        <Y>-225.845016</Y>
        <Z>16.5171776</Z>
      </Vector3>
    </Bounds>
    <CenterCamPosition>
      <X>0</X>
      <Y>0</Y>
    </CenterCamPosition>
    <ScreenBounds />
    <DistanceToCam>0</DistanceToCam>
    <Speed>9.592461</Speed>
    <AccInput>0</AccInput>
    <RPM>1.35798967</RPM>
    <Gear>0</Gear>
    <SteeringAngle>4.463976E-41</SteeringAngle>
    <WheelSpeed>0</WheelSpeed>
    <CarType>Sports</CarType>
  </MyCar>
  <Peds />
  <Time>278067</Time>
  <LastFrameTime>0.0202842187</LastFrameTime>
  <MyProperty>0</MyProperty>
  <Weather>Foggy</Weather>
  <Steering>124</Steering>
  <Acc>137</Acc>
  <Brake>127</Brake>
  <DayTime>15:16:13</DayTime>
  <Position>
    <X>-2428.95776</X>
    <Y>-227.481232</Y>
    <Z>16.6917934</Z>
  </Position>
  <Rotation>
    <X>1.022673</X>
    <Y>2.97444749</Y>
    <Z>61.3951874</Z>
  </Rotation>
</Screenshot>