<?xml version="1.0" encoding="utf-8"?>
<Screenshot xmlns:xsd="http://www.w3.org/2001/XMLSchema" xmlns:xsi="http://www.w3.org/2001/XMLSchema-instance">
  <Cars />
  <MyCar>
    <Position>
      <X>-2428.92432</X>
      <Y>-227.544266</Y>
      <Z>15.7910156</Z>
    </Position>
    <Rotation>
      <X>1.53395641</X>
      <Y>2.47253346</Y>
      <Z>61.50887</Z>
    </Rotation>
    <Handle>104962</Handle>
    <Bounds>
      <Vector3>
        <X>-2427.19727</X>
        <Y>-229.681564</Y>
        <Z>15.0396547</Z>
      </Vector3>
      <Vector3>
        <X>-2426.22388</X>
        <Y>-227.887909</Y>
        <Z>14.95153</Z>
      </Vector3>
      <Vector3>
        <X>-2431.689</X>
        <Y>-227.237</Y>
        <Z>15.1764688</Z>
      </Vector3>
      <Vector3>
        <X>-2427.133</X>
        <Y>-229.644989</Y>
        <Z>16.4936771</Z>
      </Vector3>
      <Vector3>
        <X>-2430.71533</X>
        <Y>-225.443329</Y>
        <Z>15.0883446</Z>
      </Vector3>
      <Vector3>
        <X>-2426.15967</X>
        <Y>-227.851318</Y>
        <Z>16.4055519</Z>
      </Vector3>
      <Vector3>
        <X>-2431.62476</X>
        <Y>-227.200409</Y>
        <Z>16.63049</Z>
      </Vector3>
      <Vector3>
        <X>-2430.65112</X>
        <Y>-225.406738</Y>
        <Z>16.542366</Z>
      </Vector3>
    </Bounds>
    <CenterCamPosition>
      <X>0</X>
      <Y>0</Y>
    </CenterCamPosition>
    <ScreenBounds />
    <DistanceToCam>0</DistanceToCam>
    <Speed>9.594681</Speed>
    <AccInput>0</AccInput>
    <RPM>1.35798967</RPM>
    <Gear>0</Gear>
    <SteeringAngle>4.463976E-41</SteeringAngle>
    <WheelSpeed>0</WheelSpeed>
    <CarType>Sports</CarType>
  </MyCar>
  <Peds />
  <Time>278163</Time>
  <LastFrameTime>0.049151428</LastFrameTime>
  <MyProperty>0</MyProperty>
  <Weather>Foggy</Weather>
  <Steering>126</Steering>
  <Acc>137</Acc>
  <Brake>127</Brake>
  <DayTime>15:16:13</DayTime>
  <Position>
    <X>-2429.524</X>
    <Y>-227.172989</Y>
    <Z>16.70918</Z>
  </Position>
  <Rotation>
    <X>1.02905166</X>
    <Y>2.97479343</Y>
    <Z>61.4940262</Z>
  </Rotation>
</Screenshot>