<?xml version="1.0" encoding="utf-8"?>
<Screenshot xmlns:xsd="http://www.w3.org/2001/XMLSchema" xmlns:xsi="http://www.w3.org/2001/XMLSchema-instance">
  <Cars />
  <MyCar>
    <Position>
      <X>-2429.09717</X>
      <Y>-227.449921</Y>
      <Z>15.7963362</Z>
    </Position>
    <Rotation>
      <X>1.534154</X>
      <Y>2.4710083</Y>
      <Z>61.5378227</Z>
    </Rotation>
    <Handle>104962</Handle>
    <Bounds>
      <Vector3>
        <X>-2427.36914</X>
        <Y>-229.586334</Y>
        <Z>15.0449381</Z>
      </Vector3>
      <Vector3>
        <X>-2426.39648</X>
        <Y>-227.792175</Y>
        <Z>14.9568682</Z>
      </Vector3>
      <Vector3>
        <X>-2431.86182</X>
        <Y>-227.144028</Y>
        <Z>15.18177</Z>
      </Vector3>
      <Vector3>
        <X>-2427.305</X>
        <Y>-229.549744</Y>
        <Z>16.49896</Z>
      </Vector3>
      <Vector3>
        <X>-2430.8894</X>
        <Y>-225.349884</Y>
        <Z>15.0937</Z>
      </Vector3>
      <Vector3>
        <X>-2426.33228</X>
        <Y>-227.7556</Y>
        <Z>16.41089</Z>
      </Vector3>
      <Vector3>
        <X>-2431.79785</X>
        <Y>-227.107452</Y>
        <Z>16.6357918</Z>
      </Vector3>
      <Vector3>
        <X>-2430.8252</X>
        <Y>-225.3133</Y>
        <Z>16.5477219</Z>
      </Vector3>
    </Bounds>
    <CenterCamPosition>
      <X>0</X>
      <Y>0</Y>
    </CenterCamPosition>
    <ScreenBounds />
    <DistanceToCam>0</DistanceToCam>
    <Speed>9.596483</Speed>
    <AccInput>0</AccInput>
    <RPM>1.35798967</RPM>
    <Gear>0</Gear>
    <SteeringAngle>4.463976E-41</SteeringAngle>
    <WheelSpeed>0</WheelSpeed>
    <CarType>Sports</CarType>
  </MyCar>
  <Peds />
  <Time>278183</Time>
  <LastFrameTime>0.0205073263</LastFrameTime>
  <MyProperty>0</MyProperty>
  <Weather>Foggy</Weather>
  <Steering>126</Steering>
  <Acc>137</Acc>
  <Brake>127</Brake>
  <DayTime>15:16:13</DayTime>
  <Position>
    <X>-2429.93823</X>
    <Y>-226.948212</Y>
    <Z>16.7219486</Z>
  </Position>
  <Rotation>
    <X>1.03534877</X>
    <Y>2.97204876</Y>
    <Z>61.5625458</Z>
  </Rotation>
</Screenshot>