<?xml version="1.0" encoding="utf-8"?>
<Screenshot xmlns:xsd="http://www.w3.org/2001/XMLSchema" xmlns:xsi="http://www.w3.org/2001/XMLSchema-instance">
  <Cars />
  <MyCar>
    <Position>
      <X>-2428.51074</X>
      <Y>-227.77034</Y>
      <Z>15.7783775</Z>
    </Position>
    <Rotation>
      <X>1.5276649</X>
      <Y>2.47527218</Y>
      <Z>61.4406166</Z>
    </Rotation>
    <Handle>104962</Handle>
    <Bounds>
      <Vector3>
        <X>-2426.78613</X>
        <Y>-229.90976</Y>
        <Z>15.0273457</Z>
      </Vector3>
      <Vector3>
        <X>-2425.81055</X>
        <Y>-228.117264</Y>
        <Z>14.9391241</Z>
      </Vector3>
      <Vector3>
        <X>-2431.275</X>
        <Y>-227.459854</Y>
        <Z>15.1635981</Z>
      </Vector3>
      <Vector3>
        <X>-2426.72217</X>
        <Y>-229.873108</Y>
        <Z>16.481369</Z>
      </Vector3>
      <Vector3>
        <X>-2430.29932</X>
        <Y>-225.667358</Y>
        <Z>15.0753765</Z>
      </Vector3>
      <Vector3>
        <X>-2425.74634</X>
        <Y>-228.080612</Y>
        <Z>16.3931465</Z>
      </Vector3>
      <Vector3>
        <X>-2431.21069</X>
        <Y>-227.4232</Y>
        <Z>16.61762</Z>
      </Vector3>
      <Vector3>
        <X>-2430.235</X>
        <Y>-225.6307</Y>
        <Z>16.5294</Z>
      </Vector3>
    </Bounds>
    <CenterCamPosition>
      <X>0</X>
      <Y>0</Y>
    </CenterCamPosition>
    <ScreenBounds />
    <DistanceToCam>0</DistanceToCam>
    <Speed>9.593536</Speed>
    <AccInput>0</AccInput>
    <RPM>1.35798967</RPM>
    <Gear>0</Gear>
    <SteeringAngle>4.463976E-41</SteeringAngle>
    <WheelSpeed>0</WheelSpeed>
    <CarType>Sports</CarType>
  </MyCar>
  <Peds />
  <Time>278114</Time>
  <LastFrameTime>0.0469796136</LastFrameTime>
  <MyProperty>0</MyProperty>
  <Weather>Foggy</Weather>
  <Steering>124</Steering>
  <Acc>137</Acc>
  <Brake>127</Brake>
  <DayTime>15:16:13</DayTime>
  <Position>
    <X>-2429.12842</X>
    <Y>-227.388153</Y>
    <Z>16.697052</Z>
  </Position>
  <Rotation>
    <X>1.0250181</X>
    <Y>2.97461224</Y>
    <Z>61.42464</Z>
  </Rotation>
</Screenshot>