<?xml version="1.0" encoding="utf-8"?>
<Screenshot xmlns:xsd="http://www.w3.org/2001/XMLSchema" xmlns:xsi="http://www.w3.org/2001/XMLSchema-instance">
  <Cars />
  <MyCar>
    <Position>
      <X>-2429.49219</X>
      <Y>-227.234329</Y>
      <Z>15.8084393</Z>
    </Position>
    <Rotation>
      <X>1.54151344</X>
      <Y>2.45792627</Y>
      <Z>61.58969</Z>
    </Rotation>
    <Handle>104962</Handle>
    <Bounds>
      <Vector3>
        <X>-2427.76221</X>
        <Y>-229.368988</Y>
        <Z>15.0564747</Z>
      </Vector3>
      <Vector3>
        <X>-2426.79126</X>
        <Y>-227.573944</Y>
        <Z>14.9688711</Z>
      </Vector3>
      <Vector3>
        <X>-2432.25732</X>
        <Y>-226.930771</Y>
        <Z>15.193964</Z>
      </Vector3>
      <Vector3>
        <X>-2427.698</X>
        <Y>-229.332733</Y>
        <Z>16.5105076</Z>
      </Vector3>
      <Vector3>
        <X>-2431.28613</X>
        <Y>-225.135712</Y>
        <Z>15.10636</Z>
      </Vector3>
      <Vector3>
        <X>-2426.727</X>
        <Y>-227.537674</Y>
        <Z>16.4229031</Z>
      </Vector3>
      <Vector3>
        <X>-2432.193</X>
        <Y>-226.8945</Y>
        <Z>16.6479969</Z>
      </Vector3>
      <Vector3>
        <X>-2431.22217</X>
        <Y>-225.099457</Y>
        <Z>16.5603924</Z>
      </Vector3>
    </Bounds>
    <CenterCamPosition>
      <X>0</X>
      <Y>0</Y>
    </CenterCamPosition>
    <ScreenBounds />
    <DistanceToCam>0</DistanceToCam>
    <Speed>9.601133</Speed>
    <AccInput>0</AccInput>
    <RPM>1.35798967</RPM>
    <Gear>0</Gear>
    <SteeringAngle>4.463976E-41</SteeringAngle>
    <WheelSpeed>0</WheelSpeed>
    <CarType>Sports</CarType>
  </MyCar>
  <Peds />
  <Time>278230</Time>
  <LastFrameTime>0.0468871444</LastFrameTime>
  <MyProperty>0</MyProperty>
  <Weather>Foggy</Weather>
  <Steering>127</Steering>
  <Acc>137</Acc>
  <Brake>127</Brake>
  <DayTime>15:16:13</DayTime>
  <Position>
    <X>-2430.11133</X>
    <Y>-226.8544</Y>
    <Z>16.7272739</Z>
  </Position>
  <Rotation>
    <X>1.03554547</X>
    <Y>2.97052336</Y>
    <Z>61.5914955</Z>
  </Rotation>
</Screenshot>