<?xml version="1.0" encoding="utf-8"?>
<Screenshot xmlns:xsd="http://www.w3.org/2001/XMLSchema" xmlns:xsi="http://www.w3.org/2001/XMLSchema-instance">
  <Cars />
  <MyCar>
    <Position>
      <X>-2430.05078</X>
      <Y>-226.929535</Y>
      <Z>15.8255358</Z>
    </Position>
    <Rotation>
      <X>1.54469442</X>
      <Y>2.452032</Y>
      <Z>61.6363754</Z>
    </Rotation>
    <Handle>104962</Handle>
    <Bounds>
      <Vector3>
        <X>-2428.319</X>
        <Y>-229.0627</Y>
        <Z>15.0733223</Z>
      </Vector3>
      <Vector3>
        <X>-2427.34961</X>
        <Y>-227.266846</Y>
        <Z>14.9859285</Z>
      </Vector3>
      <Vector3>
        <X>-2432.81616</X>
        <Y>-226.628143</Y>
        <Z>15.2110958</Z>
      </Vector3>
      <Vector3>
        <X>-2428.255</X>
        <Y>-229.02655</Y>
        <Z>16.5273571</Z>
      </Vector3>
      <Vector3>
        <X>-2431.84644</X>
        <Y>-224.832291</Y>
        <Z>15.123702</Z>
      </Vector3>
      <Vector3>
        <X>-2427.2854</X>
        <Y>-227.230713</Y>
        <Z>16.4399643</Z>
      </Vector3>
      <Vector3>
        <X>-2432.752</X>
        <Y>-226.592</Y>
        <Z>16.6651325</Z>
      </Vector3>
      <Vector3>
        <X>-2431.78247</X>
        <Y>-224.796158</Y>
        <Z>16.5777378</Z>
      </Vector3>
    </Bounds>
    <CenterCamPosition>
      <X>0</X>
      <Y>0</Y>
    </CenterCamPosition>
    <ScreenBounds />
    <DistanceToCam>0</DistanceToCam>
    <Speed>9.606462</Speed>
    <AccInput>0</AccInput>
    <RPM>1.35798967</RPM>
    <Gear>0</Gear>
    <SteeringAngle>4.463976E-41</SteeringAngle>
    <WheelSpeed>0</WheelSpeed>
    <CarType>Sports</CarType>
  </MyCar>
  <Peds />
  <Time>278296</Time>
  <LastFrameTime>0.0317489952</LastFrameTime>
  <MyProperty>0</MyProperty>
  <Weather>Foggy</Weather>
  <Steering>127</Steering>
  <Acc>137</Acc>
  <Brake>127</Brake>
  <DayTime>15:16:13</DayTime>
  <Position>
    <X>-2430.79834</X>
    <Y>-226.481735</Y>
    <Z>16.7484741</Z>
  </Position>
  <Rotation>
    <X>1.04439259</X>
    <Y>2.95467353</Y>
    <Z>61.672</Z>
  </Rotation>
</Screenshot>