<?xml version="1.0" encoding="utf-8"?>
<Screenshot xmlns:xsd="http://www.w3.org/2001/XMLSchema" xmlns:xsi="http://www.w3.org/2001/XMLSchema-instance">
  <Cars />
  <MyCar>
    <Position>
      <X>-2429.7832</X>
      <Y>-227.075546</Y>
      <Z>15.8173437</Z>
    </Position>
    <Rotation>
      <X>1.543004</X>
      <Y>2.45516324</Y>
      <Z>61.61816</Z>
    </Rotation>
    <Handle>104962</Handle>
    <Bounds>
      <Vector3>
        <X>-2428.05225</X>
        <Y>-229.2093</Y>
        <Z>15.0652628</Z>
      </Vector3>
      <Vector3>
        <X>-2427.082</X>
        <Y>-227.413773</Y>
        <Z>14.9777575</Z>
      </Vector3>
      <Vector3>
        <X>-2432.54834</X>
        <Y>-226.773315</Y>
        <Z>15.2028856</Z>
      </Vector3>
      <Vector3>
        <X>-2427.988</X>
        <Y>-229.1731</Y>
        <Z>16.5192966</Z>
      </Vector3>
      <Vector3>
        <X>-2431.57837</X>
        <Y>-224.977783</Y>
        <Z>15.11538</Z>
      </Vector3>
      <Vector3>
        <X>-2427.01782</X>
        <Y>-227.377548</Y>
        <Z>16.4317913</Z>
      </Vector3>
      <Vector3>
        <X>-2432.48438</X>
        <Y>-226.7371</Y>
        <Z>16.65692</Z>
      </Vector3>
      <Vector3>
        <X>-2431.51416</X>
        <Y>-224.941574</Y>
        <Z>16.5694141</Z>
      </Vector3>
    </Bounds>
    <CenterCamPosition>
      <X>0</X>
      <Y>0</Y>
    </CenterCamPosition>
    <ScreenBounds />
    <DistanceToCam>0</DistanceToCam>
    <Speed>9.604106</Speed>
    <AccInput>0</AccInput>
    <RPM>1.35798967</RPM>
    <Gear>0</Gear>
    <SteeringAngle>4.463976E-41</SteeringAngle>
    <WheelSpeed>0</WheelSpeed>
    <CarType>Sports</CarType>
  </MyCar>
  <Peds />
  <Time>278265</Time>
  <LastFrameTime>0.03453304</LastFrameTime>
  <MyProperty>0</MyProperty>
  <Weather>Foggy</Weather>
  <Steering>127</Steering>
  <Acc>137</Acc>
  <Brake>127</Brake>
  <DayTime>15:16:13</DayTime>
  <Position>
    <X>-2430.507</X>
    <Y>-226.639969</Y>
    <Z>16.7395382</Z>
  </Position>
  <Rotation>
    <X>1.042903</X>
    <Y>2.95743728</Y>
    <Z>61.6435051</Z>
  </Rotation>
</Screenshot>