<?xml version="1.0" encoding="utf-8"?>
<Screenshot xmlns:xsd="http://www.w3.org/2001/XMLSchema" xmlns:xsi="http://www.w3.org/2001/XMLSchema-instance">
  <Cars />
  <MyCar>
    <Position>
      <X>-2430.89551</X>
      <Y>-226.4688</Y>
      <Z>15.8521709</Z>
    </Position>
    <Rotation>
      <X>1.5940069</X>
      <Y>2.45639229</Y>
      <Z>61.6585464</Z>
    </Rotation>
    <Handle>104962</Handle>
    <Bounds>
      <Vector3>
        <X>-2429.16357</X>
        <Y>-228.6011</Y>
        <Z>15.0978565</Z>
      </Vector3>
      <Vector3>
        <X>-2428.19482</X>
        <Y>-226.804886</Y>
        <Z>15.0103073</Z>
      </Vector3>
      <Vector3>
        <X>-2433.66138</X>
        <Y>-226.168167</Y>
        <Z>15.2400265</Z>
      </Vector3>
      <Vector3>
        <X>-2429.09839</X>
        <Y>-228.56543</Y>
        <Z>16.5518532</Z>
      </Vector3>
      <Vector3>
        <X>-2432.69263</X>
        <Y>-224.371948</Y>
        <Z>15.1524773</Z>
      </Vector3>
      <Vector3>
        <X>-2428.12939</X>
        <Y>-226.769211</Y>
        <Z>16.464304</Z>
      </Vector3>
      <Vector3>
        <X>-2433.59619</X>
        <Y>-226.132492</Y>
        <Z>16.694025</Z>
      </Vector3>
      <Vector3>
        <X>-2432.6272</X>
        <Y>-224.336273</Y>
        <Z>16.6064758</Z>
      </Vector3>
    </Bounds>
    <CenterCamPosition>
      <X>0</X>
      <Y>0</Y>
    </CenterCamPosition>
    <ScreenBounds />
    <DistanceToCam>0</DistanceToCam>
    <Speed>9.612364</Speed>
    <AccInput>0</AccInput>
    <RPM>1.35798967</RPM>
    <Gear>0</Gear>
    <SteeringAngle>4.463976E-41</SteeringAngle>
    <WheelSpeed>0</WheelSpeed>
    <CarType>Sports</CarType>
  </MyCar>
  <Peds />
  <Time>278397</Time>
  <LastFrameTime>0.04515503</LastFrameTime>
  <MyProperty>0</MyProperty>
  <Weather>Foggy</Weather>
  <Steering>127</Steering>
  <Acc>137</Acc>
  <Brake>127</Brake>
  <DayTime>15:16:13</DayTime>
  <Position>
    <X>-2431.52979</X>
    <Y>-226.083633</Y>
    <Z>16.7717648</Z>
  </Position>
  <Rotation>
    <X>1.06947613</X>
    <Y>2.95275617</Y>
    <Z>61.708992</Z>
  </Rotation>
</Screenshot>