<?xml version="1.0" encoding="utf-8"?>
<Screenshot xmlns:xsd="http://www.w3.org/2001/XMLSchema" xmlns:xsi="http://www.w3.org/2001/XMLSchema-instance">
  <Cars />
  <MyCar>
    <Position>
      <X>-2430.33252</X>
      <Y>-226.775848</Y>
      <Z>15.8343658</Z>
    </Position>
    <Rotation>
      <X>1.55813861</X>
      <Y>2.45267</Y>
      <Z>61.6484833</Z>
    </Rotation>
    <Handle>104962</Handle>
    <Bounds>
      <Vector3>
        <X>-2428.60059</X>
        <Y>-228.908585</Y>
        <Z>15.08157</Z>
      </Vector3>
      <Vector3>
        <X>-2427.63135</X>
        <Y>-227.112534</Y>
        <Z>14.994153</Z>
      </Vector3>
      <Vector3>
        <X>-2433.098</X>
        <Y>-226.47496</Y>
        <Z>15.220542</Z>
      </Vector3>
      <Vector3>
        <X>-2428.53613</X>
        <Y>-228.872574</Y>
        <Z>16.5355968</Z>
      </Vector3>
      <Vector3>
        <X>-2432.129</X>
        <Y>-224.6789</Y>
        <Z>15.1331253</Z>
      </Vector3>
      <Vector3>
        <X>-2427.567</X>
        <Y>-227.076523</Y>
        <Z>16.44818</Z>
      </Vector3>
      <Vector3>
        <X>-2433.03369</X>
        <Y>-226.43895</Y>
        <Z>16.6745682</Z>
      </Vector3>
      <Vector3>
        <X>-2432.06445</X>
        <Y>-224.642883</Y>
        <Z>16.5871525</Z>
      </Vector3>
    </Bounds>
    <CenterCamPosition>
      <X>0</X>
      <Y>0</Y>
    </CenterCamPosition>
    <ScreenBounds />
    <DistanceToCam>0</DistanceToCam>
    <Speed>9.608726</Speed>
    <AccInput>0</AccInput>
    <RPM>1.35798967</RPM>
    <Gear>0</Gear>
    <SteeringAngle>4.463976E-41</SteeringAngle>
    <WheelSpeed>0</WheelSpeed>
    <CarType>Sports</CarType>
  </MyCar>
  <Peds />
  <Time>278330</Time>
  <LastFrameTime>0.0334084965</LastFrameTime>
  <MyProperty>0</MyProperty>
  <Weather>Foggy</Weather>
  <Steering>127</Steering>
  <Acc>137</Acc>
  <Brake>127</Brake>
  <DayTime>15:16:13</DayTime>
  <Position>
    <X>-2431.06616</X>
    <Y>-226.3361</Y>
    <Z>16.7567043</Z>
  </Position>
  <Rotation>
    <X>1.04608226</X>
    <Y>2.95154071</Y>
    <Z>61.69024</Z>
  </Rotation>
</Screenshot>