<?xml version="1.0" encoding="utf-8"?>
<Screenshot xmlns:xsd="http://www.w3.org/2001/XMLSchema" xmlns:xsi="http://www.w3.org/2001/XMLSchema-instance">
  <Cars />
  <MyCar>
    <Position>
      <X>-2430.51465</X>
      <Y>-226.6766</Y>
      <Z>15.8401194</Z>
    </Position>
    <Rotation>
      <X>1.56805623</X>
      <Y>2.45326972</Y>
      <Z>61.6538963</Z>
    </Rotation>
    <Handle>104962</Handle>
    <Bounds>
      <Vector3>
        <X>-2428.78247</X>
        <Y>-228.809143</Y>
        <Z>15.086895</Z>
      </Vector3>
      <Vector3>
        <X>-2427.81348</X>
        <Y>-227.013</Y>
        <Z>14.9994574</Z>
      </Vector3>
      <Vector3>
        <X>-2433.28027</X>
        <Y>-226.375916</Y>
        <Z>15.2267523</Z>
      </Vector3>
      <Vector3>
        <X>-2428.718</X>
        <Y>-228.773239</Y>
        <Z>16.5409126</Z>
      </Vector3>
      <Vector3>
        <X>-2432.31128</X>
        <Y>-224.579758</Y>
        <Z>15.1393137</Z>
      </Vector3>
      <Vector3>
        <X>-2427.749</X>
        <Y>-226.977081</Y>
        <Z>16.453476</Z>
      </Vector3>
      <Vector3>
        <X>-2433.21558</X>
        <Y>-226.34</Y>
        <Z>16.68077</Z>
      </Vector3>
      <Vector3>
        <X>-2432.24658</X>
        <Y>-224.543854</Y>
        <Z>16.5933323</Z>
      </Vector3>
    </Bounds>
    <CenterCamPosition>
      <X>0</X>
      <Y>0</Y>
    </CenterCamPosition>
    <ScreenBounds />
    <DistanceToCam>0</DistanceToCam>
    <Speed>9.610007</Speed>
    <AccInput>0</AccInput>
    <RPM>1.35798967</RPM>
    <Gear>0</Gear>
    <SteeringAngle>4.463976E-41</SteeringAngle>
    <WheelSpeed>0</WheelSpeed>
    <CarType>Sports</CarType>
  </MyCar>
  <Peds />
  <Time>278351</Time>
  <LastFrameTime>0.0215735286</LastFrameTime>
  <MyProperty>0</MyProperty>
  <Weather>Foggy</Weather>
  <Steering>127</Steering>
  <Acc>137</Acc>
  <Brake>127</Brake>
  <DayTime>15:16:13</DayTime>
  <Position>
    <X>-2431.34766</X>
    <Y>-226.182709</Y>
    <Z>16.7658081</Z>
  </Position>
  <Rotation>
    <X>1.05954432</X>
    <Y>2.952166</Y>
    <Z>61.7030525</Z>
  </Rotation>
</Screenshot>