<?xml version="1.0" encoding="utf-8"?>
<Screenshot xmlns:xsd="http://www.w3.org/2001/XMLSchema" xmlns:xsi="http://www.w3.org/2001/XMLSchema-instance">
  <Cars />
  <MyCar>
    <Position>
      <X>-2431.05518</X>
      <Y>-226.381775</Y>
      <Z>15.8572273</Z>
    </Position>
    <Rotation>
      <X>1.60134089</X>
      <Y>2.45673585</Y>
      <Z>61.6588478</Z>
    </Rotation>
    <Handle>104962</Handle>
    <Bounds>
      <Vector3>
        <X>-2429.32349</X>
        <Y>-228.514038</Y>
        <Z>15.1025944</Z>
      </Vector3>
      <Vector3>
        <X>-2428.35449</X>
        <Y>-226.717819</Y>
        <Z>15.0150328</Z>
      </Vector3>
      <Vector3>
        <X>-2433.821</X>
        <Y>-226.081116</Y>
        <Z>15.2454185</Z>
      </Vector3>
      <Vector3>
        <X>-2429.258</X>
        <Y>-228.478439</Y>
        <Z>16.5565872</Z>
      </Vector3>
      <Vector3>
        <X>-2432.85229</X>
        <Y>-224.284882</Y>
        <Z>15.1578579</Z>
      </Vector3>
      <Vector3>
        <X>-2428.289</X>
        <Y>-226.68222</Y>
        <Z>16.4690247</Z>
      </Vector3>
      <Vector3>
        <X>-2433.75562</X>
        <Y>-226.045517</Y>
        <Z>16.6994114</Z>
      </Vector3>
      <Vector3>
        <X>-2432.78687</X>
        <Y>-224.2493</Y>
        <Z>16.6118488</Z>
      </Vector3>
    </Bounds>
    <CenterCamPosition>
      <X>0</X>
      <Y>0</Y>
    </CenterCamPosition>
    <ScreenBounds />
    <DistanceToCam>0</DistanceToCam>
    <Speed>9.613243</Speed>
    <AccInput>0</AccInput>
    <RPM>1.35798967</RPM>
    <Gear>0</Gear>
    <SteeringAngle>4.463976E-41</SteeringAngle>
    <WheelSpeed>0</WheelSpeed>
    <CarType>Sports</CarType>
  </MyCar>
  <Peds />
  <Time>278415</Time>
  <LastFrameTime>0.01890523</LastFrameTime>
  <MyProperty>0</MyProperty>
  <Weather>Foggy</Weather>
  <Steering>127</Steering>
  <Acc>137</Acc>
  <Brake>127</Brake>
  <DayTime>15:16:13</DayTime>
  <Position>
    <X>-2431.91016</X>
    <Y>-225.876038</Y>
    <Z>16.7843456</Z>
  </Position>
  <Rotation>
    <X>1.09546447</X>
    <Y>2.95585251</Y>
    <Z>61.7150459</Z>
  </Rotation>
</Screenshot>