<?xml version="1.0" encoding="utf-8"?>
<Screenshot xmlns:xsd="http://www.w3.org/2001/XMLSchema" xmlns:xsi="http://www.w3.org/2001/XMLSchema-instance">
  <Cars />
  <MyCar>
    <Position>
      <X>-2431.61377</X>
      <Y>-226.076874</Y>
      <Z>15.8749275</Z>
    </Position>
    <Rotation>
      <X>1.635177</X>
      <Y>2.463001</Y>
      <Z>61.657486</Z>
    </Rotation>
    <Handle>104962</Handle>
    <Bounds>
      <Vector3>
        <X>-2429.88257</X>
        <Y>-228.209076</Y>
        <Z>15.1189137</Z>
      </Vector3>
      <Vector3>
        <X>-2428.91357</X>
        <Y>-226.412888</Y>
        <Z>15.0311289</Z>
      </Vector3>
      <Vector3>
        <X>-2434.38013</X>
        <Y>-225.77597</Y>
        <Z>15.2647543</Z>
      </Vector3>
      <Vector3>
        <X>-2429.81616</X>
        <Y>-228.173767</Y>
        <Z>16.5728741</Z>
      </Vector3>
      <Vector3>
        <X>-2433.41113</X>
        <Y>-223.979767</Y>
        <Z>15.17697</Z>
      </Vector3>
      <Vector3>
        <X>-2428.84741</X>
        <Y>-226.377563</Y>
        <Z>16.48509</Z>
      </Vector3>
      <Vector3>
        <X>-2434.31372</X>
        <Y>-225.740646</Y>
        <Z>16.7187157</Z>
      </Vector3>
      <Vector3>
        <X>-2433.345</X>
        <Y>-223.944443</Y>
        <Z>16.63093</Z>
      </Vector3>
    </Bounds>
    <CenterCamPosition>
      <X>0</X>
      <Y>0</Y>
    </CenterCamPosition>
    <ScreenBounds />
    <DistanceToCam>0</DistanceToCam>
    <Speed>9.615964</Speed>
    <AccInput>0</AccInput>
    <RPM>1.35798967</RPM>
    <Gear>0</Gear>
    <SteeringAngle>4.463976E-41</SteeringAngle>
    <WheelSpeed>0</WheelSpeed>
    <CarType>Sports</CarType>
  </MyCar>
  <Peds />
  <Time>278482</Time>
  <LastFrameTime>0.0182315614</LastFrameTime>
  <MyProperty>0</MyProperty>
  <Weather>Foggy</Weather>
  <Steering>126</Steering>
  <Acc>137</Acc>
  <Brake>127</Brake>
  <DayTime>15:16:13</DayTime>
  <Position>
    <X>-2432.474</X>
    <Y>-225.568146</Y>
    <Z>16.8028545</Z>
  </Position>
  <Rotation>
    <X>1.12774742</X>
    <Y>2.96322513</Y>
    <Z>61.7162743</Z>
  </Rotation>
</Screenshot>