<?xml version="1.0" encoding="utf-8"?>
<Screenshot xmlns:xsd="http://www.w3.org/2001/XMLSchema" xmlns:xsi="http://www.w3.org/2001/XMLSchema-instance">
  <Cars />
  <MyCar>
    <Position>
      <X>-2431.46</X>
      <Y>-226.1608</Y>
      <Z>15.8700247</Z>
    </Position>
    <Rotation>
      <X>1.62623954</X>
      <Y>2.46379828</Y>
      <Z>61.6579781</Z>
    </Rotation>
    <Handle>104962</Handle>
    <Bounds>
      <Vector3>
        <X>-2429.72852</X>
        <Y>-228.293045</Y>
        <Z>15.1144209</Z>
      </Vector3>
      <Vector3>
        <X>-2428.75977</X>
        <Y>-226.496841</Y>
        <Z>15.0266075</Z>
      </Vector3>
      <Vector3>
        <X>-2434.226</X>
        <Y>-225.859985</Y>
        <Z>15.2594643</Z>
      </Vector3>
      <Vector3>
        <X>-2429.6626</X>
        <Y>-228.2576</Y>
        <Z>16.5683861</Z>
      </Vector3>
      <Vector3>
        <X>-2433.25732</X>
        <Y>-224.063782</Y>
        <Z>15.1716518</Z>
      </Vector3>
      <Vector3>
        <X>-2428.6936</X>
        <Y>-226.4614</Y>
        <Z>16.4805737</Z>
      </Vector3>
      <Vector3>
        <X>-2434.16016</X>
        <Y>-225.824539</Y>
        <Z>16.71343</Z>
      </Vector3>
      <Vector3>
        <X>-2433.19116</X>
        <Y>-224.028336</Y>
        <Z>16.625618</Z>
      </Vector3>
    </Bounds>
    <CenterCamPosition>
      <X>0</X>
      <Y>0</Y>
    </CenterCamPosition>
    <ScreenBounds />
    <DistanceToCam>0</DistanceToCam>
    <Speed>9.615172</Speed>
    <AccInput>0</AccInput>
    <RPM>1.35798967</RPM>
    <Gear>0</Gear>
    <SteeringAngle>4.463976E-41</SteeringAngle>
    <WheelSpeed>0</WheelSpeed>
    <CarType>Sports</CarType>
  </MyCar>
  <Peds />
  <Time>278463</Time>
  <LastFrameTime>0.0480023734</LastFrameTime>
  <MyProperty>0</MyProperty>
  <Weather>Foggy</Weather>
  <Steering>126</Steering>
  <Acc>137</Acc>
  <Brake>127</Brake>
  <DayTime>15:16:13</DayTime>
  <Position>
    <X>-2432.06982</X>
    <Y>-225.789063</Y>
    <Z>16.7895527</Z>
  </Position>
  <Rotation>
    <X>1.10280859</X>
    <Y>2.956189</Y>
    <Z>61.71573</Z>
  </Rotation>
</Screenshot>