<?xml version="1.0" encoding="utf-8"?>
<Screenshot xmlns:xsd="http://www.w3.org/2001/XMLSchema" xmlns:xsi="http://www.w3.org/2001/XMLSchema-instance">
  <Cars />
  <MyCar>
    <Position>
      <X>-2432.58276</X>
      <Y>-225.549057</Y>
      <Z>15.9055443</Z>
    </Position>
    <Rotation>
      <X>1.6869837</X>
      <Y>2.48195338</Y>
      <Z>61.671093</Z>
    </Rotation>
    <Handle>104962</Handle>
    <Bounds>
      <Vector3>
        <X>-2430.85181</X>
        <Y>-227.680817</Y>
        <Z>15.1475887</Z>
      </Vector3>
      <Vector3>
        <X>-2429.8833</X>
        <Y>-225.884415</Y>
        <Z>15.0591288</Z>
      </Vector3>
      <Vector3>
        <X>-2435.34961</X>
        <Y>-225.248611</Y>
        <Z>15.2980471</Z>
      </Vector3>
      <Vector3>
        <X>-2430.78418</X>
        <Y>-227.645691</Y>
        <Z>16.60149</Z>
      </Vector3>
      <Vector3>
        <X>-2434.38135</X>
        <Y>-223.452209</Y>
        <Z>15.2095871</Z>
      </Vector3>
      <Vector3>
        <X>-2429.81567</X>
        <Y>-225.849289</Y>
        <Z>16.513031</Z>
      </Vector3>
      <Vector3>
        <X>-2435.282</X>
        <Y>-225.21347</Y>
        <Z>16.75195</Z>
      </Vector3>
      <Vector3>
        <X>-2434.31372</X>
        <Y>-223.417084</Y>
        <Z>16.6634884</Z>
      </Vector3>
    </Bounds>
    <CenterCamPosition>
      <X>0</X>
      <Y>0</Y>
    </CenterCamPosition>
    <ScreenBounds />
    <DistanceToCam>0</DistanceToCam>
    <Speed>9.619123</Speed>
    <AccInput>0</AccInput>
    <RPM>1.35798967</RPM>
    <Gear>0</Gear>
    <SteeringAngle>4.463976E-41</SteeringAngle>
    <WheelSpeed>0</WheelSpeed>
    <CarType>Sports</CarType>
  </MyCar>
  <Peds />
  <Time>278596</Time>
  <LastFrameTime>0.047975067</LastFrameTime>
  <MyProperty>0</MyProperty>
  <Weather>Foggy</Weather>
  <Steering>126</Steering>
  <Acc>137</Acc>
  <Brake>127</Brake>
  <DayTime>15:16:13</DayTime>
  <Position>
    <X>-2433.19116</X>
    <Y>-225.177185</Y>
    <Z>16.8263359</Z>
  </Position>
  <Rotation>
    <X>1.16595566</X>
    <Y>2.971734</Y>
    <Z>61.7224236</Z>
  </Rotation>
</Screenshot>