<?xml version="1.0" encoding="utf-8"?>
<Screenshot xmlns:xsd="http://www.w3.org/2001/XMLSchema" xmlns:xsi="http://www.w3.org/2001/XMLSchema-instance">
  <Cars />
  <MyCar>
    <Position>
      <X>-2432.17749</X>
      <Y>-225.769623</Y>
      <Z>15.8927307</Z>
    </Position>
    <Rotation>
      <X>1.66438758</X>
      <Y>2.47234869</Y>
      <Z>61.66197</Z>
    </Rotation>
    <Handle>104962</Handle>
    <Bounds>
      <Vector3>
        <X>-2430.44653</X>
        <Y>-227.901657</Y>
        <Z>15.1355972</Z>
      </Vector3>
      <Vector3>
        <X>-2429.47778</X>
        <Y>-226.105408</Y>
        <Z>15.04748</Z>
      </Vector3>
      <Vector3>
        <X>-2434.944</X>
        <Y>-225.468811</Y>
        <Z>15.2840414</Z>
      </Vector3>
      <Vector3>
        <X>-2430.37939</X>
        <Y>-227.866486</Y>
        <Z>16.5895271</Z>
      </Vector3>
      <Vector3>
        <X>-2433.97534</X>
        <Y>-223.672546</Y>
        <Z>15.1959238</Z>
      </Vector3>
      <Vector3>
        <X>-2429.41064</X>
        <Y>-226.070221</Y>
        <Z>16.50141</Z>
      </Vector3>
      <Vector3>
        <X>-2434.8772</X>
        <Y>-225.433624</Y>
        <Z>16.73797</Z>
      </Vector3>
      <Vector3>
        <X>-2433.90845</X>
        <Y>-223.637375</Y>
        <Z>16.6498528</Z>
      </Vector3>
    </Bounds>
    <CenterCamPosition>
      <X>0</X>
      <Y>0</Y>
    </CenterCamPosition>
    <ScreenBounds />
    <DistanceToCam>0</DistanceToCam>
    <Speed>9.617958</Speed>
    <AccInput>0</AccInput>
    <RPM>1.35798967</RPM>
    <Gear>0</Gear>
    <SteeringAngle>4.463976E-41</SteeringAngle>
    <WheelSpeed>0</WheelSpeed>
    <CarType>Sports</CarType>
  </MyCar>
  <Peds />
  <Time>278548</Time>
  <LastFrameTime>0.0183411</LastFrameTime>
  <MyProperty>0</MyProperty>
  <Weather>Foggy</Weather>
  <Steering>126</Steering>
  <Acc>137</Acc>
  <Brake>127</Brake>
  <DayTime>15:16:13</DayTime>
  <Position>
    <X>-2433.03638</X>
    <Y>-225.2615</Y>
    <Z>16.821312</Z>
  </Position>
  <Rotation>
    <X>1.15985024</X>
    <Y>2.96999264</Y>
    <Z>61.72019</Z>
  </Rotation>
</Screenshot>