<?xml version="1.0" encoding="utf-8"?>
<Screenshot xmlns:xsd="http://www.w3.org/2001/XMLSchema" xmlns:xsi="http://www.w3.org/2001/XMLSchema-instance">
  <Cars />
  <MyCar>
    <Position>
      <X>-2432.02271</X>
      <Y>-225.853989</Y>
      <Z>15.8878307</Z>
    </Position>
    <Rotation>
      <X>1.658292</X>
      <Y>2.47060037</Y>
      <Z>61.6600876</Z>
    </Rotation>
    <Handle>104962</Handle>
    <Bounds>
      <Vector3>
        <X>-2430.29175</X>
        <Y>-227.9861</Y>
        <Z>15.1309347</Z>
      </Vector3>
      <Vector3>
        <X>-2429.323</X>
        <Y>-226.189865</Y>
        <Z>15.0428791</Z>
      </Vector3>
      <Vector3>
        <X>-2434.78931</X>
        <Y>-225.553116</Y>
        <Z>15.2788353</Z>
      </Vector3>
      <Vector3>
        <X>-2430.22485</X>
        <Y>-227.950882</Y>
        <Z>16.5848713</Z>
      </Vector3>
      <Vector3>
        <X>-2433.82056</X>
        <Y>-223.756882</Y>
        <Z>15.1907806</Z>
      </Vector3>
      <Vector3>
        <X>-2429.256</X>
        <Y>-226.154648</Y>
        <Z>16.4968147</Z>
      </Vector3>
      <Vector3>
        <X>-2434.72241</X>
        <Y>-225.5179</Y>
        <Z>16.73277</Z>
      </Vector3>
      <Vector3>
        <X>-2433.75366</X>
        <Y>-223.721664</Y>
        <Z>16.6447163</Z>
      </Vector3>
    </Bounds>
    <CenterCamPosition>
      <X>0</X>
      <Y>0</Y>
    </CenterCamPosition>
    <ScreenBounds />
    <DistanceToCam>0</DistanceToCam>
    <Speed>9.617448</Speed>
    <AccInput>0</AccInput>
    <RPM>1.35798967</RPM>
    <Gear>0</Gear>
    <SteeringAngle>4.463976E-41</SteeringAngle>
    <WheelSpeed>0</WheelSpeed>
    <CarType>Sports</CarType>
  </MyCar>
  <Peds />
  <Time>278530</Time>
  <LastFrameTime>0.04844549</LastFrameTime>
  <MyProperty>0</MyProperty>
  <Weather>Foggy</Weather>
  <Steering>126</Steering>
  <Acc>137</Acc>
  <Brake>127</Brake>
  <DayTime>15:16:13</DayTime>
  <Position>
    <X>-2432.628</X>
    <Y>-225.484283</Y>
    <Z>16.8079414</Z>
  </Position>
  <Rotation>
    <X>1.13669634</X>
    <Y>2.962419</Y>
    <Z>61.7162323</Z>
  </Rotation>
</Screenshot>