<?xml version="1.0" encoding="utf-8"?>
<Screenshot xmlns:xsd="http://www.w3.org/2001/XMLSchema" xmlns:xsi="http://www.w3.org/2001/XMLSchema-instance">
  <Cars />
  <MyCar>
    <Position>
      <X>-2432.76978</X>
      <Y>-225.44722</Y>
      <Z>15.9115133</Z>
    </Position>
    <Rotation>
      <X>1.69272971</X>
      <Y>2.48395</Y>
      <Z>61.6763878</Z>
    </Rotation>
    <Handle>104962</Handle>
    <Bounds>
      <Vector3>
        <X>-2431.03857</X>
        <Y>-227.578812</Y>
        <Z>15.15334</Z>
      </Vector3>
      <Vector3>
        <X>-2430.07031</X>
        <Y>-225.782333</Y>
        <Z>15.06481</Z>
      </Vector3>
      <Vector3>
        <X>-2435.53687</X>
        <Y>-225.147</Y>
        <Z>15.3043108</Z>
      </Vector3>
      <Vector3>
        <X>-2430.971</X>
        <Y>-227.5437</Y>
        <Z>16.607235</Z>
      </Vector3>
      <Vector3>
        <X>-2434.5686</X>
        <Y>-223.350525</Y>
        <Z>15.21578</Z>
      </Vector3>
      <Vector3>
        <X>-2430.00269</X>
        <Y>-225.747223</Y>
        <Z>16.5187054</Z>
      </Vector3>
      <Vector3>
        <X>-2435.469</X>
        <Y>-225.1119</Y>
        <Z>16.7582054</Z>
      </Vector3>
      <Vector3>
        <X>-2434.50073</X>
        <Y>-223.315414</Y>
        <Z>16.6696739</Z>
      </Vector3>
    </Bounds>
    <CenterCamPosition>
      <X>0</X>
      <Y>0</Y>
    </CenterCamPosition>
    <ScreenBounds />
    <DistanceToCam>0</DistanceToCam>
    <Speed>9.619546</Speed>
    <AccInput>0</AccInput>
    <RPM>1.35798967</RPM>
    <Gear>0</Gear>
    <SteeringAngle>4.463976E-41</SteeringAngle>
    <WheelSpeed>0</WheelSpeed>
    <CarType>Sports</CarType>
  </MyCar>
  <Peds />
  <Time>278619</Time>
  <LastFrameTime>0.0221578311</LastFrameTime>
  <MyProperty>0</MyProperty>
  <Weather>Foggy</Weather>
  <Steering>126</Steering>
  <Acc>137</Acc>
  <Brake>127</Brake>
  <DayTime>15:16:13</DayTime>
  <Position>
    <X>-2433.596</X>
    <Y>-224.9568</Y>
    <Z>16.8396034</Z>
  </Position>
  <Rotation>
    <X>1.18859255</X>
    <Y>2.98131323</Y>
    <Z>61.732914</Z>
  </Rotation>
</Screenshot>