<?xml version="1.0" encoding="utf-8"?>
<Screenshot xmlns:xsd="http://www.w3.org/2001/XMLSchema" xmlns:xsi="http://www.w3.org/2001/XMLSchema-instance">
  <Cars />
  <MyCar>
    <Position>
      <X>-2433.02124</X>
      <Y>-225.310364</Y>
      <Z>15.9197035</Z>
    </Position>
    <Rotation>
      <X>1.69241011</X>
      <Y>2.492351</Y>
      <Z>61.684864</Z>
    </Rotation>
    <Handle>104962</Handle>
    <Bounds>
      <Vector3>
        <X>-2431.28979</X>
        <Y>-227.4418</Y>
        <Z>15.1616993</Z>
      </Vector3>
      <Vector3>
        <X>-2430.32178</X>
        <Y>-225.645187</Y>
        <Z>15.0728693</Z>
      </Vector3>
      <Vector3>
        <X>-2435.78833</X>
        <Y>-225.010635</Y>
        <Z>15.31264</Z>
      </Vector3>
      <Vector3>
        <X>-2431.222</X>
        <Y>-227.406479</Y>
        <Z>16.6155853</Z>
      </Vector3>
      <Vector3>
        <X>-2434.82031</X>
        <Y>-223.21402</Y>
        <Z>15.22381</Z>
      </Vector3>
      <Vector3>
        <X>-2430.254</X>
        <Y>-225.609863</Y>
        <Z>16.5267544</Z>
      </Vector3>
      <Vector3>
        <X>-2435.72046</X>
        <Y>-224.975327</Y>
        <Z>16.7665253</Z>
      </Vector3>
      <Vector3>
        <X>-2434.75244</X>
        <Y>-223.178711</Y>
        <Z>16.6776962</Z>
      </Vector3>
    </Bounds>
    <CenterCamPosition>
      <X>0</X>
      <Y>0</Y>
    </CenterCamPosition>
    <ScreenBounds />
    <DistanceToCam>0</DistanceToCam>
    <Speed>9.61994</Speed>
    <AccInput>0</AccInput>
    <RPM>1.35798967</RPM>
    <Gear>0</Gear>
    <SteeringAngle>4.463976E-41</SteeringAngle>
    <WheelSpeed>0</WheelSpeed>
    <CarType>Sports</CarType>
  </MyCar>
  <Peds />
  <Time>278648</Time>
  <LastFrameTime>0.0297853965</LastFrameTime>
  <MyProperty>0</MyProperty>
  <Weather>Foggy</Weather>
  <Steering>126</Steering>
  <Acc>137</Acc>
  <Brake>127</Brake>
  <DayTime>15:16:13</DayTime>
  <Position>
    <X>-2433.783</X>
    <Y>-224.855072</Y>
    <Z>16.84569</Z>
  </Position>
  <Rotation>
    <X>1.19434869</X>
    <Y>2.98330259</Y>
    <Z>61.7385559</Z>
  </Rotation>
</Screenshot>