<?xml version="1.0" encoding="utf-8"?>
<Screenshot xmlns:xsd="http://www.w3.org/2001/XMLSchema" xmlns:xsi="http://www.w3.org/2001/XMLSchema-instance">
  <Cars />
  <MyCar>
    <Position>
      <X>-2433.306</X>
      <Y>-225.1556</Y>
      <Z>15.929</Z>
    </Position>
    <Rotation>
      <X>1.69084525</X>
      <Y>2.50481</Y>
      <Z>61.696022</Z>
    </Rotation>
    <Handle>104962</Handle>
    <Bounds>
      <Vector3>
        <X>-2431.57422</X>
        <Y>-227.28685</Y>
        <Z>15.1712952</Z>
      </Vector3>
      <Vector3>
        <X>-2430.60645</X>
        <Y>-225.490067</Y>
        <Z>15.0820208</Z>
      </Vector3>
      <Vector3>
        <X>-2436.073</X>
        <Y>-224.856537</Y>
        <Z>15.322094</Z>
      </Vector3>
      <Vector3>
        <X>-2431.506</X>
        <Y>-227.251221</Y>
        <Z>16.6251678</Z>
      </Vector3>
      <Vector3>
        <X>-2435.10547</X>
        <Y>-223.059753</Y>
        <Z>15.2328205</Z>
      </Vector3>
      <Vector3>
        <X>-2430.53857</X>
        <Y>-225.454437</Y>
        <Z>16.5358944</Z>
      </Vector3>
      <Vector3>
        <X>-2436.00513</X>
        <Y>-224.8209</Y>
        <Z>16.7759666</Z>
      </Vector3>
      <Vector3>
        <X>-2435.0376</X>
        <Y>-223.024124</Y>
        <Z>16.6866932</Z>
      </Vector3>
    </Bounds>
    <CenterCamPosition>
      <X>0</X>
      <Y>0</Y>
    </CenterCamPosition>
    <ScreenBounds />
    <DistanceToCam>0</DistanceToCam>
    <Speed>9.620318</Speed>
    <AccInput>0</AccInput>
    <RPM>1.35798967</RPM>
    <Gear>0</Gear>
    <SteeringAngle>4.463976E-41</SteeringAngle>
    <WheelSpeed>0</WheelSpeed>
    <CarType>Sports</CarType>
  </MyCar>
  <Peds />
  <Time>278682</Time>
  <LastFrameTime>0.0336952172</LastFrameTime>
  <MyProperty>0</MyProperty>
  <Weather>Foggy</Weather>
  <Steering>126</Steering>
  <Acc>137</Acc>
  <Brake>127</Brake>
  <DayTime>15:16:13</DayTime>
  <Position>
    <X>-2434.03442</X>
    <Y>-224.718231</Y>
    <Z>16.8538666</Z>
  </Position>
  <Rotation>
    <X>1.19403744</X>
    <Y>2.99170256</Y>
    <Z>61.74719</Z>
  </Rotation>
</Screenshot>