<?xml version="1.0" encoding="utf-8"?>
<Screenshot xmlns:xsd="http://www.w3.org/2001/XMLSchema" xmlns:xsi="http://www.w3.org/2001/XMLSchema-instance">
  <Cars />
  <MyCar>
    <Position>
      <X>-2433.70581</X>
      <Y>-224.9383</Y>
      <Z>15.9420834</Z>
    </Position>
    <Rotation>
      <X>1.68904769</X>
      <Y>2.523808</Y>
      <Z>61.7140274</Z>
    </Rotation>
    <Handle>104962</Handle>
    <Bounds>
      <Vector3>
        <X>-2431.97363</X>
        <Y>-227.069229</Y>
        <Z>15.1848078</Z>
      </Vector3>
      <Vector3>
        <X>-2431.00659</X>
        <Y>-225.272171</Y>
        <Z>15.0948572</Z>
      </Vector3>
      <Vector3>
        <X>-2436.47314</X>
        <Y>-224.6403</Y>
        <Z>15.3354445</Z>
      </Vector3>
      <Vector3>
        <X>-2431.90527</X>
        <Y>-227.033142</Y>
        <Z>16.6386623</Z>
      </Vector3>
      <Vector3>
        <X>-2435.506</X>
        <Y>-222.843231</Y>
        <Z>15.2454939</Z>
      </Vector3>
      <Vector3>
        <X>-2430.93823</X>
        <Y>-225.236069</Y>
        <Z>16.5487118</Z>
      </Vector3>
      <Vector3>
        <X>-2436.405</X>
        <Y>-224.6042</Y>
        <Z>16.789299</Z>
      </Vector3>
      <Vector3>
        <X>-2435.438</X>
        <Y>-222.807144</Y>
        <Z>16.6993484</Z>
      </Vector3>
    </Bounds>
    <CenterCamPosition>
      <X>0</X>
      <Y>0</Y>
    </CenterCamPosition>
    <ScreenBounds />
    <DistanceToCam>0</DistanceToCam>
    <Speed>9.620732</Speed>
    <AccInput>0</AccInput>
    <RPM>1.35798967</RPM>
    <Gear>0</Gear>
    <SteeringAngle>4.463976E-41</SteeringAngle>
    <WheelSpeed>0</WheelSpeed>
    <CarType>Sports</CarType>
  </MyCar>
  <Peds />
  <Time>278729</Time>
  <LastFrameTime>0.0473283939</LastFrameTime>
  <MyProperty>0</MyProperty>
  <Weather>Foggy</Weather>
  <Steering>126</Steering>
  <Acc>137</Acc>
  <Brake>127</Brake>
  <DayTime>15:16:13</DayTime>
  <Position>
    <X>-2434.31934</X>
    <Y>-224.563477</Y>
    <Z>16.8631229</Z>
  </Position>
  <Rotation>
    <X>1.19248414</X>
    <Y>3.004161</Y>
    <Z>61.75852</Z>
  </Rotation>
</Screenshot>