<?xml version="1.0" encoding="utf-8"?>
<Screenshot xmlns:xsd="http://www.w3.org/2001/XMLSchema" xmlns:xsi="http://www.w3.org/2001/XMLSchema-instance">
  <Cars />
  <MyCar>
    <Position>
      <X>-2434.26978</X>
      <Y>-224.632126</Y>
      <Z>15.96049</Z>
    </Position>
    <Rotation>
      <X>1.68584073</X>
      <Y>2.54557657</Y>
      <Z>61.74177</Z>
    </Rotation>
    <Handle>104962</Handle>
    <Bounds>
      <Vector3>
        <X>-2432.53662</X>
        <Y>-226.7625</Y>
        <Z>15.2037573</Z>
      </Vector3>
      <Vector3>
        <X>-2431.57031</X>
        <Y>-224.965</Y>
        <Z>15.1130314</Z>
      </Vector3>
      <Vector3>
        <X>-2437.03735</X>
        <Y>-224.3357</Y>
        <Z>15.3541059</Z>
      </Vector3>
      <Vector3>
        <X>-2432.46826</X>
        <Y>-226.725845</Y>
        <Z>16.657589</Z>
      </Vector3>
      <Vector3>
        <X>-2436.07129</X>
        <Y>-222.5382</Y>
        <Z>15.26338</Z>
      </Vector3>
      <Vector3>
        <X>-2431.502</X>
        <Y>-224.928345</Y>
        <Z>16.5668621</Z>
      </Vector3>
      <Vector3>
        <X>-2436.969</X>
        <Y>-224.299042</Y>
        <Z>16.8079376</Z>
      </Vector3>
      <Vector3>
        <X>-2436.003</X>
        <Y>-222.501541</Y>
        <Z>16.71721</Z>
      </Vector3>
    </Bounds>
    <CenterCamPosition>
      <X>0</X>
      <Y>0</Y>
    </CenterCamPosition>
    <ScreenBounds />
    <DistanceToCam>0</DistanceToCam>
    <Speed>9.621173</Speed>
    <AccInput>0</AccInput>
    <RPM>1.35798967</RPM>
    <Gear>0</Gear>
    <SteeringAngle>4.463976E-41</SteeringAngle>
    <WheelSpeed>0</WheelSpeed>
    <CarType>Sports</CarType>
  </MyCar>
  <Peds />
  <Time>278796</Time>
  <LastFrameTime>0.046920035</LastFrameTime>
  <MyProperty>0</MyProperty>
  <Weather>Foggy</Weather>
  <Steering>126</Steering>
  <Acc>137</Acc>
  <Brake>127</Brake>
  <DayTime>15:16:13</DayTime>
  <Position>
    <X>-2434.88672</X>
    <Y>-224.255356</Y>
    <Z>16.8816147</Z>
  </Position>
  <Rotation>
    <X>1.1905371</X>
    <Y>3.02864122</Y>
    <Z>61.78482</Z>
  </Rotation>
</Screenshot>