<?xml version="1.0" encoding="utf-8"?>
<Screenshot xmlns:xsd="http://www.w3.org/2001/XMLSchema" xmlns:xsi="http://www.w3.org/2001/XMLSchema-instance">
  <Cars />
  <MyCar>
    <Position>
      <X>-2433.87329</X>
      <Y>-224.847382</Y>
      <Z>15.94755</Z>
    </Position>
    <Rotation>
      <X>1.688874</X>
      <Y>2.529294</Y>
      <Z>61.7219162</Z>
    </Rotation>
    <Handle>104962</Handle>
    <Bounds>
      <Vector3>
        <X>-2432.14063</X>
        <Y>-226.978149</Y>
        <Z>15.190383</Z>
      </Vector3>
      <Vector3>
        <X>-2431.17383</X>
        <Y>-225.180954</Y>
        <Z>15.1002369</Z>
      </Vector3>
      <Vector3>
        <X>-2436.64063</X>
        <Y>-224.54982</Y>
        <Z>15.3410034</Z>
      </Vector3>
      <Vector3>
        <X>-2432.07251</X>
        <Y>-226.941925</Y>
        <Z>16.6442318</Z>
      </Vector3>
      <Vector3>
        <X>-2435.67383</X>
        <Y>-222.752625</Y>
        <Z>15.2508583</Z>
      </Vector3>
      <Vector3>
        <X>-2431.10571</X>
        <Y>-225.14473</Y>
        <Z>16.5540848</Z>
      </Vector3>
      <Vector3>
        <X>-2436.57251</X>
        <Y>-224.5136</Y>
        <Z>16.7948513</Z>
      </Vector3>
      <Vector3>
        <X>-2435.60571</X>
        <Y>-222.7164</Y>
        <Z>16.7047062</Z>
      </Vector3>
    </Bounds>
    <CenterCamPosition>
      <X>0</X>
      <Y>0</Y>
    </CenterCamPosition>
    <ScreenBounds />
    <DistanceToCam>0</DistanceToCam>
    <Speed>9.620885</Speed>
    <AccInput>0</AccInput>
    <RPM>1.35798967</RPM>
    <Gear>0</Gear>
    <SteeringAngle>4.463976E-41</SteeringAngle>
    <WheelSpeed>0</WheelSpeed>
    <CarType>Sports</CarType>
  </MyCar>
  <Peds />
  <Time>278749</Time>
  <LastFrameTime>0.0198082142</LastFrameTime>
  <MyProperty>0</MyProperty>
  <Weather>Foggy</Weather>
  <Steering>126</Steering>
  <Acc>137</Acc>
  <Brake>127</Brake>
  <DayTime>15:16:13</DayTime>
  <Position>
    <X>-2434.71924</X>
    <Y>-224.3462</Y>
    <Z>16.8761559</Z>
  </Position>
  <Rotation>
    <X>1.190705</X>
    <Y>3.02315569</Y>
    <Z>61.776825</Z>
  </Rotation>
</Screenshot>