<?xml version="1.0" encoding="utf-8"?>
<Screenshot xmlns:xsd="http://www.w3.org/2001/XMLSchema" xmlns:xsi="http://www.w3.org/2001/XMLSchema-instance">
  <Cars />
  <MyCar>
    <Position>
      <X>-2434.43579</X>
      <Y>-224.542175</Y>
      <Z>15.96594</Z>
    </Position>
    <Rotation>
      <X>1.68517387</X>
      <Y>2.54866052</Y>
      <Z>61.7481041</Z>
    </Rotation>
    <Handle>104962</Handle>
    <Bounds>
      <Vector3>
        <X>-2432.70239</X>
        <Y>-226.6724</Y>
        <Z>15.2092943</Z>
      </Vector3>
      <Vector3>
        <X>-2431.73633</X>
        <Y>-224.874786</Y>
        <Z>15.1184587</Z>
      </Vector3>
      <Vector3>
        <X>-2437.20337</X>
        <Y>-224.246078</Y>
        <Z>15.3595829</Z>
      </Vector3>
      <Vector3>
        <X>-2432.634</X>
        <Y>-226.635651</Y>
        <Z>16.6631222</Z>
      </Vector3>
      <Vector3>
        <X>-2436.23755</X>
        <Y>-222.448486</Y>
        <Z>15.2687473</Z>
      </Vector3>
      <Vector3>
        <X>-2431.668</X>
        <Y>-224.838043</Y>
        <Z>16.5722866</Z>
      </Vector3>
      <Vector3>
        <X>-2437.135</X>
        <Y>-224.209351</Y>
        <Z>16.8134117</Z>
      </Vector3>
      <Vector3>
        <X>-2436.16919</X>
        <Y>-222.411743</Y>
        <Z>16.7225761</Z>
      </Vector3>
    </Bounds>
    <CenterCamPosition>
      <X>0</X>
      <Y>0</Y>
    </CenterCamPosition>
    <ScreenBounds />
    <DistanceToCam>0</DistanceToCam>
    <Speed>9.622765</Speed>
    <AccInput>0</AccInput>
    <RPM>1.35798967</RPM>
    <Gear>0</Gear>
    <SteeringAngle>4.463976E-41</SteeringAngle>
    <WheelSpeed>0</WheelSpeed>
    <CarType>Sports</CarType>
  </MyCar>
  <Peds />
  <Time>278816</Time>
  <LastFrameTime>0.0196313411</LastFrameTime>
  <MyProperty>0</MyProperty>
  <Weather>Foggy</Weather>
  <Steering>126</Steering>
  <Acc>137</Acc>
  <Brake>127</Brake>
  <DayTime>15:16:13</DayTime>
  <Position>
    <X>-2435.2832</X>
    <Y>-224.040192</Y>
    <Z>16.8944817</Z>
  </Position>
  <Rotation>
    <X>1.1875174</X>
    <Y>3.04492354</Y>
    <Z>61.8048477</Z>
  </Rotation>
</Screenshot>