<?xml version="1.0" encoding="utf-8"?>
<Screenshot xmlns:xsd="http://www.w3.org/2001/XMLSchema" xmlns:xsi="http://www.w3.org/2001/XMLSchema-instance">
  <Cars />
  <MyCar>
    <Position>
      <X>-2434.836</X>
      <Y>-224.325424</Y>
      <Z>15.9790354</Z>
    </Position>
    <Rotation>
      <X>1.68532467</X>
      <Y>2.56355047</Y>
      <Z>61.7694969</Z>
    </Rotation>
    <Handle>104962</Handle>
    <Bounds>
      <Vector3>
        <X>-2433.10181</X>
        <Y>-226.45517</Y>
        <Z>15.2226563</Z>
      </Vector3>
      <Vector3>
        <X>-2432.13647</X>
        <Y>-224.657227</Y>
        <Z>15.13129</Z>
      </Vector3>
      <Vector3>
        <X>-2437.60376</X>
        <Y>-224.0305</Y>
        <Z>15.3729572</Z>
      </Vector3>
      <Vector3>
        <X>-2433.0332</X>
        <Y>-226.418076</Y>
        <Z>16.6764679</Z>
      </Vector3>
      <Vector3>
        <X>-2436.63843</X>
        <Y>-222.232559</Y>
        <Z>15.2815914</Z>
      </Vector3>
      <Vector3>
        <X>-2432.068</X>
        <Y>-224.620132</Y>
        <Z>16.5851021</Z>
      </Vector3>
      <Vector3>
        <X>-2437.53516</X>
        <Y>-223.993408</Y>
        <Z>16.8267689</Z>
      </Vector3>
      <Vector3>
        <X>-2436.57</X>
        <Y>-222.195465</Y>
        <Z>16.7354031</Z>
      </Vector3>
    </Bounds>
    <CenterCamPosition>
      <X>0</X>
      <Y>0</Y>
    </CenterCamPosition>
    <ScreenBounds />
    <DistanceToCam>0</DistanceToCam>
    <Speed>9.62776</Speed>
    <AccInput>0</AccInput>
    <RPM>1.35798967</RPM>
    <Gear>0</Gear>
    <SteeringAngle>4.463976E-41</SteeringAngle>
    <WheelSpeed>0</WheelSpeed>
    <CarType>Sports</CarType>
  </MyCar>
  <Peds />
  <Time>278863</Time>
  <LastFrameTime>0.04729271</LastFrameTime>
  <MyProperty>0</MyProperty>
  <Weather>Foggy</Weather>
  <Steering>126</Steering>
  <Acc>137</Acc>
  <Brake>127</Brake>
  <DayTime>15:16:13</DayTime>
  <Position>
    <X>-2435.44946</X>
    <Y>-223.950317</Y>
    <Z>16.8999157</Z>
  </Position>
  <Rotation>
    <X>1.18685317</X>
    <Y>3.04800773</Y>
    <Z>61.8112221</Z>
  </Rotation>
</Screenshot>