<?xml version="1.0" encoding="utf-8"?>
<Screenshot xmlns:xsd="http://www.w3.org/2001/XMLSchema" xmlns:xsi="http://www.w3.org/2001/XMLSchema-instance">
  <Cars />
  <MyCar>
    <Position>
      <X>-2435.00269</X>
      <Y>-224.235123</Y>
      <Z>15.9845085</Z>
    </Position>
    <Rotation>
      <X>1.68544137</X>
      <Y>2.56721282</Y>
      <Z>61.7792435</Z>
    </Rotation>
    <Handle>104962</Handle>
    <Bounds>
      <Vector3>
        <X>-2433.26831</X>
        <Y>-226.364609</Y>
        <Z>15.2281923</Z>
      </Vector3>
      <Vector3>
        <X>-2432.30322</X>
        <Y>-224.566513</Y>
        <Z>15.1366959</Z>
      </Vector3>
      <Vector3>
        <X>-2437.77051</X>
        <Y>-223.9407</Y>
        <Z>15.3785028</Z>
      </Vector3>
      <Vector3>
        <X>-2433.19971</X>
        <Y>-226.327423</Y>
        <Z>16.682</Z>
      </Vector3>
      <Vector3>
        <X>-2436.80566</X>
        <Y>-222.142609</Y>
        <Z>15.2870064</Z>
      </Vector3>
      <Vector3>
        <X>-2432.23462</X>
        <Y>-224.529327</Y>
        <Z>16.5905037</Z>
      </Vector3>
      <Vector3>
        <X>-2437.70215</X>
        <Y>-223.903519</Y>
        <Z>16.83231</Z>
      </Vector3>
      <Vector3>
        <X>-2436.737</X>
        <Y>-222.105423</Y>
        <Z>16.7408142</Z>
      </Vector3>
    </Bounds>
    <CenterCamPosition>
      <X>0</X>
      <Y>0</Y>
    </CenterCamPosition>
    <ScreenBounds />
    <DistanceToCam>0</DistanceToCam>
    <Speed>9.629463</Speed>
    <AccInput>0</AccInput>
    <RPM>1.35798967</RPM>
    <Gear>0</Gear>
    <SteeringAngle>4.463976E-41</SteeringAngle>
    <WheelSpeed>0</WheelSpeed>
    <CarType>Sports</CarType>
  </MyCar>
  <Peds />
  <Time>278883</Time>
  <LastFrameTime>0.0197011586</LastFrameTime>
  <MyProperty>0</MyProperty>
  <Weather>Foggy</Weather>
  <Steering>126</Steering>
  <Acc>137</Acc>
  <Brake>127</Brake>
  <DayTime>15:16:13</DayTime>
  <Position>
    <X>-2435.84961</X>
    <Y>-223.733719</Y>
    <Z>16.913002</Z>
  </Position>
  <Rotation>
    <X>1.1870203</X>
    <Y>3.062894</Y>
    <Z>61.8329277</Z>
  </Rotation>
</Screenshot>