<?xml version="1.0" encoding="utf-8"?>
<Screenshot xmlns:xsd="http://www.w3.org/2001/XMLSchema" xmlns:xsi="http://www.w3.org/2001/XMLSchema-instance">
  <Cars />
  <MyCar>
    <Position>
      <X>-2435.403</X>
      <Y>-224.018433</Y>
      <Z>15.9976082</Z>
    </Position>
    <Rotation>
      <X>1.68605447</X>
      <Y>2.57856727</Y>
      <Z>61.8043823</Z>
    </Rotation>
    <Handle>104962</Handle>
    <Bounds>
      <Vector3>
        <X>-2433.66772</X>
        <Y>-226.1473</Y>
        <Z>15.2414742</Z>
      </Vector3>
      <Vector3>
        <X>-2432.70361</X>
        <Y>-224.348785</Y>
        <Z>15.1495733</Z>
      </Vector3>
      <Vector3>
        <X>-2438.17114</X>
        <Y>-223.725342</Y>
        <Z>15.3918381</Z>
      </Vector3>
      <Vector3>
        <X>-2433.599</X>
        <Y>-226.109833</Y>
        <Z>16.6952686</Z>
      </Vector3>
      <Vector3>
        <X>-2437.207</X>
        <Y>-221.926819</Y>
        <Z>15.2999372</Z>
      </Vector3>
      <Vector3>
        <X>-2432.63477</X>
        <Y>-224.31131</Y>
        <Z>16.6033669</Z>
      </Vector3>
      <Vector3>
        <X>-2438.10254</X>
        <Y>-223.687866</Y>
        <Z>16.8456326</Z>
      </Vector3>
      <Vector3>
        <X>-2437.13818</X>
        <Y>-221.889359</Y>
        <Z>16.75373</Z>
      </Vector3>
    </Bounds>
    <CenterCamPosition>
      <X>0</X>
      <Y>0</Y>
    </CenterCamPosition>
    <ScreenBounds />
    <DistanceToCam>0</DistanceToCam>
    <Speed>9.632998</Speed>
    <AccInput>0</AccInput>
    <RPM>1.35798967</RPM>
    <Gear>0</Gear>
    <SteeringAngle>4.463976E-41</SteeringAngle>
    <WheelSpeed>0</WheelSpeed>
    <CarType>Sports</CarType>
  </MyCar>
  <Peds />
  <Time>278930</Time>
  <LastFrameTime>0.0472896062</LastFrameTime>
  <MyProperty>0</MyProperty>
  <Weather>Foggy</Weather>
  <Steering>126</Steering>
  <Acc>137</Acc>
  <Brake>127</Brake>
  <DayTime>15:16:13</DayTime>
  <Position>
    <X>-2436.01636</X>
    <Y>-223.643539</Y>
    <Z>16.9184761</Z>
  </Position>
  <Rotation>
    <X>1.18714142</X>
    <Y>3.0665555</Y>
    <Z>61.8427544</Z>
  </Rotation>
</Screenshot>