<?xml version="1.0" encoding="utf-8"?>
<Screenshot xmlns:xsd="http://www.w3.org/2001/XMLSchema" xmlns:xsi="http://www.w3.org/2001/XMLSchema-instance">
  <Cars />
  <MyCar>
    <Position>
      <X>-2435.69556</X>
      <Y>-223.860336</Y>
      <Z>16.0071087</Z>
    </Position>
    <Rotation>
      <X>1.68146133</X>
      <Y>2.58424044</Y>
      <Z>61.82307</Z>
    </Rotation>
    <Handle>104962</Handle>
    <Bounds>
      <Vector3>
        <X>-2433.95947</X>
        <Y>-225.988724</Y>
        <Z>15.2512817</Z>
      </Vector3>
      <Vector3>
        <X>-2432.99585</X>
        <Y>-224.1899</Y>
        <Z>15.15918</Z>
      </Vector3>
      <Vector3>
        <X>-2438.46362</X>
        <Y>-223.568222</Y>
        <Z>15.4012356</Z>
      </Vector3>
      <Vector3>
        <X>-2433.89087</X>
        <Y>-225.95105</Y>
        <Z>16.7050743</Z>
      </Vector3>
      <Vector3>
        <X>-2437.50024</X>
        <Y>-221.769409</Y>
        <Z>15.3091326</Z>
      </Vector3>
      <Vector3>
        <X>-2432.92725</X>
        <Y>-224.152237</Y>
        <Z>16.61297</Z>
      </Vector3>
      <Vector3>
        <X>-2438.395</X>
        <Y>-223.530563</Y>
        <Z>16.8550262</Z>
      </Vector3>
      <Vector3>
        <X>-2437.4314</X>
        <Y>-221.731735</Y>
        <Z>16.7629242</Z>
      </Vector3>
    </Bounds>
    <CenterCamPosition>
      <X>0</X>
      <Y>0</Y>
    </CenterCamPosition>
    <ScreenBounds />
    <DistanceToCam>0</DistanceToCam>
    <Speed>9.635213</Speed>
    <AccInput>0</AccInput>
    <RPM>1.35798967</RPM>
    <Gear>0</Gear>
    <SteeringAngle>4.463976E-41</SteeringAngle>
    <WheelSpeed>0</WheelSpeed>
    <CarType>Sports</CarType>
  </MyCar>
  <Peds />
  <Time>278965</Time>
  <LastFrameTime>0.034510076</LastFrameTime>
  <MyProperty>0</MyProperty>
  <Weather>Foggy</Weather>
  <Steering>126</Steering>
  <Acc>137</Acc>
  <Brake>127</Brake>
  <DayTime>15:16:13</DayTime>
  <Position>
    <X>-2436.417</X>
    <Y>-223.427139</Y>
    <Z>16.93158</Z>
  </Position>
  <Rotation>
    <X>1.187768</X>
    <Y>3.077907</Y>
    <Z>61.8681564</Z>
  </Rotation>
</Screenshot>