<?xml version="1.0" encoding="utf-8"?>
<Screenshot xmlns:xsd="http://www.w3.org/2001/XMLSchema" xmlns:xsi="http://www.w3.org/2001/XMLSchema-instance">
  <Cars />
  <MyCar>
    <Position>
      <X>-2435.843</X>
      <Y>-223.7805</Y>
      <Z>16.0119</Z>
    </Position>
    <Rotation>
      <X>1.67902613</X>
      <Y>2.58725214</Y>
      <Z>61.8325729</Z>
    </Rotation>
    <Handle>104962</Handle>
    <Bounds>
      <Vector3>
        <X>-2434.10669</X>
        <Y>-225.908646</Y>
        <Z>15.256237</Z>
      </Vector3>
      <Vector3>
        <X>-2433.14331</X>
        <Y>-224.109665</Y>
        <Z>15.1640263</Z>
      </Vector3>
      <Vector3>
        <X>-2438.61133</X>
        <Y>-223.488892</Y>
        <Z>15.4059725</Z>
      </Vector3>
      <Vector3>
        <X>-2434.038</X>
        <Y>-225.870865</Y>
        <Z>16.7100258</Z>
      </Vector3>
      <Vector3>
        <X>-2437.648</X>
        <Y>-221.689926</Y>
        <Z>15.3137627</Z>
      </Vector3>
      <Vector3>
        <X>-2433.07471</X>
        <Y>-224.0719</Y>
        <Z>16.6178169</Z>
      </Vector3>
      <Vector3>
        <X>-2438.54272</X>
        <Y>-223.451126</Y>
        <Z>16.8597622</Z>
      </Vector3>
      <Vector3>
        <X>-2437.57935</X>
        <Y>-221.652145</Y>
        <Z>16.7675514</Z>
      </Vector3>
    </Bounds>
    <CenterCamPosition>
      <X>0</X>
      <Y>0</Y>
    </CenterCamPosition>
    <ScreenBounds />
    <DistanceToCam>0</DistanceToCam>
    <Speed>9.63618</Speed>
    <AccInput>0</AccInput>
    <RPM>1.35798967</RPM>
    <Gear>0</Gear>
    <SteeringAngle>4.463976E-41</SteeringAngle>
    <WheelSpeed>0</WheelSpeed>
    <CarType>Sports</CarType>
  </MyCar>
  <Peds />
  <Time>278982</Time>
  <LastFrameTime>0.0174300484</LastFrameTime>
  <MyProperty>0</MyProperty>
  <Weather>Foggy</Weather>
  <Steering>126</Steering>
  <Acc>137</Acc>
  <Brake>127</Brake>
  <DayTime>15:16:13</DayTime>
  <Position>
    <X>-2436.70972</X>
    <Y>-223.269257</Y>
    <Z>16.94098</Z>
  </Position>
  <Rotation>
    <X>1.18317473</X>
    <Y>3.083584</Y>
    <Z>61.8867226</Z>
  </Rotation>
</Screenshot>