<?xml version="1.0" encoding="utf-8"?>
<Screenshot xmlns:xsd="http://www.w3.org/2001/XMLSchema" xmlns:xsi="http://www.w3.org/2001/XMLSchema-instance">
  <Cars />
  <MyCar>
    <Position>
      <X>-2436.246</X>
      <Y>-223.562958</Y>
      <Z>16.0249672</Z>
    </Position>
    <Rotation>
      <X>1.6711359</X>
      <Y>2.5973022</Y>
      <Z>61.8631172</Z>
    </Rotation>
    <Handle>104962</Handle>
    <Bounds>
      <Vector3>
        <X>-2434.50854</X>
        <Y>-225.690323</Y>
        <Z>15.2698383</Z>
      </Vector3>
      <Vector3>
        <X>-2433.54614</X>
        <Y>-223.890854</Y>
        <Z>15.17727</Z>
      </Vector3>
      <Vector3>
        <X>-2439.0144</X>
        <Y>-223.27298</Y>
        <Z>15.418869</Z>
      </Vector3>
      <Vector3>
        <X>-2434.44</X>
        <Y>-225.652191</Y>
        <Z>16.7236214</Z>
      </Vector3>
      <Vector3>
        <X>-2438.052</X>
        <Y>-221.473511</Y>
        <Z>15.3263016</Z>
      </Vector3>
      <Vector3>
        <X>-2433.47754</X>
        <Y>-223.852722</Y>
        <Z>16.6310539</Z>
      </Vector3>
      <Vector3>
        <X>-2438.9458</X>
        <Y>-223.234848</Y>
        <Z>16.872654</Z>
      </Vector3>
      <Vector3>
        <X>-2437.98364</X>
        <Y>-221.435379</Y>
        <Z>16.7800846</Z>
      </Vector3>
    </Bounds>
    <CenterCamPosition>
      <X>0</X>
      <Y>0</Y>
    </CenterCamPosition>
    <ScreenBounds />
    <DistanceToCam>0</DistanceToCam>
    <Speed>9.63837</Speed>
    <AccInput>0</AccInput>
    <RPM>1.35798967</RPM>
    <Gear>0</Gear>
    <SteeringAngle>4.463976E-41</SteeringAngle>
    <WheelSpeed>0</WheelSpeed>
    <CarType>Sports</CarType>
  </MyCar>
  <Peds />
  <Time>279030</Time>
  <LastFrameTime>0.04754623</LastFrameTime>
  <MyProperty>0</MyProperty>
  <Weather>Foggy</Weather>
  <Steering>124</Steering>
  <Acc>137</Acc>
  <Brake>127</Brake>
  <DayTime>15:16:13</DayTime>
  <Position>
    <X>-2436.85718</X>
    <Y>-223.189529</Y>
    <Z>16.94572</Z>
  </Position>
  <Rotation>
    <X>1.18073916</X>
    <Y>3.086598</Y>
    <Z>61.89616</Z>
  </Rotation>
</Screenshot>