<?xml version="1.0" encoding="utf-8"?>
<Screenshot xmlns:xsd="http://www.w3.org/2001/XMLSchema" xmlns:xsi="http://www.w3.org/2001/XMLSchema-instance">
  <Cars />
  <MyCar>
    <Position>
      <X>-2436.81445</X>
      <Y>-223.257</Y>
      <Z>16.0434132</Z>
    </Position>
    <Rotation>
      <X>1.66393876</X>
      <Y>2.6121347</Y>
      <Z>61.91737</Z>
    </Rotation>
    <Handle>104962</Handle>
    <Bounds>
      <Vector3>
        <X>-2435.075</X>
        <Y>-225.382935</Y>
        <Z>15.2888756</Z>
      </Vector3>
      <Vector3>
        <X>-2434.11426</X>
        <Y>-223.582565</Y>
        <Z>15.1957788</Z>
      </Vector3>
      <Vector3>
        <X>-2439.583</X>
        <Y>-222.969833</Y>
        <Z>15.4372635</Z>
      </Vector3>
      <Vector3>
        <X>-2435.00635</X>
        <Y>-225.344315</Y>
        <Z>16.7426472</Z>
      </Vector3>
      <Vector3>
        <X>-2438.62256</X>
        <Y>-221.169479</Y>
        <Z>15.3441677</Z>
      </Vector3>
      <Vector3>
        <X>-2434.04565</X>
        <Y>-223.543961</Y>
        <Z>16.6495514</Z>
      </Vector3>
      <Vector3>
        <X>-2439.51465</X>
        <Y>-222.931229</Y>
        <Z>16.8910351</Z>
      </Vector3>
      <Vector3>
        <X>-2438.554</X>
        <Y>-221.130859</Y>
        <Z>16.79794</Z>
      </Vector3>
    </Bounds>
    <CenterCamPosition>
      <X>0</X>
      <Y>0</Y>
    </CenterCamPosition>
    <ScreenBounds />
    <DistanceToCam>0</DistanceToCam>
    <Speed>9.640792</Speed>
    <AccInput>0</AccInput>
    <RPM>1.35798967</RPM>
    <Gear>0</Gear>
    <SteeringAngle>4.463976E-41</SteeringAngle>
    <WheelSpeed>0</WheelSpeed>
    <CarType>Sports</CarType>
  </MyCar>
  <Peds />
  <Time>279097</Time>
  <LastFrameTime>0.04798996</LastFrameTime>
  <MyProperty>0</MyProperty>
  <Weather>Foggy</Weather>
  <Steering>124</Steering>
  <Acc>137</Acc>
  <Brake>127</Brake>
  <DayTime>15:16:13</DayTime>
  <Position>
    <X>-2437.42188</X>
    <Y>-222.885651</Y>
    <Z>16.9638176</Z>
  </Position>
  <Rotation>
    <X>1.17103028</X>
    <Y>3.09961748</Y>
    <Z>61.93995</Z>
  </Rotation>
</Screenshot>