<?xml version="1.0" encoding="utf-8"?>
<Screenshot xmlns:xsd="http://www.w3.org/2001/XMLSchema" xmlns:xsi="http://www.w3.org/2001/XMLSchema-instance">
  <Cars />
  <MyCar>
    <Position>
      <X>-2436.40723</X>
      <Y>-223.476089</Y>
      <Z>16.0302048</Z>
    </Position>
    <Rotation>
      <X>1.66931689</X>
      <Y>2.600264</Y>
      <Z>61.87662</Z>
    </Rotation>
    <Handle>104962</Handle>
    <Bounds>
      <Vector3>
        <X>-2434.66919</X>
        <Y>-225.603088</Y>
        <Z>15.27521</Z>
      </Vector3>
      <Vector3>
        <X>-2433.70728</X>
        <Y>-223.803391</Y>
        <Z>15.1825371</Z>
      </Vector3>
      <Vector3>
        <X>-2439.17554</X>
        <Y>-223.1868</Y>
        <Z>15.42408</Z>
      </Vector3>
      <Vector3>
        <X>-2434.60059</X>
        <Y>-225.56485</Y>
        <Z>16.7289925</Z>
      </Vector3>
      <Vector3>
        <X>-2438.21387</X>
        <Y>-221.387115</Y>
        <Z>15.3314056</Z>
      </Vector3>
      <Vector3>
        <X>-2433.63867</X>
        <Y>-223.765167</Y>
        <Z>16.6363182</Z>
      </Vector3>
      <Vector3>
        <X>-2439.10718</X>
        <Y>-223.148575</Y>
        <Z>16.877861</Z>
      </Vector3>
      <Vector3>
        <X>-2438.14526</X>
        <Y>-221.348877</Y>
        <Z>16.7851887</Z>
      </Vector3>
    </Bounds>
    <CenterCamPosition>
      <X>0</X>
      <Y>0</Y>
    </CenterCamPosition>
    <ScreenBounds />
    <DistanceToCam>0</DistanceToCam>
    <Speed>9.6391</Speed>
    <AccInput>0</AccInput>
    <RPM>1.35798967</RPM>
    <Gear>0</Gear>
    <SteeringAngle>4.463976E-41</SteeringAngle>
    <WheelSpeed>0</WheelSpeed>
    <CarType>Sports</CarType>
  </MyCar>
  <Peds />
  <Time>279049</Time>
  <LastFrameTime>0.0189983211</LastFrameTime>
  <MyProperty>0</MyProperty>
  <Weather>Foggy</Weather>
  <Steering>124</Steering>
  <Acc>137</Acc>
  <Brake>127</Brake>
  <DayTime>15:16:13</DayTime>
  <Position>
    <X>-2437.26074</X>
    <Y>-222.972336</Y>
    <Z>16.95862</Z>
  </Position>
  <Rotation>
    <X>1.17284882</X>
    <Y>3.09665418</Y>
    <Z>61.92647</Z>
  </Rotation>
</Screenshot>