<?xml version="1.0" encoding="utf-8"?>
<Screenshot xmlns:xsd="http://www.w3.org/2001/XMLSchema" xmlns:xsi="http://www.w3.org/2001/XMLSchema-instance">
  <Cars />
  <MyCar>
    <Position>
      <X>-2437.38062</X>
      <Y>-222.953369</Y>
      <Z>16.0618439</Z>
    </Position>
    <Rotation>
      <X>1.65452206</X>
      <Y>2.61727142</Y>
      <Z>61.9873428</Z>
    </Rotation>
    <Handle>104962</Handle>
    <Bounds>
      <Vector3>
        <X>-2435.63818</X>
        <Y>-225.077271</Y>
        <Z>15.3078175</Z>
      </Vector3>
      <Vector3>
        <X>-2434.68</X>
        <Y>-223.275757</Y>
        <Z>15.2145386</Z>
      </Vector3>
      <Vector3>
        <X>-2440.14941</X>
        <Y>-222.6697</Y>
        <Z>15.4553652</Z>
      </Vector3>
      <Vector3>
        <X>-2435.57</X>
        <Y>-225.038345</Y>
        <Z>16.761591</Z>
      </Vector3>
      <Vector3>
        <X>-2439.19116</X>
        <Y>-220.868179</Y>
        <Z>15.3620863</Z>
      </Vector3>
      <Vector3>
        <X>-2434.61157</X>
        <Y>-223.236832</Y>
        <Z>16.6683121</Z>
      </Vector3>
      <Vector3>
        <X>-2440.0813</X>
        <Y>-222.630768</Y>
        <Z>16.9091377</Z>
      </Vector3>
      <Vector3>
        <X>-2439.1228</X>
        <Y>-220.829239</Y>
        <Z>16.8158588</Z>
      </Vector3>
    </Bounds>
    <CenterCamPosition>
      <X>0</X>
      <Y>0</Y>
    </CenterCamPosition>
    <ScreenBounds />
    <DistanceToCam>0</DistanceToCam>
    <Speed>9.642331</Speed>
    <AccInput>0</AccInput>
    <RPM>1.35798967</RPM>
    <Gear>0</Gear>
    <SteeringAngle>4.463976E-41</SteeringAngle>
    <WheelSpeed>0</WheelSpeed>
    <CarType>Sports</CarType>
  </MyCar>
  <Peds />
  <Time>279163</Time>
  <LastFrameTime>0.06666667</LastFrameTime>
  <MyProperty>0</MyProperty>
  <Weather>Foggy</Weather>
  <Steering>124</Steering>
  <Acc>137</Acc>
  <Brake>127</Brake>
  <DayTime>15:16:13</DayTime>
  <Position>
    <X>-2437.82959</X>
    <Y>-222.667084</Y>
    <Z>16.9769077</Z>
  </Position>
  <Rotation>
    <X>1.1656574</X>
    <Y>3.11149216</Y>
    <Z>61.98065</Z>
  </Rotation>
</Screenshot>