<?xml version="1.0" encoding="utf-8"?>
<Screenshot xmlns:xsd="http://www.w3.org/2001/XMLSchema" xmlns:xsi="http://www.w3.org/2001/XMLSchema-instance">
  <Cars />
  <MyCar>
    <Position>
      <X>-2438.07544</X>
      <Y>-222.582779</Y>
      <Z>16.0844727</Z>
    </Position>
    <Rotation>
      <X>1.646868</X>
      <Y>2.62697029</Y>
      <Z>62.0994263</Z>
    </Rotation>
    <Handle>104962</Handle>
    <Bounds>
      <Vector3>
        <X>-2436.32886</X>
        <Y>-224.70343</Y>
        <Z>15.3309631</Z>
      </Vector3>
      <Vector3>
        <X>-2435.374</X>
        <Y>-222.90004</Y>
        <Z>15.237339</Z>
      </Vector3>
      <Vector3>
        <X>-2440.845</X>
        <Y>-222.304672</Y>
        <Z>15.477828</Z>
      </Vector3>
      <Vector3>
        <X>-2436.26074</X>
        <Y>-224.664047</Y>
        <Z>16.78473</Z>
      </Vector3>
      <Vector3>
        <X>-2439.89014</X>
        <Y>-220.501282</Y>
        <Z>15.384203</Z>
      </Vector3>
      <Vector3>
        <X>-2435.306</X>
        <Y>-222.860672</Y>
        <Z>16.6911068</Z>
      </Vector3>
      <Vector3>
        <X>-2440.77661</X>
        <Y>-222.2653</Y>
        <Z>16.9315948</Z>
      </Vector3>
      <Vector3>
        <X>-2439.82178</X>
        <Y>-220.461914</Y>
        <Z>16.83797</Z>
      </Vector3>
    </Bounds>
    <CenterCamPosition>
      <X>0</X>
      <Y>0</Y>
    </CenterCamPosition>
    <ScreenBounds />
    <DistanceToCam>0</DistanceToCam>
    <Speed>9.643448</Speed>
    <AccInput>0</AccInput>
    <RPM>1.35798967</RPM>
    <Gear>0</Gear>
    <SteeringAngle>4.463976E-41</SteeringAngle>
    <WheelSpeed>0</WheelSpeed>
    <CarType>Sports</CarType>
  </MyCar>
  <Peds />
  <Time>279245</Time>
  <LastFrameTime>0.0329269059</LastFrameTime>
  <MyProperty>0</MyProperty>
  <Weather>Foggy</Weather>
  <Steering>123</Steering>
  <Acc>137</Acc>
  <Brake>127</Brake>
  <DayTime>15:16:13</DayTime>
  <Position>
    <X>-2438.81177</X>
    <Y>-222.144119</Y>
    <Z>17.0085316</Z>
  </Position>
  <Rotation>
    <X>1.15183711</X>
    <Y>3.123611</Y>
    <Z>62.113224</Z>
  </Rotation>
</Screenshot>