<?xml version="1.0" encoding="utf-8"?>
<Screenshot xmlns:xsd="http://www.w3.org/2001/XMLSchema" xmlns:xsi="http://www.w3.org/2001/XMLSchema-instance">
  <Cars />
  <MyCar>
    <Position>
      <X>-2437.79517</X>
      <Y>-222.731949</Y>
      <Z>16.0753288</Z>
    </Position>
    <Rotation>
      <X>1.65012574</X>
      <Y>2.624241</Y>
      <Z>62.050457</Z>
    </Rotation>
    <Handle>104962</Handle>
    <Bounds>
      <Vector3>
        <X>-2436.05054</X>
        <Y>-224.854034</Y>
        <Z>15.3216257</Z>
      </Vector3>
      <Vector3>
        <X>-2435.094</X>
        <Y>-223.051468</Y>
        <Z>15.2280979</Z>
      </Vector3>
      <Vector3>
        <X>-2440.56445</X>
        <Y>-222.451431</Y>
        <Z>15.4687805</Z>
      </Vector3>
      <Vector3>
        <X>-2435.98218</X>
        <Y>-224.814835</Y>
        <Z>16.7753944</Z>
      </Vector3>
      <Vector3>
        <X>-2439.608</X>
        <Y>-220.648849</Y>
        <Z>15.3752527</Z>
      </Vector3>
      <Vector3>
        <X>-2435.026</X>
        <Y>-223.012253</Y>
        <Z>16.6818657</Z>
      </Vector3>
      <Vector3>
        <X>-2440.496</X>
        <Y>-222.412216</Y>
        <Z>16.9225483</Z>
      </Vector3>
      <Vector3>
        <X>-2439.53979</X>
        <Y>-220.60965</Y>
        <Z>16.8290215</Z>
      </Vector3>
    </Bounds>
    <CenterCamPosition>
      <X>0</X>
      <Y>0</Y>
    </CenterCamPosition>
    <ScreenBounds />
    <DistanceToCam>0</DistanceToCam>
    <Speed>9.643082</Speed>
    <AccInput>0</AccInput>
    <RPM>1.35798967</RPM>
    <Gear>0</Gear>
    <SteeringAngle>4.463976E-41</SteeringAngle>
    <WheelSpeed>0</WheelSpeed>
    <CarType>Sports</CarType>
  </MyCar>
  <Peds />
  <Time>279212</Time>
  <LastFrameTime>0.0487567224</LastFrameTime>
  <MyProperty>0</MyProperty>
  <Weather>Foggy</Weather>
  <Steering>123</Steering>
  <Acc>137</Acc>
  <Brake>127</Brake>
  <DayTime>15:16:13</DayTime>
  <Position>
    <X>-2438.39673</X>
    <Y>-222.364548</Y>
    <Z>16.995142</Z>
  </Position>
  <Rotation>
    <X>1.15623236</X>
    <Y>3.11663771</Y>
    <Z>62.05021</Z>
  </Rotation>
</Screenshot>